Log file open, 10/15/19 17:12:18
LogWindows: Failed to load 'aqProf.dll' (GetLastError=126)
LogWindows: File 'aqProf.dll' does not exist
LogWindows: Failed to load 'VtuneApi.dll' (GetLastError=126)
LogWindows: File 'VtuneApi.dll' does not exist
LogWindows: Failed to load 'VtuneApi32e.dll' (GetLastError=126)
LogWindows: File 'VtuneApi32e.dll' does not exist
LogConsoleResponse: Display: Failed to find resolution value strings in scalability ini. Falling back to default.
LogInit: Display: Running engine for game: Systems_Sandbox
LogPakFile: Registered encryption key '00000000000000000000000000000000': 0 pak files mounted, 0 remain pending
LogPlatformFile: Not using cached read wrapper
LogTaskGraph: Started task graph with 5 named threads and 23 total threads with 3 sets of task threads.
LogStats: Stats thread started at 0.286849
LogD3D11RHI: Loaded GFSDK_Aftermath_Lib.x64.dll
LogICUInternationalization: ICU TimeZone Detection - Raw Offset: -8:00, Platform Override: ''
LogPluginManager: Mounting plugin Paper2D
LogPluginManager: Mounting plugin AISupport
LogPluginManager: Mounting plugin LightPropagationVolume
LogPluginManager: Mounting plugin ActorLayerUtilities
LogPluginManager: Mounting plugin AnimationSharing
LogPluginManager: Mounting plugin CLionSourceCodeAccess
LogPluginManager: Mounting plugin CodeLiteSourceCodeAccess
LogPluginManager: Mounting plugin GitSourceControl
LogPluginManager: Mounting plugin KDevelopSourceCodeAccess
LogPluginManager: Mounting plugin NullSourceCodeAccess
LogPluginManager: Mounting plugin PerforceSourceControl
LogPluginManager: Mounting plugin SubversionSourceControl
LogPluginManager: Mounting plugin UObjectPlugin
LogPluginManager: Mounting plugin VisualStudioCodeSourceCodeAccess
LogPluginManager: Mounting plugin VisualStudioSourceCodeAccess
LogPluginManager: Mounting plugin XCodeSourceCodeAccess
LogPluginManager: Mounting plugin AssetManagerEditor
LogPluginManager: Mounting plugin CryptoKeys
LogPluginManager: Mounting plugin DataValidation
LogPluginManager: Mounting plugin FacialAnimation
LogPluginManager: Mounting plugin GameplayTagsEditor
LogPluginManager: Mounting plugin MacGraphicsSwitching
LogPluginManager: Mounting plugin MaterialAnalyzer
LogPluginManager: Mounting plugin MobileLauncherProfileWizard
LogPluginManager: Mounting plugin PluginBrowser
LogPluginManager: Mounting plugin SpeedTreeImporter
LogPluginManager: Mounting plugin DatasmithContent
LogPluginManager: Mounting plugin VariantManagerContent
LogPluginManager: Mounting plugin AlembicImporter
LogPluginManager: Mounting plugin AppleImageUtils
LogPluginManager: Mounting plugin AppleVision
LogPluginManager: Mounting plugin BackChannel
LogPluginManager: Mounting plugin CharacterAI
LogPluginManager: Mounting plugin GeometryCache
LogPluginManager: Mounting plugin HTML5Networking
LogPluginManager: Mounting plugin ProxyLODPlugin
LogPluginManager: Mounting plugin SkeletalReduction
LogPluginManager: Mounting plugin MagicLeap
LogPluginManager: Mounting plugin MagicLeapMedia
LogPluginManager: Mounting plugin AndroidMedia
LogPluginManager: Mounting plugin AvfMedia
LogPluginManager: Mounting plugin ImgMedia
LogPluginManager: Mounting plugin LinearTimecode
LogPluginManager: Mounting plugin MediaCompositing
LogPluginManager: Mounting plugin MediaPlayerEditor
LogPluginManager: Mounting plugin WebMMedia
LogPluginManager: Mounting plugin WmfMedia
LogPluginManager: Mounting plugin TcpMessaging
LogPluginManager: Mounting plugin UdpMessaging
LogPluginManager: Mounting plugin ActorSequence
LogPluginManager: Mounting plugin LevelSequenceEditor
LogPluginManager: Mounting plugin MatineeToLevelSequence
LogPluginManager: Mounting plugin NetcodeUnitTest
LogPluginManager: Mounting plugin NUTUnrealEngine4
LogPluginManager: Mounting plugin OnlineSubsystemGooglePlay
LogPluginManager: Mounting plugin OnlineSubsystemIOS
LogPluginManager: Mounting plugin OnlineSubsystem
LogPluginManager: Mounting plugin OnlineSubsystemNull
LogPluginManager: Mounting plugin OnlineSubsystemUtils
LogPluginManager: Mounting plugin LauncherChunkInstaller
LogPluginManager: Mounting plugin AndroidDeviceProfileSelector
LogPluginManager: Mounting plugin AndroidMoviePlayer
LogPluginManager: Mounting plugin AndroidPermission
LogPluginManager: Mounting plugin AppleMoviePlayer
LogPluginManager: Mounting plugin ArchVisCharacter
LogPluginManager: Mounting plugin AudioCapture
LogPluginManager: Mounting plugin CableComponent
LogPluginManager: Mounting plugin CustomMeshComponent
LogPluginManager: Mounting plugin EditableMesh
LogPluginManager: Mounting plugin ExampleDeviceProfileSelector
LogPluginManager: Mounting plugin Firebase
LogPluginManager: Mounting plugin GoogleCloudMessaging
LogPluginManager: Mounting plugin IOSDeviceProfileSelector
LogPluginManager: Mounting plugin LinuxDeviceProfileSelector
LogPluginManager: Mounting plugin LocationServicesBPLibrary
LogPluginManager: Mounting plugin MobilePatchingUtils
LogPluginManager: Mounting plugin OculusVR
LogPluginManager: Mounting plugin PhysXVehicles
LogPluginManager: Mounting plugin ProceduralMeshComponent
LogPluginManager: Mounting plugin RuntimePhysXCooking
LogPluginManager: Mounting plugin SignificanceManager
LogPluginManager: Mounting plugin SteamVR
LogPluginManager: Mounting plugin WebMMoviePlayer
LogPluginManager: Mounting plugin WindowsMoviePlayer
LogInit: Using libcurl 7.55.1-DEV
LogInit:  - built for x86_64-pc-win32
LogInit:  - supports SSL with OpenSSL/1.1.1
LogInit:  - supports HTTP deflate (compression) using libz 1.2.8
LogInit:  - other features:
LogInit:      CURL_VERSION_SSL
LogInit:      CURL_VERSION_LIBZ
LogInit:      CURL_VERSION_IPV6
LogInit:      CURL_VERSION_ASYNCHDNS
LogInit:      CURL_VERSION_LARGEFILE
LogInit:      CURL_VERSION_IDN
LogInit:  CurlRequestOptions (configurable via config and command line):
LogInit:  - bVerifyPeer = true  - Libcurl will verify peer certificate
LogInit:  - bUseHttpProxy = false  - Libcurl will NOT use HTTP proxy
LogInit:  - bDontReuseConnections = false  - Libcurl will reuse connections
LogInit:  - MaxHostConnections = 16  - Libcurl will limit the number of connections to a host
LogInit:  - LocalHostAddr = Default
LogInit:  - BufferSize = 65536
LogInit: WinSock: version 1.1 (2.2), MaxSocks=32767, MaxUdp=65467
LogInit: Build: ++UE4+Release-4.22-CL-7053642
LogInit: Engine Version: 4.22.3-7053642+++UE4+Release-4.22
LogInit: Compatible Engine Version: 4.22.0-5660361+++UE4+Release-4.22
LogInit: Net CL: 5660361
LogInit: OS: Windows 10 (Release 1903) (), CPU: Intel(R) Core(TM) i7-7700HQ CPU @ 2.80GHz, GPU: Intel(R) HD Graphics 630
LogInit: Compiled (64-bit): Jun 18 2019 03:09:11
LogInit: Compiled with Visual C++: 19.16.27025.01
LogInit: Build Configuration: Development
LogInit: Branch Name: ++UE4+Release-4.22
LogInit: Command Line: 
LogInit: Base Directory: D:/EpicGames/UE_4.22/Engine/Binaries/Win64/
LogInit: Installed Engine Build: 1
LogDevObjectVersion: Number of dev versions registered: 23
LogDevObjectVersion:   Dev-Blueprints (B0D832E4-1F89-4F0D-ACCF-7EB736FD4AA2): 10
LogDevObjectVersion:   Dev-Build (E1C64328-A22C-4D53-A36C-8E866417BD8C): 0
LogDevObjectVersion:   Dev-Core (375EC13C-06E4-48FB-B500-84F0262A717E): 3
LogDevObjectVersion:   Dev-Editor (E4B068ED-F494-42E9-A231-DA0B2E46BB41): 30
LogDevObjectVersion:   Dev-Framework (CFFC743F-43B0-4480-9391-14DF171D2073): 35
LogDevObjectVersion:   Dev-Mobile (B02B49B5-BB20-44E9-A304-32B752E40360): 2
LogDevObjectVersion:   Dev-Networking (A4E4105C-59A1-49B5-A7C5-40C4547EDFEE): 0
LogDevObjectVersion:   Dev-Online (39C831C9-5AE6-47DC-9A44-9C173E1C8E7C): 0
LogDevObjectVersion:   Dev-Physics (78F01B33-EBEA-4F98-B9B4-84EACCB95AA2): 0
LogDevObjectVersion:   Dev-Platform (6631380F-2D4D-43E0-8009-CF276956A95A): 0
LogDevObjectVersion:   Dev-Rendering (12F88B9F-8875-4AFC-A67C-D90C383ABD29): 28
LogDevObjectVersion:   Dev-Sequencer (7B5AE74C-D270-4C10-A958-57980B212A5A): 11
LogDevObjectVersion:   Dev-VR (D7296918-1DD6-4BDD-9DE2-64A83CC13884): 2
LogDevObjectVersion:   Dev-LoadTimes (C2A15278-BFE7-4AFE-6C17-90FF531DF755): 1
LogDevObjectVersion:   Private-Geometry (6EACA3D4-40EC-4CC1-B786-8BED09428FC5): 3
LogDevObjectVersion:   Dev-AnimPhys (29E575DD-E0A3-4627-9D10-D276232CDCEA): 17
LogDevObjectVersion:   Dev-Anim (AF43A65D-7FD3-4947-9873-3E8ED9C1BB05): 2
LogDevObjectVersion:   Dev-ReflectionCapture (6B266CEC-1EC7-4B8F-A30B-E4D90942FC07): 1
LogDevObjectVersion:   Dev-Automation (0DF73D61-A23F-47EA-B727-89E90C41499A): 1
LogDevObjectVersion:   FortniteMain (601D1886-AC64-4F84-AA16-D3DE0DEAC7D6): 25
LogDevObjectVersion:   Dev-Enterprise (9DFFBCD6-494F-0158-E221-12823C92A888): 6
LogDevObjectVersion:   Dev-Niagara (F2AED0AC-9AFE-416F-8664-AA7FFA26D6FC): 1
LogDevObjectVersion:   Dev-Destruction (174F1F0B-B4C6-45A5-B13F-2EE8D0FB917D): 2
LogInit: Presizing for max 16777216 objects, including 0 objects not considered by GC, pre-allocating 0 bytes for permanent pool.
LogInit: Object subsystem initialized
LogConfig: Setting CVar [[con.DebugEarlyDefault:1]]
LogConfig: Setting CVar [[r.setres:1280x720]]
[2019.10.16-00.12.18:641][  0]LogConfig: Setting CVar [[r.VSync:0]]
[2019.10.16-00.12.18:641][  0]LogConfig: Setting CVar [[r.RHICmdBypass:0]]
[2019.10.16-00.12.18:641][  0]LogConfig: Applying CVar settings from Section [/Script/Engine.RendererSettings] File [C:/Users/danny/Desktop/Systems_Sandbox/Systems_Sandbox/Saved/Config/Windows/Engine.ini]
[2019.10.16-00.12.18:641][  0]LogConfig: Setting CVar [[r.GPUCrashDebugging:0]]
[2019.10.16-00.12.18:641][  0]LogConfig: Applying CVar settings from Section [/Script/Engine.RendererOverrideSettings] File [C:/Users/danny/Desktop/Systems_Sandbox/Systems_Sandbox/Saved/Config/Windows/Engine.ini]
[2019.10.16-00.12.18:641][  0]LogConfig: Applying CVar settings from Section [/Script/Engine.StreamingSettings] File [C:/Users/danny/Desktop/Systems_Sandbox/Systems_Sandbox/Saved/Config/Windows/Engine.ini]
[2019.10.16-00.12.18:641][  0]LogConfig: Setting CVar [[s.MinBulkDataSizeForAsyncLoading:131072]]
[2019.10.16-00.12.18:641][  0]LogConfig: Setting CVar [[s.AsyncLoadingThreadEnabled:0]]
[2019.10.16-00.12.18:641][  0]LogConfig: Setting CVar [[s.EventDrivenLoaderEnabled:1]]
[2019.10.16-00.12.18:641][  0]LogConfig: Setting CVar [[s.WarnIfTimeLimitExceeded:0]]
[2019.10.16-00.12.18:641][  0]LogConfig: Setting CVar [[s.TimeLimitExceededMultiplier:1.5]]
[2019.10.16-00.12.18:642][  0]LogConfig: Setting CVar [[s.TimeLimitExceededMinTime:0.005]]
[2019.10.16-00.12.18:642][  0]LogConfig: Setting CVar [[s.UseBackgroundLevelStreaming:1]]
[2019.10.16-00.12.18:642][  0]LogConfig: Setting CVar [[s.PriorityAsyncLoadingExtraTime:15.0]]
[2019.10.16-00.12.18:642][  0]LogConfig: Setting CVar [[s.LevelStreamingActorsUpdateTimeLimit:5.0]]
[2019.10.16-00.12.18:642][  0]LogConfig: Setting CVar [[s.PriorityLevelStreamingActorsUpdateExtraTime:5.0]]
[2019.10.16-00.12.18:642][  0]LogConfig: Setting CVar [[s.LevelStreamingComponentsRegistrationGranularity:10]]
[2019.10.16-00.12.18:642][  0]LogConfig: Setting CVar [[s.UnregisterComponentsTimeLimit:1.0]]
[2019.10.16-00.12.18:642][  0]LogConfig: Setting CVar [[s.LevelStreamingComponentsUnregistrationGranularity:5]]
[2019.10.16-00.12.18:642][  0]LogConfig: Applying CVar settings from Section [/Script/Engine.GarbageCollectionSettings] File [C:/Users/danny/Desktop/Systems_Sandbox/Systems_Sandbox/Saved/Config/Windows/Engine.ini]
[2019.10.16-00.12.18:642][  0]LogConfig: Setting CVar [[gc.MaxObjectsNotConsideredByGC:1]]
[2019.10.16-00.12.18:642][  0]LogConfig: Setting CVar [[gc.SizeOfPermanentObjectPool:0]]
[2019.10.16-00.12.18:642][  0]LogConfig: Setting CVar [[gc.FlushStreamingOnGC:0]]
[2019.10.16-00.12.18:642][  0]LogConfig: Setting CVar [[gc.NumRetriesBeforeForcingGC:10]]
[2019.10.16-00.12.18:642][  0]LogConfig: Setting CVar [[gc.AllowParallelGC:1]]
[2019.10.16-00.12.18:642][  0]LogConfig: Setting CVar [[gc.TimeBetweenPurgingPendingKillObjects:61.1]]
[2019.10.16-00.12.18:642][  0]LogConfig: Setting CVar [[gc.MaxObjectsInEditor:16777216]]
[2019.10.16-00.12.18:642][  0]LogConfig: Setting CVar [[gc.IncrementalBeginDestroyEnabled:1]]
[2019.10.16-00.12.18:642][  0]LogConfig: Setting CVar [[gc.CreateGCClusters:1]]
[2019.10.16-00.12.18:642][  0]LogConfig: Setting CVar [[gc.MinGCClusterSize:5]]
[2019.10.16-00.12.18:642][  0]LogConfig: Setting CVar [[gc.ActorClusteringEnabled:0]]
[2019.10.16-00.12.18:642][  0]LogConfig: Setting CVar [[gc.BlueprintClusteringEnabled:0]]
[2019.10.16-00.12.18:642][  0]LogConfig: Setting CVar [[gc.UseDisregardForGCOnDedicatedServers:0]]
[2019.10.16-00.12.18:642][  0]LogConfig: Applying CVar settings from Section [/Script/Engine.NetworkSettings] File [C:/Users/danny/Desktop/Systems_Sandbox/Systems_Sandbox/Saved/Config/Windows/Engine.ini]
[2019.10.16-00.12.18:642][  0]LogConfig: Applying CVar settings from Section [/Script/UnrealEd.CookerSettings] File [C:/Users/danny/Desktop/Systems_Sandbox/Systems_Sandbox/Saved/Config/Windows/Engine.ini]
[2019.10.16-00.12.18:646][  0]LogConfig: Applying CVar settings from Section [ViewDistanceQuality@3] File [C:/Users/danny/Desktop/Systems_Sandbox/Systems_Sandbox/Saved/Config/Windows/Scalability.ini]
[2019.10.16-00.12.18:646][  0]LogConfig: Setting CVar [[r.SkeletalMeshLODBias:0]]
[2019.10.16-00.12.18:646][  0]LogConfig: Setting CVar [[r.ViewDistanceScale:1.0]]
[2019.10.16-00.12.18:646][  0]LogConfig: Applying CVar settings from Section [AntiAliasingQuality@3] File [C:/Users/danny/Desktop/Systems_Sandbox/Systems_Sandbox/Saved/Config/Windows/Scalability.ini]
[2019.10.16-00.12.18:646][  0]LogConfig: Setting CVar [[r.PostProcessAAQuality:4]]
[2019.10.16-00.12.18:646][  0]LogConfig: Applying CVar settings from Section [ShadowQuality@3] File [C:/Users/danny/Desktop/Systems_Sandbox/Systems_Sandbox/Saved/Config/Windows/Scalability.ini]
[2019.10.16-00.12.18:646][  0]LogConfig: Setting CVar [[r.LightFunctionQuality:1]]
[2019.10.16-00.12.18:646][  0]LogConfig: Setting CVar [[r.ShadowQuality:5]]
[2019.10.16-00.12.18:646][  0]LogConfig: Setting CVar [[r.Shadow.CSM.MaxCascades:10]]
[2019.10.16-00.12.18:646][  0]LogConfig: Setting CVar [[r.Shadow.MaxResolution:2048]]
[2019.10.16-00.12.18:646][  0]LogConfig: Setting CVar [[r.Shadow.MaxCSMResolution:2048]]
[2019.10.16-00.12.18:646][  0]LogConfig: Setting CVar [[r.Shadow.RadiusThreshold:0.01]]
[2019.10.16-00.12.18:646][  0]LogConfig: Setting CVar [[r.Shadow.DistanceScale:1.0]]
[2019.10.16-00.12.18:646][  0]LogConfig: Setting CVar [[r.Shadow.CSM.TransitionScale:1.0]]
[2019.10.16-00.12.18:646][  0]LogConfig: Setting CVar [[r.Shadow.PreShadowResolutionFactor:1.0]]
[2019.10.16-00.12.18:646][  0]LogConfig: Setting CVar [[r.DistanceFieldShadowing:1]]
[2019.10.16-00.12.18:646][  0]LogConfig: Setting CVar [[r.DistanceFieldAO:1]]
[2019.10.16-00.12.18:646][  0]LogConfig: Setting CVar [[r.AOQuality:2]]
[2019.10.16-00.12.18:646][  0]LogConfig: Setting CVar [[r.VolumetricFog:1]]
[2019.10.16-00.12.18:646][  0]LogConfig: Setting CVar [[r.VolumetricFog.GridPixelSize:8]]
[2019.10.16-00.12.18:646][  0]LogConfig: Setting CVar [[r.VolumetricFog.GridSizeZ:128]]
[2019.10.16-00.12.18:646][  0]LogConfig: Setting CVar [[r.VolumetricFog.HistoryMissSupersampleCount:4]]
[2019.10.16-00.12.18:646][  0]LogConfig: Setting CVar [[r.LightMaxDrawDistanceScale:1]]
[2019.10.16-00.12.18:646][  0]LogConfig: Setting CVar [[r.CapsuleShadows:1]]
[2019.10.16-00.12.18:646][  0]LogConfig: Applying CVar settings from Section [PostProcessQuality@3] File [C:/Users/danny/Desktop/Systems_Sandbox/Systems_Sandbox/Saved/Config/Windows/Scalability.ini]
[2019.10.16-00.12.18:647][  0]LogConfig: Setting CVar [[r.MotionBlurQuality:4]]
[2019.10.16-00.12.18:647][  0]LogConfig: Setting CVar [[r.AmbientOcclusionMipLevelFactor:0.4]]
[2019.10.16-00.12.18:647][  0]LogConfig: Setting CVar [[r.AmbientOcclusionMaxQuality:100]]
[2019.10.16-00.12.18:647][  0]LogConfig: Setting CVar [[r.AmbientOcclusionLevels:-1]]
[2019.10.16-00.12.18:647][  0]LogConfig: Setting CVar [[r.AmbientOcclusionRadiusScale:1.0]]
[2019.10.16-00.12.18:647][  0]LogConfig: Setting CVar [[r.DepthOfFieldQuality:2]]
[2019.10.16-00.12.18:647][  0]LogConfig: Setting CVar [[r.RenderTargetPoolMin:400]]
[2019.10.16-00.12.18:647][  0]LogConfig: Setting CVar [[r.LensFlareQuality:2]]
[2019.10.16-00.12.18:647][  0]LogConfig: Setting CVar [[r.SceneColorFringeQuality:1]]
[2019.10.16-00.12.18:647][  0]LogConfig: Setting CVar [[r.EyeAdaptationQuality:2]]
[2019.10.16-00.12.18:647][  0]LogConfig: Setting CVar [[r.BloomQuality:5]]
[2019.10.16-00.12.18:647][  0]LogConfig: Setting CVar [[r.FastBlurThreshold:100]]
[2019.10.16-00.12.18:647][  0]LogConfig: Setting CVar [[r.Upscale.Quality:3]]
[2019.10.16-00.12.18:647][  0]LogConfig: Setting CVar [[r.Tonemapper.GrainQuantization:1]]
[2019.10.16-00.12.18:647][  0]LogConfig: Setting CVar [[r.LightShaftQuality:1]]
[2019.10.16-00.12.18:647][  0]LogConfig: Setting CVar [[r.Filter.SizeScale:1]]
[2019.10.16-00.12.18:647][  0]LogConfig: Setting CVar [[r.Tonemapper.Quality:5]]
[2019.10.16-00.12.18:647][  0]LogConfig: Setting CVar [[r.DOF.Gather.AccumulatorQuality:1        ; higher gathering accumulator quality]]
[2019.10.16-00.12.18:647][  0]LogConfig: Setting CVar [[r.DOF.Gather.PostfilterMethod:1          ; Median3x3 postfilering method]]
[2019.10.16-00.12.18:647][  0]LogConfig: Setting CVar [[r.DOF.Gather.EnableBokehSettings:0       ; no bokeh simulation when gathering]]
[2019.10.16-00.12.18:647][  0]LogConfig: Setting CVar [[r.DOF.Gather.RingCount:4                 ; medium number of samples when gathering]]
[2019.10.16-00.12.18:647][  0]LogConfig: Setting CVar [[r.DOF.Scatter.ForegroundCompositing:1    ; additive foreground scattering]]
[2019.10.16-00.12.18:647][  0]LogConfig: Setting CVar [[r.DOF.Scatter.BackgroundCompositing:2    ; additive background scattering]]
[2019.10.16-00.12.18:647][  0]LogConfig: Setting CVar [[r.DOF.Scatter.EnableBokehSettings:1      ; bokeh simulation when scattering]]
[2019.10.16-00.12.18:647][  0]LogConfig: Setting CVar [[r.DOF.Scatter.MaxSpriteRatio:0.1         ; only a maximum of 10% of scattered bokeh]]
[2019.10.16-00.12.18:647][  0]LogConfig: Setting CVar [[r.DOF.Recombine.Quality:1                ; cheap slight out of focus]]
[2019.10.16-00.12.18:647][  0]LogConfig: Setting CVar [[r.DOF.Recombine.EnableBokehSettings:0    ; no bokeh simulation on slight out of focus]]
[2019.10.16-00.12.18:647][  0]LogConfig: Setting CVar [[r.DOF.TemporalAAQuality:1                ; more stable temporal accumulation]]
[2019.10.16-00.12.18:647][  0]LogConfig: Setting CVar [[r.DOF.Kernel.MaxForegroundRadius:0.025]]
[2019.10.16-00.12.18:647][  0]LogConfig: Setting CVar [[r.DOF.Kernel.MaxBackgroundRadius:0.025]]
[2019.10.16-00.12.18:647][  0]LogConfig: Applying CVar settings from Section [TextureQuality@3] File [C:/Users/danny/Desktop/Systems_Sandbox/Systems_Sandbox/Saved/Config/Windows/Scalability.ini]
[2019.10.16-00.12.18:647][  0]LogConfig: Setting CVar [[r.Streaming.MipBias:0]]
[2019.10.16-00.12.18:647][  0]LogConfig: Setting CVar [[r.Streaming.AmortizeCPUToGPUCopy:0]]
[2019.10.16-00.12.18:647][  0]LogConfig: Setting CVar [[r.Streaming.MaxNumTexturesToStreamPerFrame:0]]
[2019.10.16-00.12.18:647][  0]LogConfig: Setting CVar [[r.Streaming.Boost:1]]
[2019.10.16-00.12.18:647][  0]LogConfig: Setting CVar [[r.MaxAnisotropy:8]]
[2019.10.16-00.12.18:647][  0]LogConfig: Setting CVar [[r.Streaming.LimitPoolSizeToVRAM:0]]
[2019.10.16-00.12.18:647][  0]LogConfig: Setting CVar [[r.Streaming.PoolSize:1000]]
[2019.10.16-00.12.18:647][  0]LogConfig: Setting CVar [[r.Streaming.MaxEffectiveScreenSize:0]]
[2019.10.16-00.12.18:647][  0]LogConfig: Applying CVar settings from Section [EffectsQuality@3] File [C:/Users/danny/Desktop/Systems_Sandbox/Systems_Sandbox/Saved/Config/Windows/Scalability.ini]
[2019.10.16-00.12.18:647][  0]LogConfig: Setting CVar [[r.TranslucencyLightingVolumeDim:64]]
[2019.10.16-00.12.18:647][  0]LogConfig: Setting CVar [[r.RefractionQuality:2]]
[2019.10.16-00.12.18:647][  0]LogConfig: Setting CVar [[r.SSR.Quality:3]]
[2019.10.16-00.12.18:647][  0]LogConfig: Setting CVar [[r.SceneColorFormat:4]]
[2019.10.16-00.12.18:647][  0]LogConfig: Setting CVar [[r.DetailMode:2]]
[2019.10.16-00.12.18:647][  0]LogConfig: Setting CVar [[r.TranslucencyVolumeBlur:1]]
[2019.10.16-00.12.18:647][  0]LogConfig: Setting CVar [[r.MaterialQualityLevel:1 ; High quality]]
[2019.10.16-00.12.18:647][  0]LogConfig: Setting CVar [[r.SSS.Scale:1]]
[2019.10.16-00.12.18:647][  0]LogConfig: Setting CVar [[r.SSS.SampleSet:2]]
[2019.10.16-00.12.18:647][  0]LogConfig: Setting CVar [[r.SSS.Quality:1]]
[2019.10.16-00.12.18:647][  0]LogConfig: Setting CVar [[r.SSS.HalfRes:1]]
[2019.10.16-00.12.18:647][  0]LogConfig: Setting CVar [[r.EmitterSpawnRateScale:1.0]]
[2019.10.16-00.12.18:647][  0]LogConfig: Setting CVar [[r.ParticleLightQuality:2]]
[2019.10.16-00.12.18:647][  0]LogConfig: Applying CVar settings from Section [FoliageQuality@3] File [C:/Users/danny/Desktop/Systems_Sandbox/Systems_Sandbox/Saved/Config/Windows/Scalability.ini]
[2019.10.16-00.12.18:647][  0]LogConfig: Setting CVar [[foliage.DensityScale:1.0]]
[2019.10.16-00.12.18:647][  0]LogConfig: Setting CVar [[grass.DensityScale:1.0]]
[2019.10.16-00.12.18:647][  0]LogInit: Selected Device Profile: [Windows]
[2019.10.16-00.12.18:647][  0]LogInit: Applying CVar settings loaded from the selected device profile: [Windows]
[2019.10.16-00.12.18:666][  0]LogHAL: Display: Platform has ~ 16 GB [17059446784 / 17179869184 / 16], which maps to Larger [LargestMinGB=32, LargerMinGB=12, DefaultMinGB=8, SmallerMinGB=6, SmallestMinGB=0)
[2019.10.16-00.12.18:666][  0]LogConfig: Setting CVar [[r.Vulkan.UseRealUBs:0		; Required until we fix HLR fall-out]]
[2019.10.16-00.12.18:666][  0]LogInit: Going up to parent DeviceProfile []
[2019.10.16-00.12.18:666][  0]LogConfig: Applying CVar settings from Section [ViewDistanceQuality@3] File [C:/Users/danny/Desktop/Systems_Sandbox/Systems_Sandbox/Saved/Config/Windows/Scalability.ini]
[2019.10.16-00.12.18:666][  0]LogConfig: Setting CVar [[r.SkeletalMeshLODBias:0]]
[2019.10.16-00.12.18:666][  0]LogConfig: Setting CVar [[r.ViewDistanceScale:1.0]]
[2019.10.16-00.12.18:666][  0]LogConfig: Applying CVar settings from Section [AntiAliasingQuality@3] File [C:/Users/danny/Desktop/Systems_Sandbox/Systems_Sandbox/Saved/Config/Windows/Scalability.ini]
[2019.10.16-00.12.18:666][  0]LogConfig: Setting CVar [[r.PostProcessAAQuality:4]]
[2019.10.16-00.12.18:666][  0]LogConfig: Applying CVar settings from Section [ShadowQuality@3] File [C:/Users/danny/Desktop/Systems_Sandbox/Systems_Sandbox/Saved/Config/Windows/Scalability.ini]
[2019.10.16-00.12.18:666][  0]LogConfig: Setting CVar [[r.LightFunctionQuality:1]]
[2019.10.16-00.12.18:666][  0]LogConfig: Setting CVar [[r.ShadowQuality:5]]
[2019.10.16-00.12.18:666][  0]LogConfig: Setting CVar [[r.Shadow.CSM.MaxCascades:10]]
[2019.10.16-00.12.18:666][  0]LogConfig: Setting CVar [[r.Shadow.MaxResolution:2048]]
[2019.10.16-00.12.18:666][  0]LogConfig: Setting CVar [[r.Shadow.MaxCSMResolution:2048]]
[2019.10.16-00.12.18:666][  0]LogConfig: Setting CVar [[r.Shadow.RadiusThreshold:0.01]]
[2019.10.16-00.12.18:666][  0]LogConfig: Setting CVar [[r.Shadow.DistanceScale:1.0]]
[2019.10.16-00.12.18:666][  0]LogConfig: Setting CVar [[r.Shadow.CSM.TransitionScale:1.0]]
[2019.10.16-00.12.18:666][  0]LogConfig: Setting CVar [[r.Shadow.PreShadowResolutionFactor:1.0]]
[2019.10.16-00.12.18:666][  0]LogConfig: Setting CVar [[r.DistanceFieldShadowing:1]]
[2019.10.16-00.12.18:666][  0]LogConfig: Setting CVar [[r.DistanceFieldAO:1]]
[2019.10.16-00.12.18:666][  0]LogConfig: Setting CVar [[r.AOQuality:2]]
[2019.10.16-00.12.18:666][  0]LogConfig: Setting CVar [[r.VolumetricFog:1]]
[2019.10.16-00.12.18:666][  0]LogConfig: Setting CVar [[r.VolumetricFog.GridPixelSize:8]]
[2019.10.16-00.12.18:666][  0]LogConfig: Setting CVar [[r.VolumetricFog.GridSizeZ:128]]
[2019.10.16-00.12.18:666][  0]LogConfig: Setting CVar [[r.VolumetricFog.HistoryMissSupersampleCount:4]]
[2019.10.16-00.12.18:667][  0]LogConfig: Setting CVar [[r.LightMaxDrawDistanceScale:1]]
[2019.10.16-00.12.18:667][  0]LogConfig: Setting CVar [[r.CapsuleShadows:1]]
[2019.10.16-00.12.18:667][  0]LogConfig: Applying CVar settings from Section [PostProcessQuality@3] File [C:/Users/danny/Desktop/Systems_Sandbox/Systems_Sandbox/Saved/Config/Windows/Scalability.ini]
[2019.10.16-00.12.18:667][  0]LogConfig: Setting CVar [[r.MotionBlurQuality:4]]
[2019.10.16-00.12.18:667][  0]LogConfig: Setting CVar [[r.AmbientOcclusionMipLevelFactor:0.4]]
[2019.10.16-00.12.18:667][  0]LogConfig: Setting CVar [[r.AmbientOcclusionMaxQuality:100]]
[2019.10.16-00.12.18:667][  0]LogConfig: Setting CVar [[r.AmbientOcclusionLevels:-1]]
[2019.10.16-00.12.18:667][  0]LogConfig: Setting CVar [[r.AmbientOcclusionRadiusScale:1.0]]
[2019.10.16-00.12.18:667][  0]LogConfig: Setting CVar [[r.DepthOfFieldQuality:2]]
[2019.10.16-00.12.18:667][  0]LogConfig: Setting CVar [[r.RenderTargetPoolMin:400]]
[2019.10.16-00.12.18:667][  0]LogConfig: Setting CVar [[r.LensFlareQuality:2]]
[2019.10.16-00.12.18:667][  0]LogConfig: Setting CVar [[r.SceneColorFringeQuality:1]]
[2019.10.16-00.12.18:667][  0]LogConfig: Setting CVar [[r.EyeAdaptationQuality:2]]
[2019.10.16-00.12.18:667][  0]LogConfig: Setting CVar [[r.BloomQuality:5]]
[2019.10.16-00.12.18:667][  0]LogConfig: Setting CVar [[r.FastBlurThreshold:100]]
[2019.10.16-00.12.18:667][  0]LogConfig: Setting CVar [[r.Upscale.Quality:3]]
[2019.10.16-00.12.18:667][  0]LogConfig: Setting CVar [[r.Tonemapper.GrainQuantization:1]]
[2019.10.16-00.12.18:667][  0]LogConfig: Setting CVar [[r.LightShaftQuality:1]]
[2019.10.16-00.12.18:667][  0]LogConfig: Setting CVar [[r.Filter.SizeScale:1]]
[2019.10.16-00.12.18:667][  0]LogConfig: Setting CVar [[r.Tonemapper.Quality:5]]
[2019.10.16-00.12.18:667][  0]LogConfig: Setting CVar [[r.DOF.Gather.AccumulatorQuality:1        ; higher gathering accumulator quality]]
[2019.10.16-00.12.18:667][  0]LogConfig: Setting CVar [[r.DOF.Gather.PostfilterMethod:1          ; Median3x3 postfilering method]]
[2019.10.16-00.12.18:667][  0]LogConfig: Setting CVar [[r.DOF.Gather.EnableBokehSettings:0       ; no bokeh simulation when gathering]]
[2019.10.16-00.12.18:667][  0]LogConfig: Setting CVar [[r.DOF.Gather.RingCount:4                 ; medium number of samples when gathering]]
[2019.10.16-00.12.18:667][  0]LogConfig: Setting CVar [[r.DOF.Scatter.ForegroundCompositing:1    ; additive foreground scattering]]
[2019.10.16-00.12.18:667][  0]LogConfig: Setting CVar [[r.DOF.Scatter.BackgroundCompositing:2    ; additive background scattering]]
[2019.10.16-00.12.18:667][  0]LogConfig: Setting CVar [[r.DOF.Scatter.EnableBokehSettings:1      ; bokeh simulation when scattering]]
[2019.10.16-00.12.18:667][  0]LogConfig: Setting CVar [[r.DOF.Scatter.MaxSpriteRatio:0.1         ; only a maximum of 10% of scattered bokeh]]
[2019.10.16-00.12.18:667][  0]LogConfig: Setting CVar [[r.DOF.Recombine.Quality:1                ; cheap slight out of focus]]
[2019.10.16-00.12.18:667][  0]LogConfig: Setting CVar [[r.DOF.Recombine.EnableBokehSettings:0    ; no bokeh simulation on slight out of focus]]
[2019.10.16-00.12.18:667][  0]LogConfig: Setting CVar [[r.DOF.TemporalAAQuality:1                ; more stable temporal accumulation]]
[2019.10.16-00.12.18:667][  0]LogConfig: Setting CVar [[r.DOF.Kernel.MaxForegroundRadius:0.025]]
[2019.10.16-00.12.18:667][  0]LogConfig: Setting CVar [[r.DOF.Kernel.MaxBackgroundRadius:0.025]]
[2019.10.16-00.12.18:667][  0]LogConfig: Applying CVar settings from Section [TextureQuality@3] File [C:/Users/danny/Desktop/Systems_Sandbox/Systems_Sandbox/Saved/Config/Windows/Scalability.ini]
[2019.10.16-00.12.18:667][  0]LogConfig: Setting CVar [[r.Streaming.MipBias:0]]
[2019.10.16-00.12.18:667][  0]LogConfig: Setting CVar [[r.Streaming.AmortizeCPUToGPUCopy:0]]
[2019.10.16-00.12.18:667][  0]LogConfig: Setting CVar [[r.Streaming.MaxNumTexturesToStreamPerFrame:0]]
[2019.10.16-00.12.18:667][  0]LogConfig: Setting CVar [[r.Streaming.Boost:1]]
[2019.10.16-00.12.18:667][  0]LogConfig: Setting CVar [[r.MaxAnisotropy:8]]
[2019.10.16-00.12.18:667][  0]LogConfig: Setting CVar [[r.Streaming.LimitPoolSizeToVRAM:0]]
[2019.10.16-00.12.18:667][  0]LogConfig: Setting CVar [[r.Streaming.PoolSize:1000]]
[2019.10.16-00.12.18:667][  0]LogConfig: Setting CVar [[r.Streaming.MaxEffectiveScreenSize:0]]
[2019.10.16-00.12.18:668][  0]LogConfig: Applying CVar settings from Section [EffectsQuality@3] File [C:/Users/danny/Desktop/Systems_Sandbox/Systems_Sandbox/Saved/Config/Windows/Scalability.ini]
[2019.10.16-00.12.18:668][  0]LogConfig: Setting CVar [[r.TranslucencyLightingVolumeDim:64]]
[2019.10.16-00.12.18:668][  0]LogConfig: Setting CVar [[r.RefractionQuality:2]]
[2019.10.16-00.12.18:668][  0]LogConfig: Setting CVar [[r.SSR.Quality:3]]
[2019.10.16-00.12.18:668][  0]LogConfig: Setting CVar [[r.SceneColorFormat:4]]
[2019.10.16-00.12.18:668][  0]LogConfig: Setting CVar [[r.DetailMode:2]]
[2019.10.16-00.12.18:668][  0]LogConfig: Setting CVar [[r.TranslucencyVolumeBlur:1]]
[2019.10.16-00.12.18:668][  0]LogConfig: Setting CVar [[r.MaterialQualityLevel:1 ; High quality]]
[2019.10.16-00.12.18:668][  0]LogConfig: Setting CVar [[r.SSS.Scale:1]]
[2019.10.16-00.12.18:668][  0]LogConfig: Setting CVar [[r.SSS.SampleSet:2]]
[2019.10.16-00.12.18:668][  0]LogConfig: Setting CVar [[r.SSS.Quality:1]]
[2019.10.16-00.12.18:668][  0]LogConfig: Setting CVar [[r.SSS.HalfRes:1]]
[2019.10.16-00.12.18:668][  0]LogConfig: Setting CVar [[r.EmitterSpawnRateScale:1.0]]
[2019.10.16-00.12.18:668][  0]LogConfig: Setting CVar [[r.ParticleLightQuality:2]]
[2019.10.16-00.12.18:668][  0]LogConfig: Applying CVar settings from Section [FoliageQuality@3] File [C:/Users/danny/Desktop/Systems_Sandbox/Systems_Sandbox/Saved/Config/Windows/Scalability.ini]
[2019.10.16-00.12.18:668][  0]LogConfig: Setting CVar [[foliage.DensityScale:1.0]]
[2019.10.16-00.12.18:668][  0]LogConfig: Setting CVar [[grass.DensityScale:1.0]]
[2019.10.16-00.12.18:668][  0]LogConfig: Applying CVar settings from Section [Startup] File [../../../Engine/Config/ConsoleVariables.ini]
[2019.10.16-00.12.18:668][  0]LogConfig: Setting CVar [[net.UseAdaptiveNetUpdateFrequency:0]]
[2019.10.16-00.12.18:668][  0]LogConfig: Setting CVar [[p.chaos.AllowCreatePhysxBodies:1]]
[2019.10.16-00.12.18:668][  0]LogConfig: Applying CVar settings from Section [ConsoleVariables] File [C:/Users/danny/Desktop/Systems_Sandbox/Systems_Sandbox/Saved/Config/Windows/Engine.ini]
[2019.10.16-00.12.18:669][  0]LogInit: Computer: MIMSI
[2019.10.16-00.12.18:669][  0]LogInit: User: danny
[2019.10.16-00.12.18:669][  0]LogInit: CPU Page size=4096, Cores=4
[2019.10.16-00.12.18:669][  0]LogInit: High frequency timer resolution =10.000000 MHz
[2019.10.16-00.12.18:669][  0]LogMemory: Memory total: Physical=15.9GB (16GB approx)
[2019.10.16-00.12.18:669][  0]LogMemory: Platform Memory Stats for Windows
[2019.10.16-00.12.18:669][  0]LogMemory: Process Physical Memory: 98.30 MB used, 98.31 MB peak
[2019.10.16-00.12.18:669][  0]LogMemory: Process Virtual Memory: 93.77 MB used, 93.77 MB peak
[2019.10.16-00.12.18:669][  0]LogMemory: Physical Memory: 6627.76 MB used,  9641.39 MB free, 16269.16 MB total
[2019.10.16-00.12.18:669][  0]LogMemory: Virtual Memory: 4646.90 MB used,  134213080.00 MB free, 134217728.00 MB total
[2019.10.16-00.12.18:695][  0]LogInit: Using OS detected language (en-US).
[2019.10.16-00.12.18:695][  0]LogInit: Using OS detected locale (en-US).
[2019.10.16-00.12.18:696][  0]LogTextLocalizationManager: No specific localization for 'en-US' exists, so the 'en' localization will be used.
[2019.10.16-00.12.18:934][  0]LogSlate: New Slate User Created.  User Index 0, Is Virtual User: 0
[2019.10.16-00.12.18:934][  0]LogSlate: Slate User Registered.  User Index 0, Is Virtual User: 0
[2019.10.16-00.12.19:313][  0]LogHMD: Failed to initialize OpenVR with code 100
[2019.10.16-00.12.19:313][  0]LogD3D11RHI: D3D11 adapters:
[2019.10.16-00.12.19:405][  0]LogD3D11RHI:    0. 'NVIDIA GeForce GTX 1070' (Feature Level 11_0)
[2019.10.16-00.12.19:405][  0]LogD3D11RHI:       8082/0/8134 MB DedicatedVideo/DedicatedSystem/SharedSystem, Outputs:2, VendorId:0x10de
[2019.10.16-00.12.19:420][  0]LogD3D11RHI:    1. 'Intel(R) HD Graphics 630' (Feature Level 11_0)
[2019.10.16-00.12.19:420][  0]LogD3D11RHI:       128/0/8134 MB DedicatedVideo/DedicatedSystem/SharedSystem, Outputs:0, VendorId:0x8086
[2019.10.16-00.12.19:423][  0]LogD3D11RHI:    2. 'Microsoft Basic Render Driver' (Feature Level 11_0)
[2019.10.16-00.12.19:423][  0]LogD3D11RHI:       0/0/8134 MB DedicatedVideo/DedicatedSystem/SharedSystem, Outputs:0, VendorId:0x1414
[2019.10.16-00.12.19:423][  0]LogD3D11RHI: Chosen D3D11 Adapter: 0
[2019.10.16-00.12.19:459][  0]LogD3D11RHI: Creating new Direct3DDevice
[2019.10.16-00.12.19:459][  0]LogD3D11RHI:     GPU DeviceId: 0x1ba1 (for the marketing name, search the web for "GPU Device Id")
[2019.10.16-00.12.19:459][  0]LogWindows: EnumDisplayDevices:
[2019.10.16-00.12.19:459][  0]LogWindows:    0. 'Intel(R) HD Graphics 630' (P:1 D:1)
[2019.10.16-00.12.19:459][  0]LogWindows:    1. 'Intel(R) HD Graphics 630' (P:0 D:0)
[2019.10.16-00.12.19:460][  0]LogWindows:    2. 'Intel(R) HD Graphics 630' (P:0 D:0)
[2019.10.16-00.12.19:460][  0]LogWindows:    3. 'NVIDIA GeForce GTX 1070' (P:0 D:1)
[2019.10.16-00.12.19:460][  0]LogWindows:    4. 'NVIDIA GeForce GTX 1070' (P:0 D:0)
[2019.10.16-00.12.19:461][  0]LogWindows:    5. 'NVIDIA GeForce GTX 1070' (P:0 D:0)
[2019.10.16-00.12.19:461][  0]LogWindows:    6. 'NVIDIA GeForce GTX 1070' (P:0 D:0)
[2019.10.16-00.12.19:461][  0]LogWindows: DebugString: PrimaryIsNotTheChoosenAdapter PrimaryIsNotTheChoosenAdapter PrimaryIsNotTheChoosenAdapter FoundDriverCount:4 
[2019.10.16-00.12.19:461][  0]LogD3D11RHI:     Adapter Name: NVIDIA GeForce GTX 1070
[2019.10.16-00.12.19:461][  0]LogD3D11RHI:   Driver Version: 436.02 (internal:26.21.14.3602, unified:436.02)
[2019.10.16-00.12.19:461][  0]LogD3D11RHI:      Driver Date: 8-16-2019
[2019.10.16-00.12.19:461][  0]LogRHI: Texture pool is 5657 MB (70% of 8082 MB)
[2019.10.16-00.12.19:514][  0]LogD3D11RHI: Async texture creation enabled
[2019.10.16-00.12.19:519][  0]LogRendererCore: FGlobalReadBuffer::InitRHI
[2019.10.16-00.12.19:519][  0]LogRendererCore: FGlobalReadBuffer::InitRHI
[2019.10.16-00.12.19:519][  0]LogRendererCore: FGlobalReadBuffer::InitRHI
[2019.10.16-00.12.19:528][  0]LogD3D11RHI: GPU Timing Frequency: 1000.000000 (Debug: 2 1)
[2019.10.16-00.12.19:879][  0]LogTemp: Display: Module 'AllDesktopTargetPlatform' loaded TargetPlatform 'AllDesktop'
[2019.10.16-00.12.19:892][  0]LogTemp: Display: Module 'MacClientTargetPlatform' loaded TargetPlatform 'MacClient'
[2019.10.16-00.12.19:908][  0]LogTemp: Display: Module 'MacNoEditorTargetPlatform' loaded TargetPlatform 'MacNoEditor'
[2019.10.16-00.12.19:924][  0]LogTemp: Display: Module 'MacServerTargetPlatform' loaded TargetPlatform 'MacServer'
[2019.10.16-00.12.19:940][  0]LogTemp: Display: Module 'MacTargetPlatform' loaded TargetPlatform 'Mac'
[2019.10.16-00.12.19:955][  0]LogTemp: Display: Module 'WindowsClientTargetPlatform' loaded TargetPlatform 'WindowsClient'
[2019.10.16-00.12.19:969][  0]LogTemp: Display: Module 'WindowsNoEditorTargetPlatform' loaded TargetPlatform 'WindowsNoEditor'
[2019.10.16-00.12.19:985][  0]LogTemp: Display: Module 'WindowsServerTargetPlatform' loaded TargetPlatform 'WindowsServer'
[2019.10.16-00.12.19:991][  0]LogTemp: Display: Module 'WindowsTargetPlatform' loaded TargetPlatform 'Windows'
[2019.10.16-00.12.20:072][  0]LogTemp: Display: Module 'AndroidTargetPlatform' loaded TargetPlatform 'Android'
[2019.10.16-00.12.20:072][  0]LogTemp: Display: Module 'AndroidTargetPlatform' loaded TargetPlatform 'Android_ASTC'
[2019.10.16-00.12.20:072][  0]LogTemp: Display: Module 'AndroidTargetPlatform' loaded TargetPlatform 'Android_ATC'
[2019.10.16-00.12.20:072][  0]LogTemp: Display: Module 'AndroidTargetPlatform' loaded TargetPlatform 'Android_DXT'
[2019.10.16-00.12.20:072][  0]LogTemp: Display: Module 'AndroidTargetPlatform' loaded TargetPlatform 'Android_ETC1'
[2019.10.16-00.12.20:072][  0]LogTemp: Display: Module 'AndroidTargetPlatform' loaded TargetPlatform 'Android_ETC1a'
[2019.10.16-00.12.20:072][  0]LogTemp: Display: Module 'AndroidTargetPlatform' loaded TargetPlatform 'Android_ETC2'
[2019.10.16-00.12.20:072][  0]LogTemp: Display: Module 'AndroidTargetPlatform' loaded TargetPlatform 'Android_PVRTC'
[2019.10.16-00.12.20:072][  0]LogTemp: Display: Module 'AndroidTargetPlatform' loaded TargetPlatform 'AndroidClient'
[2019.10.16-00.12.20:073][  0]LogTemp: Display: Module 'AndroidTargetPlatform' loaded TargetPlatform 'Android_ASTCClient'
[2019.10.16-00.12.20:073][  0]LogTemp: Display: Module 'AndroidTargetPlatform' loaded TargetPlatform 'Android_ATCClient'
[2019.10.16-00.12.20:073][  0]LogTemp: Display: Module 'AndroidTargetPlatform' loaded TargetPlatform 'Android_DXTClient'
[2019.10.16-00.12.20:073][  0]LogTemp: Display: Module 'AndroidTargetPlatform' loaded TargetPlatform 'Android_ETC1Client'
[2019.10.16-00.12.20:073][  0]LogTemp: Display: Module 'AndroidTargetPlatform' loaded TargetPlatform 'Android_ETC1aClient'
[2019.10.16-00.12.20:073][  0]LogTemp: Display: Module 'AndroidTargetPlatform' loaded TargetPlatform 'Android_ETC2Client'
[2019.10.16-00.12.20:073][  0]LogTemp: Display: Module 'AndroidTargetPlatform' loaded TargetPlatform 'Android_PVRTCClient'
[2019.10.16-00.12.20:073][  0]LogTemp: Display: Module 'AndroidTargetPlatform' loaded TargetPlatform 'Android_Multi'
[2019.10.16-00.12.20:073][  0]LogTemp: Display: Module 'AndroidTargetPlatform' loaded TargetPlatform 'Android_MultiClient'
[2019.10.16-00.12.20:074][  0]LogTemp: Display: Module 'HTML5TargetPlatform' loaded TargetPlatform 'HTML5'
[2019.10.16-00.12.20:128][  0]LogTemp: Display: Module 'IOSTargetPlatform' loaded TargetPlatform 'IOSClient'
[2019.10.16-00.12.20:128][  0]LogTemp: Display: Module 'IOSTargetPlatform' loaded TargetPlatform 'IOS'
[2019.10.16-00.12.20:153][  0]LogTemp: Display: Module 'TVOSTargetPlatform' loaded TargetPlatform 'TVOSClient'
[2019.10.16-00.12.20:153][  0]LogTemp: Display: Module 'TVOSTargetPlatform' loaded TargetPlatform 'TVOS'
[2019.10.16-00.12.20:166][  0]LogTemp: Display: Module 'LinuxClientTargetPlatform' loaded TargetPlatform 'LinuxClient'
[2019.10.16-00.12.20:179][  0]LogTemp: Display: Module 'LinuxNoEditorTargetPlatform' loaded TargetPlatform 'LinuxNoEditor'
[2019.10.16-00.12.20:192][  0]LogTemp: Display: Module 'LinuxServerTargetPlatform' loaded TargetPlatform 'LinuxServer'
[2019.10.16-00.12.20:209][  0]LogTemp: Display: Module 'LinuxTargetPlatform' loaded TargetPlatform 'Linux'
[2019.10.16-00.12.20:295][  0]LogTemp: Display: Module 'LuminTargetPlatform' loaded TargetPlatform 'Lumin'
[2019.10.16-00.12.20:295][  0]LogTemp: Display: Module 'LuminTargetPlatform' loaded TargetPlatform 'LuminClient'
[2019.10.16-00.12.20:295][  0]LogTargetPlatformManager: Display: Building Assets For Windows
[2019.10.16-00.12.20:309][  0]LogAudioDebug: Display: Lib vorbis DLL was dynamically loaded.
[2019.10.16-00.12.20:349][  0]LogShaderCompilers: Guid format shader working directory is -9 characters bigger than the processId version (C:/Users/danny/Desktop/Systems_Sandbox/Systems_Sandbox/Intermediate/Shaders/WorkingDirectory/16000/).
[2019.10.16-00.12.20:349][  0]LogShaderCompilers: Cleaned the shader compiler working directory 'C:/Users/danny/AppData/Local/Temp/UnrealShaderWorkingDir/FFCC89CD42D3A7E29F8D0E803DD74D74/'.
[2019.10.16-00.12.20:351][  0]LogXGEController: Cannot use XGE Controller as Incredibuild is not installed on this machine.
[2019.10.16-00.12.20:351][  0]LogShaderCompilers: Cannot use XGE Shader Compiler as Incredibuild is not installed on this machine.
[2019.10.16-00.12.20:351][  0]LogShaderCompilers: Display: Using Local Shader Compiler.
[2019.10.16-00.12.21:016][  0]LogDerivedDataCache: Display: Max Cache Size: 512 MB
[2019.10.16-00.12.21:068][  0]LogDerivedDataCache: Loaded boot cache 0.05s 71MB C:/Users/danny/AppData/Local/UnrealEngine/4.22/DerivedDataCache/Boot.ddc.
[2019.10.16-00.12.21:068][  0]LogDerivedDataCache: Display: Loaded Boot cache: C:/Users/danny/AppData/Local/UnrealEngine/4.22/DerivedDataCache/Boot.ddc
[2019.10.16-00.12.21:068][  0]LogDerivedDataCache: FDerivedDataBackendGraph:  Pak pak cache file C:/Users/danny/Desktop/Systems_Sandbox/Systems_Sandbox/DerivedDataCache/DDC.ddp not found, will not use a pak cache.
[2019.10.16-00.12.21:068][  0]LogDerivedDataCache: Unable to find inner node Pak for hierarchical cache Hierarchy.
[2019.10.16-00.12.21:068][  0]LogDerivedDataCache: FDerivedDataBackendGraph:  CompressedPak pak cache file C:/Users/danny/Desktop/Systems_Sandbox/Systems_Sandbox/DerivedDataCache/Compressed.ddp not found, will not use a pak cache.
[2019.10.16-00.12.21:068][  0]LogDerivedDataCache: Unable to find inner node CompressedPak for hierarchical cache Hierarchy.
[2019.10.16-00.12.21:082][  0]LogDerivedDataCache: Display: Pak cache opened for reading ../../../Engine/DerivedDataCache/Compressed.ddp.
[2019.10.16-00.12.21:082][  0]LogDerivedDataCache: FDerivedDataBackendGraph:  EnterprisePak pak cache file ../../../Enterprise/DerivedDataCache/Compressed.ddp not found, will not use a pak cache.
[2019.10.16-00.12.21:082][  0]LogDerivedDataCache: Unable to find inner node EnterprisePak for hierarchical cache Hierarchy.
[2019.10.16-00.12.21:095][  0]LogDerivedDataCache: Using Local data cache path C:/Users/danny/AppData/Local/UnrealEngine/Common/DerivedDataCache: Writable
[2019.10.16-00.12.21:095][  0]LogDerivedDataCache: Shared data cache path not found in *engine.ini, will not use an Shared cache.
[2019.10.16-00.12.21:095][  0]LogDerivedDataCache: Unable to find inner node Shared for hierarchical cache Hierarchy.
[2019.10.16-00.12.21:122][  0]LogMaterial: Verifying Global Shaders for PCD3D_SM5
[2019.10.16-00.12.21:123][  0]LogSlate: Using FreeType 2.6.0
[2019.10.16-00.12.21:124][  0]LogSlate: SlateFontServices - WITH_FREETYPE: 1, WITH_HARFBUZZ: 1
[2019.10.16-00.12.21:224][  0]LogAssetRegistry: FAssetRegistry took 0.0340 seconds to start up
[2019.10.16-00.12.21:587][  0]LogInit: Selected Device Profile: [Windows]
[2019.10.16-00.12.21:734][  0]LogMeshReduction: Using QuadricMeshReduction for automatic static mesh reduction
[2019.10.16-00.12.21:734][  0]LogMeshReduction: Using SimplygonMeshReduction for automatic skeletal mesh reduction
[2019.10.16-00.12.21:734][  0]LogMeshReduction: Using ProxyLODMeshReduction for automatic mesh merging
[2019.10.16-00.12.21:734][  0]LogMeshReduction: No distributed automatic mesh merging module available
[2019.10.16-00.12.21:734][  0]LogMeshMerging: No distributed automatic mesh merging module available
[2019.10.16-00.12.21:746][  0]LogNetVersion: Systems_Sandbox 1.0.0, NetCL: 5660361, EngineNetVer: 10, GameNetVer: 0 (Checksum: 1404309998)
[2019.10.16-00.12.22:195][  0]LogPackageLocalizationCache: Processed 10 localized package path(s) for 1 prioritized culture(s) in 0.050745 seconds
[2019.10.16-00.12.22:202][  0]LogUObjectArray: 42205 objects as part of root set at end of initial load.
[2019.10.16-00.12.22:202][  0]LogUObjectAllocator: 7325032 out of 0 bytes used by permanent object pool.
[2019.10.16-00.12.22:202][  0]LogUObjectArray: CloseDisregardForGC: 0/0 objects in disregard for GC pool
[2019.10.16-00.12.23:237][  0]LogTcpMessaging: Initializing TcpMessaging bridge
[2019.10.16-00.12.23:253][  0]LogUdpMessaging: Initializing bridge on interface 0.0.0.0:0 to multicast group 230.0.0.1:6666.
[2019.10.16-00.12.23:373][  0]SourceControl: Source control is disabled
[2019.10.16-00.12.23:373][  0]SourceControl: Source control is disabled
[2019.10.16-00.12.23:374][  0]SourceControl: Source control is disabled
[2019.10.16-00.12.23:375][  0]SourceControl: Source control is disabled
[2019.10.16-00.12.23:448][  0]LogAndroidPermission: UAndroidPermissionCallbackProxy::GetInstance
[2019.10.16-00.12.23:627][  0]LogOcInput: OculusInput pre-init called
[2019.10.16-00.12.24:473][  0]LogEngine: Initializing Engine...
[2019.10.16-00.12.24:475][  0]LogHMD: Failed to initialize OpenVR with code 100
[2019.10.16-00.12.24:476][  0]LogStats: UGameplayTagsManager::InitializeManager -  0.000 s
[2019.10.16-00.12.24:714][  0]LogInit: Initializing FReadOnlyCVARCache
[2019.10.16-00.12.24:727][  0]LogAIModule: Creating AISystem for world Untitled
[2019.10.16-00.12.24:766][  0]LogInit: XAudio2 using 'Headset Earphone (SteelSeries Arctis 5 Chat)' : 2 channels at 48 kHz using 16 bits per sample (channel mask 0x3)
[2019.10.16-00.12.24:789][  0]LogInit: FAudioDevice initialized.
[2019.10.16-00.12.24:789][  0]LogNetVersion: Set ProjectVersion to 1.0.0.0. Version Checksum will be recalculated on next use.
[2019.10.16-00.12.24:872][  0]LogDerivedDataCache: Saved boot cache 0.08s 71MB C:/Users/danny/AppData/Local/UnrealEngine/4.22/DerivedDataCache/Boot.ddc.
[2019.10.16-00.12.24:884][  0]LogInit: Texture streaming: Enabled
[2019.10.16-00.12.24:900][  0]LogEngineSessionManager: EngineSessionManager initialized
[2019.10.16-00.12.24:916][  0]LogInit: Transaction tracking system initialized
[2019.10.16-00.12.24:942][  0]BlueprintLog: New page: Editor Load
[2019.10.16-00.12.25:015][  0]LocalizationService: Localization service is disabled
[2019.10.16-00.12.25:340][  0]LogFileCache: Scanning file cache for directory 'C:/Users/danny/Desktop/Systems_Sandbox/Systems_Sandbox/Content/' took 0.02s
[2019.10.16-00.12.25:340][  0]LogCook: Display: Max memory allowance for cook 16384mb min free memory 0mb
[2019.10.16-00.12.25:340][  0]LogCook: Display: Mobile HDR setting 1
[2019.10.16-00.12.25:520][  0]SourceControl: Source control is disabled
[2019.10.16-00.12.25:520][  0]Cmd: MAP LOAD FILE="C:/Users/danny/Desktop/Systems_Sandbox/Systems_Sandbox/Content/FirstPersonBP/Maps/FirstPersonExampleMap.umap" TEMPLATE=0 SHOWPROGRESS=1 FEATURELEVEL=3
[2019.10.16-00.12.25:521][  0]LightingResults: New page: Lighting Build
[2019.10.16-00.12.25:523][  0]MapCheck: New page: Map Check
[2019.10.16-00.12.25:523][  0]LightingResults: New page: Lighting Build
[2019.10.16-00.12.25:548][  0]LogUObjectHash: Compacting FUObjectHashTables data took   1.85ms
[2019.10.16-00.12.26:377][  0]LogAIModule: Creating AISystem for world FirstPersonExampleMap
[2019.10.16-00.12.26:402][  0]LogEditorServer: Finished looking for orphan Actors (0.000 secs)
[2019.10.16-00.12.26:436][  0]LogUObjectHash: Compacting FUObjectHashTables data took   3.80ms
[2019.10.16-00.12.26:436][  0]Cmd: MAP CHECKDEP NOCLEARLOG
[2019.10.16-00.12.26:436][  0]MapCheck: Map check complete: 0 Error(s), 0 Warning(s), took 0.129ms to complete.
[2019.10.16-00.12.26:436][  0]LogFileHelpers: Loading map 'FirstPersonExampleMap' took 0.916
[2019.10.16-00.12.26:604][  0]LogCollectionManager: Loaded 0 collections in 0.001328 seconds
[2019.10.16-00.12.26:631][  0]LogFileCache: Scanning file cache for directory 'C:/Users/danny/Desktop/Systems_Sandbox/Systems_Sandbox/Saved/Collections/' took 0.01s
[2019.10.16-00.12.26:631][  0]LogFileCache: Scanning file cache for directory 'C:/Users/danny/Desktop/Systems_Sandbox/Systems_Sandbox/Content/Developers/danny/Collections/' took 0.01s
[2019.10.16-00.12.26:631][  0]LogFileCache: Scanning file cache for directory 'C:/Users/danny/Desktop/Systems_Sandbox/Systems_Sandbox/Content/Collections/' took 0.00s
[2019.10.16-00.12.26:631][  0]LogCollectionManager: Rebuilt the GUID cache for 0 collections in 0.000000 seconds
[2019.10.16-00.12.26:640][  0]LogContentBrowser: Native class hierarchy populated in 0.0089 seconds. Added 2734 classes and 663 folders.
[2019.10.16-00.12.26:649][  0]LogContentBrowser: Native class hierarchy updated for 'WidgetCarousel' in 0.0004 seconds. Added 0 classes and 0 folders.
[2019.10.16-00.12.26:652][  0]LogPakFile: Registered encryption key '00000000000000000000000000000000': 0 pak files mounted, 0 remain pending
[2019.10.16-00.12.26:653][  0]LogPakFile: Registered encryption key '00000000000000000000000000000000': 0 pak files mounted, 0 remain pending
[2019.10.16-00.12.26:654][  0]LogPakFile: Registered encryption key '00000000000000000000000000000000': 0 pak files mounted, 0 remain pending
[2019.10.16-00.12.26:654][  0]LogPakFile: Registered encryption key '00000000000000000000000000000000': 0 pak files mounted, 0 remain pending
[2019.10.16-00.12.26:655][  0]LogPakFile: Registered encryption key '00000000000000000000000000000000': 0 pak files mounted, 0 remain pending
[2019.10.16-00.12.26:655][  0]LogPakFile: Registered encryption key '00000000000000000000000000000000': 0 pak files mounted, 0 remain pending
[2019.10.16-00.12.26:656][  0]LogPakFile: Registered encryption key '00000000000000000000000000000000': 0 pak files mounted, 0 remain pending
[2019.10.16-00.12.26:657][  0]LogPakFile: Registered encryption key '00000000000000000000000000000000': 0 pak files mounted, 0 remain pending
[2019.10.16-00.12.26:658][  0]LogPakFile: Registered encryption key '00000000000000000000000000000000': 0 pak files mounted, 0 remain pending
[2019.10.16-00.12.26:659][  0]LogPakFile: Registered encryption key '00000000000000000000000000000000': 0 pak files mounted, 0 remain pending
[2019.10.16-00.12.26:660][  0]LogPakFile: Registered encryption key '00000000000000000000000000000000': 0 pak files mounted, 0 remain pending
[2019.10.16-00.12.26:660][  0]LogPakFile: Registered encryption key '00000000000000000000000000000000': 0 pak files mounted, 0 remain pending
[2019.10.16-00.12.26:661][  0]LogPakFile: Registered encryption key '00000000000000000000000000000000': 0 pak files mounted, 0 remain pending
[2019.10.16-00.12.26:661][  0]LogPakFile: Registered encryption key '00000000000000000000000000000000': 0 pak files mounted, 0 remain pending
[2019.10.16-00.12.26:662][  0]LogPakFile: Registered encryption key '00000000000000000000000000000000': 0 pak files mounted, 0 remain pending
[2019.10.16-00.12.26:662][  0]LogPakFile: Registered encryption key '00000000000000000000000000000000': 0 pak files mounted, 0 remain pending
[2019.10.16-00.12.26:663][  0]LogPakFile: Registered encryption key '00000000000000000000000000000000': 0 pak files mounted, 0 remain pending
[2019.10.16-00.12.26:664][  0]LogPakFile: Registered encryption key '00000000000000000000000000000000': 0 pak files mounted, 0 remain pending
[2019.10.16-00.12.26:665][  0]LogPakFile: Registered encryption key '00000000000000000000000000000000': 0 pak files mounted, 0 remain pending
[2019.10.16-00.12.26:665][  0]LogPakFile: Registered encryption key '00000000000000000000000000000000': 0 pak files mounted, 0 remain pending
[2019.10.16-00.12.26:666][  0]LogPakFile: Registered encryption key '00000000000000000000000000000000': 0 pak files mounted, 0 remain pending
[2019.10.16-00.12.26:668][  0]LogPakFile: Registered encryption key '00000000000000000000000000000000': 0 pak files mounted, 0 remain pending
[2019.10.16-00.12.26:669][  0]LogPakFile: Registered encryption key '00000000000000000000000000000000': 0 pak files mounted, 0 remain pending
[2019.10.16-00.12.26:669][  0]LogPakFile: Registered encryption key '00000000000000000000000000000000': 0 pak files mounted, 0 remain pending
[2019.10.16-00.12.26:670][  0]LogPakFile: Registered encryption key '00000000000000000000000000000000': 0 pak files mounted, 0 remain pending
[2019.10.16-00.12.26:671][  0]LogPakFile: Registered encryption key '00000000000000000000000000000000': 0 pak files mounted, 0 remain pending
[2019.10.16-00.12.26:713][  0]LogContentBrowser: Native class hierarchy updated for 'AddContentDialog' in 0.0003 seconds. Added 0 classes and 0 folders.
[2019.10.16-00.12.26:749][  0]LogSlate: Updating window title bar state: overlay mode, drag disabled, window buttons hidden, title bar hidden
[2019.10.16-00.12.26:764][  0]LogSlate: Updating window title bar state: overlay mode, drag disabled, window buttons hidden, title bar hidden
[2019.10.16-00.12.26:774][  0]LogSlate: Updating window title bar state: overlay mode, drag disabled, window buttons hidden, title bar hidden
[2019.10.16-00.12.26:785][  0]LogSlate: Updating window title bar state: overlay mode, drag disabled, window buttons hidden, title bar hidden
[2019.10.16-00.12.26:825][  0]LogContentBrowser: Native class hierarchy updated for 'HierarchicalLODOutliner' in 0.0007 seconds. Added 0 classes and 0 folders.
[2019.10.16-00.12.26:828][  0]LogLoad: (Engine Initialization) Total time: 10.48 seconds
[2019.10.16-00.12.26:828][  0]LogLoad: (Engine Initialization) Total Blueprint compile time: 0.00 seconds
[2019.10.16-00.12.26:886][  0]LogAssetRegistry: Asset discovery search completed in 5.6853 seconds
[2019.10.16-00.12.26:889][  0]LogCollectionManager: Rebuilt the object cache for 0 collections in 0.000001 seconds (found 0 objects)
[2019.10.16-00.12.26:889][  0]LogCollectionManager: Fixed up redirectors for 0 collections in 0.000078 seconds (updated 0 objects)
[2019.10.16-00.12.26:891][  0]LogContentStreaming: Texture pool size now 1000 MB
[2019.10.16-00.12.26:905][  0]LogSlate: Took 0.000241 seconds to synchronously load lazily loaded font '../../../Engine/Content/Slate/Fonts/Roboto-Regular.ttf' (155K)
[2019.10.16-00.12.26:907][  0]LogSlate: Took 0.000243 seconds to synchronously load lazily loaded font '../../../Engine/Content/Editor/Slate/Fonts/FontAwesome.ttf' (139K)
[2019.10.16-00.12.26:907][  0]LogSlate: Took 0.000196 seconds to synchronously load lazily loaded font '../../../Engine/Content/Slate/Fonts/Roboto-Bold.ttf' (160K)
[2019.10.16-00.12.27:012][  2]LogRenderer: Reallocating scene render targets to support 948x892 Format 10 NumSamples 1 (Frame:1).
[2019.10.16-00.12.27:861][ 47]LogSlate: Took 0.000321 seconds to synchronously load lazily loaded font '../../../Engine/Content/Slate/Fonts/Roboto-Light.ttf' (167K)
[2019.10.16-00.12.29:230][129]LogSlate: FSceneViewport::OnFocusLost() reason 0
[2019.10.16-00.12.30:048][177]LogAssetEditorManager: Opening Asset editor for Blueprint /Game/WeaponSystem/Actor/WeaponSystem_BP.WeaponSystem_BP
[2019.10.16-00.12.30:357][177]LogContentBrowser: Native class hierarchy updated for 'BlueprintGraph' in 0.0007 seconds. Added 121 classes and 0 folders.
[2019.10.16-00.12.31:321][177]LogAssetEditorManager: Opening Asset editor for Blueprint /Engine/EditorBlueprintResources/StandardMacros.StandardMacros
[2019.10.16-00.12.31:655][177]LogAssetEditorManager: Opening Asset editor for Blueprint /Game/WeaponSystem/ActorComps/weapComp.weapComp
[2019.10.16-00.12.32:000][177]LogSlate: Took 0.000469 seconds to synchronously load lazily loaded font '../../../Engine/Content/Slate/Fonts/Roboto-BoldCondensed.ttf' (158K)
[2019.10.16-00.12.37:705][499]LogSlate: Took 0.000239 seconds to synchronously load lazily loaded font '../../../Engine/Content/Slate/Fonts/Roboto-Italic.ttf' (157K)
[2019.10.16-00.12.43:600][848]BlueprintLog: New page: Compile weapComp
[2019.10.16-00.12.44:079][848]LogUObjectHash: Compacting FUObjectHashTables data took   4.75ms
[2019.10.16-00.12.44:095][848]LogActorComponent: RegisterComponentWithWorld: (/Game/FirstPersonBP/Maps/FirstPersonExampleMap.FirstPersonExampleMap:PersistentLevel.DESTROYED_WeaponSystem_BP_C_CHILDACTOR_23.DefaultSceneRoot) Trying to register component with IsPendingKill() == true. Aborting.
[2019.10.16-00.12.44:119][848]LogActorComponent: RegisterComponentWithWorld: (/Game/FirstPersonBP/Maps/FirstPersonExampleMap.FirstPersonExampleMap:PersistentLevel.DESTROYED_WeaponSystem_BP_C_CHILDACTOR_25.DefaultSceneRoot) Trying to register component with IsPendingKill() == true. Aborting.
[2019.10.16-00.12.45:039][887]LogUObjectHash: Compacting FUObjectHashTables data took   3.77ms
[2019.10.16-00.12.45:094][887]LogUObjectHash: Compacting FUObjectHashTables data took   0.67ms
[2019.10.16-00.12.45:321][887]LogSavePackage: Moving 'C:/Users/danny/Desktop/Systems_Sandbox/Systems_Sandbox/Saved/FirstPersonExampleMapA34FEBC84459849C826885B54F87C2D7.tmp' to 'C:/Users/danny/Desktop/Systems_Sandbox/Systems_Sandbox/Content/FirstPersonBP/Maps/FirstPersonExampleMap.umap'
[2019.10.16-00.12.45:355][887]LogFileHelpers: Saving map 'FirstPersonExampleMap' took 0.297
[2019.10.16-00.12.45:358][887]Cmd: OBJ SAVEPACKAGE PACKAGE="/Game/WeaponSystem/ActorComps/weapComp" FILE="C:/Users/danny/Desktop/Systems_Sandbox/Systems_Sandbox/Content/WeaponSystem/ActorComps/weapComp.uasset" SILENT=true
[2019.10.16-00.12.45:437][887]LogSavePackage: Moving 'C:/Users/danny/Desktop/Systems_Sandbox/Systems_Sandbox/Saved/weapComp853FBE93401DBFABC70514AE6AE46B96.tmp' to 'C:/Users/danny/Desktop/Systems_Sandbox/Systems_Sandbox/Content/WeaponSystem/ActorComps/weapComp.uasset'
[2019.10.16-00.12.46:036][921]LogSlate: FSceneViewport::OnFocusLost() reason 0
[2019.10.16-00.12.46:165][929]LogTemp: Repeating last play command: Selected Viewport
[2019.10.16-00.12.46:201][929]LogBlueprintUserMessages: Early PlayInEditor Detection: Level '/Game/FirstPersonBP/Maps/FirstPersonExampleMap.FirstPersonExampleMap:PersistentLevel' has LevelScriptBlueprint '/Game/FirstPersonBP/Maps/FirstPersonExampleMap.FirstPersonExampleMap:PersistentLevel.FirstPersonExampleMap' with GeneratedClass '/Game/FirstPersonBP/Maps/FirstPersonExampleMap.FirstPersonExampleMap_C' with ClassGeneratedBy '/Game/FirstPersonBP/Maps/FirstPersonExampleMap.FirstPersonExampleMap:PersistentLevel.FirstPersonExampleMap'
[2019.10.16-00.12.46:201][929]LogPlayLevel: PlayLevel: No blueprints needed recompiling
[2019.10.16-00.12.46:201][929]PIE: New page: PIE session: FirstPersonExampleMap (Oct 15, 2019, 10:12:46 AM)
[2019.10.16-00.12.46:214][929]LogPlayLevel: Creating play world package: /Game/FirstPersonBP/Maps/UEDPIE_0_FirstPersonExampleMap
[2019.10.16-00.12.46:228][929]LogPlayLevel: PIE: StaticDuplicateObject took: (0.013684s)
[2019.10.16-00.12.46:229][929]LogAIModule: Creating AISystem for world FirstPersonExampleMap
[2019.10.16-00.12.46:229][929]LogPlayLevel: PIE: World Init took: (0.000985s)
[2019.10.16-00.12.46:229][929]LogPlayLevel: PIE: Created PIE world by copying editor world from /Game/FirstPersonBP/Maps/FirstPersonExampleMap.FirstPersonExampleMap to /Game/FirstPersonBP/Maps/UEDPIE_0_FirstPersonExampleMap.FirstPersonExampleMap (0.015068s)
[2019.10.16-00.12.46:268][929]LogUObjectHash: Compacting FUObjectHashTables data took   2.48ms
[2019.10.16-00.12.46:302][929]LogInit: XAudio2 using 'Headset Earphone (SteelSeries Arctis 5 Chat)' : 2 channels at 48 kHz using 16 bits per sample (channel mask 0x3)
[2019.10.16-00.12.46:317][929]LogInit: FAudioDevice initialized.
[2019.10.16-00.12.46:365][929]LogLoad: Game class is 'FirstPersonGameMode_C'
[2019.10.16-00.12.46:370][929]LogWorld: Bringing World /Game/FirstPersonBP/Maps/UEDPIE_0_FirstPersonExampleMap.FirstPersonExampleMap up for play (max tick rate 60) at 2019.10.15-17.12.46
[2019.10.16-00.12.46:370][929]LogWorld: Bringing up level for play took: 0.003596
[2019.10.16-00.12.46:386][929]LogBlueprintActionDatabase: Requesting refresh due to module change: Voice (loaded)
[2019.10.16-00.12.46:390][929]LogBlueprintActionDatabase: Requesting refresh due to module change: MovieSceneCapture (loaded)
[2019.10.16-00.12.46:391][929]LogContentBrowser: Native class hierarchy updated for 'MovieSceneCapture' in 0.0006 seconds. Added 20 classes and 0 folders.
[2019.10.16-00.12.46:394][929]PIE: Play in editor start time for /Game/FirstPersonBP/Maps/UEDPIE_0_FirstPersonExampleMap 0.829
[2019.10.16-00.12.46:394][929]LogBlueprintUserMessages: Late PlayInEditor Detection: Level '/Game/FirstPersonBP/Maps/FirstPersonExampleMap.FirstPersonExampleMap:PersistentLevel' has LevelScriptBlueprint '/Game/FirstPersonBP/Maps/FirstPersonExampleMap.FirstPersonExampleMap:PersistentLevel.FirstPersonExampleMap' with GeneratedClass '/Game/FirstPersonBP/Maps/FirstPersonExampleMap.FirstPersonExampleMap_C' with ClassGeneratedBy '/Game/FirstPersonBP/Maps/FirstPersonExampleMap.FirstPersonExampleMap:PersistentLevel.FirstPersonExampleMap'
[2019.10.16-00.12.47:655][982]LogBlueprintUserMessages: [ChildActor_GEN_VARIABLE_WeaponSystem_BP_C_CAT_18] ACTION[Reloading]
[2019.10.16-00.12.47:655][982]LogScript: Warning: Script Msg: Attempted to access index 8 from array 'weapComps' of length 8 in '/Game/WeaponSystem/Actor/WeaponSystem_BP.WeaponSystem_BP_C'!
[2019.10.16-00.12.47:655][982]LogBlueprintUserMessages: [NODE_AddweapStage_Unloading-1] Unloading
[2019.10.16-00.12.47:655][982]LogBlueprintUserMessages: [NODE_AddweapStage_Opening-1] Opening
[2019.10.16-00.12.47:655][982]LogScript: Warning: Accessed None trying to read property thisComp
	weapStage_Opening_C /Game/FirstPersonBP/Maps/UEDPIE_0_FirstPersonExampleMap.FirstPersonExampleMap:PersistentLevel.ChildActor_GEN_VARIABLE_WeaponSystem_BP_C_CAT_18.NODE_AddweapStage_Opening-1
	Function /Game/WeaponSystem/WeaponStageInstances/weapStage_Opening.weapStage_Opening_C:activationStage:0063
[2019.10.16-00.12.47:655][982]PIE: Error: Blueprint Runtime Error: "Accessed None trying to read property thisComp". Blueprint:  weapStage_Opening Function:  Activation Stage Graph:  activationStage Node:  Set Weap Comp
[2019.10.16-00.12.47:655][982]LogScript: Warning: Accessed None
	weapStage_Opening_C /Game/FirstPersonBP/Maps/UEDPIE_0_FirstPersonExampleMap.FirstPersonExampleMap:PersistentLevel.ChildActor_GEN_VARIABLE_WeaponSystem_BP_C_CAT_18.NODE_AddweapStage_Opening-1
	Function /Game/WeaponSystem/WeaponStageInstances/weapStage_Opening.weapStage_Opening_C:activationStage:0078
[2019.10.16-00.12.47:655][982]PIE: Error: Blueprint Runtime Error: "Accessed None". Blueprint:  weapStage_Opening Function:  Activation Stage Graph:  activationStage Node:  Set Weap Comp
[2019.10.16-00.12.47:655][982]LogBlueprintUserMessages: [NODE_AddweapStage_Feeding-1] Feeding
[2019.10.16-00.12.47:655][982]LogScript: Warning: Accessed None trying to read property thisComp
	weapStage_Feeding_C /Game/FirstPersonBP/Maps/UEDPIE_0_FirstPersonExampleMap.FirstPersonExampleMap:PersistentLevel.ChildActor_GEN_VARIABLE_WeaponSystem_BP_C_CAT_18.NODE_AddweapStage_Feeding-1
	Function /Game/WeaponSystem/WeaponStageInstances/weapStage_Feeding.weapStage_Feeding_C:activationStage:0063
[2019.10.16-00.12.47:655][982]PIE: Error: Blueprint Runtime Error: "Accessed None trying to read property thisComp". Blueprint:  weapStage_Feeding Function:  Activation Stage Graph:  activationStage Node:  Activate Component
[2019.10.16-00.12.47:655][982]LogScript: Warning: Accessed None
	weapStage_Feeding_C /Game/FirstPersonBP/Maps/UEDPIE_0_FirstPersonExampleMap.FirstPersonExampleMap:PersistentLevel.ChildActor_GEN_VARIABLE_WeaponSystem_BP_C_CAT_18.NODE_AddweapStage_Feeding-1
	Function /Game/WeaponSystem/WeaponStageInstances/weapStage_Feeding.weapStage_Feeding_C:activationStage:0078
[2019.10.16-00.12.47:655][982]PIE: Error: Blueprint Runtime Error: "Accessed None". Blueprint:  weapStage_Feeding Function:  Activation Stage Graph:  activationStage Node:  Activate Component
[2019.10.16-00.12.47:655][982]LogBlueprintUserMessages: [NODE_AddweapStage_Feeding-1] *FORCING Success
[2019.10.16-00.12.47:655][982]LogBlueprintUserMessages: [NODE_AddweapStage_Ejecting-1] Ejecting
[2019.10.16-00.12.47:656][982]LogScript: Warning: Accessed None trying to read property thisComp
	weapStage_Ejecting_C /Game/FirstPersonBP/Maps/UEDPIE_0_FirstPersonExampleMap.FirstPersonExampleMap:PersistentLevel.ChildActor_GEN_VARIABLE_WeaponSystem_BP_C_CAT_18.NODE_AddweapStage_Ejecting-1
	Function /Game/WeaponSystem/WeaponStageInstances/weapStage_Ejecting.weapStage_Ejecting_C:activationStage:0064
[2019.10.16-00.12.47:656][982]PIE: Error: Blueprint Runtime Error: "Accessed None trying to read property thisComp". Blueprint:  weapStage_Ejecting Function:  Activation Stage Graph:  activationStage Node:  Get Weap Comp
[2019.10.16-00.12.47:656][982]LogScript: Warning: Accessed None
	weapStage_Ejecting_C /Game/FirstPersonBP/Maps/UEDPIE_0_FirstPersonExampleMap.FirstPersonExampleMap:PersistentLevel.ChildActor_GEN_VARIABLE_WeaponSystem_BP_C_CAT_18.NODE_AddweapStage_Ejecting-1
	Function /Game/WeaponSystem/WeaponStageInstances/weapStage_Ejecting.weapStage_Ejecting_C:activationStage:0079
[2019.10.16-00.12.47:656][982]PIE: Error: Blueprint Runtime Error: "Accessed None". Blueprint:  weapStage_Ejecting Function:  Activation Stage Graph:  activationStage Node:  Get Weap Comp
[2019.10.16-00.12.47:656][982]LogBlueprintUserMessages: [NODE_AddweapStage_Chambing-1] Chambering
[2019.10.16-00.12.47:656][982]LogBlueprintUserMessages: [NODE_AddweapStage_Extracting-1] Extracting
[2019.10.16-00.12.47:656][982]LogScript: Warning: Accessed None trying to read property thisComp
	weapStage_Extracting_C /Game/FirstPersonBP/Maps/UEDPIE_0_FirstPersonExampleMap.FirstPersonExampleMap:PersistentLevel.ChildActor_GEN_VARIABLE_WeaponSystem_BP_C_CAT_18.NODE_AddweapStage_Extracting-1
	Function /Game/WeaponSystem/WeaponStageInstances/weapStage_Extracting.weapStage_Extracting_C:activationStage:0066
[2019.10.16-00.12.47:656][982]PIE: Error: Blueprint Runtime Error: "Accessed None trying to read property thisComp". Blueprint:  weapStage_Extracting Function:  Activation Stage Graph:  activationStage Node:  Ready Component
[2019.10.16-00.12.47:656][982]LogScript: Warning: Accessed None
	weapStage_Extracting_C /Game/FirstPersonBP/Maps/UEDPIE_0_FirstPersonExampleMap.FirstPersonExampleMap:PersistentLevel.ChildActor_GEN_VARIABLE_WeaponSystem_BP_C_CAT_18.NODE_AddweapStage_Extracting-1
	Function /Game/WeaponSystem/WeaponStageInstances/weapStage_Extracting.weapStage_Extracting_C:activationStage:007B
[2019.10.16-00.12.47:656][982]PIE: Error: Blueprint Runtime Error: "Accessed None". Blueprint:  weapStage_Extracting Function:  Activation Stage Graph:  activationStage Node:  Ready Component
[2019.10.16-00.12.47:656][982]LogBlueprintUserMessages: [NODE_AddweapStage_Closing-1] Closing
[2019.10.16-00.12.47:656][982]LogBlueprintUserMessages: [NODE_AddweapStage_Pulling-0] Pulling
[2019.10.16-00.12.47:656][982]LogScript: Warning: Accessed None trying to read property thisComp
	weapStage_Pulling_C /Game/FirstPersonBP/Maps/UEDPIE_0_FirstPersonExampleMap.FirstPersonExampleMap:PersistentLevel.ChildActor_GEN_VARIABLE_WeaponSystem_BP_C_CAT_18.NODE_AddweapStage_Pulling-0
	Function /Game/WeaponSystem/WeaponStageInstances/weapStage_Pulling.weapStage_Pulling_C:activationStage:0063
[2019.10.16-00.12.47:656][982]PIE: Error: Blueprint Runtime Error: "Accessed None trying to read property thisComp". Blueprint:  weapStage_Pulling Function:  Activation Stage Graph:  activationStage Node:  Get Weap Comp
[2019.10.16-00.12.47:656][982]LogScript: Warning: Accessed None
	weapStage_Pulling_C /Game/FirstPersonBP/Maps/UEDPIE_0_FirstPersonExampleMap.FirstPersonExampleMap:PersistentLevel.ChildActor_GEN_VARIABLE_WeaponSystem_BP_C_CAT_18.NODE_AddweapStage_Pulling-0
	Function /Game/WeaponSystem/WeaponStageInstances/weapStage_Pulling.weapStage_Pulling_C:activationStage:0078
[2019.10.16-00.12.47:656][982]PIE: Error: Blueprint Runtime Error: "Accessed None". Blueprint:  weapStage_Pulling Function:  Activation Stage Graph:  activationStage Node:  Get Weap Comp
[2019.10.16-00.12.48:421][ 28]LogBlueprintUserMessages: [ChildActor_GEN_VARIABLE_WeaponSystem_BP_C_CAT_18] ACTION[Reloading]
[2019.10.16-00.12.48:421][ 28]LogScript: Warning: Script Msg: Attempted to access index 8 from array 'weapComps' of length 8 in '/Game/WeaponSystem/Actor/WeaponSystem_BP.WeaponSystem_BP_C'!
[2019.10.16-00.12.48:422][ 28]LogBlueprintUserMessages: [NODE_AddweapStage_Unloading-1] Unloading
[2019.10.16-00.12.48:422][ 28]LogBlueprintUserMessages: [NODE_AddweapStage_Opening-1] Opening
[2019.10.16-00.12.48:422][ 28]LogScript: Warning: Accessed None trying to read property thisComp
	weapStage_Opening_C /Game/FirstPersonBP/Maps/UEDPIE_0_FirstPersonExampleMap.FirstPersonExampleMap:PersistentLevel.ChildActor_GEN_VARIABLE_WeaponSystem_BP_C_CAT_18.NODE_AddweapStage_Opening-1
	Function /Game/WeaponSystem/WeaponStageInstances/weapStage_Opening.weapStage_Opening_C:activationStage:0063
[2019.10.16-00.12.48:422][ 28]PIE: Error: Blueprint Runtime Error: "Accessed None trying to read property thisComp". Blueprint:  weapStage_Opening Function:  Activation Stage Graph:  activationStage Node:  Set Weap Comp
[2019.10.16-00.12.48:422][ 28]LogScript: Warning: Accessed None
	weapStage_Opening_C /Game/FirstPersonBP/Maps/UEDPIE_0_FirstPersonExampleMap.FirstPersonExampleMap:PersistentLevel.ChildActor_GEN_VARIABLE_WeaponSystem_BP_C_CAT_18.NODE_AddweapStage_Opening-1
	Function /Game/WeaponSystem/WeaponStageInstances/weapStage_Opening.weapStage_Opening_C:activationStage:0078
[2019.10.16-00.12.48:422][ 28]PIE: Error: Blueprint Runtime Error: "Accessed None". Blueprint:  weapStage_Opening Function:  Activation Stage Graph:  activationStage Node:  Set Weap Comp
[2019.10.16-00.12.48:422][ 28]LogBlueprintUserMessages: [NODE_AddweapStage_Feeding-1] Feeding
[2019.10.16-00.12.48:422][ 28]LogScript: Warning: Accessed None trying to read property thisComp
	weapStage_Feeding_C /Game/FirstPersonBP/Maps/UEDPIE_0_FirstPersonExampleMap.FirstPersonExampleMap:PersistentLevel.ChildActor_GEN_VARIABLE_WeaponSystem_BP_C_CAT_18.NODE_AddweapStage_Feeding-1
	Function /Game/WeaponSystem/WeaponStageInstances/weapStage_Feeding.weapStage_Feeding_C:activationStage:0063
[2019.10.16-00.12.48:422][ 28]PIE: Error: Blueprint Runtime Error: "Accessed None trying to read property thisComp". Blueprint:  weapStage_Feeding Function:  Activation Stage Graph:  activationStage Node:  Activate Component
[2019.10.16-00.12.48:422][ 28]LogScript: Warning: Accessed None
	weapStage_Feeding_C /Game/FirstPersonBP/Maps/UEDPIE_0_FirstPersonExampleMap.FirstPersonExampleMap:PersistentLevel.ChildActor_GEN_VARIABLE_WeaponSystem_BP_C_CAT_18.NODE_AddweapStage_Feeding-1
	Function /Game/WeaponSystem/WeaponStageInstances/weapStage_Feeding.weapStage_Feeding_C:activationStage:0078
[2019.10.16-00.12.48:422][ 28]PIE: Error: Blueprint Runtime Error: "Accessed None". Blueprint:  weapStage_Feeding Function:  Activation Stage Graph:  activationStage Node:  Activate Component
[2019.10.16-00.12.48:422][ 28]LogBlueprintUserMessages: [NODE_AddweapStage_Feeding-1] *FORCING Success
[2019.10.16-00.12.48:422][ 28]LogBlueprintUserMessages: [NODE_AddweapStage_Ejecting-1] Ejecting
[2019.10.16-00.12.48:422][ 28]LogScript: Warning: Accessed None trying to read property thisComp
	weapStage_Ejecting_C /Game/FirstPersonBP/Maps/UEDPIE_0_FirstPersonExampleMap.FirstPersonExampleMap:PersistentLevel.ChildActor_GEN_VARIABLE_WeaponSystem_BP_C_CAT_18.NODE_AddweapStage_Ejecting-1
	Function /Game/WeaponSystem/WeaponStageInstances/weapStage_Ejecting.weapStage_Ejecting_C:activationStage:0064
[2019.10.16-00.12.48:422][ 28]PIE: Error: Blueprint Runtime Error: "Accessed None trying to read property thisComp". Blueprint:  weapStage_Ejecting Function:  Activation Stage Graph:  activationStage Node:  Get Weap Comp
[2019.10.16-00.12.48:422][ 28]LogScript: Warning: Accessed None
	weapStage_Ejecting_C /Game/FirstPersonBP/Maps/UEDPIE_0_FirstPersonExampleMap.FirstPersonExampleMap:PersistentLevel.ChildActor_GEN_VARIABLE_WeaponSystem_BP_C_CAT_18.NODE_AddweapStage_Ejecting-1
	Function /Game/WeaponSystem/WeaponStageInstances/weapStage_Ejecting.weapStage_Ejecting_C:activationStage:0079
[2019.10.16-00.12.48:422][ 28]PIE: Error: Blueprint Runtime Error: "Accessed None". Blueprint:  weapStage_Ejecting Function:  Activation Stage Graph:  activationStage Node:  Get Weap Comp
[2019.10.16-00.12.48:422][ 28]LogBlueprintUserMessages: [NODE_AddweapStage_Chambing-1] Chambering
[2019.10.16-00.12.48:422][ 28]LogBlueprintUserMessages: [NODE_AddweapStage_Extracting-1] Extracting
[2019.10.16-00.12.48:422][ 28]LogScript: Warning: Accessed None trying to read property thisComp
	weapStage_Extracting_C /Game/FirstPersonBP/Maps/UEDPIE_0_FirstPersonExampleMap.FirstPersonExampleMap:PersistentLevel.ChildActor_GEN_VARIABLE_WeaponSystem_BP_C_CAT_18.NODE_AddweapStage_Extracting-1
	Function /Game/WeaponSystem/WeaponStageInstances/weapStage_Extracting.weapStage_Extracting_C:activationStage:0066
[2019.10.16-00.12.48:423][ 28]PIE: Error: Blueprint Runtime Error: "Accessed None trying to read property thisComp". Blueprint:  weapStage_Extracting Function:  Activation Stage Graph:  activationStage Node:  Ready Component
[2019.10.16-00.12.48:423][ 28]LogScript: Warning: Accessed None
	weapStage_Extracting_C /Game/FirstPersonBP/Maps/UEDPIE_0_FirstPersonExampleMap.FirstPersonExampleMap:PersistentLevel.ChildActor_GEN_VARIABLE_WeaponSystem_BP_C_CAT_18.NODE_AddweapStage_Extracting-1
	Function /Game/WeaponSystem/WeaponStageInstances/weapStage_Extracting.weapStage_Extracting_C:activationStage:007B
[2019.10.16-00.12.48:423][ 28]PIE: Error: Blueprint Runtime Error: "Accessed None". Blueprint:  weapStage_Extracting Function:  Activation Stage Graph:  activationStage Node:  Ready Component
[2019.10.16-00.12.48:423][ 28]LogBlueprintUserMessages: [NODE_AddweapStage_Closing-1] Closing
[2019.10.16-00.12.48:423][ 28]LogBlueprintUserMessages: [NODE_AddweapStage_Pulling-0] Pulling
[2019.10.16-00.12.48:423][ 28]LogScript: Warning: Accessed None trying to read property thisComp
	weapStage_Pulling_C /Game/FirstPersonBP/Maps/UEDPIE_0_FirstPersonExampleMap.FirstPersonExampleMap:PersistentLevel.ChildActor_GEN_VARIABLE_WeaponSystem_BP_C_CAT_18.NODE_AddweapStage_Pulling-0
	Function /Game/WeaponSystem/WeaponStageInstances/weapStage_Pulling.weapStage_Pulling_C:activationStage:0063
[2019.10.16-00.12.48:423][ 28]PIE: Error: Blueprint Runtime Error: "Accessed None trying to read property thisComp". Blueprint:  weapStage_Pulling Function:  Activation Stage Graph:  activationStage Node:  Get Weap Comp
[2019.10.16-00.12.48:423][ 28]LogScript: Warning: Accessed None
	weapStage_Pulling_C /Game/FirstPersonBP/Maps/UEDPIE_0_FirstPersonExampleMap.FirstPersonExampleMap:PersistentLevel.ChildActor_GEN_VARIABLE_WeaponSystem_BP_C_CAT_18.NODE_AddweapStage_Pulling-0
	Function /Game/WeaponSystem/WeaponStageInstances/weapStage_Pulling.weapStage_Pulling_C:activationStage:0078
[2019.10.16-00.12.48:423][ 28]PIE: Error: Blueprint Runtime Error: "Accessed None". Blueprint:  weapStage_Pulling Function:  Activation Stage Graph:  activationStage Node:  Get Weap Comp
[2019.10.16-00.12.49:655][102]LogBlueprintUserMessages: [ChildActor_GEN_VARIABLE_WeaponSystem_BP_C_CAT_18] ACTION[Reloading]
[2019.10.16-00.12.49:655][102]LogScript: Warning: Script Msg: Attempted to access index 8 from array 'weapComps' of length 8 in '/Game/WeaponSystem/Actor/WeaponSystem_BP.WeaponSystem_BP_C'!
[2019.10.16-00.12.49:655][102]LogBlueprintUserMessages: [NODE_AddweapStage_Unloading-1] Unloading
[2019.10.16-00.12.49:655][102]LogBlueprintUserMessages: [NODE_AddweapStage_Opening-1] Opening
[2019.10.16-00.12.49:655][102]LogScript: Warning: Accessed None trying to read property thisComp
	weapStage_Opening_C /Game/FirstPersonBP/Maps/UEDPIE_0_FirstPersonExampleMap.FirstPersonExampleMap:PersistentLevel.ChildActor_GEN_VARIABLE_WeaponSystem_BP_C_CAT_18.NODE_AddweapStage_Opening-1
	Function /Game/WeaponSystem/WeaponStageInstances/weapStage_Opening.weapStage_Opening_C:activationStage:0063
[2019.10.16-00.12.49:655][102]PIE: Error: Blueprint Runtime Error: "Accessed None trying to read property thisComp". Blueprint:  weapStage_Opening Function:  Activation Stage Graph:  activationStage Node:  Set Weap Comp
[2019.10.16-00.12.49:655][102]LogScript: Warning: Accessed None
	weapStage_Opening_C /Game/FirstPersonBP/Maps/UEDPIE_0_FirstPersonExampleMap.FirstPersonExampleMap:PersistentLevel.ChildActor_GEN_VARIABLE_WeaponSystem_BP_C_CAT_18.NODE_AddweapStage_Opening-1
	Function /Game/WeaponSystem/WeaponStageInstances/weapStage_Opening.weapStage_Opening_C:activationStage:0078
[2019.10.16-00.12.49:655][102]PIE: Error: Blueprint Runtime Error: "Accessed None". Blueprint:  weapStage_Opening Function:  Activation Stage Graph:  activationStage Node:  Set Weap Comp
[2019.10.16-00.12.49:655][102]LogBlueprintUserMessages: [NODE_AddweapStage_Feeding-1] Feeding
[2019.10.16-00.12.49:655][102]LogScript: Warning: Accessed None trying to read property thisComp
	weapStage_Feeding_C /Game/FirstPersonBP/Maps/UEDPIE_0_FirstPersonExampleMap.FirstPersonExampleMap:PersistentLevel.ChildActor_GEN_VARIABLE_WeaponSystem_BP_C_CAT_18.NODE_AddweapStage_Feeding-1
	Function /Game/WeaponSystem/WeaponStageInstances/weapStage_Feeding.weapStage_Feeding_C:activationStage:0063
[2019.10.16-00.12.49:655][102]PIE: Error: Blueprint Runtime Error: "Accessed None trying to read property thisComp". Blueprint:  weapStage_Feeding Function:  Activation Stage Graph:  activationStage Node:  Activate Component
[2019.10.16-00.12.49:655][102]LogScript: Warning: Accessed None
	weapStage_Feeding_C /Game/FirstPersonBP/Maps/UEDPIE_0_FirstPersonExampleMap.FirstPersonExampleMap:PersistentLevel.ChildActor_GEN_VARIABLE_WeaponSystem_BP_C_CAT_18.NODE_AddweapStage_Feeding-1
	Function /Game/WeaponSystem/WeaponStageInstances/weapStage_Feeding.weapStage_Feeding_C:activationStage:0078
[2019.10.16-00.12.49:655][102]PIE: Error: Blueprint Runtime Error: "Accessed None". Blueprint:  weapStage_Feeding Function:  Activation Stage Graph:  activationStage Node:  Activate Component
[2019.10.16-00.12.49:655][102]LogBlueprintUserMessages: [NODE_AddweapStage_Feeding-1] *FORCING Success
[2019.10.16-00.12.49:655][102]LogBlueprintUserMessages: [NODE_AddweapStage_Ejecting-1] Ejecting
[2019.10.16-00.12.49:655][102]LogScript: Warning: Accessed None trying to read property thisComp
	weapStage_Ejecting_C /Game/FirstPersonBP/Maps/UEDPIE_0_FirstPersonExampleMap.FirstPersonExampleMap:PersistentLevel.ChildActor_GEN_VARIABLE_WeaponSystem_BP_C_CAT_18.NODE_AddweapStage_Ejecting-1
	Function /Game/WeaponSystem/WeaponStageInstances/weapStage_Ejecting.weapStage_Ejecting_C:activationStage:0064
[2019.10.16-00.12.49:656][102]PIE: Error: Blueprint Runtime Error: "Accessed None trying to read property thisComp". Blueprint:  weapStage_Ejecting Function:  Activation Stage Graph:  activationStage Node:  Get Weap Comp
[2019.10.16-00.12.49:656][102]LogScript: Warning: Accessed None
	weapStage_Ejecting_C /Game/FirstPersonBP/Maps/UEDPIE_0_FirstPersonExampleMap.FirstPersonExampleMap:PersistentLevel.ChildActor_GEN_VARIABLE_WeaponSystem_BP_C_CAT_18.NODE_AddweapStage_Ejecting-1
	Function /Game/WeaponSystem/WeaponStageInstances/weapStage_Ejecting.weapStage_Ejecting_C:activationStage:0079
[2019.10.16-00.12.49:656][102]PIE: Error: Blueprint Runtime Error: "Accessed None". Blueprint:  weapStage_Ejecting Function:  Activation Stage Graph:  activationStage Node:  Get Weap Comp
[2019.10.16-00.12.49:656][102]LogBlueprintUserMessages: [NODE_AddweapStage_Chambing-1] Chambering
[2019.10.16-00.12.49:656][102]LogBlueprintUserMessages: [NODE_AddweapStage_Extracting-1] Extracting
[2019.10.16-00.12.49:656][102]LogScript: Warning: Accessed None trying to read property thisComp
	weapStage_Extracting_C /Game/FirstPersonBP/Maps/UEDPIE_0_FirstPersonExampleMap.FirstPersonExampleMap:PersistentLevel.ChildActor_GEN_VARIABLE_WeaponSystem_BP_C_CAT_18.NODE_AddweapStage_Extracting-1
	Function /Game/WeaponSystem/WeaponStageInstances/weapStage_Extracting.weapStage_Extracting_C:activationStage:0066
[2019.10.16-00.12.49:656][102]PIE: Error: Blueprint Runtime Error: "Accessed None trying to read property thisComp". Blueprint:  weapStage_Extracting Function:  Activation Stage Graph:  activationStage Node:  Ready Component
[2019.10.16-00.12.49:656][102]LogScript: Warning: Accessed None
	weapStage_Extracting_C /Game/FirstPersonBP/Maps/UEDPIE_0_FirstPersonExampleMap.FirstPersonExampleMap:PersistentLevel.ChildActor_GEN_VARIABLE_WeaponSystem_BP_C_CAT_18.NODE_AddweapStage_Extracting-1
	Function /Game/WeaponSystem/WeaponStageInstances/weapStage_Extracting.weapStage_Extracting_C:activationStage:007B
[2019.10.16-00.12.49:656][102]PIE: Error: Blueprint Runtime Error: "Accessed None". Blueprint:  weapStage_Extracting Function:  Activation Stage Graph:  activationStage Node:  Ready Component
[2019.10.16-00.12.49:656][102]LogBlueprintUserMessages: [NODE_AddweapStage_Closing-1] Closing
[2019.10.16-00.12.49:656][102]LogBlueprintUserMessages: [NODE_AddweapStage_Pulling-0] Pulling
[2019.10.16-00.12.49:656][102]LogScript: Warning: Accessed None trying to read property thisComp
	weapStage_Pulling_C /Game/FirstPersonBP/Maps/UEDPIE_0_FirstPersonExampleMap.FirstPersonExampleMap:PersistentLevel.ChildActor_GEN_VARIABLE_WeaponSystem_BP_C_CAT_18.NODE_AddweapStage_Pulling-0
	Function /Game/WeaponSystem/WeaponStageInstances/weapStage_Pulling.weapStage_Pulling_C:activationStage:0063
[2019.10.16-00.12.49:656][102]PIE: Error: Blueprint Runtime Error: "Accessed None trying to read property thisComp". Blueprint:  weapStage_Pulling Function:  Activation Stage Graph:  activationStage Node:  Get Weap Comp
[2019.10.16-00.12.49:656][102]LogScript: Warning: Accessed None
	weapStage_Pulling_C /Game/FirstPersonBP/Maps/UEDPIE_0_FirstPersonExampleMap.FirstPersonExampleMap:PersistentLevel.ChildActor_GEN_VARIABLE_WeaponSystem_BP_C_CAT_18.NODE_AddweapStage_Pulling-0
	Function /Game/WeaponSystem/WeaponStageInstances/weapStage_Pulling.weapStage_Pulling_C:activationStage:0078
[2019.10.16-00.12.49:656][102]PIE: Error: Blueprint Runtime Error: "Accessed None". Blueprint:  weapStage_Pulling Function:  Activation Stage Graph:  activationStage Node:  Get Weap Comp
[2019.10.16-00.12.53:592][338]LogBlueprintUserMessages: [ChildActor_GEN_VARIABLE_WeaponSystem_BP_C_CAT_18] ACTION[AmmoCheck]
[2019.10.16-00.12.53:592][338]LogScript: Warning: Script Msg: Attempted to access index 8 from array 'weapComps' of length 8 in '/Game/WeaponSystem/Actor/WeaponSystem_BP.WeaponSystem_BP_C'!
[2019.10.16-00.12.53:592][338]LogBlueprintUserMessages: [ChildActor_GEN_VARIABLE_WeaponSystem_BP_C_CAT_18] *Rounds in system in all: 0
[2019.10.16-00.12.54:442][389]LogBlueprintUserMessages: [ChildActor_GEN_VARIABLE_WeaponSystem_BP_C_CAT_18] ACTION[Reloading]
[2019.10.16-00.12.54:442][389]LogScript: Warning: Script Msg: Attempted to access index 8 from array 'weapComps' of length 8 in '/Game/WeaponSystem/Actor/WeaponSystem_BP.WeaponSystem_BP_C'!
[2019.10.16-00.12.54:442][389]LogBlueprintUserMessages: [NODE_AddweapStage_Unloading-1] Unloading
[2019.10.16-00.12.54:442][389]LogBlueprintUserMessages: [NODE_AddweapStage_Opening-1] Opening
[2019.10.16-00.12.54:442][389]LogScript: Warning: Accessed None trying to read property thisComp
	weapStage_Opening_C /Game/FirstPersonBP/Maps/UEDPIE_0_FirstPersonExampleMap.FirstPersonExampleMap:PersistentLevel.ChildActor_GEN_VARIABLE_WeaponSystem_BP_C_CAT_18.NODE_AddweapStage_Opening-1
	Function /Game/WeaponSystem/WeaponStageInstances/weapStage_Opening.weapStage_Opening_C:activationStage:0063
[2019.10.16-00.12.54:442][389]PIE: Error: Blueprint Runtime Error: "Accessed None trying to read property thisComp". Blueprint:  weapStage_Opening Function:  Activation Stage Graph:  activationStage Node:  Set Weap Comp
[2019.10.16-00.12.54:442][389]LogScript: Warning: Accessed None
	weapStage_Opening_C /Game/FirstPersonBP/Maps/UEDPIE_0_FirstPersonExampleMap.FirstPersonExampleMap:PersistentLevel.ChildActor_GEN_VARIABLE_WeaponSystem_BP_C_CAT_18.NODE_AddweapStage_Opening-1
	Function /Game/WeaponSystem/WeaponStageInstances/weapStage_Opening.weapStage_Opening_C:activationStage:0078
[2019.10.16-00.12.54:442][389]PIE: Error: Blueprint Runtime Error: "Accessed None". Blueprint:  weapStage_Opening Function:  Activation Stage Graph:  activationStage Node:  Set Weap Comp
[2019.10.16-00.12.54:442][389]LogBlueprintUserMessages: [NODE_AddweapStage_Feeding-1] Feeding
[2019.10.16-00.12.54:442][389]LogScript: Warning: Accessed None trying to read property thisComp
	weapStage_Feeding_C /Game/FirstPersonBP/Maps/UEDPIE_0_FirstPersonExampleMap.FirstPersonExampleMap:PersistentLevel.ChildActor_GEN_VARIABLE_WeaponSystem_BP_C_CAT_18.NODE_AddweapStage_Feeding-1
	Function /Game/WeaponSystem/WeaponStageInstances/weapStage_Feeding.weapStage_Feeding_C:activationStage:0063
[2019.10.16-00.12.54:442][389]PIE: Error: Blueprint Runtime Error: "Accessed None trying to read property thisComp". Blueprint:  weapStage_Feeding Function:  Activation Stage Graph:  activationStage Node:  Activate Component
[2019.10.16-00.12.54:443][389]LogScript: Warning: Accessed None
	weapStage_Feeding_C /Game/FirstPersonBP/Maps/UEDPIE_0_FirstPersonExampleMap.FirstPersonExampleMap:PersistentLevel.ChildActor_GEN_VARIABLE_WeaponSystem_BP_C_CAT_18.NODE_AddweapStage_Feeding-1
	Function /Game/WeaponSystem/WeaponStageInstances/weapStage_Feeding.weapStage_Feeding_C:activationStage:0078
[2019.10.16-00.12.54:443][389]PIE: Error: Blueprint Runtime Error: "Accessed None". Blueprint:  weapStage_Feeding Function:  Activation Stage Graph:  activationStage Node:  Activate Component
[2019.10.16-00.12.54:443][389]LogBlueprintUserMessages: [NODE_AddweapStage_Feeding-1] *FORCING Success
[2019.10.16-00.12.54:443][389]LogBlueprintUserMessages: [NODE_AddweapStage_Ejecting-1] Ejecting
[2019.10.16-00.12.54:443][389]LogScript: Warning: Accessed None trying to read property thisComp
	weapStage_Ejecting_C /Game/FirstPersonBP/Maps/UEDPIE_0_FirstPersonExampleMap.FirstPersonExampleMap:PersistentLevel.ChildActor_GEN_VARIABLE_WeaponSystem_BP_C_CAT_18.NODE_AddweapStage_Ejecting-1
	Function /Game/WeaponSystem/WeaponStageInstances/weapStage_Ejecting.weapStage_Ejecting_C:activationStage:0064
[2019.10.16-00.12.54:443][389]PIE: Error: Blueprint Runtime Error: "Accessed None trying to read property thisComp". Blueprint:  weapStage_Ejecting Function:  Activation Stage Graph:  activationStage Node:  Get Weap Comp
[2019.10.16-00.12.54:443][389]LogScript: Warning: Accessed None
	weapStage_Ejecting_C /Game/FirstPersonBP/Maps/UEDPIE_0_FirstPersonExampleMap.FirstPersonExampleMap:PersistentLevel.ChildActor_GEN_VARIABLE_WeaponSystem_BP_C_CAT_18.NODE_AddweapStage_Ejecting-1
	Function /Game/WeaponSystem/WeaponStageInstances/weapStage_Ejecting.weapStage_Ejecting_C:activationStage:0079
[2019.10.16-00.12.54:443][389]PIE: Error: Blueprint Runtime Error: "Accessed None". Blueprint:  weapStage_Ejecting Function:  Activation Stage Graph:  activationStage Node:  Get Weap Comp
[2019.10.16-00.12.54:443][389]LogBlueprintUserMessages: [NODE_AddweapStage_Chambing-1] Chambering
[2019.10.16-00.12.54:443][389]LogBlueprintUserMessages: [NODE_AddweapStage_Extracting-1] Extracting
[2019.10.16-00.12.54:443][389]LogScript: Warning: Accessed None trying to read property thisComp
	weapStage_Extracting_C /Game/FirstPersonBP/Maps/UEDPIE_0_FirstPersonExampleMap.FirstPersonExampleMap:PersistentLevel.ChildActor_GEN_VARIABLE_WeaponSystem_BP_C_CAT_18.NODE_AddweapStage_Extracting-1
	Function /Game/WeaponSystem/WeaponStageInstances/weapStage_Extracting.weapStage_Extracting_C:activationStage:0066
[2019.10.16-00.12.54:443][389]PIE: Error: Blueprint Runtime Error: "Accessed None trying to read property thisComp". Blueprint:  weapStage_Extracting Function:  Activation Stage Graph:  activationStage Node:  Ready Component
[2019.10.16-00.12.54:443][389]LogScript: Warning: Accessed None
	weapStage_Extracting_C /Game/FirstPersonBP/Maps/UEDPIE_0_FirstPersonExampleMap.FirstPersonExampleMap:PersistentLevel.ChildActor_GEN_VARIABLE_WeaponSystem_BP_C_CAT_18.NODE_AddweapStage_Extracting-1
	Function /Game/WeaponSystem/WeaponStageInstances/weapStage_Extracting.weapStage_Extracting_C:activationStage:007B
[2019.10.16-00.12.54:443][389]PIE: Error: Blueprint Runtime Error: "Accessed None". Blueprint:  weapStage_Extracting Function:  Activation Stage Graph:  activationStage Node:  Ready Component
[2019.10.16-00.12.54:443][389]LogBlueprintUserMessages: [NODE_AddweapStage_Closing-1] Closing
[2019.10.16-00.12.54:444][389]LogBlueprintUserMessages: [NODE_AddweapStage_Pulling-0] Pulling
[2019.10.16-00.12.54:444][389]LogScript: Warning: Accessed None trying to read property thisComp
	weapStage_Pulling_C /Game/FirstPersonBP/Maps/UEDPIE_0_FirstPersonExampleMap.FirstPersonExampleMap:PersistentLevel.ChildActor_GEN_VARIABLE_WeaponSystem_BP_C_CAT_18.NODE_AddweapStage_Pulling-0
	Function /Game/WeaponSystem/WeaponStageInstances/weapStage_Pulling.weapStage_Pulling_C:activationStage:0063
[2019.10.16-00.12.54:444][389]PIE: Error: Blueprint Runtime Error: "Accessed None trying to read property thisComp". Blueprint:  weapStage_Pulling Function:  Activation Stage Graph:  activationStage Node:  Get Weap Comp
[2019.10.16-00.12.54:444][389]LogScript: Warning: Accessed None
	weapStage_Pulling_C /Game/FirstPersonBP/Maps/UEDPIE_0_FirstPersonExampleMap.FirstPersonExampleMap:PersistentLevel.ChildActor_GEN_VARIABLE_WeaponSystem_BP_C_CAT_18.NODE_AddweapStage_Pulling-0
	Function /Game/WeaponSystem/WeaponStageInstances/weapStage_Pulling.weapStage_Pulling_C:activationStage:0078
[2019.10.16-00.12.54:444][389]PIE: Error: Blueprint Runtime Error: "Accessed None". Blueprint:  weapStage_Pulling Function:  Activation Stage Graph:  activationStage Node:  Get Weap Comp
[2019.10.16-00.12.55:774][469]LogBlueprintUserMessages: [ChildActor_GEN_VARIABLE_WeaponSystem_BP_C_CAT_18] ACTION[AmmoCheck]
[2019.10.16-00.12.55:774][469]LogScript: Warning: Script Msg: Attempted to access index 8 from array 'weapComps' of length 8 in '/Game/WeaponSystem/Actor/WeaponSystem_BP.WeaponSystem_BP_C'!
[2019.10.16-00.12.55:774][469]LogBlueprintUserMessages: [ChildActor_GEN_VARIABLE_WeaponSystem_BP_C_CAT_18] *Rounds in system in all: 0
[2019.10.16-00.13.01:708][825]LogBlueprintUserMessages: [ChildActor_GEN_VARIABLE_WeaponSystem_BP_C_CAT_18] ACTION[AmmoCheck]
[2019.10.16-00.13.01:708][825]LogScript: Warning: Script Msg: Attempted to access index 8 from array 'weapComps' of length 8 in '/Game/WeaponSystem/Actor/WeaponSystem_BP.WeaponSystem_BP_C'!
[2019.10.16-00.13.01:708][825]LogBlueprintUserMessages: [ChildActor_GEN_VARIABLE_WeaponSystem_BP_C_CAT_18] *Rounds in system in all: 0
[2019.10.16-00.13.02:425][868]LogBlueprintUserMessages: [ChildActor_GEN_VARIABLE_WeaponSystem_BP_C_CAT_18] ACTION[Reloading]
[2019.10.16-00.13.02:425][868]LogScript: Warning: Script Msg: Attempted to access index 8 from array 'weapComps' of length 8 in '/Game/WeaponSystem/Actor/WeaponSystem_BP.WeaponSystem_BP_C'!
[2019.10.16-00.13.02:425][868]LogBlueprintUserMessages: [NODE_AddweapStage_Unloading-1] Unloading
[2019.10.16-00.13.02:425][868]LogBlueprintUserMessages: [NODE_AddweapStage_Opening-1] Opening
[2019.10.16-00.13.02:425][868]LogScript: Warning: Accessed None trying to read property thisComp
	weapStage_Opening_C /Game/FirstPersonBP/Maps/UEDPIE_0_FirstPersonExampleMap.FirstPersonExampleMap:PersistentLevel.ChildActor_GEN_VARIABLE_WeaponSystem_BP_C_CAT_18.NODE_AddweapStage_Opening-1
	Function /Game/WeaponSystem/WeaponStageInstances/weapStage_Opening.weapStage_Opening_C:activationStage:0063
[2019.10.16-00.13.02:426][868]PIE: Error: Blueprint Runtime Error: "Accessed None trying to read property thisComp". Blueprint:  weapStage_Opening Function:  Activation Stage Graph:  activationStage Node:  Set Weap Comp
[2019.10.16-00.13.02:426][868]LogScript: Warning: Accessed None
	weapStage_Opening_C /Game/FirstPersonBP/Maps/UEDPIE_0_FirstPersonExampleMap.FirstPersonExampleMap:PersistentLevel.ChildActor_GEN_VARIABLE_WeaponSystem_BP_C_CAT_18.NODE_AddweapStage_Opening-1
	Function /Game/WeaponSystem/WeaponStageInstances/weapStage_Opening.weapStage_Opening_C:activationStage:0078
[2019.10.16-00.13.02:426][868]PIE: Error: Blueprint Runtime Error: "Accessed None". Blueprint:  weapStage_Opening Function:  Activation Stage Graph:  activationStage Node:  Set Weap Comp
[2019.10.16-00.13.02:426][868]LogBlueprintUserMessages: [NODE_AddweapStage_Feeding-1] Feeding
[2019.10.16-00.13.02:426][868]LogScript: Warning: Accessed None trying to read property thisComp
	weapStage_Feeding_C /Game/FirstPersonBP/Maps/UEDPIE_0_FirstPersonExampleMap.FirstPersonExampleMap:PersistentLevel.ChildActor_GEN_VARIABLE_WeaponSystem_BP_C_CAT_18.NODE_AddweapStage_Feeding-1
	Function /Game/WeaponSystem/WeaponStageInstances/weapStage_Feeding.weapStage_Feeding_C:activationStage:0063
[2019.10.16-00.13.02:426][868]PIE: Error: Blueprint Runtime Error: "Accessed None trying to read property thisComp". Blueprint:  weapStage_Feeding Function:  Activation Stage Graph:  activationStage Node:  Activate Component
[2019.10.16-00.13.02:426][868]LogScript: Warning: Accessed None
	weapStage_Feeding_C /Game/FirstPersonBP/Maps/UEDPIE_0_FirstPersonExampleMap.FirstPersonExampleMap:PersistentLevel.ChildActor_GEN_VARIABLE_WeaponSystem_BP_C_CAT_18.NODE_AddweapStage_Feeding-1
	Function /Game/WeaponSystem/WeaponStageInstances/weapStage_Feeding.weapStage_Feeding_C:activationStage:0078
[2019.10.16-00.13.02:426][868]PIE: Error: Blueprint Runtime Error: "Accessed None". Blueprint:  weapStage_Feeding Function:  Activation Stage Graph:  activationStage Node:  Activate Component
[2019.10.16-00.13.02:426][868]LogBlueprintUserMessages: [NODE_AddweapStage_Feeding-1] *FORCING Success
[2019.10.16-00.13.02:426][868]LogBlueprintUserMessages: [NODE_AddweapStage_Ejecting-1] Ejecting
[2019.10.16-00.13.02:426][868]LogScript: Warning: Accessed None trying to read property thisComp
	weapStage_Ejecting_C /Game/FirstPersonBP/Maps/UEDPIE_0_FirstPersonExampleMap.FirstPersonExampleMap:PersistentLevel.ChildActor_GEN_VARIABLE_WeaponSystem_BP_C_CAT_18.NODE_AddweapStage_Ejecting-1
	Function /Game/WeaponSystem/WeaponStageInstances/weapStage_Ejecting.weapStage_Ejecting_C:activationStage:0064
[2019.10.16-00.13.02:426][868]PIE: Error: Blueprint Runtime Error: "Accessed None trying to read property thisComp". Blueprint:  weapStage_Ejecting Function:  Activation Stage Graph:  activationStage Node:  Get Weap Comp
[2019.10.16-00.13.02:427][868]LogScript: Warning: Accessed None
	weapStage_Ejecting_C /Game/FirstPersonBP/Maps/UEDPIE_0_FirstPersonExampleMap.FirstPersonExampleMap:PersistentLevel.ChildActor_GEN_VARIABLE_WeaponSystem_BP_C_CAT_18.NODE_AddweapStage_Ejecting-1
	Function /Game/WeaponSystem/WeaponStageInstances/weapStage_Ejecting.weapStage_Ejecting_C:activationStage:0079
[2019.10.16-00.13.02:427][868]PIE: Error: Blueprint Runtime Error: "Accessed None". Blueprint:  weapStage_Ejecting Function:  Activation Stage Graph:  activationStage Node:  Get Weap Comp
[2019.10.16-00.13.02:427][868]LogBlueprintUserMessages: [NODE_AddweapStage_Chambing-1] Chambering
[2019.10.16-00.13.02:427][868]LogBlueprintUserMessages: [NODE_AddweapStage_Extracting-1] Extracting
[2019.10.16-00.13.02:427][868]LogScript: Warning: Accessed None trying to read property thisComp
	weapStage_Extracting_C /Game/FirstPersonBP/Maps/UEDPIE_0_FirstPersonExampleMap.FirstPersonExampleMap:PersistentLevel.ChildActor_GEN_VARIABLE_WeaponSystem_BP_C_CAT_18.NODE_AddweapStage_Extracting-1
	Function /Game/WeaponSystem/WeaponStageInstances/weapStage_Extracting.weapStage_Extracting_C:activationStage:0066
[2019.10.16-00.13.02:427][868]PIE: Error: Blueprint Runtime Error: "Accessed None trying to read property thisComp". Blueprint:  weapStage_Extracting Function:  Activation Stage Graph:  activationStage Node:  Ready Component
[2019.10.16-00.13.02:427][868]LogScript: Warning: Accessed None
	weapStage_Extracting_C /Game/FirstPersonBP/Maps/UEDPIE_0_FirstPersonExampleMap.FirstPersonExampleMap:PersistentLevel.ChildActor_GEN_VARIABLE_WeaponSystem_BP_C_CAT_18.NODE_AddweapStage_Extracting-1
	Function /Game/WeaponSystem/WeaponStageInstances/weapStage_Extracting.weapStage_Extracting_C:activationStage:007B
[2019.10.16-00.13.02:427][868]PIE: Error: Blueprint Runtime Error: "Accessed None". Blueprint:  weapStage_Extracting Function:  Activation Stage Graph:  activationStage Node:  Ready Component
[2019.10.16-00.13.02:427][868]LogBlueprintUserMessages: [NODE_AddweapStage_Closing-1] Closing
[2019.10.16-00.13.02:427][868]LogBlueprintUserMessages: [NODE_AddweapStage_Pulling-0] Pulling
[2019.10.16-00.13.02:427][868]LogScript: Warning: Accessed None trying to read property thisComp
	weapStage_Pulling_C /Game/FirstPersonBP/Maps/UEDPIE_0_FirstPersonExampleMap.FirstPersonExampleMap:PersistentLevel.ChildActor_GEN_VARIABLE_WeaponSystem_BP_C_CAT_18.NODE_AddweapStage_Pulling-0
	Function /Game/WeaponSystem/WeaponStageInstances/weapStage_Pulling.weapStage_Pulling_C:activationStage:0063
[2019.10.16-00.13.02:427][868]PIE: Error: Blueprint Runtime Error: "Accessed None trying to read property thisComp". Blueprint:  weapStage_Pulling Function:  Activation Stage Graph:  activationStage Node:  Get Weap Comp
[2019.10.16-00.13.02:427][868]LogScript: Warning: Accessed None
	weapStage_Pulling_C /Game/FirstPersonBP/Maps/UEDPIE_0_FirstPersonExampleMap.FirstPersonExampleMap:PersistentLevel.ChildActor_GEN_VARIABLE_WeaponSystem_BP_C_CAT_18.NODE_AddweapStage_Pulling-0
	Function /Game/WeaponSystem/WeaponStageInstances/weapStage_Pulling.weapStage_Pulling_C:activationStage:0078
[2019.10.16-00.13.02:428][868]PIE: Error: Blueprint Runtime Error: "Accessed None". Blueprint:  weapStage_Pulling Function:  Activation Stage Graph:  activationStage Node:  Get Weap Comp
[2019.10.16-00.13.03:924][958]LogBlueprintUserMessages: [ChildActor_GEN_VARIABLE_WeaponSystem_BP_C_CAT_18] ACTION[Reloading]
[2019.10.16-00.13.03:925][958]LogScript: Warning: Script Msg: Attempted to access index 8 from array 'weapComps' of length 8 in '/Game/WeaponSystem/Actor/WeaponSystem_BP.WeaponSystem_BP_C'!
[2019.10.16-00.13.03:925][958]LogBlueprintUserMessages: [NODE_AddweapStage_Unloading-1] Unloading
[2019.10.16-00.13.03:925][958]LogBlueprintUserMessages: [NODE_AddweapStage_Opening-1] Opening
[2019.10.16-00.13.03:925][958]LogScript: Warning: Accessed None trying to read property thisComp
	weapStage_Opening_C /Game/FirstPersonBP/Maps/UEDPIE_0_FirstPersonExampleMap.FirstPersonExampleMap:PersistentLevel.ChildActor_GEN_VARIABLE_WeaponSystem_BP_C_CAT_18.NODE_AddweapStage_Opening-1
	Function /Game/WeaponSystem/WeaponStageInstances/weapStage_Opening.weapStage_Opening_C:activationStage:0063
[2019.10.16-00.13.03:925][958]PIE: Error: Blueprint Runtime Error: "Accessed None trying to read property thisComp". Blueprint:  weapStage_Opening Function:  Activation Stage Graph:  activationStage Node:  Set Weap Comp
[2019.10.16-00.13.03:926][958]LogScript: Warning: Accessed None
	weapStage_Opening_C /Game/FirstPersonBP/Maps/UEDPIE_0_FirstPersonExampleMap.FirstPersonExampleMap:PersistentLevel.ChildActor_GEN_VARIABLE_WeaponSystem_BP_C_CAT_18.NODE_AddweapStage_Opening-1
	Function /Game/WeaponSystem/WeaponStageInstances/weapStage_Opening.weapStage_Opening_C:activationStage:0078
[2019.10.16-00.13.03:926][958]PIE: Error: Blueprint Runtime Error: "Accessed None". Blueprint:  weapStage_Opening Function:  Activation Stage Graph:  activationStage Node:  Set Weap Comp
[2019.10.16-00.13.03:926][958]LogBlueprintUserMessages: [NODE_AddweapStage_Feeding-1] Feeding
[2019.10.16-00.13.03:926][958]LogScript: Warning: Accessed None trying to read property thisComp
	weapStage_Feeding_C /Game/FirstPersonBP/Maps/UEDPIE_0_FirstPersonExampleMap.FirstPersonExampleMap:PersistentLevel.ChildActor_GEN_VARIABLE_WeaponSystem_BP_C_CAT_18.NODE_AddweapStage_Feeding-1
	Function /Game/WeaponSystem/WeaponStageInstances/weapStage_Feeding.weapStage_Feeding_C:activationStage:0063
[2019.10.16-00.13.03:926][958]PIE: Error: Blueprint Runtime Error: "Accessed None trying to read property thisComp". Blueprint:  weapStage_Feeding Function:  Activation Stage Graph:  activationStage Node:  Activate Component
[2019.10.16-00.13.03:926][958]LogScript: Warning: Accessed None
	weapStage_Feeding_C /Game/FirstPersonBP/Maps/UEDPIE_0_FirstPersonExampleMap.FirstPersonExampleMap:PersistentLevel.ChildActor_GEN_VARIABLE_WeaponSystem_BP_C_CAT_18.NODE_AddweapStage_Feeding-1
	Function /Game/WeaponSystem/WeaponStageInstances/weapStage_Feeding.weapStage_Feeding_C:activationStage:0078
[2019.10.16-00.13.03:927][958]PIE: Error: Blueprint Runtime Error: "Accessed None". Blueprint:  weapStage_Feeding Function:  Activation Stage Graph:  activationStage Node:  Activate Component
[2019.10.16-00.13.03:927][958]LogBlueprintUserMessages: [NODE_AddweapStage_Feeding-1] *FORCING Success
[2019.10.16-00.13.03:927][958]LogBlueprintUserMessages: [NODE_AddweapStage_Ejecting-1] Ejecting
[2019.10.16-00.13.03:927][958]LogScript: Warning: Accessed None trying to read property thisComp
	weapStage_Ejecting_C /Game/FirstPersonBP/Maps/UEDPIE_0_FirstPersonExampleMap.FirstPersonExampleMap:PersistentLevel.ChildActor_GEN_VARIABLE_WeaponSystem_BP_C_CAT_18.NODE_AddweapStage_Ejecting-1
	Function /Game/WeaponSystem/WeaponStageInstances/weapStage_Ejecting.weapStage_Ejecting_C:activationStage:0064
[2019.10.16-00.13.03:927][958]PIE: Error: Blueprint Runtime Error: "Accessed None trying to read property thisComp". Blueprint:  weapStage_Ejecting Function:  Activation Stage Graph:  activationStage Node:  Get Weap Comp
[2019.10.16-00.13.03:927][958]LogScript: Warning: Accessed None
	weapStage_Ejecting_C /Game/FirstPersonBP/Maps/UEDPIE_0_FirstPersonExampleMap.FirstPersonExampleMap:PersistentLevel.ChildActor_GEN_VARIABLE_WeaponSystem_BP_C_CAT_18.NODE_AddweapStage_Ejecting-1
	Function /Game/WeaponSystem/WeaponStageInstances/weapStage_Ejecting.weapStage_Ejecting_C:activationStage:0079
[2019.10.16-00.13.03:927][958]PIE: Error: Blueprint Runtime Error: "Accessed None". Blueprint:  weapStage_Ejecting Function:  Activation Stage Graph:  activationStage Node:  Get Weap Comp
[2019.10.16-00.13.03:927][958]LogBlueprintUserMessages: [NODE_AddweapStage_Chambing-1] Chambering
[2019.10.16-00.13.03:927][958]LogBlueprintUserMessages: [NODE_AddweapStage_Extracting-1] Extracting
[2019.10.16-00.13.03:927][958]LogScript: Warning: Accessed None trying to read property thisComp
	weapStage_Extracting_C /Game/FirstPersonBP/Maps/UEDPIE_0_FirstPersonExampleMap.FirstPersonExampleMap:PersistentLevel.ChildActor_GEN_VARIABLE_WeaponSystem_BP_C_CAT_18.NODE_AddweapStage_Extracting-1
	Function /Game/WeaponSystem/WeaponStageInstances/weapStage_Extracting.weapStage_Extracting_C:activationStage:0066
[2019.10.16-00.13.03:927][958]PIE: Error: Blueprint Runtime Error: "Accessed None trying to read property thisComp". Blueprint:  weapStage_Extracting Function:  Activation Stage Graph:  activationStage Node:  Ready Component
[2019.10.16-00.13.03:927][958]LogScript: Warning: Accessed None
	weapStage_Extracting_C /Game/FirstPersonBP/Maps/UEDPIE_0_FirstPersonExampleMap.FirstPersonExampleMap:PersistentLevel.ChildActor_GEN_VARIABLE_WeaponSystem_BP_C_CAT_18.NODE_AddweapStage_Extracting-1
	Function /Game/WeaponSystem/WeaponStageInstances/weapStage_Extracting.weapStage_Extracting_C:activationStage:007B
[2019.10.16-00.13.03:927][958]PIE: Error: Blueprint Runtime Error: "Accessed None". Blueprint:  weapStage_Extracting Function:  Activation Stage Graph:  activationStage Node:  Ready Component
[2019.10.16-00.13.03:927][958]LogBlueprintUserMessages: [NODE_AddweapStage_Closing-1] Closing
[2019.10.16-00.13.03:927][958]LogBlueprintUserMessages: [NODE_AddweapStage_Pulling-0] Pulling
[2019.10.16-00.13.03:927][958]LogScript: Warning: Accessed None trying to read property thisComp
	weapStage_Pulling_C /Game/FirstPersonBP/Maps/UEDPIE_0_FirstPersonExampleMap.FirstPersonExampleMap:PersistentLevel.ChildActor_GEN_VARIABLE_WeaponSystem_BP_C_CAT_18.NODE_AddweapStage_Pulling-0
	Function /Game/WeaponSystem/WeaponStageInstances/weapStage_Pulling.weapStage_Pulling_C:activationStage:0063
[2019.10.16-00.13.03:927][958]PIE: Error: Blueprint Runtime Error: "Accessed None trying to read property thisComp". Blueprint:  weapStage_Pulling Function:  Activation Stage Graph:  activationStage Node:  Get Weap Comp
[2019.10.16-00.13.03:927][958]LogScript: Warning: Accessed None
	weapStage_Pulling_C /Game/FirstPersonBP/Maps/UEDPIE_0_FirstPersonExampleMap.FirstPersonExampleMap:PersistentLevel.ChildActor_GEN_VARIABLE_WeaponSystem_BP_C_CAT_18.NODE_AddweapStage_Pulling-0
	Function /Game/WeaponSystem/WeaponStageInstances/weapStage_Pulling.weapStage_Pulling_C:activationStage:0078
[2019.10.16-00.13.03:927][958]PIE: Error: Blueprint Runtime Error: "Accessed None". Blueprint:  weapStage_Pulling Function:  Activation Stage Graph:  activationStage Node:  Get Weap Comp
[2019.10.16-00.13.05:992][ 82]LogBlueprintUserMessages: [ChildActor_GEN_VARIABLE_WeaponSystem_BP_C_CAT_18] ACTION[Reloading]
[2019.10.16-00.13.05:992][ 82]LogScript: Warning: Script Msg: Attempted to access index 8 from array 'weapComps' of length 8 in '/Game/WeaponSystem/Actor/WeaponSystem_BP.WeaponSystem_BP_C'!
[2019.10.16-00.13.05:992][ 82]LogBlueprintUserMessages: [NODE_AddweapStage_Unloading-1] Unloading
[2019.10.16-00.13.05:993][ 82]LogBlueprintUserMessages: [NODE_AddweapStage_Opening-1] Opening
[2019.10.16-00.13.05:993][ 82]LogScript: Warning: Accessed None trying to read property thisComp
	weapStage_Opening_C /Game/FirstPersonBP/Maps/UEDPIE_0_FirstPersonExampleMap.FirstPersonExampleMap:PersistentLevel.ChildActor_GEN_VARIABLE_WeaponSystem_BP_C_CAT_18.NODE_AddweapStage_Opening-1
	Function /Game/WeaponSystem/WeaponStageInstances/weapStage_Opening.weapStage_Opening_C:activationStage:0063
[2019.10.16-00.13.05:993][ 82]PIE: Error: Blueprint Runtime Error: "Accessed None trying to read property thisComp". Blueprint:  weapStage_Opening Function:  Activation Stage Graph:  activationStage Node:  Set Weap Comp
[2019.10.16-00.13.05:993][ 82]LogScript: Warning: Accessed None
	weapStage_Opening_C /Game/FirstPersonBP/Maps/UEDPIE_0_FirstPersonExampleMap.FirstPersonExampleMap:PersistentLevel.ChildActor_GEN_VARIABLE_WeaponSystem_BP_C_CAT_18.NODE_AddweapStage_Opening-1
	Function /Game/WeaponSystem/WeaponStageInstances/weapStage_Opening.weapStage_Opening_C:activationStage:0078
[2019.10.16-00.13.05:993][ 82]PIE: Error: Blueprint Runtime Error: "Accessed None". Blueprint:  weapStage_Opening Function:  Activation Stage Graph:  activationStage Node:  Set Weap Comp
[2019.10.16-00.13.05:993][ 82]LogBlueprintUserMessages: [NODE_AddweapStage_Feeding-1] Feeding
[2019.10.16-00.13.05:993][ 82]LogScript: Warning: Accessed None trying to read property thisComp
	weapStage_Feeding_C /Game/FirstPersonBP/Maps/UEDPIE_0_FirstPersonExampleMap.FirstPersonExampleMap:PersistentLevel.ChildActor_GEN_VARIABLE_WeaponSystem_BP_C_CAT_18.NODE_AddweapStage_Feeding-1
	Function /Game/WeaponSystem/WeaponStageInstances/weapStage_Feeding.weapStage_Feeding_C:activationStage:0063
[2019.10.16-00.13.05:994][ 82]PIE: Error: Blueprint Runtime Error: "Accessed None trying to read property thisComp". Blueprint:  weapStage_Feeding Function:  Activation Stage Graph:  activationStage Node:  Activate Component
[2019.10.16-00.13.05:994][ 82]LogScript: Warning: Accessed None
	weapStage_Feeding_C /Game/FirstPersonBP/Maps/UEDPIE_0_FirstPersonExampleMap.FirstPersonExampleMap:PersistentLevel.ChildActor_GEN_VARIABLE_WeaponSystem_BP_C_CAT_18.NODE_AddweapStage_Feeding-1
	Function /Game/WeaponSystem/WeaponStageInstances/weapStage_Feeding.weapStage_Feeding_C:activationStage:0078
[2019.10.16-00.13.05:994][ 82]PIE: Error: Blueprint Runtime Error: "Accessed None". Blueprint:  weapStage_Feeding Function:  Activation Stage Graph:  activationStage Node:  Activate Component
[2019.10.16-00.13.05:994][ 82]LogBlueprintUserMessages: [NODE_AddweapStage_Feeding-1] *FORCING Success
[2019.10.16-00.13.05:994][ 82]LogBlueprintUserMessages: [NODE_AddweapStage_Ejecting-1] Ejecting
[2019.10.16-00.13.05:994][ 82]LogScript: Warning: Accessed None trying to read property thisComp
	weapStage_Ejecting_C /Game/FirstPersonBP/Maps/UEDPIE_0_FirstPersonExampleMap.FirstPersonExampleMap:PersistentLevel.ChildActor_GEN_VARIABLE_WeaponSystem_BP_C_CAT_18.NODE_AddweapStage_Ejecting-1
	Function /Game/WeaponSystem/WeaponStageInstances/weapStage_Ejecting.weapStage_Ejecting_C:activationStage:0064
[2019.10.16-00.13.05:994][ 82]PIE: Error: Blueprint Runtime Error: "Accessed None trying to read property thisComp". Blueprint:  weapStage_Ejecting Function:  Activation Stage Graph:  activationStage Node:  Get Weap Comp
[2019.10.16-00.13.05:994][ 82]LogScript: Warning: Accessed None
	weapStage_Ejecting_C /Game/FirstPersonBP/Maps/UEDPIE_0_FirstPersonExampleMap.FirstPersonExampleMap:PersistentLevel.ChildActor_GEN_VARIABLE_WeaponSystem_BP_C_CAT_18.NODE_AddweapStage_Ejecting-1
	Function /Game/WeaponSystem/WeaponStageInstances/weapStage_Ejecting.weapStage_Ejecting_C:activationStage:0079
[2019.10.16-00.13.05:994][ 82]PIE: Error: Blueprint Runtime Error: "Accessed None". Blueprint:  weapStage_Ejecting Function:  Activation Stage Graph:  activationStage Node:  Get Weap Comp
[2019.10.16-00.13.05:994][ 82]LogBlueprintUserMessages: [NODE_AddweapStage_Chambing-1] Chambering
[2019.10.16-00.13.05:994][ 82]LogBlueprintUserMessages: [NODE_AddweapStage_Extracting-1] Extracting
[2019.10.16-00.13.05:994][ 82]LogScript: Warning: Accessed None trying to read property thisComp
	weapStage_Extracting_C /Game/FirstPersonBP/Maps/UEDPIE_0_FirstPersonExampleMap.FirstPersonExampleMap:PersistentLevel.ChildActor_GEN_VARIABLE_WeaponSystem_BP_C_CAT_18.NODE_AddweapStage_Extracting-1
	Function /Game/WeaponSystem/WeaponStageInstances/weapStage_Extracting.weapStage_Extracting_C:activationStage:0066
[2019.10.16-00.13.05:994][ 82]PIE: Error: Blueprint Runtime Error: "Accessed None trying to read property thisComp". Blueprint:  weapStage_Extracting Function:  Activation Stage Graph:  activationStage Node:  Ready Component
[2019.10.16-00.13.05:994][ 82]LogScript: Warning: Accessed None
	weapStage_Extracting_C /Game/FirstPersonBP/Maps/UEDPIE_0_FirstPersonExampleMap.FirstPersonExampleMap:PersistentLevel.ChildActor_GEN_VARIABLE_WeaponSystem_BP_C_CAT_18.NODE_AddweapStage_Extracting-1
	Function /Game/WeaponSystem/WeaponStageInstances/weapStage_Extracting.weapStage_Extracting_C:activationStage:007B
[2019.10.16-00.13.05:994][ 82]PIE: Error: Blueprint Runtime Error: "Accessed None". Blueprint:  weapStage_Extracting Function:  Activation Stage Graph:  activationStage Node:  Ready Component
[2019.10.16-00.13.05:994][ 82]LogBlueprintUserMessages: [NODE_AddweapStage_Closing-1] Closing
[2019.10.16-00.13.05:994][ 82]LogBlueprintUserMessages: [NODE_AddweapStage_Pulling-0] Pulling
[2019.10.16-00.13.05:994][ 82]LogScript: Warning: Accessed None trying to read property thisComp
	weapStage_Pulling_C /Game/FirstPersonBP/Maps/UEDPIE_0_FirstPersonExampleMap.FirstPersonExampleMap:PersistentLevel.ChildActor_GEN_VARIABLE_WeaponSystem_BP_C_CAT_18.NODE_AddweapStage_Pulling-0
	Function /Game/WeaponSystem/WeaponStageInstances/weapStage_Pulling.weapStage_Pulling_C:activationStage:0063
[2019.10.16-00.13.05:994][ 82]PIE: Error: Blueprint Runtime Error: "Accessed None trying to read property thisComp". Blueprint:  weapStage_Pulling Function:  Activation Stage Graph:  activationStage Node:  Get Weap Comp
[2019.10.16-00.13.05:994][ 82]LogScript: Warning: Accessed None
	weapStage_Pulling_C /Game/FirstPersonBP/Maps/UEDPIE_0_FirstPersonExampleMap.FirstPersonExampleMap:PersistentLevel.ChildActor_GEN_VARIABLE_WeaponSystem_BP_C_CAT_18.NODE_AddweapStage_Pulling-0
	Function /Game/WeaponSystem/WeaponStageInstances/weapStage_Pulling.weapStage_Pulling_C:activationStage:0078
[2019.10.16-00.13.05:995][ 82]PIE: Error: Blueprint Runtime Error: "Accessed None". Blueprint:  weapStage_Pulling Function:  Activation Stage Graph:  activationStage Node:  Get Weap Comp
[2019.10.16-00.13.08:426][228]LogBlueprintUserMessages: [ChildActor_GEN_VARIABLE_WeaponSystem_BP_C_CAT_18] ACTION[Reloading]
[2019.10.16-00.13.08:426][228]LogScript: Warning: Script Msg: Attempted to access index 8 from array 'weapComps' of length 8 in '/Game/WeaponSystem/Actor/WeaponSystem_BP.WeaponSystem_BP_C'!
[2019.10.16-00.13.08:426][228]LogBlueprintUserMessages: [NODE_AddweapStage_Unloading-1] Unloading
[2019.10.16-00.13.08:427][228]LogBlueprintUserMessages: [NODE_AddweapStage_Opening-1] Opening
[2019.10.16-00.13.08:427][228]LogScript: Warning: Accessed None trying to read property thisComp
	weapStage_Opening_C /Game/FirstPersonBP/Maps/UEDPIE_0_FirstPersonExampleMap.FirstPersonExampleMap:PersistentLevel.ChildActor_GEN_VARIABLE_WeaponSystem_BP_C_CAT_18.NODE_AddweapStage_Opening-1
	Function /Game/WeaponSystem/WeaponStageInstances/weapStage_Opening.weapStage_Opening_C:activationStage:0063
[2019.10.16-00.13.08:427][228]PIE: Error: Blueprint Runtime Error: "Accessed None trying to read property thisComp". Blueprint:  weapStage_Opening Function:  Activation Stage Graph:  activationStage Node:  Set Weap Comp
[2019.10.16-00.13.08:427][228]LogScript: Warning: Accessed None
	weapStage_Opening_C /Game/FirstPersonBP/Maps/UEDPIE_0_FirstPersonExampleMap.FirstPersonExampleMap:PersistentLevel.ChildActor_GEN_VARIABLE_WeaponSystem_BP_C_CAT_18.NODE_AddweapStage_Opening-1
	Function /Game/WeaponSystem/WeaponStageInstances/weapStage_Opening.weapStage_Opening_C:activationStage:0078
[2019.10.16-00.13.08:427][228]PIE: Error: Blueprint Runtime Error: "Accessed None". Blueprint:  weapStage_Opening Function:  Activation Stage Graph:  activationStage Node:  Set Weap Comp
[2019.10.16-00.13.08:427][228]LogBlueprintUserMessages: [NODE_AddweapStage_Feeding-1] Feeding
[2019.10.16-00.13.08:427][228]LogScript: Warning: Accessed None trying to read property thisComp
	weapStage_Feeding_C /Game/FirstPersonBP/Maps/UEDPIE_0_FirstPersonExampleMap.FirstPersonExampleMap:PersistentLevel.ChildActor_GEN_VARIABLE_WeaponSystem_BP_C_CAT_18.NODE_AddweapStage_Feeding-1
	Function /Game/WeaponSystem/WeaponStageInstances/weapStage_Feeding.weapStage_Feeding_C:activationStage:0063
[2019.10.16-00.13.08:427][228]PIE: Error: Blueprint Runtime Error: "Accessed None trying to read property thisComp". Blueprint:  weapStage_Feeding Function:  Activation Stage Graph:  activationStage Node:  Activate Component
[2019.10.16-00.13.08:427][228]LogScript: Warning: Accessed None
	weapStage_Feeding_C /Game/FirstPersonBP/Maps/UEDPIE_0_FirstPersonExampleMap.FirstPersonExampleMap:PersistentLevel.ChildActor_GEN_VARIABLE_WeaponSystem_BP_C_CAT_18.NODE_AddweapStage_Feeding-1
	Function /Game/WeaponSystem/WeaponStageInstances/weapStage_Feeding.weapStage_Feeding_C:activationStage:0078
[2019.10.16-00.13.08:427][228]PIE: Error: Blueprint Runtime Error: "Accessed None". Blueprint:  weapStage_Feeding Function:  Activation Stage Graph:  activationStage Node:  Activate Component
[2019.10.16-00.13.08:427][228]LogBlueprintUserMessages: [NODE_AddweapStage_Feeding-1] *FORCING Success
[2019.10.16-00.13.08:427][228]LogBlueprintUserMessages: [NODE_AddweapStage_Ejecting-1] Ejecting
[2019.10.16-00.13.08:427][228]LogScript: Warning: Accessed None trying to read property thisComp
	weapStage_Ejecting_C /Game/FirstPersonBP/Maps/UEDPIE_0_FirstPersonExampleMap.FirstPersonExampleMap:PersistentLevel.ChildActor_GEN_VARIABLE_WeaponSystem_BP_C_CAT_18.NODE_AddweapStage_Ejecting-1
	Function /Game/WeaponSystem/WeaponStageInstances/weapStage_Ejecting.weapStage_Ejecting_C:activationStage:0064
[2019.10.16-00.13.08:427][228]PIE: Error: Blueprint Runtime Error: "Accessed None trying to read property thisComp". Blueprint:  weapStage_Ejecting Function:  Activation Stage Graph:  activationStage Node:  Get Weap Comp
[2019.10.16-00.13.08:427][228]LogScript: Warning: Accessed None
	weapStage_Ejecting_C /Game/FirstPersonBP/Maps/UEDPIE_0_FirstPersonExampleMap.FirstPersonExampleMap:PersistentLevel.ChildActor_GEN_VARIABLE_WeaponSystem_BP_C_CAT_18.NODE_AddweapStage_Ejecting-1
	Function /Game/WeaponSystem/WeaponStageInstances/weapStage_Ejecting.weapStage_Ejecting_C:activationStage:0079
[2019.10.16-00.13.08:427][228]PIE: Error: Blueprint Runtime Error: "Accessed None". Blueprint:  weapStage_Ejecting Function:  Activation Stage Graph:  activationStage Node:  Get Weap Comp
[2019.10.16-00.13.08:427][228]LogBlueprintUserMessages: [NODE_AddweapStage_Chambing-1] Chambering
[2019.10.16-00.13.08:427][228]LogBlueprintUserMessages: [NODE_AddweapStage_Extracting-1] Extracting
[2019.10.16-00.13.08:427][228]LogScript: Warning: Accessed None trying to read property thisComp
	weapStage_Extracting_C /Game/FirstPersonBP/Maps/UEDPIE_0_FirstPersonExampleMap.FirstPersonExampleMap:PersistentLevel.ChildActor_GEN_VARIABLE_WeaponSystem_BP_C_CAT_18.NODE_AddweapStage_Extracting-1
	Function /Game/WeaponSystem/WeaponStageInstances/weapStage_Extracting.weapStage_Extracting_C:activationStage:0066
[2019.10.16-00.13.08:428][228]PIE: Error: Blueprint Runtime Error: "Accessed None trying to read property thisComp". Blueprint:  weapStage_Extracting Function:  Activation Stage Graph:  activationStage Node:  Ready Component
[2019.10.16-00.13.08:428][228]LogScript: Warning: Accessed None
	weapStage_Extracting_C /Game/FirstPersonBP/Maps/UEDPIE_0_FirstPersonExampleMap.FirstPersonExampleMap:PersistentLevel.ChildActor_GEN_VARIABLE_WeaponSystem_BP_C_CAT_18.NODE_AddweapStage_Extracting-1
	Function /Game/WeaponSystem/WeaponStageInstances/weapStage_Extracting.weapStage_Extracting_C:activationStage:007B
[2019.10.16-00.13.08:428][228]PIE: Error: Blueprint Runtime Error: "Accessed None". Blueprint:  weapStage_Extracting Function:  Activation Stage Graph:  activationStage Node:  Ready Component
[2019.10.16-00.13.08:428][228]LogBlueprintUserMessages: [NODE_AddweapStage_Closing-1] Closing
[2019.10.16-00.13.08:428][228]LogBlueprintUserMessages: [NODE_AddweapStage_Pulling-0] Pulling
[2019.10.16-00.13.08:428][228]LogScript: Warning: Accessed None trying to read property thisComp
	weapStage_Pulling_C /Game/FirstPersonBP/Maps/UEDPIE_0_FirstPersonExampleMap.FirstPersonExampleMap:PersistentLevel.ChildActor_GEN_VARIABLE_WeaponSystem_BP_C_CAT_18.NODE_AddweapStage_Pulling-0
	Function /Game/WeaponSystem/WeaponStageInstances/weapStage_Pulling.weapStage_Pulling_C:activationStage:0063
[2019.10.16-00.13.08:428][228]PIE: Error: Blueprint Runtime Error: "Accessed None trying to read property thisComp". Blueprint:  weapStage_Pulling Function:  Activation Stage Graph:  activationStage Node:  Get Weap Comp
[2019.10.16-00.13.08:428][228]LogScript: Warning: Accessed None
	weapStage_Pulling_C /Game/FirstPersonBP/Maps/UEDPIE_0_FirstPersonExampleMap.FirstPersonExampleMap:PersistentLevel.ChildActor_GEN_VARIABLE_WeaponSystem_BP_C_CAT_18.NODE_AddweapStage_Pulling-0
	Function /Game/WeaponSystem/WeaponStageInstances/weapStage_Pulling.weapStage_Pulling_C:activationStage:0078
[2019.10.16-00.13.08:428][228]PIE: Error: Blueprint Runtime Error: "Accessed None". Blueprint:  weapStage_Pulling Function:  Activation Stage Graph:  activationStage Node:  Get Weap Comp
[2019.10.16-00.13.10:945][379]LogBlueprintUserMessages: [ChildActor_GEN_VARIABLE_WeaponSystem_BP_C_CAT_18] ACTION[Reloading]
[2019.10.16-00.13.10:945][379]LogScript: Warning: Script Msg: Attempted to access index 8 from array 'weapComps' of length 8 in '/Game/WeaponSystem/Actor/WeaponSystem_BP.WeaponSystem_BP_C'!
[2019.10.16-00.13.10:945][379]LogBlueprintUserMessages: [NODE_AddweapStage_Unloading-1] Unloading
[2019.10.16-00.13.10:945][379]LogBlueprintUserMessages: [NODE_AddweapStage_Opening-1] Opening
[2019.10.16-00.13.10:945][379]LogScript: Warning: Accessed None trying to read property thisComp
	weapStage_Opening_C /Game/FirstPersonBP/Maps/UEDPIE_0_FirstPersonExampleMap.FirstPersonExampleMap:PersistentLevel.ChildActor_GEN_VARIABLE_WeaponSystem_BP_C_CAT_18.NODE_AddweapStage_Opening-1
	Function /Game/WeaponSystem/WeaponStageInstances/weapStage_Opening.weapStage_Opening_C:activationStage:0063
[2019.10.16-00.13.10:945][379]PIE: Error: Blueprint Runtime Error: "Accessed None trying to read property thisComp". Blueprint:  weapStage_Opening Function:  Activation Stage Graph:  activationStage Node:  Set Weap Comp
[2019.10.16-00.13.10:945][379]PIE: Error: Blueprint Runtime Error: "Accessed None". Blueprint:  weapStage_Opening Function:  Activation Stage Graph:  activationStage Node:  Set Weap Comp
[2019.10.16-00.13.10:945][379]LogBlueprintUserMessages: [NODE_AddweapStage_Feeding-1] Feeding
[2019.10.16-00.13.10:945][379]LogScript: Warning: Accessed None trying to read property thisComp
	weapStage_Feeding_C /Game/FirstPersonBP/Maps/UEDPIE_0_FirstPersonExampleMap.FirstPersonExampleMap:PersistentLevel.ChildActor_GEN_VARIABLE_WeaponSystem_BP_C_CAT_18.NODE_AddweapStage_Feeding-1
	Function /Game/WeaponSystem/WeaponStageInstances/weapStage_Feeding.weapStage_Feeding_C:activationStage:0063
[2019.10.16-00.13.10:945][379]PIE: Error: Blueprint Runtime Error: "Accessed None trying to read property thisComp". Blueprint:  weapStage_Feeding Function:  Activation Stage Graph:  activationStage Node:  Activate Component
[2019.10.16-00.13.10:945][379]PIE: Error: Blueprint Runtime Error: "Accessed None". Blueprint:  weapStage_Feeding Function:  Activation Stage Graph:  activationStage Node:  Activate Component
[2019.10.16-00.13.10:945][379]LogBlueprintUserMessages: [NODE_AddweapStage_Feeding-1] *FORCING Success
[2019.10.16-00.13.10:945][379]LogBlueprintUserMessages: [NODE_AddweapStage_Ejecting-1] Ejecting
[2019.10.16-00.13.10:946][379]LogScript: Warning: Accessed None trying to read property thisComp
	weapStage_Ejecting_C /Game/FirstPersonBP/Maps/UEDPIE_0_FirstPersonExampleMap.FirstPersonExampleMap:PersistentLevel.ChildActor_GEN_VARIABLE_WeaponSystem_BP_C_CAT_18.NODE_AddweapStage_Ejecting-1
	Function /Game/WeaponSystem/WeaponStageInstances/weapStage_Ejecting.weapStage_Ejecting_C:activationStage:0064
[2019.10.16-00.13.10:946][379]PIE: Error: Blueprint Runtime Error: "Accessed None trying to read property thisComp". Blueprint:  weapStage_Ejecting Function:  Activation Stage Graph:  activationStage Node:  Get Weap Comp
[2019.10.16-00.13.10:946][379]PIE: Error: Blueprint Runtime Error: "Accessed None". Blueprint:  weapStage_Ejecting Function:  Activation Stage Graph:  activationStage Node:  Get Weap Comp
[2019.10.16-00.13.10:946][379]LogBlueprintUserMessages: [NODE_AddweapStage_Chambing-1] Chambering
[2019.10.16-00.13.10:946][379]LogBlueprintUserMessages: [NODE_AddweapStage_Extracting-1] Extracting
[2019.10.16-00.13.10:946][379]LogScript: Warning: Accessed None trying to read property thisComp
	weapStage_Extracting_C /Game/FirstPersonBP/Maps/UEDPIE_0_FirstPersonExampleMap.FirstPersonExampleMap:PersistentLevel.ChildActor_GEN_VARIABLE_WeaponSystem_BP_C_CAT_18.NODE_AddweapStage_Extracting-1
	Function /Game/WeaponSystem/WeaponStageInstances/weapStage_Extracting.weapStage_Extracting_C:activationStage:0066
[2019.10.16-00.13.10:946][379]PIE: Error: Blueprint Runtime Error: "Accessed None trying to read property thisComp". Blueprint:  weapStage_Extracting Function:  Activation Stage Graph:  activationStage Node:  Ready Component
[2019.10.16-00.13.10:946][379]PIE: Error: Blueprint Runtime Error: "Accessed None". Blueprint:  weapStage_Extracting Function:  Activation Stage Graph:  activationStage Node:  Ready Component
[2019.10.16-00.13.10:946][379]LogBlueprintUserMessages: [NODE_AddweapStage_Closing-1] Closing
[2019.10.16-00.13.10:946][379]LogBlueprintUserMessages: [NODE_AddweapStage_Pulling-0] Pulling
[2019.10.16-00.13.10:946][379]LogScript: Warning: Accessed None trying to read property thisComp
	weapStage_Pulling_C /Game/FirstPersonBP/Maps/UEDPIE_0_FirstPersonExampleMap.FirstPersonExampleMap:PersistentLevel.ChildActor_GEN_VARIABLE_WeaponSystem_BP_C_CAT_18.NODE_AddweapStage_Pulling-0
	Function /Game/WeaponSystem/WeaponStageInstances/weapStage_Pulling.weapStage_Pulling_C:activationStage:0063
[2019.10.16-00.13.10:946][379]PIE: Error: Blueprint Runtime Error: "Accessed None trying to read property thisComp". Blueprint:  weapStage_Pulling Function:  Activation Stage Graph:  activationStage Node:  Get Weap Comp
[2019.10.16-00.13.10:946][379]PIE: Error: Blueprint Runtime Error: "Accessed None". Blueprint:  weapStage_Pulling Function:  Activation Stage Graph:  activationStage Node:  Get Weap Comp
[2019.10.16-00.13.12:111][449]LogBlueprintUserMessages: [ChildActor_GEN_VARIABLE_WeaponSystem_BP_C_CAT_18] ACTION[Reloading]
[2019.10.16-00.13.12:111][449]LogScript: Warning: Script Msg: Attempted to access index 8 from array 'weapComps' of length 8 in '/Game/WeaponSystem/Actor/WeaponSystem_BP.WeaponSystem_BP_C'!
[2019.10.16-00.13.12:111][449]LogBlueprintUserMessages: [NODE_AddweapStage_Unloading-1] Unloading
[2019.10.16-00.13.12:111][449]LogBlueprintUserMessages: [NODE_AddweapStage_Opening-1] Opening
[2019.10.16-00.13.12:111][449]PIE: Error: Blueprint Runtime Error: "Accessed None trying to read property thisComp". Blueprint:  weapStage_Opening Function:  Activation Stage Graph:  activationStage Node:  Set Weap Comp
[2019.10.16-00.13.12:111][449]PIE: Error: Blueprint Runtime Error: "Accessed None". Blueprint:  weapStage_Opening Function:  Activation Stage Graph:  activationStage Node:  Set Weap Comp
[2019.10.16-00.13.12:111][449]LogBlueprintUserMessages: [NODE_AddweapStage_Feeding-1] Feeding
[2019.10.16-00.13.12:111][449]PIE: Error: Blueprint Runtime Error: "Accessed None trying to read property thisComp". Blueprint:  weapStage_Feeding Function:  Activation Stage Graph:  activationStage Node:  Activate Component
[2019.10.16-00.13.12:111][449]PIE: Error: Blueprint Runtime Error: "Accessed None". Blueprint:  weapStage_Feeding Function:  Activation Stage Graph:  activationStage Node:  Activate Component
[2019.10.16-00.13.12:111][449]LogBlueprintUserMessages: [NODE_AddweapStage_Feeding-1] *FORCING Success
[2019.10.16-00.13.12:111][449]LogBlueprintUserMessages: [NODE_AddweapStage_Ejecting-1] Ejecting
[2019.10.16-00.13.12:111][449]PIE: Error: Blueprint Runtime Error: "Accessed None trying to read property thisComp". Blueprint:  weapStage_Ejecting Function:  Activation Stage Graph:  activationStage Node:  Get Weap Comp
[2019.10.16-00.13.12:111][449]PIE: Error: Blueprint Runtime Error: "Accessed None". Blueprint:  weapStage_Ejecting Function:  Activation Stage Graph:  activationStage Node:  Get Weap Comp
[2019.10.16-00.13.12:112][449]LogBlueprintUserMessages: [NODE_AddweapStage_Chambing-1] Chambering
[2019.10.16-00.13.12:112][449]LogBlueprintUserMessages: [NODE_AddweapStage_Extracting-1] Extracting
[2019.10.16-00.13.12:112][449]PIE: Error: Blueprint Runtime Error: "Accessed None trying to read property thisComp". Blueprint:  weapStage_Extracting Function:  Activation Stage Graph:  activationStage Node:  Ready Component
[2019.10.16-00.13.12:112][449]PIE: Error: Blueprint Runtime Error: "Accessed None". Blueprint:  weapStage_Extracting Function:  Activation Stage Graph:  activationStage Node:  Ready Component
[2019.10.16-00.13.12:112][449]LogBlueprintUserMessages: [NODE_AddweapStage_Closing-1] Closing
[2019.10.16-00.13.12:112][449]LogBlueprintUserMessages: [NODE_AddweapStage_Pulling-0] Pulling
[2019.10.16-00.13.12:112][449]PIE: Error: Blueprint Runtime Error: "Accessed None trying to read property thisComp". Blueprint:  weapStage_Pulling Function:  Activation Stage Graph:  activationStage Node:  Get Weap Comp
[2019.10.16-00.13.12:112][449]PIE: Error: Blueprint Runtime Error: "Accessed None". Blueprint:  weapStage_Pulling Function:  Activation Stage Graph:  activationStage Node:  Get Weap Comp
[2019.10.16-00.13.14:695][604]LogBlueprintUserMessages: [ChildActor_GEN_VARIABLE_WeaponSystem_BP_C_CAT_18] ACTION[Reloading]
[2019.10.16-00.13.14:695][604]LogScript: Warning: Script Msg: Attempted to access index 8 from array 'weapComps' of length 8 in '/Game/WeaponSystem/Actor/WeaponSystem_BP.WeaponSystem_BP_C'!
[2019.10.16-00.13.14:695][604]LogBlueprintUserMessages: [NODE_AddweapStage_Unloading-1] Unloading
[2019.10.16-00.13.14:695][604]LogBlueprintUserMessages: [NODE_AddweapStage_Opening-1] Opening
[2019.10.16-00.13.14:695][604]PIE: Error: Blueprint Runtime Error: "Accessed None trying to read property thisComp". Blueprint:  weapStage_Opening Function:  Activation Stage Graph:  activationStage Node:  Set Weap Comp
[2019.10.16-00.13.14:696][604]PIE: Error: Blueprint Runtime Error: "Accessed None". Blueprint:  weapStage_Opening Function:  Activation Stage Graph:  activationStage Node:  Set Weap Comp
[2019.10.16-00.13.14:696][604]LogBlueprintUserMessages: [NODE_AddweapStage_Feeding-1] Feeding
[2019.10.16-00.13.14:696][604]PIE: Error: Blueprint Runtime Error: "Accessed None trying to read property thisComp". Blueprint:  weapStage_Feeding Function:  Activation Stage Graph:  activationStage Node:  Activate Component
[2019.10.16-00.13.14:696][604]PIE: Error: Blueprint Runtime Error: "Accessed None". Blueprint:  weapStage_Feeding Function:  Activation Stage Graph:  activationStage Node:  Activate Component
[2019.10.16-00.13.14:696][604]LogBlueprintUserMessages: [NODE_AddweapStage_Feeding-1] *FORCING Success
[2019.10.16-00.13.14:696][604]LogBlueprintUserMessages: [NODE_AddweapStage_Ejecting-1] Ejecting
[2019.10.16-00.13.14:696][604]PIE: Error: Blueprint Runtime Error: "Accessed None trying to read property thisComp". Blueprint:  weapStage_Ejecting Function:  Activation Stage Graph:  activationStage Node:  Get Weap Comp
[2019.10.16-00.13.14:696][604]PIE: Error: Blueprint Runtime Error: "Accessed None". Blueprint:  weapStage_Ejecting Function:  Activation Stage Graph:  activationStage Node:  Get Weap Comp
[2019.10.16-00.13.14:696][604]LogBlueprintUserMessages: [NODE_AddweapStage_Chambing-1] Chambering
[2019.10.16-00.13.14:696][604]LogBlueprintUserMessages: [NODE_AddweapStage_Extracting-1] Extracting
[2019.10.16-00.13.14:696][604]PIE: Error: Blueprint Runtime Error: "Accessed None trying to read property thisComp". Blueprint:  weapStage_Extracting Function:  Activation Stage Graph:  activationStage Node:  Ready Component
[2019.10.16-00.13.14:696][604]PIE: Error: Blueprint Runtime Error: "Accessed None". Blueprint:  weapStage_Extracting Function:  Activation Stage Graph:  activationStage Node:  Ready Component
[2019.10.16-00.13.14:696][604]LogBlueprintUserMessages: [NODE_AddweapStage_Closing-1] Closing
[2019.10.16-00.13.14:696][604]LogBlueprintUserMessages: [NODE_AddweapStage_Pulling-0] Pulling
[2019.10.16-00.13.14:696][604]PIE: Error: Blueprint Runtime Error: "Accessed None trying to read property thisComp". Blueprint:  weapStage_Pulling Function:  Activation Stage Graph:  activationStage Node:  Get Weap Comp
[2019.10.16-00.13.14:696][604]PIE: Error: Blueprint Runtime Error: "Accessed None". Blueprint:  weapStage_Pulling Function:  Activation Stage Graph:  activationStage Node:  Get Weap Comp
[2019.10.16-00.13.17:795][790]LogBlueprintUserMessages: [ChildActor_GEN_VARIABLE_WeaponSystem_BP_C_CAT_18] ACTION[Reloading]
[2019.10.16-00.13.17:795][790]LogScript: Warning: Script Msg: Attempted to access index 8 from array 'weapComps' of length 8 in '/Game/WeaponSystem/Actor/WeaponSystem_BP.WeaponSystem_BP_C'!
[2019.10.16-00.13.17:796][790]LogBlueprintUserMessages: [NODE_AddweapStage_Unloading-1] Unloading
[2019.10.16-00.13.17:796][790]LogBlueprintUserMessages: [NODE_AddweapStage_Opening-1] Opening
[2019.10.16-00.13.17:796][790]PIE: Error: Blueprint Runtime Error: "Accessed None trying to read property thisComp". Blueprint:  weapStage_Opening Function:  Activation Stage Graph:  activationStage Node:  Set Weap Comp
[2019.10.16-00.13.17:796][790]PIE: Error: Blueprint Runtime Error: "Accessed None". Blueprint:  weapStage_Opening Function:  Activation Stage Graph:  activationStage Node:  Set Weap Comp
[2019.10.16-00.13.17:796][790]LogBlueprintUserMessages: [NODE_AddweapStage_Feeding-1] Feeding
[2019.10.16-00.13.17:796][790]PIE: Error: Blueprint Runtime Error: "Accessed None trying to read property thisComp". Blueprint:  weapStage_Feeding Function:  Activation Stage Graph:  activationStage Node:  Activate Component
[2019.10.16-00.13.17:796][790]PIE: Error: Blueprint Runtime Error: "Accessed None". Blueprint:  weapStage_Feeding Function:  Activation Stage Graph:  activationStage Node:  Activate Component
[2019.10.16-00.13.17:796][790]LogBlueprintUserMessages: [NODE_AddweapStage_Feeding-1] *FORCING Success
[2019.10.16-00.13.17:796][790]LogBlueprintUserMessages: [NODE_AddweapStage_Ejecting-1] Ejecting
[2019.10.16-00.13.17:796][790]PIE: Error: Blueprint Runtime Error: "Accessed None trying to read property thisComp". Blueprint:  weapStage_Ejecting Function:  Activation Stage Graph:  activationStage Node:  Get Weap Comp
[2019.10.16-00.13.17:796][790]PIE: Error: Blueprint Runtime Error: "Accessed None". Blueprint:  weapStage_Ejecting Function:  Activation Stage Graph:  activationStage Node:  Get Weap Comp
[2019.10.16-00.13.17:796][790]LogBlueprintUserMessages: [NODE_AddweapStage_Chambing-1] Chambering
[2019.10.16-00.13.17:796][790]LogBlueprintUserMessages: [NODE_AddweapStage_Extracting-1] Extracting
[2019.10.16-00.13.17:797][790]PIE: Error: Blueprint Runtime Error: "Accessed None trying to read property thisComp". Blueprint:  weapStage_Extracting Function:  Activation Stage Graph:  activationStage Node:  Ready Component
[2019.10.16-00.13.17:797][790]PIE: Error: Blueprint Runtime Error: "Accessed None". Blueprint:  weapStage_Extracting Function:  Activation Stage Graph:  activationStage Node:  Ready Component
[2019.10.16-00.13.17:797][790]LogBlueprintUserMessages: [NODE_AddweapStage_Closing-1] Closing
[2019.10.16-00.13.17:797][790]LogBlueprintUserMessages: [NODE_AddweapStage_Pulling-0] Pulling
[2019.10.16-00.13.17:797][790]PIE: Error: Blueprint Runtime Error: "Accessed None trying to read property thisComp". Blueprint:  weapStage_Pulling Function:  Activation Stage Graph:  activationStage Node:  Get Weap Comp
[2019.10.16-00.13.17:797][790]PIE: Error: Blueprint Runtime Error: "Accessed None". Blueprint:  weapStage_Pulling Function:  Activation Stage Graph:  activationStage Node:  Get Weap Comp
[2019.10.16-00.13.19:779][909]LogBlueprintUserMessages: [ChildActor_GEN_VARIABLE_WeaponSystem_BP_C_CAT_18] ACTION[Reloading]
[2019.10.16-00.13.19:779][909]LogScript: Warning: Script Msg: Attempted to access index 8 from array 'weapComps' of length 8 in '/Game/WeaponSystem/Actor/WeaponSystem_BP.WeaponSystem_BP_C'!
[2019.10.16-00.13.19:779][909]LogBlueprintUserMessages: [NODE_AddweapStage_Unloading-1] Unloading
[2019.10.16-00.13.19:779][909]LogBlueprintUserMessages: [NODE_AddweapStage_Opening-1] Opening
[2019.10.16-00.13.19:779][909]PIE: Error: Blueprint Runtime Error: "Accessed None trying to read property thisComp". Blueprint:  weapStage_Opening Function:  Activation Stage Graph:  activationStage Node:  Set Weap Comp
[2019.10.16-00.13.19:779][909]PIE: Error: Blueprint Runtime Error: "Accessed None". Blueprint:  weapStage_Opening Function:  Activation Stage Graph:  activationStage Node:  Set Weap Comp
[2019.10.16-00.13.19:779][909]LogBlueprintUserMessages: [NODE_AddweapStage_Feeding-1] Feeding
[2019.10.16-00.13.19:779][909]PIE: Error: Blueprint Runtime Error: "Accessed None trying to read property thisComp". Blueprint:  weapStage_Feeding Function:  Activation Stage Graph:  activationStage Node:  Activate Component
[2019.10.16-00.13.19:779][909]PIE: Error: Blueprint Runtime Error: "Accessed None". Blueprint:  weapStage_Feeding Function:  Activation Stage Graph:  activationStage Node:  Activate Component
[2019.10.16-00.13.19:779][909]LogBlueprintUserMessages: [NODE_AddweapStage_Feeding-1] *FORCING Success
[2019.10.16-00.13.19:779][909]LogBlueprintUserMessages: [NODE_AddweapStage_Ejecting-1] Ejecting
[2019.10.16-00.13.19:780][909]PIE: Error: Blueprint Runtime Error: "Accessed None trying to read property thisComp". Blueprint:  weapStage_Ejecting Function:  Activation Stage Graph:  activationStage Node:  Get Weap Comp
[2019.10.16-00.13.19:780][909]PIE: Error: Blueprint Runtime Error: "Accessed None". Blueprint:  weapStage_Ejecting Function:  Activation Stage Graph:  activationStage Node:  Get Weap Comp
[2019.10.16-00.13.19:780][909]LogBlueprintUserMessages: [NODE_AddweapStage_Chambing-1] Chambering
[2019.10.16-00.13.19:780][909]LogBlueprintUserMessages: [NODE_AddweapStage_Extracting-1] Extracting
[2019.10.16-00.13.19:780][909]PIE: Error: Blueprint Runtime Error: "Accessed None trying to read property thisComp". Blueprint:  weapStage_Extracting Function:  Activation Stage Graph:  activationStage Node:  Ready Component
[2019.10.16-00.13.19:780][909]PIE: Error: Blueprint Runtime Error: "Accessed None". Blueprint:  weapStage_Extracting Function:  Activation Stage Graph:  activationStage Node:  Ready Component
[2019.10.16-00.13.19:780][909]LogBlueprintUserMessages: [NODE_AddweapStage_Closing-1] Closing
[2019.10.16-00.13.19:780][909]LogBlueprintUserMessages: [NODE_AddweapStage_Pulling-0] Pulling
[2019.10.16-00.13.19:780][909]PIE: Error: Blueprint Runtime Error: "Accessed None trying to read property thisComp". Blueprint:  weapStage_Pulling Function:  Activation Stage Graph:  activationStage Node:  Get Weap Comp
[2019.10.16-00.13.19:780][909]PIE: Error: Blueprint Runtime Error: "Accessed None". Blueprint:  weapStage_Pulling Function:  Activation Stage Graph:  activationStage Node:  Get Weap Comp
[2019.10.16-00.13.22:445][ 69]LogBlueprintUserMessages: [ChildActor_GEN_VARIABLE_WeaponSystem_BP_C_CAT_18] ACTION[Reloading]
[2019.10.16-00.13.22:445][ 69]LogScript: Warning: Script Msg: Attempted to access index 8 from array 'weapComps' of length 8 in '/Game/WeaponSystem/Actor/WeaponSystem_BP.WeaponSystem_BP_C'!
[2019.10.16-00.13.22:445][ 69]LogBlueprintUserMessages: [NODE_AddweapStage_Unloading-1] Unloading
[2019.10.16-00.13.22:446][ 69]LogBlueprintUserMessages: [NODE_AddweapStage_Opening-1] Opening
[2019.10.16-00.13.22:446][ 69]PIE: Error: Blueprint Runtime Error: "Accessed None trying to read property thisComp". Blueprint:  weapStage_Opening Function:  Activation Stage Graph:  activationStage Node:  Set Weap Comp
[2019.10.16-00.13.22:446][ 69]PIE: Error: Blueprint Runtime Error: "Accessed None". Blueprint:  weapStage_Opening Function:  Activation Stage Graph:  activationStage Node:  Set Weap Comp
[2019.10.16-00.13.22:446][ 69]LogBlueprintUserMessages: [NODE_AddweapStage_Feeding-1] Feeding
[2019.10.16-00.13.22:446][ 69]PIE: Error: Blueprint Runtime Error: "Accessed None trying to read property thisComp". Blueprint:  weapStage_Feeding Function:  Activation Stage Graph:  activationStage Node:  Activate Component
[2019.10.16-00.13.22:446][ 69]PIE: Error: Blueprint Runtime Error: "Accessed None". Blueprint:  weapStage_Feeding Function:  Activation Stage Graph:  activationStage Node:  Activate Component
[2019.10.16-00.13.22:446][ 69]LogBlueprintUserMessages: [NODE_AddweapStage_Feeding-1] *FORCING Success
[2019.10.16-00.13.22:446][ 69]LogBlueprintUserMessages: [NODE_AddweapStage_Ejecting-1] Ejecting
[2019.10.16-00.13.22:446][ 69]PIE: Error: Blueprint Runtime Error: "Accessed None trying to read property thisComp". Blueprint:  weapStage_Ejecting Function:  Activation Stage Graph:  activationStage Node:  Get Weap Comp
[2019.10.16-00.13.22:446][ 69]PIE: Error: Blueprint Runtime Error: "Accessed None". Blueprint:  weapStage_Ejecting Function:  Activation Stage Graph:  activationStage Node:  Get Weap Comp
[2019.10.16-00.13.22:446][ 69]LogBlueprintUserMessages: [NODE_AddweapStage_Chambing-1] Chambering
[2019.10.16-00.13.22:446][ 69]LogBlueprintUserMessages: [NODE_AddweapStage_Extracting-1] Extracting
[2019.10.16-00.13.22:446][ 69]PIE: Error: Blueprint Runtime Error: "Accessed None trying to read property thisComp". Blueprint:  weapStage_Extracting Function:  Activation Stage Graph:  activationStage Node:  Ready Component
[2019.10.16-00.13.22:446][ 69]PIE: Error: Blueprint Runtime Error: "Accessed None". Blueprint:  weapStage_Extracting Function:  Activation Stage Graph:  activationStage Node:  Ready Component
[2019.10.16-00.13.22:446][ 69]LogBlueprintUserMessages: [NODE_AddweapStage_Closing-1] Closing
[2019.10.16-00.13.22:446][ 69]LogBlueprintUserMessages: [NODE_AddweapStage_Pulling-0] Pulling
[2019.10.16-00.13.22:446][ 69]PIE: Error: Blueprint Runtime Error: "Accessed None trying to read property thisComp". Blueprint:  weapStage_Pulling Function:  Activation Stage Graph:  activationStage Node:  Get Weap Comp
[2019.10.16-00.13.22:447][ 69]PIE: Error: Blueprint Runtime Error: "Accessed None". Blueprint:  weapStage_Pulling Function:  Activation Stage Graph:  activationStage Node:  Get Weap Comp
[2019.10.16-00.13.24:745][207]LogBlueprintUserMessages: [ChildActor_GEN_VARIABLE_WeaponSystem_BP_C_CAT_18] ACTION[Reloading]
[2019.10.16-00.13.24:745][207]LogScript: Warning: Script Msg: Attempted to access index 8 from array 'weapComps' of length 8 in '/Game/WeaponSystem/Actor/WeaponSystem_BP.WeaponSystem_BP_C'!
[2019.10.16-00.13.24:745][207]LogBlueprintUserMessages: [NODE_AddweapStage_Unloading-1] Unloading
[2019.10.16-00.13.24:745][207]LogBlueprintUserMessages: [NODE_AddweapStage_Opening-1] Opening
[2019.10.16-00.13.24:745][207]PIE: Error: Blueprint Runtime Error: "Accessed None trying to read property thisComp". Blueprint:  weapStage_Opening Function:  Activation Stage Graph:  activationStage Node:  Set Weap Comp
[2019.10.16-00.13.24:745][207]PIE: Error: Blueprint Runtime Error: "Accessed None". Blueprint:  weapStage_Opening Function:  Activation Stage Graph:  activationStage Node:  Set Weap Comp
[2019.10.16-00.13.24:745][207]LogBlueprintUserMessages: [NODE_AddweapStage_Feeding-1] Feeding
[2019.10.16-00.13.24:746][207]PIE: Error: Blueprint Runtime Error: "Accessed None trying to read property thisComp". Blueprint:  weapStage_Feeding Function:  Activation Stage Graph:  activationStage Node:  Activate Component
[2019.10.16-00.13.24:746][207]PIE: Error: Blueprint Runtime Error: "Accessed None". Blueprint:  weapStage_Feeding Function:  Activation Stage Graph:  activationStage Node:  Activate Component
[2019.10.16-00.13.24:746][207]LogBlueprintUserMessages: [NODE_AddweapStage_Feeding-1] *FORCING Success
[2019.10.16-00.13.24:746][207]LogBlueprintUserMessages: [NODE_AddweapStage_Ejecting-1] Ejecting
[2019.10.16-00.13.24:746][207]PIE: Error: Blueprint Runtime Error: "Accessed None trying to read property thisComp". Blueprint:  weapStage_Ejecting Function:  Activation Stage Graph:  activationStage Node:  Get Weap Comp
[2019.10.16-00.13.24:746][207]PIE: Error: Blueprint Runtime Error: "Accessed None". Blueprint:  weapStage_Ejecting Function:  Activation Stage Graph:  activationStage Node:  Get Weap Comp
[2019.10.16-00.13.24:746][207]LogBlueprintUserMessages: [NODE_AddweapStage_Chambing-1] Chambering
[2019.10.16-00.13.24:746][207]LogBlueprintUserMessages: [NODE_AddweapStage_Extracting-1] Extracting
[2019.10.16-00.13.24:746][207]PIE: Error: Blueprint Runtime Error: "Accessed None trying to read property thisComp". Blueprint:  weapStage_Extracting Function:  Activation Stage Graph:  activationStage Node:  Ready Component
[2019.10.16-00.13.24:746][207]PIE: Error: Blueprint Runtime Error: "Accessed None". Blueprint:  weapStage_Extracting Function:  Activation Stage Graph:  activationStage Node:  Ready Component
[2019.10.16-00.13.24:746][207]LogBlueprintUserMessages: [NODE_AddweapStage_Closing-1] Closing
[2019.10.16-00.13.24:746][207]LogBlueprintUserMessages: [NODE_AddweapStage_Pulling-0] Pulling
[2019.10.16-00.13.24:746][207]PIE: Error: Blueprint Runtime Error: "Accessed None trying to read property thisComp". Blueprint:  weapStage_Pulling Function:  Activation Stage Graph:  activationStage Node:  Get Weap Comp
[2019.10.16-00.13.24:746][207]PIE: Error: Blueprint Runtime Error: "Accessed None". Blueprint:  weapStage_Pulling Function:  Activation Stage Graph:  activationStage Node:  Get Weap Comp
[2019.10.16-00.13.27:263][358]LogBlueprintUserMessages: [ChildActor_GEN_VARIABLE_WeaponSystem_BP_C_CAT_18] ACTION[Reloading]
[2019.10.16-00.13.27:263][358]LogScript: Warning: Script Msg: Attempted to access index 8 from array 'weapComps' of length 8 in '/Game/WeaponSystem/Actor/WeaponSystem_BP.WeaponSystem_BP_C'!
[2019.10.16-00.13.27:264][358]LogBlueprintUserMessages: [NODE_AddweapStage_Unloading-1] Unloading
[2019.10.16-00.13.27:264][358]LogBlueprintUserMessages: [NODE_AddweapStage_Opening-1] Opening
[2019.10.16-00.13.27:264][358]PIE: Error: Blueprint Runtime Error: "Accessed None trying to read property thisComp". Blueprint:  weapStage_Opening Function:  Activation Stage Graph:  activationStage Node:  Set Weap Comp
[2019.10.16-00.13.27:264][358]PIE: Error: Blueprint Runtime Error: "Accessed None". Blueprint:  weapStage_Opening Function:  Activation Stage Graph:  activationStage Node:  Set Weap Comp
[2019.10.16-00.13.27:264][358]LogBlueprintUserMessages: [NODE_AddweapStage_Feeding-1] Feeding
[2019.10.16-00.13.27:264][358]PIE: Error: Blueprint Runtime Error: "Accessed None trying to read property thisComp". Blueprint:  weapStage_Feeding Function:  Activation Stage Graph:  activationStage Node:  Activate Component
[2019.10.16-00.13.27:264][358]PIE: Error: Blueprint Runtime Error: "Accessed None". Blueprint:  weapStage_Feeding Function:  Activation Stage Graph:  activationStage Node:  Activate Component
[2019.10.16-00.13.27:264][358]LogBlueprintUserMessages: [NODE_AddweapStage_Feeding-1] *FORCING Success
[2019.10.16-00.13.27:264][358]LogBlueprintUserMessages: [NODE_AddweapStage_Ejecting-1] Ejecting
[2019.10.16-00.13.27:264][358]PIE: Error: Blueprint Runtime Error: "Accessed None trying to read property thisComp". Blueprint:  weapStage_Ejecting Function:  Activation Stage Graph:  activationStage Node:  Get Weap Comp
[2019.10.16-00.13.27:264][358]PIE: Error: Blueprint Runtime Error: "Accessed None". Blueprint:  weapStage_Ejecting Function:  Activation Stage Graph:  activationStage Node:  Get Weap Comp
[2019.10.16-00.13.27:264][358]LogBlueprintUserMessages: [NODE_AddweapStage_Chambing-1] Chambering
[2019.10.16-00.13.27:264][358]LogBlueprintUserMessages: [NODE_AddweapStage_Extracting-1] Extracting
[2019.10.16-00.13.27:264][358]PIE: Error: Blueprint Runtime Error: "Accessed None trying to read property thisComp". Blueprint:  weapStage_Extracting Function:  Activation Stage Graph:  activationStage Node:  Ready Component
[2019.10.16-00.13.27:264][358]PIE: Error: Blueprint Runtime Error: "Accessed None". Blueprint:  weapStage_Extracting Function:  Activation Stage Graph:  activationStage Node:  Ready Component
[2019.10.16-00.13.27:264][358]LogBlueprintUserMessages: [NODE_AddweapStage_Closing-1] Closing
[2019.10.16-00.13.27:264][358]LogBlueprintUserMessages: [NODE_AddweapStage_Pulling-0] Pulling
[2019.10.16-00.13.27:265][358]PIE: Error: Blueprint Runtime Error: "Accessed None trying to read property thisComp". Blueprint:  weapStage_Pulling Function:  Activation Stage Graph:  activationStage Node:  Get Weap Comp
[2019.10.16-00.13.27:265][358]PIE: Error: Blueprint Runtime Error: "Accessed None". Blueprint:  weapStage_Pulling Function:  Activation Stage Graph:  activationStage Node:  Get Weap Comp
[2019.10.16-00.13.29:213][475]LogBlueprintUserMessages: [ChildActor_GEN_VARIABLE_WeaponSystem_BP_C_CAT_18] ACTION[Reloading]
[2019.10.16-00.13.29:213][475]LogScript: Warning: Script Msg: Attempted to access index 8 from array 'weapComps' of length 8 in '/Game/WeaponSystem/Actor/WeaponSystem_BP.WeaponSystem_BP_C'!
[2019.10.16-00.13.29:213][475]LogBlueprintUserMessages: [NODE_AddweapStage_Unloading-1] Unloading
[2019.10.16-00.13.29:213][475]LogBlueprintUserMessages: [NODE_AddweapStage_Opening-1] Opening
[2019.10.16-00.13.29:213][475]PIE: Error: Blueprint Runtime Error: "Accessed None trying to read property thisComp". Blueprint:  weapStage_Opening Function:  Activation Stage Graph:  activationStage Node:  Set Weap Comp
[2019.10.16-00.13.29:213][475]PIE: Error: Blueprint Runtime Error: "Accessed None". Blueprint:  weapStage_Opening Function:  Activation Stage Graph:  activationStage Node:  Set Weap Comp
[2019.10.16-00.13.29:213][475]LogBlueprintUserMessages: [NODE_AddweapStage_Feeding-1] Feeding
[2019.10.16-00.13.29:213][475]PIE: Error: Blueprint Runtime Error: "Accessed None trying to read property thisComp". Blueprint:  weapStage_Feeding Function:  Activation Stage Graph:  activationStage Node:  Activate Component
[2019.10.16-00.13.29:214][475]PIE: Error: Blueprint Runtime Error: "Accessed None". Blueprint:  weapStage_Feeding Function:  Activation Stage Graph:  activationStage Node:  Activate Component
[2019.10.16-00.13.29:214][475]LogBlueprintUserMessages: [NODE_AddweapStage_Feeding-1] *FORCING Success
[2019.10.16-00.13.29:214][475]LogBlueprintUserMessages: [NODE_AddweapStage_Ejecting-1] Ejecting
[2019.10.16-00.13.29:214][475]PIE: Error: Blueprint Runtime Error: "Accessed None trying to read property thisComp". Blueprint:  weapStage_Ejecting Function:  Activation Stage Graph:  activationStage Node:  Get Weap Comp
[2019.10.16-00.13.29:214][475]PIE: Error: Blueprint Runtime Error: "Accessed None". Blueprint:  weapStage_Ejecting Function:  Activation Stage Graph:  activationStage Node:  Get Weap Comp
[2019.10.16-00.13.29:214][475]LogBlueprintUserMessages: [NODE_AddweapStage_Chambing-1] Chambering
[2019.10.16-00.13.29:214][475]LogBlueprintUserMessages: [NODE_AddweapStage_Extracting-1] Extracting
[2019.10.16-00.13.29:214][475]PIE: Error: Blueprint Runtime Error: "Accessed None trying to read property thisComp". Blueprint:  weapStage_Extracting Function:  Activation Stage Graph:  activationStage Node:  Ready Component
[2019.10.16-00.13.29:214][475]PIE: Error: Blueprint Runtime Error: "Accessed None". Blueprint:  weapStage_Extracting Function:  Activation Stage Graph:  activationStage Node:  Ready Component
[2019.10.16-00.13.29:214][475]LogBlueprintUserMessages: [NODE_AddweapStage_Closing-1] Closing
[2019.10.16-00.13.29:214][475]LogBlueprintUserMessages: [NODE_AddweapStage_Pulling-0] Pulling
[2019.10.16-00.13.29:214][475]PIE: Error: Blueprint Runtime Error: "Accessed None trying to read property thisComp". Blueprint:  weapStage_Pulling Function:  Activation Stage Graph:  activationStage Node:  Get Weap Comp
[2019.10.16-00.13.29:214][475]PIE: Error: Blueprint Runtime Error: "Accessed None". Blueprint:  weapStage_Pulling Function:  Activation Stage Graph:  activationStage Node:  Get Weap Comp
[2019.10.16-00.13.30:981][581]LogBlueprintUserMessages: [ChildActor_GEN_VARIABLE_WeaponSystem_BP_C_CAT_18] ACTION[Reloading]
[2019.10.16-00.13.30:981][581]LogScript: Warning: Script Msg: Attempted to access index 8 from array 'weapComps' of length 8 in '/Game/WeaponSystem/Actor/WeaponSystem_BP.WeaponSystem_BP_C'!
[2019.10.16-00.13.30:981][581]LogBlueprintUserMessages: [NODE_AddweapStage_Unloading-1] Unloading
[2019.10.16-00.13.30:981][581]LogBlueprintUserMessages: [NODE_AddweapStage_Opening-1] Opening
[2019.10.16-00.13.30:981][581]PIE: Error: Blueprint Runtime Error: "Accessed None trying to read property thisComp". Blueprint:  weapStage_Opening Function:  Activation Stage Graph:  activationStage Node:  Set Weap Comp
[2019.10.16-00.13.30:982][581]PIE: Error: Blueprint Runtime Error: "Accessed None". Blueprint:  weapStage_Opening Function:  Activation Stage Graph:  activationStage Node:  Set Weap Comp
[2019.10.16-00.13.30:982][581]LogBlueprintUserMessages: [NODE_AddweapStage_Feeding-1] Feeding
[2019.10.16-00.13.30:982][581]PIE: Error: Blueprint Runtime Error: "Accessed None trying to read property thisComp". Blueprint:  weapStage_Feeding Function:  Activation Stage Graph:  activationStage Node:  Activate Component
[2019.10.16-00.13.30:982][581]PIE: Error: Blueprint Runtime Error: "Accessed None". Blueprint:  weapStage_Feeding Function:  Activation Stage Graph:  activationStage Node:  Activate Component
[2019.10.16-00.13.30:982][581]LogBlueprintUserMessages: [NODE_AddweapStage_Feeding-1] *FORCING Success
[2019.10.16-00.13.30:982][581]LogBlueprintUserMessages: [NODE_AddweapStage_Ejecting-1] Ejecting
[2019.10.16-00.13.30:982][581]PIE: Error: Blueprint Runtime Error: "Accessed None trying to read property thisComp". Blueprint:  weapStage_Ejecting Function:  Activation Stage Graph:  activationStage Node:  Get Weap Comp
[2019.10.16-00.13.30:982][581]PIE: Error: Blueprint Runtime Error: "Accessed None". Blueprint:  weapStage_Ejecting Function:  Activation Stage Graph:  activationStage Node:  Get Weap Comp
[2019.10.16-00.13.30:982][581]LogBlueprintUserMessages: [NODE_AddweapStage_Chambing-1] Chambering
[2019.10.16-00.13.30:982][581]LogBlueprintUserMessages: [NODE_AddweapStage_Extracting-1] Extracting
[2019.10.16-00.13.30:982][581]PIE: Error: Blueprint Runtime Error: "Accessed None trying to read property thisComp". Blueprint:  weapStage_Extracting Function:  Activation Stage Graph:  activationStage Node:  Ready Component
[2019.10.16-00.13.30:982][581]PIE: Error: Blueprint Runtime Error: "Accessed None". Blueprint:  weapStage_Extracting Function:  Activation Stage Graph:  activationStage Node:  Ready Component
[2019.10.16-00.13.30:982][581]LogBlueprintUserMessages: [NODE_AddweapStage_Closing-1] Closing
[2019.10.16-00.13.30:982][581]LogBlueprintUserMessages: [NODE_AddweapStage_Pulling-0] Pulling
[2019.10.16-00.13.30:982][581]PIE: Error: Blueprint Runtime Error: "Accessed None trying to read property thisComp". Blueprint:  weapStage_Pulling Function:  Activation Stage Graph:  activationStage Node:  Get Weap Comp
[2019.10.16-00.13.30:982][581]PIE: Error: Blueprint Runtime Error: "Accessed None". Blueprint:  weapStage_Pulling Function:  Activation Stage Graph:  activationStage Node:  Get Weap Comp
[2019.10.16-00.13.32:498][672]LogBlueprintUserMessages: [ChildActor_GEN_VARIABLE_WeaponSystem_BP_C_CAT_18] ACTION[Reloading]
[2019.10.16-00.13.32:498][672]LogScript: Warning: Script Msg: Attempted to access index 8 from array 'weapComps' of length 8 in '/Game/WeaponSystem/Actor/WeaponSystem_BP.WeaponSystem_BP_C'!
[2019.10.16-00.13.32:498][672]LogBlueprintUserMessages: [NODE_AddweapStage_Unloading-1] Unloading
[2019.10.16-00.13.32:498][672]LogBlueprintUserMessages: [NODE_AddweapStage_Opening-1] Opening
[2019.10.16-00.13.32:499][672]PIE: Error: Blueprint Runtime Error: "Accessed None trying to read property thisComp". Blueprint:  weapStage_Opening Function:  Activation Stage Graph:  activationStage Node:  Set Weap Comp
[2019.10.16-00.13.32:499][672]PIE: Error: Blueprint Runtime Error: "Accessed None". Blueprint:  weapStage_Opening Function:  Activation Stage Graph:  activationStage Node:  Set Weap Comp
[2019.10.16-00.13.32:499][672]LogBlueprintUserMessages: [NODE_AddweapStage_Feeding-1] Feeding
[2019.10.16-00.13.32:499][672]PIE: Error: Blueprint Runtime Error: "Accessed None trying to read property thisComp". Blueprint:  weapStage_Feeding Function:  Activation Stage Graph:  activationStage Node:  Activate Component
[2019.10.16-00.13.32:499][672]PIE: Error: Blueprint Runtime Error: "Accessed None". Blueprint:  weapStage_Feeding Function:  Activation Stage Graph:  activationStage Node:  Activate Component
[2019.10.16-00.13.32:499][672]LogBlueprintUserMessages: [NODE_AddweapStage_Feeding-1] *FORCING Success
[2019.10.16-00.13.32:499][672]LogBlueprintUserMessages: [NODE_AddweapStage_Ejecting-1] Ejecting
[2019.10.16-00.13.32:499][672]PIE: Error: Blueprint Runtime Error: "Accessed None trying to read property thisComp". Blueprint:  weapStage_Ejecting Function:  Activation Stage Graph:  activationStage Node:  Get Weap Comp
[2019.10.16-00.13.32:499][672]PIE: Error: Blueprint Runtime Error: "Accessed None". Blueprint:  weapStage_Ejecting Function:  Activation Stage Graph:  activationStage Node:  Get Weap Comp
[2019.10.16-00.13.32:499][672]LogBlueprintUserMessages: [NODE_AddweapStage_Chambing-1] Chambering
[2019.10.16-00.13.32:499][672]LogBlueprintUserMessages: [NODE_AddweapStage_Extracting-1] Extracting
[2019.10.16-00.13.32:499][672]PIE: Error: Blueprint Runtime Error: "Accessed None trying to read property thisComp". Blueprint:  weapStage_Extracting Function:  Activation Stage Graph:  activationStage Node:  Ready Component
[2019.10.16-00.13.32:499][672]PIE: Error: Blueprint Runtime Error: "Accessed None". Blueprint:  weapStage_Extracting Function:  Activation Stage Graph:  activationStage Node:  Ready Component
[2019.10.16-00.13.32:499][672]LogBlueprintUserMessages: [NODE_AddweapStage_Closing-1] Closing
[2019.10.16-00.13.32:499][672]LogBlueprintUserMessages: [NODE_AddweapStage_Pulling-0] Pulling
[2019.10.16-00.13.32:500][672]PIE: Error: Blueprint Runtime Error: "Accessed None trying to read property thisComp". Blueprint:  weapStage_Pulling Function:  Activation Stage Graph:  activationStage Node:  Get Weap Comp
[2019.10.16-00.13.32:500][672]PIE: Error: Blueprint Runtime Error: "Accessed None". Blueprint:  weapStage_Pulling Function:  Activation Stage Graph:  activationStage Node:  Get Weap Comp
[2019.10.16-00.13.35:048][825]LogBlueprintUserMessages: [ChildActor_GEN_VARIABLE_WeaponSystem_BP_C_CAT_18] ACTION[Reloading]
[2019.10.16-00.13.35:049][825]LogScript: Warning: Script Msg: Attempted to access index 8 from array 'weapComps' of length 8 in '/Game/WeaponSystem/Actor/WeaponSystem_BP.WeaponSystem_BP_C'!
[2019.10.16-00.13.35:049][825]LogBlueprintUserMessages: [NODE_AddweapStage_Unloading-1] Unloading
[2019.10.16-00.13.35:049][825]LogBlueprintUserMessages: [NODE_AddweapStage_Opening-1] Opening
[2019.10.16-00.13.35:049][825]PIE: Error: Blueprint Runtime Error: "Accessed None trying to read property thisComp". Blueprint:  weapStage_Opening Function:  Activation Stage Graph:  activationStage Node:  Set Weap Comp
[2019.10.16-00.13.35:049][825]PIE: Error: Blueprint Runtime Error: "Accessed None". Blueprint:  weapStage_Opening Function:  Activation Stage Graph:  activationStage Node:  Set Weap Comp
[2019.10.16-00.13.35:049][825]LogBlueprintUserMessages: [NODE_AddweapStage_Feeding-1] Feeding
[2019.10.16-00.13.35:049][825]PIE: Error: Blueprint Runtime Error: "Accessed None trying to read property thisComp". Blueprint:  weapStage_Feeding Function:  Activation Stage Graph:  activationStage Node:  Activate Component
[2019.10.16-00.13.35:049][825]PIE: Error: Blueprint Runtime Error: "Accessed None". Blueprint:  weapStage_Feeding Function:  Activation Stage Graph:  activationStage Node:  Activate Component
[2019.10.16-00.13.35:049][825]LogBlueprintUserMessages: [NODE_AddweapStage_Feeding-1] *FORCING Success
[2019.10.16-00.13.35:049][825]LogBlueprintUserMessages: [NODE_AddweapStage_Ejecting-1] Ejecting
[2019.10.16-00.13.35:049][825]PIE: Error: Blueprint Runtime Error: "Accessed None trying to read property thisComp". Blueprint:  weapStage_Ejecting Function:  Activation Stage Graph:  activationStage Node:  Get Weap Comp
[2019.10.16-00.13.35:049][825]PIE: Error: Blueprint Runtime Error: "Accessed None". Blueprint:  weapStage_Ejecting Function:  Activation Stage Graph:  activationStage Node:  Get Weap Comp
[2019.10.16-00.13.35:049][825]LogBlueprintUserMessages: [NODE_AddweapStage_Chambing-1] Chambering
[2019.10.16-00.13.35:049][825]LogBlueprintUserMessages: [NODE_AddweapStage_Extracting-1] Extracting
[2019.10.16-00.13.35:049][825]PIE: Error: Blueprint Runtime Error: "Accessed None trying to read property thisComp". Blueprint:  weapStage_Extracting Function:  Activation Stage Graph:  activationStage Node:  Ready Component
[2019.10.16-00.13.35:050][825]PIE: Error: Blueprint Runtime Error: "Accessed None". Blueprint:  weapStage_Extracting Function:  Activation Stage Graph:  activationStage Node:  Ready Component
[2019.10.16-00.13.35:050][825]LogBlueprintUserMessages: [NODE_AddweapStage_Closing-1] Closing
[2019.10.16-00.13.35:050][825]LogBlueprintUserMessages: [NODE_AddweapStage_Pulling-0] Pulling
[2019.10.16-00.13.35:050][825]PIE: Error: Blueprint Runtime Error: "Accessed None trying to read property thisComp". Blueprint:  weapStage_Pulling Function:  Activation Stage Graph:  activationStage Node:  Get Weap Comp
[2019.10.16-00.13.35:050][825]PIE: Error: Blueprint Runtime Error: "Accessed None". Blueprint:  weapStage_Pulling Function:  Activation Stage Graph:  activationStage Node:  Get Weap Comp
[2019.10.16-00.13.37:532][974]LogBlueprintUserMessages: [ChildActor_GEN_VARIABLE_WeaponSystem_BP_C_CAT_18] ACTION[Reloading]
[2019.10.16-00.13.37:532][974]LogScript: Warning: Script Msg: Attempted to access index 8 from array 'weapComps' of length 8 in '/Game/WeaponSystem/Actor/WeaponSystem_BP.WeaponSystem_BP_C'!
[2019.10.16-00.13.37:532][974]LogBlueprintUserMessages: [NODE_AddweapStage_Unloading-1] Unloading
[2019.10.16-00.13.37:532][974]LogBlueprintUserMessages: [NODE_AddweapStage_Opening-1] Opening
[2019.10.16-00.13.37:533][974]PIE: Error: Blueprint Runtime Error: "Accessed None trying to read property thisComp". Blueprint:  weapStage_Opening Function:  Activation Stage Graph:  activationStage Node:  Set Weap Comp
[2019.10.16-00.13.37:533][974]PIE: Error: Blueprint Runtime Error: "Accessed None". Blueprint:  weapStage_Opening Function:  Activation Stage Graph:  activationStage Node:  Set Weap Comp
[2019.10.16-00.13.37:533][974]LogBlueprintUserMessages: [NODE_AddweapStage_Feeding-1] Feeding
[2019.10.16-00.13.37:533][974]PIE: Error: Blueprint Runtime Error: "Accessed None trying to read property thisComp". Blueprint:  weapStage_Feeding Function:  Activation Stage Graph:  activationStage Node:  Activate Component
[2019.10.16-00.13.37:533][974]PIE: Error: Blueprint Runtime Error: "Accessed None". Blueprint:  weapStage_Feeding Function:  Activation Stage Graph:  activationStage Node:  Activate Component
[2019.10.16-00.13.37:533][974]LogBlueprintUserMessages: [NODE_AddweapStage_Feeding-1] *FORCING Success
[2019.10.16-00.13.37:533][974]LogBlueprintUserMessages: [NODE_AddweapStage_Ejecting-1] Ejecting
[2019.10.16-00.13.37:533][974]PIE: Error: Blueprint Runtime Error: "Accessed None trying to read property thisComp". Blueprint:  weapStage_Ejecting Function:  Activation Stage Graph:  activationStage Node:  Get Weap Comp
[2019.10.16-00.13.37:533][974]PIE: Error: Blueprint Runtime Error: "Accessed None". Blueprint:  weapStage_Ejecting Function:  Activation Stage Graph:  activationStage Node:  Get Weap Comp
[2019.10.16-00.13.37:533][974]LogBlueprintUserMessages: [NODE_AddweapStage_Chambing-1] Chambering
[2019.10.16-00.13.37:533][974]LogBlueprintUserMessages: [NODE_AddweapStage_Extracting-1] Extracting
[2019.10.16-00.13.37:533][974]PIE: Error: Blueprint Runtime Error: "Accessed None trying to read property thisComp". Blueprint:  weapStage_Extracting Function:  Activation Stage Graph:  activationStage Node:  Ready Component
[2019.10.16-00.13.37:533][974]PIE: Error: Blueprint Runtime Error: "Accessed None". Blueprint:  weapStage_Extracting Function:  Activation Stage Graph:  activationStage Node:  Ready Component
[2019.10.16-00.13.37:533][974]LogBlueprintUserMessages: [NODE_AddweapStage_Closing-1] Closing
[2019.10.16-00.13.37:533][974]LogBlueprintUserMessages: [NODE_AddweapStage_Pulling-0] Pulling
[2019.10.16-00.13.37:533][974]PIE: Error: Blueprint Runtime Error: "Accessed None trying to read property thisComp". Blueprint:  weapStage_Pulling Function:  Activation Stage Graph:  activationStage Node:  Get Weap Comp
[2019.10.16-00.13.37:534][974]PIE: Error: Blueprint Runtime Error: "Accessed None". Blueprint:  weapStage_Pulling Function:  Activation Stage Graph:  activationStage Node:  Get Weap Comp
[2019.10.16-00.13.40:049][125]LogBlueprintUserMessages: [ChildActor_GEN_VARIABLE_WeaponSystem_BP_C_CAT_18] ACTION[Reloading]
[2019.10.16-00.13.40:049][125]LogScript: Warning: Script Msg: Attempted to access index 8 from array 'weapComps' of length 8 in '/Game/WeaponSystem/Actor/WeaponSystem_BP.WeaponSystem_BP_C'!
[2019.10.16-00.13.40:049][125]LogBlueprintUserMessages: [NODE_AddweapStage_Unloading-1] Unloading
[2019.10.16-00.13.40:049][125]LogBlueprintUserMessages: [NODE_AddweapStage_Opening-1] Opening
[2019.10.16-00.13.40:049][125]PIE: Error: Blueprint Runtime Error: "Accessed None trying to read property thisComp". Blueprint:  weapStage_Opening Function:  Activation Stage Graph:  activationStage Node:  Set Weap Comp
[2019.10.16-00.13.40:049][125]PIE: Error: Blueprint Runtime Error: "Accessed None". Blueprint:  weapStage_Opening Function:  Activation Stage Graph:  activationStage Node:  Set Weap Comp
[2019.10.16-00.13.40:049][125]LogBlueprintUserMessages: [NODE_AddweapStage_Feeding-1] Feeding
[2019.10.16-00.13.40:049][125]PIE: Error: Blueprint Runtime Error: "Accessed None trying to read property thisComp". Blueprint:  weapStage_Feeding Function:  Activation Stage Graph:  activationStage Node:  Activate Component
[2019.10.16-00.13.40:049][125]PIE: Error: Blueprint Runtime Error: "Accessed None". Blueprint:  weapStage_Feeding Function:  Activation Stage Graph:  activationStage Node:  Activate Component
[2019.10.16-00.13.40:049][125]LogBlueprintUserMessages: [NODE_AddweapStage_Feeding-1] *FORCING Success
[2019.10.16-00.13.40:049][125]LogBlueprintUserMessages: [NODE_AddweapStage_Ejecting-1] Ejecting
[2019.10.16-00.13.40:049][125]PIE: Error: Blueprint Runtime Error: "Accessed None trying to read property thisComp". Blueprint:  weapStage_Ejecting Function:  Activation Stage Graph:  activationStage Node:  Get Weap Comp
[2019.10.16-00.13.40:050][125]PIE: Error: Blueprint Runtime Error: "Accessed None". Blueprint:  weapStage_Ejecting Function:  Activation Stage Graph:  activationStage Node:  Get Weap Comp
[2019.10.16-00.13.40:050][125]LogBlueprintUserMessages: [NODE_AddweapStage_Chambing-1] Chambering
[2019.10.16-00.13.40:050][125]LogBlueprintUserMessages: [NODE_AddweapStage_Extracting-1] Extracting
[2019.10.16-00.13.40:050][125]PIE: Error: Blueprint Runtime Error: "Accessed None trying to read property thisComp". Blueprint:  weapStage_Extracting Function:  Activation Stage Graph:  activationStage Node:  Ready Component
[2019.10.16-00.13.40:050][125]PIE: Error: Blueprint Runtime Error: "Accessed None". Blueprint:  weapStage_Extracting Function:  Activation Stage Graph:  activationStage Node:  Ready Component
[2019.10.16-00.13.40:050][125]LogBlueprintUserMessages: [NODE_AddweapStage_Closing-1] Closing
[2019.10.16-00.13.40:050][125]LogBlueprintUserMessages: [NODE_AddweapStage_Pulling-0] Pulling
[2019.10.16-00.13.40:050][125]PIE: Error: Blueprint Runtime Error: "Accessed None trying to read property thisComp". Blueprint:  weapStage_Pulling Function:  Activation Stage Graph:  activationStage Node:  Get Weap Comp
[2019.10.16-00.13.40:050][125]PIE: Error: Blueprint Runtime Error: "Accessed None". Blueprint:  weapStage_Pulling Function:  Activation Stage Graph:  activationStage Node:  Get Weap Comp
[2019.10.16-00.13.42:099][248]LogBlueprintUserMessages: [ChildActor_GEN_VARIABLE_WeaponSystem_BP_C_CAT_18] ACTION[Reloading]
[2019.10.16-00.13.42:099][248]LogScript: Warning: Script Msg: Attempted to access index 8 from array 'weapComps' of length 8 in '/Game/WeaponSystem/Actor/WeaponSystem_BP.WeaponSystem_BP_C'!
[2019.10.16-00.13.42:099][248]LogBlueprintUserMessages: [NODE_AddweapStage_Unloading-1] Unloading
[2019.10.16-00.13.42:099][248]LogBlueprintUserMessages: [NODE_AddweapStage_Opening-1] Opening
[2019.10.16-00.13.42:099][248]PIE: Error: Blueprint Runtime Error: "Accessed None trying to read property thisComp". Blueprint:  weapStage_Opening Function:  Activation Stage Graph:  activationStage Node:  Set Weap Comp
[2019.10.16-00.13.42:099][248]PIE: Error: Blueprint Runtime Error: "Accessed None". Blueprint:  weapStage_Opening Function:  Activation Stage Graph:  activationStage Node:  Set Weap Comp
[2019.10.16-00.13.42:099][248]LogBlueprintUserMessages: [NODE_AddweapStage_Feeding-1] Feeding
[2019.10.16-00.13.42:099][248]PIE: Error: Blueprint Runtime Error: "Accessed None trying to read property thisComp". Blueprint:  weapStage_Feeding Function:  Activation Stage Graph:  activationStage Node:  Activate Component
[2019.10.16-00.13.42:099][248]PIE: Error: Blueprint Runtime Error: "Accessed None". Blueprint:  weapStage_Feeding Function:  Activation Stage Graph:  activationStage Node:  Activate Component
[2019.10.16-00.13.42:099][248]LogBlueprintUserMessages: [NODE_AddweapStage_Feeding-1] *FORCING Success
[2019.10.16-00.13.42:100][248]LogBlueprintUserMessages: [NODE_AddweapStage_Ejecting-1] Ejecting
[2019.10.16-00.13.42:100][248]PIE: Error: Blueprint Runtime Error: "Accessed None trying to read property thisComp". Blueprint:  weapStage_Ejecting Function:  Activation Stage Graph:  activationStage Node:  Get Weap Comp
[2019.10.16-00.13.42:100][248]PIE: Error: Blueprint Runtime Error: "Accessed None". Blueprint:  weapStage_Ejecting Function:  Activation Stage Graph:  activationStage Node:  Get Weap Comp
[2019.10.16-00.13.42:100][248]LogBlueprintUserMessages: [NODE_AddweapStage_Chambing-1] Chambering
[2019.10.16-00.13.42:100][248]LogBlueprintUserMessages: [NODE_AddweapStage_Extracting-1] Extracting
[2019.10.16-00.13.42:100][248]PIE: Error: Blueprint Runtime Error: "Accessed None trying to read property thisComp". Blueprint:  weapStage_Extracting Function:  Activation Stage Graph:  activationStage Node:  Ready Component
[2019.10.16-00.13.42:100][248]PIE: Error: Blueprint Runtime Error: "Accessed None". Blueprint:  weapStage_Extracting Function:  Activation Stage Graph:  activationStage Node:  Ready Component
[2019.10.16-00.13.42:100][248]LogBlueprintUserMessages: [NODE_AddweapStage_Closing-1] Closing
[2019.10.16-00.13.42:100][248]LogBlueprintUserMessages: [NODE_AddweapStage_Pulling-0] Pulling
[2019.10.16-00.13.42:100][248]PIE: Error: Blueprint Runtime Error: "Accessed None trying to read property thisComp". Blueprint:  weapStage_Pulling Function:  Activation Stage Graph:  activationStage Node:  Get Weap Comp
[2019.10.16-00.13.42:100][248]PIE: Error: Blueprint Runtime Error: "Accessed None". Blueprint:  weapStage_Pulling Function:  Activation Stage Graph:  activationStage Node:  Get Weap Comp
[2019.10.16-00.13.43:016][303]LogBlueprintUserMessages: [ChildActor_GEN_VARIABLE_WeaponSystem_BP_C_CAT_18] ACTION[Reloading]
[2019.10.16-00.13.43:016][303]LogScript: Warning: Script Msg: Attempted to access index 8 from array 'weapComps' of length 8 in '/Game/WeaponSystem/Actor/WeaponSystem_BP.WeaponSystem_BP_C'!
[2019.10.16-00.13.43:016][303]LogBlueprintUserMessages: [NODE_AddweapStage_Unloading-1] Unloading
[2019.10.16-00.13.43:016][303]LogBlueprintUserMessages: [NODE_AddweapStage_Opening-1] Opening
[2019.10.16-00.13.43:016][303]PIE: Error: Blueprint Runtime Error: "Accessed None trying to read property thisComp". Blueprint:  weapStage_Opening Function:  Activation Stage Graph:  activationStage Node:  Set Weap Comp
[2019.10.16-00.13.43:016][303]PIE: Error: Blueprint Runtime Error: "Accessed None". Blueprint:  weapStage_Opening Function:  Activation Stage Graph:  activationStage Node:  Set Weap Comp
[2019.10.16-00.13.43:016][303]LogBlueprintUserMessages: [NODE_AddweapStage_Feeding-1] Feeding
[2019.10.16-00.13.43:016][303]PIE: Error: Blueprint Runtime Error: "Accessed None trying to read property thisComp". Blueprint:  weapStage_Feeding Function:  Activation Stage Graph:  activationStage Node:  Activate Component
[2019.10.16-00.13.43:017][303]PIE: Error: Blueprint Runtime Error: "Accessed None". Blueprint:  weapStage_Feeding Function:  Activation Stage Graph:  activationStage Node:  Activate Component
[2019.10.16-00.13.43:017][303]LogBlueprintUserMessages: [NODE_AddweapStage_Feeding-1] *FORCING Success
[2019.10.16-00.13.43:017][303]LogBlueprintUserMessages: [NODE_AddweapStage_Ejecting-1] Ejecting
[2019.10.16-00.13.43:017][303]PIE: Error: Blueprint Runtime Error: "Accessed None trying to read property thisComp". Blueprint:  weapStage_Ejecting Function:  Activation Stage Graph:  activationStage Node:  Get Weap Comp
[2019.10.16-00.13.43:017][303]PIE: Error: Blueprint Runtime Error: "Accessed None". Blueprint:  weapStage_Ejecting Function:  Activation Stage Graph:  activationStage Node:  Get Weap Comp
[2019.10.16-00.13.43:017][303]LogBlueprintUserMessages: [NODE_AddweapStage_Chambing-1] Chambering
[2019.10.16-00.13.43:017][303]LogBlueprintUserMessages: [NODE_AddweapStage_Extracting-1] Extracting
[2019.10.16-00.13.43:017][303]PIE: Error: Blueprint Runtime Error: "Accessed None trying to read property thisComp". Blueprint:  weapStage_Extracting Function:  Activation Stage Graph:  activationStage Node:  Ready Component
[2019.10.16-00.13.43:017][303]PIE: Error: Blueprint Runtime Error: "Accessed None". Blueprint:  weapStage_Extracting Function:  Activation Stage Graph:  activationStage Node:  Ready Component
[2019.10.16-00.13.43:017][303]LogBlueprintUserMessages: [NODE_AddweapStage_Closing-1] Closing
[2019.10.16-00.13.43:017][303]LogBlueprintUserMessages: [NODE_AddweapStage_Pulling-0] Pulling
[2019.10.16-00.13.43:017][303]PIE: Error: Blueprint Runtime Error: "Accessed None trying to read property thisComp". Blueprint:  weapStage_Pulling Function:  Activation Stage Graph:  activationStage Node:  Get Weap Comp
[2019.10.16-00.13.43:017][303]PIE: Error: Blueprint Runtime Error: "Accessed None". Blueprint:  weapStage_Pulling Function:  Activation Stage Graph:  activationStage Node:  Get Weap Comp
[2019.10.16-00.13.43:616][339]LogBlueprintUserMessages: [ChildActor_GEN_VARIABLE_WeaponSystem_BP_C_CAT_18] ACTION[Reloading]
[2019.10.16-00.13.43:616][339]LogScript: Warning: Script Msg: Attempted to access index 8 from array 'weapComps' of length 8 in '/Game/WeaponSystem/Actor/WeaponSystem_BP.WeaponSystem_BP_C'!
[2019.10.16-00.13.43:616][339]LogBlueprintUserMessages: [NODE_AddweapStage_Unloading-1] Unloading
[2019.10.16-00.13.43:616][339]LogBlueprintUserMessages: [NODE_AddweapStage_Opening-1] Opening
[2019.10.16-00.13.43:616][339]PIE: Error: Blueprint Runtime Error: "Accessed None trying to read property thisComp". Blueprint:  weapStage_Opening Function:  Activation Stage Graph:  activationStage Node:  Set Weap Comp
[2019.10.16-00.13.43:616][339]PIE: Error: Blueprint Runtime Error: "Accessed None". Blueprint:  weapStage_Opening Function:  Activation Stage Graph:  activationStage Node:  Set Weap Comp
[2019.10.16-00.13.43:616][339]LogBlueprintUserMessages: [NODE_AddweapStage_Feeding-1] Feeding
[2019.10.16-00.13.43:616][339]PIE: Error: Blueprint Runtime Error: "Accessed None trying to read property thisComp". Blueprint:  weapStage_Feeding Function:  Activation Stage Graph:  activationStage Node:  Activate Component
[2019.10.16-00.13.43:616][339]PIE: Error: Blueprint Runtime Error: "Accessed None". Blueprint:  weapStage_Feeding Function:  Activation Stage Graph:  activationStage Node:  Activate Component
[2019.10.16-00.13.43:616][339]LogBlueprintUserMessages: [NODE_AddweapStage_Feeding-1] *FORCING Success
[2019.10.16-00.13.43:616][339]LogBlueprintUserMessages: [NODE_AddweapStage_Ejecting-1] Ejecting
[2019.10.16-00.13.43:616][339]PIE: Error: Blueprint Runtime Error: "Accessed None trying to read property thisComp". Blueprint:  weapStage_Ejecting Function:  Activation Stage Graph:  activationStage Node:  Get Weap Comp
[2019.10.16-00.13.43:616][339]PIE: Error: Blueprint Runtime Error: "Accessed None". Blueprint:  weapStage_Ejecting Function:  Activation Stage Graph:  activationStage Node:  Get Weap Comp
[2019.10.16-00.13.43:616][339]LogBlueprintUserMessages: [NODE_AddweapStage_Chambing-1] Chambering
[2019.10.16-00.13.43:617][339]LogBlueprintUserMessages: [NODE_AddweapStage_Extracting-1] Extracting
[2019.10.16-00.13.43:617][339]PIE: Error: Blueprint Runtime Error: "Accessed None trying to read property thisComp". Blueprint:  weapStage_Extracting Function:  Activation Stage Graph:  activationStage Node:  Ready Component
[2019.10.16-00.13.43:617][339]PIE: Error: Blueprint Runtime Error: "Accessed None". Blueprint:  weapStage_Extracting Function:  Activation Stage Graph:  activationStage Node:  Ready Component
[2019.10.16-00.13.43:617][339]LogBlueprintUserMessages: [NODE_AddweapStage_Closing-1] Closing
[2019.10.16-00.13.43:617][339]LogBlueprintUserMessages: [NODE_AddweapStage_Pulling-0] Pulling
[2019.10.16-00.13.43:617][339]PIE: Error: Blueprint Runtime Error: "Accessed None trying to read property thisComp". Blueprint:  weapStage_Pulling Function:  Activation Stage Graph:  activationStage Node:  Get Weap Comp
[2019.10.16-00.13.43:617][339]PIE: Error: Blueprint Runtime Error: "Accessed None". Blueprint:  weapStage_Pulling Function:  Activation Stage Graph:  activationStage Node:  Get Weap Comp
[2019.10.16-00.13.45:916][477]LogBlueprintUserMessages: [ChildActor_GEN_VARIABLE_WeaponSystem_BP_C_CAT_18] ACTION[Reloading]
[2019.10.16-00.13.45:916][477]LogScript: Warning: Script Msg: Attempted to access index 8 from array 'weapComps' of length 8 in '/Game/WeaponSystem/Actor/WeaponSystem_BP.WeaponSystem_BP_C'!
[2019.10.16-00.13.45:916][477]LogBlueprintUserMessages: [NODE_AddweapStage_Unloading-1] Unloading
[2019.10.16-00.13.45:916][477]LogBlueprintUserMessages: [NODE_AddweapStage_Opening-1] Opening
[2019.10.16-00.13.45:916][477]PIE: Error: Blueprint Runtime Error: "Accessed None trying to read property thisComp". Blueprint:  weapStage_Opening Function:  Activation Stage Graph:  activationStage Node:  Set Weap Comp
[2019.10.16-00.13.45:916][477]PIE: Error: Blueprint Runtime Error: "Accessed None". Blueprint:  weapStage_Opening Function:  Activation Stage Graph:  activationStage Node:  Set Weap Comp
[2019.10.16-00.13.45:916][477]LogBlueprintUserMessages: [NODE_AddweapStage_Feeding-1] Feeding
[2019.10.16-00.13.45:917][477]PIE: Error: Blueprint Runtime Error: "Accessed None trying to read property thisComp". Blueprint:  weapStage_Feeding Function:  Activation Stage Graph:  activationStage Node:  Activate Component
[2019.10.16-00.13.45:917][477]PIE: Error: Blueprint Runtime Error: "Accessed None". Blueprint:  weapStage_Feeding Function:  Activation Stage Graph:  activationStage Node:  Activate Component
[2019.10.16-00.13.45:917][477]LogBlueprintUserMessages: [NODE_AddweapStage_Feeding-1] *FORCING Success
[2019.10.16-00.13.45:917][477]LogBlueprintUserMessages: [NODE_AddweapStage_Ejecting-1] Ejecting
[2019.10.16-00.13.45:917][477]PIE: Error: Blueprint Runtime Error: "Accessed None trying to read property thisComp". Blueprint:  weapStage_Ejecting Function:  Activation Stage Graph:  activationStage Node:  Get Weap Comp
[2019.10.16-00.13.45:917][477]PIE: Error: Blueprint Runtime Error: "Accessed None". Blueprint:  weapStage_Ejecting Function:  Activation Stage Graph:  activationStage Node:  Get Weap Comp
[2019.10.16-00.13.45:917][477]LogBlueprintUserMessages: [NODE_AddweapStage_Chambing-1] Chambering
[2019.10.16-00.13.45:917][477]LogBlueprintUserMessages: [NODE_AddweapStage_Extracting-1] Extracting
[2019.10.16-00.13.45:917][477]PIE: Error: Blueprint Runtime Error: "Accessed None trying to read property thisComp". Blueprint:  weapStage_Extracting Function:  Activation Stage Graph:  activationStage Node:  Ready Component
[2019.10.16-00.13.45:917][477]PIE: Error: Blueprint Runtime Error: "Accessed None". Blueprint:  weapStage_Extracting Function:  Activation Stage Graph:  activationStage Node:  Ready Component
[2019.10.16-00.13.45:918][477]LogBlueprintUserMessages: [NODE_AddweapStage_Closing-1] Closing
[2019.10.16-00.13.45:918][477]LogBlueprintUserMessages: [NODE_AddweapStage_Pulling-0] Pulling
[2019.10.16-00.13.45:918][477]PIE: Error: Blueprint Runtime Error: "Accessed None trying to read property thisComp". Blueprint:  weapStage_Pulling Function:  Activation Stage Graph:  activationStage Node:  Get Weap Comp
[2019.10.16-00.13.45:918][477]PIE: Error: Blueprint Runtime Error: "Accessed None". Blueprint:  weapStage_Pulling Function:  Activation Stage Graph:  activationStage Node:  Get Weap Comp
[2019.10.16-00.13.47:384][562]LogBlueprintUserMessages: Early EndPlayMap Detection: Level '/Game/FirstPersonBP/Maps/FirstPersonExampleMap.FirstPersonExampleMap:PersistentLevel' has LevelScriptBlueprint '/Game/FirstPersonBP/Maps/FirstPersonExampleMap.FirstPersonExampleMap:PersistentLevel.FirstPersonExampleMap' with GeneratedClass '/Game/FirstPersonBP/Maps/FirstPersonExampleMap.FirstPersonExampleMap_C' with ClassGeneratedBy '/Game/FirstPersonBP/Maps/FirstPersonExampleMap.FirstPersonExampleMap:PersistentLevel.FirstPersonExampleMap'
[2019.10.16-00.13.47:384][562]LogSlate: Updating window title bar state: overlay mode, drag disabled, window buttons hidden, title bar hidden
[2019.10.16-00.13.47:420][562]LogPlayLevel: Display: Shutting down PIE online subsystems
[2019.10.16-00.13.47:420][562]LogBlueprintUserMessages: Late EndPlayMap Detection: Level '/Game/FirstPersonBP/Maps/FirstPersonExampleMap.FirstPersonExampleMap:PersistentLevel' has LevelScriptBlueprint '/Game/FirstPersonBP/Maps/FirstPersonExampleMap.FirstPersonExampleMap:PersistentLevel.FirstPersonExampleMap' with GeneratedClass '/Game/FirstPersonBP/Maps/FirstPersonExampleMap.FirstPersonExampleMap_C' with ClassGeneratedBy '/Game/FirstPersonBP/Maps/FirstPersonExampleMap.FirstPersonExampleMap:PersistentLevel.FirstPersonExampleMap'
[2019.10.16-00.13.47:463][562]LogSlate: Updating window title bar state: overlay mode, drag disabled, window buttons hidden, title bar hidden
[2019.10.16-00.13.47:473][562]LogUObjectHash: Compacting FUObjectHashTables data took   6.44ms
[2019.10.16-00.13.47:504][563]LogPlayLevel: Display: Destroying online subsystem :Context_4
[2019.10.16-00.13.49:457][678]LogSlate: FSceneViewport::OnFocusLost() reason 0
[2019.10.16-00.14.28:164][954]BlueprintLog: New page: Compile WeaponSystem_BP
[2019.10.16-00.14.28:450][954]LogUObjectHash: Compacting FUObjectHashTables data took   4.32ms
[2019.10.16-00.14.28:458][954]LogActorComponent: RegisterComponentWithWorld: (/Game/FirstPersonBP/Maps/FirstPersonExampleMap.FirstPersonExampleMap:PersistentLevel.DESTROYED_WeaponSystem_BP_C_CHILDACTOR_27.DefaultSceneRoot) Trying to register component with IsPendingKill() == true. Aborting.
[2019.10.16-00.14.28:481][954]LogActorComponent: RegisterComponentWithWorld: (/Game/FirstPersonBP/Maps/FirstPersonExampleMap.FirstPersonExampleMap:PersistentLevel.DESTROYED_WeaponSystem_BP_C_CHILDACTOR_29.DefaultSceneRoot) Trying to register component with IsPendingKill() == true. Aborting.
[2019.10.16-00.14.29:069][977]LogTemp: Repeating last play command: Selected Viewport
[2019.10.16-00.14.29:102][977]LogBlueprintUserMessages: Early PlayInEditor Detection: Level '/Game/FirstPersonBP/Maps/FirstPersonExampleMap.FirstPersonExampleMap:PersistentLevel' has LevelScriptBlueprint '/Game/FirstPersonBP/Maps/FirstPersonExampleMap.FirstPersonExampleMap:PersistentLevel.FirstPersonExampleMap' with GeneratedClass '/Game/FirstPersonBP/Maps/FirstPersonExampleMap.FirstPersonExampleMap_C' with ClassGeneratedBy '/Game/FirstPersonBP/Maps/FirstPersonExampleMap.FirstPersonExampleMap:PersistentLevel.FirstPersonExampleMap'
[2019.10.16-00.14.29:102][977]LogPlayLevel: PlayLevel: No blueprints needed recompiling
[2019.10.16-00.14.29:102][977]PIE: New page: PIE session: FirstPersonExampleMap (Oct 15, 2019, 10:14:29 AM)
[2019.10.16-00.14.29:102][977]LogPlayLevel: Creating play world package: /Game/FirstPersonBP/Maps/UEDPIE_0_FirstPersonExampleMap
[2019.10.16-00.14.29:115][977]LogPlayLevel: PIE: StaticDuplicateObject took: (0.012961s)
[2019.10.16-00.14.29:116][977]LogAIModule: Creating AISystem for world FirstPersonExampleMap
[2019.10.16-00.14.29:116][977]LogPlayLevel: PIE: World Init took: (0.000935s)
[2019.10.16-00.14.29:116][977]LogPlayLevel: PIE: Created PIE world by copying editor world from /Game/FirstPersonBP/Maps/FirstPersonExampleMap.FirstPersonExampleMap to /Game/FirstPersonBP/Maps/UEDPIE_0_FirstPersonExampleMap.FirstPersonExampleMap (0.014073s)
[2019.10.16-00.14.29:158][977]LogUObjectHash: Compacting FUObjectHashTables data took   4.04ms
[2019.10.16-00.14.29:201][977]LogInit: XAudio2 using 'Headset Earphone (SteelSeries Arctis 5 Chat)' : 2 channels at 48 kHz using 16 bits per sample (channel mask 0x3)
[2019.10.16-00.14.29:218][977]LogInit: FAudioDevice initialized.
[2019.10.16-00.14.29:256][977]LogLoad: Game class is 'FirstPersonGameMode_C'
[2019.10.16-00.14.29:260][977]LogWorld: Bringing World /Game/FirstPersonBP/Maps/UEDPIE_0_FirstPersonExampleMap.FirstPersonExampleMap up for play (max tick rate 60) at 2019.10.15-17.14.29
[2019.10.16-00.14.29:261][977]LogWorld: Bringing up level for play took: 0.004256
[2019.10.16-00.14.29:274][977]PIE: Play in editor start time for /Game/FirstPersonBP/Maps/UEDPIE_0_FirstPersonExampleMap -0.291
[2019.10.16-00.14.29:274][977]LogBlueprintUserMessages: Late PlayInEditor Detection: Level '/Game/FirstPersonBP/Maps/FirstPersonExampleMap.FirstPersonExampleMap:PersistentLevel' has LevelScriptBlueprint '/Game/FirstPersonBP/Maps/FirstPersonExampleMap.FirstPersonExampleMap:PersistentLevel.FirstPersonExampleMap' with GeneratedClass '/Game/FirstPersonBP/Maps/FirstPersonExampleMap.FirstPersonExampleMap_C' with ClassGeneratedBy '/Game/FirstPersonBP/Maps/FirstPersonExampleMap.FirstPersonExampleMap:PersistentLevel.FirstPersonExampleMap'
[2019.10.16-00.14.30:170][ 22]LogBlueprintUserMessages: [ChildActor_GEN_VARIABLE_WeaponSystem_BP_C_CAT_18] ACTION[Reloading]
[2019.10.16-00.14.30:170][ 22]LogScript: Warning: Script Msg: Attempted to access index 8 from array 'weapComps' of length 8 in '/Game/WeaponSystem/Actor/WeaponSystem_BP.WeaponSystem_BP_C'!
[2019.10.16-00.14.30:170][ 22]LogBlueprintUserMessages: [NODE_AddweapStage_Unloading-1] Unloading
[2019.10.16-00.14.30:170][ 22]LogBlueprintUserMessages: [NODE_AddweapStage_Opening-1] Opening
[2019.10.16-00.14.30:170][ 22]PIE: Error: Blueprint Runtime Error: "Accessed None trying to read property thisComp". Blueprint:  weapStage_Opening Function:  Activation Stage Graph:  activationStage Node:  Set Weap Comp
[2019.10.16-00.14.30:170][ 22]PIE: Error: Blueprint Runtime Error: "Accessed None". Blueprint:  weapStage_Opening Function:  Activation Stage Graph:  activationStage Node:  Set Weap Comp
[2019.10.16-00.14.30:171][ 22]LogBlueprintUserMessages: [NODE_AddweapStage_Feeding-1] Feeding
[2019.10.16-00.14.30:171][ 22]PIE: Error: Blueprint Runtime Error: "Accessed None trying to read property thisComp". Blueprint:  weapStage_Feeding Function:  Activation Stage Graph:  activationStage Node:  Activate Component
[2019.10.16-00.14.30:171][ 22]PIE: Error: Blueprint Runtime Error: "Accessed None". Blueprint:  weapStage_Feeding Function:  Activation Stage Graph:  activationStage Node:  Activate Component
[2019.10.16-00.14.30:171][ 22]LogBlueprintUserMessages: [NODE_AddweapStage_Feeding-1] *FORCING Success
[2019.10.16-00.14.30:171][ 22]LogBlueprintUserMessages: [NODE_AddweapStage_Ejecting-1] Ejecting
[2019.10.16-00.14.30:171][ 22]PIE: Error: Blueprint Runtime Error: "Accessed None trying to read property thisComp". Blueprint:  weapStage_Ejecting Function:  Activation Stage Graph:  activationStage Node:  Get Weap Comp
[2019.10.16-00.14.30:171][ 22]PIE: Error: Blueprint Runtime Error: "Accessed None". Blueprint:  weapStage_Ejecting Function:  Activation Stage Graph:  activationStage Node:  Get Weap Comp
[2019.10.16-00.14.30:171][ 22]LogBlueprintUserMessages: [NODE_AddweapStage_Chambing-1] Chambering
[2019.10.16-00.14.30:171][ 22]LogBlueprintUserMessages: [NODE_AddweapStage_Extracting-1] Extracting
[2019.10.16-00.14.30:171][ 22]PIE: Error: Blueprint Runtime Error: "Accessed None trying to read property thisComp". Blueprint:  weapStage_Extracting Function:  Activation Stage Graph:  activationStage Node:  Ready Component
[2019.10.16-00.14.30:171][ 22]PIE: Error: Blueprint Runtime Error: "Accessed None". Blueprint:  weapStage_Extracting Function:  Activation Stage Graph:  activationStage Node:  Ready Component
[2019.10.16-00.14.30:171][ 22]LogBlueprintUserMessages: [NODE_AddweapStage_Closing-1] Closing
[2019.10.16-00.14.31:037][ 74]LogBlueprintUserMessages: [ChildActor_GEN_VARIABLE_WeaponSystem_BP_C_CAT_18] ACTION[Reloading]
[2019.10.16-00.14.31:037][ 74]LogScript: Warning: Script Msg: Attempted to access index 8 from array 'weapComps' of length 8 in '/Game/WeaponSystem/Actor/WeaponSystem_BP.WeaponSystem_BP_C'!
[2019.10.16-00.14.31:037][ 74]LogBlueprintUserMessages: [NODE_AddweapStage_Unloading-1] Unloading
[2019.10.16-00.14.31:037][ 74]LogBlueprintUserMessages: [NODE_AddweapStage_Opening-1] Opening
[2019.10.16-00.14.31:038][ 74]PIE: Error: Blueprint Runtime Error: "Accessed None trying to read property thisComp". Blueprint:  weapStage_Opening Function:  Activation Stage Graph:  activationStage Node:  Set Weap Comp
[2019.10.16-00.14.31:038][ 74]PIE: Error: Blueprint Runtime Error: "Accessed None". Blueprint:  weapStage_Opening Function:  Activation Stage Graph:  activationStage Node:  Set Weap Comp
[2019.10.16-00.14.31:038][ 74]LogBlueprintUserMessages: [NODE_AddweapStage_Feeding-1] Feeding
[2019.10.16-00.14.31:038][ 74]PIE: Error: Blueprint Runtime Error: "Accessed None trying to read property thisComp". Blueprint:  weapStage_Feeding Function:  Activation Stage Graph:  activationStage Node:  Activate Component
[2019.10.16-00.14.31:038][ 74]PIE: Error: Blueprint Runtime Error: "Accessed None". Blueprint:  weapStage_Feeding Function:  Activation Stage Graph:  activationStage Node:  Activate Component
[2019.10.16-00.14.31:038][ 74]LogBlueprintUserMessages: [NODE_AddweapStage_Feeding-1] *FORCING Success
[2019.10.16-00.14.31:038][ 74]LogBlueprintUserMessages: [NODE_AddweapStage_Ejecting-1] Ejecting
[2019.10.16-00.14.31:038][ 74]PIE: Error: Blueprint Runtime Error: "Accessed None trying to read property thisComp". Blueprint:  weapStage_Ejecting Function:  Activation Stage Graph:  activationStage Node:  Get Weap Comp
[2019.10.16-00.14.31:038][ 74]PIE: Error: Blueprint Runtime Error: "Accessed None". Blueprint:  weapStage_Ejecting Function:  Activation Stage Graph:  activationStage Node:  Get Weap Comp
[2019.10.16-00.14.31:038][ 74]LogBlueprintUserMessages: [NODE_AddweapStage_Chambing-1] Chambering
[2019.10.16-00.14.31:038][ 74]LogBlueprintUserMessages: [NODE_AddweapStage_Extracting-1] Extracting
[2019.10.16-00.14.31:038][ 74]PIE: Error: Blueprint Runtime Error: "Accessed None trying to read property thisComp". Blueprint:  weapStage_Extracting Function:  Activation Stage Graph:  activationStage Node:  Ready Component
[2019.10.16-00.14.31:038][ 74]PIE: Error: Blueprint Runtime Error: "Accessed None". Blueprint:  weapStage_Extracting Function:  Activation Stage Graph:  activationStage Node:  Ready Component
[2019.10.16-00.14.31:038][ 74]LogBlueprintUserMessages: [NODE_AddweapStage_Closing-1] Closing
[2019.10.16-00.14.32:437][158]LogBlueprintUserMessages: [ChildActor_GEN_VARIABLE_WeaponSystem_BP_C_CAT_18] ACTION[Reloading]
[2019.10.16-00.14.32:437][158]LogScript: Warning: Script Msg: Attempted to access index 8 from array 'weapComps' of length 8 in '/Game/WeaponSystem/Actor/WeaponSystem_BP.WeaponSystem_BP_C'!
[2019.10.16-00.14.32:437][158]LogBlueprintUserMessages: [NODE_AddweapStage_Unloading-1] Unloading
[2019.10.16-00.14.32:437][158]LogBlueprintUserMessages: [NODE_AddweapStage_Opening-1] Opening
[2019.10.16-00.14.32:437][158]PIE: Error: Blueprint Runtime Error: "Accessed None trying to read property thisComp". Blueprint:  weapStage_Opening Function:  Activation Stage Graph:  activationStage Node:  Set Weap Comp
[2019.10.16-00.14.32:438][158]PIE: Error: Blueprint Runtime Error: "Accessed None". Blueprint:  weapStage_Opening Function:  Activation Stage Graph:  activationStage Node:  Set Weap Comp
[2019.10.16-00.14.32:438][158]LogBlueprintUserMessages: [NODE_AddweapStage_Feeding-1] Feeding
[2019.10.16-00.14.32:438][158]PIE: Error: Blueprint Runtime Error: "Accessed None trying to read property thisComp". Blueprint:  weapStage_Feeding Function:  Activation Stage Graph:  activationStage Node:  Activate Component
[2019.10.16-00.14.32:438][158]PIE: Error: Blueprint Runtime Error: "Accessed None". Blueprint:  weapStage_Feeding Function:  Activation Stage Graph:  activationStage Node:  Activate Component
[2019.10.16-00.14.32:438][158]LogBlueprintUserMessages: [NODE_AddweapStage_Feeding-1] *FORCING Success
[2019.10.16-00.14.32:438][158]LogBlueprintUserMessages: [NODE_AddweapStage_Ejecting-1] Ejecting
[2019.10.16-00.14.32:438][158]PIE: Error: Blueprint Runtime Error: "Accessed None trying to read property thisComp". Blueprint:  weapStage_Ejecting Function:  Activation Stage Graph:  activationStage Node:  Get Weap Comp
[2019.10.16-00.14.32:438][158]PIE: Error: Blueprint Runtime Error: "Accessed None". Blueprint:  weapStage_Ejecting Function:  Activation Stage Graph:  activationStage Node:  Get Weap Comp
[2019.10.16-00.14.32:438][158]LogBlueprintUserMessages: [NODE_AddweapStage_Chambing-1] Chambering
[2019.10.16-00.14.32:438][158]LogBlueprintUserMessages: [NODE_AddweapStage_Extracting-1] Extracting
[2019.10.16-00.14.32:438][158]PIE: Error: Blueprint Runtime Error: "Accessed None trying to read property thisComp". Blueprint:  weapStage_Extracting Function:  Activation Stage Graph:  activationStage Node:  Ready Component
[2019.10.16-00.14.32:438][158]PIE: Error: Blueprint Runtime Error: "Accessed None". Blueprint:  weapStage_Extracting Function:  Activation Stage Graph:  activationStage Node:  Ready Component
[2019.10.16-00.14.32:438][158]LogBlueprintUserMessages: [NODE_AddweapStage_Closing-1] Closing
[2019.10.16-00.14.34:887][305]LogBlueprintUserMessages: [ChildActor_GEN_VARIABLE_WeaponSystem_BP_C_CAT_18] ACTION[Reloading]
[2019.10.16-00.14.34:887][305]LogScript: Warning: Script Msg: Attempted to access index 8 from array 'weapComps' of length 8 in '/Game/WeaponSystem/Actor/WeaponSystem_BP.WeaponSystem_BP_C'!
[2019.10.16-00.14.34:887][305]LogBlueprintUserMessages: [NODE_AddweapStage_Unloading-1] Unloading
[2019.10.16-00.14.34:887][305]LogBlueprintUserMessages: [NODE_AddweapStage_Opening-1] Opening
[2019.10.16-00.14.34:887][305]PIE: Error: Blueprint Runtime Error: "Accessed None trying to read property thisComp". Blueprint:  weapStage_Opening Function:  Activation Stage Graph:  activationStage Node:  Set Weap Comp
[2019.10.16-00.14.34:887][305]PIE: Error: Blueprint Runtime Error: "Accessed None". Blueprint:  weapStage_Opening Function:  Activation Stage Graph:  activationStage Node:  Set Weap Comp
[2019.10.16-00.14.34:887][305]LogBlueprintUserMessages: [NODE_AddweapStage_Feeding-1] Feeding
[2019.10.16-00.14.34:888][305]PIE: Error: Blueprint Runtime Error: "Accessed None trying to read property thisComp". Blueprint:  weapStage_Feeding Function:  Activation Stage Graph:  activationStage Node:  Activate Component
[2019.10.16-00.14.34:888][305]PIE: Error: Blueprint Runtime Error: "Accessed None". Blueprint:  weapStage_Feeding Function:  Activation Stage Graph:  activationStage Node:  Activate Component
[2019.10.16-00.14.34:888][305]LogBlueprintUserMessages: [NODE_AddweapStage_Feeding-1] *FORCING Success
[2019.10.16-00.14.34:888][305]LogBlueprintUserMessages: [NODE_AddweapStage_Ejecting-1] Ejecting
[2019.10.16-00.14.34:888][305]PIE: Error: Blueprint Runtime Error: "Accessed None trying to read property thisComp". Blueprint:  weapStage_Ejecting Function:  Activation Stage Graph:  activationStage Node:  Get Weap Comp
[2019.10.16-00.14.34:888][305]PIE: Error: Blueprint Runtime Error: "Accessed None". Blueprint:  weapStage_Ejecting Function:  Activation Stage Graph:  activationStage Node:  Get Weap Comp
[2019.10.16-00.14.34:888][305]LogBlueprintUserMessages: [NODE_AddweapStage_Chambing-1] Chambering
[2019.10.16-00.14.34:888][305]LogBlueprintUserMessages: [NODE_AddweapStage_Extracting-1] Extracting
[2019.10.16-00.14.34:888][305]PIE: Error: Blueprint Runtime Error: "Accessed None trying to read property thisComp". Blueprint:  weapStage_Extracting Function:  Activation Stage Graph:  activationStage Node:  Ready Component
[2019.10.16-00.14.34:888][305]PIE: Error: Blueprint Runtime Error: "Accessed None". Blueprint:  weapStage_Extracting Function:  Activation Stage Graph:  activationStage Node:  Ready Component
[2019.10.16-00.14.34:888][305]LogBlueprintUserMessages: [NODE_AddweapStage_Closing-1] Closing
[2019.10.16-00.14.36:188][383]LogBlueprintUserMessages: [ChildActor_GEN_VARIABLE_WeaponSystem_BP_C_CAT_18] ACTION[Reloading]
[2019.10.16-00.14.36:188][383]LogScript: Warning: Script Msg: Attempted to access index 8 from array 'weapComps' of length 8 in '/Game/WeaponSystem/Actor/WeaponSystem_BP.WeaponSystem_BP_C'!
[2019.10.16-00.14.36:188][383]LogBlueprintUserMessages: [NODE_AddweapStage_Unloading-1] Unloading
[2019.10.16-00.14.36:188][383]LogBlueprintUserMessages: [NODE_AddweapStage_Opening-1] Opening
[2019.10.16-00.14.36:188][383]PIE: Error: Blueprint Runtime Error: "Accessed None trying to read property thisComp". Blueprint:  weapStage_Opening Function:  Activation Stage Graph:  activationStage Node:  Set Weap Comp
[2019.10.16-00.14.36:188][383]PIE: Error: Blueprint Runtime Error: "Accessed None". Blueprint:  weapStage_Opening Function:  Activation Stage Graph:  activationStage Node:  Set Weap Comp
[2019.10.16-00.14.36:188][383]LogBlueprintUserMessages: [NODE_AddweapStage_Feeding-1] Feeding
[2019.10.16-00.14.36:188][383]PIE: Error: Blueprint Runtime Error: "Accessed None trying to read property thisComp". Blueprint:  weapStage_Feeding Function:  Activation Stage Graph:  activationStage Node:  Activate Component
[2019.10.16-00.14.36:188][383]PIE: Error: Blueprint Runtime Error: "Accessed None". Blueprint:  weapStage_Feeding Function:  Activation Stage Graph:  activationStage Node:  Activate Component
[2019.10.16-00.14.36:188][383]LogBlueprintUserMessages: [NODE_AddweapStage_Feeding-1] *FORCING Success
[2019.10.16-00.14.36:188][383]LogBlueprintUserMessages: [NODE_AddweapStage_Ejecting-1] Ejecting
[2019.10.16-00.14.36:188][383]PIE: Error: Blueprint Runtime Error: "Accessed None trying to read property thisComp". Blueprint:  weapStage_Ejecting Function:  Activation Stage Graph:  activationStage Node:  Get Weap Comp
[2019.10.16-00.14.36:188][383]PIE: Error: Blueprint Runtime Error: "Accessed None". Blueprint:  weapStage_Ejecting Function:  Activation Stage Graph:  activationStage Node:  Get Weap Comp
[2019.10.16-00.14.36:188][383]LogBlueprintUserMessages: [NODE_AddweapStage_Chambing-1] Chambering
[2019.10.16-00.14.36:189][383]LogBlueprintUserMessages: [NODE_AddweapStage_Extracting-1] Extracting
[2019.10.16-00.14.36:189][383]PIE: Error: Blueprint Runtime Error: "Accessed None trying to read property thisComp". Blueprint:  weapStage_Extracting Function:  Activation Stage Graph:  activationStage Node:  Ready Component
[2019.10.16-00.14.36:189][383]PIE: Error: Blueprint Runtime Error: "Accessed None". Blueprint:  weapStage_Extracting Function:  Activation Stage Graph:  activationStage Node:  Ready Component
[2019.10.16-00.14.36:189][383]LogBlueprintUserMessages: [NODE_AddweapStage_Closing-1] Closing
[2019.10.16-00.14.37:339][452]LogBlueprintUserMessages: [ChildActor_GEN_VARIABLE_WeaponSystem_BP_C_CAT_18] ACTION[Reloading]
[2019.10.16-00.14.37:339][452]LogScript: Warning: Script Msg: Attempted to access index 8 from array 'weapComps' of length 8 in '/Game/WeaponSystem/Actor/WeaponSystem_BP.WeaponSystem_BP_C'!
[2019.10.16-00.14.37:339][452]LogBlueprintUserMessages: [NODE_AddweapStage_Unloading-1] Unloading
[2019.10.16-00.14.37:339][452]LogBlueprintUserMessages: [NODE_AddweapStage_Opening-1] Opening
[2019.10.16-00.14.37:339][452]PIE: Error: Blueprint Runtime Error: "Accessed None trying to read property thisComp". Blueprint:  weapStage_Opening Function:  Activation Stage Graph:  activationStage Node:  Set Weap Comp
[2019.10.16-00.14.37:339][452]PIE: Error: Blueprint Runtime Error: "Accessed None". Blueprint:  weapStage_Opening Function:  Activation Stage Graph:  activationStage Node:  Set Weap Comp
[2019.10.16-00.14.37:339][452]LogBlueprintUserMessages: [NODE_AddweapStage_Feeding-1] Feeding
[2019.10.16-00.14.37:339][452]PIE: Error: Blueprint Runtime Error: "Accessed None trying to read property thisComp". Blueprint:  weapStage_Feeding Function:  Activation Stage Graph:  activationStage Node:  Activate Component
[2019.10.16-00.14.37:339][452]PIE: Error: Blueprint Runtime Error: "Accessed None". Blueprint:  weapStage_Feeding Function:  Activation Stage Graph:  activationStage Node:  Activate Component
[2019.10.16-00.14.37:339][452]LogBlueprintUserMessages: [NODE_AddweapStage_Feeding-1] *FORCING Success
[2019.10.16-00.14.37:339][452]LogBlueprintUserMessages: [NODE_AddweapStage_Ejecting-1] Ejecting
[2019.10.16-00.14.37:340][452]PIE: Error: Blueprint Runtime Error: "Accessed None trying to read property thisComp". Blueprint:  weapStage_Ejecting Function:  Activation Stage Graph:  activationStage Node:  Get Weap Comp
[2019.10.16-00.14.37:340][452]PIE: Error: Blueprint Runtime Error: "Accessed None". Blueprint:  weapStage_Ejecting Function:  Activation Stage Graph:  activationStage Node:  Get Weap Comp
[2019.10.16-00.14.37:340][452]LogBlueprintUserMessages: [NODE_AddweapStage_Chambing-1] Chambering
[2019.10.16-00.14.37:340][452]LogBlueprintUserMessages: [NODE_AddweapStage_Extracting-1] Extracting
[2019.10.16-00.14.37:340][452]PIE: Error: Blueprint Runtime Error: "Accessed None trying to read property thisComp". Blueprint:  weapStage_Extracting Function:  Activation Stage Graph:  activationStage Node:  Ready Component
[2019.10.16-00.14.37:340][452]PIE: Error: Blueprint Runtime Error: "Accessed None". Blueprint:  weapStage_Extracting Function:  Activation Stage Graph:  activationStage Node:  Ready Component
[2019.10.16-00.14.37:340][452]LogBlueprintUserMessages: [NODE_AddweapStage_Closing-1] Closing
[2019.10.16-00.14.38:821][541]LogBlueprintUserMessages: [ChildActor_GEN_VARIABLE_WeaponSystem_BP_C_CAT_18] ACTION[Reloading]
[2019.10.16-00.14.38:821][541]LogScript: Warning: Script Msg: Attempted to access index 8 from array 'weapComps' of length 8 in '/Game/WeaponSystem/Actor/WeaponSystem_BP.WeaponSystem_BP_C'!
[2019.10.16-00.14.38:822][541]LogBlueprintUserMessages: [NODE_AddweapStage_Unloading-1] Unloading
[2019.10.16-00.14.38:822][541]LogBlueprintUserMessages: [NODE_AddweapStage_Opening-1] Opening
[2019.10.16-00.14.38:822][541]PIE: Error: Blueprint Runtime Error: "Accessed None trying to read property thisComp". Blueprint:  weapStage_Opening Function:  Activation Stage Graph:  activationStage Node:  Set Weap Comp
[2019.10.16-00.14.38:822][541]PIE: Error: Blueprint Runtime Error: "Accessed None". Blueprint:  weapStage_Opening Function:  Activation Stage Graph:  activationStage Node:  Set Weap Comp
[2019.10.16-00.14.38:822][541]LogBlueprintUserMessages: [NODE_AddweapStage_Feeding-1] Feeding
[2019.10.16-00.14.38:822][541]PIE: Error: Blueprint Runtime Error: "Accessed None trying to read property thisComp". Blueprint:  weapStage_Feeding Function:  Activation Stage Graph:  activationStage Node:  Activate Component
[2019.10.16-00.14.38:822][541]PIE: Error: Blueprint Runtime Error: "Accessed None". Blueprint:  weapStage_Feeding Function:  Activation Stage Graph:  activationStage Node:  Activate Component
[2019.10.16-00.14.38:822][541]LogBlueprintUserMessages: [NODE_AddweapStage_Feeding-1] *FORCING Success
[2019.10.16-00.14.38:822][541]LogBlueprintUserMessages: [NODE_AddweapStage_Ejecting-1] Ejecting
[2019.10.16-00.14.38:822][541]PIE: Error: Blueprint Runtime Error: "Accessed None trying to read property thisComp". Blueprint:  weapStage_Ejecting Function:  Activation Stage Graph:  activationStage Node:  Get Weap Comp
[2019.10.16-00.14.38:822][541]PIE: Error: Blueprint Runtime Error: "Accessed None". Blueprint:  weapStage_Ejecting Function:  Activation Stage Graph:  activationStage Node:  Get Weap Comp
[2019.10.16-00.14.38:822][541]LogBlueprintUserMessages: [NODE_AddweapStage_Chambing-1] Chambering
[2019.10.16-00.14.38:822][541]LogBlueprintUserMessages: [NODE_AddweapStage_Extracting-1] Extracting
[2019.10.16-00.14.38:822][541]PIE: Error: Blueprint Runtime Error: "Accessed None trying to read property thisComp". Blueprint:  weapStage_Extracting Function:  Activation Stage Graph:  activationStage Node:  Ready Component
[2019.10.16-00.14.38:822][541]PIE: Error: Blueprint Runtime Error: "Accessed None". Blueprint:  weapStage_Extracting Function:  Activation Stage Graph:  activationStage Node:  Ready Component
[2019.10.16-00.14.38:822][541]LogBlueprintUserMessages: [NODE_AddweapStage_Closing-1] Closing
[2019.10.16-00.14.39:821][601]LogBlueprintUserMessages: [ChildActor_GEN_VARIABLE_WeaponSystem_BP_C_CAT_18] ACTION[Reloading]
[2019.10.16-00.14.39:821][601]LogScript: Warning: Script Msg: Attempted to access index 8 from array 'weapComps' of length 8 in '/Game/WeaponSystem/Actor/WeaponSystem_BP.WeaponSystem_BP_C'!
[2019.10.16-00.14.39:821][601]LogBlueprintUserMessages: [NODE_AddweapStage_Unloading-1] Unloading
[2019.10.16-00.14.39:821][601]LogBlueprintUserMessages: [NODE_AddweapStage_Opening-1] Opening
[2019.10.16-00.14.39:821][601]PIE: Error: Blueprint Runtime Error: "Accessed None trying to read property thisComp". Blueprint:  weapStage_Opening Function:  Activation Stage Graph:  activationStage Node:  Set Weap Comp
[2019.10.16-00.14.39:822][601]PIE: Error: Blueprint Runtime Error: "Accessed None". Blueprint:  weapStage_Opening Function:  Activation Stage Graph:  activationStage Node:  Set Weap Comp
[2019.10.16-00.14.39:822][601]LogBlueprintUserMessages: [NODE_AddweapStage_Feeding-1] Feeding
[2019.10.16-00.14.39:822][601]PIE: Error: Blueprint Runtime Error: "Accessed None trying to read property thisComp". Blueprint:  weapStage_Feeding Function:  Activation Stage Graph:  activationStage Node:  Activate Component
[2019.10.16-00.14.39:822][601]PIE: Error: Blueprint Runtime Error: "Accessed None". Blueprint:  weapStage_Feeding Function:  Activation Stage Graph:  activationStage Node:  Activate Component
[2019.10.16-00.14.39:822][601]LogBlueprintUserMessages: [NODE_AddweapStage_Feeding-1] *FORCING Success
[2019.10.16-00.14.39:822][601]LogBlueprintUserMessages: [NODE_AddweapStage_Ejecting-1] Ejecting
[2019.10.16-00.14.39:822][601]PIE: Error: Blueprint Runtime Error: "Accessed None trying to read property thisComp". Blueprint:  weapStage_Ejecting Function:  Activation Stage Graph:  activationStage Node:  Get Weap Comp
[2019.10.16-00.14.39:822][601]PIE: Error: Blueprint Runtime Error: "Accessed None". Blueprint:  weapStage_Ejecting Function:  Activation Stage Graph:  activationStage Node:  Get Weap Comp
[2019.10.16-00.14.39:822][601]LogBlueprintUserMessages: [NODE_AddweapStage_Chambing-1] Chambering
[2019.10.16-00.14.39:822][601]LogBlueprintUserMessages: [NODE_AddweapStage_Extracting-1] Extracting
[2019.10.16-00.14.39:822][601]PIE: Error: Blueprint Runtime Error: "Accessed None trying to read property thisComp". Blueprint:  weapStage_Extracting Function:  Activation Stage Graph:  activationStage Node:  Ready Component
[2019.10.16-00.14.39:822][601]PIE: Error: Blueprint Runtime Error: "Accessed None". Blueprint:  weapStage_Extracting Function:  Activation Stage Graph:  activationStage Node:  Ready Component
[2019.10.16-00.14.39:822][601]LogBlueprintUserMessages: [NODE_AddweapStage_Closing-1] Closing
[2019.10.16-00.14.41:239][686]LogBlueprintUserMessages: Early EndPlayMap Detection: Level '/Game/FirstPersonBP/Maps/FirstPersonExampleMap.FirstPersonExampleMap:PersistentLevel' has LevelScriptBlueprint '/Game/FirstPersonBP/Maps/FirstPersonExampleMap.FirstPersonExampleMap:PersistentLevel.FirstPersonExampleMap' with GeneratedClass '/Game/FirstPersonBP/Maps/FirstPersonExampleMap.FirstPersonExampleMap_C' with ClassGeneratedBy '/Game/FirstPersonBP/Maps/FirstPersonExampleMap.FirstPersonExampleMap:PersistentLevel.FirstPersonExampleMap'
[2019.10.16-00.14.41:240][686]LogSlate: Updating window title bar state: overlay mode, drag disabled, window buttons hidden, title bar hidden
[2019.10.16-00.14.41:284][686]LogPlayLevel: Display: Shutting down PIE online subsystems
[2019.10.16-00.14.41:285][686]LogBlueprintUserMessages: Late EndPlayMap Detection: Level '/Game/FirstPersonBP/Maps/FirstPersonExampleMap.FirstPersonExampleMap:PersistentLevel' has LevelScriptBlueprint '/Game/FirstPersonBP/Maps/FirstPersonExampleMap.FirstPersonExampleMap:PersistentLevel.FirstPersonExampleMap' with GeneratedClass '/Game/FirstPersonBP/Maps/FirstPersonExampleMap.FirstPersonExampleMap_C' with ClassGeneratedBy '/Game/FirstPersonBP/Maps/FirstPersonExampleMap.FirstPersonExampleMap:PersistentLevel.FirstPersonExampleMap'
[2019.10.16-00.14.41:323][686]LogSlate: Updating window title bar state: overlay mode, drag disabled, window buttons hidden, title bar hidden
[2019.10.16-00.14.41:329][686]LogUObjectHash: Compacting FUObjectHashTables data took   2.86ms
[2019.10.16-00.14.41:473][687]LogPlayLevel: Display: Destroying online subsystem :Context_5
[2019.10.16-00.14.42:771][761]LogSlate: FSceneViewport::OnFocusLost() reason 0
[2019.10.16-00.14.56:216][532]LogEditorTransaction: Undo Add Node
[2019.10.16-00.14.56:227][532]LogActorComponent: RegisterComponentWithWorld: (/Game/FirstPersonBP/Maps/FirstPersonExampleMap.FirstPersonExampleMap:PersistentLevel.DESTROYED_WeaponSystem_BP_C_CHILDACTOR_31.DefaultSceneRoot) Trying to register component with IsPendingKill() == true. Aborting.
[2019.10.16-00.14.56:616][545]LogEditorTransaction: Undo Add Node
[2019.10.16-00.14.56:627][545]LogActorComponent: RegisterComponentWithWorld: (/Game/FirstPersonBP/Maps/FirstPersonExampleMap.FirstPersonExampleMap:PersistentLevel.DESTROYED_WeaponSystem_BP_C_CHILDACTOR_33.DefaultSceneRoot) Trying to register component with IsPendingKill() == true. Aborting.
[2019.10.16-00.14.57:097][565]LogEditorTransaction: Undo Create Pin Link
[2019.10.16-00.14.57:109][565]LogActorComponent: RegisterComponentWithWorld: (/Game/FirstPersonBP/Maps/FirstPersonExampleMap.FirstPersonExampleMap:PersistentLevel.DESTROYED_WeaponSystem_BP_C_CHILDACTOR_35.DefaultSceneRoot) Trying to register component with IsPendingKill() == true. Aborting.
[2019.10.16-00.14.57:571][585]LogEditorTransaction: Undo Create Pin Link
[2019.10.16-00.14.57:582][585]LogActorComponent: RegisterComponentWithWorld: (/Game/FirstPersonBP/Maps/FirstPersonExampleMap.FirstPersonExampleMap:PersistentLevel.DESTROYED_WeaponSystem_BP_C_CHILDACTOR_37.DefaultSceneRoot) Trying to register component with IsPendingKill() == true. Aborting.
[2019.10.16-00.15.00:546][755]LogEditorTransaction: Undo Create Reroute Node
[2019.10.16-00.15.00:557][755]LogActorComponent: RegisterComponentWithWorld: (/Game/FirstPersonBP/Maps/FirstPersonExampleMap.FirstPersonExampleMap:PersistentLevel.DESTROYED_WeaponSystem_BP_C_CHILDACTOR_39.DefaultSceneRoot) Trying to register component with IsPendingKill() == true. Aborting.
[2019.10.16-00.15.02:946][889]LogEditorTransaction: Undo Create Pin Link
[2019.10.16-00.15.02:957][889]LogActorComponent: RegisterComponentWithWorld: (/Game/FirstPersonBP/Maps/FirstPersonExampleMap.FirstPersonExampleMap:PersistentLevel.DESTROYED_WeaponSystem_BP_C_CHILDACTOR_41.DefaultSceneRoot) Trying to register component with IsPendingKill() == true. Aborting.
[2019.10.16-00.15.04:446][968]Cmd: OBJ SAVEPACKAGE PACKAGE="/Game/WeaponSystem/Actor/WeaponSystem_BP" FILE="C:/Users/danny/Desktop/Systems_Sandbox/Systems_Sandbox/Content/WeaponSystem/Actor/WeaponSystem_BP.uasset" SILENT=true
[2019.10.16-00.15.04:696][968]LogSavePackage: Moving 'C:/Users/danny/Desktop/Systems_Sandbox/Systems_Sandbox/Saved/WeaponSystem_BPEBD1B8FB42B7F18BD2C9C48AEC27F7E1.tmp' to 'C:/Users/danny/Desktop/Systems_Sandbox/Systems_Sandbox/Content/WeaponSystem/Actor/WeaponSystem_BP.uasset'
[2019.10.16-00.15.05:733][ 25]LogSlate: FSceneViewport::OnFocusLost() reason 0
[2019.10.16-00.15.05:834][ 31]BlueprintLog: New page: Compile WeaponSystem_BP
[2019.10.16-00.15.06:131][ 31]LogUObjectHash: Compacting FUObjectHashTables data took   4.33ms
[2019.10.16-00.15.06:143][ 31]LogActorComponent: RegisterComponentWithWorld: (/Game/FirstPersonBP/Maps/FirstPersonExampleMap.FirstPersonExampleMap:PersistentLevel.DESTROYED_WeaponSystem_BP_C_CHILDACTOR_43.DefaultSceneRoot) Trying to register component with IsPendingKill() == true. Aborting.
[2019.10.16-00.15.06:167][ 31]LogActorComponent: RegisterComponentWithWorld: (/Game/FirstPersonBP/Maps/FirstPersonExampleMap.FirstPersonExampleMap:PersistentLevel.DESTROYED_WeaponSystem_BP_C_CHILDACTOR_45.DefaultSceneRoot) Trying to register component with IsPendingKill() == true. Aborting.
[2019.10.16-00.15.49:838][ 42]LogActorComponent: RegisterComponentWithWorld: (/Game/FirstPersonBP/Maps/FirstPersonExampleMap.FirstPersonExampleMap:PersistentLevel.DESTROYED_WeaponSystem_BP_C_CHILDACTOR_49.DefaultSceneRoot) Trying to register component with IsPendingKill() == true. Aborting.
[2019.10.16-00.15.50:763][ 97]BlueprintLog: New page: Compile WeaponSystem_BP
[2019.10.16-00.15.51:093][ 97]LogUObjectHash: Compacting FUObjectHashTables data took   4.14ms
[2019.10.16-00.15.51:103][ 97]LogActorComponent: RegisterComponentWithWorld: (/Game/FirstPersonBP/Maps/FirstPersonExampleMap.FirstPersonExampleMap:PersistentLevel.DESTROYED_WeaponSystem_BP_C_CHILDACTOR_51.DefaultSceneRoot) Trying to register component with IsPendingKill() == true. Aborting.
[2019.10.16-00.15.51:126][ 97]LogActorComponent: RegisterComponentWithWorld: (/Game/FirstPersonBP/Maps/FirstPersonExampleMap.FirstPersonExampleMap:PersistentLevel.DESTROYED_WeaponSystem_BP_C_CHILDACTOR_53.DefaultSceneRoot) Trying to register component with IsPendingKill() == true. Aborting.
[2019.10.16-00.15.58:686][534]LogActorComponent: RegisterComponentWithWorld: (/Game/FirstPersonBP/Maps/FirstPersonExampleMap.FirstPersonExampleMap:PersistentLevel.DESTROYED_WeaponSystem_BP_C_CHILDACTOR_57.DefaultSceneRoot) Trying to register component with IsPendingKill() == true. Aborting.
[2019.10.16-00.16.06:454][994]LogActorComponent: RegisterComponentWithWorld: (/Game/FirstPersonBP/Maps/FirstPersonExampleMap.FirstPersonExampleMap:PersistentLevel.DESTROYED_WeaponSystem_BP_C_CHILDACTOR_61.DefaultSceneRoot) Trying to register component with IsPendingKill() == true. Aborting.
[2019.10.16-00.16.17:135][632]LogActorComponent: RegisterComponentWithWorld: (/Game/FirstPersonBP/Maps/FirstPersonExampleMap.FirstPersonExampleMap:PersistentLevel.DESTROYED_WeaponSystem_BP_C_CHILDACTOR_65.DefaultSceneRoot) Trying to register component with IsPendingKill() == true. Aborting.
[2019.10.16-00.16.18:017][684]BlueprintLog: New page: Compile WeaponSystem_BP
[2019.10.16-00.16.18:335][684]LogUObjectHash: Compacting FUObjectHashTables data took   4.60ms
[2019.10.16-00.16.18:346][684]LogActorComponent: RegisterComponentWithWorld: (/Game/FirstPersonBP/Maps/FirstPersonExampleMap.FirstPersonExampleMap:PersistentLevel.DESTROYED_WeaponSystem_BP_C_CHILDACTOR_67.DefaultSceneRoot) Trying to register component with IsPendingKill() == true. Aborting.
[2019.10.16-00.16.18:367][684]LogActorComponent: RegisterComponentWithWorld: (/Game/FirstPersonBP/Maps/FirstPersonExampleMap.FirstPersonExampleMap:PersistentLevel.DESTROYED_WeaponSystem_BP_C_CHILDACTOR_69.DefaultSceneRoot) Trying to register component with IsPendingKill() == true. Aborting.
[2019.10.16-00.16.24:442][ 34]LogActorComponent: RegisterComponentWithWorld: (/Game/FirstPersonBP/Maps/FirstPersonExampleMap.FirstPersonExampleMap:PersistentLevel.DESTROYED_WeaponSystem_BP_C_CHILDACTOR_73.DefaultSceneRoot) Trying to register component with IsPendingKill() == true. Aborting.
[2019.10.16-00.16.30:556][397]LogActorComponent: RegisterComponentWithWorld: (/Game/FirstPersonBP/Maps/FirstPersonExampleMap.FirstPersonExampleMap:PersistentLevel.DESTROYED_WeaponSystem_BP_C_CHILDACTOR_77.DefaultSceneRoot) Trying to register component with IsPendingKill() == true. Aborting.
[2019.10.16-00.16.31:549][456]BlueprintLog: New page: Compile WeaponSystem_BP
[2019.10.16-00.16.31:862][456]LogUObjectHash: Compacting FUObjectHashTables data took   4.66ms
[2019.10.16-00.16.31:873][456]LogActorComponent: RegisterComponentWithWorld: (/Game/FirstPersonBP/Maps/FirstPersonExampleMap.FirstPersonExampleMap:PersistentLevel.DESTROYED_WeaponSystem_BP_C_CHILDACTOR_79.DefaultSceneRoot) Trying to register component with IsPendingKill() == true. Aborting.
[2019.10.16-00.16.31:898][456]LogActorComponent: RegisterComponentWithWorld: (/Game/FirstPersonBP/Maps/FirstPersonExampleMap.FirstPersonExampleMap:PersistentLevel.DESTROYED_WeaponSystem_BP_C_CHILDACTOR_81.DefaultSceneRoot) Trying to register component with IsPendingKill() == true. Aborting.
[2019.10.16-00.16.37:838][797]LogActorComponent: RegisterComponentWithWorld: (/Game/FirstPersonBP/Maps/FirstPersonExampleMap.FirstPersonExampleMap:PersistentLevel.DESTROYED_WeaponSystem_BP_C_CHILDACTOR_85.DefaultSceneRoot) Trying to register component with IsPendingKill() == true. Aborting.
[2019.10.16-00.16.38:747][851]BlueprintLog: New page: Compile WeaponSystem_BP
[2019.10.16-00.16.39:050][851]LogUObjectHash: Compacting FUObjectHashTables data took   4.29ms
[2019.10.16-00.16.39:061][851]LogActorComponent: RegisterComponentWithWorld: (/Game/FirstPersonBP/Maps/FirstPersonExampleMap.FirstPersonExampleMap:PersistentLevel.DESTROYED_WeaponSystem_BP_C_CHILDACTOR_87.DefaultSceneRoot) Trying to register component with IsPendingKill() == true. Aborting.
[2019.10.16-00.16.39:084][851]LogActorComponent: RegisterComponentWithWorld: (/Game/FirstPersonBP/Maps/FirstPersonExampleMap.FirstPersonExampleMap:PersistentLevel.DESTROYED_WeaponSystem_BP_C_CHILDACTOR_89.DefaultSceneRoot) Trying to register component with IsPendingKill() == true. Aborting.
[2019.10.16-00.16.45:931][245]LogActorComponent: RegisterComponentWithWorld: (/Game/FirstPersonBP/Maps/FirstPersonExampleMap.FirstPersonExampleMap:PersistentLevel.DESTROYED_WeaponSystem_BP_C_CHILDACTOR_93.DefaultSceneRoot) Trying to register component with IsPendingKill() == true. Aborting.
[2019.10.16-00.16.46:864][301]BlueprintLog: New page: Compile WeaponSystem_BP
[2019.10.16-00.16.47:164][301]LogUObjectHash: Compacting FUObjectHashTables data took   4.41ms
[2019.10.16-00.16.47:176][301]LogActorComponent: RegisterComponentWithWorld: (/Game/FirstPersonBP/Maps/FirstPersonExampleMap.FirstPersonExampleMap:PersistentLevel.DESTROYED_WeaponSystem_BP_C_CHILDACTOR_95.DefaultSceneRoot) Trying to register component with IsPendingKill() == true. Aborting.
[2019.10.16-00.16.47:198][301]LogActorComponent: RegisterComponentWithWorld: (/Game/FirstPersonBP/Maps/FirstPersonExampleMap.FirstPersonExampleMap:PersistentLevel.DESTROYED_WeaponSystem_BP_C_CHILDACTOR_97.DefaultSceneRoot) Trying to register component with IsPendingKill() == true. Aborting.
[2019.10.16-00.17.01:037][115]LogUObjectHash: Compacting FUObjectHashTables data took   5.30ms
[2019.10.16-00.17.01:090][115]LogUObjectHash: Compacting FUObjectHashTables data took   1.29ms
[2019.10.16-00.17.01:342][115]LogSavePackage: Moving 'C:/Users/danny/Desktop/Systems_Sandbox/Systems_Sandbox/Saved/FirstPersonExampleMapD991B1904079550B467232AEBC986362.tmp' to 'C:/Users/danny/Desktop/Systems_Sandbox/Systems_Sandbox/Content/FirstPersonBP/Maps/FirstPersonExampleMap.umap'
[2019.10.16-00.17.01:376][115]LogFileHelpers: Saving map 'FirstPersonExampleMap' took 0.323
[2019.10.16-00.17.01:392][115]Cmd: OBJ SAVEPACKAGE PACKAGE="/Game/WeaponSystem/Actor/WeaponSystem_BP" FILE="C:/Users/danny/Desktop/Systems_Sandbox/Systems_Sandbox/Content/WeaponSystem/Actor/WeaponSystem_BP.uasset" SILENT=true
[2019.10.16-00.17.01:734][115]LogSavePackage: Moving 'C:/Users/danny/Desktop/Systems_Sandbox/Systems_Sandbox/Saved/WeaponSystem_BPB131EE064B41E05BFDF0948B1274052A.tmp' to 'C:/Users/danny/Desktop/Systems_Sandbox/Systems_Sandbox/Content/WeaponSystem/Actor/WeaponSystem_BP.uasset'
[2019.10.16-00.17.05:797][354]LogSlate: FSceneViewport::OnFocusLost() reason 0
[2019.10.16-00.17.52:117][ 40]LogAssetEditorManager: Opening Asset editor for Blueprint /Game/WeaponSystem/WeaponCompInstances/Magizine.Magizine
[2019.10.16-00.17.58:672][402]LogAssetEditorManager: Opening Asset editor for Blueprint /Game/WeaponSystem/WeaponCompInstances/Hammer.Hammer
[2019.10.16-00.18.10:371][ 76]LogAssetEditorManager: Opening Asset editor for Blueprint /Game/WeaponSystem/WeaponStageInstances/weapStage_Cocking.weapStage_Cocking
[2019.10.16-00.19.04:696][961]LogUObjectHash: Compacting FUObjectHashTables data took   4.31ms
[2019.10.16-00.19.05:156][989]LogTemp: Repeating last play command: Selected Viewport
[2019.10.16-00.19.05:187][989]LogBlueprintUserMessages: Early PlayInEditor Detection: Level '/Game/FirstPersonBP/Maps/FirstPersonExampleMap.FirstPersonExampleMap:PersistentLevel' has LevelScriptBlueprint '/Game/FirstPersonBP/Maps/FirstPersonExampleMap.FirstPersonExampleMap:PersistentLevel.FirstPersonExampleMap' with GeneratedClass '/Game/FirstPersonBP/Maps/FirstPersonExampleMap.FirstPersonExampleMap_C' with ClassGeneratedBy '/Game/FirstPersonBP/Maps/FirstPersonExampleMap.FirstPersonExampleMap:PersistentLevel.FirstPersonExampleMap'
[2019.10.16-00.19.05:187][989]LogPlayLevel: PlayLevel: No blueprints needed recompiling
[2019.10.16-00.19.05:187][989]PIE: New page: PIE session: FirstPersonExampleMap (Oct 15, 2019, 10:19:05 AM)
[2019.10.16-00.19.05:188][989]LogPlayLevel: Creating play world package: /Game/FirstPersonBP/Maps/UEDPIE_0_FirstPersonExampleMap
[2019.10.16-00.19.05:204][989]LogPlayLevel: PIE: StaticDuplicateObject took: (0.016281s)
[2019.10.16-00.19.05:205][989]LogAIModule: Creating AISystem for world FirstPersonExampleMap
[2019.10.16-00.19.05:205][989]LogPlayLevel: PIE: World Init took: (0.000816s)
[2019.10.16-00.19.05:205][989]LogPlayLevel: PIE: Created PIE world by copying editor world from /Game/FirstPersonBP/Maps/FirstPersonExampleMap.FirstPersonExampleMap to /Game/FirstPersonBP/Maps/UEDPIE_0_FirstPersonExampleMap.FirstPersonExampleMap (0.017335s)
[2019.10.16-00.19.05:254][989]LogUObjectHash: Compacting FUObjectHashTables data took   2.74ms
[2019.10.16-00.19.05:291][989]LogInit: XAudio2 using 'Headset Earphone (SteelSeries Arctis 5 Chat)' : 2 channels at 48 kHz using 16 bits per sample (channel mask 0x3)
[2019.10.16-00.19.05:307][989]LogInit: FAudioDevice initialized.
[2019.10.16-00.19.05:350][989]LogLoad: Game class is 'FirstPersonGameMode_C'
[2019.10.16-00.19.05:353][989]LogWorld: Bringing World /Game/FirstPersonBP/Maps/UEDPIE_0_FirstPersonExampleMap.FirstPersonExampleMap up for play (max tick rate 60) at 2019.10.15-17.19.05
[2019.10.16-00.19.05:354][989]LogWorld: Bringing up level for play took: 0.002941
[2019.10.16-00.19.05:368][989]PIE: Play in editor start time for /Game/FirstPersonBP/Maps/UEDPIE_0_FirstPersonExampleMap -0.196
[2019.10.16-00.19.05:368][989]LogBlueprintUserMessages: Late PlayInEditor Detection: Level '/Game/FirstPersonBP/Maps/FirstPersonExampleMap.FirstPersonExampleMap:PersistentLevel' has LevelScriptBlueprint '/Game/FirstPersonBP/Maps/FirstPersonExampleMap.FirstPersonExampleMap:PersistentLevel.FirstPersonExampleMap' with GeneratedClass '/Game/FirstPersonBP/Maps/FirstPersonExampleMap.FirstPersonExampleMap_C' with ClassGeneratedBy '/Game/FirstPersonBP/Maps/FirstPersonExampleMap.FirstPersonExampleMap:PersistentLevel.FirstPersonExampleMap'
[2019.10.16-00.19.06:176][ 36]LogBlueprintUserMessages: [ChildActor_GEN_VARIABLE_WeaponSystem_BP_C_CAT_18] ACTION[Reloading]
[2019.10.16-00.19.06:176][ 36]LogScript: Warning: Script Msg: Attempted to access index 8 from array 'weapComps' of length 8 in '/Game/WeaponSystem/Actor/WeaponSystem_BP.WeaponSystem_BP_C'!
[2019.10.16-00.19.06:176][ 36]LogBlueprintUserMessages: [NODE_AddweapStage_Loading-1] Loading
[2019.10.16-00.19.06:176][ 36]LogBlueprintUserMessages: [NODE_AddweapStage_Feeding-1] Feeding
[2019.10.16-00.19.06:176][ 36]PIE: Error: Blueprint Runtime Error: "Accessed None trying to read property thisComp". Blueprint:  weapStage_Feeding Function:  Activation Stage Graph:  activationStage Node:  Activate Component
[2019.10.16-00.19.06:176][ 36]PIE: Error: Blueprint Runtime Error: "Accessed None". Blueprint:  weapStage_Feeding Function:  Activation Stage Graph:  activationStage Node:  Activate Component
[2019.10.16-00.19.06:176][ 36]LogBlueprintUserMessages: [NODE_AddweapStage_Feeding-1] *FORCING Success
[2019.10.16-00.19.06:176][ 36]LogBlueprintUserMessages: [NODE_AddweapStage_Chambing-1] Chambering
[2019.10.16-00.19.06:176][ 36]LogBlueprintUserMessages: [NODE_AddweapStage_Closing-1] Closing
[2019.10.16-00.19.06:176][ 36]LogBlueprintUserMessages: [NODE_AddweapStage_Pulling-0] Pulling
[2019.10.16-00.19.06:176][ 36]PIE: Error: Blueprint Runtime Error: "Accessed None trying to read property thisComp". Blueprint:  weapStage_Pulling Function:  Activation Stage Graph:  activationStage Node:  Get Weap Comp
[2019.10.16-00.19.06:176][ 36]PIE: Error: Blueprint Runtime Error: "Accessed None". Blueprint:  weapStage_Pulling Function:  Activation Stage Graph:  activationStage Node:  Get Weap Comp
[2019.10.16-00.19.08:525][177]LogBlueprintUserMessages: [ChildActor_GEN_VARIABLE_WeaponSystem_BP_C_CAT_18] ACTION[Reloading]
[2019.10.16-00.19.08:525][177]LogScript: Warning: Script Msg: Attempted to access index 8 from array 'weapComps' of length 8 in '/Game/WeaponSystem/Actor/WeaponSystem_BP.WeaponSystem_BP_C'!
[2019.10.16-00.19.08:526][177]LogBlueprintUserMessages: [NODE_AddweapStage_Extracting-1] Extracting
[2019.10.16-00.19.08:527][177]PIE: Error: Blueprint Runtime Error: "Accessed None trying to read property thisComp". Blueprint:  weapStage_Extracting Function:  Activation Stage Graph:  activationStage Node:  Ready Component
[2019.10.16-00.19.08:527][177]PIE: Error: Blueprint Runtime Error: "Accessed None". Blueprint:  weapStage_Extracting Function:  Activation Stage Graph:  activationStage Node:  Ready Component
[2019.10.16-00.19.08:527][177]LogBlueprintUserMessages: [NODE_AddweapStage_Ejecting-1] Ejecting
[2019.10.16-00.19.08:527][177]PIE: Error: Blueprint Runtime Error: "Accessed None trying to read property thisComp". Blueprint:  weapStage_Ejecting Function:  Activation Stage Graph:  activationStage Node:  Get Weap Comp
[2019.10.16-00.19.08:527][177]PIE: Error: Blueprint Runtime Error: "Accessed None". Blueprint:  weapStage_Ejecting Function:  Activation Stage Graph:  activationStage Node:  Get Weap Comp
[2019.10.16-00.19.08:527][177]LogBlueprintUserMessages: [NODE_AddweapStage_Opening-1] Opening
[2019.10.16-00.19.08:527][177]PIE: Error: Blueprint Runtime Error: "Accessed None trying to read property thisComp". Blueprint:  weapStage_Opening Function:  Activation Stage Graph:  activationStage Node:  Set Weap Comp
[2019.10.16-00.19.08:527][177]PIE: Error: Blueprint Runtime Error: "Accessed None". Blueprint:  weapStage_Opening Function:  Activation Stage Graph:  activationStage Node:  Set Weap Comp
[2019.10.16-00.19.08:527][177]LogBlueprintUserMessages: [NODE_AddweapStage_Loading-1] Loading
[2019.10.16-00.19.08:527][177]LogBlueprintUserMessages: [NODE_AddweapStage_Feeding-1] Feeding
[2019.10.16-00.19.08:527][177]PIE: Error: Blueprint Runtime Error: "Accessed None trying to read property thisComp". Blueprint:  weapStage_Feeding Function:  Activation Stage Graph:  activationStage Node:  Activate Component
[2019.10.16-00.19.08:527][177]PIE: Error: Blueprint Runtime Error: "Accessed None". Blueprint:  weapStage_Feeding Function:  Activation Stage Graph:  activationStage Node:  Activate Component
[2019.10.16-00.19.08:527][177]LogBlueprintUserMessages: [NODE_AddweapStage_Feeding-1] *FORCING Success
[2019.10.16-00.19.08:527][177]LogBlueprintUserMessages: [NODE_AddweapStage_Chambing-1] Chambering
[2019.10.16-00.19.08:527][177]LogBlueprintUserMessages: [NODE_AddweapStage_Closing-1] Closing
[2019.10.16-00.19.08:527][177]LogBlueprintUserMessages: [NODE_AddweapStage_Pulling-0] Pulling
[2019.10.16-00.19.08:527][177]PIE: Error: Blueprint Runtime Error: "Accessed None trying to read property thisComp". Blueprint:  weapStage_Pulling Function:  Activation Stage Graph:  activationStage Node:  Get Weap Comp
[2019.10.16-00.19.08:528][177]PIE: Error: Blueprint Runtime Error: "Accessed None". Blueprint:  weapStage_Pulling Function:  Activation Stage Graph:  activationStage Node:  Get Weap Comp
[2019.10.16-00.19.11:310][344]LogBlueprintUserMessages: [ChildActor_GEN_VARIABLE_WeaponSystem_BP_C_CAT_18] ACTION[Reloading]
[2019.10.16-00.19.11:310][344]LogScript: Warning: Script Msg: Attempted to access index 8 from array 'weapComps' of length 8 in '/Game/WeaponSystem/Actor/WeaponSystem_BP.WeaponSystem_BP_C'!
[2019.10.16-00.19.11:310][344]LogBlueprintUserMessages: [NODE_AddweapStage_Extracting-1] Extracting
[2019.10.16-00.19.11:310][344]PIE: Error: Blueprint Runtime Error: "Accessed None trying to read property thisComp". Blueprint:  weapStage_Extracting Function:  Activation Stage Graph:  activationStage Node:  Ready Component
[2019.10.16-00.19.11:310][344]PIE: Error: Blueprint Runtime Error: "Accessed None". Blueprint:  weapStage_Extracting Function:  Activation Stage Graph:  activationStage Node:  Ready Component
[2019.10.16-00.19.11:310][344]LogBlueprintUserMessages: [NODE_AddweapStage_Ejecting-1] Ejecting
[2019.10.16-00.19.11:310][344]PIE: Error: Blueprint Runtime Error: "Accessed None trying to read property thisComp". Blueprint:  weapStage_Ejecting Function:  Activation Stage Graph:  activationStage Node:  Get Weap Comp
[2019.10.16-00.19.11:310][344]PIE: Error: Blueprint Runtime Error: "Accessed None". Blueprint:  weapStage_Ejecting Function:  Activation Stage Graph:  activationStage Node:  Get Weap Comp
[2019.10.16-00.19.11:310][344]LogBlueprintUserMessages: [NODE_AddweapStage_Opening-1] Opening
[2019.10.16-00.19.11:310][344]PIE: Error: Blueprint Runtime Error: "Accessed None trying to read property thisComp". Blueprint:  weapStage_Opening Function:  Activation Stage Graph:  activationStage Node:  Set Weap Comp
[2019.10.16-00.19.11:311][344]PIE: Error: Blueprint Runtime Error: "Accessed None". Blueprint:  weapStage_Opening Function:  Activation Stage Graph:  activationStage Node:  Set Weap Comp
[2019.10.16-00.19.11:311][344]LogBlueprintUserMessages: [NODE_AddweapStage_Loading-1] Loading
[2019.10.16-00.19.11:311][344]LogBlueprintUserMessages: [NODE_AddweapStage_Feeding-1] Feeding
[2019.10.16-00.19.11:311][344]PIE: Error: Blueprint Runtime Error: "Accessed None trying to read property thisComp". Blueprint:  weapStage_Feeding Function:  Activation Stage Graph:  activationStage Node:  Activate Component
[2019.10.16-00.19.11:311][344]PIE: Error: Blueprint Runtime Error: "Accessed None". Blueprint:  weapStage_Feeding Function:  Activation Stage Graph:  activationStage Node:  Activate Component
[2019.10.16-00.19.11:311][344]LogBlueprintUserMessages: [NODE_AddweapStage_Feeding-1] *FORCING Success
[2019.10.16-00.19.11:311][344]LogBlueprintUserMessages: [NODE_AddweapStage_Chambing-1] Chambering
[2019.10.16-00.19.11:311][344]LogBlueprintUserMessages: [NODE_AddweapStage_Closing-1] Closing
[2019.10.16-00.19.11:311][344]LogBlueprintUserMessages: [NODE_AddweapStage_Pulling-0] Pulling
[2019.10.16-00.19.11:311][344]PIE: Error: Blueprint Runtime Error: "Accessed None trying to read property thisComp". Blueprint:  weapStage_Pulling Function:  Activation Stage Graph:  activationStage Node:  Get Weap Comp
[2019.10.16-00.19.11:311][344]PIE: Error: Blueprint Runtime Error: "Accessed None". Blueprint:  weapStage_Pulling Function:  Activation Stage Graph:  activationStage Node:  Get Weap Comp
[2019.10.16-00.19.13:828][495]LogBlueprintUserMessages: [ChildActor_GEN_VARIABLE_WeaponSystem_BP_C_CAT_18] ACTION[Reloading]
[2019.10.16-00.19.13:828][495]LogScript: Warning: Script Msg: Attempted to access index 8 from array 'weapComps' of length 8 in '/Game/WeaponSystem/Actor/WeaponSystem_BP.WeaponSystem_BP_C'!
[2019.10.16-00.19.13:829][495]LogBlueprintUserMessages: [NODE_AddweapStage_Extracting-1] Extracting
[2019.10.16-00.19.13:829][495]PIE: Error: Blueprint Runtime Error: "Accessed None trying to read property thisComp". Blueprint:  weapStage_Extracting Function:  Activation Stage Graph:  activationStage Node:  Ready Component
[2019.10.16-00.19.13:829][495]PIE: Error: Blueprint Runtime Error: "Accessed None". Blueprint:  weapStage_Extracting Function:  Activation Stage Graph:  activationStage Node:  Ready Component
[2019.10.16-00.19.13:829][495]LogBlueprintUserMessages: [NODE_AddweapStage_Ejecting-1] Ejecting
[2019.10.16-00.19.13:829][495]PIE: Error: Blueprint Runtime Error: "Accessed None trying to read property thisComp". Blueprint:  weapStage_Ejecting Function:  Activation Stage Graph:  activationStage Node:  Get Weap Comp
[2019.10.16-00.19.13:829][495]PIE: Error: Blueprint Runtime Error: "Accessed None". Blueprint:  weapStage_Ejecting Function:  Activation Stage Graph:  activationStage Node:  Get Weap Comp
[2019.10.16-00.19.13:829][495]LogBlueprintUserMessages: [NODE_AddweapStage_Opening-1] Opening
[2019.10.16-00.19.13:829][495]PIE: Error: Blueprint Runtime Error: "Accessed None trying to read property thisComp". Blueprint:  weapStage_Opening Function:  Activation Stage Graph:  activationStage Node:  Set Weap Comp
[2019.10.16-00.19.13:829][495]PIE: Error: Blueprint Runtime Error: "Accessed None". Blueprint:  weapStage_Opening Function:  Activation Stage Graph:  activationStage Node:  Set Weap Comp
[2019.10.16-00.19.13:829][495]LogBlueprintUserMessages: [NODE_AddweapStage_Loading-1] Loading
[2019.10.16-00.19.13:829][495]LogBlueprintUserMessages: [NODE_AddweapStage_Feeding-1] Feeding
[2019.10.16-00.19.13:829][495]PIE: Error: Blueprint Runtime Error: "Accessed None trying to read property thisComp". Blueprint:  weapStage_Feeding Function:  Activation Stage Graph:  activationStage Node:  Activate Component
[2019.10.16-00.19.13:829][495]PIE: Error: Blueprint Runtime Error: "Accessed None". Blueprint:  weapStage_Feeding Function:  Activation Stage Graph:  activationStage Node:  Activate Component
[2019.10.16-00.19.13:829][495]LogBlueprintUserMessages: [NODE_AddweapStage_Feeding-1] *FORCING Success
[2019.10.16-00.19.13:829][495]LogBlueprintUserMessages: [NODE_AddweapStage_Chambing-1] Chambering
[2019.10.16-00.19.13:829][495]LogBlueprintUserMessages: [NODE_AddweapStage_Closing-1] Closing
[2019.10.16-00.19.13:829][495]LogBlueprintUserMessages: [NODE_AddweapStage_Pulling-0] Pulling
[2019.10.16-00.19.13:829][495]PIE: Error: Blueprint Runtime Error: "Accessed None trying to read property thisComp". Blueprint:  weapStage_Pulling Function:  Activation Stage Graph:  activationStage Node:  Get Weap Comp
[2019.10.16-00.19.13:830][495]PIE: Error: Blueprint Runtime Error: "Accessed None". Blueprint:  weapStage_Pulling Function:  Activation Stage Graph:  activationStage Node:  Get Weap Comp
[2019.10.16-00.19.17:228][699]LogBlueprintUserMessages: [ChildActor_GEN_VARIABLE_WeaponSystem_BP_C_CAT_18] ACTION[Reloading]
[2019.10.16-00.19.17:228][699]LogScript: Warning: Script Msg: Attempted to access index 8 from array 'weapComps' of length 8 in '/Game/WeaponSystem/Actor/WeaponSystem_BP.WeaponSystem_BP_C'!
[2019.10.16-00.19.17:228][699]LogBlueprintUserMessages: [NODE_AddweapStage_Extracting-1] Extracting
[2019.10.16-00.19.17:228][699]PIE: Error: Blueprint Runtime Error: "Accessed None trying to read property thisComp". Blueprint:  weapStage_Extracting Function:  Activation Stage Graph:  activationStage Node:  Ready Component
[2019.10.16-00.19.17:228][699]PIE: Error: Blueprint Runtime Error: "Accessed None". Blueprint:  weapStage_Extracting Function:  Activation Stage Graph:  activationStage Node:  Ready Component
[2019.10.16-00.19.17:228][699]LogBlueprintUserMessages: [NODE_AddweapStage_Ejecting-1] Ejecting
[2019.10.16-00.19.17:229][699]PIE: Error: Blueprint Runtime Error: "Accessed None trying to read property thisComp". Blueprint:  weapStage_Ejecting Function:  Activation Stage Graph:  activationStage Node:  Get Weap Comp
[2019.10.16-00.19.17:229][699]PIE: Error: Blueprint Runtime Error: "Accessed None". Blueprint:  weapStage_Ejecting Function:  Activation Stage Graph:  activationStage Node:  Get Weap Comp
[2019.10.16-00.19.17:229][699]LogBlueprintUserMessages: [NODE_AddweapStage_Opening-1] Opening
[2019.10.16-00.19.17:229][699]PIE: Error: Blueprint Runtime Error: "Accessed None trying to read property thisComp". Blueprint:  weapStage_Opening Function:  Activation Stage Graph:  activationStage Node:  Set Weap Comp
[2019.10.16-00.19.17:229][699]PIE: Error: Blueprint Runtime Error: "Accessed None". Blueprint:  weapStage_Opening Function:  Activation Stage Graph:  activationStage Node:  Set Weap Comp
[2019.10.16-00.19.17:229][699]LogBlueprintUserMessages: [NODE_AddweapStage_Loading-1] Loading
[2019.10.16-00.19.17:229][699]LogBlueprintUserMessages: [NODE_AddweapStage_Feeding-1] Feeding
[2019.10.16-00.19.17:229][699]PIE: Error: Blueprint Runtime Error: "Accessed None trying to read property thisComp". Blueprint:  weapStage_Feeding Function:  Activation Stage Graph:  activationStage Node:  Activate Component
[2019.10.16-00.19.17:229][699]PIE: Error: Blueprint Runtime Error: "Accessed None". Blueprint:  weapStage_Feeding Function:  Activation Stage Graph:  activationStage Node:  Activate Component
[2019.10.16-00.19.17:229][699]LogBlueprintUserMessages: [NODE_AddweapStage_Feeding-1] *FORCING Success
[2019.10.16-00.19.17:229][699]LogBlueprintUserMessages: [NODE_AddweapStage_Chambing-1] Chambering
[2019.10.16-00.19.17:229][699]LogBlueprintUserMessages: [NODE_AddweapStage_Closing-1] Closing
[2019.10.16-00.19.17:229][699]LogBlueprintUserMessages: [NODE_AddweapStage_Pulling-0] Pulling
[2019.10.16-00.19.17:229][699]PIE: Error: Blueprint Runtime Error: "Accessed None trying to read property thisComp". Blueprint:  weapStage_Pulling Function:  Activation Stage Graph:  activationStage Node:  Get Weap Comp
[2019.10.16-00.19.17:229][699]PIE: Error: Blueprint Runtime Error: "Accessed None". Blueprint:  weapStage_Pulling Function:  Activation Stage Graph:  activationStage Node:  Get Weap Comp
[2019.10.16-00.19.19:729][849]LogBlueprintUserMessages: [ChildActor_GEN_VARIABLE_WeaponSystem_BP_C_CAT_18] ACTION[Reloading]
[2019.10.16-00.19.19:729][849]LogScript: Warning: Script Msg: Attempted to access index 8 from array 'weapComps' of length 8 in '/Game/WeaponSystem/Actor/WeaponSystem_BP.WeaponSystem_BP_C'!
[2019.10.16-00.19.19:729][849]LogBlueprintUserMessages: [NODE_AddweapStage_Extracting-1] Extracting
[2019.10.16-00.19.19:729][849]PIE: Error: Blueprint Runtime Error: "Accessed None trying to read property thisComp". Blueprint:  weapStage_Extracting Function:  Activation Stage Graph:  activationStage Node:  Ready Component
[2019.10.16-00.19.19:730][849]PIE: Error: Blueprint Runtime Error: "Accessed None". Blueprint:  weapStage_Extracting Function:  Activation Stage Graph:  activationStage Node:  Ready Component
[2019.10.16-00.19.19:730][849]LogBlueprintUserMessages: [NODE_AddweapStage_Ejecting-1] Ejecting
[2019.10.16-00.19.19:730][849]PIE: Error: Blueprint Runtime Error: "Accessed None trying to read property thisComp". Blueprint:  weapStage_Ejecting Function:  Activation Stage Graph:  activationStage Node:  Get Weap Comp
[2019.10.16-00.19.19:730][849]PIE: Error: Blueprint Runtime Error: "Accessed None". Blueprint:  weapStage_Ejecting Function:  Activation Stage Graph:  activationStage Node:  Get Weap Comp
[2019.10.16-00.19.19:730][849]LogBlueprintUserMessages: [NODE_AddweapStage_Opening-1] Opening
[2019.10.16-00.19.19:730][849]PIE: Error: Blueprint Runtime Error: "Accessed None trying to read property thisComp". Blueprint:  weapStage_Opening Function:  Activation Stage Graph:  activationStage Node:  Set Weap Comp
[2019.10.16-00.19.19:730][849]PIE: Error: Blueprint Runtime Error: "Accessed None". Blueprint:  weapStage_Opening Function:  Activation Stage Graph:  activationStage Node:  Set Weap Comp
[2019.10.16-00.19.19:730][849]LogBlueprintUserMessages: [NODE_AddweapStage_Loading-1] Loading
[2019.10.16-00.19.19:730][849]LogBlueprintUserMessages: [NODE_AddweapStage_Feeding-1] Feeding
[2019.10.16-00.19.19:730][849]PIE: Error: Blueprint Runtime Error: "Accessed None trying to read property thisComp". Blueprint:  weapStage_Feeding Function:  Activation Stage Graph:  activationStage Node:  Activate Component
[2019.10.16-00.19.19:730][849]PIE: Error: Blueprint Runtime Error: "Accessed None". Blueprint:  weapStage_Feeding Function:  Activation Stage Graph:  activationStage Node:  Activate Component
[2019.10.16-00.19.19:730][849]LogBlueprintUserMessages: [NODE_AddweapStage_Feeding-1] *FORCING Success
[2019.10.16-00.19.19:730][849]LogBlueprintUserMessages: [NODE_AddweapStage_Chambing-1] Chambering
[2019.10.16-00.19.19:730][849]LogBlueprintUserMessages: [NODE_AddweapStage_Closing-1] Closing
[2019.10.16-00.19.19:730][849]LogBlueprintUserMessages: [NODE_AddweapStage_Pulling-0] Pulling
[2019.10.16-00.19.19:730][849]PIE: Error: Blueprint Runtime Error: "Accessed None trying to read property thisComp". Blueprint:  weapStage_Pulling Function:  Activation Stage Graph:  activationStage Node:  Get Weap Comp
[2019.10.16-00.19.19:730][849]PIE: Error: Blueprint Runtime Error: "Accessed None". Blueprint:  weapStage_Pulling Function:  Activation Stage Graph:  activationStage Node:  Get Weap Comp
[2019.10.16-00.19.22:345][  6]LogBlueprintUserMessages: [ChildActor_GEN_VARIABLE_WeaponSystem_BP_C_CAT_18] ACTION[Reloading]
[2019.10.16-00.19.22:345][  6]LogScript: Warning: Script Msg: Attempted to access index 8 from array 'weapComps' of length 8 in '/Game/WeaponSystem/Actor/WeaponSystem_BP.WeaponSystem_BP_C'!
[2019.10.16-00.19.22:345][  6]LogBlueprintUserMessages: [NODE_AddweapStage_Extracting-1] Extracting
[2019.10.16-00.19.22:345][  6]PIE: Error: Blueprint Runtime Error: "Accessed None trying to read property thisComp". Blueprint:  weapStage_Extracting Function:  Activation Stage Graph:  activationStage Node:  Ready Component
[2019.10.16-00.19.22:345][  6]PIE: Error: Blueprint Runtime Error: "Accessed None". Blueprint:  weapStage_Extracting Function:  Activation Stage Graph:  activationStage Node:  Ready Component
[2019.10.16-00.19.22:345][  6]LogBlueprintUserMessages: [NODE_AddweapStage_Ejecting-1] Ejecting
[2019.10.16-00.19.22:346][  6]PIE: Error: Blueprint Runtime Error: "Accessed None trying to read property thisComp". Blueprint:  weapStage_Ejecting Function:  Activation Stage Graph:  activationStage Node:  Get Weap Comp
[2019.10.16-00.19.22:346][  6]PIE: Error: Blueprint Runtime Error: "Accessed None". Blueprint:  weapStage_Ejecting Function:  Activation Stage Graph:  activationStage Node:  Get Weap Comp
[2019.10.16-00.19.22:346][  6]LogBlueprintUserMessages: [NODE_AddweapStage_Opening-1] Opening
[2019.10.16-00.19.22:346][  6]PIE: Error: Blueprint Runtime Error: "Accessed None trying to read property thisComp". Blueprint:  weapStage_Opening Function:  Activation Stage Graph:  activationStage Node:  Set Weap Comp
[2019.10.16-00.19.22:346][  6]PIE: Error: Blueprint Runtime Error: "Accessed None". Blueprint:  weapStage_Opening Function:  Activation Stage Graph:  activationStage Node:  Set Weap Comp
[2019.10.16-00.19.22:346][  6]LogBlueprintUserMessages: [NODE_AddweapStage_Loading-1] Loading
[2019.10.16-00.19.22:346][  6]LogBlueprintUserMessages: [NODE_AddweapStage_Feeding-1] Feeding
[2019.10.16-00.19.22:346][  6]PIE: Error: Blueprint Runtime Error: "Accessed None trying to read property thisComp". Blueprint:  weapStage_Feeding Function:  Activation Stage Graph:  activationStage Node:  Activate Component
[2019.10.16-00.19.22:346][  6]PIE: Error: Blueprint Runtime Error: "Accessed None". Blueprint:  weapStage_Feeding Function:  Activation Stage Graph:  activationStage Node:  Activate Component
[2019.10.16-00.19.22:346][  6]LogBlueprintUserMessages: [NODE_AddweapStage_Feeding-1] *FORCING Success
[2019.10.16-00.19.22:346][  6]LogBlueprintUserMessages: [NODE_AddweapStage_Chambing-1] Chambering
[2019.10.16-00.19.22:346][  6]LogBlueprintUserMessages: [NODE_AddweapStage_Closing-1] Closing
[2019.10.16-00.19.22:346][  6]LogBlueprintUserMessages: [NODE_AddweapStage_Pulling-0] Pulling
[2019.10.16-00.19.22:346][  6]PIE: Error: Blueprint Runtime Error: "Accessed None trying to read property thisComp". Blueprint:  weapStage_Pulling Function:  Activation Stage Graph:  activationStage Node:  Get Weap Comp
[2019.10.16-00.19.22:347][  6]PIE: Error: Blueprint Runtime Error: "Accessed None". Blueprint:  weapStage_Pulling Function:  Activation Stage Graph:  activationStage Node:  Get Weap Comp
[2019.10.16-00.19.23:562][ 79]LogBlueprintUserMessages: [ChildActor_GEN_VARIABLE_WeaponSystem_BP_C_CAT_18] ACTION[Reloading]
[2019.10.16-00.19.23:562][ 79]LogScript: Warning: Script Msg: Attempted to access index 8 from array 'weapComps' of length 8 in '/Game/WeaponSystem/Actor/WeaponSystem_BP.WeaponSystem_BP_C'!
[2019.10.16-00.19.23:562][ 79]LogBlueprintUserMessages: [NODE_AddweapStage_Extracting-1] Extracting
[2019.10.16-00.19.23:562][ 79]PIE: Error: Blueprint Runtime Error: "Accessed None trying to read property thisComp". Blueprint:  weapStage_Extracting Function:  Activation Stage Graph:  activationStage Node:  Ready Component
[2019.10.16-00.19.23:562][ 79]PIE: Error: Blueprint Runtime Error: "Accessed None". Blueprint:  weapStage_Extracting Function:  Activation Stage Graph:  activationStage Node:  Ready Component
[2019.10.16-00.19.23:563][ 79]LogBlueprintUserMessages: [NODE_AddweapStage_Ejecting-1] Ejecting
[2019.10.16-00.19.23:563][ 79]PIE: Error: Blueprint Runtime Error: "Accessed None trying to read property thisComp". Blueprint:  weapStage_Ejecting Function:  Activation Stage Graph:  activationStage Node:  Get Weap Comp
[2019.10.16-00.19.23:563][ 79]PIE: Error: Blueprint Runtime Error: "Accessed None". Blueprint:  weapStage_Ejecting Function:  Activation Stage Graph:  activationStage Node:  Get Weap Comp
[2019.10.16-00.19.23:563][ 79]LogBlueprintUserMessages: [NODE_AddweapStage_Opening-1] Opening
[2019.10.16-00.19.23:563][ 79]PIE: Error: Blueprint Runtime Error: "Accessed None trying to read property thisComp". Blueprint:  weapStage_Opening Function:  Activation Stage Graph:  activationStage Node:  Set Weap Comp
[2019.10.16-00.19.23:563][ 79]PIE: Error: Blueprint Runtime Error: "Accessed None". Blueprint:  weapStage_Opening Function:  Activation Stage Graph:  activationStage Node:  Set Weap Comp
[2019.10.16-00.19.23:563][ 79]LogBlueprintUserMessages: [NODE_AddweapStage_Loading-1] Loading
[2019.10.16-00.19.23:563][ 79]LogBlueprintUserMessages: [NODE_AddweapStage_Feeding-1] Feeding
[2019.10.16-00.19.23:563][ 79]PIE: Error: Blueprint Runtime Error: "Accessed None trying to read property thisComp". Blueprint:  weapStage_Feeding Function:  Activation Stage Graph:  activationStage Node:  Activate Component
[2019.10.16-00.19.23:563][ 79]PIE: Error: Blueprint Runtime Error: "Accessed None". Blueprint:  weapStage_Feeding Function:  Activation Stage Graph:  activationStage Node:  Activate Component
[2019.10.16-00.19.23:563][ 79]LogBlueprintUserMessages: [NODE_AddweapStage_Feeding-1] *FORCING Success
[2019.10.16-00.19.23:563][ 79]LogBlueprintUserMessages: [NODE_AddweapStage_Chambing-1] Chambering
[2019.10.16-00.19.23:563][ 79]LogBlueprintUserMessages: [NODE_AddweapStage_Closing-1] Closing
[2019.10.16-00.19.23:563][ 79]LogBlueprintUserMessages: [NODE_AddweapStage_Pulling-0] Pulling
[2019.10.16-00.19.23:563][ 79]PIE: Error: Blueprint Runtime Error: "Accessed None trying to read property thisComp". Blueprint:  weapStage_Pulling Function:  Activation Stage Graph:  activationStage Node:  Get Weap Comp
[2019.10.16-00.19.23:564][ 79]PIE: Error: Blueprint Runtime Error: "Accessed None". Blueprint:  weapStage_Pulling Function:  Activation Stage Graph:  activationStage Node:  Get Weap Comp
[2019.10.16-00.19.26:046][228]LogBlueprintUserMessages: [ChildActor_GEN_VARIABLE_WeaponSystem_BP_C_CAT_18] ACTION[Reloading]
[2019.10.16-00.19.26:046][228]LogScript: Warning: Script Msg: Attempted to access index 8 from array 'weapComps' of length 8 in '/Game/WeaponSystem/Actor/WeaponSystem_BP.WeaponSystem_BP_C'!
[2019.10.16-00.19.26:046][228]LogBlueprintUserMessages: [NODE_AddweapStage_Extracting-1] Extracting
[2019.10.16-00.19.26:046][228]PIE: Error: Blueprint Runtime Error: "Accessed None trying to read property thisComp". Blueprint:  weapStage_Extracting Function:  Activation Stage Graph:  activationStage Node:  Ready Component
[2019.10.16-00.19.26:047][228]PIE: Error: Blueprint Runtime Error: "Accessed None". Blueprint:  weapStage_Extracting Function:  Activation Stage Graph:  activationStage Node:  Ready Component
[2019.10.16-00.19.26:047][228]LogBlueprintUserMessages: [NODE_AddweapStage_Ejecting-1] Ejecting
[2019.10.16-00.19.26:047][228]PIE: Error: Blueprint Runtime Error: "Accessed None trying to read property thisComp". Blueprint:  weapStage_Ejecting Function:  Activation Stage Graph:  activationStage Node:  Get Weap Comp
[2019.10.16-00.19.26:047][228]PIE: Error: Blueprint Runtime Error: "Accessed None". Blueprint:  weapStage_Ejecting Function:  Activation Stage Graph:  activationStage Node:  Get Weap Comp
[2019.10.16-00.19.26:047][228]LogBlueprintUserMessages: [NODE_AddweapStage_Opening-1] Opening
[2019.10.16-00.19.26:047][228]PIE: Error: Blueprint Runtime Error: "Accessed None trying to read property thisComp". Blueprint:  weapStage_Opening Function:  Activation Stage Graph:  activationStage Node:  Set Weap Comp
[2019.10.16-00.19.26:047][228]PIE: Error: Blueprint Runtime Error: "Accessed None". Blueprint:  weapStage_Opening Function:  Activation Stage Graph:  activationStage Node:  Set Weap Comp
[2019.10.16-00.19.26:047][228]LogBlueprintUserMessages: [NODE_AddweapStage_Loading-1] Loading
[2019.10.16-00.19.26:047][228]LogBlueprintUserMessages: [NODE_AddweapStage_Feeding-1] Feeding
[2019.10.16-00.19.26:047][228]PIE: Error: Blueprint Runtime Error: "Accessed None trying to read property thisComp". Blueprint:  weapStage_Feeding Function:  Activation Stage Graph:  activationStage Node:  Activate Component
[2019.10.16-00.19.26:047][228]PIE: Error: Blueprint Runtime Error: "Accessed None". Blueprint:  weapStage_Feeding Function:  Activation Stage Graph:  activationStage Node:  Activate Component
[2019.10.16-00.19.26:047][228]LogBlueprintUserMessages: [NODE_AddweapStage_Feeding-1] *FORCING Success
[2019.10.16-00.19.26:047][228]LogBlueprintUserMessages: [NODE_AddweapStage_Chambing-1] Chambering
[2019.10.16-00.19.26:047][228]LogBlueprintUserMessages: [NODE_AddweapStage_Closing-1] Closing
[2019.10.16-00.19.26:047][228]LogBlueprintUserMessages: [NODE_AddweapStage_Pulling-0] Pulling
[2019.10.16-00.19.26:047][228]PIE: Error: Blueprint Runtime Error: "Accessed None trying to read property thisComp". Blueprint:  weapStage_Pulling Function:  Activation Stage Graph:  activationStage Node:  Get Weap Comp
[2019.10.16-00.19.26:047][228]PIE: Error: Blueprint Runtime Error: "Accessed None". Blueprint:  weapStage_Pulling Function:  Activation Stage Graph:  activationStage Node:  Get Weap Comp
[2019.10.16-00.19.27:912][340]LogBlueprintUserMessages: [ChildActor_GEN_VARIABLE_WeaponSystem_BP_C_CAT_18] ACTION[Reloading]
[2019.10.16-00.19.27:912][340]LogScript: Warning: Script Msg: Attempted to access index 8 from array 'weapComps' of length 8 in '/Game/WeaponSystem/Actor/WeaponSystem_BP.WeaponSystem_BP_C'!
[2019.10.16-00.19.27:912][340]LogBlueprintUserMessages: [NODE_AddweapStage_Extracting-1] Extracting
[2019.10.16-00.19.27:912][340]PIE: Error: Blueprint Runtime Error: "Accessed None trying to read property thisComp". Blueprint:  weapStage_Extracting Function:  Activation Stage Graph:  activationStage Node:  Ready Component
[2019.10.16-00.19.27:912][340]PIE: Error: Blueprint Runtime Error: "Accessed None". Blueprint:  weapStage_Extracting Function:  Activation Stage Graph:  activationStage Node:  Ready Component
[2019.10.16-00.19.27:912][340]LogBlueprintUserMessages: [NODE_AddweapStage_Ejecting-1] Ejecting
[2019.10.16-00.19.27:912][340]PIE: Error: Blueprint Runtime Error: "Accessed None trying to read property thisComp". Blueprint:  weapStage_Ejecting Function:  Activation Stage Graph:  activationStage Node:  Get Weap Comp
[2019.10.16-00.19.27:913][340]PIE: Error: Blueprint Runtime Error: "Accessed None". Blueprint:  weapStage_Ejecting Function:  Activation Stage Graph:  activationStage Node:  Get Weap Comp
[2019.10.16-00.19.27:913][340]LogBlueprintUserMessages: [NODE_AddweapStage_Opening-1] Opening
[2019.10.16-00.19.27:913][340]PIE: Error: Blueprint Runtime Error: "Accessed None trying to read property thisComp". Blueprint:  weapStage_Opening Function:  Activation Stage Graph:  activationStage Node:  Set Weap Comp
[2019.10.16-00.19.27:913][340]PIE: Error: Blueprint Runtime Error: "Accessed None". Blueprint:  weapStage_Opening Function:  Activation Stage Graph:  activationStage Node:  Set Weap Comp
[2019.10.16-00.19.27:913][340]LogBlueprintUserMessages: [NODE_AddweapStage_Loading-1] Loading
[2019.10.16-00.19.27:913][340]LogBlueprintUserMessages: [NODE_AddweapStage_Feeding-1] Feeding
[2019.10.16-00.19.27:913][340]PIE: Error: Blueprint Runtime Error: "Accessed None trying to read property thisComp". Blueprint:  weapStage_Feeding Function:  Activation Stage Graph:  activationStage Node:  Activate Component
[2019.10.16-00.19.27:913][340]PIE: Error: Blueprint Runtime Error: "Accessed None". Blueprint:  weapStage_Feeding Function:  Activation Stage Graph:  activationStage Node:  Activate Component
[2019.10.16-00.19.27:913][340]LogBlueprintUserMessages: [NODE_AddweapStage_Feeding-1] *FORCING Success
[2019.10.16-00.19.27:913][340]LogBlueprintUserMessages: [NODE_AddweapStage_Chambing-1] Chambering
[2019.10.16-00.19.27:913][340]LogBlueprintUserMessages: [NODE_AddweapStage_Closing-1] Closing
[2019.10.16-00.19.27:913][340]LogBlueprintUserMessages: [NODE_AddweapStage_Pulling-0] Pulling
[2019.10.16-00.19.27:913][340]PIE: Error: Blueprint Runtime Error: "Accessed None trying to read property thisComp". Blueprint:  weapStage_Pulling Function:  Activation Stage Graph:  activationStage Node:  Get Weap Comp
[2019.10.16-00.19.27:913][340]PIE: Error: Blueprint Runtime Error: "Accessed None". Blueprint:  weapStage_Pulling Function:  Activation Stage Graph:  activationStage Node:  Get Weap Comp
[2019.10.16-00.19.30:396][489]LogBlueprintUserMessages: [ChildActor_GEN_VARIABLE_WeaponSystem_BP_C_CAT_18] ACTION[Reloading]
[2019.10.16-00.19.30:396][489]LogScript: Warning: Script Msg: Attempted to access index 8 from array 'weapComps' of length 8 in '/Game/WeaponSystem/Actor/WeaponSystem_BP.WeaponSystem_BP_C'!
[2019.10.16-00.19.30:396][489]LogBlueprintUserMessages: [NODE_AddweapStage_Extracting-1] Extracting
[2019.10.16-00.19.30:397][489]PIE: Error: Blueprint Runtime Error: "Accessed None trying to read property thisComp". Blueprint:  weapStage_Extracting Function:  Activation Stage Graph:  activationStage Node:  Ready Component
[2019.10.16-00.19.30:397][489]PIE: Error: Blueprint Runtime Error: "Accessed None". Blueprint:  weapStage_Extracting Function:  Activation Stage Graph:  activationStage Node:  Ready Component
[2019.10.16-00.19.30:397][489]LogBlueprintUserMessages: [NODE_AddweapStage_Ejecting-1] Ejecting
[2019.10.16-00.19.30:397][489]PIE: Error: Blueprint Runtime Error: "Accessed None trying to read property thisComp". Blueprint:  weapStage_Ejecting Function:  Activation Stage Graph:  activationStage Node:  Get Weap Comp
[2019.10.16-00.19.30:397][489]PIE: Error: Blueprint Runtime Error: "Accessed None". Blueprint:  weapStage_Ejecting Function:  Activation Stage Graph:  activationStage Node:  Get Weap Comp
[2019.10.16-00.19.30:397][489]LogBlueprintUserMessages: [NODE_AddweapStage_Opening-1] Opening
[2019.10.16-00.19.30:397][489]PIE: Error: Blueprint Runtime Error: "Accessed None trying to read property thisComp". Blueprint:  weapStage_Opening Function:  Activation Stage Graph:  activationStage Node:  Set Weap Comp
[2019.10.16-00.19.30:397][489]PIE: Error: Blueprint Runtime Error: "Accessed None". Blueprint:  weapStage_Opening Function:  Activation Stage Graph:  activationStage Node:  Set Weap Comp
[2019.10.16-00.19.30:397][489]LogBlueprintUserMessages: [NODE_AddweapStage_Loading-1] Loading
[2019.10.16-00.19.30:397][489]LogBlueprintUserMessages: [NODE_AddweapStage_Feeding-1] Feeding
[2019.10.16-00.19.30:397][489]PIE: Error: Blueprint Runtime Error: "Accessed None trying to read property thisComp". Blueprint:  weapStage_Feeding Function:  Activation Stage Graph:  activationStage Node:  Activate Component
[2019.10.16-00.19.30:397][489]PIE: Error: Blueprint Runtime Error: "Accessed None". Blueprint:  weapStage_Feeding Function:  Activation Stage Graph:  activationStage Node:  Activate Component
[2019.10.16-00.19.30:397][489]LogBlueprintUserMessages: [NODE_AddweapStage_Feeding-1] *FORCING Success
[2019.10.16-00.19.30:397][489]LogBlueprintUserMessages: [NODE_AddweapStage_Chambing-1] Chambering
[2019.10.16-00.19.30:397][489]LogBlueprintUserMessages: [NODE_AddweapStage_Closing-1] Closing
[2019.10.16-00.19.30:397][489]LogBlueprintUserMessages: [NODE_AddweapStage_Pulling-0] Pulling
[2019.10.16-00.19.30:397][489]PIE: Error: Blueprint Runtime Error: "Accessed None trying to read property thisComp". Blueprint:  weapStage_Pulling Function:  Activation Stage Graph:  activationStage Node:  Get Weap Comp
[2019.10.16-00.19.30:397][489]PIE: Error: Blueprint Runtime Error: "Accessed None". Blueprint:  weapStage_Pulling Function:  Activation Stage Graph:  activationStage Node:  Get Weap Comp
[2019.10.16-00.19.32:880][638]LogBlueprintUserMessages: [ChildActor_GEN_VARIABLE_WeaponSystem_BP_C_CAT_18] ACTION[Reloading]
[2019.10.16-00.19.32:880][638]LogScript: Warning: Script Msg: Attempted to access index 8 from array 'weapComps' of length 8 in '/Game/WeaponSystem/Actor/WeaponSystem_BP.WeaponSystem_BP_C'!
[2019.10.16-00.19.32:880][638]LogBlueprintUserMessages: [NODE_AddweapStage_Extracting-1] Extracting
[2019.10.16-00.19.32:880][638]PIE: Error: Blueprint Runtime Error: "Accessed None trying to read property thisComp". Blueprint:  weapStage_Extracting Function:  Activation Stage Graph:  activationStage Node:  Ready Component
[2019.10.16-00.19.32:880][638]PIE: Error: Blueprint Runtime Error: "Accessed None". Blueprint:  weapStage_Extracting Function:  Activation Stage Graph:  activationStage Node:  Ready Component
[2019.10.16-00.19.32:880][638]LogBlueprintUserMessages: [NODE_AddweapStage_Ejecting-1] Ejecting
[2019.10.16-00.19.32:880][638]PIE: Error: Blueprint Runtime Error: "Accessed None trying to read property thisComp". Blueprint:  weapStage_Ejecting Function:  Activation Stage Graph:  activationStage Node:  Get Weap Comp
[2019.10.16-00.19.32:880][638]PIE: Error: Blueprint Runtime Error: "Accessed None". Blueprint:  weapStage_Ejecting Function:  Activation Stage Graph:  activationStage Node:  Get Weap Comp
[2019.10.16-00.19.32:880][638]LogBlueprintUserMessages: [NODE_AddweapStage_Opening-1] Opening
[2019.10.16-00.19.32:880][638]PIE: Error: Blueprint Runtime Error: "Accessed None trying to read property thisComp". Blueprint:  weapStage_Opening Function:  Activation Stage Graph:  activationStage Node:  Set Weap Comp
[2019.10.16-00.19.32:880][638]PIE: Error: Blueprint Runtime Error: "Accessed None". Blueprint:  weapStage_Opening Function:  Activation Stage Graph:  activationStage Node:  Set Weap Comp
[2019.10.16-00.19.32:881][638]LogBlueprintUserMessages: [NODE_AddweapStage_Loading-1] Loading
[2019.10.16-00.19.32:881][638]LogBlueprintUserMessages: [NODE_AddweapStage_Feeding-1] Feeding
[2019.10.16-00.19.32:881][638]PIE: Error: Blueprint Runtime Error: "Accessed None trying to read property thisComp". Blueprint:  weapStage_Feeding Function:  Activation Stage Graph:  activationStage Node:  Activate Component
[2019.10.16-00.19.32:881][638]PIE: Error: Blueprint Runtime Error: "Accessed None". Blueprint:  weapStage_Feeding Function:  Activation Stage Graph:  activationStage Node:  Activate Component
[2019.10.16-00.19.32:881][638]LogBlueprintUserMessages: [NODE_AddweapStage_Feeding-1] *FORCING Success
[2019.10.16-00.19.32:881][638]LogBlueprintUserMessages: [NODE_AddweapStage_Chambing-1] Chambering
[2019.10.16-00.19.32:881][638]LogBlueprintUserMessages: [NODE_AddweapStage_Closing-1] Closing
[2019.10.16-00.19.32:881][638]LogBlueprintUserMessages: [NODE_AddweapStage_Pulling-0] Pulling
[2019.10.16-00.19.32:881][638]PIE: Error: Blueprint Runtime Error: "Accessed None trying to read property thisComp". Blueprint:  weapStage_Pulling Function:  Activation Stage Graph:  activationStage Node:  Get Weap Comp
[2019.10.16-00.19.32:881][638]PIE: Error: Blueprint Runtime Error: "Accessed None". Blueprint:  weapStage_Pulling Function:  Activation Stage Graph:  activationStage Node:  Get Weap Comp
[2019.10.16-00.19.35:280][782]LogBlueprintUserMessages: [ChildActor_GEN_VARIABLE_WeaponSystem_BP_C_CAT_18] ACTION[Reloading]
[2019.10.16-00.19.35:280][782]LogScript: Warning: Script Msg: Attempted to access index 8 from array 'weapComps' of length 8 in '/Game/WeaponSystem/Actor/WeaponSystem_BP.WeaponSystem_BP_C'!
[2019.10.16-00.19.35:280][782]LogBlueprintUserMessages: [NODE_AddweapStage_Extracting-1] Extracting
[2019.10.16-00.19.35:280][782]PIE: Error: Blueprint Runtime Error: "Accessed None trying to read property thisComp". Blueprint:  weapStage_Extracting Function:  Activation Stage Graph:  activationStage Node:  Ready Component
[2019.10.16-00.19.35:280][782]PIE: Error: Blueprint Runtime Error: "Accessed None". Blueprint:  weapStage_Extracting Function:  Activation Stage Graph:  activationStage Node:  Ready Component
[2019.10.16-00.19.35:280][782]LogBlueprintUserMessages: [NODE_AddweapStage_Ejecting-1] Ejecting
[2019.10.16-00.19.35:280][782]PIE: Error: Blueprint Runtime Error: "Accessed None trying to read property thisComp". Blueprint:  weapStage_Ejecting Function:  Activation Stage Graph:  activationStage Node:  Get Weap Comp
[2019.10.16-00.19.35:280][782]PIE: Error: Blueprint Runtime Error: "Accessed None". Blueprint:  weapStage_Ejecting Function:  Activation Stage Graph:  activationStage Node:  Get Weap Comp
[2019.10.16-00.19.35:280][782]LogBlueprintUserMessages: [NODE_AddweapStage_Opening-1] Opening
[2019.10.16-00.19.35:280][782]PIE: Error: Blueprint Runtime Error: "Accessed None trying to read property thisComp". Blueprint:  weapStage_Opening Function:  Activation Stage Graph:  activationStage Node:  Set Weap Comp
[2019.10.16-00.19.35:280][782]PIE: Error: Blueprint Runtime Error: "Accessed None". Blueprint:  weapStage_Opening Function:  Activation Stage Graph:  activationStage Node:  Set Weap Comp
[2019.10.16-00.19.35:280][782]LogBlueprintUserMessages: [NODE_AddweapStage_Loading-1] Loading
[2019.10.16-00.19.35:280][782]LogBlueprintUserMessages: [NODE_AddweapStage_Feeding-1] Feeding
[2019.10.16-00.19.35:281][782]PIE: Error: Blueprint Runtime Error: "Accessed None trying to read property thisComp". Blueprint:  weapStage_Feeding Function:  Activation Stage Graph:  activationStage Node:  Activate Component
[2019.10.16-00.19.35:281][782]PIE: Error: Blueprint Runtime Error: "Accessed None". Blueprint:  weapStage_Feeding Function:  Activation Stage Graph:  activationStage Node:  Activate Component
[2019.10.16-00.19.35:281][782]LogBlueprintUserMessages: [NODE_AddweapStage_Feeding-1] *FORCING Success
[2019.10.16-00.19.35:281][782]LogBlueprintUserMessages: [NODE_AddweapStage_Chambing-1] Chambering
[2019.10.16-00.19.35:281][782]LogBlueprintUserMessages: [NODE_AddweapStage_Closing-1] Closing
[2019.10.16-00.19.35:281][782]LogBlueprintUserMessages: [NODE_AddweapStage_Pulling-0] Pulling
[2019.10.16-00.19.35:281][782]PIE: Error: Blueprint Runtime Error: "Accessed None trying to read property thisComp". Blueprint:  weapStage_Pulling Function:  Activation Stage Graph:  activationStage Node:  Get Weap Comp
[2019.10.16-00.19.35:281][782]PIE: Error: Blueprint Runtime Error: "Accessed None". Blueprint:  weapStage_Pulling Function:  Activation Stage Graph:  activationStage Node:  Get Weap Comp
[2019.10.16-00.19.37:697][927]LogBlueprintUserMessages: [ChildActor_GEN_VARIABLE_WeaponSystem_BP_C_CAT_18] ACTION[Reloading]
[2019.10.16-00.19.37:698][927]LogScript: Warning: Script Msg: Attempted to access index 8 from array 'weapComps' of length 8 in '/Game/WeaponSystem/Actor/WeaponSystem_BP.WeaponSystem_BP_C'!
[2019.10.16-00.19.37:698][927]LogBlueprintUserMessages: [NODE_AddweapStage_Extracting-1] Extracting
[2019.10.16-00.19.37:698][927]PIE: Error: Blueprint Runtime Error: "Accessed None trying to read property thisComp". Blueprint:  weapStage_Extracting Function:  Activation Stage Graph:  activationStage Node:  Ready Component
[2019.10.16-00.19.37:698][927]PIE: Error: Blueprint Runtime Error: "Accessed None". Blueprint:  weapStage_Extracting Function:  Activation Stage Graph:  activationStage Node:  Ready Component
[2019.10.16-00.19.37:698][927]LogBlueprintUserMessages: [NODE_AddweapStage_Ejecting-1] Ejecting
[2019.10.16-00.19.37:698][927]PIE: Error: Blueprint Runtime Error: "Accessed None trying to read property thisComp". Blueprint:  weapStage_Ejecting Function:  Activation Stage Graph:  activationStage Node:  Get Weap Comp
[2019.10.16-00.19.37:698][927]PIE: Error: Blueprint Runtime Error: "Accessed None". Blueprint:  weapStage_Ejecting Function:  Activation Stage Graph:  activationStage Node:  Get Weap Comp
[2019.10.16-00.19.37:698][927]LogBlueprintUserMessages: [NODE_AddweapStage_Opening-1] Opening
[2019.10.16-00.19.37:698][927]PIE: Error: Blueprint Runtime Error: "Accessed None trying to read property thisComp". Blueprint:  weapStage_Opening Function:  Activation Stage Graph:  activationStage Node:  Set Weap Comp
[2019.10.16-00.19.37:698][927]PIE: Error: Blueprint Runtime Error: "Accessed None". Blueprint:  weapStage_Opening Function:  Activation Stage Graph:  activationStage Node:  Set Weap Comp
[2019.10.16-00.19.37:698][927]LogBlueprintUserMessages: [NODE_AddweapStage_Loading-1] Loading
[2019.10.16-00.19.37:698][927]LogBlueprintUserMessages: [NODE_AddweapStage_Feeding-1] Feeding
[2019.10.16-00.19.37:698][927]PIE: Error: Blueprint Runtime Error: "Accessed None trying to read property thisComp". Blueprint:  weapStage_Feeding Function:  Activation Stage Graph:  activationStage Node:  Activate Component
[2019.10.16-00.19.37:698][927]PIE: Error: Blueprint Runtime Error: "Accessed None". Blueprint:  weapStage_Feeding Function:  Activation Stage Graph:  activationStage Node:  Activate Component
[2019.10.16-00.19.37:698][927]LogBlueprintUserMessages: [NODE_AddweapStage_Feeding-1] *FORCING Success
[2019.10.16-00.19.37:698][927]LogBlueprintUserMessages: [NODE_AddweapStage_Chambing-1] Chambering
[2019.10.16-00.19.37:698][927]LogBlueprintUserMessages: [NODE_AddweapStage_Closing-1] Closing
[2019.10.16-00.19.37:699][927]LogBlueprintUserMessages: [NODE_AddweapStage_Pulling-0] Pulling
[2019.10.16-00.19.37:699][927]PIE: Error: Blueprint Runtime Error: "Accessed None trying to read property thisComp". Blueprint:  weapStage_Pulling Function:  Activation Stage Graph:  activationStage Node:  Get Weap Comp
[2019.10.16-00.19.37:699][927]PIE: Error: Blueprint Runtime Error: "Accessed None". Blueprint:  weapStage_Pulling Function:  Activation Stage Graph:  activationStage Node:  Get Weap Comp
[2019.10.16-00.19.39:948][ 62]LogBlueprintUserMessages: [ChildActor_GEN_VARIABLE_WeaponSystem_BP_C_CAT_18] ACTION[AmmoCheck]
[2019.10.16-00.19.39:948][ 62]LogScript: Warning: Script Msg: Attempted to access index 8 from array 'weapComps' of length 8 in '/Game/WeaponSystem/Actor/WeaponSystem_BP.WeaponSystem_BP_C'!
[2019.10.16-00.19.39:948][ 62]LogBlueprintUserMessages: [ChildActor_GEN_VARIABLE_WeaponSystem_BP_C_CAT_18] *Rounds in system in all: 0
[2019.10.16-00.19.40:598][101]LogBlueprintUserMessages: [ChildActor_GEN_VARIABLE_WeaponSystem_BP_C_CAT_18] ACTION[Reloading]
[2019.10.16-00.19.40:598][101]LogScript: Warning: Script Msg: Attempted to access index 8 from array 'weapComps' of length 8 in '/Game/WeaponSystem/Actor/WeaponSystem_BP.WeaponSystem_BP_C'!
[2019.10.16-00.19.40:598][101]LogBlueprintUserMessages: [NODE_AddweapStage_Extracting-1] Extracting
[2019.10.16-00.19.40:599][101]PIE: Error: Blueprint Runtime Error: "Accessed None trying to read property thisComp". Blueprint:  weapStage_Extracting Function:  Activation Stage Graph:  activationStage Node:  Ready Component
[2019.10.16-00.19.40:599][101]PIE: Error: Blueprint Runtime Error: "Accessed None". Blueprint:  weapStage_Extracting Function:  Activation Stage Graph:  activationStage Node:  Ready Component
[2019.10.16-00.19.40:599][101]LogBlueprintUserMessages: [NODE_AddweapStage_Ejecting-1] Ejecting
[2019.10.16-00.19.40:599][101]PIE: Error: Blueprint Runtime Error: "Accessed None trying to read property thisComp". Blueprint:  weapStage_Ejecting Function:  Activation Stage Graph:  activationStage Node:  Get Weap Comp
[2019.10.16-00.19.40:599][101]PIE: Error: Blueprint Runtime Error: "Accessed None". Blueprint:  weapStage_Ejecting Function:  Activation Stage Graph:  activationStage Node:  Get Weap Comp
[2019.10.16-00.19.40:599][101]LogBlueprintUserMessages: [NODE_AddweapStage_Opening-1] Opening
[2019.10.16-00.19.40:599][101]PIE: Error: Blueprint Runtime Error: "Accessed None trying to read property thisComp". Blueprint:  weapStage_Opening Function:  Activation Stage Graph:  activationStage Node:  Set Weap Comp
[2019.10.16-00.19.40:599][101]PIE: Error: Blueprint Runtime Error: "Accessed None". Blueprint:  weapStage_Opening Function:  Activation Stage Graph:  activationStage Node:  Set Weap Comp
[2019.10.16-00.19.40:599][101]LogBlueprintUserMessages: [NODE_AddweapStage_Loading-1] Loading
[2019.10.16-00.19.40:599][101]LogBlueprintUserMessages: [NODE_AddweapStage_Feeding-1] Feeding
[2019.10.16-00.19.40:599][101]PIE: Error: Blueprint Runtime Error: "Accessed None trying to read property thisComp". Blueprint:  weapStage_Feeding Function:  Activation Stage Graph:  activationStage Node:  Activate Component
[2019.10.16-00.19.40:599][101]PIE: Error: Blueprint Runtime Error: "Accessed None". Blueprint:  weapStage_Feeding Function:  Activation Stage Graph:  activationStage Node:  Activate Component
[2019.10.16-00.19.40:599][101]LogBlueprintUserMessages: [NODE_AddweapStage_Feeding-1] *FORCING Success
[2019.10.16-00.19.40:599][101]LogBlueprintUserMessages: [NODE_AddweapStage_Chambing-1] Chambering
[2019.10.16-00.19.40:599][101]LogBlueprintUserMessages: [NODE_AddweapStage_Closing-1] Closing
[2019.10.16-00.19.40:600][101]LogBlueprintUserMessages: [NODE_AddweapStage_Pulling-0] Pulling
[2019.10.16-00.19.40:600][101]PIE: Error: Blueprint Runtime Error: "Accessed None trying to read property thisComp". Blueprint:  weapStage_Pulling Function:  Activation Stage Graph:  activationStage Node:  Get Weap Comp
[2019.10.16-00.19.40:600][101]PIE: Error: Blueprint Runtime Error: "Accessed None". Blueprint:  weapStage_Pulling Function:  Activation Stage Graph:  activationStage Node:  Get Weap Comp
[2019.10.16-00.19.42:364][207]LogBlueprintUserMessages: [ChildActor_GEN_VARIABLE_WeaponSystem_BP_C_CAT_18] ACTION[Reloading]
[2019.10.16-00.19.42:364][207]LogScript: Warning: Script Msg: Attempted to access index 8 from array 'weapComps' of length 8 in '/Game/WeaponSystem/Actor/WeaponSystem_BP.WeaponSystem_BP_C'!
[2019.10.16-00.19.42:365][207]LogBlueprintUserMessages: [NODE_AddweapStage_Extracting-1] Extracting
[2019.10.16-00.19.42:365][207]PIE: Error: Blueprint Runtime Error: "Accessed None trying to read property thisComp". Blueprint:  weapStage_Extracting Function:  Activation Stage Graph:  activationStage Node:  Ready Component
[2019.10.16-00.19.42:365][207]PIE: Error: Blueprint Runtime Error: "Accessed None". Blueprint:  weapStage_Extracting Function:  Activation Stage Graph:  activationStage Node:  Ready Component
[2019.10.16-00.19.42:365][207]LogBlueprintUserMessages: [NODE_AddweapStage_Ejecting-1] Ejecting
[2019.10.16-00.19.42:365][207]PIE: Error: Blueprint Runtime Error: "Accessed None trying to read property thisComp". Blueprint:  weapStage_Ejecting Function:  Activation Stage Graph:  activationStage Node:  Get Weap Comp
[2019.10.16-00.19.42:365][207]PIE: Error: Blueprint Runtime Error: "Accessed None". Blueprint:  weapStage_Ejecting Function:  Activation Stage Graph:  activationStage Node:  Get Weap Comp
[2019.10.16-00.19.42:365][207]LogBlueprintUserMessages: [NODE_AddweapStage_Opening-1] Opening
[2019.10.16-00.19.42:365][207]PIE: Error: Blueprint Runtime Error: "Accessed None trying to read property thisComp". Blueprint:  weapStage_Opening Function:  Activation Stage Graph:  activationStage Node:  Set Weap Comp
[2019.10.16-00.19.42:365][207]PIE: Error: Blueprint Runtime Error: "Accessed None". Blueprint:  weapStage_Opening Function:  Activation Stage Graph:  activationStage Node:  Set Weap Comp
[2019.10.16-00.19.42:366][207]LogBlueprintUserMessages: [NODE_AddweapStage_Loading-1] Loading
[2019.10.16-00.19.42:366][207]LogBlueprintUserMessages: [NODE_AddweapStage_Feeding-1] Feeding
[2019.10.16-00.19.42:366][207]PIE: Error: Blueprint Runtime Error: "Accessed None trying to read property thisComp". Blueprint:  weapStage_Feeding Function:  Activation Stage Graph:  activationStage Node:  Activate Component
[2019.10.16-00.19.42:366][207]PIE: Error: Blueprint Runtime Error: "Accessed None". Blueprint:  weapStage_Feeding Function:  Activation Stage Graph:  activationStage Node:  Activate Component
[2019.10.16-00.19.42:366][207]LogBlueprintUserMessages: [NODE_AddweapStage_Feeding-1] *FORCING Success
[2019.10.16-00.19.42:366][207]LogBlueprintUserMessages: [NODE_AddweapStage_Chambing-1] Chambering
[2019.10.16-00.19.42:366][207]LogBlueprintUserMessages: [NODE_AddweapStage_Closing-1] Closing
[2019.10.16-00.19.42:366][207]LogBlueprintUserMessages: [NODE_AddweapStage_Pulling-0] Pulling
[2019.10.16-00.19.42:366][207]PIE: Error: Blueprint Runtime Error: "Accessed None trying to read property thisComp". Blueprint:  weapStage_Pulling Function:  Activation Stage Graph:  activationStage Node:  Get Weap Comp
[2019.10.16-00.19.42:366][207]PIE: Error: Blueprint Runtime Error: "Accessed None". Blueprint:  weapStage_Pulling Function:  Activation Stage Graph:  activationStage Node:  Get Weap Comp
[2019.10.16-00.19.43:348][266]LogBlueprintUserMessages: [ChildActor_GEN_VARIABLE_WeaponSystem_BP_C_CAT_18] ACTION[Reloading]
[2019.10.16-00.19.43:348][266]LogScript: Warning: Script Msg: Attempted to access index 8 from array 'weapComps' of length 8 in '/Game/WeaponSystem/Actor/WeaponSystem_BP.WeaponSystem_BP_C'!
[2019.10.16-00.19.43:348][266]LogBlueprintUserMessages: [NODE_AddweapStage_Extracting-1] Extracting
[2019.10.16-00.19.43:349][266]PIE: Error: Blueprint Runtime Error: "Accessed None trying to read property thisComp". Blueprint:  weapStage_Extracting Function:  Activation Stage Graph:  activationStage Node:  Ready Component
[2019.10.16-00.19.43:349][266]PIE: Error: Blueprint Runtime Error: "Accessed None". Blueprint:  weapStage_Extracting Function:  Activation Stage Graph:  activationStage Node:  Ready Component
[2019.10.16-00.19.43:349][266]LogBlueprintUserMessages: [NODE_AddweapStage_Ejecting-1] Ejecting
[2019.10.16-00.19.43:350][266]PIE: Error: Blueprint Runtime Error: "Accessed None trying to read property thisComp". Blueprint:  weapStage_Ejecting Function:  Activation Stage Graph:  activationStage Node:  Get Weap Comp
[2019.10.16-00.19.43:350][266]PIE: Error: Blueprint Runtime Error: "Accessed None". Blueprint:  weapStage_Ejecting Function:  Activation Stage Graph:  activationStage Node:  Get Weap Comp
[2019.10.16-00.19.43:351][266]LogBlueprintUserMessages: [NODE_AddweapStage_Opening-1] Opening
[2019.10.16-00.19.43:351][266]PIE: Error: Blueprint Runtime Error: "Accessed None trying to read property thisComp". Blueprint:  weapStage_Opening Function:  Activation Stage Graph:  activationStage Node:  Set Weap Comp
[2019.10.16-00.19.43:351][266]PIE: Error: Blueprint Runtime Error: "Accessed None". Blueprint:  weapStage_Opening Function:  Activation Stage Graph:  activationStage Node:  Set Weap Comp
[2019.10.16-00.19.43:351][266]LogBlueprintUserMessages: [NODE_AddweapStage_Loading-1] Loading
[2019.10.16-00.19.43:351][266]LogBlueprintUserMessages: [NODE_AddweapStage_Feeding-1] Feeding
[2019.10.16-00.19.43:351][266]PIE: Error: Blueprint Runtime Error: "Accessed None trying to read property thisComp". Blueprint:  weapStage_Feeding Function:  Activation Stage Graph:  activationStage Node:  Activate Component
[2019.10.16-00.19.43:351][266]PIE: Error: Blueprint Runtime Error: "Accessed None". Blueprint:  weapStage_Feeding Function:  Activation Stage Graph:  activationStage Node:  Activate Component
[2019.10.16-00.19.43:351][266]LogBlueprintUserMessages: [NODE_AddweapStage_Feeding-1] *FORCING Success
[2019.10.16-00.19.43:351][266]LogBlueprintUserMessages: [NODE_AddweapStage_Chambing-1] Chambering
[2019.10.16-00.19.43:351][266]LogBlueprintUserMessages: [NODE_AddweapStage_Closing-1] Closing
[2019.10.16-00.19.43:351][266]LogBlueprintUserMessages: [NODE_AddweapStage_Pulling-0] Pulling
[2019.10.16-00.19.43:351][266]PIE: Error: Blueprint Runtime Error: "Accessed None trying to read property thisComp". Blueprint:  weapStage_Pulling Function:  Activation Stage Graph:  activationStage Node:  Get Weap Comp
[2019.10.16-00.19.43:352][266]PIE: Error: Blueprint Runtime Error: "Accessed None". Blueprint:  weapStage_Pulling Function:  Activation Stage Graph:  activationStage Node:  Get Weap Comp
[2019.10.16-00.19.45:147][374]LogSlate: FSceneViewport::OnFocusLost() reason 2
[2019.10.16-00.20.21:698][528]LogBlueprintUserMessages: Early EndPlayMap Detection: Level '/Game/FirstPersonBP/Maps/FirstPersonExampleMap.FirstPersonExampleMap:PersistentLevel' has LevelScriptBlueprint '/Game/FirstPersonBP/Maps/FirstPersonExampleMap.FirstPersonExampleMap:PersistentLevel.FirstPersonExampleMap' with GeneratedClass '/Game/FirstPersonBP/Maps/FirstPersonExampleMap.FirstPersonExampleMap_C' with ClassGeneratedBy '/Game/FirstPersonBP/Maps/FirstPersonExampleMap.FirstPersonExampleMap:PersistentLevel.FirstPersonExampleMap'
[2019.10.16-00.20.21:699][528]LogSlate: Updating window title bar state: overlay mode, drag disabled, window buttons hidden, title bar hidden
[2019.10.16-00.20.21:741][528]LogPlayLevel: Display: Shutting down PIE online subsystems
[2019.10.16-00.20.21:741][528]LogBlueprintUserMessages: Late EndPlayMap Detection: Level '/Game/FirstPersonBP/Maps/FirstPersonExampleMap.FirstPersonExampleMap:PersistentLevel' has LevelScriptBlueprint '/Game/FirstPersonBP/Maps/FirstPersonExampleMap.FirstPersonExampleMap:PersistentLevel.FirstPersonExampleMap' with GeneratedClass '/Game/FirstPersonBP/Maps/FirstPersonExampleMap.FirstPersonExampleMap_C' with ClassGeneratedBy '/Game/FirstPersonBP/Maps/FirstPersonExampleMap.FirstPersonExampleMap:PersistentLevel.FirstPersonExampleMap'
[2019.10.16-00.20.21:790][528]LogSlate: Updating window title bar state: overlay mode, drag disabled, window buttons hidden, title bar hidden
[2019.10.16-00.20.21:795][528]LogUObjectHash: Compacting FUObjectHashTables data took   2.44ms
[2019.10.16-00.20.21:873][529]LogPlayLevel: Display: Destroying online subsystem :Context_10
[2019.10.16-00.20.37:422][437]LogAssetEditorManager: Opening Asset editor for Blueprint /Game/WeaponSystem/WeaponStageInstances/weapStage_Feeding.weapStage_Feeding
[2019.10.16-00.21.36:738][960]LogAssetEditorManager: Opening Asset editor for Blueprint /Game/WeaponSystem/WeaponCompInstances/Trigger.Trigger
[2019.10.16-00.21.38:071][ 17]LogAssetEditorManager: Opening Asset editor for Blueprint /Game/WeaponSystem/WeaponCompInstances/Muzzle.Muzzle
[2019.10.16-00.21.40:330][130]LogAssetEditorManager: Opening Asset editor for Blueprint /Game/WeaponSystem/WeaponCompInstances/Feedport.Feedport
[2019.10.16-00.21.59:062][228]BlueprintLog: New page: Compile Feedport
[2019.10.16-00.21.59:322][228]LogUObjectHash: Compacting FUObjectHashTables data took   4.14ms
[2019.10.16-00.22.01:858][375]LogSavePackage: Moving 'C:/Users/danny/Desktop/Systems_Sandbox/Systems_Sandbox/Saved/FeedportE34FC52B487F4D3224D0EB8944DE79A2.tmp' to 'C:/Users/danny/Desktop/Systems_Sandbox/Systems_Sandbox/Content/WeaponSystem/WeaponCompInstances/Feedport.uasset'
[2019.10.16-00.24.39:104][806]BlueprintLog: New page: Compile WeaponSystem_BP
[2019.10.16-00.24.39:443][806]LogUObjectHash: Compacting FUObjectHashTables data took   5.09ms
[2019.10.16-00.24.39:454][806]LogActorComponent: RegisterComponentWithWorld: (/Game/FirstPersonBP/Maps/FirstPersonExampleMap.FirstPersonExampleMap:PersistentLevel.DESTROYED_WeaponSystem_BP_C_CHILDACTOR_101.DefaultSceneRoot) Trying to register component with IsPendingKill() == true. Aborting.
[2019.10.16-00.24.39:480][806]LogActorComponent: RegisterComponentWithWorld: (/Game/FirstPersonBP/Maps/FirstPersonExampleMap.FirstPersonExampleMap:PersistentLevel.DESTROYED_WeaponSystem_BP_C_CHILDACTOR_103.DefaultSceneRoot) Trying to register component with IsPendingKill() == true. Aborting.
[2019.10.16-00.25.37:788][242]LogAssetEditorManager: Opening Asset editor for Blueprint /Game/WeaponSystem/WeaponStageInstances/weapStage_Loading.weapStage_Loading
[2019.10.16-00.25.44:990][649]LogAssetEditorManager: Opening Asset editor for Blueprint /Game/WeaponSystem/ActorComps/weapComp_Port.weapComp_Port
[2019.10.16-00.26.04:041][765]BlueprintLog: New page: Compile weapComp_Port
[2019.10.16-00.26.04:326][765]LogUObjectHash: Compacting FUObjectHashTables data took   4.31ms
[2019.10.16-00.26.50:363][380]LogEditorTransaction: Undo Move Node
[2019.10.16-00.27.02:503][104]BlueprintLog: New page: Compile weapComp_Port
[2019.10.16-00.27.02:778][104]LogUObjectHash: Compacting FUObjectHashTables data took   5.01ms
[2019.10.16-00.28.14:587][481]BlueprintLog: New page: Compile weapComp_Port
[2019.10.16-00.28.14:869][481]LogUObjectHash: Compacting FUObjectHashTables data took   5.49ms
[2019.10.16-00.28.49:164][978]LogUObjectHash: Compacting FUObjectHashTables data took   5.79ms
[2019.10.16-00.28.49:519][978]LogSavePackage: Moving 'C:/Users/danny/Desktop/Systems_Sandbox/Systems_Sandbox/Saved/FirstPersonExampleMap_Auto189A4CAF646F31FF8A8EFB29C3AA68F10.tmp' to 'C:/Users/danny/Desktop/Systems_Sandbox/Systems_Sandbox/Saved/Autosaves/Game/FirstPersonBP/Maps/FirstPersonExampleMap_Auto1.umap'
[2019.10.16-00.28.49:523][978]LogFileHelpers: Editor autosave (incl. sublevels) for '/Game/FirstPersonBP/Maps/FirstPersonExampleMap' took 0.421
[2019.10.16-00.28.49:523][978]LogFileHelpers: Editor autosave (incl. sublevels) for all levels took 0.421
[2019.10.16-00.28.49:526][978]OBJ SavePackage: Generating thumbnails for [1] asset(s) in package [/Game/WeaponSystem/Actor/WeaponSystem_BP] ([1] browsable assets)...
[2019.10.16-00.28.49:543][978]OBJ SavePackage:     Rendered thumbnail for [Blueprint /Game/WeaponSystem/Actor/WeaponSystem_BP.WeaponSystem_BP]
[2019.10.16-00.28.49:543][978]OBJ SavePackage: Finished generating thumbnails for package [/Game/WeaponSystem/Actor/WeaponSystem_BP]
[2019.10.16-00.28.49:909][978]LogSavePackage: Moving 'C:/Users/danny/Desktop/Systems_Sandbox/Systems_Sandbox/Saved/WeaponSystem_BP_Auto161A6CC2E47774442952714B5B6841E41.tmp' to 'C:/Users/danny/Desktop/Systems_Sandbox/Systems_Sandbox/Saved/Autosaves/Game/WeaponSystem/Actor/WeaponSystem_BP_Auto1.uasset'
[2019.10.16-00.28.49:911][978]OBJ SavePackage: Generating thumbnails for [0] asset(s) in package [/Game/WeaponSystem/ActorComps/weapComp_Port] ([1] browsable assets)...
[2019.10.16-00.28.49:911][978]OBJ SavePackage: Finished generating thumbnails for package [/Game/WeaponSystem/ActorComps/weapComp_Port]
[2019.10.16-00.28.49:946][978]LogSavePackage: Moving 'C:/Users/danny/Desktop/Systems_Sandbox/Systems_Sandbox/Saved/weapComp_Port_Auto16EEAFD3444A4BE47FBF5D88BB449C7EF.tmp' to 'C:/Users/danny/Desktop/Systems_Sandbox/Systems_Sandbox/Saved/Autosaves/Game/WeaponSystem/ActorComps/weapComp_Port_Auto1.uasset'
[2019.10.16-00.28.49:948][978]LogFileHelpers: Auto-saving content packages took 0.423
[2019.10.16-00.29.21:580][212]LogSlate: Took 0.004566 seconds to synchronously load lazily loaded font '../../../Engine/Content/Slate/Fonts/Roboto-BoldCondensedItalic.ttf' (160K)
[2019.10.16-00.29.37:263][133]BlueprintLog: New page: Compile weapComp_Port
[2019.10.16-00.29.37:541][133]LogUObjectHash: Compacting FUObjectHashTables data took   5.23ms
[2019.10.16-00.29.38:299][176]LogSlate: Prevented a slow task dialog from being summoned while a context menu was open
[2019.10.16-00.29.40:510][306]BlueprintLog: New page: Compile weapComp_Port
[2019.10.16-00.29.40:771][306]LogUObjectHash: Compacting FUObjectHashTables data took   4.58ms
[2019.10.16-00.29.41:766][363]LogSlate: Prevented a slow task dialog from being summoned while a context menu was open
[2019.10.16-00.29.43:864][487]LogSlate: Prevented a slow task dialog from being summoned while a context menu was open
[2019.10.16-00.29.45:158][559]BlueprintLog: New page: Compile weapComp_Port
[2019.10.16-00.29.45:427][559]LogUObjectHash: Compacting FUObjectHashTables data took   4.76ms
[2019.10.16-00.29.53:560][ 37]BlueprintLog: New page: Compile weapComp_Port
[2019.10.16-00.29.53:569][ 37]LogProperty: Warning: Serialized Class /Script/Engine.BlueprintGeneratedClass for a property of BlueprintGeneratedClass /Game/WeaponSystem/ActorComps/modCompCondtional.modCompCondtional_C. Reference will be nullptred.
    Property = ObjectProperty /Game/WeaponSystem/ActorComps/weapComp_Port.weapComp_Port_C:NewVar_0
    Item = BlueprintGeneratedClass /Game/WeaponSystem/WeaponCompInstances/CondtionalForMag.CondtionalForMag_C
[2019.10.16-00.29.53:570][ 37]LogProperty: Warning: Serialized Class /Script/Engine.BlueprintGeneratedClass for a property of BlueprintGeneratedClass /Game/WeaponSystem/ActorComps/modCompCondtional.modCompCondtional_C. Reference will be nullptred.
    Property = ObjectProperty /Game/WeaponSystem/ActorComps/weapComp_Port.weapComp_Port_C:NewVar_0
    Item = BlueprintGeneratedClass /Game/WeaponSystem/WeaponCompInstances/CondtionalForMag.CondtionalForMag_C
[2019.10.16-00.29.53:826][ 37]LogUObjectHash: Compacting FUObjectHashTables data took   5.63ms
[2019.10.16-00.30.00:845][432]BlueprintLog: New page: Compile weapComp_Port
[2019.10.16-00.30.01:120][432]LogUObjectHash: Compacting FUObjectHashTables data took   3.98ms
[2019.10.16-00.30.01:779][469]LogSlate: Prevented a slow task dialog from being summoned while a context menu was open
[2019.10.16-00.30.04:002][600]BlueprintLog: New page: Compile weapComp_Port
[2019.10.16-00.30.04:265][600]LogUObjectHash: Compacting FUObjectHashTables data took   4.30ms
[2019.10.16-00.30.13:907][169]BlueprintLog: New page: Compile weapComp_Port
[2019.10.16-00.30.14:177][169]LogUObjectHash: Compacting FUObjectHashTables data took   5.70ms
[2019.10.16-00.38.50:506][802]LogUObjectHash: Compacting FUObjectHashTables data took   4.13ms
[2019.10.16-00.38.50:816][802]LogSavePackage: Moving 'C:/Users/danny/Desktop/Systems_Sandbox/Systems_Sandbox/Saved/FirstPersonExampleMap_Auto26DCD5CEE4438A2DE5755898F8FAC2BB2.tmp' to 'C:/Users/danny/Desktop/Systems_Sandbox/Systems_Sandbox/Saved/Autosaves/Game/FirstPersonBP/Maps/FirstPersonExampleMap_Auto2.umap'
[2019.10.16-00.38.50:823][802]LogFileHelpers: Editor autosave (incl. sublevels) for '/Game/FirstPersonBP/Maps/FirstPersonExampleMap' took 0.378
[2019.10.16-00.38.50:823][802]LogFileHelpers: Editor autosave (incl. sublevels) for all levels took 0.378
[2019.10.16-00.38.50:826][802]OBJ SavePackage: Generating thumbnails for [0] asset(s) in package [/Game/WeaponSystem/Actor/WeaponSystem_BP] ([1] browsable assets)...
[2019.10.16-00.38.50:826][802]OBJ SavePackage: Finished generating thumbnails for package [/Game/WeaponSystem/Actor/WeaponSystem_BP]
[2019.10.16-00.38.51:092][802]LogSavePackage: Moving 'C:/Users/danny/Desktop/Systems_Sandbox/Systems_Sandbox/Saved/WeaponSystem_BP_Auto22DA9856043327950AFC6519AA0AB7E6D.tmp' to 'C:/Users/danny/Desktop/Systems_Sandbox/Systems_Sandbox/Saved/Autosaves/Game/WeaponSystem/Actor/WeaponSystem_BP_Auto2.uasset'
[2019.10.16-00.38.51:094][802]OBJ SavePackage: Generating thumbnails for [0] asset(s) in package [/Game/WeaponSystem/WeaponCompInstances/Feedport] ([1] browsable assets)...
[2019.10.16-00.38.51:094][802]OBJ SavePackage: Finished generating thumbnails for package [/Game/WeaponSystem/WeaponCompInstances/Feedport]
[2019.10.16-00.38.51:120][802]LogSavePackage: Moving 'C:/Users/danny/Desktop/Systems_Sandbox/Systems_Sandbox/Saved/Feedport_Auto227E8C30E4D5DF331DE91F6B3468265CA.tmp' to 'C:/Users/danny/Desktop/Systems_Sandbox/Systems_Sandbox/Saved/Autosaves/Game/WeaponSystem/WeaponCompInstances/Feedport_Auto2.uasset'
[2019.10.16-00.38.51:121][802]OBJ SavePackage: Generating thumbnails for [0] asset(s) in package [/Game/WeaponSystem/ActorComps/weapComp_Port] ([1] browsable assets)...
[2019.10.16-00.38.51:122][802]OBJ SavePackage: Finished generating thumbnails for package [/Game/WeaponSystem/ActorComps/weapComp_Port]
[2019.10.16-00.38.51:150][802]LogSavePackage: Moving 'C:/Users/danny/Desktop/Systems_Sandbox/Systems_Sandbox/Saved/weapComp_Port_Auto28EB5D80E4CBF562FD7D02DA361AA6F43.tmp' to 'C:/Users/danny/Desktop/Systems_Sandbox/Systems_Sandbox/Saved/Autosaves/Game/WeaponSystem/ActorComps/weapComp_Port_Auto2.uasset'
[2019.10.16-00.38.51:151][802]LogFileHelpers: Auto-saving content packages took 0.326
[2019.10.16-04.00.47:229][312]LogUObjectHash: Compacting FUObjectHashTables data took   2.82ms
[2019.10.16-04.00.47:302][312]LogUObjectHash: Compacting FUObjectHashTables data took   0.86ms
[2019.10.16-04.00.47:668][312]LogSavePackage: Moving 'C:/Users/danny/Desktop/Systems_Sandbox/Systems_Sandbox/Saved/FirstPersonExampleMapE7AA2E8D47BCCF6394E71BB1D7779967.tmp' to 'C:/Users/danny/Desktop/Systems_Sandbox/Systems_Sandbox/Content/FirstPersonBP/Maps/FirstPersonExampleMap.umap'
[2019.10.16-04.00.47:711][312]LogFileHelpers: Saving map 'FirstPersonExampleMap' took 0.466
[2019.10.16-04.00.47:714][312]Cmd: OBJ SAVEPACKAGE PACKAGE="/Game/WeaponSystem/Actor/WeaponSystem_BP" FILE="C:/Users/danny/Desktop/Systems_Sandbox/Systems_Sandbox/Content/WeaponSystem/Actor/WeaponSystem_BP.uasset" SILENT=true
[2019.10.16-04.00.47:991][312]LogSavePackage: Moving 'C:/Users/danny/Desktop/Systems_Sandbox/Systems_Sandbox/Saved/WeaponSystem_BPE77BDB41470784CB03C67486A67A520F.tmp' to 'C:/Users/danny/Desktop/Systems_Sandbox/Systems_Sandbox/Content/WeaponSystem/Actor/WeaponSystem_BP.uasset'
[2019.10.16-04.00.48:044][312]LogSavePackage: Moving 'C:/Users/danny/Desktop/Systems_Sandbox/Systems_Sandbox/Saved/FeedportC8FF0F6844699DE18A4FC08DD9AC35F6.tmp' to 'C:/Users/danny/Desktop/Systems_Sandbox/Systems_Sandbox/Content/WeaponSystem/WeaponCompInstances/Feedport.uasset'
[2019.10.16-04.00.48:054][312]Cmd: OBJ SAVEPACKAGE PACKAGE="/Game/WeaponSystem/ActorComps/weapComp_Port" FILE="C:/Users/danny/Desktop/Systems_Sandbox/Systems_Sandbox/Content/WeaponSystem/ActorComps/weapComp_Port.uasset" SILENT=true
[2019.10.16-04.00.48:094][312]LogSavePackage: Moving 'C:/Users/danny/Desktop/Systems_Sandbox/Systems_Sandbox/Saved/weapComp_PortE9DD2E8542B7192338AD1FAEC29A3C4C.tmp' to 'C:/Users/danny/Desktop/Systems_Sandbox/Systems_Sandbox/Content/WeaponSystem/ActorComps/weapComp_Port.uasset'
[2019.10.16-04.42.38:025][884]LogUObjectHash: Compacting FUObjectHashTables data took   3.75ms
[2019.10.16-04.42.38:461][884]LogSlate: Window 'weapComp_Port' being destroyed
[2019.10.16-04.42.38:500][884]LogSlate: Window 'Toolbar' being destroyed
[2019.10.16-04.42.38:617][884]LogSlate: Window 'Systems_Sandbox - Unreal Editor' being destroyed
[2019.10.16-04.42.38:617][884]LogWindowsTextInputMethodSystem: Display: IME system now deactivated.
[2019.10.16-04.42.38:681][885]Cmd: QUIT_EDITOR
[2019.10.16-04.42.39:427][885]LogExit: Preparing to exit.
[2019.10.16-04.42.39:753][885]LogExit: Editor shut down
[2019.10.16-04.42.39:753][885]LogExit: Transaction tracking system shut down
[2019.10.16-04.42.40:032][885]LogExit: Object subsystem successfully closed.
[2019.10.16-04.42.40:053][885]LogShaderCompilers: Display: Shaders left to compile 0
[2019.10.16-04.42.40:058][885]LogD3D11RHI: Shutdown
[2019.10.16-04.42.40:058][885]LogD3D11RHI: CleanupD3DDevice
[2019.10.16-04.42.40:059][885]LogRendererCore: FGlobalReadBuffer::ReleaseRHI
[2019.10.16-04.42.40:059][885]LogRendererCore: FGlobalDynamicReadBuffer::Cleanup()
[2019.10.16-04.42.40:059][885]LogRendererCore: FGlobalReadBuffer::ReleaseRHI
[2019.10.16-04.42.40:059][885]LogRendererCore: FGlobalDynamicReadBuffer::Cleanup()
[2019.10.16-04.42.40:059][885]LogRendererCore: FGlobalReadBuffer::ReleaseRHI
[2019.10.16-04.42.40:059][885]LogRendererCore: FGlobalDynamicReadBuffer::Cleanup()
[2019.10.16-04.42.40:195][885]LogD3D11RHI: ~FD3D11DynamicRHI
[2019.10.16-04.42.40:208][885]LogModuleManager: Shutting down and abandoning module MovieSceneCapture (650)
[2019.10.16-04.42.40:208][885]LogModuleManager: Shutting down and abandoning module Voice (648)
[2019.10.16-04.42.40:208][885]LogModuleManager: Shutting down and abandoning module BlueprintGraph (646)
[2019.10.16-04.42.40:208][885]LogModuleManager: Shutting down and abandoning module HierarchicalLODOutliner (644)
[2019.10.16-04.42.40:208][885]LogModuleManager: Shutting down and abandoning module AddContentDialog (642)
[2019.10.16-04.42.40:208][885]LogModuleManager: Shutting down and abandoning module WidgetCarousel (641)
[2019.10.16-04.42.40:208][885]LogModuleManager: Shutting down and abandoning module CollectionManager (638)
[2019.10.16-04.42.40:209][885]LogModuleManager: Shutting down and abandoning module SceneOutliner (636)
[2019.10.16-04.42.40:209][885]LogModuleManager: Shutting down and abandoning module EditorWidgets (634)
[2019.10.16-04.42.40:209][885]LogModuleManager: Shutting down and abandoning module StatsViewer (632)
[2019.10.16-04.42.40:209][885]LogModuleManager: Shutting down and abandoning module FoliageEdit (630)
[2019.10.16-04.42.40:209][885]LogModuleManager: Shutting down and abandoning module LandscapeEditor (628)
[2019.10.16-04.42.40:209][885]LogModuleManager: Shutting down and abandoning module MeshPaintMode (626)
[2019.10.16-04.42.40:209][885]LogModuleManager: Shutting down and abandoning module SceneDepthPickerMode (624)
[2019.10.16-04.42.40:209][885]LogModuleManager: Shutting down and abandoning module ActorPickerMode (622)
[2019.10.16-04.42.40:209][885]LogModuleManager: Shutting down and abandoning module GeometryMode (620)
[2019.10.16-04.42.40:209][885]LogModuleManager: Shutting down and abandoning module TextureAlignMode (618)
[2019.10.16-04.42.40:209][885]LogModuleManager: Shutting down and abandoning module BspMode (616)
[2019.10.16-04.42.40:209][885]LogModuleManager: Shutting down and abandoning module PIEPreviewDeviceProfileSelector (614)
[2019.10.16-04.42.40:209][885]LogModuleManager: Shutting down and abandoning module SequenceRecorderSections (612)
[2019.10.16-04.42.40:209][885]LogModuleManager: Shutting down and abandoning module AutomationWorker (610)
[2019.10.16-04.42.40:209][885]LogModuleManager: Shutting down and abandoning module OculusMR (608)
[2019.10.16-04.42.40:209][885]LogModuleManager: Shutting down and abandoning module AudioCaptureEditor (606)
[2019.10.16-04.42.40:209][885]LogModuleManager: Shutting down and abandoning module MatineeToLevelSequence (604)
[2019.10.16-04.42.40:209][885]LogModuleManager: Shutting down and abandoning module LevelSequenceEditor (602)
[2019.10.16-04.42.40:209][885]LogModuleManager: Shutting down and abandoning module PlacementMode (601)
[2019.10.16-04.42.40:209][885]LogModuleManager: Shutting down and abandoning module MaterialEditor (600)
[2019.10.16-04.42.40:209][885]LogModuleManager: Shutting down and abandoning module ActorSequenceEditor (596)
[2019.10.16-04.42.40:209][885]LogModuleManager: Shutting down and abandoning module WmfMediaFactory (594)
[2019.10.16-04.42.40:209][885]LogModuleManager: Shutting down and abandoning module WmfMediaEditor (592)
[2019.10.16-04.42.40:209][885]LogModuleManager: Shutting down and abandoning module WebMMediaFactory (590)
[2019.10.16-04.42.40:209][885]LogModuleManager: Shutting down and abandoning module WebMMediaEditor (588)
[2019.10.16-04.42.40:209][885]LogModuleManager: Shutting down and abandoning module WebMMedia (586)
[2019.10.16-04.42.40:209][885]LogModuleManager: Shutting down and abandoning module MediaPlayerEditor (584)
[2019.10.16-04.42.40:209][885]LogModuleManager: Shutting down and abandoning module MediaCompositingEditor (582)
[2019.10.16-04.42.40:209][885]LogModuleManager: Shutting down and abandoning module SequenceRecorder (581)
[2019.10.16-04.42.40:209][885]LogModuleManager: Shutting down and abandoning module OpenExrWrapper (578)
[2019.10.16-04.42.40:209][885]LogModuleManager: Shutting down and abandoning module ImgMediaFactory (576)
[2019.10.16-04.42.40:209][885]LogModuleManager: Shutting down and abandoning module ImgMediaEditor (574)
[2019.10.16-04.42.40:209][885]LogModuleManager: Shutting down and abandoning module AvfMediaFactory (572)
[2019.10.16-04.42.40:209][885]LogModuleManager: Shutting down and abandoning module AvfMediaEditor (570)
[2019.10.16-04.42.40:209][885]LogModuleManager: Shutting down and abandoning module AndroidMediaFactory (568)
[2019.10.16-04.42.40:209][885]LogModuleManager: Shutting down and abandoning module AndroidMediaEditor (566)
[2019.10.16-04.42.40:209][885]LogModuleManager: Shutting down and abandoning module MagicLeapCameraPreviewFactory (564)
[2019.10.16-04.42.40:209][885]LogModuleManager: Shutting down and abandoning module MagicLeapMediaCodecFactory (562)
[2019.10.16-04.42.40:209][885]LogModuleManager: Shutting down and abandoning module MagicLeapMediaFactory (560)
[2019.10.16-04.42.40:209][885]LogModuleManager: Shutting down and abandoning module MagicLeapMediaEditor (558)
[2019.10.16-04.42.40:209][885]LogModuleManager: Shutting down and abandoning module CharacterAI (556)
[2019.10.16-04.42.40:210][885]LogModuleManager: Shutting down and abandoning module SmartSnapping (554)
[2019.10.16-04.42.40:210][885]LogModuleManager: Shutting down and abandoning module SessionServices (552)
[2019.10.16-04.42.40:210][885]LogModuleManager: Shutting down and abandoning module MeshPaint (550)
[2019.10.16-04.42.40:210][885]LogModuleManager: Shutting down and abandoning module ViewportSnapping (548)
[2019.10.16-04.42.40:210][885]LogModuleManager: Shutting down and abandoning module ViewportInteraction (546)
[2019.10.16-04.42.40:210][885]LogModuleManager: Shutting down and abandoning module ClothPainter (544)
[2019.10.16-04.42.40:210][885]LogModuleManager: Shutting down and abandoning module SkeletalMeshEditor (543)
[2019.10.16-04.42.40:210][885]LogModuleManager: Shutting down and abandoning module LogVisualizer (540)
[2019.10.16-04.42.40:210][885]LogModuleManager: Shutting down and abandoning module IntroTutorials (538)
[2019.10.16-04.42.40:210][885]LogModuleManager: Shutting down and abandoning module GameProjectGeneration (537)
[2019.10.16-04.42.40:210][885]LogModuleManager: Shutting down and abandoning module LuminPlatformEditor (534)
[2019.10.16-04.42.40:210][885]LogModuleManager: Shutting down and abandoning module IOSPlatformEditor (532)
[2019.10.16-04.42.40:210][885]LogModuleManager: Shutting down and abandoning module HTML5PlatformEditor (530)
[2019.10.16-04.42.40:210][885]LogModuleManager: Shutting down and abandoning module AndroidPlatformEditor (528)
[2019.10.16-04.42.40:210][885]LogModuleManager: Shutting down and abandoning module AndroidDeviceDetection (527)
[2019.10.16-04.42.40:822][885]LogModuleManager: Shutting down and abandoning module WindowsPlatformEditor (524)
[2019.10.16-04.42.40:822][885]LogModuleManager: Shutting down and abandoning module LuminRuntimeSettings (522)
[2019.10.16-04.42.40:822][885]LogModuleManager: Shutting down and abandoning module IOSRuntimeSettings (520)
[2019.10.16-04.42.40:822][885]LogModuleManager: Shutting down and abandoning module AndroidRuntimeSettings (518)
[2019.10.16-04.42.40:822][885]LogModuleManager: Shutting down and abandoning module TimeManagementEditor (516)
[2019.10.16-04.42.40:822][885]LogModuleManager: Shutting down and abandoning module InputBindingEditor (514)
[2019.10.16-04.42.40:822][885]LogModuleManager: Shutting down and abandoning module MergeActors (512)
[2019.10.16-04.42.40:822][885]LogModuleManager: Shutting down and abandoning module LocalizationDashboard (510)
[2019.10.16-04.42.40:822][885]LogModuleManager: Shutting down and abandoning module LocalizationService (509)
[2019.10.16-04.42.40:823][885]LogModuleManager: Shutting down and abandoning module HardwareTargeting (506)
[2019.10.16-04.42.40:823][885]LogModuleManager: Shutting down and abandoning module DeviceProfileEditor (504)
[2019.10.16-04.42.40:823][885]LogModuleManager: Shutting down and abandoning module UndoHistory (502)
[2019.10.16-04.42.40:823][885]LogModuleManager: Shutting down and abandoning module XmlParser (500)
[2019.10.16-04.42.40:823][885]LogModuleManager: Shutting down and abandoning module Blutility (498)
[2019.10.16-04.42.40:823][885]LogModuleManager: Shutting down and abandoning module ProjectSettingsViewer (496)
[2019.10.16-04.42.40:823][885]LogModuleManager: Shutting down and abandoning module ProjectTargetPlatformEditor (495)
[2019.10.16-04.42.40:823][885]LogModuleManager: Shutting down and abandoning module EditorSettingsViewer (492)
[2019.10.16-04.42.40:823][885]LogModuleManager: Shutting down and abandoning module SettingsEditor (490)
[2019.10.16-04.42.40:823][885]LogModuleManager: Shutting down and abandoning module ProjectLauncher (488)
[2019.10.16-04.42.40:823][885]LogModuleManager: Shutting down and abandoning module SessionFrontend (486)
[2019.10.16-04.42.40:823][885]LogModuleManager: Shutting down and abandoning module ProfilerClient (484)
[2019.10.16-04.42.40:823][885]LogModuleManager: Shutting down and abandoning module DeviceManager (482)
[2019.10.16-04.42.40:823][885]LogModuleManager: Shutting down and abandoning module TargetDeviceServices (481)
[2019.10.16-04.42.40:867][885]LogModuleManager: Shutting down and abandoning module AutomationController (478)
[2019.10.16-04.42.40:867][885]LogModuleManager: Shutting down and abandoning module AutomationWindow (476)
[2019.10.16-04.42.40:867][885]LogModuleManager: Shutting down and abandoning module Layers (474)
[2019.10.16-04.42.40:867][885]LogModuleManager: Shutting down and abandoning module ComponentVisualizers (472)
[2019.10.16-04.42.40:867][885]LogModuleManager: Shutting down and abandoning module DetailCustomizations (470)
[2019.10.16-04.42.40:867][885]LogModuleManager: Shutting down and abandoning module PackagesDialog (468)
[2019.10.16-04.42.40:867][885]LogModuleManager: Shutting down and abandoning module AnimationBlueprintEditor (466)
[2019.10.16-04.42.40:867][885]LogModuleManager: Shutting down and abandoning module Persona (464)
[2019.10.16-04.42.40:867][885]LogModuleManager: Shutting down and abandoning module AdvancedPreviewScene (463)
[2019.10.16-04.42.40:867][885]LogModuleManager: Shutting down and abandoning module AnimGraph (461)
[2019.10.16-04.42.40:867][885]LogModuleManager: Shutting down and abandoning module Kismet (458)
[2019.10.16-04.42.40:876][885]LogModuleManager: Shutting down and abandoning module GraphEditor (456)
[2019.10.16-04.42.40:876][885]LogModuleManager: Shutting down and abandoning module ClassViewer (454)
[2019.10.16-04.42.40:878][885]LogModuleManager: Shutting down and abandoning module Toolbox (452)
[2019.10.16-04.42.40:878][885]LogModuleManager: Shutting down and abandoning module DesktopPlatform (451)
[2019.10.16-04.42.40:878][885]LogModuleManager: Shutting down and abandoning module ModuleUI (448)
[2019.10.16-04.42.40:878][885]LogModuleManager: Shutting down and abandoning module MovieSceneTools (446)
[2019.10.16-04.42.40:878][885]LogModuleManager: Shutting down and abandoning module OutputLog (444)
[2019.10.16-04.42.40:878][885]LogModuleManager: Shutting down and abandoning module GammaUI (442)
[2019.10.16-04.42.40:878][885]LogModuleManager: Shutting down and abandoning module Documentation (440)
[2019.10.16-04.42.40:878][885]LogModuleManager: Shutting down and abandoning module LiveCoding (438)
[2019.10.16-04.42.40:878][885]LogModuleManager: Shutting down and abandoning module LevelSequence (436)
[2019.10.16-04.42.40:878][885]LogModuleManager: Shutting down and abandoning module MovieSceneTracks (434)
[2019.10.16-04.42.40:878][885]LogModuleManager: Shutting down and abandoning module MovieScene (432)
[2019.10.16-04.42.40:878][885]LogModuleManager: Shutting down and abandoning module StreamingPauseRendering (430)
[2019.10.16-04.42.40:878][885]LogModuleManager: Shutting down and abandoning module LauncherPlatform (428)
[2019.10.16-04.42.40:878][885]LogModuleManager: Shutting down and abandoning module AnalyticsET (426)
[2019.10.16-04.42.40:878][885]LogModuleManager: Shutting down and abandoning module PortalServices (424)
[2019.10.16-04.42.40:878][885]LogModuleManager: Shutting down and abandoning module PortalRpc (422)
[2019.10.16-04.42.40:878][885]LogModuleManager: Shutting down and abandoning module MessagingRpc (420)
[2019.10.16-04.42.40:878][885]LogModuleManager: Shutting down and abandoning module AIModule (418)
[2019.10.16-04.42.40:878][885]LogModuleManager: Shutting down and abandoning module GameplayDebugger (417)
[2019.10.16-04.42.40:879][885]LogModuleManager: Shutting down and abandoning module AITestSuite (415)
[2019.10.16-04.42.40:879][885]LogModuleManager: Shutting down and abandoning module NavigationSystem (413)
[2019.10.16-04.42.40:879][885]LogModuleManager: Shutting down and abandoning module ImageWriteQueue (410)
[2019.10.16-04.42.40:882][885]LogModuleManager: Shutting down and abandoning module ProfilerService (408)
[2019.10.16-04.42.41:016][885]LogModuleManager: Shutting down and abandoning module TaskGraph (406)
[2019.10.16-04.42.41:016][885]LogModuleManager: Shutting down and abandoning module SteamVRController (404)
[2019.10.16-04.42.41:016][885]LogModuleManager: Shutting down and abandoning module ProceduralMeshComponentEditor (402)
[2019.10.16-04.42.41:016][885]LogModuleManager: Shutting down and abandoning module ProceduralMeshComponent (400)
[2019.10.16-04.42.41:016][885]LogModuleManager: Shutting down and abandoning module OculusEditor (398)
[2019.10.16-04.42.41:016][885]LogModuleManager: Shutting down and abandoning module OculusInput (396)
[2019.10.16-04.42.41:016][885]LogModuleManager: Shutting down and abandoning module MobilePatchingUtils (394)
[2019.10.16-04.42.41:017][885]LogModuleManager: Shutting down and abandoning module EditableMesh (392)
[2019.10.16-04.42.41:017][885]LogModuleManager: Shutting down and abandoning module CustomMeshComponent (390)
[2019.10.16-04.42.41:017][885]LogModuleManager: Shutting down and abandoning module CableComponent (388)
[2019.10.16-04.42.41:017][885]LogModuleManager: Shutting down and abandoning module AudioCapture (386)
[2019.10.16-04.42.41:017][885]LogModuleManager: Shutting down and abandoning module ArchVisCharacter (384)
[2019.10.16-04.42.41:017][885]LogModuleManager: Shutting down and abandoning module AndroidPermission (382)
[2019.10.16-04.42.41:017][885]LogModuleManager: Shutting down and abandoning module NUTUnrealEngine4 (380)
[2019.10.16-04.42.41:017][885]LogModuleManager: Shutting down and abandoning module NetcodeUnitTest (378)
[2019.10.16-04.42.41:017][885]LogModuleManager: Shutting down and abandoning module MediaCompositing (376)
[2019.10.16-04.42.41:017][885]LogModuleManager: Shutting down and abandoning module LinearTimecode (374)
[2019.10.16-04.42.41:017][885]LogModuleManager: Shutting down and abandoning module ImgMedia (372)
[2019.10.16-04.42.41:017][885]LogModuleManager: Shutting down and abandoning module MagicLeapHelperVulkan (370)
[2019.10.16-04.42.41:017][885]LogModuleManager: Shutting down and abandoning module MagicLeapHelperOpenGL (368)
[2019.10.16-04.42.41:017][885]LogModuleManager: Shutting down and abandoning module MagicLeapAudio (366)
[2019.10.16-04.42.41:017][885]LogModuleManager: Shutting down and abandoning module HTML5Networking (364)
[2019.10.16-04.42.41:017][885]LogModuleManager: Shutting down and abandoning module GeometryCacheTracks (362)
[2019.10.16-04.42.41:017][885]LogModuleManager: Shutting down and abandoning module GeometryCacheSequencer (360)
[2019.10.16-04.42.41:017][885]LogModuleManager: Shutting down and abandoning module BackChannel (358)
[2019.10.16-04.42.41:017][885]LogModuleManager: Shutting down and abandoning module AppleVision (356)
[2019.10.16-04.42.41:017][885]LogModuleManager: Shutting down and abandoning module AppleImageUtilsBlueprintSupport (354)
[2019.10.16-04.42.41:017][885]LogModuleManager: Shutting down and abandoning module AppleImageUtils (352)
[2019.10.16-04.42.41:017][885]LogModuleManager: Shutting down and abandoning module AlembicImporter (350)
[2019.10.16-04.42.41:017][885]LogModuleManager: Shutting down and abandoning module AlembicLibrary (349)
[2019.10.16-04.42.41:017][885]LogModuleManager: Shutting down and abandoning module GeometryCache (348)
[2019.10.16-04.42.41:017][885]LogModuleManager: Shutting down and abandoning module GeometryCacheEd (347)
[2019.10.16-04.42.41:017][885]LogModuleManager: Shutting down and abandoning module VariantManagerContent (342)
[2019.10.16-04.42.41:017][885]LogModuleManager: Shutting down and abandoning module DatasmithContentEditor (340)
[2019.10.16-04.42.41:017][885]LogModuleManager: Shutting down and abandoning module SpeedTreeImporter (338)
[2019.10.16-04.42.41:017][885]LogModuleManager: Shutting down and abandoning module PluginBrowser (336)
[2019.10.16-04.42.41:017][885]LogModuleManager: Shutting down and abandoning module MobileLauncherProfileWizard (334)
[2019.10.16-04.42.41:017][885]LogModuleManager: Shutting down and abandoning module MaterialAnalyzer (332)
[2019.10.16-04.42.41:017][885]LogModuleManager: Shutting down and abandoning module CryptoKeysOpenSSL (330)
[2019.10.16-04.42.41:017][885]LogModuleManager: Shutting down and abandoning module CryptoKeys (328)
[2019.10.16-04.42.41:017][885]LogModuleManager: Shutting down and abandoning module VisualStudioSourceCodeAccess (326)
[2019.10.16-04.42.41:017][885]LogModuleManager: Shutting down and abandoning module VisualStudioCodeSourceCodeAccess (324)
[2019.10.16-04.42.41:017][885]LogModuleManager: Shutting down and abandoning module UObjectPlugin (322)
[2019.10.16-04.42.41:017][885]LogModuleManager: Shutting down and abandoning module SubversionSourceControl (320)
[2019.10.16-04.42.41:017][885]LogModuleManager: Shutting down and abandoning module PerforceSourceControl (318)
[2019.10.16-04.42.41:017][885]LogModuleManager: Shutting down and abandoning module GitSourceControl (316)
[2019.10.16-04.42.41:017][885]LogModuleManager: Shutting down and abandoning module SourceControl (315)
[2019.10.16-04.42.41:017][885]LogModuleManager: Shutting down and abandoning module CLionSourceCodeAccess (312)
[2019.10.16-04.42.41:017][885]LogModuleManager: Shutting down and abandoning module AnimationSharingEd (310)
[2019.10.16-04.42.41:017][885]LogModuleManager: Shutting down and abandoning module ActorLayerUtilitiesEditor (308)
[2019.10.16-04.42.41:017][885]LogModuleManager: Shutting down and abandoning module ActorLayerUtilities (306)
[2019.10.16-04.42.41:017][885]LogModuleManager: Shutting down and abandoning module LightPropagationVolumeEditor (304)
[2019.10.16-04.42.41:018][885]LogModuleManager: Shutting down and abandoning module PaperTiledImporter (302)
[2019.10.16-04.42.41:018][885]LogModuleManager: Shutting down and abandoning module PaperSpriteSheetImporter (300)
[2019.10.16-04.42.41:018][885]LogModuleManager: Shutting down and abandoning module Paper2DEditor (298)
[2019.10.16-04.42.41:018][885]LogModuleManager: Shutting down and abandoning module Systems_Sandbox (296)
[2019.10.16-04.42.41:018][885]LogModuleManager: Shutting down and abandoning module SignificanceManager (294)
[2019.10.16-04.42.41:018][885]LogModuleManager: Shutting down and abandoning module RuntimePhysXCooking (292)
[2019.10.16-04.42.41:018][885]LogModuleManager: Shutting down and abandoning module PhysXVehiclesEditor (290)
[2019.10.16-04.42.41:018][885]LogModuleManager: Shutting down and abandoning module PhysXVehicles (288)
[2019.10.16-04.42.41:018][885]LogModuleManager: Shutting down and abandoning module LocationServicesBPLibrary (286)
[2019.10.16-04.42.41:018][885]LogModuleManager: Shutting down and abandoning module ActorSequence (284)
[2019.10.16-04.42.41:018][885]LogModuleManager: Shutting down and abandoning module UdpMessaging (282)
[2019.10.16-04.42.41:119][885]LogModuleManager: Shutting down and abandoning module TcpMessaging (280)
[2019.10.16-04.42.41:219][885]LogModuleManager: Shutting down and abandoning module MagicLeapIdentity (278)
[2019.10.16-04.42.41:219][885]LogModuleManager: Shutting down and abandoning module MagicLeapSecureStorage (276)
[2019.10.16-04.42.41:219][885]LogModuleManager: Shutting down and abandoning module MagicLeapHandTracking (274)
[2019.10.16-04.42.41:219][885]LogModuleManager: Shutting down and abandoning module MagicLeapEyeTracker (272)
[2019.10.16-04.42.41:219][885]LogModuleManager: Shutting down and abandoning module MagicLeapController (270)
[2019.10.16-04.42.41:219][885]LogSlate: Slate User Destroyed.  User Index 0, Is Virtual User: 0
[2019.10.16-04.42.41:219][885]LogModuleManager: Shutting down and abandoning module MagicLeapAR (268)
[2019.10.16-04.42.41:219][885]LogModuleManager: Shutting down and abandoning module AugmentedReality (267)
[2019.10.16-04.42.41:219][885]LogModuleManager: Shutting down and abandoning module GameplayTagsEditor (264)
[2019.10.16-04.42.41:219][885]LogModuleManager: Shutting down and abandoning module FacialAnimationEditor (262)
[2019.10.16-04.42.41:219][885]LogModuleManager: Shutting down and abandoning module FacialAnimation (260)
[2019.10.16-04.42.41:219][885]LogModuleManager: Shutting down and abandoning module DataValidation (258)
[2019.10.16-04.42.41:219][885]LogModuleManager: Shutting down and abandoning module AssetManagerEditor (256)
[2019.10.16-04.42.41:219][885]LogModuleManager: Shutting down and abandoning module LevelEditor (255)
[2019.10.16-04.42.41:220][885]LogModuleManager: Shutting down and abandoning module PixelInspectorModule (254)
[2019.10.16-04.42.41:220][885]LogModuleManager: Shutting down and abandoning module CommonMenuExtensions (252)
[2019.10.16-04.42.41:220][885]LogModuleManager: Shutting down and abandoning module MainFrame (250)
[2019.10.16-04.42.41:220][885]LogModuleManager: Shutting down and abandoning module HotReload (249)
[2019.10.16-04.42.41:220][885]LogModuleManager: Shutting down and abandoning module ContentBrowser (245)
[2019.10.16-04.42.41:221][885]LogModuleManager: Shutting down and abandoning module TreeMap (243)
[2019.10.16-04.42.41:222][885]LogModuleManager: Shutting down and abandoning module AnimationSharing (240)
[2019.10.16-04.42.41:222][885]LogModuleManager: Shutting down and abandoning module LightPropagationVolumeRuntime (238)
[2019.10.16-04.42.41:222][885]LogModuleManager: Shutting down and abandoning module AISupportModule (236)
[2019.10.16-04.42.41:222][885]LogModuleManager: Shutting down and abandoning module Paper2D (234)
[2019.10.16-04.42.41:222][885]LogModuleManager: Shutting down and abandoning module WindowsMoviePlayer (232)
[2019.10.16-04.42.41:222][885]LogModuleManager: Shutting down and abandoning module WebMMoviePlayer (230)
[2019.10.16-04.42.41:222][885]LogModuleManager: Shutting down and abandoning module PacketHandler (228)
[2019.10.16-04.42.41:222][885]LogModuleManager: Shutting down and abandoning module ClothingSystemEditor (226)
[2019.10.16-04.42.41:222][885]LogModuleManager: Shutting down and abandoning module ClothingSystemRuntime (224)
[2019.10.16-04.42.41:222][885]LogModuleManager: Shutting down and abandoning module MediaAssets (222)
[2019.10.16-04.42.41:222][885]LogModuleManager: Shutting down and abandoning module Overlay (220)
[2019.10.16-04.42.41:222][885]LogModuleManager: Shutting down and abandoning module OverlayEditor (219)
[2019.10.16-04.42.41:222][885]LogModuleManager: Shutting down and abandoning module VREditor (216)
[2019.10.16-04.42.41:222][885]LogModuleManager: Shutting down and abandoning module StringTableEditor (214)
[2019.10.16-04.42.41:222][885]LogModuleManager: Shutting down and abandoning module GameplayTasksEditor (212)
[2019.10.16-04.42.41:222][885]LogModuleManager: Shutting down and abandoning module BehaviorTreeEditor (210)
[2019.10.16-04.42.41:222][885]LogModuleManager: Shutting down and abandoning module FunctionalTesting (208)
[2019.10.16-04.42.41:222][885]LogModuleManager: Shutting down and abandoning module CollisionAnalyzer (206)
[2019.10.16-04.42.41:222][885]LogModuleManager: Shutting down and abandoning module WorkspaceMenuStructure (205)
[2019.10.16-04.42.41:222][885]LogModuleManager: Shutting down and abandoning module UMG (202)
[2019.10.16-04.42.41:222][885]LogModuleManager: Shutting down and abandoning module UMGEditor (201)
[2019.10.16-04.42.41:222][885]LogModuleManager: Shutting down and abandoning module Sequencer (200)
[2019.10.16-04.42.41:222][885]LogModuleManager: Shutting down and abandoning module MessageLog (197)
[2019.10.16-04.42.41:222][885]LogModuleManager: Shutting down and abandoning module SlateReflector (192)
[2019.10.16-04.42.41:222][885]LogModuleManager: Shutting down and abandoning module Slate (190)
[2019.10.16-04.42.41:222][885]LogModuleManager: Shutting down and abandoning module EditorStyle (188)
[2019.10.16-04.42.41:224][885]LogModuleManager: Shutting down and abandoning module UnrealEd (186)
[2019.10.16-04.42.41:224][885]LogModuleManager: Shutting down and abandoning module MRMesh (184)
[2019.10.16-04.42.41:224][885]LogModuleManager: Shutting down and abandoning module SourceCodeAccess (182)
[2019.10.16-04.42.41:224][885]LogModuleManager: Shutting down and abandoning module HeadMountedDisplay (180)
[2019.10.16-04.42.41:224][885]LogModuleManager: Shutting down and abandoning module XAudio2 (178)
[2019.10.16-04.42.41:224][885]LogModuleManager: Shutting down and abandoning module Networking (176)
[2019.10.16-04.42.41:224][885]LogModuleManager: Shutting down and abandoning module Core (174)
[2019.10.16-04.42.41:224][885]LogModuleManager: Shutting down and abandoning module KismetCompiler (172)
[2019.10.16-04.42.41:224][885]LogModuleManager: Shutting down and abandoning module MeshUtilities (170)
[2019.10.16-04.42.41:224][885]LogModuleManager: Shutting down and abandoning module MeshMergeUtilities (169)
[2019.10.16-04.42.41:224][885]LogModuleManager: Shutting down and abandoning module MeshReductionInterface (168)
[2019.10.16-04.42.41:224][885]LogModuleManager: Shutting down and abandoning module SkeletalMeshReduction (167)
[2019.10.16-04.42.41:224][885]LogModuleManager: Shutting down and abandoning module ProxyLODMeshReduction (165)
[2019.10.16-04.42.41:224][885]LogModuleManager: Shutting down and abandoning module QuadricMeshReduction (163)
[2019.10.16-04.42.41:224][885]LogModuleManager: Shutting down and abandoning module MaterialBaking (159)
[2019.10.16-04.42.41:224][885]LogModuleManager: Shutting down and abandoning module DerivedDataCache (154)
[2019.10.16-04.42.41:300][885]LogDerivedDataCache: Shutdown
[2019.10.16-04.42.41:300][885]LogModuleManager: Shutting down and abandoning module XGEController (152)
[2019.10.16-04.42.41:300][885]LogModuleManager: Shutting down and abandoning module TargetPlatform (150)
[2019.10.16-04.42.41:300][885]LogModuleManager: Shutting down and abandoning module VulkanShaderFormat (149)
[2019.10.16-04.42.41:300][885]LogModuleManager: Shutting down and abandoning module ShaderFormatVectorVM (147)
[2019.10.16-04.42.41:300][885]LogModuleManager: Shutting down and abandoning module ShaderFormatOpenGL (145)
[2019.10.16-04.42.41:300][885]LogModuleManager: Shutting down and abandoning module ShaderFormatD3D (143)
[2019.10.16-04.42.41:300][885]LogModuleManager: Shutting down and abandoning module MetalShaderFormat (141)
[2019.10.16-04.42.41:300][885]LogModuleManager: Shutting down and abandoning module TextureFormatUncompressed (139)
[2019.10.16-04.42.41:300][885]LogModuleManager: Shutting down and abandoning module TextureFormatPVR (137)
[2019.10.16-04.42.41:301][885]LogModuleManager: Shutting down and abandoning module TextureFormatDXT (135)
[2019.10.16-04.42.41:301][885]LogModuleManager: Shutting down and abandoning module TextureFormatIntelISPCTexComp (133)
[2019.10.16-04.42.41:301][885]LogModuleManager: Shutting down and abandoning module TextureFormatASTC (131)
[2019.10.16-04.42.41:301][885]LogModuleManager: Shutting down and abandoning module ImageWrapper (130)
[2019.10.16-04.42.41:301][885]LogModuleManager: Shutting down and abandoning module TextureFormatAndroid (127)
[2019.10.16-04.42.41:301][885]LogModuleManager: Shutting down and abandoning module AudioFormatOpus (125)
[2019.10.16-04.42.41:301][885]LogModuleManager: Shutting down and abandoning module AudioFormatOgg (123)
[2019.10.16-04.42.41:301][885]LogModuleManager: Shutting down and abandoning module AudioFormatADPCM (121)
[2019.10.16-04.42.41:301][885]LogModuleManager: Shutting down and abandoning module LuminTargetPlatform (119)
[2019.10.16-04.42.41:304][885]LogModuleManager: Shutting down and abandoning module LinuxTargetPlatform (117)
[2019.10.16-04.42.41:304][885]LogModuleManager: Shutting down and abandoning module LinuxServerTargetPlatform (115)
[2019.10.16-04.42.41:304][885]LogModuleManager: Shutting down and abandoning module LinuxNoEditorTargetPlatform (113)
[2019.10.16-04.42.41:304][885]LogModuleManager: Shutting down and abandoning module LinuxClientTargetPlatform (111)
[2019.10.16-04.42.41:304][885]LogModuleManager: Shutting down and abandoning module TVOSTargetPlatform (109)
[2019.10.16-04.42.41:306][885]LogModuleManager: Shutting down and abandoning module Messaging (107)
[2019.10.16-04.42.41:306][885]LogModuleManager: Shutting down and abandoning module IOSTargetPlatform (105)
[2019.10.16-04.42.41:307][885]LogModuleManager: Shutting down and abandoning module HTML5TargetPlatform (103)
[2019.10.16-04.42.41:307][885]LogModuleManager: Shutting down and abandoning module AndroidTargetPlatform (101)
[2019.10.16-04.42.41:322][885]LogModuleManager: Shutting down and abandoning module WindowsTargetPlatform (99)
[2019.10.16-04.42.41:322][885]LogModuleManager: Shutting down and abandoning module WindowsServerTargetPlatform (97)
[2019.10.16-04.42.41:322][885]LogModuleManager: Shutting down and abandoning module WindowsNoEditorTargetPlatform (95)
[2019.10.16-04.42.41:323][885]LogModuleManager: Shutting down and abandoning module WindowsClientTargetPlatform (93)
[2019.10.16-04.42.41:323][885]LogModuleManager: Shutting down and abandoning module MacTargetPlatform (91)
[2019.10.16-04.42.41:323][885]LogModuleManager: Shutting down and abandoning module MacServerTargetPlatform (89)
[2019.10.16-04.42.41:323][885]LogModuleManager: Shutting down and abandoning module MacNoEditorTargetPlatform (87)
[2019.10.16-04.42.41:323][885]LogModuleManager: Shutting down and abandoning module MacClientTargetPlatform (85)
[2019.10.16-04.42.41:323][885]LogModuleManager: Shutting down and abandoning module AllDesktopTargetPlatform (83)
[2019.10.16-04.42.41:323][885]LogModuleManager: Shutting down and abandoning module InputCore (80)
[2019.10.16-04.42.41:323][885]LogModuleManager: Shutting down and abandoning module Settings (78)
[2019.10.16-04.42.41:323][885]LogModuleManager: Shutting down and abandoning module DirectoryWatcher (76)
[2019.10.16-04.42.41:323][885]LogModuleManager: Shutting down and abandoning module PhysXCooking (74)
[2019.10.16-04.42.41:323][885]LogModuleManager: Shutting down and abandoning module SteamVR (72)
[2019.10.16-04.42.41:323][885]LogHMD: Freeing OpenVRDLLHandle.
[2019.10.16-04.42.41:323][885]LogModuleManager: Shutting down and abandoning module OculusHMD (70)
[2019.10.16-04.42.41:323][885]LogModuleManager: Shutting down and abandoning module ExampleDeviceProfileSelector (68)
[2019.10.16-04.42.41:323][885]LogModuleManager: Shutting down and abandoning module LauncherChunkInstaller (66)
[2019.10.16-04.42.41:323][885]LogModuleManager: Shutting down and abandoning module OnlineBlueprintSupport (64)
[2019.10.16-04.42.41:323][885]LogModuleManager: Shutting down and abandoning module OnlineSubsystem (60)
[2019.10.16-04.42.41:324][885]LogModuleManager: Shutting down and abandoning module XMPP (55)
[2019.10.16-04.42.41:324][885]LogModuleManager: Shutting down and abandoning module WebSockets (54)
[2019.10.16-04.42.41:327][885]LogModuleManager: Shutting down and abandoning module HTTP (51)
[2019.10.16-04.42.41:327][885]LogHttp: Display: Http module shutting down, but needs to wait on 2 outstanding Http requests:
[2019.10.16-04.42.41:327][885]LogHttp: Display: 	verb=[POST] url=[https://datarouter.ol.epicgames.com/datarouter/api/v1/public/data?SessionID=%7B2EFE6DCF-47F5-8ADC-4E45-33912C78C290%7D&AppID=UEEditor.Rocket.Release&AppVersion=4.22.3-7053642%2B%2B%2BUE4%2BRelease-4.22&UserID=00819556409e18e3f6717ab01550a1c3%7C4189fef67e57406088c8c78838cc1a4f%7Cb91a0d1d-f291-41b7-8881-48a40c55c360&AppEnvironment=datacollector-binary&UploadType=eteventstream] status=Processing
[2019.10.16-04.42.41:327][885]LogHttp: Display: 	verb=[POST] url=[https://datarouter.ol.epicgames.com/datarouter/api/v1/public/data?SessionID=%7B2EFE6DCF-47F5-8ADC-4E45-33912C78C290%7D&AppID=UEEditor.Rocket.Release&AppVersion=4.22.3-7053642%2B%2B%2BUE4%2BRelease-4.22&UserID=00819556409e18e3f6717ab01550a1c3%7C4189fef67e57406088c8c78838cc1a4f%7Cb91a0d1d-f291-41b7-8881-48a40c55c360&AppEnvironment=datacollector-binary&UploadType=eteventstream] status=Processing
[2019.10.16-04.42.41:344][885]LogModuleManager: Shutting down and abandoning module SSL (50)
[2019.10.16-04.42.41:346][885]LogModuleManager: Shutting down and abandoning module WmfMedia (46)
[2019.10.16-04.42.41:347][885]LogModuleManager: Shutting down and abandoning module Media (45)
[2019.10.16-04.42.41:353][885]LogModuleManager: Shutting down and abandoning module MagicLeap (42)
[2019.10.16-04.42.41:354][885]LogModuleManager: Shutting down and abandoning module DatasmithContent (40)
[2019.10.16-04.42.41:354][885]LogModuleManager: Shutting down and abandoning module AnimationModifiers (38)
[2019.10.16-04.42.41:354][885]LogModuleManager: Shutting down and abandoning module PropertyEditor (37)
[2019.10.16-04.42.41:355][885]LogModuleManager: Shutting down and abandoning module AudioEditor (34)
[2019.10.16-04.42.41:355][885]LogModuleManager: Shutting down and abandoning module TextureCompressor (32)
[2019.10.16-04.42.41:355][885]LogModuleManager: Shutting down and abandoning module RenderCore (30)
[2019.10.16-04.42.41:355][885]LogModuleManager: Shutting down and abandoning module Landscape (28)
[2019.10.16-04.42.41:355][885]LogModuleManager: Shutting down and abandoning module SlateRHIRenderer (26)
[2019.10.16-04.42.41:357][885]LogModuleManager: Shutting down and abandoning module OpenGLDrv (24)
[2019.10.16-04.42.41:357][885]LogModuleManager: Shutting down and abandoning module D3D11RHI (22)
[2019.10.16-04.42.41:357][885]LogModuleManager: Shutting down and abandoning module AnimGraphRuntime (20)
[2019.10.16-04.42.41:357][885]LogModuleManager: Shutting down and abandoning module Renderer (18)
[2019.10.16-04.42.41:357][885]LogModuleManager: Shutting down and abandoning module Engine (16)
[2019.10.16-04.42.41:357][885]LogModuleManager: Shutting down and abandoning module CoreUObject (14)
[2019.10.16-04.42.41:357][885]LogModuleManager: Shutting down and abandoning module NetworkFile (12)
[2019.10.16-04.42.41:358][885]LogModuleManager: Shutting down and abandoning module CookedIterativeFile (10)
[2019.10.16-04.42.41:358][885]LogModuleManager: Shutting down and abandoning module StreamingFile (8)
[2019.10.16-04.42.41:358][885]LogModuleManager: Shutting down and abandoning module SandboxFile (6)
[2019.10.16-04.42.41:358][885]LogModuleManager: Shutting down and abandoning module PakFile (4)
[2019.10.16-04.42.41:358][885]LogModuleManager: Shutting down and abandoning module RSA (3)
[2019.10.16-04.42.41:368][885]LogExit: Exiting.
[2019.10.16-04.42.41:374][885]Log file closed, 10/15/19 21:42:41
