Log file open, 05/16/20 13:57:55
LogWindows: Failed to load 'aqProf.dll' (GetLastError=126)
LogWindows: File 'aqProf.dll' does not exist
LogWindows: Failed to load 'VtuneApi.dll' (GetLastError=126)
LogWindows: File 'VtuneApi.dll' does not exist
LogWindows: Failed to load 'VtuneApi32e.dll' (GetLastError=126)
LogWindows: File 'VtuneApi32e.dll' does not exist
LogConsoleResponse: Display: Failed to find resolution value strings in scalability ini. Falling back to default.
LogInit: Display: Running engine for game: Systems_Sandbox
LogPakFile: Registered encryption key '00000000000000000000000000000000': 0 pak files mounted, 0 remain pending
LogPlatformFile: Not using cached read wrapper
LogTaskGraph: Started task graph with 5 named threads and 23 total threads with 3 sets of task threads.
LogStats: Stats thread started at 0.287166
LogD3D11RHI: Loaded GFSDK_Aftermath_Lib.x64.dll
LogICUInternationalization: ICU TimeZone Detection - Raw Offset: -8:00, Platform Override: ''
LogPluginManager: Mounting plugin Paper2D
LogPluginManager: Mounting plugin AISupport
LogPluginManager: Mounting plugin LightPropagationVolume
LogPluginManager: Mounting plugin ActorLayerUtilities
LogPluginManager: Mounting plugin AnimationSharing
LogPluginManager: Mounting plugin CLionSourceCodeAccess
LogPluginManager: Mounting plugin CodeLiteSourceCodeAccess
LogPluginManager: Mounting plugin GitSourceControl
LogPluginManager: Mounting plugin KDevelopSourceCodeAccess
LogPluginManager: Mounting plugin NullSourceCodeAccess
LogPluginManager: Mounting plugin PerforceSourceControl
LogPluginManager: Mounting plugin SubversionSourceControl
LogPluginManager: Mounting plugin UObjectPlugin
LogPluginManager: Mounting plugin VisualStudioCodeSourceCodeAccess
LogPluginManager: Mounting plugin VisualStudioSourceCodeAccess
LogPluginManager: Mounting plugin XCodeSourceCodeAccess
LogPluginManager: Mounting plugin AssetManagerEditor
LogPluginManager: Mounting plugin CryptoKeys
LogPluginManager: Mounting plugin DataValidation
LogPluginManager: Mounting plugin FacialAnimation
LogPluginManager: Mounting plugin GameplayTagsEditor
LogPluginManager: Mounting plugin MacGraphicsSwitching
LogPluginManager: Mounting plugin MaterialAnalyzer
LogPluginManager: Mounting plugin MobileLauncherProfileWizard
LogPluginManager: Mounting plugin PluginBrowser
LogPluginManager: Mounting plugin SpeedTreeImporter
LogPluginManager: Mounting plugin DatasmithContent
LogPluginManager: Mounting plugin VariantManagerContent
LogPluginManager: Mounting plugin AlembicImporter
LogPluginManager: Mounting plugin AppleImageUtils
LogPluginManager: Mounting plugin AppleVision
LogPluginManager: Mounting plugin BackChannel
LogPluginManager: Mounting plugin CharacterAI
LogPluginManager: Mounting plugin GeometryCache
LogPluginManager: Mounting plugin HTML5Networking
LogPluginManager: Mounting plugin ProxyLODPlugin
LogPluginManager: Mounting plugin SkeletalReduction
LogPluginManager: Mounting plugin MagicLeap
LogPluginManager: Mounting plugin MagicLeapMedia
LogPluginManager: Mounting plugin AndroidMedia
LogPluginManager: Mounting plugin AvfMedia
LogPluginManager: Mounting plugin ImgMedia
LogPluginManager: Mounting plugin LinearTimecode
LogPluginManager: Mounting plugin MediaCompositing
LogPluginManager: Mounting plugin MediaPlayerEditor
LogPluginManager: Mounting plugin WebMMedia
LogPluginManager: Mounting plugin WmfMedia
LogPluginManager: Mounting plugin TcpMessaging
LogPluginManager: Mounting plugin UdpMessaging
LogPluginManager: Mounting plugin ActorSequence
LogPluginManager: Mounting plugin LevelSequenceEditor
LogPluginManager: Mounting plugin MatineeToLevelSequence
LogPluginManager: Mounting plugin NetcodeUnitTest
LogPluginManager: Mounting plugin NUTUnrealEngine4
LogPluginManager: Mounting plugin OnlineSubsystemGooglePlay
LogPluginManager: Mounting plugin OnlineSubsystemIOS
LogPluginManager: Mounting plugin OnlineSubsystem
LogPluginManager: Mounting plugin OnlineSubsystemNull
LogPluginManager: Mounting plugin OnlineSubsystemUtils
LogPluginManager: Mounting plugin LauncherChunkInstaller
LogPluginManager: Mounting plugin AndroidDeviceProfileSelector
LogPluginManager: Mounting plugin AndroidMoviePlayer
LogPluginManager: Mounting plugin AndroidPermission
LogPluginManager: Mounting plugin AppleMoviePlayer
LogPluginManager: Mounting plugin ArchVisCharacter
LogPluginManager: Mounting plugin AudioCapture
LogPluginManager: Mounting plugin CableComponent
LogPluginManager: Mounting plugin CustomMeshComponent
LogPluginManager: Mounting plugin EditableMesh
LogPluginManager: Mounting plugin ExampleDeviceProfileSelector
LogPluginManager: Mounting plugin Firebase
LogPluginManager: Mounting plugin GoogleCloudMessaging
LogPluginManager: Mounting plugin IOSDeviceProfileSelector
LogPluginManager: Mounting plugin LinuxDeviceProfileSelector
LogPluginManager: Mounting plugin LocationServicesBPLibrary
LogPluginManager: Mounting plugin MobilePatchingUtils
LogPluginManager: Mounting plugin OculusVR
LogPluginManager: Mounting plugin PhysXVehicles
LogPluginManager: Mounting plugin ProceduralMeshComponent
LogPluginManager: Mounting plugin RuntimePhysXCooking
LogPluginManager: Mounting plugin SignificanceManager
LogPluginManager: Mounting plugin SteamVR
LogPluginManager: Mounting plugin WebMMoviePlayer
LogPluginManager: Mounting plugin WindowsMoviePlayer
LogInit: Using libcurl 7.55.1-DEV
LogInit:  - built for x86_64-pc-win32
LogInit:  - supports SSL with OpenSSL/1.1.1
LogInit:  - supports HTTP deflate (compression) using libz 1.2.8
LogInit:  - other features:
LogInit:      CURL_VERSION_SSL
LogInit:      CURL_VERSION_LIBZ
LogInit:      CURL_VERSION_IPV6
LogInit:      CURL_VERSION_ASYNCHDNS
LogInit:      CURL_VERSION_LARGEFILE
LogInit:      CURL_VERSION_IDN
LogInit:  CurlRequestOptions (configurable via config and command line):
LogInit:  - bVerifyPeer = true  - Libcurl will verify peer certificate
LogInit:  - bUseHttpProxy = false  - Libcurl will NOT use HTTP proxy
LogInit:  - bDontReuseConnections = false  - Libcurl will reuse connections
LogInit:  - MaxHostConnections = 16  - Libcurl will limit the number of connections to a host
LogInit:  - LocalHostAddr = Default
LogInit:  - BufferSize = 65536
LogInit: WinSock: version 1.1 (2.2), MaxSocks=32767, MaxUdp=65467
LogInit: Build: ++UE4+Release-4.22-CL-7053642
LogInit: Engine Version: 4.22.3-7053642+++UE4+Release-4.22
LogInit: Compatible Engine Version: 4.22.0-5660361+++UE4+Release-4.22
LogInit: Net CL: 5660361
LogInit: OS: Windows 10 (Release 1909) (), CPU: Intel(R) Core(TM) i7-7700HQ CPU @ 2.80GHz, GPU: Intel(R) HD Graphics 630
LogInit: Compiled (64-bit): Jun 18 2019 03:09:11
LogInit: Compiled with Visual C++: 19.16.27025.01
LogInit: Build Configuration: Development
LogInit: Branch Name: ++UE4+Release-4.22
LogInit: Command Line: 
LogInit: Base Directory: D:/EpicGames/UE_4.22/Engine/Binaries/Win64/
LogInit: Installed Engine Build: 1
LogDevObjectVersion: Number of dev versions registered: 23
LogDevObjectVersion:   Dev-Blueprints (B0D832E4-1F89-4F0D-ACCF-7EB736FD4AA2): 10
LogDevObjectVersion:   Dev-Build (E1C64328-A22C-4D53-A36C-8E866417BD8C): 0
LogDevObjectVersion:   Dev-Core (375EC13C-06E4-48FB-B500-84F0262A717E): 3
LogDevObjectVersion:   Dev-Editor (E4B068ED-F494-42E9-A231-DA0B2E46BB41): 30
LogDevObjectVersion:   Dev-Framework (CFFC743F-43B0-4480-9391-14DF171D2073): 35
LogDevObjectVersion:   Dev-Mobile (B02B49B5-BB20-44E9-A304-32B752E40360): 2
LogDevObjectVersion:   Dev-Networking (A4E4105C-59A1-49B5-A7C5-40C4547EDFEE): 0
LogDevObjectVersion:   Dev-Online (39C831C9-5AE6-47DC-9A44-9C173E1C8E7C): 0
LogDevObjectVersion:   Dev-Physics (78F01B33-EBEA-4F98-B9B4-84EACCB95AA2): 0
LogDevObjectVersion:   Dev-Platform (6631380F-2D4D-43E0-8009-CF276956A95A): 0
LogDevObjectVersion:   Dev-Rendering (12F88B9F-8875-4AFC-A67C-D90C383ABD29): 28
LogDevObjectVersion:   Dev-Sequencer (7B5AE74C-D270-4C10-A958-57980B212A5A): 11
LogDevObjectVersion:   Dev-VR (D7296918-1DD6-4BDD-9DE2-64A83CC13884): 2
LogDevObjectVersion:   Dev-LoadTimes (C2A15278-BFE7-4AFE-6C17-90FF531DF755): 1
LogDevObjectVersion:   Private-Geometry (6EACA3D4-40EC-4CC1-B786-8BED09428FC5): 3
LogDevObjectVersion:   Dev-AnimPhys (29E575DD-E0A3-4627-9D10-D276232CDCEA): 17
LogDevObjectVersion:   Dev-Anim (AF43A65D-7FD3-4947-9873-3E8ED9C1BB05): 2
LogDevObjectVersion:   Dev-ReflectionCapture (6B266CEC-1EC7-4B8F-A30B-E4D90942FC07): 1
LogDevObjectVersion:   Dev-Automation (0DF73D61-A23F-47EA-B727-89E90C41499A): 1
LogDevObjectVersion:   FortniteMain (601D1886-AC64-4F84-AA16-D3DE0DEAC7D6): 25
LogDevObjectVersion:   Dev-Enterprise (9DFFBCD6-494F-0158-E221-12823C92A888): 6
LogDevObjectVersion:   Dev-Niagara (F2AED0AC-9AFE-416F-8664-AA7FFA26D6FC): 1
LogDevObjectVersion:   Dev-Destruction (174F1F0B-B4C6-45A5-B13F-2EE8D0FB917D): 2
LogInit: Presizing for max 16777216 objects, including 0 objects not considered by GC, pre-allocating 0 bytes for permanent pool.
LogInit: Object subsystem initialized
LogConfig: Setting CVar [[con.DebugEarlyDefault:1]]
LogConfig: Setting CVar [[r.setres:1280x720]]
[2020.05.16-20.57.56:073][  0]LogConfig: Setting CVar [[r.VSync:0]]
[2020.05.16-20.57.56:073][  0]LogConfig: Setting CVar [[r.RHICmdBypass:0]]
[2020.05.16-20.57.56:073][  0]LogConfig: Applying CVar settings from Section [/Script/Engine.RendererSettings] File [C:/Users/danny/Desktop/Systems_Sandbox/Systems_Sandbox/Saved/Config/Windows/Engine.ini]
[2020.05.16-20.57.56:073][  0]LogConfig: Setting CVar [[r.GPUCrashDebugging:0]]
[2020.05.16-20.57.56:073][  0]LogConfig: Applying CVar settings from Section [/Script/Engine.RendererOverrideSettings] File [C:/Users/danny/Desktop/Systems_Sandbox/Systems_Sandbox/Saved/Config/Windows/Engine.ini]
[2020.05.16-20.57.56:073][  0]LogConfig: Applying CVar settings from Section [/Script/Engine.StreamingSettings] File [C:/Users/danny/Desktop/Systems_Sandbox/Systems_Sandbox/Saved/Config/Windows/Engine.ini]
[2020.05.16-20.57.56:073][  0]LogConfig: Setting CVar [[s.MinBulkDataSizeForAsyncLoading:131072]]
[2020.05.16-20.57.56:073][  0]LogConfig: Setting CVar [[s.AsyncLoadingThreadEnabled:0]]
[2020.05.16-20.57.56:073][  0]LogConfig: Setting CVar [[s.EventDrivenLoaderEnabled:1]]
[2020.05.16-20.57.56:073][  0]LogConfig: Setting CVar [[s.WarnIfTimeLimitExceeded:0]]
[2020.05.16-20.57.56:073][  0]LogConfig: Setting CVar [[s.TimeLimitExceededMultiplier:1.5]]
[2020.05.16-20.57.56:073][  0]LogConfig: Setting CVar [[s.TimeLimitExceededMinTime:0.005]]
[2020.05.16-20.57.56:073][  0]LogConfig: Setting CVar [[s.UseBackgroundLevelStreaming:1]]
[2020.05.16-20.57.56:073][  0]LogConfig: Setting CVar [[s.PriorityAsyncLoadingExtraTime:15.0]]
[2020.05.16-20.57.56:073][  0]LogConfig: Setting CVar [[s.LevelStreamingActorsUpdateTimeLimit:5.0]]
[2020.05.16-20.57.56:073][  0]LogConfig: Setting CVar [[s.PriorityLevelStreamingActorsUpdateExtraTime:5.0]]
[2020.05.16-20.57.56:073][  0]LogConfig: Setting CVar [[s.LevelStreamingComponentsRegistrationGranularity:10]]
[2020.05.16-20.57.56:073][  0]LogConfig: Setting CVar [[s.UnregisterComponentsTimeLimit:1.0]]
[2020.05.16-20.57.56:073][  0]LogConfig: Setting CVar [[s.LevelStreamingComponentsUnregistrationGranularity:5]]
[2020.05.16-20.57.56:073][  0]LogConfig: Applying CVar settings from Section [/Script/Engine.GarbageCollectionSettings] File [C:/Users/danny/Desktop/Systems_Sandbox/Systems_Sandbox/Saved/Config/Windows/Engine.ini]
[2020.05.16-20.57.56:073][  0]LogConfig: Setting CVar [[gc.MaxObjectsNotConsideredByGC:1]]
[2020.05.16-20.57.56:073][  0]LogConfig: Setting CVar [[gc.SizeOfPermanentObjectPool:0]]
[2020.05.16-20.57.56:073][  0]LogConfig: Setting CVar [[gc.FlushStreamingOnGC:0]]
[2020.05.16-20.57.56:073][  0]LogConfig: Setting CVar [[gc.NumRetriesBeforeForcingGC:10]]
[2020.05.16-20.57.56:073][  0]LogConfig: Setting CVar [[gc.AllowParallelGC:1]]
[2020.05.16-20.57.56:073][  0]LogConfig: Setting CVar [[gc.TimeBetweenPurgingPendingKillObjects:61.1]]
[2020.05.16-20.57.56:073][  0]LogConfig: Setting CVar [[gc.MaxObjectsInEditor:16777216]]
[2020.05.16-20.57.56:073][  0]LogConfig: Setting CVar [[gc.IncrementalBeginDestroyEnabled:1]]
[2020.05.16-20.57.56:073][  0]LogConfig: Setting CVar [[gc.CreateGCClusters:1]]
[2020.05.16-20.57.56:073][  0]LogConfig: Setting CVar [[gc.MinGCClusterSize:5]]
[2020.05.16-20.57.56:073][  0]LogConfig: Setting CVar [[gc.ActorClusteringEnabled:0]]
[2020.05.16-20.57.56:073][  0]LogConfig: Setting CVar [[gc.BlueprintClusteringEnabled:0]]
[2020.05.16-20.57.56:073][  0]LogConfig: Setting CVar [[gc.UseDisregardForGCOnDedicatedServers:0]]
[2020.05.16-20.57.56:073][  0]LogConfig: Applying CVar settings from Section [/Script/Engine.NetworkSettings] File [C:/Users/danny/Desktop/Systems_Sandbox/Systems_Sandbox/Saved/Config/Windows/Engine.ini]
[2020.05.16-20.57.56:073][  0]LogConfig: Applying CVar settings from Section [/Script/UnrealEd.CookerSettings] File [C:/Users/danny/Desktop/Systems_Sandbox/Systems_Sandbox/Saved/Config/Windows/Engine.ini]
[2020.05.16-20.57.56:076][  0]LogConfig: Applying CVar settings from Section [ViewDistanceQuality@3] File [C:/Users/danny/Desktop/Systems_Sandbox/Systems_Sandbox/Saved/Config/Windows/Scalability.ini]
[2020.05.16-20.57.56:076][  0]LogConfig: Setting CVar [[r.SkeletalMeshLODBias:0]]
[2020.05.16-20.57.56:076][  0]LogConfig: Setting CVar [[r.ViewDistanceScale:1.0]]
[2020.05.16-20.57.56:076][  0]LogConfig: Applying CVar settings from Section [AntiAliasingQuality@3] File [C:/Users/danny/Desktop/Systems_Sandbox/Systems_Sandbox/Saved/Config/Windows/Scalability.ini]
[2020.05.16-20.57.56:076][  0]LogConfig: Setting CVar [[r.PostProcessAAQuality:4]]
[2020.05.16-20.57.56:076][  0]LogConfig: Applying CVar settings from Section [ShadowQuality@3] File [C:/Users/danny/Desktop/Systems_Sandbox/Systems_Sandbox/Saved/Config/Windows/Scalability.ini]
[2020.05.16-20.57.56:076][  0]LogConfig: Setting CVar [[r.LightFunctionQuality:1]]
[2020.05.16-20.57.56:076][  0]LogConfig: Setting CVar [[r.ShadowQuality:5]]
[2020.05.16-20.57.56:076][  0]LogConfig: Setting CVar [[r.Shadow.CSM.MaxCascades:10]]
[2020.05.16-20.57.56:076][  0]LogConfig: Setting CVar [[r.Shadow.MaxResolution:2048]]
[2020.05.16-20.57.56:076][  0]LogConfig: Setting CVar [[r.Shadow.MaxCSMResolution:2048]]
[2020.05.16-20.57.56:076][  0]LogConfig: Setting CVar [[r.Shadow.RadiusThreshold:0.01]]
[2020.05.16-20.57.56:076][  0]LogConfig: Setting CVar [[r.Shadow.DistanceScale:1.0]]
[2020.05.16-20.57.56:076][  0]LogConfig: Setting CVar [[r.Shadow.CSM.TransitionScale:1.0]]
[2020.05.16-20.57.56:076][  0]LogConfig: Setting CVar [[r.Shadow.PreShadowResolutionFactor:1.0]]
[2020.05.16-20.57.56:076][  0]LogConfig: Setting CVar [[r.DistanceFieldShadowing:1]]
[2020.05.16-20.57.56:076][  0]LogConfig: Setting CVar [[r.DistanceFieldAO:1]]
[2020.05.16-20.57.56:076][  0]LogConfig: Setting CVar [[r.AOQuality:2]]
[2020.05.16-20.57.56:076][  0]LogConfig: Setting CVar [[r.VolumetricFog:1]]
[2020.05.16-20.57.56:076][  0]LogConfig: Setting CVar [[r.VolumetricFog.GridPixelSize:8]]
[2020.05.16-20.57.56:076][  0]LogConfig: Setting CVar [[r.VolumetricFog.GridSizeZ:128]]
[2020.05.16-20.57.56:076][  0]LogConfig: Setting CVar [[r.VolumetricFog.HistoryMissSupersampleCount:4]]
[2020.05.16-20.57.56:076][  0]LogConfig: Setting CVar [[r.LightMaxDrawDistanceScale:1]]
[2020.05.16-20.57.56:076][  0]LogConfig: Setting CVar [[r.CapsuleShadows:1]]
[2020.05.16-20.57.56:076][  0]LogConfig: Applying CVar settings from Section [PostProcessQuality@3] File [C:/Users/danny/Desktop/Systems_Sandbox/Systems_Sandbox/Saved/Config/Windows/Scalability.ini]
[2020.05.16-20.57.56:076][  0]LogConfig: Setting CVar [[r.MotionBlurQuality:4]]
[2020.05.16-20.57.56:076][  0]LogConfig: Setting CVar [[r.AmbientOcclusionMipLevelFactor:0.4]]
[2020.05.16-20.57.56:076][  0]LogConfig: Setting CVar [[r.AmbientOcclusionMaxQuality:100]]
[2020.05.16-20.57.56:076][  0]LogConfig: Setting CVar [[r.AmbientOcclusionLevels:-1]]
[2020.05.16-20.57.56:076][  0]LogConfig: Setting CVar [[r.AmbientOcclusionRadiusScale:1.0]]
[2020.05.16-20.57.56:076][  0]LogConfig: Setting CVar [[r.DepthOfFieldQuality:2]]
[2020.05.16-20.57.56:076][  0]LogConfig: Setting CVar [[r.RenderTargetPoolMin:400]]
[2020.05.16-20.57.56:076][  0]LogConfig: Setting CVar [[r.LensFlareQuality:2]]
[2020.05.16-20.57.56:076][  0]LogConfig: Setting CVar [[r.SceneColorFringeQuality:1]]
[2020.05.16-20.57.56:076][  0]LogConfig: Setting CVar [[r.EyeAdaptationQuality:2]]
[2020.05.16-20.57.56:076][  0]LogConfig: Setting CVar [[r.BloomQuality:5]]
[2020.05.16-20.57.56:076][  0]LogConfig: Setting CVar [[r.FastBlurThreshold:100]]
[2020.05.16-20.57.56:076][  0]LogConfig: Setting CVar [[r.Upscale.Quality:3]]
[2020.05.16-20.57.56:076][  0]LogConfig: Setting CVar [[r.Tonemapper.GrainQuantization:1]]
[2020.05.16-20.57.56:076][  0]LogConfig: Setting CVar [[r.LightShaftQuality:1]]
[2020.05.16-20.57.56:076][  0]LogConfig: Setting CVar [[r.Filter.SizeScale:1]]
[2020.05.16-20.57.56:076][  0]LogConfig: Setting CVar [[r.Tonemapper.Quality:5]]
[2020.05.16-20.57.56:076][  0]LogConfig: Setting CVar [[r.DOF.Gather.AccumulatorQuality:1        ; higher gathering accumulator quality]]
[2020.05.16-20.57.56:076][  0]LogConfig: Setting CVar [[r.DOF.Gather.PostfilterMethod:1          ; Median3x3 postfilering method]]
[2020.05.16-20.57.56:076][  0]LogConfig: Setting CVar [[r.DOF.Gather.EnableBokehSettings:0       ; no bokeh simulation when gathering]]
[2020.05.16-20.57.56:077][  0]LogConfig: Setting CVar [[r.DOF.Gather.RingCount:4                 ; medium number of samples when gathering]]
[2020.05.16-20.57.56:077][  0]LogConfig: Setting CVar [[r.DOF.Scatter.ForegroundCompositing:1    ; additive foreground scattering]]
[2020.05.16-20.57.56:077][  0]LogConfig: Setting CVar [[r.DOF.Scatter.BackgroundCompositing:2    ; additive background scattering]]
[2020.05.16-20.57.56:077][  0]LogConfig: Setting CVar [[r.DOF.Scatter.EnableBokehSettings:1      ; bokeh simulation when scattering]]
[2020.05.16-20.57.56:077][  0]LogConfig: Setting CVar [[r.DOF.Scatter.MaxSpriteRatio:0.1         ; only a maximum of 10% of scattered bokeh]]
[2020.05.16-20.57.56:077][  0]LogConfig: Setting CVar [[r.DOF.Recombine.Quality:1                ; cheap slight out of focus]]
[2020.05.16-20.57.56:077][  0]LogConfig: Setting CVar [[r.DOF.Recombine.EnableBokehSettings:0    ; no bokeh simulation on slight out of focus]]
[2020.05.16-20.57.56:077][  0]LogConfig: Setting CVar [[r.DOF.TemporalAAQuality:1                ; more stable temporal accumulation]]
[2020.05.16-20.57.56:077][  0]LogConfig: Setting CVar [[r.DOF.Kernel.MaxForegroundRadius:0.025]]
[2020.05.16-20.57.56:077][  0]LogConfig: Setting CVar [[r.DOF.Kernel.MaxBackgroundRadius:0.025]]
[2020.05.16-20.57.56:077][  0]LogConfig: Applying CVar settings from Section [TextureQuality@3] File [C:/Users/danny/Desktop/Systems_Sandbox/Systems_Sandbox/Saved/Config/Windows/Scalability.ini]
[2020.05.16-20.57.56:077][  0]LogConfig: Setting CVar [[r.Streaming.MipBias:0]]
[2020.05.16-20.57.56:077][  0]LogConfig: Setting CVar [[r.Streaming.AmortizeCPUToGPUCopy:0]]
[2020.05.16-20.57.56:077][  0]LogConfig: Setting CVar [[r.Streaming.MaxNumTexturesToStreamPerFrame:0]]
[2020.05.16-20.57.56:077][  0]LogConfig: Setting CVar [[r.Streaming.Boost:1]]
[2020.05.16-20.57.56:077][  0]LogConfig: Setting CVar [[r.MaxAnisotropy:8]]
[2020.05.16-20.57.56:077][  0]LogConfig: Setting CVar [[r.Streaming.LimitPoolSizeToVRAM:0]]
[2020.05.16-20.57.56:077][  0]LogConfig: Setting CVar [[r.Streaming.PoolSize:1000]]
[2020.05.16-20.57.56:077][  0]LogConfig: Setting CVar [[r.Streaming.MaxEffectiveScreenSize:0]]
[2020.05.16-20.57.56:077][  0]LogConfig: Applying CVar settings from Section [EffectsQuality@3] File [C:/Users/danny/Desktop/Systems_Sandbox/Systems_Sandbox/Saved/Config/Windows/Scalability.ini]
[2020.05.16-20.57.56:077][  0]LogConfig: Setting CVar [[r.TranslucencyLightingVolumeDim:64]]
[2020.05.16-20.57.56:077][  0]LogConfig: Setting CVar [[r.RefractionQuality:2]]
[2020.05.16-20.57.56:077][  0]LogConfig: Setting CVar [[r.SSR.Quality:3]]
[2020.05.16-20.57.56:077][  0]LogConfig: Setting CVar [[r.SceneColorFormat:4]]
[2020.05.16-20.57.56:077][  0]LogConfig: Setting CVar [[r.DetailMode:2]]
[2020.05.16-20.57.56:077][  0]LogConfig: Setting CVar [[r.TranslucencyVolumeBlur:1]]
[2020.05.16-20.57.56:077][  0]LogConfig: Setting CVar [[r.MaterialQualityLevel:1 ; High quality]]
[2020.05.16-20.57.56:077][  0]LogConfig: Setting CVar [[r.SSS.Scale:1]]
[2020.05.16-20.57.56:077][  0]LogConfig: Setting CVar [[r.SSS.SampleSet:2]]
[2020.05.16-20.57.56:077][  0]LogConfig: Setting CVar [[r.SSS.Quality:1]]
[2020.05.16-20.57.56:077][  0]LogConfig: Setting CVar [[r.SSS.HalfRes:1]]
[2020.05.16-20.57.56:077][  0]LogConfig: Setting CVar [[r.EmitterSpawnRateScale:1.0]]
[2020.05.16-20.57.56:077][  0]LogConfig: Setting CVar [[r.ParticleLightQuality:2]]
[2020.05.16-20.57.56:077][  0]LogConfig: Applying CVar settings from Section [FoliageQuality@3] File [C:/Users/danny/Desktop/Systems_Sandbox/Systems_Sandbox/Saved/Config/Windows/Scalability.ini]
[2020.05.16-20.57.56:077][  0]LogConfig: Setting CVar [[foliage.DensityScale:1.0]]
[2020.05.16-20.57.56:077][  0]LogConfig: Setting CVar [[grass.DensityScale:1.0]]
[2020.05.16-20.57.56:077][  0]LogInit: Selected Device Profile: [Windows]
[2020.05.16-20.57.56:077][  0]LogInit: Applying CVar settings loaded from the selected device profile: [Windows]
[2020.05.16-20.57.56:100][  0]LogHAL: Display: Platform has ~ 16 GB [17059446784 / 17179869184 / 16], which maps to Larger [LargestMinGB=32, LargerMinGB=12, DefaultMinGB=8, SmallerMinGB=6, SmallestMinGB=0)
[2020.05.16-20.57.56:100][  0]LogConfig: Setting CVar [[r.Vulkan.UseRealUBs:0		; Required until we fix HLR fall-out]]
[2020.05.16-20.57.56:100][  0]LogInit: Going up to parent DeviceProfile []
[2020.05.16-20.57.56:100][  0]LogConfig: Applying CVar settings from Section [ViewDistanceQuality@3] File [C:/Users/danny/Desktop/Systems_Sandbox/Systems_Sandbox/Saved/Config/Windows/Scalability.ini]
[2020.05.16-20.57.56:100][  0]LogConfig: Setting CVar [[r.SkeletalMeshLODBias:0]]
[2020.05.16-20.57.56:100][  0]LogConfig: Setting CVar [[r.ViewDistanceScale:1.0]]
[2020.05.16-20.57.56:100][  0]LogConfig: Applying CVar settings from Section [AntiAliasingQuality@3] File [C:/Users/danny/Desktop/Systems_Sandbox/Systems_Sandbox/Saved/Config/Windows/Scalability.ini]
[2020.05.16-20.57.56:100][  0]LogConfig: Setting CVar [[r.PostProcessAAQuality:4]]
[2020.05.16-20.57.56:100][  0]LogConfig: Applying CVar settings from Section [ShadowQuality@3] File [C:/Users/danny/Desktop/Systems_Sandbox/Systems_Sandbox/Saved/Config/Windows/Scalability.ini]
[2020.05.16-20.57.56:100][  0]LogConfig: Setting CVar [[r.LightFunctionQuality:1]]
[2020.05.16-20.57.56:100][  0]LogConfig: Setting CVar [[r.ShadowQuality:5]]
[2020.05.16-20.57.56:100][  0]LogConfig: Setting CVar [[r.Shadow.CSM.MaxCascades:10]]
[2020.05.16-20.57.56:100][  0]LogConfig: Setting CVar [[r.Shadow.MaxResolution:2048]]
[2020.05.16-20.57.56:100][  0]LogConfig: Setting CVar [[r.Shadow.MaxCSMResolution:2048]]
[2020.05.16-20.57.56:100][  0]LogConfig: Setting CVar [[r.Shadow.RadiusThreshold:0.01]]
[2020.05.16-20.57.56:100][  0]LogConfig: Setting CVar [[r.Shadow.DistanceScale:1.0]]
[2020.05.16-20.57.56:100][  0]LogConfig: Setting CVar [[r.Shadow.CSM.TransitionScale:1.0]]
[2020.05.16-20.57.56:100][  0]LogConfig: Setting CVar [[r.Shadow.PreShadowResolutionFactor:1.0]]
[2020.05.16-20.57.56:100][  0]LogConfig: Setting CVar [[r.DistanceFieldShadowing:1]]
[2020.05.16-20.57.56:100][  0]LogConfig: Setting CVar [[r.DistanceFieldAO:1]]
[2020.05.16-20.57.56:100][  0]LogConfig: Setting CVar [[r.AOQuality:2]]
[2020.05.16-20.57.56:100][  0]LogConfig: Setting CVar [[r.VolumetricFog:1]]
[2020.05.16-20.57.56:100][  0]LogConfig: Setting CVar [[r.VolumetricFog.GridPixelSize:8]]
[2020.05.16-20.57.56:101][  0]LogConfig: Setting CVar [[r.VolumetricFog.GridSizeZ:128]]
[2020.05.16-20.57.56:101][  0]LogConfig: Setting CVar [[r.VolumetricFog.HistoryMissSupersampleCount:4]]
[2020.05.16-20.57.56:101][  0]LogConfig: Setting CVar [[r.LightMaxDrawDistanceScale:1]]
[2020.05.16-20.57.56:101][  0]LogConfig: Setting CVar [[r.CapsuleShadows:1]]
[2020.05.16-20.57.56:101][  0]LogConfig: Applying CVar settings from Section [PostProcessQuality@3] File [C:/Users/danny/Desktop/Systems_Sandbox/Systems_Sandbox/Saved/Config/Windows/Scalability.ini]
[2020.05.16-20.57.56:101][  0]LogConfig: Setting CVar [[r.MotionBlurQuality:4]]
[2020.05.16-20.57.56:101][  0]LogConfig: Setting CVar [[r.AmbientOcclusionMipLevelFactor:0.4]]
[2020.05.16-20.57.56:101][  0]LogConfig: Setting CVar [[r.AmbientOcclusionMaxQuality:100]]
[2020.05.16-20.57.56:101][  0]LogConfig: Setting CVar [[r.AmbientOcclusionLevels:-1]]
[2020.05.16-20.57.56:101][  0]LogConfig: Setting CVar [[r.AmbientOcclusionRadiusScale:1.0]]
[2020.05.16-20.57.56:101][  0]LogConfig: Setting CVar [[r.DepthOfFieldQuality:2]]
[2020.05.16-20.57.56:101][  0]LogConfig: Setting CVar [[r.RenderTargetPoolMin:400]]
[2020.05.16-20.57.56:101][  0]LogConfig: Setting CVar [[r.LensFlareQuality:2]]
[2020.05.16-20.57.56:101][  0]LogConfig: Setting CVar [[r.SceneColorFringeQuality:1]]
[2020.05.16-20.57.56:101][  0]LogConfig: Setting CVar [[r.EyeAdaptationQuality:2]]
[2020.05.16-20.57.56:101][  0]LogConfig: Setting CVar [[r.BloomQuality:5]]
[2020.05.16-20.57.56:101][  0]LogConfig: Setting CVar [[r.FastBlurThreshold:100]]
[2020.05.16-20.57.56:101][  0]LogConfig: Setting CVar [[r.Upscale.Quality:3]]
[2020.05.16-20.57.56:101][  0]LogConfig: Setting CVar [[r.Tonemapper.GrainQuantization:1]]
[2020.05.16-20.57.56:101][  0]LogConfig: Setting CVar [[r.LightShaftQuality:1]]
[2020.05.16-20.57.56:101][  0]LogConfig: Setting CVar [[r.Filter.SizeScale:1]]
[2020.05.16-20.57.56:101][  0]LogConfig: Setting CVar [[r.Tonemapper.Quality:5]]
[2020.05.16-20.57.56:101][  0]LogConfig: Setting CVar [[r.DOF.Gather.AccumulatorQuality:1        ; higher gathering accumulator quality]]
[2020.05.16-20.57.56:101][  0]LogConfig: Setting CVar [[r.DOF.Gather.PostfilterMethod:1          ; Median3x3 postfilering method]]
[2020.05.16-20.57.56:101][  0]LogConfig: Setting CVar [[r.DOF.Gather.EnableBokehSettings:0       ; no bokeh simulation when gathering]]
[2020.05.16-20.57.56:101][  0]LogConfig: Setting CVar [[r.DOF.Gather.RingCount:4                 ; medium number of samples when gathering]]
[2020.05.16-20.57.56:101][  0]LogConfig: Setting CVar [[r.DOF.Scatter.ForegroundCompositing:1    ; additive foreground scattering]]
[2020.05.16-20.57.56:101][  0]LogConfig: Setting CVar [[r.DOF.Scatter.BackgroundCompositing:2    ; additive background scattering]]
[2020.05.16-20.57.56:101][  0]LogConfig: Setting CVar [[r.DOF.Scatter.EnableBokehSettings:1      ; bokeh simulation when scattering]]
[2020.05.16-20.57.56:101][  0]LogConfig: Setting CVar [[r.DOF.Scatter.MaxSpriteRatio:0.1         ; only a maximum of 10% of scattered bokeh]]
[2020.05.16-20.57.56:101][  0]LogConfig: Setting CVar [[r.DOF.Recombine.Quality:1                ; cheap slight out of focus]]
[2020.05.16-20.57.56:101][  0]LogConfig: Setting CVar [[r.DOF.Recombine.EnableBokehSettings:0    ; no bokeh simulation on slight out of focus]]
[2020.05.16-20.57.56:101][  0]LogConfig: Setting CVar [[r.DOF.TemporalAAQuality:1                ; more stable temporal accumulation]]
[2020.05.16-20.57.56:101][  0]LogConfig: Setting CVar [[r.DOF.Kernel.MaxForegroundRadius:0.025]]
[2020.05.16-20.57.56:101][  0]LogConfig: Setting CVar [[r.DOF.Kernel.MaxBackgroundRadius:0.025]]
[2020.05.16-20.57.56:101][  0]LogConfig: Applying CVar settings from Section [TextureQuality@3] File [C:/Users/danny/Desktop/Systems_Sandbox/Systems_Sandbox/Saved/Config/Windows/Scalability.ini]
[2020.05.16-20.57.56:101][  0]LogConfig: Setting CVar [[r.Streaming.MipBias:0]]
[2020.05.16-20.57.56:101][  0]LogConfig: Setting CVar [[r.Streaming.AmortizeCPUToGPUCopy:0]]
[2020.05.16-20.57.56:101][  0]LogConfig: Setting CVar [[r.Streaming.MaxNumTexturesToStreamPerFrame:0]]
[2020.05.16-20.57.56:101][  0]LogConfig: Setting CVar [[r.Streaming.Boost:1]]
[2020.05.16-20.57.56:101][  0]LogConfig: Setting CVar [[r.MaxAnisotropy:8]]
[2020.05.16-20.57.56:101][  0]LogConfig: Setting CVar [[r.Streaming.LimitPoolSizeToVRAM:0]]
[2020.05.16-20.57.56:101][  0]LogConfig: Setting CVar [[r.Streaming.PoolSize:1000]]
[2020.05.16-20.57.56:101][  0]LogConfig: Setting CVar [[r.Streaming.MaxEffectiveScreenSize:0]]
[2020.05.16-20.57.56:101][  0]LogConfig: Applying CVar settings from Section [EffectsQuality@3] File [C:/Users/danny/Desktop/Systems_Sandbox/Systems_Sandbox/Saved/Config/Windows/Scalability.ini]
[2020.05.16-20.57.56:101][  0]LogConfig: Setting CVar [[r.TranslucencyLightingVolumeDim:64]]
[2020.05.16-20.57.56:101][  0]LogConfig: Setting CVar [[r.RefractionQuality:2]]
[2020.05.16-20.57.56:101][  0]LogConfig: Setting CVar [[r.SSR.Quality:3]]
[2020.05.16-20.57.56:101][  0]LogConfig: Setting CVar [[r.SceneColorFormat:4]]
[2020.05.16-20.57.56:101][  0]LogConfig: Setting CVar [[r.DetailMode:2]]
[2020.05.16-20.57.56:101][  0]LogConfig: Setting CVar [[r.TranslucencyVolumeBlur:1]]
[2020.05.16-20.57.56:101][  0]LogConfig: Setting CVar [[r.MaterialQualityLevel:1 ; High quality]]
[2020.05.16-20.57.56:101][  0]LogConfig: Setting CVar [[r.SSS.Scale:1]]
[2020.05.16-20.57.56:101][  0]LogConfig: Setting CVar [[r.SSS.SampleSet:2]]
[2020.05.16-20.57.56:101][  0]LogConfig: Setting CVar [[r.SSS.Quality:1]]
[2020.05.16-20.57.56:101][  0]LogConfig: Setting CVar [[r.SSS.HalfRes:1]]
[2020.05.16-20.57.56:101][  0]LogConfig: Setting CVar [[r.EmitterSpawnRateScale:1.0]]
[2020.05.16-20.57.56:101][  0]LogConfig: Setting CVar [[r.ParticleLightQuality:2]]
[2020.05.16-20.57.56:101][  0]LogConfig: Applying CVar settings from Section [FoliageQuality@3] File [C:/Users/danny/Desktop/Systems_Sandbox/Systems_Sandbox/Saved/Config/Windows/Scalability.ini]
[2020.05.16-20.57.56:101][  0]LogConfig: Setting CVar [[foliage.DensityScale:1.0]]
[2020.05.16-20.57.56:101][  0]LogConfig: Setting CVar [[grass.DensityScale:1.0]]
[2020.05.16-20.57.56:101][  0]LogConfig: Applying CVar settings from Section [Startup] File [../../../Engine/Config/ConsoleVariables.ini]
[2020.05.16-20.57.56:102][  0]LogConfig: Setting CVar [[net.UseAdaptiveNetUpdateFrequency:0]]
[2020.05.16-20.57.56:102][  0]LogConfig: Setting CVar [[p.chaos.AllowCreatePhysxBodies:1]]
[2020.05.16-20.57.56:102][  0]LogConfig: Applying CVar settings from Section [ConsoleVariables] File [C:/Users/danny/Desktop/Systems_Sandbox/Systems_Sandbox/Saved/Config/Windows/Engine.ini]
[2020.05.16-20.57.56:102][  0]LogInit: Computer: MIMSI
[2020.05.16-20.57.56:102][  0]LogInit: User: danny
[2020.05.16-20.57.56:102][  0]LogInit: CPU Page size=4096, Cores=4
[2020.05.16-20.57.56:102][  0]LogInit: High frequency timer resolution =10.000000 MHz
[2020.05.16-20.57.56:102][  0]LogMemory: Memory total: Physical=15.9GB (16GB approx)
[2020.05.16-20.57.56:102][  0]LogMemory: Platform Memory Stats for Windows
[2020.05.16-20.57.56:102][  0]LogMemory: Process Physical Memory: 96.83 MB used, 96.83 MB peak
[2020.05.16-20.57.56:102][  0]LogMemory: Process Virtual Memory: 89.01 MB used, 89.01 MB peak
[2020.05.16-20.57.56:102][  0]LogMemory: Physical Memory: 7467.66 MB used,  8801.49 MB free, 16269.16 MB total
[2020.05.16-20.57.56:102][  0]LogMemory: Virtual Memory: 4643.23 MB used,  134213088.00 MB free, 134217728.00 MB total
[2020.05.16-20.57.56:130][  0]LogInit: Using OS detected language (en-US).
[2020.05.16-20.57.56:130][  0]LogInit: Using OS detected locale (en-US).
[2020.05.16-20.57.56:131][  0]LogTextLocalizationManager: No specific localization for 'en-US' exists, so the 'en' localization will be used.
[2020.05.16-20.57.56:371][  0]LogSlate: New Slate User Created.  User Index 0, Is Virtual User: 0
[2020.05.16-20.57.56:371][  0]LogSlate: Slate User Registered.  User Index 0, Is Virtual User: 0
[2020.05.16-20.57.56:762][  0]LogHMD: Failed to initialize OpenVR with code 100
[2020.05.16-20.57.56:762][  0]LogD3D11RHI: D3D11 adapters:
[2020.05.16-20.57.56:873][  0]LogD3D11RHI:    0. 'NVIDIA GeForce GTX 1070' (Feature Level 11_0)
[2020.05.16-20.57.56:873][  0]LogD3D11RHI:       8082/0/8134 MB DedicatedVideo/DedicatedSystem/SharedSystem, Outputs:1, VendorId:0x10de
[2020.05.16-20.57.56:890][  0]LogD3D11RHI:    1. 'Intel(R) HD Graphics 630' (Feature Level 11_0)
[2020.05.16-20.57.56:890][  0]LogD3D11RHI:       128/0/8134 MB DedicatedVideo/DedicatedSystem/SharedSystem, Outputs:0, VendorId:0x8086
[2020.05.16-20.57.56:893][  0]LogD3D11RHI:    2. 'Microsoft Basic Render Driver' (Feature Level 11_0)
[2020.05.16-20.57.56:893][  0]LogD3D11RHI:       0/0/8134 MB DedicatedVideo/DedicatedSystem/SharedSystem, Outputs:0, VendorId:0x1414
[2020.05.16-20.57.56:893][  0]LogD3D11RHI: Chosen D3D11 Adapter: 0
[2020.05.16-20.57.56:929][  0]LogD3D11RHI: Creating new Direct3DDevice
[2020.05.16-20.57.56:929][  0]LogD3D11RHI:     GPU DeviceId: 0x1ba1 (for the marketing name, search the web for "GPU Device Id")
[2020.05.16-20.57.56:929][  0]LogWindows: EnumDisplayDevices:
[2020.05.16-20.57.56:929][  0]LogWindows:    0. 'Intel(R) HD Graphics 630' (P:1 D:1)
[2020.05.16-20.57.56:930][  0]LogWindows:    1. 'Intel(R) HD Graphics 630' (P:0 D:0)
[2020.05.16-20.57.56:930][  0]LogWindows:    2. 'Intel(R) HD Graphics 630' (P:0 D:0)
[2020.05.16-20.57.56:930][  0]LogWindows:    3. 'NVIDIA GeForce GTX 1070' (P:0 D:0)
[2020.05.16-20.57.56:931][  0]LogWindows:    4. 'NVIDIA GeForce GTX 1070' (P:0 D:0)
[2020.05.16-20.57.56:931][  0]LogWindows:    5. 'NVIDIA GeForce GTX 1070' (P:0 D:0)
[2020.05.16-20.57.56:931][  0]LogWindows:    6. 'NVIDIA GeForce GTX 1070' (P:0 D:0)
[2020.05.16-20.57.56:932][  0]LogWindows: DebugString: PrimaryIsNotTheChoosenAdapter PrimaryIsNotTheChoosenAdapter PrimaryIsNotTheChoosenAdapter FoundDriverCount:4 
[2020.05.16-20.57.56:932][  0]LogD3D11RHI:     Adapter Name: NVIDIA GeForce GTX 1070
[2020.05.16-20.57.56:932][  0]LogD3D11RHI:   Driver Version: 442.59 (internal:26.21.14.4259, unified:442.59)
[2020.05.16-20.57.56:932][  0]LogD3D11RHI:      Driver Date: 3-4-2020
[2020.05.16-20.57.56:932][  0]LogRHI: Texture pool is 5657 MB (70% of 8082 MB)
[2020.05.16-20.57.56:986][  0]LogD3D11RHI: Async texture creation enabled
[2020.05.16-20.57.56:991][  0]LogRendererCore: FGlobalReadBuffer::InitRHI
[2020.05.16-20.57.56:992][  0]LogRendererCore: FGlobalReadBuffer::InitRHI
[2020.05.16-20.57.56:992][  0]LogRendererCore: FGlobalReadBuffer::InitRHI
[2020.05.16-20.57.57:001][  0]LogD3D11RHI: GPU Timing Frequency: 1000.000000 (Debug: 2 1)
[2020.05.16-20.57.57:460][  0]LogTemp: Display: Module 'AllDesktopTargetPlatform' loaded TargetPlatform 'AllDesktop'
[2020.05.16-20.57.57:478][  0]LogTemp: Display: Module 'MacClientTargetPlatform' loaded TargetPlatform 'MacClient'
[2020.05.16-20.57.57:495][  0]LogTemp: Display: Module 'MacNoEditorTargetPlatform' loaded TargetPlatform 'MacNoEditor'
[2020.05.16-20.57.57:511][  0]LogTemp: Display: Module 'MacServerTargetPlatform' loaded TargetPlatform 'MacServer'
[2020.05.16-20.57.57:528][  0]LogTemp: Display: Module 'MacTargetPlatform' loaded TargetPlatform 'Mac'
[2020.05.16-20.57.57:541][  0]LogTemp: Display: Module 'WindowsClientTargetPlatform' loaded TargetPlatform 'WindowsClient'
[2020.05.16-20.57.57:554][  0]LogTemp: Display: Module 'WindowsNoEditorTargetPlatform' loaded TargetPlatform 'WindowsNoEditor'
[2020.05.16-20.57.57:567][  0]LogTemp: Display: Module 'WindowsServerTargetPlatform' loaded TargetPlatform 'WindowsServer'
[2020.05.16-20.57.57:574][  0]LogTemp: Display: Module 'WindowsTargetPlatform' loaded TargetPlatform 'Windows'
[2020.05.16-20.57.57:664][  0]LogTemp: Display: Module 'AndroidTargetPlatform' loaded TargetPlatform 'Android'
[2020.05.16-20.57.57:664][  0]LogTemp: Display: Module 'AndroidTargetPlatform' loaded TargetPlatform 'Android_ASTC'
[2020.05.16-20.57.57:664][  0]LogTemp: Display: Module 'AndroidTargetPlatform' loaded TargetPlatform 'Android_ATC'
[2020.05.16-20.57.57:664][  0]LogTemp: Display: Module 'AndroidTargetPlatform' loaded TargetPlatform 'Android_DXT'
[2020.05.16-20.57.57:664][  0]LogTemp: Display: Module 'AndroidTargetPlatform' loaded TargetPlatform 'Android_ETC1'
[2020.05.16-20.57.57:664][  0]LogTemp: Display: Module 'AndroidTargetPlatform' loaded TargetPlatform 'Android_ETC1a'
[2020.05.16-20.57.57:664][  0]LogTemp: Display: Module 'AndroidTargetPlatform' loaded TargetPlatform 'Android_ETC2'
[2020.05.16-20.57.57:664][  0]LogTemp: Display: Module 'AndroidTargetPlatform' loaded TargetPlatform 'Android_PVRTC'
[2020.05.16-20.57.57:664][  0]LogTemp: Display: Module 'AndroidTargetPlatform' loaded TargetPlatform 'AndroidClient'
[2020.05.16-20.57.57:664][  0]LogTemp: Display: Module 'AndroidTargetPlatform' loaded TargetPlatform 'Android_ASTCClient'
[2020.05.16-20.57.57:664][  0]LogTemp: Display: Module 'AndroidTargetPlatform' loaded TargetPlatform 'Android_ATCClient'
[2020.05.16-20.57.57:664][  0]LogTemp: Display: Module 'AndroidTargetPlatform' loaded TargetPlatform 'Android_DXTClient'
[2020.05.16-20.57.57:664][  0]LogTemp: Display: Module 'AndroidTargetPlatform' loaded TargetPlatform 'Android_ETC1Client'
[2020.05.16-20.57.57:664][  0]LogTemp: Display: Module 'AndroidTargetPlatform' loaded TargetPlatform 'Android_ETC1aClient'
[2020.05.16-20.57.57:664][  0]LogTemp: Display: Module 'AndroidTargetPlatform' loaded TargetPlatform 'Android_ETC2Client'
[2020.05.16-20.57.57:664][  0]LogTemp: Display: Module 'AndroidTargetPlatform' loaded TargetPlatform 'Android_PVRTCClient'
[2020.05.16-20.57.57:664][  0]LogTemp: Display: Module 'AndroidTargetPlatform' loaded TargetPlatform 'Android_Multi'
[2020.05.16-20.57.57:664][  0]LogTemp: Display: Module 'AndroidTargetPlatform' loaded TargetPlatform 'Android_MultiClient'
[2020.05.16-20.57.57:666][  0]LogTemp: Display: Module 'HTML5TargetPlatform' loaded TargetPlatform 'HTML5'
[2020.05.16-20.57.57:718][  0]LogTemp: Display: Module 'IOSTargetPlatform' loaded TargetPlatform 'IOSClient'
[2020.05.16-20.57.57:718][  0]LogTemp: Display: Module 'IOSTargetPlatform' loaded TargetPlatform 'IOS'
[2020.05.16-20.57.57:743][  0]LogTemp: Display: Module 'TVOSTargetPlatform' loaded TargetPlatform 'TVOSClient'
[2020.05.16-20.57.57:743][  0]LogTemp: Display: Module 'TVOSTargetPlatform' loaded TargetPlatform 'TVOS'
[2020.05.16-20.57.57:757][  0]LogTemp: Display: Module 'LinuxClientTargetPlatform' loaded TargetPlatform 'LinuxClient'
[2020.05.16-20.57.57:770][  0]LogTemp: Display: Module 'LinuxNoEditorTargetPlatform' loaded TargetPlatform 'LinuxNoEditor'
[2020.05.16-20.57.57:784][  0]LogTemp: Display: Module 'LinuxServerTargetPlatform' loaded TargetPlatform 'LinuxServer'
[2020.05.16-20.57.57:799][  0]LogTemp: Display: Module 'LinuxTargetPlatform' loaded TargetPlatform 'Linux'
[2020.05.16-20.57.57:847][  0]LogTemp: Display: Module 'LuminTargetPlatform' loaded TargetPlatform 'Lumin'
[2020.05.16-20.57.57:847][  0]LogTemp: Display: Module 'LuminTargetPlatform' loaded TargetPlatform 'LuminClient'
[2020.05.16-20.57.57:847][  0]LogTargetPlatformManager: Display: Building Assets For Windows
[2020.05.16-20.57.57:854][  0]LogAudioDebug: Display: Lib vorbis DLL was dynamically loaded.
[2020.05.16-20.57.57:894][  0]LogShaderCompilers: Guid format shader working directory is -8 characters bigger than the processId version (C:/Users/danny/Desktop/Systems_Sandbox/Systems_Sandbox/Intermediate/Shaders/WorkingDirectory/1488/).
[2020.05.16-20.57.57:894][  0]LogShaderCompilers: Cleaned the shader compiler working directory 'C:/Users/danny/AppData/Local/Temp/UnrealShaderWorkingDir/A0063957499D56561AD1C9AF5EF77246/'.
[2020.05.16-20.57.57:896][  0]LogXGEController: Cannot use XGE Controller as Incredibuild is not installed on this machine.
[2020.05.16-20.57.57:896][  0]LogShaderCompilers: Cannot use XGE Shader Compiler as Incredibuild is not installed on this machine.
[2020.05.16-20.57.57:896][  0]LogShaderCompilers: Display: Using Local Shader Compiler.
[2020.05.16-20.57.58:525][  0]LogDerivedDataCache: Display: Max Cache Size: 512 MB
[2020.05.16-20.57.58:575][  0]LogDerivedDataCache: Loaded boot cache 0.05s 71MB C:/Users/danny/AppData/Local/UnrealEngine/4.22/DerivedDataCache/Boot.ddc.
[2020.05.16-20.57.58:575][  0]LogDerivedDataCache: Display: Loaded Boot cache: C:/Users/danny/AppData/Local/UnrealEngine/4.22/DerivedDataCache/Boot.ddc
[2020.05.16-20.57.58:575][  0]LogDerivedDataCache: FDerivedDataBackendGraph:  Pak pak cache file C:/Users/danny/Desktop/Systems_Sandbox/Systems_Sandbox/DerivedDataCache/DDC.ddp not found, will not use a pak cache.
[2020.05.16-20.57.58:575][  0]LogDerivedDataCache: Unable to find inner node Pak for hierarchical cache Hierarchy.
[2020.05.16-20.57.58:575][  0]LogDerivedDataCache: FDerivedDataBackendGraph:  CompressedPak pak cache file C:/Users/danny/Desktop/Systems_Sandbox/Systems_Sandbox/DerivedDataCache/Compressed.ddp not found, will not use a pak cache.
[2020.05.16-20.57.58:575][  0]LogDerivedDataCache: Unable to find inner node CompressedPak for hierarchical cache Hierarchy.
[2020.05.16-20.57.58:588][  0]LogDerivedDataCache: Display: Pak cache opened for reading ../../../Engine/DerivedDataCache/Compressed.ddp.
[2020.05.16-20.57.58:588][  0]LogDerivedDataCache: FDerivedDataBackendGraph:  EnterprisePak pak cache file ../../../Enterprise/DerivedDataCache/Compressed.ddp not found, will not use a pak cache.
[2020.05.16-20.57.58:588][  0]LogDerivedDataCache: Unable to find inner node EnterprisePak for hierarchical cache Hierarchy.
[2020.05.16-20.57.58:601][  0]LogDerivedDataCache: Using Local data cache path C:/Users/danny/AppData/Local/UnrealEngine/Common/DerivedDataCache: Writable
[2020.05.16-20.57.58:601][  0]LogDerivedDataCache: Shared data cache path not found in *engine.ini, will not use an Shared cache.
[2020.05.16-20.57.58:601][  0]LogDerivedDataCache: Unable to find inner node Shared for hierarchical cache Hierarchy.
[2020.05.16-20.57.58:627][  0]LogMaterial: Verifying Global Shaders for PCD3D_SM5
[2020.05.16-20.57.58:628][  0]LogSlate: Using FreeType 2.6.0
[2020.05.16-20.57.58:629][  0]LogSlate: SlateFontServices - WITH_FREETYPE: 1, WITH_HARFBUZZ: 1
[2020.05.16-20.57.58:735][  0]LogAssetRegistry: FAssetRegistry took 0.0362 seconds to start up
[2020.05.16-20.57.59:154][  0]LogInit: Selected Device Profile: [Windows]
[2020.05.16-20.57.59:307][  0]LogMeshReduction: Using QuadricMeshReduction for automatic static mesh reduction
[2020.05.16-20.57.59:307][  0]LogMeshReduction: Using SimplygonMeshReduction for automatic skeletal mesh reduction
[2020.05.16-20.57.59:307][  0]LogMeshReduction: Using ProxyLODMeshReduction for automatic mesh merging
[2020.05.16-20.57.59:307][  0]LogMeshReduction: No distributed automatic mesh merging module available
[2020.05.16-20.57.59:307][  0]LogMeshMerging: No distributed automatic mesh merging module available
[2020.05.16-20.57.59:324][  0]LogNetVersion: Systems_Sandbox 1.0.0, NetCL: 5660361, EngineNetVer: 10, GameNetVer: 0 (Checksum: 1404309998)
[2020.05.16-20.57.59:852][  0]LogPackageLocalizationCache: Processed 10 localized package path(s) for 1 prioritized culture(s) in 0.063393 seconds
[2020.05.16-20.57.59:861][  0]LogUObjectArray: 42205 objects as part of root set at end of initial load.
[2020.05.16-20.57.59:861][  0]LogUObjectAllocator: 7325032 out of 0 bytes used by permanent object pool.
[2020.05.16-20.57.59:861][  0]LogUObjectArray: CloseDisregardForGC: 0/0 objects in disregard for GC pool
[2020.05.16-20.58.00:928][  0]LogTcpMessaging: Initializing TcpMessaging bridge
[2020.05.16-20.58.00:942][  0]LogUdpMessaging: Initializing bridge on interface 0.0.0.0:0 to multicast group 230.0.0.1:6666.
[2020.05.16-20.58.01:071][  0]SourceControl: Source control is disabled
[2020.05.16-20.58.01:071][  0]SourceControl: Source control is disabled
[2020.05.16-20.58.01:073][  0]SourceControl: Source control is disabled
[2020.05.16-20.58.01:074][  0]SourceControl: Source control is disabled
[2020.05.16-20.58.01:159][  0]LogAndroidPermission: UAndroidPermissionCallbackProxy::GetInstance
[2020.05.16-20.58.01:276][  0]LogOcInput: OculusInput pre-init called
[2020.05.16-20.58.02:127][  0]LogEngine: Initializing Engine...
[2020.05.16-20.58.02:128][  0]LogHMD: Failed to initialize OpenVR with code 100
[2020.05.16-20.58.02:130][  0]LogStats: UGameplayTagsManager::InitializeManager -  0.000 s
[2020.05.16-20.58.02:375][  0]LogInit: Initializing FReadOnlyCVARCache
[2020.05.16-20.58.02:389][  0]LogAIModule: Creating AISystem for world Untitled
[2020.05.16-20.58.02:436][  0]LogInit: XAudio2 using 'Headphones (SteelSeries Arctis 5 Game)' : 2 channels at 48 kHz using 16 bits per sample (channel mask 0x3)
[2020.05.16-20.58.02:566][  0]LogInit: FAudioDevice initialized.
[2020.05.16-20.58.02:566][  0]LogNetVersion: Set ProjectVersion to 1.0.0.0. Version Checksum will be recalculated on next use.
[2020.05.16-20.58.02:718][  0]LogDerivedDataCache: Saved boot cache 0.15s 71MB C:/Users/danny/AppData/Local/UnrealEngine/4.22/DerivedDataCache/Boot.ddc.
[2020.05.16-20.58.02:724][  0]LogInit: Texture streaming: Enabled
[2020.05.16-20.58.02:742][  0]LogEngineSessionManager: EngineSessionManager initialized
[2020.05.16-20.58.02:814][  0]LogInit: Transaction tracking system initialized
[2020.05.16-20.58.02:842][  0]BlueprintLog: New page: Editor Load
[2020.05.16-20.58.02:925][  0]LocalizationService: Localization service is disabled
[2020.05.16-20.58.03:335][  0]LogFileCache: Scanning file cache for directory 'C:/Users/danny/Desktop/Systems_Sandbox/Systems_Sandbox/Content/' took 0.02s
[2020.05.16-20.58.03:335][  0]LogCook: Display: Max memory allowance for cook 16384mb min free memory 0mb
[2020.05.16-20.58.03:335][  0]LogCook: Display: Mobile HDR setting 1
[2020.05.16-20.58.03:542][  0]SourceControl: Source control is disabled
[2020.05.16-20.58.03:542][  0]Cmd: MAP LOAD FILE="C:/Users/danny/Desktop/Systems_Sandbox/Systems_Sandbox/Content/FirstPersonBP/Maps/FirstPersonExampleMap.umap" TEMPLATE=0 SHOWPROGRESS=1 FEATURELEVEL=3
[2020.05.16-20.58.03:550][  0]LightingResults: New page: Lighting Build
[2020.05.16-20.58.03:552][  0]MapCheck: New page: Map Check
[2020.05.16-20.58.03:552][  0]LightingResults: New page: Lighting Build
[2020.05.16-20.58.03:577][  0]LogUObjectHash: Compacting FUObjectHashTables data took   1.67ms
[2020.05.16-20.58.04:217][  0]LogProperty: Error: UStructProperty::Serialize Loading: Property 'StructProperty /Game/WeaponSystem/WeaponStageInstances/weapStage_Actioning.weapStage_Actioning_C:activationStage.CallFunc_getCurFiremode_firemode'. Unknown structure.
[2020.05.16-20.58.04:298][  0]LogProperty: Error: UStructProperty::Serialize Loading: Property 'StructProperty /Game/WeaponSystem/WeaponStageInstances/weapStage_Reacting.weapStage_Reacting_C:activationStage.CallFunc_getCurFiremode_firemode'. Unknown structure.
[2020.05.16-20.58.06:057][  0]LogTexture: Display: Building textures: LQ_Lightmap_1_1 (DXT1, 2048X2048)
[2020.05.16-20.58.06:057][  0]LogTexture: Display: Building textures: HQ_Lightmap1_4 (AutoDXT, 2048X2048)
[2020.05.16-20.58.06:057][  0]LogTexture: Display: Building textures: LQ_Lightmap_1_4 (DXT1, 2048X2048)
[2020.05.16-20.58.06:057][  0]LogTexture: Display: Building textures: ShadowMapTexture2D_10 (G8, 1024X1024)
[2020.05.16-20.58.06:057][  0]LogTexture: Display: Building textures: ShadowMapTexture2D_14 (G8, 1024X1024)
[2020.05.16-20.58.06:057][  0]LogTexture: Display: Building textures: ShadowMapTexture2D_9 (G8, 1024X1024)
[2020.05.16-20.58.06:111][  0]LogAIModule: Creating AISystem for world FirstPersonExampleMap
[2020.05.16-20.58.06:197][  0]LogBlueprintUserMessages: [weapComp_Trigger] TRIGGER is setting: 1 as component to ACTIVATE
[2020.05.16-20.58.06:197][  0]LogBlueprintUserMessages: [weapComp_Action] ACTION is setting: 1 as component to ACTIVATE
[2020.05.16-20.58.06:197][  0]LogBlueprintUserMessages: [weapComp_Hammer] HAMMER is setting: 2 as component to ACTIVATE
[2020.05.16-20.58.06:198][  0]LogBlueprintUserMessages: [weapComp_Bolt] BOLT is setting: 2 as component to READY
[2020.05.16-20.58.06:198][  0]LogBlueprintUserMessages: [weapComp_Hammer] HAMMER is setting: 2 as component to READY
[2020.05.16-20.58.06:210][  0]LogEditorServer: Finished looking for orphan Actors (0.000 secs)
[2020.05.16-20.58.06:244][  0]LogUObjectHash: Compacting FUObjectHashTables data took   3.24ms
[2020.05.16-20.58.06:245][  0]Cmd: MAP CHECKDEP NOCLEARLOG
[2020.05.16-20.58.06:245][  0]MapCheck: Map check complete: 0 Error(s), 0 Warning(s), took 0.278ms to complete.
[2020.05.16-20.58.06:245][  0]LogFileHelpers: Loading map 'FirstPersonExampleMap' took 2.704
[2020.05.16-20.58.06:720][  0]LogCollectionManager: Loaded 0 collections in 0.001858 seconds
[2020.05.16-20.58.06:768][  0]LogFileCache: Scanning file cache for directory 'C:/Users/danny/Desktop/Systems_Sandbox/Systems_Sandbox/Saved/Collections/' took 0.01s
[2020.05.16-20.58.06:768][  0]LogFileCache: Scanning file cache for directory 'C:/Users/danny/Desktop/Systems_Sandbox/Systems_Sandbox/Content/Developers/danny/Collections/' took 0.00s
[2020.05.16-20.58.06:768][  0]LogFileCache: Scanning file cache for directory 'C:/Users/danny/Desktop/Systems_Sandbox/Systems_Sandbox/Content/Collections/' took 0.00s
[2020.05.16-20.58.06:768][  0]LogCollectionManager: Rebuilt the GUID cache for 0 collections in 0.000000 seconds
[2020.05.16-20.58.06:778][  0]LogContentBrowser: Native class hierarchy populated in 0.0101 seconds. Added 2734 classes and 663 folders.
[2020.05.16-20.58.06:818][  0]LogContentBrowser: Native class hierarchy updated for 'WidgetCarousel' in 0.0004 seconds. Added 0 classes and 0 folders.
[2020.05.16-20.58.06:882][  0]LogPakFile: Registered encryption key '00000000000000000000000000000000': 0 pak files mounted, 0 remain pending
[2020.05.16-20.58.06:938][  0]LogPakFile: Registered encryption key '00000000000000000000000000000000': 0 pak files mounted, 0 remain pending
[2020.05.16-20.58.06:959][  0]LogPakFile: Registered encryption key '00000000000000000000000000000000': 0 pak files mounted, 0 remain pending
[2020.05.16-20.58.06:977][  0]LogPakFile: Registered encryption key '00000000000000000000000000000000': 0 pak files mounted, 0 remain pending
[2020.05.16-20.58.06:991][  0]LogPakFile: Registered encryption key '00000000000000000000000000000000': 0 pak files mounted, 0 remain pending
[2020.05.16-20.58.06:999][  0]LogPakFile: Registered encryption key '00000000000000000000000000000000': 0 pak files mounted, 0 remain pending
[2020.05.16-20.58.07:006][  0]LogPakFile: Registered encryption key '00000000000000000000000000000000': 0 pak files mounted, 0 remain pending
[2020.05.16-20.58.07:022][  0]LogPakFile: Registered encryption key '00000000000000000000000000000000': 0 pak files mounted, 0 remain pending
[2020.05.16-20.58.07:030][  0]LogPakFile: Registered encryption key '00000000000000000000000000000000': 0 pak files mounted, 0 remain pending
[2020.05.16-20.58.07:049][  0]LogPakFile: Registered encryption key '00000000000000000000000000000000': 0 pak files mounted, 0 remain pending
[2020.05.16-20.58.07:069][  0]LogPakFile: Registered encryption key '00000000000000000000000000000000': 0 pak files mounted, 0 remain pending
[2020.05.16-20.58.07:087][  0]LogPakFile: Registered encryption key '00000000000000000000000000000000': 0 pak files mounted, 0 remain pending
[2020.05.16-20.58.07:095][  0]LogPakFile: Registered encryption key '00000000000000000000000000000000': 0 pak files mounted, 0 remain pending
[2020.05.16-20.58.07:104][  0]LogPakFile: Registered encryption key '00000000000000000000000000000000': 0 pak files mounted, 0 remain pending
[2020.05.16-20.58.07:118][  0]LogPakFile: Registered encryption key '00000000000000000000000000000000': 0 pak files mounted, 0 remain pending
[2020.05.16-20.58.07:126][  0]LogPakFile: Registered encryption key '00000000000000000000000000000000': 0 pak files mounted, 0 remain pending
[2020.05.16-20.58.07:161][  0]LogPakFile: Registered encryption key '00000000000000000000000000000000': 0 pak files mounted, 0 remain pending
[2020.05.16-20.58.07:192][  0]LogPakFile: Registered encryption key '00000000000000000000000000000000': 0 pak files mounted, 0 remain pending
[2020.05.16-20.58.07:223][  0]LogPakFile: Registered encryption key '00000000000000000000000000000000': 0 pak files mounted, 0 remain pending
[2020.05.16-20.58.07:232][  0]LogPakFile: Registered encryption key '00000000000000000000000000000000': 0 pak files mounted, 0 remain pending
[2020.05.16-20.58.07:240][  0]LogPakFile: Registered encryption key '00000000000000000000000000000000': 0 pak files mounted, 0 remain pending
[2020.05.16-20.58.07:247][  0]LogPakFile: Registered encryption key '00000000000000000000000000000000': 0 pak files mounted, 0 remain pending
[2020.05.16-20.58.07:260][  0]LogPakFile: Registered encryption key '00000000000000000000000000000000': 0 pak files mounted, 0 remain pending
[2020.05.16-20.58.07:278][  0]LogPakFile: Registered encryption key '00000000000000000000000000000000': 0 pak files mounted, 0 remain pending
[2020.05.16-20.58.07:298][  0]LogPakFile: Registered encryption key '00000000000000000000000000000000': 0 pak files mounted, 0 remain pending
[2020.05.16-20.58.07:308][  0]LogPakFile: Registered encryption key '00000000000000000000000000000000': 0 pak files mounted, 0 remain pending
[2020.05.16-20.58.07:900][  0]LogContentBrowser: Native class hierarchy updated for 'AddContentDialog' in 0.0004 seconds. Added 0 classes and 0 folders.
[2020.05.16-20.58.08:111][  0]LogSlate: Updating window title bar state: overlay mode, drag disabled, window buttons hidden, title bar hidden
[2020.05.16-20.58.08:129][  0]LogSlate: Updating window title bar state: overlay mode, drag disabled, window buttons hidden, title bar hidden
[2020.05.16-20.58.08:145][  0]LogSlate: Updating window title bar state: overlay mode, drag disabled, window buttons hidden, title bar hidden
[2020.05.16-20.58.08:157][  0]LogSlate: Updating window title bar state: overlay mode, drag disabled, window buttons hidden, title bar hidden
[2020.05.16-20.58.08:497][  0]LogContentBrowser: Native class hierarchy updated for 'WorldBrowser' in 0.0006 seconds. Added 2 classes and 3 folders.
[2020.05.16-20.58.08:539][  0]LogSlate: Took 0.000241 seconds to synchronously load lazily loaded font '../../../Engine/Content/Slate/Fonts/Roboto-Regular.ttf' (155K)
[2020.05.16-20.58.08:565][  0]LogSlate: Took 0.022562 seconds to synchronously load lazily loaded font '../../../Engine/Content/Editor/Slate/Fonts/FontAwesome.ttf' (139K)
[2020.05.16-20.58.08:581][  0]LogSlate: Took 0.000653 seconds to synchronously load lazily loaded font '../../../Engine/Content/Slate/Fonts/Roboto-Bold.ttf' (160K)
[2020.05.16-20.58.08:906][  0]LogRenderer: Reallocating scene render targets to support 748x612 Format 10 NumSamples 1 (Frame:1).
[2020.05.16-20.58.09:176][  0]LogContentBrowser: Native class hierarchy updated for 'HierarchicalLODOutliner' in 0.0005 seconds. Added 0 classes and 0 folders.
[2020.05.16-20.58.09:178][  0]LogLoad: (Engine Initialization) Total time: 15.43 seconds
[2020.05.16-20.58.09:178][  0]LogLoad: (Engine Initialization) Total Blueprint compile time: 0.00 seconds
[2020.05.16-20.58.09:315][  0]LogContentStreaming: Texture pool size now 1000 MB
[2020.05.16-20.58.10:072][  9]LogAssetRegistry: Asset discovery search completed in 11.3613 seconds
[2020.05.16-20.58.10:074][  9]LogCollectionManager: Rebuilt the object cache for 0 collections in 0.000000 seconds (found 0 objects)
[2020.05.16-20.58.10:075][  9]LogCollectionManager: Fixed up redirectors for 0 collections in 0.000093 seconds (updated 0 objects)
[2020.05.16-20.58.10:351][ 13]LogSlate: Took 0.019685 seconds to synchronously load lazily loaded font '../../../Engine/Content/Slate/Fonts/Roboto-Light.ttf' (167K)
[2020.05.16-20.58.10:353][ 13]LogSlate: FSceneViewport::OnFocusLost() reason 2
[2020.05.16-20.58.10:357][ 13]LogAssetEditorManager: Opening Asset editor for Blueprint /Game/ExampleBehaviorTree/Example_BP.Example_BP
[2020.05.16-20.58.11:496][ 13]LogContentBrowser: Native class hierarchy updated for 'BlueprintGraph' in 0.0010 seconds. Added 121 classes and 0 folders.
[2020.05.16-20.58.13:230][ 13]LogAssetEditorManager: Opening Asset editor for BlackboardData /Game/ExampleBehaviorTree/Example_Blackboard.Example_Blackboard
[2020.05.16-20.58.13:443][ 13]LogAssetEditorManager: Opening Asset editor for BehaviorTree /Game/ExampleBehaviorTree/Example_BT.Example_BT
[2020.05.16-20.58.13:525][ 13]LogAssetEditorManager: Opening Asset editor for Blueprint /Game/ExampleBehaviorTree/BTService_Example.BTService_Example
[2020.05.16-20.58.13:881][ 13]LogAssetEditorManager: Opening Asset editor for Blueprint /Game/ExampleBehaviorTree/BTTask_Example.BTTask_Example
[2020.05.16-20.58.14:246][ 13]LogAssetEditorManager: Opening Asset editor for Blueprint /Game/ExampleBehaviorTree/BTDecorator_Example.BTDecorator_Example
[2020.05.16-20.58.40:042][553]LogSlate: FSceneViewport::OnFocusLost() reason 0
[2020.05.16-21.04.42:333][313]LogSlate: Window 'Pick Parent Class' being destroyed
[2020.05.16-21.04.53:622][622]LogPackageName: SearchForPackageOnDisk took   0.000s, but failed to resolve /Game/WeaponSystemSimplified/Bolt.
[2020.05.16-21.05.36:771][710]LogUObjectHash: Compacting FUObjectHashTables data took   3.95ms
[2020.05.16-21.05.36:775][710]LogMetaData: Removing '/Game/WeaponSystemSimplified/WeapComp-Simp_Base.SKEL_WeapComp-Simp_Base_C' ref from Metadata '/Game/WeaponSystemSimplified/Bolt.PackageMetaData'
[2020.05.16-21.05.36:775][710]LogMetaData: Removing '/Game/WeaponSystemSimplified/WeapComp-Simp_Base.WeapComp-Simp_Base_C' ref from Metadata '/Game/WeaponSystemSimplified/Bolt.PackageMetaData'
[2020.05.16-21.05.36:775][710]LogMetaData: Removing '/Game/WeaponSystemSimplified/WeapComp-Simp_Base.WeapComp-Simp_Base:EventGraph.K2Node_Event_0' ref from Metadata '/Game/WeaponSystemSimplified/Bolt.PackageMetaData'
[2020.05.16-21.05.36:775][710]LogMetaData: Removing '/Game/WeaponSystemSimplified/WeapComp-Simp_Base.WeapComp-Simp_Base:EventGraph.K2Node_Event_1' ref from Metadata '/Game/WeaponSystemSimplified/Bolt.PackageMetaData'
[2020.05.16-21.05.36:852][710]LogSavePackage: Moving 'C:/Users/danny/Desktop/Systems_Sandbox/Systems_Sandbox/Saved/WeapComp-Simp_Base2C8D92DB468D45D5FCF1BF812FBCFBC2.tmp' to 'C:/Users/danny/Desktop/Systems_Sandbox/Systems_Sandbox/Content/WeaponSystemSimplified/WeapComp-Simp_Base.uasset'
[2020.05.16-21.05.37:098][710]LogUObjectHash: Compacting FUObjectHashTables data took   2.43ms
[2020.05.16-21.05.37:139][710]LogUObjectHash: Compacting FUObjectHashTables data took   1.99ms
[2020.05.16-21.05.37:170][710]LogUObjectHash: Compacting FUObjectHashTables data took   0.69ms
[2020.05.16-21.05.37:325][715]LogPackageName: SearchForPackageOnDisk took   0.000s to resolve /Game/WeaponSystemSimplified/WeapComp-Simp_Base.
[2020.05.16-21.06.28:857][689]LogPackageName: SearchForPackageOnDisk took   0.000s, but failed to resolve /Game/WeaponSystemSimplified/WeapComp-Simp_Bolt_Base.
[2020.05.16-21.06.32:555][ 87]LogSavePackage: Moving 'C:/Users/danny/Desktop/Systems_Sandbox/Systems_Sandbox/Saved/WeapComp-Simp_Bolt_Base838D32EE4AF8DDA4F1171DBFB0687C4F.tmp' to 'C:/Users/danny/Desktop/Systems_Sandbox/Systems_Sandbox/Content/WeaponSystemSimplified/WeapComp-Simp_Bolt_Base.uasset'
[2020.05.16-21.06.32:690][100]LogPackageName: SearchForPackageOnDisk took   0.000s to resolve /Game/WeaponSystemSimplified/WeapComp-Simp_Bolt_Base.
[2020.05.16-21.07.07:312][771]LogPackageName: SearchForPackageOnDisk took   0.000s, but failed to resolve /Game/WeaponSystemSimplified/WeapComp-Simp_Trigger_Base.
[2020.05.16-21.07.47:295][499]LogPackageName: SearchForPackageOnDisk took   0.000s, but failed to resolve /Game/WeaponSystemSimplified/WeapComp-Simp_Hammer_Base.
[2020.05.16-21.08.19:816][362]LogPackageName: SearchForPackageOnDisk took   0.000s, but failed to resolve /Game/WeaponSystemSimplified/WeapComp-Simp_FireControl_Base.
[2020.05.16-21.08.30:381][596]LogPackageName: SearchForPackageOnDisk took   0.000s, but failed to resolve /Game/WeaponSystemSimplified/WeapComp-Simp_Chamber_Base.
[2020.05.16-21.08.42:119][962]LogPackageName: SearchForPackageOnDisk took   0.000s, but failed to resolve /Game/WeaponSystemSimplified/WeapComp-Simp_Barrel_Base.
[2020.05.16-21.09.53:570][371]LogSlate: Warning: Ignoring SetUserFocus because it's not an active modal Window (user 0 not set to SAssetTileView [SAssetView.cpp(1745)].
[2020.05.16-21.09.53:579][371]LogPackageName: SearchForPackageOnDisk took   0.000s, but failed to resolve /Game/WeaponSystemSimplified/WeapComp-Simp_Base_Child.
[2020.05.16-21.09.53:648][371]LogUObjectHash: Compacting FUObjectHashTables data took   2.77ms
[2020.05.16-21.09.53:648][371]LogFileHelpers: Editor autosave (incl. sublevels) for '/Game/FirstPersonBP/Maps/FirstPersonExampleMap' took 0.048
[2020.05.16-21.09.53:650][371]OBJ SavePackage: Generating thumbnails for [0] asset(s) in package [/Game/WeaponSystemSimplified/WeapComp-Simp_Trigger_Base] ([1] browsable assets)...
[2020.05.16-21.09.53:650][371]OBJ SavePackage: Finished generating thumbnails for package [/Game/WeaponSystemSimplified/WeapComp-Simp_Trigger_Base]
[2020.05.16-21.09.53:665][371]LogSavePackage: Moving 'C:/Users/danny/Desktop/Systems_Sandbox/Systems_Sandbox/Saved/WeapComp-Simp_Trigger_Base_Auto15F75F1C2438093C3CC361DB02804E9B0.tmp' to 'C:/Users/danny/Desktop/Systems_Sandbox/Systems_Sandbox/Saved/Autosaves/Game/WeaponSystemSimplified/WeapComp-Simp_Trigger_Base_Auto1.uasset'
[2020.05.16-21.09.53:667][371]OBJ SavePackage: Generating thumbnails for [0] asset(s) in package [/Game/WeaponSystemSimplified/WeapComp-Simp_Hammer_Base] ([1] browsable assets)...
[2020.05.16-21.09.53:667][371]OBJ SavePackage: Finished generating thumbnails for package [/Game/WeaponSystemSimplified/WeapComp-Simp_Hammer_Base]
[2020.05.16-21.09.53:679][371]LogSavePackage: Moving 'C:/Users/danny/Desktop/Systems_Sandbox/Systems_Sandbox/Saved/WeapComp-Simp_Hammer_Base_Auto105CF7DDC48DDF18A89E7EEA5FDEC66EF.tmp' to 'C:/Users/danny/Desktop/Systems_Sandbox/Systems_Sandbox/Saved/Autosaves/Game/WeaponSystemSimplified/WeapComp-Simp_Hammer_Base_Auto1.uasset'
[2020.05.16-21.09.53:681][371]OBJ SavePackage: Generating thumbnails for [0] asset(s) in package [/Game/WeaponSystemSimplified/WeapComp-Simp_FireControl_Base] ([1] browsable assets)...
[2020.05.16-21.09.53:681][371]OBJ SavePackage: Finished generating thumbnails for package [/Game/WeaponSystemSimplified/WeapComp-Simp_FireControl_Base]
[2020.05.16-21.09.53:696][371]LogSavePackage: Moving 'C:/Users/danny/Desktop/Systems_Sandbox/Systems_Sandbox/Saved/WeapComp-Simp_FireControl_Base_A66A4E7C2466733BBA4F8A6B08D8285F9.tmp' to 'C:/Users/danny/Desktop/Systems_Sandbox/Systems_Sandbox/Saved/Autosaves/Game/WeaponSystemSimplified/WeapComp-Simp_FireControl_Base_Auto1.uasset'
[2020.05.16-21.09.53:698][371]OBJ SavePackage: Generating thumbnails for [0] asset(s) in package [/Game/WeaponSystemSimplified/WeapComp-Simp_Chamber_Base] ([1] browsable assets)...
[2020.05.16-21.09.53:698][371]OBJ SavePackage: Finished generating thumbnails for package [/Game/WeaponSystemSimplified/WeapComp-Simp_Chamber_Base]
[2020.05.16-21.09.53:712][371]LogSavePackage: Moving 'C:/Users/danny/Desktop/Systems_Sandbox/Systems_Sandbox/Saved/WeapComp-Simp_Chamber_Base_Auto180483A6346E958737C2698878C2386CB.tmp' to 'C:/Users/danny/Desktop/Systems_Sandbox/Systems_Sandbox/Saved/Autosaves/Game/WeaponSystemSimplified/WeapComp-Simp_Chamber_Base_Auto1.uasset'
[2020.05.16-21.09.53:713][371]OBJ SavePackage: Generating thumbnails for [0] asset(s) in package [/Game/WeaponSystemSimplified/WeapComp-Simp_Barrel_Base] ([1] browsable assets)...
[2020.05.16-21.09.53:713][371]OBJ SavePackage: Finished generating thumbnails for package [/Game/WeaponSystemSimplified/WeapComp-Simp_Barrel_Base]
[2020.05.16-21.09.53:730][371]LogSavePackage: Moving 'C:/Users/danny/Desktop/Systems_Sandbox/Systems_Sandbox/Saved/WeapComp-Simp_Barrel_Base_Auto129B6207D49AD4FE9042AA0AADE205C2B.tmp' to 'C:/Users/danny/Desktop/Systems_Sandbox/Systems_Sandbox/Saved/Autosaves/Game/WeaponSystemSimplified/WeapComp-Simp_Barrel_Base_Auto1.uasset'
[2020.05.16-21.09.53:732][371]OBJ SavePackage: Generating thumbnails for [0] asset(s) in package [/Game/WeaponSystemSimplified/WeapComp-Simp_Base_Child] ([1] browsable assets)...
[2020.05.16-21.09.53:732][371]OBJ SavePackage: Finished generating thumbnails for package [/Game/WeaponSystemSimplified/WeapComp-Simp_Base_Child]
[2020.05.16-21.09.53:753][371]LogSavePackage: Moving 'C:/Users/danny/Desktop/Systems_Sandbox/Systems_Sandbox/Saved/WeapComp-Simp_Base_Child_Auto18806459848BF190DCABCD6B8F2A10DFE.tmp' to 'C:/Users/danny/Desktop/Systems_Sandbox/Systems_Sandbox/Saved/Autosaves/Game/WeaponSystemSimplified/WeapComp-Simp_Base_Child_Auto1.uasset'
[2020.05.16-21.09.53:755][371]LogFileHelpers: Auto-saving content packages took 0.105
[2020.05.16-21.10.05:929][771]LogUObjectHash: Compacting FUObjectHashTables data took   3.30ms
[2020.05.16-21.10.05:932][771]LogMetaData: Removing '/Game/WeaponSystemSimplified/WeapComp-Simp_Muzzle_Base.SKEL_WeapComp-Simp_Muzzle_Base_C' ref from Metadata '/Game/WeaponSystemSimplified/WeapComp-Simp_Base_Child.PackageMetaData'
[2020.05.16-21.10.05:932][771]LogMetaData: Removing '/Game/WeaponSystemSimplified/WeapComp-Simp_Muzzle_Base.WeapComp-Simp_Muzzle_Base_C' ref from Metadata '/Game/WeaponSystemSimplified/WeapComp-Simp_Base_Child.PackageMetaData'
[2020.05.16-21.10.05:932][771]LogMetaData: Removing '/Game/WeaponSystemSimplified/WeapComp-Simp_Muzzle_Base.WeapComp-Simp_Muzzle_Base:EventGraph.K2Node_Event_0' ref from Metadata '/Game/WeaponSystemSimplified/WeapComp-Simp_Base_Child.PackageMetaData'
[2020.05.16-21.10.05:932][771]LogMetaData: Removing '/Game/WeaponSystemSimplified/WeapComp-Simp_Muzzle_Base.WeapComp-Simp_Muzzle_Base:EventGraph.K2Node_CallParentFunction_0' ref from Metadata '/Game/WeaponSystemSimplified/WeapComp-Simp_Base_Child.PackageMetaData'
[2020.05.16-21.10.05:932][771]LogMetaData: Removing '/Game/WeaponSystemSimplified/WeapComp-Simp_Muzzle_Base.WeapComp-Simp_Muzzle_Base:EventGraph.K2Node_Event_1' ref from Metadata '/Game/WeaponSystemSimplified/WeapComp-Simp_Base_Child.PackageMetaData'
[2020.05.16-21.10.05:932][771]LogMetaData: Removing '/Game/WeaponSystemSimplified/WeapComp-Simp_Muzzle_Base.WeapComp-Simp_Muzzle_Base:EventGraph.K2Node_CallParentFunction_1' ref from Metadata '/Game/WeaponSystemSimplified/WeapComp-Simp_Base_Child.PackageMetaData'
[2020.05.16-21.10.05:973][771]LogSavePackage: Moving 'C:/Users/danny/Desktop/Systems_Sandbox/Systems_Sandbox/Saved/WeapComp-Simp_Muzzle_Base2A047A104824F655734B508D25D52024.tmp' to 'C:/Users/danny/Desktop/Systems_Sandbox/Systems_Sandbox/Content/WeaponSystemSimplified/WeapComp-Simp_Muzzle_Base.uasset'
[2020.05.16-21.10.06:184][771]LogUObjectHash: Compacting FUObjectHashTables data took   1.75ms
[2020.05.16-21.10.06:226][771]LogUObjectHash: Compacting FUObjectHashTables data took   2.14ms
[2020.05.16-21.10.06:261][771]LogUObjectHash: Compacting FUObjectHashTables data took   1.16ms
[2020.05.16-21.10.06:416][782]LogPackageName: SearchForPackageOnDisk took   0.000s to resolve /Game/WeaponSystemSimplified/WeapComp-Simp_Muzzle_Base.
[2020.05.16-21.12.48:678][152]LogPackageName: SearchForPackageOnDisk took   0.000s, but failed to resolve /Game/WeaponSystemSimplified/WeapComp-Simp_Feedport_Base.
[2020.05.16-21.13.43:640][667]LogPackageName: SearchForPackageOnDisk took   0.000s, but failed to resolve /Game/WeaponSystemSimplified/WeapComp-Simp_Magizine_Base.
[2020.05.16-21.13.45:896][920]LogSavePackage: Moving 'C:/Users/danny/Desktop/Systems_Sandbox/Systems_Sandbox/Saved/WeapComp-Simp_Barrel_Base099BAA994DF564F462C4BBA34BC0864D.tmp' to 'C:/Users/danny/Desktop/Systems_Sandbox/Systems_Sandbox/Content/WeaponSystemSimplified/WeapComp-Simp_Barrel_Base.uasset'
[2020.05.16-21.13.45:926][920]LogSavePackage: Moving 'C:/Users/danny/Desktop/Systems_Sandbox/Systems_Sandbox/Saved/WeapComp-Simp_Chamber_Base96EE444B4BF32F4B4347298637FB4B22.tmp' to 'C:/Users/danny/Desktop/Systems_Sandbox/Systems_Sandbox/Content/WeaponSystemSimplified/WeapComp-Simp_Chamber_Base.uasset'
[2020.05.16-21.13.45:957][920]LogSavePackage: Moving 'C:/Users/danny/Desktop/Systems_Sandbox/Systems_Sandbox/Saved/WeapComp-Simp_FireControl_Base91F091994A1E52899E4E3FA0372A915F.tmp' to 'C:/Users/danny/Desktop/Systems_Sandbox/Systems_Sandbox/Content/WeaponSystemSimplified/WeapComp-Simp_FireControl_Base.uasset'
[2020.05.16-21.13.45:982][920]LogSavePackage: Moving 'C:/Users/danny/Desktop/Systems_Sandbox/Systems_Sandbox/Saved/WeapComp-Simp_Hammer_Base3F0BAAF34A47EFF925B9BBBDE24CC1E9.tmp' to 'C:/Users/danny/Desktop/Systems_Sandbox/Systems_Sandbox/Content/WeaponSystemSimplified/WeapComp-Simp_Hammer_Base.uasset'
[2020.05.16-21.13.46:005][920]LogSavePackage: Moving 'C:/Users/danny/Desktop/Systems_Sandbox/Systems_Sandbox/Saved/WeapComp-Simp_Trigger_Base940E97FA44A99E3E3B2557A6EE6C5542.tmp' to 'C:/Users/danny/Desktop/Systems_Sandbox/Systems_Sandbox/Content/WeaponSystemSimplified/WeapComp-Simp_Trigger_Base.uasset'
[2020.05.16-21.13.46:025][920]LogSavePackage: Moving 'C:/Users/danny/Desktop/Systems_Sandbox/Systems_Sandbox/Saved/WeapComp-Simp_Magizine_Base68AE59544438975E4CACC6A29C8B098F.tmp' to 'C:/Users/danny/Desktop/Systems_Sandbox/Systems_Sandbox/Content/WeaponSystemSimplified/WeapComp-Simp_Magizine_Base.uasset'
[2020.05.16-21.13.46:049][920]LogSavePackage: Moving 'C:/Users/danny/Desktop/Systems_Sandbox/Systems_Sandbox/Saved/WeapComp-Simp_Feedport_Base35241BF3430D2337DCB76CA7742E2220.tmp' to 'C:/Users/danny/Desktop/Systems_Sandbox/Systems_Sandbox/Content/WeaponSystemSimplified/WeapComp-Simp_Feedport_Base.uasset'
[2020.05.16-21.13.46:184][923]LogPackageName: SearchForPackageOnDisk took   0.000s to resolve /Game/WeaponSystemSimplified/WeapComp-Simp_Barrel_Base.
[2020.05.16-21.13.46:191][923]LogPackageName: SearchForPackageOnDisk took   0.000s to resolve /Game/WeaponSystemSimplified/WeapComp-Simp_Chamber_Base.
[2020.05.16-21.13.46:200][923]LogPackageName: SearchForPackageOnDisk took   0.000s to resolve /Game/WeaponSystemSimplified/WeapComp-Simp_FireControl_Base.
[2020.05.16-21.13.46:205][923]LogPackageName: SearchForPackageOnDisk took   0.000s to resolve /Game/WeaponSystemSimplified/WeapComp-Simp_Hammer_Base.
[2020.05.16-21.13.46:212][923]LogPackageName: SearchForPackageOnDisk took   0.000s to resolve /Game/WeaponSystemSimplified/WeapComp-Simp_Trigger_Base.
[2020.05.16-21.13.46:218][923]LogPackageName: SearchForPackageOnDisk took   0.000s to resolve /Game/WeaponSystemSimplified/WeapComp-Simp_Magizine_Base.
[2020.05.16-21.13.46:248][924]LogPackageName: SearchForPackageOnDisk took   0.000s to resolve /Game/WeaponSystemSimplified/WeapComp-Simp_Feedport_Base.
[2020.05.16-21.15.42:621][367]LogMetaData: Removing '/Game/WeaponSystemSimplified/WeapComp-Simp_Bases/WeapComp-Simp_Barrel_Base.SKEL_WeapComp-Simp_Barrel_Base_C' ref from Metadata '/Game/WeaponSystemSimplified/WeapComp-Simp_Barrel_Base.PackageMetaData'
[2020.05.16-21.15.42:621][367]LogMetaData: Removing '/Game/WeaponSystemSimplified/WeapComp-Simp_Bases/WeapComp-Simp_Barrel_Base.WeapComp-Simp_Barrel_Base_C' ref from Metadata '/Game/WeaponSystemSimplified/WeapComp-Simp_Barrel_Base.PackageMetaData'
[2020.05.16-21.15.42:621][367]LogMetaData: Removing '/Game/WeaponSystemSimplified/WeapComp-Simp_Bases/WeapComp-Simp_Barrel_Base.WeapComp-Simp_Barrel_Base:EventGraph.K2Node_Event_0' ref from Metadata '/Game/WeaponSystemSimplified/WeapComp-Simp_Barrel_Base.PackageMetaData'
[2020.05.16-21.15.42:622][367]LogMetaData: Removing '/Game/WeaponSystemSimplified/WeapComp-Simp_Bases/WeapComp-Simp_Barrel_Base.WeapComp-Simp_Barrel_Base:EventGraph.K2Node_CallParentFunction_0' ref from Metadata '/Game/WeaponSystemSimplified/WeapComp-Simp_Barrel_Base.PackageMetaData'
[2020.05.16-21.15.42:622][367]LogMetaData: Removing '/Game/WeaponSystemSimplified/WeapComp-Simp_Bases/WeapComp-Simp_Barrel_Base.WeapComp-Simp_Barrel_Base:EventGraph.K2Node_Event_1' ref from Metadata '/Game/WeaponSystemSimplified/WeapComp-Simp_Barrel_Base.PackageMetaData'
[2020.05.16-21.15.42:622][367]LogMetaData: Removing '/Game/WeaponSystemSimplified/WeapComp-Simp_Bases/WeapComp-Simp_Barrel_Base.WeapComp-Simp_Barrel_Base:EventGraph.K2Node_CallParentFunction_1' ref from Metadata '/Game/WeaponSystemSimplified/WeapComp-Simp_Barrel_Base.PackageMetaData'
[2020.05.16-21.15.42:628][367]LogMetaData: Removing '/Game/WeaponSystemSimplified/WeapComp-Simp_Bases/WeapComp-Simp_Bolt_Base.SKEL_WeapComp-Simp_Bolt_Base_C' ref from Metadata '/Game/WeaponSystemSimplified/WeapComp-Simp_Bolt_Base.PackageMetaData'
[2020.05.16-21.15.42:628][367]LogMetaData: Removing '/Game/WeaponSystemSimplified/WeapComp-Simp_Bases/WeapComp-Simp_Bolt_Base.WeapComp-Simp_Bolt_Base_C' ref from Metadata '/Game/WeaponSystemSimplified/WeapComp-Simp_Bolt_Base.PackageMetaData'
[2020.05.16-21.15.42:628][367]LogMetaData: Removing '/Game/WeaponSystemSimplified/WeapComp-Simp_Bases/WeapComp-Simp_Bolt_Base.WeapComp-Simp_Bolt_Base:EventGraph.K2Node_Event_0' ref from Metadata '/Game/WeaponSystemSimplified/WeapComp-Simp_Bolt_Base.PackageMetaData'
[2020.05.16-21.15.42:628][367]LogMetaData: Removing '/Game/WeaponSystemSimplified/WeapComp-Simp_Bases/WeapComp-Simp_Bolt_Base.WeapComp-Simp_Bolt_Base:EventGraph.K2Node_CallParentFunction_0' ref from Metadata '/Game/WeaponSystemSimplified/WeapComp-Simp_Bolt_Base.PackageMetaData'
[2020.05.16-21.15.42:628][367]LogMetaData: Removing '/Game/WeaponSystemSimplified/WeapComp-Simp_Bases/WeapComp-Simp_Bolt_Base.WeapComp-Simp_Bolt_Base:EventGraph.K2Node_Event_1' ref from Metadata '/Game/WeaponSystemSimplified/WeapComp-Simp_Bolt_Base.PackageMetaData'
[2020.05.16-21.15.42:628][367]LogMetaData: Removing '/Game/WeaponSystemSimplified/WeapComp-Simp_Bases/WeapComp-Simp_Bolt_Base.WeapComp-Simp_Bolt_Base:EventGraph.K2Node_CallParentFunction_1' ref from Metadata '/Game/WeaponSystemSimplified/WeapComp-Simp_Bolt_Base.PackageMetaData'
[2020.05.16-21.15.42:635][367]LogMetaData: Removing '/Game/WeaponSystemSimplified/WeapComp-Simp_Bases/WeapComp-Simp_Chamber_Base.SKEL_WeapComp-Simp_Chamber_Base_C' ref from Metadata '/Game/WeaponSystemSimplified/WeapComp-Simp_Chamber_Base.PackageMetaData'
[2020.05.16-21.15.42:635][367]LogMetaData: Removing '/Game/WeaponSystemSimplified/WeapComp-Simp_Bases/WeapComp-Simp_Chamber_Base.WeapComp-Simp_Chamber_Base_C' ref from Metadata '/Game/WeaponSystemSimplified/WeapComp-Simp_Chamber_Base.PackageMetaData'
[2020.05.16-21.15.42:635][367]LogMetaData: Removing '/Game/WeaponSystemSimplified/WeapComp-Simp_Bases/WeapComp-Simp_Chamber_Base.WeapComp-Simp_Chamber_Base:EventGraph.K2Node_Event_0' ref from Metadata '/Game/WeaponSystemSimplified/WeapComp-Simp_Chamber_Base.PackageMetaData'
[2020.05.16-21.15.42:635][367]LogMetaData: Removing '/Game/WeaponSystemSimplified/WeapComp-Simp_Bases/WeapComp-Simp_Chamber_Base.WeapComp-Simp_Chamber_Base:EventGraph.K2Node_CallParentFunction_0' ref from Metadata '/Game/WeaponSystemSimplified/WeapComp-Simp_Chamber_Base.PackageMetaData'
[2020.05.16-21.15.42:635][367]LogMetaData: Removing '/Game/WeaponSystemSimplified/WeapComp-Simp_Bases/WeapComp-Simp_Chamber_Base.WeapComp-Simp_Chamber_Base:EventGraph.K2Node_Event_1' ref from Metadata '/Game/WeaponSystemSimplified/WeapComp-Simp_Chamber_Base.PackageMetaData'
[2020.05.16-21.15.42:635][367]LogMetaData: Removing '/Game/WeaponSystemSimplified/WeapComp-Simp_Bases/WeapComp-Simp_Chamber_Base.WeapComp-Simp_Chamber_Base:EventGraph.K2Node_CallParentFunction_1' ref from Metadata '/Game/WeaponSystemSimplified/WeapComp-Simp_Chamber_Base.PackageMetaData'
[2020.05.16-21.15.42:641][367]LogMetaData: Removing '/Game/WeaponSystemSimplified/WeapComp-Simp_Bases/WeapComp-Simp_Feedport_Base.SKEL_WeapComp-Simp_Feedport_Base_C' ref from Metadata '/Game/WeaponSystemSimplified/WeapComp-Simp_Feedport_Base.PackageMetaData'
[2020.05.16-21.15.42:641][367]LogMetaData: Removing '/Game/WeaponSystemSimplified/WeapComp-Simp_Bases/WeapComp-Simp_Feedport_Base.WeapComp-Simp_Feedport_Base_C' ref from Metadata '/Game/WeaponSystemSimplified/WeapComp-Simp_Feedport_Base.PackageMetaData'
[2020.05.16-21.15.42:641][367]LogMetaData: Removing '/Game/WeaponSystemSimplified/WeapComp-Simp_Bases/WeapComp-Simp_Feedport_Base.WeapComp-Simp_Feedport_Base:EventGraph.K2Node_Event_0' ref from Metadata '/Game/WeaponSystemSimplified/WeapComp-Simp_Feedport_Base.PackageMetaData'
[2020.05.16-21.15.42:642][367]LogMetaData: Removing '/Game/WeaponSystemSimplified/WeapComp-Simp_Bases/WeapComp-Simp_Feedport_Base.WeapComp-Simp_Feedport_Base:EventGraph.K2Node_CallParentFunction_0' ref from Metadata '/Game/WeaponSystemSimplified/WeapComp-Simp_Feedport_Base.PackageMetaData'
[2020.05.16-21.15.42:642][367]LogMetaData: Removing '/Game/WeaponSystemSimplified/WeapComp-Simp_Bases/WeapComp-Simp_Feedport_Base.WeapComp-Simp_Feedport_Base:EventGraph.K2Node_Event_1' ref from Metadata '/Game/WeaponSystemSimplified/WeapComp-Simp_Feedport_Base.PackageMetaData'
[2020.05.16-21.15.42:642][367]LogMetaData: Removing '/Game/WeaponSystemSimplified/WeapComp-Simp_Bases/WeapComp-Simp_Feedport_Base.WeapComp-Simp_Feedport_Base:EventGraph.K2Node_CallParentFunction_1' ref from Metadata '/Game/WeaponSystemSimplified/WeapComp-Simp_Feedport_Base.PackageMetaData'
[2020.05.16-21.15.42:649][367]LogMetaData: Removing '/Game/WeaponSystemSimplified/WeapComp-Simp_Bases/WeapComp-Simp_FireControl_Base.SKEL_WeapComp-Simp_FireControl_Base_C' ref from Metadata '/Game/WeaponSystemSimplified/WeapComp-Simp_FireControl_Base.PackageMetaData'
[2020.05.16-21.15.42:649][367]LogMetaData: Removing '/Game/WeaponSystemSimplified/WeapComp-Simp_Bases/WeapComp-Simp_FireControl_Base.WeapComp-Simp_FireControl_Base_C' ref from Metadata '/Game/WeaponSystemSimplified/WeapComp-Simp_FireControl_Base.PackageMetaData'
[2020.05.16-21.15.42:649][367]LogMetaData: Removing '/Game/WeaponSystemSimplified/WeapComp-Simp_Bases/WeapComp-Simp_FireControl_Base.WeapComp-Simp_FireControl_Base:EventGraph.K2Node_Event_0' ref from Metadata '/Game/WeaponSystemSimplified/WeapComp-Simp_FireControl_Base.PackageMetaData'
[2020.05.16-21.15.42:649][367]LogMetaData: Removing '/Game/WeaponSystemSimplified/WeapComp-Simp_Bases/WeapComp-Simp_FireControl_Base.WeapComp-Simp_FireControl_Base:EventGraph.K2Node_CallParentFunction_0' ref from Metadata '/Game/WeaponSystemSimplified/WeapComp-Simp_FireControl_Base.PackageMetaData'
[2020.05.16-21.15.42:649][367]LogMetaData: Removing '/Game/WeaponSystemSimplified/WeapComp-Simp_Bases/WeapComp-Simp_FireControl_Base.WeapComp-Simp_FireControl_Base:EventGraph.K2Node_Event_1' ref from Metadata '/Game/WeaponSystemSimplified/WeapComp-Simp_FireControl_Base.PackageMetaData'
[2020.05.16-21.15.42:649][367]LogMetaData: Removing '/Game/WeaponSystemSimplified/WeapComp-Simp_Bases/WeapComp-Simp_FireControl_Base.WeapComp-Simp_FireControl_Base:EventGraph.K2Node_CallParentFunction_1' ref from Metadata '/Game/WeaponSystemSimplified/WeapComp-Simp_FireControl_Base.PackageMetaData'
[2020.05.16-21.15.42:656][367]LogMetaData: Removing '/Game/WeaponSystemSimplified/WeapComp-Simp_Bases/WeapComp-Simp_Hammer_Base.SKEL_WeapComp-Simp_Hammer_Base_C' ref from Metadata '/Game/WeaponSystemSimplified/WeapComp-Simp_Hammer_Base.PackageMetaData'
[2020.05.16-21.15.42:656][367]LogMetaData: Removing '/Game/WeaponSystemSimplified/WeapComp-Simp_Bases/WeapComp-Simp_Hammer_Base.WeapComp-Simp_Hammer_Base_C' ref from Metadata '/Game/WeaponSystemSimplified/WeapComp-Simp_Hammer_Base.PackageMetaData'
[2020.05.16-21.15.42:656][367]LogMetaData: Removing '/Game/WeaponSystemSimplified/WeapComp-Simp_Bases/WeapComp-Simp_Hammer_Base.WeapComp-Simp_Hammer_Base:EventGraph.K2Node_Event_0' ref from Metadata '/Game/WeaponSystemSimplified/WeapComp-Simp_Hammer_Base.PackageMetaData'
[2020.05.16-21.15.42:656][367]LogMetaData: Removing '/Game/WeaponSystemSimplified/WeapComp-Simp_Bases/WeapComp-Simp_Hammer_Base.WeapComp-Simp_Hammer_Base:EventGraph.K2Node_CallParentFunction_0' ref from Metadata '/Game/WeaponSystemSimplified/WeapComp-Simp_Hammer_Base.PackageMetaData'
[2020.05.16-21.15.42:656][367]LogMetaData: Removing '/Game/WeaponSystemSimplified/WeapComp-Simp_Bases/WeapComp-Simp_Hammer_Base.WeapComp-Simp_Hammer_Base:EventGraph.K2Node_Event_1' ref from Metadata '/Game/WeaponSystemSimplified/WeapComp-Simp_Hammer_Base.PackageMetaData'
[2020.05.16-21.15.42:656][367]LogMetaData: Removing '/Game/WeaponSystemSimplified/WeapComp-Simp_Bases/WeapComp-Simp_Hammer_Base.WeapComp-Simp_Hammer_Base:EventGraph.K2Node_CallParentFunction_1' ref from Metadata '/Game/WeaponSystemSimplified/WeapComp-Simp_Hammer_Base.PackageMetaData'
[2020.05.16-21.15.42:661][367]LogMetaData: Removing '/Game/WeaponSystemSimplified/WeapComp-Simp_Bases/WeapComp-Simp_Magizine_Base.SKEL_WeapComp-Simp_Magizine_Base_C' ref from Metadata '/Game/WeaponSystemSimplified/WeapComp-Simp_Magizine_Base.PackageMetaData'
[2020.05.16-21.15.42:661][367]LogMetaData: Removing '/Game/WeaponSystemSimplified/WeapComp-Simp_Bases/WeapComp-Simp_Magizine_Base.WeapComp-Simp_Magizine_Base_C' ref from Metadata '/Game/WeaponSystemSimplified/WeapComp-Simp_Magizine_Base.PackageMetaData'
[2020.05.16-21.15.42:661][367]LogMetaData: Removing '/Game/WeaponSystemSimplified/WeapComp-Simp_Bases/WeapComp-Simp_Magizine_Base.WeapComp-Simp_Magizine_Base:EventGraph.K2Node_Event_0' ref from Metadata '/Game/WeaponSystemSimplified/WeapComp-Simp_Magizine_Base.PackageMetaData'
[2020.05.16-21.15.42:661][367]LogMetaData: Removing '/Game/WeaponSystemSimplified/WeapComp-Simp_Bases/WeapComp-Simp_Magizine_Base.WeapComp-Simp_Magizine_Base:EventGraph.K2Node_CallParentFunction_0' ref from Metadata '/Game/WeaponSystemSimplified/WeapComp-Simp_Magizine_Base.PackageMetaData'
[2020.05.16-21.15.42:662][367]LogMetaData: Removing '/Game/WeaponSystemSimplified/WeapComp-Simp_Bases/WeapComp-Simp_Magizine_Base.WeapComp-Simp_Magizine_Base:EventGraph.K2Node_Event_1' ref from Metadata '/Game/WeaponSystemSimplified/WeapComp-Simp_Magizine_Base.PackageMetaData'
[2020.05.16-21.15.42:662][367]LogMetaData: Removing '/Game/WeaponSystemSimplified/WeapComp-Simp_Bases/WeapComp-Simp_Magizine_Base.WeapComp-Simp_Magizine_Base:EventGraph.K2Node_CallParentFunction_1' ref from Metadata '/Game/WeaponSystemSimplified/WeapComp-Simp_Magizine_Base.PackageMetaData'
[2020.05.16-21.15.42:667][367]LogMetaData: Removing '/Game/WeaponSystemSimplified/WeapComp-Simp_Bases/WeapComp-Simp_Muzzle_Base.WeapComp-Simp_Muzzle_Base_C' ref from Metadata '/Game/WeaponSystemSimplified/WeapComp-Simp_Muzzle_Base.PackageMetaData'
[2020.05.16-21.15.42:667][367]LogMetaData: Removing '/Game/WeaponSystemSimplified/WeapComp-Simp_Bases/WeapComp-Simp_Muzzle_Base.SKEL_WeapComp-Simp_Muzzle_Base_C' ref from Metadata '/Game/WeaponSystemSimplified/WeapComp-Simp_Muzzle_Base.PackageMetaData'
[2020.05.16-21.15.42:667][367]LogMetaData: Removing '/Game/WeaponSystemSimplified/WeapComp-Simp_Bases/WeapComp-Simp_Muzzle_Base.WeapComp-Simp_Muzzle_Base:EventGraph.K2Node_Event_0' ref from Metadata '/Game/WeaponSystemSimplified/WeapComp-Simp_Muzzle_Base.PackageMetaData'
[2020.05.16-21.15.42:667][367]LogMetaData: Removing '/Game/WeaponSystemSimplified/WeapComp-Simp_Bases/WeapComp-Simp_Muzzle_Base.WeapComp-Simp_Muzzle_Base:EventGraph.K2Node_CallParentFunction_0' ref from Metadata '/Game/WeaponSystemSimplified/WeapComp-Simp_Muzzle_Base.PackageMetaData'
[2020.05.16-21.15.42:667][367]LogMetaData: Removing '/Game/WeaponSystemSimplified/WeapComp-Simp_Bases/WeapComp-Simp_Muzzle_Base.WeapComp-Simp_Muzzle_Base:EventGraph.K2Node_Event_1' ref from Metadata '/Game/WeaponSystemSimplified/WeapComp-Simp_Muzzle_Base.PackageMetaData'
[2020.05.16-21.15.42:667][367]LogMetaData: Removing '/Game/WeaponSystemSimplified/WeapComp-Simp_Bases/WeapComp-Simp_Muzzle_Base.WeapComp-Simp_Muzzle_Base:EventGraph.K2Node_CallParentFunction_1' ref from Metadata '/Game/WeaponSystemSimplified/WeapComp-Simp_Muzzle_Base.PackageMetaData'
[2020.05.16-21.15.42:667][367]LogMetaData: Removing '/Game/WeaponSystemSimplified/WeapComp-Simp_Bases/WeapComp-Simp_Muzzle_Base.SKEL_WeapComp-Simp_Muzzle_Base_C:ReceiveBeginPlay' ref from Metadata '/Game/WeaponSystemSimplified/WeapComp-Simp_Muzzle_Base.PackageMetaData'
[2020.05.16-21.15.42:667][367]LogMetaData: Removing '/Game/WeaponSystemSimplified/WeapComp-Simp_Bases/WeapComp-Simp_Muzzle_Base.SKEL_WeapComp-Simp_Muzzle_Base_C:ReceiveTick' ref from Metadata '/Game/WeaponSystemSimplified/WeapComp-Simp_Muzzle_Base.PackageMetaData'
[2020.05.16-21.15.42:673][367]LogMetaData: Removing '/Game/WeaponSystemSimplified/WeapComp-Simp_Bases/WeapComp-Simp_Trigger_Base.SKEL_WeapComp-Simp_Trigger_Base_C' ref from Metadata '/Game/WeaponSystemSimplified/WeapComp-Simp_Trigger_Base.PackageMetaData'
[2020.05.16-21.15.42:673][367]LogMetaData: Removing '/Game/WeaponSystemSimplified/WeapComp-Simp_Bases/WeapComp-Simp_Trigger_Base.WeapComp-Simp_Trigger_Base_C' ref from Metadata '/Game/WeaponSystemSimplified/WeapComp-Simp_Trigger_Base.PackageMetaData'
[2020.05.16-21.15.42:673][367]LogMetaData: Removing '/Game/WeaponSystemSimplified/WeapComp-Simp_Bases/WeapComp-Simp_Trigger_Base.WeapComp-Simp_Trigger_Base:EventGraph.K2Node_Event_0' ref from Metadata '/Game/WeaponSystemSimplified/WeapComp-Simp_Trigger_Base.PackageMetaData'
[2020.05.16-21.15.42:673][367]LogMetaData: Removing '/Game/WeaponSystemSimplified/WeapComp-Simp_Bases/WeapComp-Simp_Trigger_Base.WeapComp-Simp_Trigger_Base:EventGraph.K2Node_CallParentFunction_0' ref from Metadata '/Game/WeaponSystemSimplified/WeapComp-Simp_Trigger_Base.PackageMetaData'
[2020.05.16-21.15.42:673][367]LogMetaData: Removing '/Game/WeaponSystemSimplified/WeapComp-Simp_Bases/WeapComp-Simp_Trigger_Base.WeapComp-Simp_Trigger_Base:EventGraph.K2Node_Event_1' ref from Metadata '/Game/WeaponSystemSimplified/WeapComp-Simp_Trigger_Base.PackageMetaData'
[2020.05.16-21.15.42:673][367]LogMetaData: Removing '/Game/WeaponSystemSimplified/WeapComp-Simp_Bases/WeapComp-Simp_Trigger_Base.WeapComp-Simp_Trigger_Base:EventGraph.K2Node_CallParentFunction_1' ref from Metadata '/Game/WeaponSystemSimplified/WeapComp-Simp_Trigger_Base.PackageMetaData'
[2020.05.16-21.15.42:717][367]LogSavePackage: Moving 'C:/Users/danny/Desktop/Systems_Sandbox/Systems_Sandbox/Saved/WeapComp-Simp_Barrel_Base6E34F845460DA4CD30F0E29B40691B1E.tmp' to 'C:/Users/danny/Desktop/Systems_Sandbox/Systems_Sandbox/Content/WeaponSystemSimplified/WeapComp-Simp_Bases/WeapComp-Simp_Barrel_Base.uasset'
[2020.05.16-21.15.42:736][367]LogSavePackage: Moving 'C:/Users/danny/Desktop/Systems_Sandbox/Systems_Sandbox/Saved/WeapComp-Simp_Bolt_Base2AEA40C446CB6C6B0E89B5A9C905702A.tmp' to 'C:/Users/danny/Desktop/Systems_Sandbox/Systems_Sandbox/Content/WeaponSystemSimplified/WeapComp-Simp_Bases/WeapComp-Simp_Bolt_Base.uasset'
[2020.05.16-21.15.42:758][367]LogSavePackage: Moving 'C:/Users/danny/Desktop/Systems_Sandbox/Systems_Sandbox/Saved/WeapComp-Simp_Chamber_Base322489B046577FC275AE92B829A3FD21.tmp' to 'C:/Users/danny/Desktop/Systems_Sandbox/Systems_Sandbox/Content/WeaponSystemSimplified/WeapComp-Simp_Bases/WeapComp-Simp_Chamber_Base.uasset'
[2020.05.16-21.15.42:780][367]LogSavePackage: Moving 'C:/Users/danny/Desktop/Systems_Sandbox/Systems_Sandbox/Saved/WeapComp-Simp_Feedport_BaseB9E8C727416035AF54055D838386EB27.tmp' to 'C:/Users/danny/Desktop/Systems_Sandbox/Systems_Sandbox/Content/WeaponSystemSimplified/WeapComp-Simp_Bases/WeapComp-Simp_Feedport_Base.uasset'
[2020.05.16-21.15.42:800][367]LogSavePackage: Moving 'C:/Users/danny/Desktop/Systems_Sandbox/Systems_Sandbox/Saved/WeapComp-Simp_FireControl_Base29B2D53C4CE12A1CC5A346A0C3F7F719.tmp' to 'C:/Users/danny/Desktop/Systems_Sandbox/Systems_Sandbox/Content/WeaponSystemSimplified/WeapComp-Simp_Bases/WeapComp-Simp_FireControl_Base.uasset'
[2020.05.16-21.15.42:824][367]LogSavePackage: Moving 'C:/Users/danny/Desktop/Systems_Sandbox/Systems_Sandbox/Saved/WeapComp-Simp_Hammer_BaseBBF79AA74528D6E958087DBBDF37A7A2.tmp' to 'C:/Users/danny/Desktop/Systems_Sandbox/Systems_Sandbox/Content/WeaponSystemSimplified/WeapComp-Simp_Bases/WeapComp-Simp_Hammer_Base.uasset'
[2020.05.16-21.15.42:845][367]LogSavePackage: Moving 'C:/Users/danny/Desktop/Systems_Sandbox/Systems_Sandbox/Saved/WeapComp-Simp_Magizine_BaseFDD47286438FD1D790F0428BDA827466.tmp' to 'C:/Users/danny/Desktop/Systems_Sandbox/Systems_Sandbox/Content/WeaponSystemSimplified/WeapComp-Simp_Bases/WeapComp-Simp_Magizine_Base.uasset'
[2020.05.16-21.15.42:866][367]LogSavePackage: Moving 'C:/Users/danny/Desktop/Systems_Sandbox/Systems_Sandbox/Saved/WeapComp-Simp_Muzzle_Base41B52E754C2269A1A65DA69464FC146B.tmp' to 'C:/Users/danny/Desktop/Systems_Sandbox/Systems_Sandbox/Content/WeaponSystemSimplified/WeapComp-Simp_Bases/WeapComp-Simp_Muzzle_Base.uasset'
[2020.05.16-21.15.42:886][367]LogSavePackage: Moving 'C:/Users/danny/Desktop/Systems_Sandbox/Systems_Sandbox/Saved/WeapComp-Simp_Trigger_Base2EA15E3A4E918CBC1D8A91AB2D081EBE.tmp' to 'C:/Users/danny/Desktop/Systems_Sandbox/Systems_Sandbox/Content/WeaponSystemSimplified/WeapComp-Simp_Bases/WeapComp-Simp_Trigger_Base.uasset'
[2020.05.16-21.15.44:218][367]LogUObjectHash: Compacting FUObjectHashTables data took   2.80ms
[2020.05.16-21.15.44:258][367]LogUObjectHash: Compacting FUObjectHashTables data took   0.78ms
[2020.05.16-21.15.44:296][367]LogUObjectHash: Compacting FUObjectHashTables data took   0.92ms
[2020.05.16-21.15.44:333][367]LogUObjectHash: Compacting FUObjectHashTables data took   1.01ms
[2020.05.16-21.15.44:371][367]LogUObjectHash: Compacting FUObjectHashTables data took   1.04ms
[2020.05.16-21.15.44:415][367]LogUObjectHash: Compacting FUObjectHashTables data took   0.84ms
[2020.05.16-21.15.44:456][367]LogUObjectHash: Compacting FUObjectHashTables data took   0.96ms
[2020.05.16-21.15.44:496][367]LogUObjectHash: Compacting FUObjectHashTables data took   0.76ms
[2020.05.16-21.15.44:539][367]LogUObjectHash: Compacting FUObjectHashTables data took   0.75ms
[2020.05.16-21.15.44:582][367]LogUObjectHash: Compacting FUObjectHashTables data took   1.98ms
[2020.05.16-21.15.44:618][367]LogUObjectHash: Compacting FUObjectHashTables data took   0.75ms
[2020.05.16-21.15.44:861][376]LogPackageName: SearchForPackageOnDisk took   0.000s to resolve /Game/WeaponSystemSimplified/WeapComp-Simp_Bases/WeapComp-Simp_Barrel_Base.
[2020.05.16-21.15.44:869][376]LogPackageName: SearchForPackageOnDisk took   0.000s to resolve /Game/WeaponSystemSimplified/WeapComp-Simp_Bases/WeapComp-Simp_Bolt_Base.
[2020.05.16-21.15.44:877][376]LogPackageName: SearchForPackageOnDisk took   0.000s to resolve /Game/WeaponSystemSimplified/WeapComp-Simp_Bases/WeapComp-Simp_Chamber_Base.
[2020.05.16-21.15.44:884][376]LogPackageName: SearchForPackageOnDisk took   0.000s to resolve /Game/WeaponSystemSimplified/WeapComp-Simp_Bases/WeapComp-Simp_Feedport_Base.
[2020.05.16-21.15.44:890][376]LogPackageName: SearchForPackageOnDisk took   0.000s to resolve /Game/WeaponSystemSimplified/WeapComp-Simp_Bases/WeapComp-Simp_FireControl_Base.
[2020.05.16-21.15.44:896][376]LogPackageName: SearchForPackageOnDisk took   0.000s to resolve /Game/WeaponSystemSimplified/WeapComp-Simp_Bases/WeapComp-Simp_Hammer_Base.
[2020.05.16-21.15.44:924][377]LogPackageName: SearchForPackageOnDisk took   0.000s to resolve /Game/WeaponSystemSimplified/WeapComp-Simp_Bases/WeapComp-Simp_Magizine_Base.
[2020.05.16-21.15.44:937][377]LogPackageName: SearchForPackageOnDisk took   0.000s to resolve /Game/WeaponSystemSimplified/WeapComp-Simp_Bases/WeapComp-Simp_Muzzle_Base.
[2020.05.16-21.15.44:946][377]LogPackageName: SearchForPackageOnDisk took   0.000s to resolve /Game/WeaponSystemSimplified/WeapComp-Simp_Bases/WeapComp-Simp_Trigger_Base.
[2020.05.16-21.15.48:545][778]LogMetaData: Removing '/Game/WeaponSystemSimplified/WEAPonCOMPonents-SIMPlified/WeapComp-Simp_Base.WeapComp-Simp_Base_C' ref from Metadata '/Game/WeaponSystemSimplified/WeapComp-Simp_Base.PackageMetaData'
[2020.05.16-21.15.48:545][778]LogMetaData: Removing '/Game/WeaponSystemSimplified/WEAPonCOMPonents-SIMPlified/WeapComp-Simp_Base.SKEL_WeapComp-Simp_Base_C' ref from Metadata '/Game/WeaponSystemSimplified/WeapComp-Simp_Base.PackageMetaData'
[2020.05.16-21.15.48:545][778]LogMetaData: Removing '/Game/WeaponSystemSimplified/WEAPonCOMPonents-SIMPlified/WeapComp-Simp_Base.WeapComp-Simp_Base:EventGraph.K2Node_Event_0' ref from Metadata '/Game/WeaponSystemSimplified/WeapComp-Simp_Base.PackageMetaData'
[2020.05.16-21.15.48:545][778]LogMetaData: Removing '/Game/WeaponSystemSimplified/WEAPonCOMPonents-SIMPlified/WeapComp-Simp_Base.WeapComp-Simp_Base:EventGraph.K2Node_Event_1' ref from Metadata '/Game/WeaponSystemSimplified/WeapComp-Simp_Base.PackageMetaData'
[2020.05.16-21.15.48:545][778]LogMetaData: Removing '/Game/WeaponSystemSimplified/WEAPonCOMPonents-SIMPlified/WeapComp-Simp_Base.SKEL_WeapComp-Simp_Base_C:ReceiveBeginPlay' ref from Metadata '/Game/WeaponSystemSimplified/WeapComp-Simp_Base.PackageMetaData'
[2020.05.16-21.15.48:545][778]LogMetaData: Removing '/Game/WeaponSystemSimplified/WEAPonCOMPonents-SIMPlified/WeapComp-Simp_Base.SKEL_WeapComp-Simp_Base_C:ReceiveTick' ref from Metadata '/Game/WeaponSystemSimplified/WeapComp-Simp_Base.PackageMetaData'
[2020.05.16-21.15.48:590][778]LogSavePackage: Moving 'C:/Users/danny/Desktop/Systems_Sandbox/Systems_Sandbox/Saved/WeapComp-Simp_Base6D4770E24070D237EB5F59A11A8C8563.tmp' to 'C:/Users/danny/Desktop/Systems_Sandbox/Systems_Sandbox/Content/WeaponSystemSimplified/WEAPonCOMPonents-SIMPlified/WeapComp-Simp_Base.uasset'
[2020.05.16-21.15.48:800][778]LogUObjectHash: Compacting FUObjectHashTables data took   2.60ms
[2020.05.16-21.15.48:847][778]LogUObjectHash: Compacting FUObjectHashTables data took   2.06ms
[2020.05.16-21.15.48:882][778]LogUObjectHash: Compacting FUObjectHashTables data took   0.78ms
[2020.05.16-21.15.48:924][778]LogSavePackage: Moving 'C:/Users/danny/Desktop/Systems_Sandbox/Systems_Sandbox/Saved/WeapComp-Simp_Barrel_Base7FD559724506DFFB225040B524FAAB34.tmp' to 'C:/Users/danny/Desktop/Systems_Sandbox/Systems_Sandbox/Content/WeaponSystemSimplified/WeapComp-Simp_Bases/WeapComp-Simp_Barrel_Base.uasset'
[2020.05.16-21.15.48:951][778]LogSavePackage: Moving 'C:/Users/danny/Desktop/Systems_Sandbox/Systems_Sandbox/Saved/WeapComp-Simp_Bolt_BaseB3126464478A6A468075739C9902F1C7.tmp' to 'C:/Users/danny/Desktop/Systems_Sandbox/Systems_Sandbox/Content/WeaponSystemSimplified/WeapComp-Simp_Bases/WeapComp-Simp_Bolt_Base.uasset'
[2020.05.16-21.15.48:982][778]LogSavePackage: Moving 'C:/Users/danny/Desktop/Systems_Sandbox/Systems_Sandbox/Saved/WeapComp-Simp_Chamber_BaseEF934EC949B5CF2B759DC9931A5A87AD.tmp' to 'C:/Users/danny/Desktop/Systems_Sandbox/Systems_Sandbox/Content/WeaponSystemSimplified/WeapComp-Simp_Bases/WeapComp-Simp_Chamber_Base.uasset'
[2020.05.16-21.15.49:011][778]LogSavePackage: Moving 'C:/Users/danny/Desktop/Systems_Sandbox/Systems_Sandbox/Saved/WeapComp-Simp_Feedport_Base14DE348D466AD3DDB92BB7ADB3BF764E.tmp' to 'C:/Users/danny/Desktop/Systems_Sandbox/Systems_Sandbox/Content/WeaponSystemSimplified/WeapComp-Simp_Bases/WeapComp-Simp_Feedport_Base.uasset'
[2020.05.16-21.15.49:043][778]LogSavePackage: Moving 'C:/Users/danny/Desktop/Systems_Sandbox/Systems_Sandbox/Saved/WeapComp-Simp_FireControl_Base69FF43D04858DA63C173988931038DE5.tmp' to 'C:/Users/danny/Desktop/Systems_Sandbox/Systems_Sandbox/Content/WeaponSystemSimplified/WeapComp-Simp_Bases/WeapComp-Simp_FireControl_Base.uasset'
[2020.05.16-21.15.49:074][778]LogSavePackage: Moving 'C:/Users/danny/Desktop/Systems_Sandbox/Systems_Sandbox/Saved/WeapComp-Simp_Hammer_Base83042F5743872B369D9063B9C92CCAA4.tmp' to 'C:/Users/danny/Desktop/Systems_Sandbox/Systems_Sandbox/Content/WeaponSystemSimplified/WeapComp-Simp_Bases/WeapComp-Simp_Hammer_Base.uasset'
[2020.05.16-21.15.49:108][778]LogSavePackage: Moving 'C:/Users/danny/Desktop/Systems_Sandbox/Systems_Sandbox/Saved/WeapComp-Simp_Magizine_Base82D3F4F6450AB0255C4257AEC6B4B194.tmp' to 'C:/Users/danny/Desktop/Systems_Sandbox/Systems_Sandbox/Content/WeaponSystemSimplified/WeapComp-Simp_Bases/WeapComp-Simp_Magizine_Base.uasset'
[2020.05.16-21.15.49:138][778]LogSavePackage: Moving 'C:/Users/danny/Desktop/Systems_Sandbox/Systems_Sandbox/Saved/WeapComp-Simp_Muzzle_Base029BA173489391EFB1D1178E22C568BB.tmp' to 'C:/Users/danny/Desktop/Systems_Sandbox/Systems_Sandbox/Content/WeaponSystemSimplified/WeapComp-Simp_Bases/WeapComp-Simp_Muzzle_Base.uasset'
[2020.05.16-21.15.49:166][778]LogSavePackage: Moving 'C:/Users/danny/Desktop/Systems_Sandbox/Systems_Sandbox/Saved/WeapComp-Simp_Trigger_Base9D834120446718C896B598B294937CF4.tmp' to 'C:/Users/danny/Desktop/Systems_Sandbox/Systems_Sandbox/Content/WeaponSystemSimplified/WeapComp-Simp_Bases/WeapComp-Simp_Trigger_Base.uasset'
[2020.05.16-21.15.49:260][778]LogMetaData: Removing '/Game/WeaponSystemSimplified/WEAPonCOMPonents-SIMPlified/WeapComp-Simp_Bases/WeapComp-Simp_Muzzle_Base.WeapComp-Simp_Muzzle_Base_C' ref from Metadata '/Game/WeaponSystemSimplified/WeapComp-Simp_Bases/WeapComp-Simp_Muzzle_Base.PackageMetaData'
[2020.05.16-21.15.49:260][778]LogMetaData: Removing '/Game/WeaponSystemSimplified/WEAPonCOMPonents-SIMPlified/WeapComp-Simp_Bases/WeapComp-Simp_Muzzle_Base.SKEL_WeapComp-Simp_Muzzle_Base_C' ref from Metadata '/Game/WeaponSystemSimplified/WeapComp-Simp_Bases/WeapComp-Simp_Muzzle_Base.PackageMetaData'
[2020.05.16-21.15.49:260][778]LogMetaData: Removing '/Game/WeaponSystemSimplified/WEAPonCOMPonents-SIMPlified/WeapComp-Simp_Bases/WeapComp-Simp_Muzzle_Base.SKEL_WeapComp-Simp_Muzzle_Base_C:ReceiveBeginPlay' ref from Metadata '/Game/WeaponSystemSimplified/WeapComp-Simp_Bases/WeapComp-Simp_Muzzle_Base.PackageMetaData'
[2020.05.16-21.15.49:261][778]LogMetaData: Removing '/Game/WeaponSystemSimplified/WEAPonCOMPonents-SIMPlified/WeapComp-Simp_Bases/WeapComp-Simp_Muzzle_Base.SKEL_WeapComp-Simp_Muzzle_Base_C:ReceiveTick' ref from Metadata '/Game/WeaponSystemSimplified/WeapComp-Simp_Bases/WeapComp-Simp_Muzzle_Base.PackageMetaData'
[2020.05.16-21.15.49:261][778]LogMetaData: Removing '/Game/WeaponSystemSimplified/WEAPonCOMPonents-SIMPlified/WeapComp-Simp_Bases/WeapComp-Simp_Muzzle_Base.WeapComp-Simp_Muzzle_Base:EventGraph.K2Node_Event_0' ref from Metadata '/Game/WeaponSystemSimplified/WeapComp-Simp_Bases/WeapComp-Simp_Muzzle_Base.PackageMetaData'
[2020.05.16-21.15.49:261][778]LogMetaData: Removing '/Game/WeaponSystemSimplified/WEAPonCOMPonents-SIMPlified/WeapComp-Simp_Bases/WeapComp-Simp_Muzzle_Base.WeapComp-Simp_Muzzle_Base:EventGraph.K2Node_CallParentFunction_0' ref from Metadata '/Game/WeaponSystemSimplified/WeapComp-Simp_Bases/WeapComp-Simp_Muzzle_Base.PackageMetaData'
[2020.05.16-21.15.49:261][778]LogMetaData: Removing '/Game/WeaponSystemSimplified/WEAPonCOMPonents-SIMPlified/WeapComp-Simp_Bases/WeapComp-Simp_Muzzle_Base.WeapComp-Simp_Muzzle_Base:EventGraph.K2Node_Event_1' ref from Metadata '/Game/WeaponSystemSimplified/WeapComp-Simp_Bases/WeapComp-Simp_Muzzle_Base.PackageMetaData'
[2020.05.16-21.15.49:261][778]LogMetaData: Removing '/Game/WeaponSystemSimplified/WEAPonCOMPonents-SIMPlified/WeapComp-Simp_Bases/WeapComp-Simp_Muzzle_Base.WeapComp-Simp_Muzzle_Base:EventGraph.K2Node_CallParentFunction_1' ref from Metadata '/Game/WeaponSystemSimplified/WeapComp-Simp_Bases/WeapComp-Simp_Muzzle_Base.PackageMetaData'
[2020.05.16-21.15.49:268][778]LogMetaData: Removing '/Game/WeaponSystemSimplified/WEAPonCOMPonents-SIMPlified/WeapComp-Simp_Bases/WeapComp-Simp_Barrel_Base.WeapComp-Simp_Barrel_Base_C' ref from Metadata '/Game/WeaponSystemSimplified/WeapComp-Simp_Bases/WeapComp-Simp_Barrel_Base.PackageMetaData'
[2020.05.16-21.15.49:268][778]LogMetaData: Removing '/Game/WeaponSystemSimplified/WEAPonCOMPonents-SIMPlified/WeapComp-Simp_Bases/WeapComp-Simp_Barrel_Base.SKEL_WeapComp-Simp_Barrel_Base_C' ref from Metadata '/Game/WeaponSystemSimplified/WeapComp-Simp_Bases/WeapComp-Simp_Barrel_Base.PackageMetaData'
[2020.05.16-21.15.49:268][778]LogMetaData: Removing '/Game/WeaponSystemSimplified/WEAPonCOMPonents-SIMPlified/WeapComp-Simp_Bases/WeapComp-Simp_Barrel_Base.WeapComp-Simp_Barrel_Base:EventGraph.K2Node_Event_0' ref from Metadata '/Game/WeaponSystemSimplified/WeapComp-Simp_Bases/WeapComp-Simp_Barrel_Base.PackageMetaData'
[2020.05.16-21.15.49:268][778]LogMetaData: Removing '/Game/WeaponSystemSimplified/WEAPonCOMPonents-SIMPlified/WeapComp-Simp_Bases/WeapComp-Simp_Barrel_Base.WeapComp-Simp_Barrel_Base:EventGraph.K2Node_CallParentFunction_0' ref from Metadata '/Game/WeaponSystemSimplified/WeapComp-Simp_Bases/WeapComp-Simp_Barrel_Base.PackageMetaData'
[2020.05.16-21.15.49:268][778]LogMetaData: Removing '/Game/WeaponSystemSimplified/WEAPonCOMPonents-SIMPlified/WeapComp-Simp_Bases/WeapComp-Simp_Barrel_Base.WeapComp-Simp_Barrel_Base:EventGraph.K2Node_Event_1' ref from Metadata '/Game/WeaponSystemSimplified/WeapComp-Simp_Bases/WeapComp-Simp_Barrel_Base.PackageMetaData'
[2020.05.16-21.15.49:268][778]LogMetaData: Removing '/Game/WeaponSystemSimplified/WEAPonCOMPonents-SIMPlified/WeapComp-Simp_Bases/WeapComp-Simp_Barrel_Base.WeapComp-Simp_Barrel_Base:EventGraph.K2Node_CallParentFunction_1' ref from Metadata '/Game/WeaponSystemSimplified/WeapComp-Simp_Bases/WeapComp-Simp_Barrel_Base.PackageMetaData'
[2020.05.16-21.15.49:275][778]LogMetaData: Removing '/Game/WeaponSystemSimplified/WEAPonCOMPonents-SIMPlified/WeapComp-Simp_Bases/WeapComp-Simp_Chamber_Base.WeapComp-Simp_Chamber_Base_C' ref from Metadata '/Game/WeaponSystemSimplified/WeapComp-Simp_Bases/WeapComp-Simp_Chamber_Base.PackageMetaData'
[2020.05.16-21.15.49:275][778]LogMetaData: Removing '/Game/WeaponSystemSimplified/WEAPonCOMPonents-SIMPlified/WeapComp-Simp_Bases/WeapComp-Simp_Chamber_Base.SKEL_WeapComp-Simp_Chamber_Base_C' ref from Metadata '/Game/WeaponSystemSimplified/WeapComp-Simp_Bases/WeapComp-Simp_Chamber_Base.PackageMetaData'
[2020.05.16-21.15.49:275][778]LogMetaData: Removing '/Game/WeaponSystemSimplified/WEAPonCOMPonents-SIMPlified/WeapComp-Simp_Bases/WeapComp-Simp_Chamber_Base.WeapComp-Simp_Chamber_Base:EventGraph.K2Node_Event_0' ref from Metadata '/Game/WeaponSystemSimplified/WeapComp-Simp_Bases/WeapComp-Simp_Chamber_Base.PackageMetaData'
[2020.05.16-21.15.49:275][778]LogMetaData: Removing '/Game/WeaponSystemSimplified/WEAPonCOMPonents-SIMPlified/WeapComp-Simp_Bases/WeapComp-Simp_Chamber_Base.WeapComp-Simp_Chamber_Base:EventGraph.K2Node_CallParentFunction_0' ref from Metadata '/Game/WeaponSystemSimplified/WeapComp-Simp_Bases/WeapComp-Simp_Chamber_Base.PackageMetaData'
[2020.05.16-21.15.49:275][778]LogMetaData: Removing '/Game/WeaponSystemSimplified/WEAPonCOMPonents-SIMPlified/WeapComp-Simp_Bases/WeapComp-Simp_Chamber_Base.WeapComp-Simp_Chamber_Base:EventGraph.K2Node_Event_1' ref from Metadata '/Game/WeaponSystemSimplified/WeapComp-Simp_Bases/WeapComp-Simp_Chamber_Base.PackageMetaData'
[2020.05.16-21.15.49:275][778]LogMetaData: Removing '/Game/WeaponSystemSimplified/WEAPonCOMPonents-SIMPlified/WeapComp-Simp_Bases/WeapComp-Simp_Chamber_Base.WeapComp-Simp_Chamber_Base:EventGraph.K2Node_CallParentFunction_1' ref from Metadata '/Game/WeaponSystemSimplified/WeapComp-Simp_Bases/WeapComp-Simp_Chamber_Base.PackageMetaData'
[2020.05.16-21.15.49:282][778]LogMetaData: Removing '/Game/WeaponSystemSimplified/WEAPonCOMPonents-SIMPlified/WeapComp-Simp_Bases/WeapComp-Simp_FireControl_Base.WeapComp-Simp_FireControl_Base_C' ref from Metadata '/Game/WeaponSystemSimplified/WeapComp-Simp_Bases/WeapComp-Simp_FireControl_Base.PackageMetaData'
[2020.05.16-21.15.49:282][778]LogMetaData: Removing '/Game/WeaponSystemSimplified/WEAPonCOMPonents-SIMPlified/WeapComp-Simp_Bases/WeapComp-Simp_FireControl_Base.SKEL_WeapComp-Simp_FireControl_Base_C' ref from Metadata '/Game/WeaponSystemSimplified/WeapComp-Simp_Bases/WeapComp-Simp_FireControl_Base.PackageMetaData'
[2020.05.16-21.15.49:282][778]LogMetaData: Removing '/Game/WeaponSystemSimplified/WEAPonCOMPonents-SIMPlified/WeapComp-Simp_Bases/WeapComp-Simp_FireControl_Base.WeapComp-Simp_FireControl_Base:EventGraph.K2Node_Event_0' ref from Metadata '/Game/WeaponSystemSimplified/WeapComp-Simp_Bases/WeapComp-Simp_FireControl_Base.PackageMetaData'
[2020.05.16-21.15.49:282][778]LogMetaData: Removing '/Game/WeaponSystemSimplified/WEAPonCOMPonents-SIMPlified/WeapComp-Simp_Bases/WeapComp-Simp_FireControl_Base.WeapComp-Simp_FireControl_Base:EventGraph.K2Node_CallParentFunction_0' ref from Metadata '/Game/WeaponSystemSimplified/WeapComp-Simp_Bases/WeapComp-Simp_FireControl_Base.PackageMetaData'
[2020.05.16-21.15.49:282][778]LogMetaData: Removing '/Game/WeaponSystemSimplified/WEAPonCOMPonents-SIMPlified/WeapComp-Simp_Bases/WeapComp-Simp_FireControl_Base.WeapComp-Simp_FireControl_Base:EventGraph.K2Node_Event_1' ref from Metadata '/Game/WeaponSystemSimplified/WeapComp-Simp_Bases/WeapComp-Simp_FireControl_Base.PackageMetaData'
[2020.05.16-21.15.49:282][778]LogMetaData: Removing '/Game/WeaponSystemSimplified/WEAPonCOMPonents-SIMPlified/WeapComp-Simp_Bases/WeapComp-Simp_FireControl_Base.WeapComp-Simp_FireControl_Base:EventGraph.K2Node_CallParentFunction_1' ref from Metadata '/Game/WeaponSystemSimplified/WeapComp-Simp_Bases/WeapComp-Simp_FireControl_Base.PackageMetaData'
[2020.05.16-21.15.49:289][778]LogMetaData: Removing '/Game/WeaponSystemSimplified/WEAPonCOMPonents-SIMPlified/WeapComp-Simp_Bases/WeapComp-Simp_Hammer_Base.WeapComp-Simp_Hammer_Base_C' ref from Metadata '/Game/WeaponSystemSimplified/WeapComp-Simp_Bases/WeapComp-Simp_Hammer_Base.PackageMetaData'
[2020.05.16-21.15.49:289][778]LogMetaData: Removing '/Game/WeaponSystemSimplified/WEAPonCOMPonents-SIMPlified/WeapComp-Simp_Bases/WeapComp-Simp_Hammer_Base.SKEL_WeapComp-Simp_Hammer_Base_C' ref from Metadata '/Game/WeaponSystemSimplified/WeapComp-Simp_Bases/WeapComp-Simp_Hammer_Base.PackageMetaData'
[2020.05.16-21.15.49:289][778]LogMetaData: Removing '/Game/WeaponSystemSimplified/WEAPonCOMPonents-SIMPlified/WeapComp-Simp_Bases/WeapComp-Simp_Hammer_Base.WeapComp-Simp_Hammer_Base:EventGraph.K2Node_Event_0' ref from Metadata '/Game/WeaponSystemSimplified/WeapComp-Simp_Bases/WeapComp-Simp_Hammer_Base.PackageMetaData'
[2020.05.16-21.15.49:289][778]LogMetaData: Removing '/Game/WeaponSystemSimplified/WEAPonCOMPonents-SIMPlified/WeapComp-Simp_Bases/WeapComp-Simp_Hammer_Base.WeapComp-Simp_Hammer_Base:EventGraph.K2Node_CallParentFunction_0' ref from Metadata '/Game/WeaponSystemSimplified/WeapComp-Simp_Bases/WeapComp-Simp_Hammer_Base.PackageMetaData'
[2020.05.16-21.15.49:289][778]LogMetaData: Removing '/Game/WeaponSystemSimplified/WEAPonCOMPonents-SIMPlified/WeapComp-Simp_Bases/WeapComp-Simp_Hammer_Base.WeapComp-Simp_Hammer_Base:EventGraph.K2Node_Event_1' ref from Metadata '/Game/WeaponSystemSimplified/WeapComp-Simp_Bases/WeapComp-Simp_Hammer_Base.PackageMetaData'
[2020.05.16-21.15.49:289][778]LogMetaData: Removing '/Game/WeaponSystemSimplified/WEAPonCOMPonents-SIMPlified/WeapComp-Simp_Bases/WeapComp-Simp_Hammer_Base.WeapComp-Simp_Hammer_Base:EventGraph.K2Node_CallParentFunction_1' ref from Metadata '/Game/WeaponSystemSimplified/WeapComp-Simp_Bases/WeapComp-Simp_Hammer_Base.PackageMetaData'
[2020.05.16-21.15.49:296][778]LogMetaData: Removing '/Game/WeaponSystemSimplified/WEAPonCOMPonents-SIMPlified/WeapComp-Simp_Bases/WeapComp-Simp_Trigger_Base.WeapComp-Simp_Trigger_Base_C' ref from Metadata '/Game/WeaponSystemSimplified/WeapComp-Simp_Bases/WeapComp-Simp_Trigger_Base.PackageMetaData'
[2020.05.16-21.15.49:296][778]LogMetaData: Removing '/Game/WeaponSystemSimplified/WEAPonCOMPonents-SIMPlified/WeapComp-Simp_Bases/WeapComp-Simp_Trigger_Base.SKEL_WeapComp-Simp_Trigger_Base_C' ref from Metadata '/Game/WeaponSystemSimplified/WeapComp-Simp_Bases/WeapComp-Simp_Trigger_Base.PackageMetaData'
[2020.05.16-21.15.49:296][778]LogMetaData: Removing '/Game/WeaponSystemSimplified/WEAPonCOMPonents-SIMPlified/WeapComp-Simp_Bases/WeapComp-Simp_Trigger_Base.WeapComp-Simp_Trigger_Base:EventGraph.K2Node_Event_0' ref from Metadata '/Game/WeaponSystemSimplified/WeapComp-Simp_Bases/WeapComp-Simp_Trigger_Base.PackageMetaData'
[2020.05.16-21.15.49:296][778]LogMetaData: Removing '/Game/WeaponSystemSimplified/WEAPonCOMPonents-SIMPlified/WeapComp-Simp_Bases/WeapComp-Simp_Trigger_Base.WeapComp-Simp_Trigger_Base:EventGraph.K2Node_CallParentFunction_0' ref from Metadata '/Game/WeaponSystemSimplified/WeapComp-Simp_Bases/WeapComp-Simp_Trigger_Base.PackageMetaData'
[2020.05.16-21.15.49:296][778]LogMetaData: Removing '/Game/WeaponSystemSimplified/WEAPonCOMPonents-SIMPlified/WeapComp-Simp_Bases/WeapComp-Simp_Trigger_Base.WeapComp-Simp_Trigger_Base:EventGraph.K2Node_Event_1' ref from Metadata '/Game/WeaponSystemSimplified/WeapComp-Simp_Bases/WeapComp-Simp_Trigger_Base.PackageMetaData'
[2020.05.16-21.15.49:296][778]LogMetaData: Removing '/Game/WeaponSystemSimplified/WEAPonCOMPonents-SIMPlified/WeapComp-Simp_Bases/WeapComp-Simp_Trigger_Base.WeapComp-Simp_Trigger_Base:EventGraph.K2Node_CallParentFunction_1' ref from Metadata '/Game/WeaponSystemSimplified/WeapComp-Simp_Bases/WeapComp-Simp_Trigger_Base.PackageMetaData'
[2020.05.16-21.15.49:302][778]LogMetaData: Removing '/Game/WeaponSystemSimplified/WEAPonCOMPonents-SIMPlified/WeapComp-Simp_Bases/WeapComp-Simp_Magizine_Base.WeapComp-Simp_Magizine_Base_C' ref from Metadata '/Game/WeaponSystemSimplified/WeapComp-Simp_Bases/WeapComp-Simp_Magizine_Base.PackageMetaData'
[2020.05.16-21.15.49:303][778]LogMetaData: Removing '/Game/WeaponSystemSimplified/WEAPonCOMPonents-SIMPlified/WeapComp-Simp_Bases/WeapComp-Simp_Magizine_Base.SKEL_WeapComp-Simp_Magizine_Base_C' ref from Metadata '/Game/WeaponSystemSimplified/WeapComp-Simp_Bases/WeapComp-Simp_Magizine_Base.PackageMetaData'
[2020.05.16-21.15.49:303][778]LogMetaData: Removing '/Game/WeaponSystemSimplified/WEAPonCOMPonents-SIMPlified/WeapComp-Simp_Bases/WeapComp-Simp_Magizine_Base.WeapComp-Simp_Magizine_Base:EventGraph.K2Node_Event_0' ref from Metadata '/Game/WeaponSystemSimplified/WeapComp-Simp_Bases/WeapComp-Simp_Magizine_Base.PackageMetaData'
[2020.05.16-21.15.49:303][778]LogMetaData: Removing '/Game/WeaponSystemSimplified/WEAPonCOMPonents-SIMPlified/WeapComp-Simp_Bases/WeapComp-Simp_Magizine_Base.WeapComp-Simp_Magizine_Base:EventGraph.K2Node_CallParentFunction_0' ref from Metadata '/Game/WeaponSystemSimplified/WeapComp-Simp_Bases/WeapComp-Simp_Magizine_Base.PackageMetaData'
[2020.05.16-21.15.49:303][778]LogMetaData: Removing '/Game/WeaponSystemSimplified/WEAPonCOMPonents-SIMPlified/WeapComp-Simp_Bases/WeapComp-Simp_Magizine_Base.WeapComp-Simp_Magizine_Base:EventGraph.K2Node_Event_1' ref from Metadata '/Game/WeaponSystemSimplified/WeapComp-Simp_Bases/WeapComp-Simp_Magizine_Base.PackageMetaData'
[2020.05.16-21.15.49:303][778]LogMetaData: Removing '/Game/WeaponSystemSimplified/WEAPonCOMPonents-SIMPlified/WeapComp-Simp_Bases/WeapComp-Simp_Magizine_Base.WeapComp-Simp_Magizine_Base:EventGraph.K2Node_CallParentFunction_1' ref from Metadata '/Game/WeaponSystemSimplified/WeapComp-Simp_Bases/WeapComp-Simp_Magizine_Base.PackageMetaData'
[2020.05.16-21.15.49:309][778]LogMetaData: Removing '/Game/WeaponSystemSimplified/WEAPonCOMPonents-SIMPlified/WeapComp-Simp_Bases/WeapComp-Simp_Bolt_Base.WeapComp-Simp_Bolt_Base_C' ref from Metadata '/Game/WeaponSystemSimplified/WeapComp-Simp_Bases/WeapComp-Simp_Bolt_Base.PackageMetaData'
[2020.05.16-21.15.49:309][778]LogMetaData: Removing '/Game/WeaponSystemSimplified/WEAPonCOMPonents-SIMPlified/WeapComp-Simp_Bases/WeapComp-Simp_Bolt_Base.SKEL_WeapComp-Simp_Bolt_Base_C' ref from Metadata '/Game/WeaponSystemSimplified/WeapComp-Simp_Bases/WeapComp-Simp_Bolt_Base.PackageMetaData'
[2020.05.16-21.15.49:309][778]LogMetaData: Removing '/Game/WeaponSystemSimplified/WEAPonCOMPonents-SIMPlified/WeapComp-Simp_Bases/WeapComp-Simp_Bolt_Base.WeapComp-Simp_Bolt_Base:EventGraph.K2Node_Event_0' ref from Metadata '/Game/WeaponSystemSimplified/WeapComp-Simp_Bases/WeapComp-Simp_Bolt_Base.PackageMetaData'
[2020.05.16-21.15.49:309][778]LogMetaData: Removing '/Game/WeaponSystemSimplified/WEAPonCOMPonents-SIMPlified/WeapComp-Simp_Bases/WeapComp-Simp_Bolt_Base.WeapComp-Simp_Bolt_Base:EventGraph.K2Node_CallParentFunction_0' ref from Metadata '/Game/WeaponSystemSimplified/WeapComp-Simp_Bases/WeapComp-Simp_Bolt_Base.PackageMetaData'
[2020.05.16-21.15.49:309][778]LogMetaData: Removing '/Game/WeaponSystemSimplified/WEAPonCOMPonents-SIMPlified/WeapComp-Simp_Bases/WeapComp-Simp_Bolt_Base.WeapComp-Simp_Bolt_Base:EventGraph.K2Node_Event_1' ref from Metadata '/Game/WeaponSystemSimplified/WeapComp-Simp_Bases/WeapComp-Simp_Bolt_Base.PackageMetaData'
[2020.05.16-21.15.49:309][778]LogMetaData: Removing '/Game/WeaponSystemSimplified/WEAPonCOMPonents-SIMPlified/WeapComp-Simp_Bases/WeapComp-Simp_Bolt_Base.WeapComp-Simp_Bolt_Base:EventGraph.K2Node_CallParentFunction_1' ref from Metadata '/Game/WeaponSystemSimplified/WeapComp-Simp_Bases/WeapComp-Simp_Bolt_Base.PackageMetaData'
[2020.05.16-21.15.49:316][778]LogMetaData: Removing '/Game/WeaponSystemSimplified/WEAPonCOMPonents-SIMPlified/WeapComp-Simp_Bases/WeapComp-Simp_Feedport_Base.WeapComp-Simp_Feedport_Base_C' ref from Metadata '/Game/WeaponSystemSimplified/WeapComp-Simp_Bases/WeapComp-Simp_Feedport_Base.PackageMetaData'
[2020.05.16-21.15.49:316][778]LogMetaData: Removing '/Game/WeaponSystemSimplified/WEAPonCOMPonents-SIMPlified/WeapComp-Simp_Bases/WeapComp-Simp_Feedport_Base.SKEL_WeapComp-Simp_Feedport_Base_C' ref from Metadata '/Game/WeaponSystemSimplified/WeapComp-Simp_Bases/WeapComp-Simp_Feedport_Base.PackageMetaData'
[2020.05.16-21.15.49:316][778]LogMetaData: Removing '/Game/WeaponSystemSimplified/WEAPonCOMPonents-SIMPlified/WeapComp-Simp_Bases/WeapComp-Simp_Feedport_Base.WeapComp-Simp_Feedport_Base:EventGraph.K2Node_Event_0' ref from Metadata '/Game/WeaponSystemSimplified/WeapComp-Simp_Bases/WeapComp-Simp_Feedport_Base.PackageMetaData'
[2020.05.16-21.15.49:316][778]LogMetaData: Removing '/Game/WeaponSystemSimplified/WEAPonCOMPonents-SIMPlified/WeapComp-Simp_Bases/WeapComp-Simp_Feedport_Base.WeapComp-Simp_Feedport_Base:EventGraph.K2Node_CallParentFunction_0' ref from Metadata '/Game/WeaponSystemSimplified/WeapComp-Simp_Bases/WeapComp-Simp_Feedport_Base.PackageMetaData'
[2020.05.16-21.15.49:316][778]LogMetaData: Removing '/Game/WeaponSystemSimplified/WEAPonCOMPonents-SIMPlified/WeapComp-Simp_Bases/WeapComp-Simp_Feedport_Base.WeapComp-Simp_Feedport_Base:EventGraph.K2Node_Event_1' ref from Metadata '/Game/WeaponSystemSimplified/WeapComp-Simp_Bases/WeapComp-Simp_Feedport_Base.PackageMetaData'
[2020.05.16-21.15.49:316][778]LogMetaData: Removing '/Game/WeaponSystemSimplified/WEAPonCOMPonents-SIMPlified/WeapComp-Simp_Bases/WeapComp-Simp_Feedport_Base.WeapComp-Simp_Feedport_Base:EventGraph.K2Node_CallParentFunction_1' ref from Metadata '/Game/WeaponSystemSimplified/WeapComp-Simp_Bases/WeapComp-Simp_Feedport_Base.PackageMetaData'
[2020.05.16-21.15.49:356][778]LogSavePackage: Moving 'C:/Users/danny/Desktop/Systems_Sandbox/Systems_Sandbox/Saved/WeapComp-Simp_Muzzle_Base5FE494E74C3E18D15ACF338D5408F9BE.tmp' to 'C:/Users/danny/Desktop/Systems_Sandbox/Systems_Sandbox/Content/WeaponSystemSimplified/WEAPonCOMPonents-SIMPlified/WeapComp-Simp_Bases/WeapComp-Simp_Muzzle_Base.uasset'
[2020.05.16-21.15.49:374][778]LogSavePackage: Moving 'C:/Users/danny/Desktop/Systems_Sandbox/Systems_Sandbox/Saved/WeapComp-Simp_Barrel_Base2BB21EB048AE9ED517F39F94A7238729.tmp' to 'C:/Users/danny/Desktop/Systems_Sandbox/Systems_Sandbox/Content/WeaponSystemSimplified/WEAPonCOMPonents-SIMPlified/WeapComp-Simp_Bases/WeapComp-Simp_Barrel_Base.uasset'
[2020.05.16-21.15.49:399][778]LogSavePackage: Moving 'C:/Users/danny/Desktop/Systems_Sandbox/Systems_Sandbox/Saved/WeapComp-Simp_Chamber_BaseBB3B52374B59060F0E745F873DCBFC76.tmp' to 'C:/Users/danny/Desktop/Systems_Sandbox/Systems_Sandbox/Content/WeaponSystemSimplified/WEAPonCOMPonents-SIMPlified/WeapComp-Simp_Bases/WeapComp-Simp_Chamber_Base.uasset'
[2020.05.16-21.15.49:417][778]LogSavePackage: Moving 'C:/Users/danny/Desktop/Systems_Sandbox/Systems_Sandbox/Saved/WeapComp-Simp_FireControl_Base6064AFEA416C06ECA5D12F997ADD11D1.tmp' to 'C:/Users/danny/Desktop/Systems_Sandbox/Systems_Sandbox/Content/WeaponSystemSimplified/WEAPonCOMPonents-SIMPlified/WeapComp-Simp_Bases/WeapComp-Simp_FireControl_Base.uasset'
[2020.05.16-21.15.49:437][778]LogSavePackage: Moving 'C:/Users/danny/Desktop/Systems_Sandbox/Systems_Sandbox/Saved/WeapComp-Simp_Hammer_Base2F16B3764885C67A4054C4B941A5519E.tmp' to 'C:/Users/danny/Desktop/Systems_Sandbox/Systems_Sandbox/Content/WeaponSystemSimplified/WEAPonCOMPonents-SIMPlified/WeapComp-Simp_Bases/WeapComp-Simp_Hammer_Base.uasset'
[2020.05.16-21.15.49:456][778]LogSavePackage: Moving 'C:/Users/danny/Desktop/Systems_Sandbox/Systems_Sandbox/Saved/WeapComp-Simp_Trigger_BaseFC5713C1402E8FD1C2239C9A60EC1966.tmp' to 'C:/Users/danny/Desktop/Systems_Sandbox/Systems_Sandbox/Content/WeaponSystemSimplified/WEAPonCOMPonents-SIMPlified/WeapComp-Simp_Bases/WeapComp-Simp_Trigger_Base.uasset'
[2020.05.16-21.15.49:475][778]LogSavePackage: Moving 'C:/Users/danny/Desktop/Systems_Sandbox/Systems_Sandbox/Saved/WeapComp-Simp_Magizine_BaseECD87E5D4F7C22C6F1DF0CAFD4ED5EEF.tmp' to 'C:/Users/danny/Desktop/Systems_Sandbox/Systems_Sandbox/Content/WeaponSystemSimplified/WEAPonCOMPonents-SIMPlified/WeapComp-Simp_Bases/WeapComp-Simp_Magizine_Base.uasset'
[2020.05.16-21.15.49:498][778]LogSavePackage: Moving 'C:/Users/danny/Desktop/Systems_Sandbox/Systems_Sandbox/Saved/WeapComp-Simp_Bolt_Base38E6925E436EE2CC94A6F4B1D0F49D79.tmp' to 'C:/Users/danny/Desktop/Systems_Sandbox/Systems_Sandbox/Content/WeaponSystemSimplified/WEAPonCOMPonents-SIMPlified/WeapComp-Simp_Bases/WeapComp-Simp_Bolt_Base.uasset'
[2020.05.16-21.15.49:520][778]LogSavePackage: Moving 'C:/Users/danny/Desktop/Systems_Sandbox/Systems_Sandbox/Saved/WeapComp-Simp_Feedport_Base10CEDEA249854A59BA6F0AA7F01BA97A.tmp' to 'C:/Users/danny/Desktop/Systems_Sandbox/Systems_Sandbox/Content/WeaponSystemSimplified/WEAPonCOMPonents-SIMPlified/WeapComp-Simp_Bases/WeapComp-Simp_Feedport_Base.uasset'
[2020.05.16-21.15.50:498][778]LogUObjectHash: Compacting FUObjectHashTables data took   0.69ms
[2020.05.16-21.15.50:532][778]LogUObjectHash: Compacting FUObjectHashTables data took   0.71ms
[2020.05.16-21.15.50:570][778]LogUObjectHash: Compacting FUObjectHashTables data took   0.70ms
[2020.05.16-21.15.50:608][778]LogUObjectHash: Compacting FUObjectHashTables data took   1.02ms
[2020.05.16-21.15.50:645][778]LogUObjectHash: Compacting FUObjectHashTables data took   0.79ms
[2020.05.16-21.15.50:684][778]LogUObjectHash: Compacting FUObjectHashTables data took   0.81ms
[2020.05.16-21.15.50:723][778]LogUObjectHash: Compacting FUObjectHashTables data took   0.74ms
[2020.05.16-21.15.50:759][778]LogUObjectHash: Compacting FUObjectHashTables data took   0.72ms
[2020.05.16-21.15.50:804][778]LogUObjectHash: Compacting FUObjectHashTables data took   1.07ms
[2020.05.16-21.15.50:858][778]LogUObjectHash: Compacting FUObjectHashTables data took   2.38ms
[2020.05.16-21.15.50:893][778]LogUObjectHash: Compacting FUObjectHashTables data took   0.85ms
[2020.05.16-21.15.51:212][782]LogPackageName: SearchForPackageOnDisk took   0.000s to resolve /Game/WeaponSystemSimplified/WEAPonCOMPonents-SIMPlified/WeapComp-Simp_Bases/WeapComp-Simp_Barrel_Base.
[2020.05.16-21.15.51:220][782]LogPackageName: SearchForPackageOnDisk took   0.000s to resolve /Game/WeaponSystemSimplified/WEAPonCOMPonents-SIMPlified/WeapComp-Simp_Bases/WeapComp-Simp_Bolt_Base.
[2020.05.16-21.15.51:226][782]LogPackageName: SearchForPackageOnDisk took   0.000s to resolve /Game/WeaponSystemSimplified/WEAPonCOMPonents-SIMPlified/WeapComp-Simp_Bases/WeapComp-Simp_Chamber_Base.
[2020.05.16-21.15.51:233][782]LogPackageName: SearchForPackageOnDisk took   0.000s to resolve /Game/WeaponSystemSimplified/WEAPonCOMPonents-SIMPlified/WeapComp-Simp_Bases/WeapComp-Simp_Feedport_Base.
[2020.05.16-21.15.51:239][782]LogPackageName: SearchForPackageOnDisk took   0.000s to resolve /Game/WeaponSystemSimplified/WEAPonCOMPonents-SIMPlified/WeapComp-Simp_Bases/WeapComp-Simp_FireControl_Base.
[2020.05.16-21.15.51:247][782]LogPackageName: SearchForPackageOnDisk took   0.000s to resolve /Game/WeaponSystemSimplified/WEAPonCOMPonents-SIMPlified/WeapComp-Simp_Bases/WeapComp-Simp_Hammer_Base.
[2020.05.16-21.15.51:274][783]LogPackageName: SearchForPackageOnDisk took   0.000s to resolve /Game/WeaponSystemSimplified/WEAPonCOMPonents-SIMPlified/WeapComp-Simp_Bases/WeapComp-Simp_Magizine_Base.
[2020.05.16-21.15.51:282][783]LogPackageName: SearchForPackageOnDisk took   0.000s to resolve /Game/WeaponSystemSimplified/WEAPonCOMPonents-SIMPlified/WeapComp-Simp_Bases/WeapComp-Simp_Muzzle_Base.
[2020.05.16-21.15.51:288][783]LogPackageName: SearchForPackageOnDisk took   0.000s to resolve /Game/WeaponSystemSimplified/WEAPonCOMPonents-SIMPlified/WeapComp-Simp_Bases/WeapComp-Simp_Trigger_Base.
[2020.05.16-21.15.51:296][783]LogPackageName: SearchForPackageOnDisk took   0.000s to resolve /Game/WeaponSystemSimplified/WEAPonCOMPonents-SIMPlified/WeapComp-Simp_Base.
[2020.05.16-21.20.36:692][754]LogMetaData: Removing '/Game/WeaponSystemSimplified/WEAPonCOMPonents-SIMPlified/WeapComp-Simp_Bases/WeapComp-Simp_Barrel_Variants/WeapComp-Simp_Barrel_Base.WeapComp-Simp_Barrel_Base_C' ref from Metadata '/Game/WeaponSystemSimplified/WEAPonCOMPonents-SIMPlified/WeapComp-Simp_Bases/WeapComp-Simp_Barrel_Base.PackageMetaData'
[2020.05.16-21.20.36:692][754]LogMetaData: Removing '/Game/WeaponSystemSimplified/WEAPonCOMPonents-SIMPlified/WeapComp-Simp_Bases/WeapComp-Simp_Barrel_Variants/WeapComp-Simp_Barrel_Base.SKEL_WeapComp-Simp_Barrel_Base_C' ref from Metadata '/Game/WeaponSystemSimplified/WEAPonCOMPonents-SIMPlified/WeapComp-Simp_Bases/WeapComp-Simp_Barrel_Base.PackageMetaData'
[2020.05.16-21.20.36:692][754]LogMetaData: Removing '/Game/WeaponSystemSimplified/WEAPonCOMPonents-SIMPlified/WeapComp-Simp_Bases/WeapComp-Simp_Barrel_Variants/WeapComp-Simp_Barrel_Base.WeapComp-Simp_Barrel_Base:EventGraph.K2Node_Event_0' ref from Metadata '/Game/WeaponSystemSimplified/WEAPonCOMPonents-SIMPlified/WeapComp-Simp_Bases/WeapComp-Simp_Barrel_Base.PackageMetaData'
[2020.05.16-21.20.36:692][754]LogMetaData: Removing '/Game/WeaponSystemSimplified/WEAPonCOMPonents-SIMPlified/WeapComp-Simp_Bases/WeapComp-Simp_Barrel_Variants/WeapComp-Simp_Barrel_Base.WeapComp-Simp_Barrel_Base:EventGraph.K2Node_CallParentFunction_0' ref from Metadata '/Game/WeaponSystemSimplified/WEAPonCOMPonents-SIMPlified/WeapComp-Simp_Bases/WeapComp-Simp_Barrel_Base.PackageMetaData'
[2020.05.16-21.20.36:692][754]LogMetaData: Removing '/Game/WeaponSystemSimplified/WEAPonCOMPonents-SIMPlified/WeapComp-Simp_Bases/WeapComp-Simp_Barrel_Variants/WeapComp-Simp_Barrel_Base.WeapComp-Simp_Barrel_Base:EventGraph.K2Node_Event_1' ref from Metadata '/Game/WeaponSystemSimplified/WEAPonCOMPonents-SIMPlified/WeapComp-Simp_Bases/WeapComp-Simp_Barrel_Base.PackageMetaData'
[2020.05.16-21.20.36:692][754]LogMetaData: Removing '/Game/WeaponSystemSimplified/WEAPonCOMPonents-SIMPlified/WeapComp-Simp_Bases/WeapComp-Simp_Barrel_Variants/WeapComp-Simp_Barrel_Base.WeapComp-Simp_Barrel_Base:EventGraph.K2Node_CallParentFunction_1' ref from Metadata '/Game/WeaponSystemSimplified/WEAPonCOMPonents-SIMPlified/WeapComp-Simp_Bases/WeapComp-Simp_Barrel_Base.PackageMetaData'
[2020.05.16-21.20.36:732][754]LogSavePackage: Moving 'C:/Users/danny/Desktop/Systems_Sandbox/Systems_Sandbox/Saved/WeapComp-Simp_Barrel_Base7B6D3BF14373DCDCA1AAE99BCC842FB3.tmp' to 'C:/Users/danny/Desktop/Systems_Sandbox/Systems_Sandbox/Content/WeaponSystemSimplified/WEAPonCOMPonents-SIMPlified/WeapComp-Simp_Bases/WeapComp-Simp_Barrel_Variants/WeapComp-Simp_Barrel_Base.uasset'
[2020.05.16-21.20.36:931][754]LogUObjectHash: Compacting FUObjectHashTables data took   2.29ms
[2020.05.16-21.20.36:974][754]LogUObjectHash: Compacting FUObjectHashTables data took   1.89ms
[2020.05.16-21.20.37:015][754]LogUObjectHash: Compacting FUObjectHashTables data took   1.33ms
[2020.05.16-21.20.37:217][766]LogPackageName: SearchForPackageOnDisk took   0.000s to resolve /Game/WeaponSystemSimplified/WEAPonCOMPonents-SIMPlified/WeapComp-Simp_Bases/WeapComp-Simp_Barrel_Variants/WeapComp-Simp_Barrel_Base.
[2020.05.16-21.20.47:405][884]Cmd: TRANSACTION UNDO
[2020.05.16-21.20.47:405][884]LogEditorTransaction: Undo Add Node
[2020.05.16-21.20.49:120][ 71]Cmd: TRANSACTION UNDO
[2020.05.16-21.20.49:120][ 71]LogEditorTransaction: Undo Add Node
[2020.05.16-21.20.50:388][220]Cmd: TRANSACTION UNDO
[2020.05.16-21.20.50:388][220]LogEditorTransaction: Undo Add Node
[2020.05.16-21.20.59:594][246]LogMetaData: Removing '/Game/WeaponSystemSimplified/WEAPonCOMPonents-SIMPlified/WeapComp-Simp_Bases/WeapComp-Simp_Barrel_Base.WeapComp-Simp_Barrel_Base_C' ref from Metadata '/Game/WeaponSystemSimplified/WEAPonCOMPonents-SIMPlified/WeapComp-Simp_Bases/WeapComp-Simp_Barrel_Variants/WeapComp-Simp_Barrel_Base.PackageMetaData'
[2020.05.16-21.20.59:594][246]LogMetaData: Removing '/Game/WeaponSystemSimplified/WEAPonCOMPonents-SIMPlified/WeapComp-Simp_Bases/WeapComp-Simp_Barrel_Base.SKEL_WeapComp-Simp_Barrel_Base_C' ref from Metadata '/Game/WeaponSystemSimplified/WEAPonCOMPonents-SIMPlified/WeapComp-Simp_Bases/WeapComp-Simp_Barrel_Variants/WeapComp-Simp_Barrel_Base.PackageMetaData'
[2020.05.16-21.20.59:594][246]LogMetaData: Removing '/Game/WeaponSystemSimplified/WEAPonCOMPonents-SIMPlified/WeapComp-Simp_Bases/WeapComp-Simp_Barrel_Base.WeapComp-Simp_Barrel_Base:EventGraph.K2Node_Event_0' ref from Metadata '/Game/WeaponSystemSimplified/WEAPonCOMPonents-SIMPlified/WeapComp-Simp_Bases/WeapComp-Simp_Barrel_Variants/WeapComp-Simp_Barrel_Base.PackageMetaData'
[2020.05.16-21.20.59:594][246]LogMetaData: Removing '/Game/WeaponSystemSimplified/WEAPonCOMPonents-SIMPlified/WeapComp-Simp_Bases/WeapComp-Simp_Barrel_Base.WeapComp-Simp_Barrel_Base:EventGraph.K2Node_CallParentFunction_0' ref from Metadata '/Game/WeaponSystemSimplified/WEAPonCOMPonents-SIMPlified/WeapComp-Simp_Bases/WeapComp-Simp_Barrel_Variants/WeapComp-Simp_Barrel_Base.PackageMetaData'
[2020.05.16-21.20.59:594][246]LogMetaData: Removing '/Game/WeaponSystemSimplified/WEAPonCOMPonents-SIMPlified/WeapComp-Simp_Bases/WeapComp-Simp_Barrel_Base.WeapComp-Simp_Barrel_Base:EventGraph.K2Node_Event_1' ref from Metadata '/Game/WeaponSystemSimplified/WEAPonCOMPonents-SIMPlified/WeapComp-Simp_Bases/WeapComp-Simp_Barrel_Variants/WeapComp-Simp_Barrel_Base.PackageMetaData'
[2020.05.16-21.20.59:594][246]LogMetaData: Removing '/Game/WeaponSystemSimplified/WEAPonCOMPonents-SIMPlified/WeapComp-Simp_Bases/WeapComp-Simp_Barrel_Base.WeapComp-Simp_Barrel_Base:EventGraph.K2Node_CallParentFunction_1' ref from Metadata '/Game/WeaponSystemSimplified/WEAPonCOMPonents-SIMPlified/WeapComp-Simp_Bases/WeapComp-Simp_Barrel_Variants/WeapComp-Simp_Barrel_Base.PackageMetaData'
[2020.05.16-21.20.59:636][246]LogSavePackage: Moving 'C:/Users/danny/Desktop/Systems_Sandbox/Systems_Sandbox/Saved/WeapComp-Simp_Barrel_Base2D2219424736AE0281E096A4C96A645A.tmp' to 'C:/Users/danny/Desktop/Systems_Sandbox/Systems_Sandbox/Content/WeaponSystemSimplified/WEAPonCOMPonents-SIMPlified/WeapComp-Simp_Bases/WeapComp-Simp_Barrel_Base.uasset'
[2020.05.16-21.20.59:827][246]LogUObjectHash: Compacting FUObjectHashTables data took   3.45ms
[2020.05.16-21.20.59:867][246]LogUObjectHash: Compacting FUObjectHashTables data took   2.22ms
[2020.05.16-21.20.59:904][246]LogUObjectHash: Compacting FUObjectHashTables data took   0.77ms
[2020.05.16-21.21.00:074][253]LogPackageName: SearchForPackageOnDisk took   0.000s to resolve /Game/WeaponSystemSimplified/WEAPonCOMPonents-SIMPlified/WeapComp-Simp_Bases/WeapComp-Simp_Barrel_Base.
[2020.05.16-21.21.08:129][124]LogMetaData: Removing '/Game/WeaponSystemSimplified/WEAPonCOMPonents-SIMPlified/WeapComp-Simp_Bases/WeapComp-Simp_Barrels/WeapComp-Simp_Barrel_Base.WeapComp-Simp_Barrel_Base_C' ref from Metadata '/Game/WeaponSystemSimplified/WEAPonCOMPonents-SIMPlified/WeapComp-Simp_Bases/WeapComp-Simp_Barrel_Base.PackageMetaData'
[2020.05.16-21.21.08:129][124]LogMetaData: Removing '/Game/WeaponSystemSimplified/WEAPonCOMPonents-SIMPlified/WeapComp-Simp_Bases/WeapComp-Simp_Barrels/WeapComp-Simp_Barrel_Base.SKEL_WeapComp-Simp_Barrel_Base_C' ref from Metadata '/Game/WeaponSystemSimplified/WEAPonCOMPonents-SIMPlified/WeapComp-Simp_Bases/WeapComp-Simp_Barrel_Base.PackageMetaData'
[2020.05.16-21.21.08:129][124]LogMetaData: Removing '/Game/WeaponSystemSimplified/WEAPonCOMPonents-SIMPlified/WeapComp-Simp_Bases/WeapComp-Simp_Barrels/WeapComp-Simp_Barrel_Base.WeapComp-Simp_Barrel_Base:EventGraph.K2Node_Event_0' ref from Metadata '/Game/WeaponSystemSimplified/WEAPonCOMPonents-SIMPlified/WeapComp-Simp_Bases/WeapComp-Simp_Barrel_Base.PackageMetaData'
[2020.05.16-21.21.08:129][124]LogMetaData: Removing '/Game/WeaponSystemSimplified/WEAPonCOMPonents-SIMPlified/WeapComp-Simp_Bases/WeapComp-Simp_Barrels/WeapComp-Simp_Barrel_Base.WeapComp-Simp_Barrel_Base:EventGraph.K2Node_CallParentFunction_0' ref from Metadata '/Game/WeaponSystemSimplified/WEAPonCOMPonents-SIMPlified/WeapComp-Simp_Bases/WeapComp-Simp_Barrel_Base.PackageMetaData'
[2020.05.16-21.21.08:129][124]LogMetaData: Removing '/Game/WeaponSystemSimplified/WEAPonCOMPonents-SIMPlified/WeapComp-Simp_Bases/WeapComp-Simp_Barrels/WeapComp-Simp_Barrel_Base.WeapComp-Simp_Barrel_Base:EventGraph.K2Node_Event_1' ref from Metadata '/Game/WeaponSystemSimplified/WEAPonCOMPonents-SIMPlified/WeapComp-Simp_Bases/WeapComp-Simp_Barrel_Base.PackageMetaData'
[2020.05.16-21.21.08:129][124]LogMetaData: Removing '/Game/WeaponSystemSimplified/WEAPonCOMPonents-SIMPlified/WeapComp-Simp_Bases/WeapComp-Simp_Barrels/WeapComp-Simp_Barrel_Base.WeapComp-Simp_Barrel_Base:EventGraph.K2Node_CallParentFunction_1' ref from Metadata '/Game/WeaponSystemSimplified/WEAPonCOMPonents-SIMPlified/WeapComp-Simp_Bases/WeapComp-Simp_Barrel_Base.PackageMetaData'
[2020.05.16-21.21.08:173][124]LogSavePackage: Moving 'C:/Users/danny/Desktop/Systems_Sandbox/Systems_Sandbox/Saved/WeapComp-Simp_Barrel_Base783CDB5C4F01B9FD75D0B6A72F6EA3C1.tmp' to 'C:/Users/danny/Desktop/Systems_Sandbox/Systems_Sandbox/Content/WeaponSystemSimplified/WEAPonCOMPonents-SIMPlified/WeapComp-Simp_Bases/WeapComp-Simp_Barrels/WeapComp-Simp_Barrel_Base.uasset'
[2020.05.16-21.21.08:408][124]LogUObjectHash: Compacting FUObjectHashTables data took   2.70ms
[2020.05.16-21.21.08:455][124]LogUObjectHash: Compacting FUObjectHashTables data took   1.97ms
[2020.05.16-21.21.08:489][124]LogUObjectHash: Compacting FUObjectHashTables data took   0.73ms
[2020.05.16-21.21.08:621][129]LogPackageName: SearchForPackageOnDisk took   0.000s to resolve /Game/WeaponSystemSimplified/WEAPonCOMPonents-SIMPlified/WeapComp-Simp_Bases/WeapComp-Simp_Barrels/WeapComp-Simp_Barrel_Base.
[2020.05.16-21.21.14:570][818]LogSlate: Took 0.000326 seconds to synchronously load lazily loaded font '../../../Engine/Content/Slate/Fonts/Roboto-Light.ttf' (167K)
[2020.05.16-21.22.14:546][969]LogMetaData: Removing '/Game/WeaponSystemSimplified/WeaponComponents-Simplifieds/WeapComp-Simp_Bases/WeapComp-Simp_Muzzle_Base.WeapComp-Simp_Muzzle_Base_C' ref from Metadata '/Game/WeaponSystemSimplified/WEAPonCOMPonents-SIMPlified/WeapComp-Simp_Bases/WeapComp-Simp_Muzzle_Base.PackageMetaData'
[2020.05.16-21.22.14:546][969]LogMetaData: Removing '/Game/WeaponSystemSimplified/WeaponComponents-Simplifieds/WeapComp-Simp_Bases/WeapComp-Simp_Muzzle_Base.SKEL_WeapComp-Simp_Muzzle_Base_C' ref from Metadata '/Game/WeaponSystemSimplified/WEAPonCOMPonents-SIMPlified/WeapComp-Simp_Bases/WeapComp-Simp_Muzzle_Base.PackageMetaData'
[2020.05.16-21.22.14:546][969]LogMetaData: Removing '/Game/WeaponSystemSimplified/WeaponComponents-Simplifieds/WeapComp-Simp_Bases/WeapComp-Simp_Muzzle_Base.SKEL_WeapComp-Simp_Muzzle_Base_C:ReceiveBeginPlay' ref from Metadata '/Game/WeaponSystemSimplified/WEAPonCOMPonents-SIMPlified/WeapComp-Simp_Bases/WeapComp-Simp_Muzzle_Base.PackageMetaData'
[2020.05.16-21.22.14:546][969]LogMetaData: Removing '/Game/WeaponSystemSimplified/WeaponComponents-Simplifieds/WeapComp-Simp_Bases/WeapComp-Simp_Muzzle_Base.SKEL_WeapComp-Simp_Muzzle_Base_C:ReceiveTick' ref from Metadata '/Game/WeaponSystemSimplified/WEAPonCOMPonents-SIMPlified/WeapComp-Simp_Bases/WeapComp-Simp_Muzzle_Base.PackageMetaData'
[2020.05.16-21.22.14:546][969]LogMetaData: Removing '/Game/WeaponSystemSimplified/WeaponComponents-Simplifieds/WeapComp-Simp_Bases/WeapComp-Simp_Muzzle_Base.WeapComp-Simp_Muzzle_Base:EventGraph.K2Node_Event_0' ref from Metadata '/Game/WeaponSystemSimplified/WEAPonCOMPonents-SIMPlified/WeapComp-Simp_Bases/WeapComp-Simp_Muzzle_Base.PackageMetaData'
[2020.05.16-21.22.14:546][969]LogMetaData: Removing '/Game/WeaponSystemSimplified/WeaponComponents-Simplifieds/WeapComp-Simp_Bases/WeapComp-Simp_Muzzle_Base.WeapComp-Simp_Muzzle_Base:EventGraph.K2Node_CallParentFunction_0' ref from Metadata '/Game/WeaponSystemSimplified/WEAPonCOMPonents-SIMPlified/WeapComp-Simp_Bases/WeapComp-Simp_Muzzle_Base.PackageMetaData'
[2020.05.16-21.22.14:546][969]LogMetaData: Removing '/Game/WeaponSystemSimplified/WeaponComponents-Simplifieds/WeapComp-Simp_Bases/WeapComp-Simp_Muzzle_Base.WeapComp-Simp_Muzzle_Base:EventGraph.K2Node_Event_1' ref from Metadata '/Game/WeaponSystemSimplified/WEAPonCOMPonents-SIMPlified/WeapComp-Simp_Bases/WeapComp-Simp_Muzzle_Base.PackageMetaData'
[2020.05.16-21.22.14:546][969]LogMetaData: Removing '/Game/WeaponSystemSimplified/WeaponComponents-Simplifieds/WeapComp-Simp_Bases/WeapComp-Simp_Muzzle_Base.WeapComp-Simp_Muzzle_Base:EventGraph.K2Node_CallParentFunction_1' ref from Metadata '/Game/WeaponSystemSimplified/WEAPonCOMPonents-SIMPlified/WeapComp-Simp_Bases/WeapComp-Simp_Muzzle_Base.PackageMetaData'
[2020.05.16-21.22.14:557][969]LogMetaData: Removing '/Game/WeaponSystemSimplified/WeaponComponents-Simplifieds/WeapComp-Simp_Bases/WeapComp-Simp_Barrels/WeapComp-Simp_Barrel_Base.WeapComp-Simp_Barrel_Base_C' ref from Metadata '/Game/WeaponSystemSimplified/WEAPonCOMPonents-SIMPlified/WeapComp-Simp_Bases/WeapComp-Simp_Barrels/WeapComp-Simp_Barrel_Base.PackageMetaData'
[2020.05.16-21.22.14:557][969]LogMetaData: Removing '/Game/WeaponSystemSimplified/WeaponComponents-Simplifieds/WeapComp-Simp_Bases/WeapComp-Simp_Barrels/WeapComp-Simp_Barrel_Base.SKEL_WeapComp-Simp_Barrel_Base_C' ref from Metadata '/Game/WeaponSystemSimplified/WEAPonCOMPonents-SIMPlified/WeapComp-Simp_Bases/WeapComp-Simp_Barrels/WeapComp-Simp_Barrel_Base.PackageMetaData'
[2020.05.16-21.22.14:557][969]LogMetaData: Removing '/Game/WeaponSystemSimplified/WeaponComponents-Simplifieds/WeapComp-Simp_Bases/WeapComp-Simp_Barrels/WeapComp-Simp_Barrel_Base.WeapComp-Simp_Barrel_Base:EventGraph.K2Node_Event_0' ref from Metadata '/Game/WeaponSystemSimplified/WEAPonCOMPonents-SIMPlified/WeapComp-Simp_Bases/WeapComp-Simp_Barrels/WeapComp-Simp_Barrel_Base.PackageMetaData'
[2020.05.16-21.22.14:557][969]LogMetaData: Removing '/Game/WeaponSystemSimplified/WeaponComponents-Simplifieds/WeapComp-Simp_Bases/WeapComp-Simp_Barrels/WeapComp-Simp_Barrel_Base.WeapComp-Simp_Barrel_Base:EventGraph.K2Node_CallParentFunction_0' ref from Metadata '/Game/WeaponSystemSimplified/WEAPonCOMPonents-SIMPlified/WeapComp-Simp_Bases/WeapComp-Simp_Barrels/WeapComp-Simp_Barrel_Base.PackageMetaData'
[2020.05.16-21.22.14:557][969]LogMetaData: Removing '/Game/WeaponSystemSimplified/WeaponComponents-Simplifieds/WeapComp-Simp_Bases/WeapComp-Simp_Barrels/WeapComp-Simp_Barrel_Base.WeapComp-Simp_Barrel_Base:EventGraph.K2Node_Event_1' ref from Metadata '/Game/WeaponSystemSimplified/WEAPonCOMPonents-SIMPlified/WeapComp-Simp_Bases/WeapComp-Simp_Barrels/WeapComp-Simp_Barrel_Base.PackageMetaData'
[2020.05.16-21.22.14:557][969]LogMetaData: Removing '/Game/WeaponSystemSimplified/WeaponComponents-Simplifieds/WeapComp-Simp_Bases/WeapComp-Simp_Barrels/WeapComp-Simp_Barrel_Base.WeapComp-Simp_Barrel_Base:EventGraph.K2Node_CallParentFunction_1' ref from Metadata '/Game/WeaponSystemSimplified/WEAPonCOMPonents-SIMPlified/WeapComp-Simp_Bases/WeapComp-Simp_Barrels/WeapComp-Simp_Barrel_Base.PackageMetaData'
[2020.05.16-21.22.14:569][969]LogMetaData: Removing '/Game/WeaponSystemSimplified/WeaponComponents-Simplifieds/WeapComp-Simp_Bases/WeapComp-Simp_Chamber_Base.WeapComp-Simp_Chamber_Base_C' ref from Metadata '/Game/WeaponSystemSimplified/WEAPonCOMPonents-SIMPlified/WeapComp-Simp_Bases/WeapComp-Simp_Chamber_Base.PackageMetaData'
[2020.05.16-21.22.14:569][969]LogMetaData: Removing '/Game/WeaponSystemSimplified/WeaponComponents-Simplifieds/WeapComp-Simp_Bases/WeapComp-Simp_Chamber_Base.SKEL_WeapComp-Simp_Chamber_Base_C' ref from Metadata '/Game/WeaponSystemSimplified/WEAPonCOMPonents-SIMPlified/WeapComp-Simp_Bases/WeapComp-Simp_Chamber_Base.PackageMetaData'
[2020.05.16-21.22.14:569][969]LogMetaData: Removing '/Game/WeaponSystemSimplified/WeaponComponents-Simplifieds/WeapComp-Simp_Bases/WeapComp-Simp_Chamber_Base.WeapComp-Simp_Chamber_Base:EventGraph.K2Node_Event_0' ref from Metadata '/Game/WeaponSystemSimplified/WEAPonCOMPonents-SIMPlified/WeapComp-Simp_Bases/WeapComp-Simp_Chamber_Base.PackageMetaData'
[2020.05.16-21.22.14:569][969]LogMetaData: Removing '/Game/WeaponSystemSimplified/WeaponComponents-Simplifieds/WeapComp-Simp_Bases/WeapComp-Simp_Chamber_Base.WeapComp-Simp_Chamber_Base:EventGraph.K2Node_CallParentFunction_0' ref from Metadata '/Game/WeaponSystemSimplified/WEAPonCOMPonents-SIMPlified/WeapComp-Simp_Bases/WeapComp-Simp_Chamber_Base.PackageMetaData'
[2020.05.16-21.22.14:569][969]LogMetaData: Removing '/Game/WeaponSystemSimplified/WeaponComponents-Simplifieds/WeapComp-Simp_Bases/WeapComp-Simp_Chamber_Base.WeapComp-Simp_Chamber_Base:EventGraph.K2Node_Event_1' ref from Metadata '/Game/WeaponSystemSimplified/WEAPonCOMPonents-SIMPlified/WeapComp-Simp_Bases/WeapComp-Simp_Chamber_Base.PackageMetaData'
[2020.05.16-21.22.14:569][969]LogMetaData: Removing '/Game/WeaponSystemSimplified/WeaponComponents-Simplifieds/WeapComp-Simp_Bases/WeapComp-Simp_Chamber_Base.WeapComp-Simp_Chamber_Base:EventGraph.K2Node_CallParentFunction_1' ref from Metadata '/Game/WeaponSystemSimplified/WEAPonCOMPonents-SIMPlified/WeapComp-Simp_Bases/WeapComp-Simp_Chamber_Base.PackageMetaData'
[2020.05.16-21.22.14:580][969]LogMetaData: Removing '/Game/WeaponSystemSimplified/WeaponComponents-Simplifieds/WeapComp-Simp_Bases/WeapComp-Simp_FireControl_Base.WeapComp-Simp_FireControl_Base_C' ref from Metadata '/Game/WeaponSystemSimplified/WEAPonCOMPonents-SIMPlified/WeapComp-Simp_Bases/WeapComp-Simp_FireControl_Base.PackageMetaData'
[2020.05.16-21.22.14:580][969]LogMetaData: Removing '/Game/WeaponSystemSimplified/WeaponComponents-Simplifieds/WeapComp-Simp_Bases/WeapComp-Simp_FireControl_Base.SKEL_WeapComp-Simp_FireControl_Base_C' ref from Metadata '/Game/WeaponSystemSimplified/WEAPonCOMPonents-SIMPlified/WeapComp-Simp_Bases/WeapComp-Simp_FireControl_Base.PackageMetaData'
[2020.05.16-21.22.14:580][969]LogMetaData: Removing '/Game/WeaponSystemSimplified/WeaponComponents-Simplifieds/WeapComp-Simp_Bases/WeapComp-Simp_FireControl_Base.WeapComp-Simp_FireControl_Base:EventGraph.K2Node_Event_0' ref from Metadata '/Game/WeaponSystemSimplified/WEAPonCOMPonents-SIMPlified/WeapComp-Simp_Bases/WeapComp-Simp_FireControl_Base.PackageMetaData'
[2020.05.16-21.22.14:580][969]LogMetaData: Removing '/Game/WeaponSystemSimplified/WeaponComponents-Simplifieds/WeapComp-Simp_Bases/WeapComp-Simp_FireControl_Base.WeapComp-Simp_FireControl_Base:EventGraph.K2Node_CallParentFunction_0' ref from Metadata '/Game/WeaponSystemSimplified/WEAPonCOMPonents-SIMPlified/WeapComp-Simp_Bases/WeapComp-Simp_FireControl_Base.PackageMetaData'
[2020.05.16-21.22.14:580][969]LogMetaData: Removing '/Game/WeaponSystemSimplified/WeaponComponents-Simplifieds/WeapComp-Simp_Bases/WeapComp-Simp_FireControl_Base.WeapComp-Simp_FireControl_Base:EventGraph.K2Node_Event_1' ref from Metadata '/Game/WeaponSystemSimplified/WEAPonCOMPonents-SIMPlified/WeapComp-Simp_Bases/WeapComp-Simp_FireControl_Base.PackageMetaData'
[2020.05.16-21.22.14:580][969]LogMetaData: Removing '/Game/WeaponSystemSimplified/WeaponComponents-Simplifieds/WeapComp-Simp_Bases/WeapComp-Simp_FireControl_Base.WeapComp-Simp_FireControl_Base:EventGraph.K2Node_CallParentFunction_1' ref from Metadata '/Game/WeaponSystemSimplified/WEAPonCOMPonents-SIMPlified/WeapComp-Simp_Bases/WeapComp-Simp_FireControl_Base.PackageMetaData'
[2020.05.16-21.22.14:590][969]LogMetaData: Removing '/Game/WeaponSystemSimplified/WeaponComponents-Simplifieds/WeapComp-Simp_Bases/WeapComp-Simp_Hammer_Base.WeapComp-Simp_Hammer_Base_C' ref from Metadata '/Game/WeaponSystemSimplified/WEAPonCOMPonents-SIMPlified/WeapComp-Simp_Bases/WeapComp-Simp_Hammer_Base.PackageMetaData'
[2020.05.16-21.22.14:590][969]LogMetaData: Removing '/Game/WeaponSystemSimplified/WeaponComponents-Simplifieds/WeapComp-Simp_Bases/WeapComp-Simp_Hammer_Base.SKEL_WeapComp-Simp_Hammer_Base_C' ref from Metadata '/Game/WeaponSystemSimplified/WEAPonCOMPonents-SIMPlified/WeapComp-Simp_Bases/WeapComp-Simp_Hammer_Base.PackageMetaData'
[2020.05.16-21.22.14:590][969]LogMetaData: Removing '/Game/WeaponSystemSimplified/WeaponComponents-Simplifieds/WeapComp-Simp_Bases/WeapComp-Simp_Hammer_Base.WeapComp-Simp_Hammer_Base:EventGraph.K2Node_Event_0' ref from Metadata '/Game/WeaponSystemSimplified/WEAPonCOMPonents-SIMPlified/WeapComp-Simp_Bases/WeapComp-Simp_Hammer_Base.PackageMetaData'
[2020.05.16-21.22.14:590][969]LogMetaData: Removing '/Game/WeaponSystemSimplified/WeaponComponents-Simplifieds/WeapComp-Simp_Bases/WeapComp-Simp_Hammer_Base.WeapComp-Simp_Hammer_Base:EventGraph.K2Node_CallParentFunction_0' ref from Metadata '/Game/WeaponSystemSimplified/WEAPonCOMPonents-SIMPlified/WeapComp-Simp_Bases/WeapComp-Simp_Hammer_Base.PackageMetaData'
[2020.05.16-21.22.14:590][969]LogMetaData: Removing '/Game/WeaponSystemSimplified/WeaponComponents-Simplifieds/WeapComp-Simp_Bases/WeapComp-Simp_Hammer_Base.WeapComp-Simp_Hammer_Base:EventGraph.K2Node_Event_1' ref from Metadata '/Game/WeaponSystemSimplified/WEAPonCOMPonents-SIMPlified/WeapComp-Simp_Bases/WeapComp-Simp_Hammer_Base.PackageMetaData'
[2020.05.16-21.22.14:590][969]LogMetaData: Removing '/Game/WeaponSystemSimplified/WeaponComponents-Simplifieds/WeapComp-Simp_Bases/WeapComp-Simp_Hammer_Base.WeapComp-Simp_Hammer_Base:EventGraph.K2Node_CallParentFunction_1' ref from Metadata '/Game/WeaponSystemSimplified/WEAPonCOMPonents-SIMPlified/WeapComp-Simp_Bases/WeapComp-Simp_Hammer_Base.PackageMetaData'
[2020.05.16-21.22.14:600][969]LogMetaData: Removing '/Game/WeaponSystemSimplified/WeaponComponents-Simplifieds/WeapComp-Simp_Bases/WeapComp-Simp_Trigger_Base.WeapComp-Simp_Trigger_Base_C' ref from Metadata '/Game/WeaponSystemSimplified/WEAPonCOMPonents-SIMPlified/WeapComp-Simp_Bases/WeapComp-Simp_Trigger_Base.PackageMetaData'
[2020.05.16-21.22.14:601][969]LogMetaData: Removing '/Game/WeaponSystemSimplified/WeaponComponents-Simplifieds/WeapComp-Simp_Bases/WeapComp-Simp_Trigger_Base.SKEL_WeapComp-Simp_Trigger_Base_C' ref from Metadata '/Game/WeaponSystemSimplified/WEAPonCOMPonents-SIMPlified/WeapComp-Simp_Bases/WeapComp-Simp_Trigger_Base.PackageMetaData'
[2020.05.16-21.22.14:601][969]LogMetaData: Removing '/Game/WeaponSystemSimplified/WeaponComponents-Simplifieds/WeapComp-Simp_Bases/WeapComp-Simp_Trigger_Base.WeapComp-Simp_Trigger_Base:EventGraph.K2Node_Event_0' ref from Metadata '/Game/WeaponSystemSimplified/WEAPonCOMPonents-SIMPlified/WeapComp-Simp_Bases/WeapComp-Simp_Trigger_Base.PackageMetaData'
[2020.05.16-21.22.14:601][969]LogMetaData: Removing '/Game/WeaponSystemSimplified/WeaponComponents-Simplifieds/WeapComp-Simp_Bases/WeapComp-Simp_Trigger_Base.WeapComp-Simp_Trigger_Base:EventGraph.K2Node_CallParentFunction_0' ref from Metadata '/Game/WeaponSystemSimplified/WEAPonCOMPonents-SIMPlified/WeapComp-Simp_Bases/WeapComp-Simp_Trigger_Base.PackageMetaData'
[2020.05.16-21.22.14:601][969]LogMetaData: Removing '/Game/WeaponSystemSimplified/WeaponComponents-Simplifieds/WeapComp-Simp_Bases/WeapComp-Simp_Trigger_Base.WeapComp-Simp_Trigger_Base:EventGraph.K2Node_Event_1' ref from Metadata '/Game/WeaponSystemSimplified/WEAPonCOMPonents-SIMPlified/WeapComp-Simp_Bases/WeapComp-Simp_Trigger_Base.PackageMetaData'
[2020.05.16-21.22.14:601][969]LogMetaData: Removing '/Game/WeaponSystemSimplified/WeaponComponents-Simplifieds/WeapComp-Simp_Bases/WeapComp-Simp_Trigger_Base.WeapComp-Simp_Trigger_Base:EventGraph.K2Node_CallParentFunction_1' ref from Metadata '/Game/WeaponSystemSimplified/WEAPonCOMPonents-SIMPlified/WeapComp-Simp_Bases/WeapComp-Simp_Trigger_Base.PackageMetaData'
[2020.05.16-21.22.14:612][969]LogMetaData: Removing '/Game/WeaponSystemSimplified/WeaponComponents-Simplifieds/WeapComp-Simp_Bases/WeapComp-Simp_Magizine_Base.WeapComp-Simp_Magizine_Base_C' ref from Metadata '/Game/WeaponSystemSimplified/WEAPonCOMPonents-SIMPlified/WeapComp-Simp_Bases/WeapComp-Simp_Magizine_Base.PackageMetaData'
[2020.05.16-21.22.14:613][969]LogMetaData: Removing '/Game/WeaponSystemSimplified/WeaponComponents-Simplifieds/WeapComp-Simp_Bases/WeapComp-Simp_Magizine_Base.SKEL_WeapComp-Simp_Magizine_Base_C' ref from Metadata '/Game/WeaponSystemSimplified/WEAPonCOMPonents-SIMPlified/WeapComp-Simp_Bases/WeapComp-Simp_Magizine_Base.PackageMetaData'
[2020.05.16-21.22.14:613][969]LogMetaData: Removing '/Game/WeaponSystemSimplified/WeaponComponents-Simplifieds/WeapComp-Simp_Bases/WeapComp-Simp_Magizine_Base.WeapComp-Simp_Magizine_Base:EventGraph.K2Node_Event_0' ref from Metadata '/Game/WeaponSystemSimplified/WEAPonCOMPonents-SIMPlified/WeapComp-Simp_Bases/WeapComp-Simp_Magizine_Base.PackageMetaData'
[2020.05.16-21.22.14:613][969]LogMetaData: Removing '/Game/WeaponSystemSimplified/WeaponComponents-Simplifieds/WeapComp-Simp_Bases/WeapComp-Simp_Magizine_Base.WeapComp-Simp_Magizine_Base:EventGraph.K2Node_CallParentFunction_0' ref from Metadata '/Game/WeaponSystemSimplified/WEAPonCOMPonents-SIMPlified/WeapComp-Simp_Bases/WeapComp-Simp_Magizine_Base.PackageMetaData'
[2020.05.16-21.22.14:613][969]LogMetaData: Removing '/Game/WeaponSystemSimplified/WeaponComponents-Simplifieds/WeapComp-Simp_Bases/WeapComp-Simp_Magizine_Base.WeapComp-Simp_Magizine_Base:EventGraph.K2Node_Event_1' ref from Metadata '/Game/WeaponSystemSimplified/WEAPonCOMPonents-SIMPlified/WeapComp-Simp_Bases/WeapComp-Simp_Magizine_Base.PackageMetaData'
[2020.05.16-21.22.14:613][969]LogMetaData: Removing '/Game/WeaponSystemSimplified/WeaponComponents-Simplifieds/WeapComp-Simp_Bases/WeapComp-Simp_Magizine_Base.WeapComp-Simp_Magizine_Base:EventGraph.K2Node_CallParentFunction_1' ref from Metadata '/Game/WeaponSystemSimplified/WEAPonCOMPonents-SIMPlified/WeapComp-Simp_Bases/WeapComp-Simp_Magizine_Base.PackageMetaData'
[2020.05.16-21.22.14:622][969]LogMetaData: Removing '/Game/WeaponSystemSimplified/WeaponComponents-Simplifieds/WeapComp-Simp_Bases/WeapComp-Simp_Bolt_Base.WeapComp-Simp_Bolt_Base_C' ref from Metadata '/Game/WeaponSystemSimplified/WEAPonCOMPonents-SIMPlified/WeapComp-Simp_Bases/WeapComp-Simp_Bolt_Base.PackageMetaData'
[2020.05.16-21.22.14:623][969]LogMetaData: Removing '/Game/WeaponSystemSimplified/WeaponComponents-Simplifieds/WeapComp-Simp_Bases/WeapComp-Simp_Bolt_Base.SKEL_WeapComp-Simp_Bolt_Base_C' ref from Metadata '/Game/WeaponSystemSimplified/WEAPonCOMPonents-SIMPlified/WeapComp-Simp_Bases/WeapComp-Simp_Bolt_Base.PackageMetaData'
[2020.05.16-21.22.14:623][969]LogMetaData: Removing '/Game/WeaponSystemSimplified/WeaponComponents-Simplifieds/WeapComp-Simp_Bases/WeapComp-Simp_Bolt_Base.WeapComp-Simp_Bolt_Base:EventGraph.K2Node_Event_0' ref from Metadata '/Game/WeaponSystemSimplified/WEAPonCOMPonents-SIMPlified/WeapComp-Simp_Bases/WeapComp-Simp_Bolt_Base.PackageMetaData'
[2020.05.16-21.22.14:623][969]LogMetaData: Removing '/Game/WeaponSystemSimplified/WeaponComponents-Simplifieds/WeapComp-Simp_Bases/WeapComp-Simp_Bolt_Base.WeapComp-Simp_Bolt_Base:EventGraph.K2Node_CallParentFunction_0' ref from Metadata '/Game/WeaponSystemSimplified/WEAPonCOMPonents-SIMPlified/WeapComp-Simp_Bases/WeapComp-Simp_Bolt_Base.PackageMetaData'
[2020.05.16-21.22.14:623][969]LogMetaData: Removing '/Game/WeaponSystemSimplified/WeaponComponents-Simplifieds/WeapComp-Simp_Bases/WeapComp-Simp_Bolt_Base.WeapComp-Simp_Bolt_Base:EventGraph.K2Node_Event_1' ref from Metadata '/Game/WeaponSystemSimplified/WEAPonCOMPonents-SIMPlified/WeapComp-Simp_Bases/WeapComp-Simp_Bolt_Base.PackageMetaData'
[2020.05.16-21.22.14:623][969]LogMetaData: Removing '/Game/WeaponSystemSimplified/WeaponComponents-Simplifieds/WeapComp-Simp_Bases/WeapComp-Simp_Bolt_Base.WeapComp-Simp_Bolt_Base:EventGraph.K2Node_CallParentFunction_1' ref from Metadata '/Game/WeaponSystemSimplified/WEAPonCOMPonents-SIMPlified/WeapComp-Simp_Bases/WeapComp-Simp_Bolt_Base.PackageMetaData'
[2020.05.16-21.22.14:637][969]LogMetaData: Removing '/Game/WeaponSystemSimplified/WeaponComponents-Simplifieds/WeapComp-Simp_Bases/WeapComp-Simp_Feedport_Base.WeapComp-Simp_Feedport_Base_C' ref from Metadata '/Game/WeaponSystemSimplified/WEAPonCOMPonents-SIMPlified/WeapComp-Simp_Bases/WeapComp-Simp_Feedport_Base.PackageMetaData'
[2020.05.16-21.22.14:637][969]LogMetaData: Removing '/Game/WeaponSystemSimplified/WeaponComponents-Simplifieds/WeapComp-Simp_Bases/WeapComp-Simp_Feedport_Base.SKEL_WeapComp-Simp_Feedport_Base_C' ref from Metadata '/Game/WeaponSystemSimplified/WEAPonCOMPonents-SIMPlified/WeapComp-Simp_Bases/WeapComp-Simp_Feedport_Base.PackageMetaData'
[2020.05.16-21.22.14:637][969]LogMetaData: Removing '/Game/WeaponSystemSimplified/WeaponComponents-Simplifieds/WeapComp-Simp_Bases/WeapComp-Simp_Feedport_Base.WeapComp-Simp_Feedport_Base:EventGraph.K2Node_Event_0' ref from Metadata '/Game/WeaponSystemSimplified/WEAPonCOMPonents-SIMPlified/WeapComp-Simp_Bases/WeapComp-Simp_Feedport_Base.PackageMetaData'
[2020.05.16-21.22.14:637][969]LogMetaData: Removing '/Game/WeaponSystemSimplified/WeaponComponents-Simplifieds/WeapComp-Simp_Bases/WeapComp-Simp_Feedport_Base.WeapComp-Simp_Feedport_Base:EventGraph.K2Node_CallParentFunction_0' ref from Metadata '/Game/WeaponSystemSimplified/WEAPonCOMPonents-SIMPlified/WeapComp-Simp_Bases/WeapComp-Simp_Feedport_Base.PackageMetaData'
[2020.05.16-21.22.14:637][969]LogMetaData: Removing '/Game/WeaponSystemSimplified/WeaponComponents-Simplifieds/WeapComp-Simp_Bases/WeapComp-Simp_Feedport_Base.WeapComp-Simp_Feedport_Base:EventGraph.K2Node_Event_1' ref from Metadata '/Game/WeaponSystemSimplified/WEAPonCOMPonents-SIMPlified/WeapComp-Simp_Bases/WeapComp-Simp_Feedport_Base.PackageMetaData'
[2020.05.16-21.22.14:637][969]LogMetaData: Removing '/Game/WeaponSystemSimplified/WeaponComponents-Simplifieds/WeapComp-Simp_Bases/WeapComp-Simp_Feedport_Base.WeapComp-Simp_Feedport_Base:EventGraph.K2Node_CallParentFunction_1' ref from Metadata '/Game/WeaponSystemSimplified/WEAPonCOMPonents-SIMPlified/WeapComp-Simp_Bases/WeapComp-Simp_Feedport_Base.PackageMetaData'
[2020.05.16-21.22.14:647][969]LogMetaData: Removing '/Game/WeaponSystemSimplified/WeaponComponents-Simplifieds/WeapComp-Simp_Base.WeapComp-Simp_Base_C' ref from Metadata '/Game/WeaponSystemSimplified/WEAPonCOMPonents-SIMPlified/WeapComp-Simp_Base.PackageMetaData'
[2020.05.16-21.22.14:647][969]LogMetaData: Removing '/Game/WeaponSystemSimplified/WeaponComponents-Simplifieds/WeapComp-Simp_Base.SKEL_WeapComp-Simp_Base_C' ref from Metadata '/Game/WeaponSystemSimplified/WEAPonCOMPonents-SIMPlified/WeapComp-Simp_Base.PackageMetaData'
[2020.05.16-21.22.14:647][969]LogMetaData: Removing '/Game/WeaponSystemSimplified/WeaponComponents-Simplifieds/WeapComp-Simp_Base.SKEL_WeapComp-Simp_Base_C:ReceiveBeginPlay' ref from Metadata '/Game/WeaponSystemSimplified/WEAPonCOMPonents-SIMPlified/WeapComp-Simp_Base.PackageMetaData'
[2020.05.16-21.22.14:647][969]LogMetaData: Removing '/Game/WeaponSystemSimplified/WeaponComponents-Simplifieds/WeapComp-Simp_Base.SKEL_WeapComp-Simp_Base_C:ReceiveTick' ref from Metadata '/Game/WeaponSystemSimplified/WEAPonCOMPonents-SIMPlified/WeapComp-Simp_Base.PackageMetaData'
[2020.05.16-21.22.14:647][969]LogMetaData: Removing '/Game/WeaponSystemSimplified/WeaponComponents-Simplifieds/WeapComp-Simp_Base.WeapComp-Simp_Base:EventGraph.K2Node_Event_0' ref from Metadata '/Game/WeaponSystemSimplified/WEAPonCOMPonents-SIMPlified/WeapComp-Simp_Base.PackageMetaData'
[2020.05.16-21.22.14:647][969]LogMetaData: Removing '/Game/WeaponSystemSimplified/WeaponComponents-Simplifieds/WeapComp-Simp_Base.WeapComp-Simp_Base:EventGraph.K2Node_Event_1' ref from Metadata '/Game/WeaponSystemSimplified/WEAPonCOMPonents-SIMPlified/WeapComp-Simp_Base.PackageMetaData'
[2020.05.16-21.22.14:694][969]LogSavePackage: Moving 'C:/Users/danny/Desktop/Systems_Sandbox/Systems_Sandbox/Saved/WeapComp-Simp_Muzzle_BaseD80BA50942BE77A825014782C24B269E.tmp' to 'C:/Users/danny/Desktop/Systems_Sandbox/Systems_Sandbox/Content/WeaponSystemSimplified/WeaponComponents-Simplifieds/WeapComp-Simp_Bases/WeapComp-Simp_Muzzle_Base.uasset'
[2020.05.16-21.22.14:728][969]LogSavePackage: Moving 'C:/Users/danny/Desktop/Systems_Sandbox/Systems_Sandbox/Saved/WeapComp-Simp_Barrel_Base747C59F54394BA647AAF26A1087DFD4E.tmp' to 'C:/Users/danny/Desktop/Systems_Sandbox/Systems_Sandbox/Content/WeaponSystemSimplified/WeaponComponents-Simplifieds/WeapComp-Simp_Bases/WeapComp-Simp_Barrels/WeapComp-Simp_Barrel_Base.uasset'
[2020.05.16-21.22.14:753][969]LogSavePackage: Moving 'C:/Users/danny/Desktop/Systems_Sandbox/Systems_Sandbox/Saved/WeapComp-Simp_Chamber_BaseA3697A1E46E69BCAF739BDB6B6BBF887.tmp' to 'C:/Users/danny/Desktop/Systems_Sandbox/Systems_Sandbox/Content/WeaponSystemSimplified/WeaponComponents-Simplifieds/WeapComp-Simp_Bases/WeapComp-Simp_Chamber_Base.uasset'
[2020.05.16-21.22.14:779][969]LogSavePackage: Moving 'C:/Users/danny/Desktop/Systems_Sandbox/Systems_Sandbox/Saved/WeapComp-Simp_FireControl_Base2A46AB5842D78EB52B0326BF148CF6E2.tmp' to 'C:/Users/danny/Desktop/Systems_Sandbox/Systems_Sandbox/Content/WeaponSystemSimplified/WeaponComponents-Simplifieds/WeapComp-Simp_Bases/WeapComp-Simp_FireControl_Base.uasset'
[2020.05.16-21.22.14:800][969]LogSavePackage: Moving 'C:/Users/danny/Desktop/Systems_Sandbox/Systems_Sandbox/Saved/WeapComp-Simp_Hammer_BaseFE5BD5324B62FF710A685AA360431EDC.tmp' to 'C:/Users/danny/Desktop/Systems_Sandbox/Systems_Sandbox/Content/WeaponSystemSimplified/WeaponComponents-Simplifieds/WeapComp-Simp_Bases/WeapComp-Simp_Hammer_Base.uasset'
[2020.05.16-21.22.14:823][969]LogSavePackage: Moving 'C:/Users/danny/Desktop/Systems_Sandbox/Systems_Sandbox/Saved/WeapComp-Simp_Trigger_BaseE2DDE0C1475401182D3FCF92BF04C062.tmp' to 'C:/Users/danny/Desktop/Systems_Sandbox/Systems_Sandbox/Content/WeaponSystemSimplified/WeaponComponents-Simplifieds/WeapComp-Simp_Bases/WeapComp-Simp_Trigger_Base.uasset'
[2020.05.16-21.22.14:842][969]LogSavePackage: Moving 'C:/Users/danny/Desktop/Systems_Sandbox/Systems_Sandbox/Saved/WeapComp-Simp_Magizine_Base9F3C596D495C884CBB13E0B200170BF0.tmp' to 'C:/Users/danny/Desktop/Systems_Sandbox/Systems_Sandbox/Content/WeaponSystemSimplified/WeaponComponents-Simplifieds/WeapComp-Simp_Bases/WeapComp-Simp_Magizine_Base.uasset'
[2020.05.16-21.22.14:863][969]LogSavePackage: Moving 'C:/Users/danny/Desktop/Systems_Sandbox/Systems_Sandbox/Saved/WeapComp-Simp_Bolt_BaseAA32A37749DAF5B648F06587B8F8208F.tmp' to 'C:/Users/danny/Desktop/Systems_Sandbox/Systems_Sandbox/Content/WeaponSystemSimplified/WeaponComponents-Simplifieds/WeapComp-Simp_Bases/WeapComp-Simp_Bolt_Base.uasset'
[2020.05.16-21.22.14:883][969]LogSavePackage: Moving 'C:/Users/danny/Desktop/Systems_Sandbox/Systems_Sandbox/Saved/WeapComp-Simp_Feedport_Base2BF9492B478E4F3E10ACDBADC7F04A09.tmp' to 'C:/Users/danny/Desktop/Systems_Sandbox/Systems_Sandbox/Content/WeaponSystemSimplified/WeaponComponents-Simplifieds/WeapComp-Simp_Bases/WeapComp-Simp_Feedport_Base.uasset'
[2020.05.16-21.22.14:898][969]LogSavePackage: Moving 'C:/Users/danny/Desktop/Systems_Sandbox/Systems_Sandbox/Saved/WeapComp-Simp_Base453737DA4A7DE2A2C90D65B575E73B02.tmp' to 'C:/Users/danny/Desktop/Systems_Sandbox/Systems_Sandbox/Content/WeaponSystemSimplified/WeaponComponents-Simplifieds/WeapComp-Simp_Base.uasset'
[2020.05.16-21.22.15:949][969]LogUObjectHash: Compacting FUObjectHashTables data took   1.90ms
[2020.05.16-21.22.15:984][969]LogUObjectHash: Compacting FUObjectHashTables data took   0.77ms
[2020.05.16-21.22.16:023][969]LogUObjectHash: Compacting FUObjectHashTables data took   0.81ms
[2020.05.16-21.22.16:061][969]LogUObjectHash: Compacting FUObjectHashTables data took   0.74ms
[2020.05.16-21.22.16:094][969]LogUObjectHash: Compacting FUObjectHashTables data took   0.69ms
[2020.05.16-21.22.16:126][969]LogUObjectHash: Compacting FUObjectHashTables data took   0.84ms
[2020.05.16-21.22.16:168][969]LogUObjectHash: Compacting FUObjectHashTables data took   0.74ms
[2020.05.16-21.22.16:204][969]LogUObjectHash: Compacting FUObjectHashTables data took   1.07ms
[2020.05.16-21.22.16:241][969]LogUObjectHash: Compacting FUObjectHashTables data took   0.78ms
[2020.05.16-21.22.16:282][969]LogUObjectHash: Compacting FUObjectHashTables data took   0.64ms
[2020.05.16-21.22.16:324][969]LogUObjectHash: Compacting FUObjectHashTables data took   1.85ms
[2020.05.16-21.22.16:362][969]LogUObjectHash: Compacting FUObjectHashTables data took   0.73ms
[2020.05.16-21.22.16:587][972]LogPackageName: SearchForPackageOnDisk took   0.000s to resolve /Game/WeaponSystemSimplified/WeaponComponents-Simplifieds/WeapComp-Simp_Base.
[2020.05.16-21.22.16:595][972]LogPackageName: SearchForPackageOnDisk took   0.000s to resolve /Game/WeaponSystemSimplified/WeaponComponents-Simplifieds/WeapComp-Simp_Bases/WeapComp-Simp_Bolt_Base.
[2020.05.16-21.22.16:601][972]LogPackageName: SearchForPackageOnDisk took   0.000s to resolve /Game/WeaponSystemSimplified/WeaponComponents-Simplifieds/WeapComp-Simp_Bases/WeapComp-Simp_Chamber_Base.
[2020.05.16-21.22.16:607][972]LogPackageName: SearchForPackageOnDisk took   0.000s to resolve /Game/WeaponSystemSimplified/WeaponComponents-Simplifieds/WeapComp-Simp_Bases/WeapComp-Simp_Feedport_Base.
[2020.05.16-21.22.16:614][972]LogPackageName: SearchForPackageOnDisk took   0.000s to resolve /Game/WeaponSystemSimplified/WeaponComponents-Simplifieds/WeapComp-Simp_Bases/WeapComp-Simp_FireControl_Base.
[2020.05.16-21.22.16:621][972]LogPackageName: SearchForPackageOnDisk took   0.000s to resolve /Game/WeaponSystemSimplified/WeaponComponents-Simplifieds/WeapComp-Simp_Bases/WeapComp-Simp_Hammer_Base.
[2020.05.16-21.22.16:650][973]LogPackageName: SearchForPackageOnDisk took   0.000s to resolve /Game/WeaponSystemSimplified/WeaponComponents-Simplifieds/WeapComp-Simp_Bases/WeapComp-Simp_Magizine_Base.
[2020.05.16-21.22.16:659][973]LogPackageName: SearchForPackageOnDisk took   0.000s to resolve /Game/WeaponSystemSimplified/WeaponComponents-Simplifieds/WeapComp-Simp_Bases/WeapComp-Simp_Muzzle_Base.
[2020.05.16-21.22.16:666][973]LogPackageName: SearchForPackageOnDisk took   0.000s to resolve /Game/WeaponSystemSimplified/WeaponComponents-Simplifieds/WeapComp-Simp_Bases/WeapComp-Simp_Trigger_Base.
[2020.05.16-21.22.16:673][973]LogPackageName: SearchForPackageOnDisk took   0.000s to resolve /Game/WeaponSystemSimplified/WeaponComponents-Simplifieds/WeapComp-Simp_Bases/WeapComp-Simp_Barrels/WeapComp-Simp_Barrel_Base.
[2020.05.16-21.22.23:471][764]LogMetaData: Removing '/Game/WeaponSystemSimplified/WeaponComponents-Simplified/WeapComp-Simp_Bases/WeapComp-Simp_Muzzle_Base.WeapComp-Simp_Muzzle_Base_C' ref from Metadata '/Game/WeaponSystemSimplified/WeaponComponents-Simplifieds/WeapComp-Simp_Bases/WeapComp-Simp_Muzzle_Base.PackageMetaData'
[2020.05.16-21.22.23:471][764]LogMetaData: Removing '/Game/WeaponSystemSimplified/WeaponComponents-Simplified/WeapComp-Simp_Bases/WeapComp-Simp_Muzzle_Base.SKEL_WeapComp-Simp_Muzzle_Base_C' ref from Metadata '/Game/WeaponSystemSimplified/WeaponComponents-Simplifieds/WeapComp-Simp_Bases/WeapComp-Simp_Muzzle_Base.PackageMetaData'
[2020.05.16-21.22.23:471][764]LogMetaData: Removing '/Game/WeaponSystemSimplified/WeaponComponents-Simplified/WeapComp-Simp_Bases/WeapComp-Simp_Muzzle_Base.SKEL_WeapComp-Simp_Muzzle_Base_C:ReceiveBeginPlay' ref from Metadata '/Game/WeaponSystemSimplified/WeaponComponents-Simplifieds/WeapComp-Simp_Bases/WeapComp-Simp_Muzzle_Base.PackageMetaData'
[2020.05.16-21.22.23:471][764]LogMetaData: Removing '/Game/WeaponSystemSimplified/WeaponComponents-Simplified/WeapComp-Simp_Bases/WeapComp-Simp_Muzzle_Base.SKEL_WeapComp-Simp_Muzzle_Base_C:ReceiveTick' ref from Metadata '/Game/WeaponSystemSimplified/WeaponComponents-Simplifieds/WeapComp-Simp_Bases/WeapComp-Simp_Muzzle_Base.PackageMetaData'
[2020.05.16-21.22.23:471][764]LogMetaData: Removing '/Game/WeaponSystemSimplified/WeaponComponents-Simplified/WeapComp-Simp_Bases/WeapComp-Simp_Muzzle_Base.WeapComp-Simp_Muzzle_Base:EventGraph.K2Node_Event_0' ref from Metadata '/Game/WeaponSystemSimplified/WeaponComponents-Simplifieds/WeapComp-Simp_Bases/WeapComp-Simp_Muzzle_Base.PackageMetaData'
[2020.05.16-21.22.23:471][764]LogMetaData: Removing '/Game/WeaponSystemSimplified/WeaponComponents-Simplified/WeapComp-Simp_Bases/WeapComp-Simp_Muzzle_Base.WeapComp-Simp_Muzzle_Base:EventGraph.K2Node_CallParentFunction_0' ref from Metadata '/Game/WeaponSystemSimplified/WeaponComponents-Simplifieds/WeapComp-Simp_Bases/WeapComp-Simp_Muzzle_Base.PackageMetaData'
[2020.05.16-21.22.23:471][764]LogMetaData: Removing '/Game/WeaponSystemSimplified/WeaponComponents-Simplified/WeapComp-Simp_Bases/WeapComp-Simp_Muzzle_Base.WeapComp-Simp_Muzzle_Base:EventGraph.K2Node_Event_1' ref from Metadata '/Game/WeaponSystemSimplified/WeaponComponents-Simplifieds/WeapComp-Simp_Bases/WeapComp-Simp_Muzzle_Base.PackageMetaData'
[2020.05.16-21.22.23:471][764]LogMetaData: Removing '/Game/WeaponSystemSimplified/WeaponComponents-Simplified/WeapComp-Simp_Bases/WeapComp-Simp_Muzzle_Base.WeapComp-Simp_Muzzle_Base:EventGraph.K2Node_CallParentFunction_1' ref from Metadata '/Game/WeaponSystemSimplified/WeaponComponents-Simplifieds/WeapComp-Simp_Bases/WeapComp-Simp_Muzzle_Base.PackageMetaData'
[2020.05.16-21.22.23:481][764]LogMetaData: Removing '/Game/WeaponSystemSimplified/WeaponComponents-Simplified/WeapComp-Simp_Bases/WeapComp-Simp_Barrels/WeapComp-Simp_Barrel_Base.WeapComp-Simp_Barrel_Base_C' ref from Metadata '/Game/WeaponSystemSimplified/WeaponComponents-Simplifieds/WeapComp-Simp_Bases/WeapComp-Simp_Barrels/WeapComp-Simp_Barrel_Base.PackageMetaData'
[2020.05.16-21.22.23:481][764]LogMetaData: Removing '/Game/WeaponSystemSimplified/WeaponComponents-Simplified/WeapComp-Simp_Bases/WeapComp-Simp_Barrels/WeapComp-Simp_Barrel_Base.SKEL_WeapComp-Simp_Barrel_Base_C' ref from Metadata '/Game/WeaponSystemSimplified/WeaponComponents-Simplifieds/WeapComp-Simp_Bases/WeapComp-Simp_Barrels/WeapComp-Simp_Barrel_Base.PackageMetaData'
[2020.05.16-21.22.23:481][764]LogMetaData: Removing '/Game/WeaponSystemSimplified/WeaponComponents-Simplified/WeapComp-Simp_Bases/WeapComp-Simp_Barrels/WeapComp-Simp_Barrel_Base.WeapComp-Simp_Barrel_Base:EventGraph.K2Node_Event_0' ref from Metadata '/Game/WeaponSystemSimplified/WeaponComponents-Simplifieds/WeapComp-Simp_Bases/WeapComp-Simp_Barrels/WeapComp-Simp_Barrel_Base.PackageMetaData'
[2020.05.16-21.22.23:481][764]LogMetaData: Removing '/Game/WeaponSystemSimplified/WeaponComponents-Simplified/WeapComp-Simp_Bases/WeapComp-Simp_Barrels/WeapComp-Simp_Barrel_Base.WeapComp-Simp_Barrel_Base:EventGraph.K2Node_CallParentFunction_0' ref from Metadata '/Game/WeaponSystemSimplified/WeaponComponents-Simplifieds/WeapComp-Simp_Bases/WeapComp-Simp_Barrels/WeapComp-Simp_Barrel_Base.PackageMetaData'
[2020.05.16-21.22.23:481][764]LogMetaData: Removing '/Game/WeaponSystemSimplified/WeaponComponents-Simplified/WeapComp-Simp_Bases/WeapComp-Simp_Barrels/WeapComp-Simp_Barrel_Base.WeapComp-Simp_Barrel_Base:EventGraph.K2Node_Event_1' ref from Metadata '/Game/WeaponSystemSimplified/WeaponComponents-Simplifieds/WeapComp-Simp_Bases/WeapComp-Simp_Barrels/WeapComp-Simp_Barrel_Base.PackageMetaData'
[2020.05.16-21.22.23:481][764]LogMetaData: Removing '/Game/WeaponSystemSimplified/WeaponComponents-Simplified/WeapComp-Simp_Bases/WeapComp-Simp_Barrels/WeapComp-Simp_Barrel_Base.WeapComp-Simp_Barrel_Base:EventGraph.K2Node_CallParentFunction_1' ref from Metadata '/Game/WeaponSystemSimplified/WeaponComponents-Simplifieds/WeapComp-Simp_Bases/WeapComp-Simp_Barrels/WeapComp-Simp_Barrel_Base.PackageMetaData'
[2020.05.16-21.22.23:490][764]LogMetaData: Removing '/Game/WeaponSystemSimplified/WeaponComponents-Simplified/WeapComp-Simp_Bases/WeapComp-Simp_Chamber_Base.WeapComp-Simp_Chamber_Base_C' ref from Metadata '/Game/WeaponSystemSimplified/WeaponComponents-Simplifieds/WeapComp-Simp_Bases/WeapComp-Simp_Chamber_Base.PackageMetaData'
[2020.05.16-21.22.23:490][764]LogMetaData: Removing '/Game/WeaponSystemSimplified/WeaponComponents-Simplified/WeapComp-Simp_Bases/WeapComp-Simp_Chamber_Base.SKEL_WeapComp-Simp_Chamber_Base_C' ref from Metadata '/Game/WeaponSystemSimplified/WeaponComponents-Simplifieds/WeapComp-Simp_Bases/WeapComp-Simp_Chamber_Base.PackageMetaData'
[2020.05.16-21.22.23:490][764]LogMetaData: Removing '/Game/WeaponSystemSimplified/WeaponComponents-Simplified/WeapComp-Simp_Bases/WeapComp-Simp_Chamber_Base.WeapComp-Simp_Chamber_Base:EventGraph.K2Node_Event_0' ref from Metadata '/Game/WeaponSystemSimplified/WeaponComponents-Simplifieds/WeapComp-Simp_Bases/WeapComp-Simp_Chamber_Base.PackageMetaData'
[2020.05.16-21.22.23:490][764]LogMetaData: Removing '/Game/WeaponSystemSimplified/WeaponComponents-Simplified/WeapComp-Simp_Bases/WeapComp-Simp_Chamber_Base.WeapComp-Simp_Chamber_Base:EventGraph.K2Node_CallParentFunction_0' ref from Metadata '/Game/WeaponSystemSimplified/WeaponComponents-Simplifieds/WeapComp-Simp_Bases/WeapComp-Simp_Chamber_Base.PackageMetaData'
[2020.05.16-21.22.23:490][764]LogMetaData: Removing '/Game/WeaponSystemSimplified/WeaponComponents-Simplified/WeapComp-Simp_Bases/WeapComp-Simp_Chamber_Base.WeapComp-Simp_Chamber_Base:EventGraph.K2Node_Event_1' ref from Metadata '/Game/WeaponSystemSimplified/WeaponComponents-Simplifieds/WeapComp-Simp_Bases/WeapComp-Simp_Chamber_Base.PackageMetaData'
[2020.05.16-21.22.23:490][764]LogMetaData: Removing '/Game/WeaponSystemSimplified/WeaponComponents-Simplified/WeapComp-Simp_Bases/WeapComp-Simp_Chamber_Base.WeapComp-Simp_Chamber_Base:EventGraph.K2Node_CallParentFunction_1' ref from Metadata '/Game/WeaponSystemSimplified/WeaponComponents-Simplifieds/WeapComp-Simp_Bases/WeapComp-Simp_Chamber_Base.PackageMetaData'
[2020.05.16-21.22.23:498][764]LogMetaData: Removing '/Game/WeaponSystemSimplified/WeaponComponents-Simplified/WeapComp-Simp_Bases/WeapComp-Simp_FireControl_Base.WeapComp-Simp_FireControl_Base_C' ref from Metadata '/Game/WeaponSystemSimplified/WeaponComponents-Simplifieds/WeapComp-Simp_Bases/WeapComp-Simp_FireControl_Base.PackageMetaData'
[2020.05.16-21.22.23:498][764]LogMetaData: Removing '/Game/WeaponSystemSimplified/WeaponComponents-Simplified/WeapComp-Simp_Bases/WeapComp-Simp_FireControl_Base.SKEL_WeapComp-Simp_FireControl_Base_C' ref from Metadata '/Game/WeaponSystemSimplified/WeaponComponents-Simplifieds/WeapComp-Simp_Bases/WeapComp-Simp_FireControl_Base.PackageMetaData'
[2020.05.16-21.22.23:498][764]LogMetaData: Removing '/Game/WeaponSystemSimplified/WeaponComponents-Simplified/WeapComp-Simp_Bases/WeapComp-Simp_FireControl_Base.WeapComp-Simp_FireControl_Base:EventGraph.K2Node_Event_0' ref from Metadata '/Game/WeaponSystemSimplified/WeaponComponents-Simplifieds/WeapComp-Simp_Bases/WeapComp-Simp_FireControl_Base.PackageMetaData'
[2020.05.16-21.22.23:498][764]LogMetaData: Removing '/Game/WeaponSystemSimplified/WeaponComponents-Simplified/WeapComp-Simp_Bases/WeapComp-Simp_FireControl_Base.WeapComp-Simp_FireControl_Base:EventGraph.K2Node_CallParentFunction_0' ref from Metadata '/Game/WeaponSystemSimplified/WeaponComponents-Simplifieds/WeapComp-Simp_Bases/WeapComp-Simp_FireControl_Base.PackageMetaData'
[2020.05.16-21.22.23:498][764]LogMetaData: Removing '/Game/WeaponSystemSimplified/WeaponComponents-Simplified/WeapComp-Simp_Bases/WeapComp-Simp_FireControl_Base.WeapComp-Simp_FireControl_Base:EventGraph.K2Node_Event_1' ref from Metadata '/Game/WeaponSystemSimplified/WeaponComponents-Simplifieds/WeapComp-Simp_Bases/WeapComp-Simp_FireControl_Base.PackageMetaData'
[2020.05.16-21.22.23:498][764]LogMetaData: Removing '/Game/WeaponSystemSimplified/WeaponComponents-Simplified/WeapComp-Simp_Bases/WeapComp-Simp_FireControl_Base.WeapComp-Simp_FireControl_Base:EventGraph.K2Node_CallParentFunction_1' ref from Metadata '/Game/WeaponSystemSimplified/WeaponComponents-Simplifieds/WeapComp-Simp_Bases/WeapComp-Simp_FireControl_Base.PackageMetaData'
[2020.05.16-21.22.23:506][764]LogMetaData: Removing '/Game/WeaponSystemSimplified/WeaponComponents-Simplified/WeapComp-Simp_Bases/WeapComp-Simp_Hammer_Base.WeapComp-Simp_Hammer_Base_C' ref from Metadata '/Game/WeaponSystemSimplified/WeaponComponents-Simplifieds/WeapComp-Simp_Bases/WeapComp-Simp_Hammer_Base.PackageMetaData'
[2020.05.16-21.22.23:507][764]LogMetaData: Removing '/Game/WeaponSystemSimplified/WeaponComponents-Simplified/WeapComp-Simp_Bases/WeapComp-Simp_Hammer_Base.SKEL_WeapComp-Simp_Hammer_Base_C' ref from Metadata '/Game/WeaponSystemSimplified/WeaponComponents-Simplifieds/WeapComp-Simp_Bases/WeapComp-Simp_Hammer_Base.PackageMetaData'
[2020.05.16-21.22.23:507][764]LogMetaData: Removing '/Game/WeaponSystemSimplified/WeaponComponents-Simplified/WeapComp-Simp_Bases/WeapComp-Simp_Hammer_Base.WeapComp-Simp_Hammer_Base:EventGraph.K2Node_Event_0' ref from Metadata '/Game/WeaponSystemSimplified/WeaponComponents-Simplifieds/WeapComp-Simp_Bases/WeapComp-Simp_Hammer_Base.PackageMetaData'
[2020.05.16-21.22.23:507][764]LogMetaData: Removing '/Game/WeaponSystemSimplified/WeaponComponents-Simplified/WeapComp-Simp_Bases/WeapComp-Simp_Hammer_Base.WeapComp-Simp_Hammer_Base:EventGraph.K2Node_CallParentFunction_0' ref from Metadata '/Game/WeaponSystemSimplified/WeaponComponents-Simplifieds/WeapComp-Simp_Bases/WeapComp-Simp_Hammer_Base.PackageMetaData'
[2020.05.16-21.22.23:507][764]LogMetaData: Removing '/Game/WeaponSystemSimplified/WeaponComponents-Simplified/WeapComp-Simp_Bases/WeapComp-Simp_Hammer_Base.WeapComp-Simp_Hammer_Base:EventGraph.K2Node_Event_1' ref from Metadata '/Game/WeaponSystemSimplified/WeaponComponents-Simplifieds/WeapComp-Simp_Bases/WeapComp-Simp_Hammer_Base.PackageMetaData'
[2020.05.16-21.22.23:507][764]LogMetaData: Removing '/Game/WeaponSystemSimplified/WeaponComponents-Simplified/WeapComp-Simp_Bases/WeapComp-Simp_Hammer_Base.WeapComp-Simp_Hammer_Base:EventGraph.K2Node_CallParentFunction_1' ref from Metadata '/Game/WeaponSystemSimplified/WeaponComponents-Simplifieds/WeapComp-Simp_Bases/WeapComp-Simp_Hammer_Base.PackageMetaData'
[2020.05.16-21.22.23:516][764]LogMetaData: Removing '/Game/WeaponSystemSimplified/WeaponComponents-Simplified/WeapComp-Simp_Bases/WeapComp-Simp_Trigger_Base.WeapComp-Simp_Trigger_Base_C' ref from Metadata '/Game/WeaponSystemSimplified/WeaponComponents-Simplifieds/WeapComp-Simp_Bases/WeapComp-Simp_Trigger_Base.PackageMetaData'
[2020.05.16-21.22.23:516][764]LogMetaData: Removing '/Game/WeaponSystemSimplified/WeaponComponents-Simplified/WeapComp-Simp_Bases/WeapComp-Simp_Trigger_Base.SKEL_WeapComp-Simp_Trigger_Base_C' ref from Metadata '/Game/WeaponSystemSimplified/WeaponComponents-Simplifieds/WeapComp-Simp_Bases/WeapComp-Simp_Trigger_Base.PackageMetaData'
[2020.05.16-21.22.23:516][764]LogMetaData: Removing '/Game/WeaponSystemSimplified/WeaponComponents-Simplified/WeapComp-Simp_Bases/WeapComp-Simp_Trigger_Base.WeapComp-Simp_Trigger_Base:EventGraph.K2Node_Event_0' ref from Metadata '/Game/WeaponSystemSimplified/WeaponComponents-Simplifieds/WeapComp-Simp_Bases/WeapComp-Simp_Trigger_Base.PackageMetaData'
[2020.05.16-21.22.23:516][764]LogMetaData: Removing '/Game/WeaponSystemSimplified/WeaponComponents-Simplified/WeapComp-Simp_Bases/WeapComp-Simp_Trigger_Base.WeapComp-Simp_Trigger_Base:EventGraph.K2Node_CallParentFunction_0' ref from Metadata '/Game/WeaponSystemSimplified/WeaponComponents-Simplifieds/WeapComp-Simp_Bases/WeapComp-Simp_Trigger_Base.PackageMetaData'
[2020.05.16-21.22.23:516][764]LogMetaData: Removing '/Game/WeaponSystemSimplified/WeaponComponents-Simplified/WeapComp-Simp_Bases/WeapComp-Simp_Trigger_Base.WeapComp-Simp_Trigger_Base:EventGraph.K2Node_Event_1' ref from Metadata '/Game/WeaponSystemSimplified/WeaponComponents-Simplifieds/WeapComp-Simp_Bases/WeapComp-Simp_Trigger_Base.PackageMetaData'
[2020.05.16-21.22.23:516][764]LogMetaData: Removing '/Game/WeaponSystemSimplified/WeaponComponents-Simplified/WeapComp-Simp_Bases/WeapComp-Simp_Trigger_Base.WeapComp-Simp_Trigger_Base:EventGraph.K2Node_CallParentFunction_1' ref from Metadata '/Game/WeaponSystemSimplified/WeaponComponents-Simplifieds/WeapComp-Simp_Bases/WeapComp-Simp_Trigger_Base.PackageMetaData'
[2020.05.16-21.22.23:525][764]LogMetaData: Removing '/Game/WeaponSystemSimplified/WeaponComponents-Simplified/WeapComp-Simp_Bases/WeapComp-Simp_Magizine_Base.WeapComp-Simp_Magizine_Base_C' ref from Metadata '/Game/WeaponSystemSimplified/WeaponComponents-Simplifieds/WeapComp-Simp_Bases/WeapComp-Simp_Magizine_Base.PackageMetaData'
[2020.05.16-21.22.23:526][764]LogMetaData: Removing '/Game/WeaponSystemSimplified/WeaponComponents-Simplified/WeapComp-Simp_Bases/WeapComp-Simp_Magizine_Base.SKEL_WeapComp-Simp_Magizine_Base_C' ref from Metadata '/Game/WeaponSystemSimplified/WeaponComponents-Simplifieds/WeapComp-Simp_Bases/WeapComp-Simp_Magizine_Base.PackageMetaData'
[2020.05.16-21.22.23:526][764]LogMetaData: Removing '/Game/WeaponSystemSimplified/WeaponComponents-Simplified/WeapComp-Simp_Bases/WeapComp-Simp_Magizine_Base.WeapComp-Simp_Magizine_Base:EventGraph.K2Node_Event_0' ref from Metadata '/Game/WeaponSystemSimplified/WeaponComponents-Simplifieds/WeapComp-Simp_Bases/WeapComp-Simp_Magizine_Base.PackageMetaData'
[2020.05.16-21.22.23:526][764]LogMetaData: Removing '/Game/WeaponSystemSimplified/WeaponComponents-Simplified/WeapComp-Simp_Bases/WeapComp-Simp_Magizine_Base.WeapComp-Simp_Magizine_Base:EventGraph.K2Node_CallParentFunction_0' ref from Metadata '/Game/WeaponSystemSimplified/WeaponComponents-Simplifieds/WeapComp-Simp_Bases/WeapComp-Simp_Magizine_Base.PackageMetaData'
[2020.05.16-21.22.23:526][764]LogMetaData: Removing '/Game/WeaponSystemSimplified/WeaponComponents-Simplified/WeapComp-Simp_Bases/WeapComp-Simp_Magizine_Base.WeapComp-Simp_Magizine_Base:EventGraph.K2Node_Event_1' ref from Metadata '/Game/WeaponSystemSimplified/WeaponComponents-Simplifieds/WeapComp-Simp_Bases/WeapComp-Simp_Magizine_Base.PackageMetaData'
[2020.05.16-21.22.23:526][764]LogMetaData: Removing '/Game/WeaponSystemSimplified/WeaponComponents-Simplified/WeapComp-Simp_Bases/WeapComp-Simp_Magizine_Base.WeapComp-Simp_Magizine_Base:EventGraph.K2Node_CallParentFunction_1' ref from Metadata '/Game/WeaponSystemSimplified/WeaponComponents-Simplifieds/WeapComp-Simp_Bases/WeapComp-Simp_Magizine_Base.PackageMetaData'
[2020.05.16-21.22.23:534][764]LogMetaData: Removing '/Game/WeaponSystemSimplified/WeaponComponents-Simplified/WeapComp-Simp_Bases/WeapComp-Simp_Bolt_Base.WeapComp-Simp_Bolt_Base_C' ref from Metadata '/Game/WeaponSystemSimplified/WeaponComponents-Simplifieds/WeapComp-Simp_Bases/WeapComp-Simp_Bolt_Base.PackageMetaData'
[2020.05.16-21.22.23:534][764]LogMetaData: Removing '/Game/WeaponSystemSimplified/WeaponComponents-Simplified/WeapComp-Simp_Bases/WeapComp-Simp_Bolt_Base.SKEL_WeapComp-Simp_Bolt_Base_C' ref from Metadata '/Game/WeaponSystemSimplified/WeaponComponents-Simplifieds/WeapComp-Simp_Bases/WeapComp-Simp_Bolt_Base.PackageMetaData'
[2020.05.16-21.22.23:534][764]LogMetaData: Removing '/Game/WeaponSystemSimplified/WeaponComponents-Simplified/WeapComp-Simp_Bases/WeapComp-Simp_Bolt_Base.WeapComp-Simp_Bolt_Base:EventGraph.K2Node_Event_0' ref from Metadata '/Game/WeaponSystemSimplified/WeaponComponents-Simplifieds/WeapComp-Simp_Bases/WeapComp-Simp_Bolt_Base.PackageMetaData'
[2020.05.16-21.22.23:534][764]LogMetaData: Removing '/Game/WeaponSystemSimplified/WeaponComponents-Simplified/WeapComp-Simp_Bases/WeapComp-Simp_Bolt_Base.WeapComp-Simp_Bolt_Base:EventGraph.K2Node_CallParentFunction_0' ref from Metadata '/Game/WeaponSystemSimplified/WeaponComponents-Simplifieds/WeapComp-Simp_Bases/WeapComp-Simp_Bolt_Base.PackageMetaData'
[2020.05.16-21.22.23:534][764]LogMetaData: Removing '/Game/WeaponSystemSimplified/WeaponComponents-Simplified/WeapComp-Simp_Bases/WeapComp-Simp_Bolt_Base.WeapComp-Simp_Bolt_Base:EventGraph.K2Node_Event_1' ref from Metadata '/Game/WeaponSystemSimplified/WeaponComponents-Simplifieds/WeapComp-Simp_Bases/WeapComp-Simp_Bolt_Base.PackageMetaData'
[2020.05.16-21.22.23:534][764]LogMetaData: Removing '/Game/WeaponSystemSimplified/WeaponComponents-Simplified/WeapComp-Simp_Bases/WeapComp-Simp_Bolt_Base.WeapComp-Simp_Bolt_Base:EventGraph.K2Node_CallParentFunction_1' ref from Metadata '/Game/WeaponSystemSimplified/WeaponComponents-Simplifieds/WeapComp-Simp_Bases/WeapComp-Simp_Bolt_Base.PackageMetaData'
[2020.05.16-21.22.23:542][764]LogMetaData: Removing '/Game/WeaponSystemSimplified/WeaponComponents-Simplified/WeapComp-Simp_Bases/WeapComp-Simp_Feedport_Base.WeapComp-Simp_Feedport_Base_C' ref from Metadata '/Game/WeaponSystemSimplified/WeaponComponents-Simplifieds/WeapComp-Simp_Bases/WeapComp-Simp_Feedport_Base.PackageMetaData'
[2020.05.16-21.22.23:542][764]LogMetaData: Removing '/Game/WeaponSystemSimplified/WeaponComponents-Simplified/WeapComp-Simp_Bases/WeapComp-Simp_Feedport_Base.SKEL_WeapComp-Simp_Feedport_Base_C' ref from Metadata '/Game/WeaponSystemSimplified/WeaponComponents-Simplifieds/WeapComp-Simp_Bases/WeapComp-Simp_Feedport_Base.PackageMetaData'
[2020.05.16-21.22.23:542][764]LogMetaData: Removing '/Game/WeaponSystemSimplified/WeaponComponents-Simplified/WeapComp-Simp_Bases/WeapComp-Simp_Feedport_Base.WeapComp-Simp_Feedport_Base:EventGraph.K2Node_Event_0' ref from Metadata '/Game/WeaponSystemSimplified/WeaponComponents-Simplifieds/WeapComp-Simp_Bases/WeapComp-Simp_Feedport_Base.PackageMetaData'
[2020.05.16-21.22.23:542][764]LogMetaData: Removing '/Game/WeaponSystemSimplified/WeaponComponents-Simplified/WeapComp-Simp_Bases/WeapComp-Simp_Feedport_Base.WeapComp-Simp_Feedport_Base:EventGraph.K2Node_CallParentFunction_0' ref from Metadata '/Game/WeaponSystemSimplified/WeaponComponents-Simplifieds/WeapComp-Simp_Bases/WeapComp-Simp_Feedport_Base.PackageMetaData'
[2020.05.16-21.22.23:542][764]LogMetaData: Removing '/Game/WeaponSystemSimplified/WeaponComponents-Simplified/WeapComp-Simp_Bases/WeapComp-Simp_Feedport_Base.WeapComp-Simp_Feedport_Base:EventGraph.K2Node_Event_1' ref from Metadata '/Game/WeaponSystemSimplified/WeaponComponents-Simplifieds/WeapComp-Simp_Bases/WeapComp-Simp_Feedport_Base.PackageMetaData'
[2020.05.16-21.22.23:542][764]LogMetaData: Removing '/Game/WeaponSystemSimplified/WeaponComponents-Simplified/WeapComp-Simp_Bases/WeapComp-Simp_Feedport_Base.WeapComp-Simp_Feedport_Base:EventGraph.K2Node_CallParentFunction_1' ref from Metadata '/Game/WeaponSystemSimplified/WeaponComponents-Simplifieds/WeapComp-Simp_Bases/WeapComp-Simp_Feedport_Base.PackageMetaData'
[2020.05.16-21.22.23:552][764]LogMetaData: Removing '/Game/WeaponSystemSimplified/WeaponComponents-Simplified/WeapComp-Simp_Base.WeapComp-Simp_Base_C' ref from Metadata '/Game/WeaponSystemSimplified/WeaponComponents-Simplifieds/WeapComp-Simp_Base.PackageMetaData'
[2020.05.16-21.22.23:552][764]LogMetaData: Removing '/Game/WeaponSystemSimplified/WeaponComponents-Simplified/WeapComp-Simp_Base.SKEL_WeapComp-Simp_Base_C' ref from Metadata '/Game/WeaponSystemSimplified/WeaponComponents-Simplifieds/WeapComp-Simp_Base.PackageMetaData'
[2020.05.16-21.22.23:552][764]LogMetaData: Removing '/Game/WeaponSystemSimplified/WeaponComponents-Simplified/WeapComp-Simp_Base.SKEL_WeapComp-Simp_Base_C:ReceiveBeginPlay' ref from Metadata '/Game/WeaponSystemSimplified/WeaponComponents-Simplifieds/WeapComp-Simp_Base.PackageMetaData'
[2020.05.16-21.22.23:552][764]LogMetaData: Removing '/Game/WeaponSystemSimplified/WeaponComponents-Simplified/WeapComp-Simp_Base.SKEL_WeapComp-Simp_Base_C:ReceiveTick' ref from Metadata '/Game/WeaponSystemSimplified/WeaponComponents-Simplifieds/WeapComp-Simp_Base.PackageMetaData'
[2020.05.16-21.22.23:552][764]LogMetaData: Removing '/Game/WeaponSystemSimplified/WeaponComponents-Simplified/WeapComp-Simp_Base.WeapComp-Simp_Base:EventGraph.K2Node_Event_0' ref from Metadata '/Game/WeaponSystemSimplified/WeaponComponents-Simplifieds/WeapComp-Simp_Base.PackageMetaData'
[2020.05.16-21.22.23:552][764]LogMetaData: Removing '/Game/WeaponSystemSimplified/WeaponComponents-Simplified/WeapComp-Simp_Base.WeapComp-Simp_Base:EventGraph.K2Node_Event_1' ref from Metadata '/Game/WeaponSystemSimplified/WeaponComponents-Simplifieds/WeapComp-Simp_Base.PackageMetaData'
[2020.05.16-21.22.23:600][764]LogSavePackage: Moving 'C:/Users/danny/Desktop/Systems_Sandbox/Systems_Sandbox/Saved/WeapComp-Simp_Muzzle_Base5BF7481246735C642DFE59B450CB88B5.tmp' to 'C:/Users/danny/Desktop/Systems_Sandbox/Systems_Sandbox/Content/WeaponSystemSimplified/WeaponComponents-Simplified/WeapComp-Simp_Bases/WeapComp-Simp_Muzzle_Base.uasset'
[2020.05.16-21.22.23:622][764]LogSavePackage: Moving 'C:/Users/danny/Desktop/Systems_Sandbox/Systems_Sandbox/Saved/WeapComp-Simp_Barrel_Base3EA8E61746B0FC19612CCFB4742B051C.tmp' to 'C:/Users/danny/Desktop/Systems_Sandbox/Systems_Sandbox/Content/WeaponSystemSimplified/WeaponComponents-Simplified/WeapComp-Simp_Bases/WeapComp-Simp_Barrels/WeapComp-Simp_Barrel_Base.uasset'
[2020.05.16-21.22.23:641][764]LogSavePackage: Moving 'C:/Users/danny/Desktop/Systems_Sandbox/Systems_Sandbox/Saved/WeapComp-Simp_Chamber_Base8EF395B94B905E04C76C189C5F64DE2B.tmp' to 'C:/Users/danny/Desktop/Systems_Sandbox/Systems_Sandbox/Content/WeaponSystemSimplified/WeaponComponents-Simplified/WeapComp-Simp_Bases/WeapComp-Simp_Chamber_Base.uasset'
[2020.05.16-21.22.23:663][764]LogSavePackage: Moving 'C:/Users/danny/Desktop/Systems_Sandbox/Systems_Sandbox/Saved/WeapComp-Simp_FireControl_Base9D78CE0644E3E865096A13B2B1A45156.tmp' to 'C:/Users/danny/Desktop/Systems_Sandbox/Systems_Sandbox/Content/WeaponSystemSimplified/WeaponComponents-Simplified/WeapComp-Simp_Bases/WeapComp-Simp_FireControl_Base.uasset'
[2020.05.16-21.22.23:686][764]LogSavePackage: Moving 'C:/Users/danny/Desktop/Systems_Sandbox/Systems_Sandbox/Saved/WeapComp-Simp_Hammer_BaseB9DAA8E0436B9D4CAA936097690CB5BD.tmp' to 'C:/Users/danny/Desktop/Systems_Sandbox/Systems_Sandbox/Content/WeaponSystemSimplified/WeaponComponents-Simplified/WeapComp-Simp_Bases/WeapComp-Simp_Hammer_Base.uasset'
[2020.05.16-21.22.23:710][764]LogSavePackage: Moving 'C:/Users/danny/Desktop/Systems_Sandbox/Systems_Sandbox/Saved/WeapComp-Simp_Trigger_BaseEB9BEBB0450DE44905F2178C9766AA32.tmp' to 'C:/Users/danny/Desktop/Systems_Sandbox/Systems_Sandbox/Content/WeaponSystemSimplified/WeaponComponents-Simplified/WeapComp-Simp_Bases/WeapComp-Simp_Trigger_Base.uasset'
[2020.05.16-21.22.23:732][764]LogSavePackage: Moving 'C:/Users/danny/Desktop/Systems_Sandbox/Systems_Sandbox/Saved/WeapComp-Simp_Magizine_BaseF08FF602489968E0A322228CCEA3AADA.tmp' to 'C:/Users/danny/Desktop/Systems_Sandbox/Systems_Sandbox/Content/WeaponSystemSimplified/WeaponComponents-Simplified/WeapComp-Simp_Bases/WeapComp-Simp_Magizine_Base.uasset'
[2020.05.16-21.22.23:758][764]LogSavePackage: Moving 'C:/Users/danny/Desktop/Systems_Sandbox/Systems_Sandbox/Saved/WeapComp-Simp_Bolt_BaseCAAF6AFE4B0CE4CB2DA2FCB96C920A82.tmp' to 'C:/Users/danny/Desktop/Systems_Sandbox/Systems_Sandbox/Content/WeaponSystemSimplified/WeaponComponents-Simplified/WeapComp-Simp_Bases/WeapComp-Simp_Bolt_Base.uasset'
[2020.05.16-21.22.23:787][764]LogSavePackage: Moving 'C:/Users/danny/Desktop/Systems_Sandbox/Systems_Sandbox/Saved/WeapComp-Simp_Feedport_BaseD36D5FF34C242DB9190C5AB0077341EC.tmp' to 'C:/Users/danny/Desktop/Systems_Sandbox/Systems_Sandbox/Content/WeaponSystemSimplified/WeaponComponents-Simplified/WeapComp-Simp_Bases/WeapComp-Simp_Feedport_Base.uasset'
[2020.05.16-21.22.23:809][764]LogSavePackage: Moving 'C:/Users/danny/Desktop/Systems_Sandbox/Systems_Sandbox/Saved/WeapComp-Simp_BaseD6036C664696661A554711B369B9B384.tmp' to 'C:/Users/danny/Desktop/Systems_Sandbox/Systems_Sandbox/Content/WeaponSystemSimplified/WeaponComponents-Simplified/WeapComp-Simp_Base.uasset'
[2020.05.16-21.22.24:875][764]LogUObjectHash: Compacting FUObjectHashTables data took   1.93ms
[2020.05.16-21.22.24:911][764]LogUObjectHash: Compacting FUObjectHashTables data took   0.80ms
[2020.05.16-21.22.24:942][764]LogUObjectHash: Compacting FUObjectHashTables data took   0.79ms
[2020.05.16-21.22.24:980][764]LogUObjectHash: Compacting FUObjectHashTables data took   0.94ms
[2020.05.16-21.22.25:017][764]LogUObjectHash: Compacting FUObjectHashTables data took   0.94ms
[2020.05.16-21.22.25:056][764]LogUObjectHash: Compacting FUObjectHashTables data took   1.26ms
[2020.05.16-21.22.25:093][764]LogUObjectHash: Compacting FUObjectHashTables data took   1.24ms
[2020.05.16-21.22.25:131][764]LogUObjectHash: Compacting FUObjectHashTables data took   0.83ms
[2020.05.16-21.22.25:169][764]LogUObjectHash: Compacting FUObjectHashTables data took   0.90ms
[2020.05.16-21.22.25:205][764]LogUObjectHash: Compacting FUObjectHashTables data took   0.75ms
[2020.05.16-21.22.25:246][764]LogUObjectHash: Compacting FUObjectHashTables data took   1.89ms
[2020.05.16-21.22.25:279][764]LogUObjectHash: Compacting FUObjectHashTables data took   0.73ms
[2020.05.16-21.22.25:551][771]LogPackageName: SearchForPackageOnDisk took   0.000s to resolve /Game/WeaponSystemSimplified/WeaponComponents-Simplified/WeapComp-Simp_Base.
[2020.05.16-21.22.25:559][771]LogPackageName: SearchForPackageOnDisk took   0.000s to resolve /Game/WeaponSystemSimplified/WeaponComponents-Simplified/WeapComp-Simp_Bases/WeapComp-Simp_Bolt_Base.
[2020.05.16-21.22.25:566][771]LogPackageName: SearchForPackageOnDisk took   0.000s to resolve /Game/WeaponSystemSimplified/WeaponComponents-Simplified/WeapComp-Simp_Bases/WeapComp-Simp_Chamber_Base.
[2020.05.16-21.22.25:574][771]LogPackageName: SearchForPackageOnDisk took   0.000s to resolve /Game/WeaponSystemSimplified/WeaponComponents-Simplified/WeapComp-Simp_Bases/WeapComp-Simp_Feedport_Base.
[2020.05.16-21.22.25:581][771]LogPackageName: SearchForPackageOnDisk took   0.000s to resolve /Game/WeaponSystemSimplified/WeaponComponents-Simplified/WeapComp-Simp_Bases/WeapComp-Simp_FireControl_Base.
[2020.05.16-21.22.25:588][771]LogPackageName: SearchForPackageOnDisk took   0.000s to resolve /Game/WeaponSystemSimplified/WeaponComponents-Simplified/WeapComp-Simp_Bases/WeapComp-Simp_Hammer_Base.
[2020.05.16-21.22.25:620][772]LogPackageName: SearchForPackageOnDisk took   0.000s to resolve /Game/WeaponSystemSimplified/WeaponComponents-Simplified/WeapComp-Simp_Bases/WeapComp-Simp_Magizine_Base.
[2020.05.16-21.22.25:629][772]LogPackageName: SearchForPackageOnDisk took   0.000s to resolve /Game/WeaponSystemSimplified/WeaponComponents-Simplified/WeapComp-Simp_Bases/WeapComp-Simp_Muzzle_Base.
[2020.05.16-21.22.25:636][772]LogPackageName: SearchForPackageOnDisk took   0.000s to resolve /Game/WeaponSystemSimplified/WeaponComponents-Simplified/WeapComp-Simp_Bases/WeapComp-Simp_Trigger_Base.
[2020.05.16-21.22.25:644][772]LogPackageName: SearchForPackageOnDisk took   0.000s to resolve /Game/WeaponSystemSimplified/WeaponComponents-Simplified/WeapComp-Simp_Bases/WeapComp-Simp_Barrels/WeapComp-Simp_Barrel_Base.
[2020.05.16-21.23.25:708][879]LogUObjectHash: Compacting FUObjectHashTables data took   2.53ms
[2020.05.16-21.23.25:712][879]LogMetaData: Removing '/Game/WeaponSystemSimplified/WeaponComponents-Simplified/WeapComp-Simp_Bases/WeapComp-Simp_Barrels/WCS_Barrel_Base.WCS_Barrel_Base_C' ref from Metadata '/Game/WeaponSystemSimplified/WeaponComponents-Simplified/WeapComp-Simp_Bases/WeapComp-Simp_Barrels/WeapComp-Simp_Barrel_Base.PackageMetaData'
[2020.05.16-21.23.25:712][879]LogMetaData: Removing '/Game/WeaponSystemSimplified/WeaponComponents-Simplified/WeapComp-Simp_Bases/WeapComp-Simp_Barrels/WCS_Barrel_Base.SKEL_WCS_Barrel_Base_C' ref from Metadata '/Game/WeaponSystemSimplified/WeaponComponents-Simplified/WeapComp-Simp_Bases/WeapComp-Simp_Barrels/WeapComp-Simp_Barrel_Base.PackageMetaData'
[2020.05.16-21.23.25:712][879]LogMetaData: Removing '/Game/WeaponSystemSimplified/WeaponComponents-Simplified/WeapComp-Simp_Bases/WeapComp-Simp_Barrels/WCS_Barrel_Base.WCS_Barrel_Base:EventGraph.K2Node_Event_0' ref from Metadata '/Game/WeaponSystemSimplified/WeaponComponents-Simplified/WeapComp-Simp_Bases/WeapComp-Simp_Barrels/WeapComp-Simp_Barrel_Base.PackageMetaData'
[2020.05.16-21.23.25:712][879]LogMetaData: Removing '/Game/WeaponSystemSimplified/WeaponComponents-Simplified/WeapComp-Simp_Bases/WeapComp-Simp_Barrels/WCS_Barrel_Base.WCS_Barrel_Base:EventGraph.K2Node_CallParentFunction_0' ref from Metadata '/Game/WeaponSystemSimplified/WeaponComponents-Simplified/WeapComp-Simp_Bases/WeapComp-Simp_Barrels/WeapComp-Simp_Barrel_Base.PackageMetaData'
[2020.05.16-21.23.25:712][879]LogMetaData: Removing '/Game/WeaponSystemSimplified/WeaponComponents-Simplified/WeapComp-Simp_Bases/WeapComp-Simp_Barrels/WCS_Barrel_Base.WCS_Barrel_Base:EventGraph.K2Node_Event_1' ref from Metadata '/Game/WeaponSystemSimplified/WeaponComponents-Simplified/WeapComp-Simp_Bases/WeapComp-Simp_Barrels/WeapComp-Simp_Barrel_Base.PackageMetaData'
[2020.05.16-21.23.25:712][879]LogMetaData: Removing '/Game/WeaponSystemSimplified/WeaponComponents-Simplified/WeapComp-Simp_Bases/WeapComp-Simp_Barrels/WCS_Barrel_Base.WCS_Barrel_Base:EventGraph.K2Node_CallParentFunction_1' ref from Metadata '/Game/WeaponSystemSimplified/WeaponComponents-Simplified/WeapComp-Simp_Bases/WeapComp-Simp_Barrels/WeapComp-Simp_Barrel_Base.PackageMetaData'
[2020.05.16-21.23.25:759][879]LogSavePackage: Moving 'C:/Users/danny/Desktop/Systems_Sandbox/Systems_Sandbox/Saved/WCS_Barrel_Base8C0A3F0541C9C97A119FF6891C0EBB20.tmp' to 'C:/Users/danny/Desktop/Systems_Sandbox/Systems_Sandbox/Content/WeaponSystemSimplified/WeaponComponents-Simplified/WeapComp-Simp_Bases/WeapComp-Simp_Barrels/WCS_Barrel_Base.uasset'
[2020.05.16-21.23.25:969][879]LogUObjectHash: Compacting FUObjectHashTables data took   3.93ms
[2020.05.16-21.23.26:014][879]LogUObjectHash: Compacting FUObjectHashTables data took   2.10ms
[2020.05.16-21.23.26:048][879]LogUObjectHash: Compacting FUObjectHashTables data took   0.88ms
[2020.05.16-21.23.26:147][884]LogPackageName: SearchForPackageOnDisk took   0.000s to resolve /Game/WeaponSystemSimplified/WeaponComponents-Simplified/WeapComp-Simp_Bases/WeapComp-Simp_Barrels/WCS_Barrel_Base.
[2020.05.16-21.23.54:750][190]LogMetaData: Removing '/Game/WeaponSystemSimplified/WeaponComponents-Simplified/WeapComp-Simp_Bases/WCS_Barrel_Base.WCS_Barrel_Base_C' ref from Metadata '/Game/WeaponSystemSimplified/WeaponComponents-Simplified/WeapComp-Simp_Bases/WeapComp-Simp_Barrels/WCS_Barrel_Base.PackageMetaData'
[2020.05.16-21.23.54:750][190]LogMetaData: Removing '/Game/WeaponSystemSimplified/WeaponComponents-Simplified/WeapComp-Simp_Bases/WCS_Barrel_Base.SKEL_WCS_Barrel_Base_C' ref from Metadata '/Game/WeaponSystemSimplified/WeaponComponents-Simplified/WeapComp-Simp_Bases/WeapComp-Simp_Barrels/WCS_Barrel_Base.PackageMetaData'
[2020.05.16-21.23.54:750][190]LogMetaData: Removing '/Game/WeaponSystemSimplified/WeaponComponents-Simplified/WeapComp-Simp_Bases/WCS_Barrel_Base.WCS_Barrel_Base:EventGraph.K2Node_Event_0' ref from Metadata '/Game/WeaponSystemSimplified/WeaponComponents-Simplified/WeapComp-Simp_Bases/WeapComp-Simp_Barrels/WCS_Barrel_Base.PackageMetaData'
[2020.05.16-21.23.54:750][190]LogMetaData: Removing '/Game/WeaponSystemSimplified/WeaponComponents-Simplified/WeapComp-Simp_Bases/WCS_Barrel_Base.WCS_Barrel_Base:EventGraph.K2Node_CallParentFunction_0' ref from Metadata '/Game/WeaponSystemSimplified/WeaponComponents-Simplified/WeapComp-Simp_Bases/WeapComp-Simp_Barrels/WCS_Barrel_Base.PackageMetaData'
[2020.05.16-21.23.54:750][190]LogMetaData: Removing '/Game/WeaponSystemSimplified/WeaponComponents-Simplified/WeapComp-Simp_Bases/WCS_Barrel_Base.WCS_Barrel_Base:EventGraph.K2Node_Event_1' ref from Metadata '/Game/WeaponSystemSimplified/WeaponComponents-Simplified/WeapComp-Simp_Bases/WeapComp-Simp_Barrels/WCS_Barrel_Base.PackageMetaData'
[2020.05.16-21.23.54:750][190]LogMetaData: Removing '/Game/WeaponSystemSimplified/WeaponComponents-Simplified/WeapComp-Simp_Bases/WCS_Barrel_Base.WCS_Barrel_Base:EventGraph.K2Node_CallParentFunction_1' ref from Metadata '/Game/WeaponSystemSimplified/WeaponComponents-Simplified/WeapComp-Simp_Bases/WeapComp-Simp_Barrels/WCS_Barrel_Base.PackageMetaData'
[2020.05.16-21.23.54:750][190]LogMetaData: Removing '/Game/WeaponSystemSimplified/WeaponComponents-Simplified/WeapComp-Simp_Bases/WCS_Barrel_Base.SKEL_WCS_Barrel_Base_C:ReceiveBeginPlay' ref from Metadata '/Game/WeaponSystemSimplified/WeaponComponents-Simplified/WeapComp-Simp_Bases/WeapComp-Simp_Barrels/WCS_Barrel_Base.PackageMetaData'
[2020.05.16-21.23.54:750][190]LogMetaData: Removing '/Game/WeaponSystemSimplified/WeaponComponents-Simplified/WeapComp-Simp_Bases/WCS_Barrel_Base.SKEL_WCS_Barrel_Base_C:ReceiveTick' ref from Metadata '/Game/WeaponSystemSimplified/WeaponComponents-Simplified/WeapComp-Simp_Bases/WeapComp-Simp_Barrels/WCS_Barrel_Base.PackageMetaData'
[2020.05.16-21.23.54:794][190]LogSavePackage: Moving 'C:/Users/danny/Desktop/Systems_Sandbox/Systems_Sandbox/Saved/WCS_Barrel_Base3F141DD4445678B8552A9382D0D072B8.tmp' to 'C:/Users/danny/Desktop/Systems_Sandbox/Systems_Sandbox/Content/WeaponSystemSimplified/WeaponComponents-Simplified/WeapComp-Simp_Bases/WCS_Barrel_Base.uasset'
[2020.05.16-21.23.54:985][190]LogUObjectHash: Compacting FUObjectHashTables data took   3.83ms
[2020.05.16-21.23.55:023][190]LogUObjectHash: Compacting FUObjectHashTables data took   1.60ms
[2020.05.16-21.23.55:060][190]LogUObjectHash: Compacting FUObjectHashTables data took   1.16ms
[2020.05.16-21.23.55:138][192]LogPackageName: SearchForPackageOnDisk took   0.000s to resolve /Game/WeaponSystemSimplified/WeaponComponents-Simplified/WeapComp-Simp_Bases/WCS_Barrel_Base.
[2020.05.16-21.24.08:050][647]LogUObjectHash: Compacting FUObjectHashTables data took   2.81ms
[2020.05.16-21.24.08:054][647]LogMetaData: Removing '/Game/WeaponSystemSimplified/WeaponComponents-Simplified/WeapComp-Simp_Bases/WCS_Bolt_Base.WCS_Bolt_Base_C' ref from Metadata '/Game/WeaponSystemSimplified/WeaponComponents-Simplified/WeapComp-Simp_Bases/WeapComp-Simp_Bolt_Base.PackageMetaData'
[2020.05.16-21.24.08:054][647]LogMetaData: Removing '/Game/WeaponSystemSimplified/WeaponComponents-Simplified/WeapComp-Simp_Bases/WCS_Bolt_Base.SKEL_WCS_Bolt_Base_C' ref from Metadata '/Game/WeaponSystemSimplified/WeaponComponents-Simplified/WeapComp-Simp_Bases/WeapComp-Simp_Bolt_Base.PackageMetaData'
[2020.05.16-21.24.08:054][647]LogMetaData: Removing '/Game/WeaponSystemSimplified/WeaponComponents-Simplified/WeapComp-Simp_Bases/WCS_Bolt_Base.WCS_Bolt_Base:EventGraph.K2Node_Event_0' ref from Metadata '/Game/WeaponSystemSimplified/WeaponComponents-Simplified/WeapComp-Simp_Bases/WeapComp-Simp_Bolt_Base.PackageMetaData'
[2020.05.16-21.24.08:054][647]LogMetaData: Removing '/Game/WeaponSystemSimplified/WeaponComponents-Simplified/WeapComp-Simp_Bases/WCS_Bolt_Base.WCS_Bolt_Base:EventGraph.K2Node_CallParentFunction_0' ref from Metadata '/Game/WeaponSystemSimplified/WeaponComponents-Simplified/WeapComp-Simp_Bases/WeapComp-Simp_Bolt_Base.PackageMetaData'
[2020.05.16-21.24.08:054][647]LogMetaData: Removing '/Game/WeaponSystemSimplified/WeaponComponents-Simplified/WeapComp-Simp_Bases/WCS_Bolt_Base.WCS_Bolt_Base:EventGraph.K2Node_Event_1' ref from Metadata '/Game/WeaponSystemSimplified/WeaponComponents-Simplified/WeapComp-Simp_Bases/WeapComp-Simp_Bolt_Base.PackageMetaData'
[2020.05.16-21.24.08:054][647]LogMetaData: Removing '/Game/WeaponSystemSimplified/WeaponComponents-Simplified/WeapComp-Simp_Bases/WCS_Bolt_Base.WCS_Bolt_Base:EventGraph.K2Node_CallParentFunction_1' ref from Metadata '/Game/WeaponSystemSimplified/WeaponComponents-Simplified/WeapComp-Simp_Bases/WeapComp-Simp_Bolt_Base.PackageMetaData'
[2020.05.16-21.24.08:106][647]LogSavePackage: Moving 'C:/Users/danny/Desktop/Systems_Sandbox/Systems_Sandbox/Saved/WCS_Bolt_Base70664D844ABD040FEF07708BF2B0C42F.tmp' to 'C:/Users/danny/Desktop/Systems_Sandbox/Systems_Sandbox/Content/WeaponSystemSimplified/WeaponComponents-Simplified/WeapComp-Simp_Bases/WCS_Bolt_Base.uasset'
[2020.05.16-21.24.08:320][647]LogUObjectHash: Compacting FUObjectHashTables data took   2.52ms
[2020.05.16-21.24.08:365][647]LogUObjectHash: Compacting FUObjectHashTables data took   2.49ms
[2020.05.16-21.24.08:395][647]LogUObjectHash: Compacting FUObjectHashTables data took   1.24ms
[2020.05.16-21.24.08:528][656]LogPackageName: SearchForPackageOnDisk took   0.000s to resolve /Game/WeaponSystemSimplified/WeaponComponents-Simplified/WeapComp-Simp_Bases/WCS_Bolt_Base.
[2020.05.16-21.24.16:841][605]LogUObjectHash: Compacting FUObjectHashTables data took   2.73ms
[2020.05.16-21.24.16:845][605]LogMetaData: Removing '/Game/WeaponSystemSimplified/WeaponComponents-Simplified/WeapComp-Simp_Bases/WCS_Chamber_Base.WCS_Chamber_Base_C' ref from Metadata '/Game/WeaponSystemSimplified/WeaponComponents-Simplified/WeapComp-Simp_Bases/WeapComp-Simp_Chamber_Base.PackageMetaData'
[2020.05.16-21.24.16:845][605]LogMetaData: Removing '/Game/WeaponSystemSimplified/WeaponComponents-Simplified/WeapComp-Simp_Bases/WCS_Chamber_Base.SKEL_WCS_Chamber_Base_C' ref from Metadata '/Game/WeaponSystemSimplified/WeaponComponents-Simplified/WeapComp-Simp_Bases/WeapComp-Simp_Chamber_Base.PackageMetaData'
[2020.05.16-21.24.16:845][605]LogMetaData: Removing '/Game/WeaponSystemSimplified/WeaponComponents-Simplified/WeapComp-Simp_Bases/WCS_Chamber_Base.WCS_Chamber_Base:EventGraph.K2Node_Event_0' ref from Metadata '/Game/WeaponSystemSimplified/WeaponComponents-Simplified/WeapComp-Simp_Bases/WeapComp-Simp_Chamber_Base.PackageMetaData'
[2020.05.16-21.24.16:845][605]LogMetaData: Removing '/Game/WeaponSystemSimplified/WeaponComponents-Simplified/WeapComp-Simp_Bases/WCS_Chamber_Base.WCS_Chamber_Base:EventGraph.K2Node_CallParentFunction_0' ref from Metadata '/Game/WeaponSystemSimplified/WeaponComponents-Simplified/WeapComp-Simp_Bases/WeapComp-Simp_Chamber_Base.PackageMetaData'
[2020.05.16-21.24.16:845][605]LogMetaData: Removing '/Game/WeaponSystemSimplified/WeaponComponents-Simplified/WeapComp-Simp_Bases/WCS_Chamber_Base.WCS_Chamber_Base:EventGraph.K2Node_Event_1' ref from Metadata '/Game/WeaponSystemSimplified/WeaponComponents-Simplified/WeapComp-Simp_Bases/WeapComp-Simp_Chamber_Base.PackageMetaData'
[2020.05.16-21.24.16:845][605]LogMetaData: Removing '/Game/WeaponSystemSimplified/WeaponComponents-Simplified/WeapComp-Simp_Bases/WCS_Chamber_Base.WCS_Chamber_Base:EventGraph.K2Node_CallParentFunction_1' ref from Metadata '/Game/WeaponSystemSimplified/WeaponComponents-Simplified/WeapComp-Simp_Bases/WeapComp-Simp_Chamber_Base.PackageMetaData'
[2020.05.16-21.24.16:888][605]LogSavePackage: Moving 'C:/Users/danny/Desktop/Systems_Sandbox/Systems_Sandbox/Saved/WCS_Chamber_Base83E9FE69484704FD884216942D9358A5.tmp' to 'C:/Users/danny/Desktop/Systems_Sandbox/Systems_Sandbox/Content/WeaponSystemSimplified/WeaponComponents-Simplified/WeapComp-Simp_Bases/WCS_Chamber_Base.uasset'
[2020.05.16-21.24.17:103][605]LogUObjectHash: Compacting FUObjectHashTables data took   2.72ms
[2020.05.16-21.24.17:144][605]LogUObjectHash: Compacting FUObjectHashTables data took   2.06ms
[2020.05.16-21.24.17:180][605]LogUObjectHash: Compacting FUObjectHashTables data took   0.79ms
[2020.05.16-21.24.17:287][611]LogPackageName: SearchForPackageOnDisk took   0.000s to resolve /Game/WeaponSystemSimplified/WeaponComponents-Simplified/WeapComp-Simp_Bases/WCS_Chamber_Base.
[2020.05.16-21.24.22:600][223]LogUObjectHash: Compacting FUObjectHashTables data took   2.87ms
[2020.05.16-21.24.22:603][223]LogMetaData: Removing '/Game/WeaponSystemSimplified/WeaponComponents-Simplified/WeapComp-Simp_Bases/WCS_Feedport_Base.WCS_Feedport_Base_C' ref from Metadata '/Game/WeaponSystemSimplified/WeaponComponents-Simplified/WeapComp-Simp_Bases/WeapComp-Simp_Feedport_Base.PackageMetaData'
[2020.05.16-21.24.22:603][223]LogMetaData: Removing '/Game/WeaponSystemSimplified/WeaponComponents-Simplified/WeapComp-Simp_Bases/WCS_Feedport_Base.SKEL_WCS_Feedport_Base_C' ref from Metadata '/Game/WeaponSystemSimplified/WeaponComponents-Simplified/WeapComp-Simp_Bases/WeapComp-Simp_Feedport_Base.PackageMetaData'
[2020.05.16-21.24.22:603][223]LogMetaData: Removing '/Game/WeaponSystemSimplified/WeaponComponents-Simplified/WeapComp-Simp_Bases/WCS_Feedport_Base.WCS_Feedport_Base:EventGraph.K2Node_Event_0' ref from Metadata '/Game/WeaponSystemSimplified/WeaponComponents-Simplified/WeapComp-Simp_Bases/WeapComp-Simp_Feedport_Base.PackageMetaData'
[2020.05.16-21.24.22:603][223]LogMetaData: Removing '/Game/WeaponSystemSimplified/WeaponComponents-Simplified/WeapComp-Simp_Bases/WCS_Feedport_Base.WCS_Feedport_Base:EventGraph.K2Node_CallParentFunction_0' ref from Metadata '/Game/WeaponSystemSimplified/WeaponComponents-Simplified/WeapComp-Simp_Bases/WeapComp-Simp_Feedport_Base.PackageMetaData'
[2020.05.16-21.24.22:603][223]LogMetaData: Removing '/Game/WeaponSystemSimplified/WeaponComponents-Simplified/WeapComp-Simp_Bases/WCS_Feedport_Base.WCS_Feedport_Base:EventGraph.K2Node_Event_1' ref from Metadata '/Game/WeaponSystemSimplified/WeaponComponents-Simplified/WeapComp-Simp_Bases/WeapComp-Simp_Feedport_Base.PackageMetaData'
[2020.05.16-21.24.22:603][223]LogMetaData: Removing '/Game/WeaponSystemSimplified/WeaponComponents-Simplified/WeapComp-Simp_Bases/WCS_Feedport_Base.WCS_Feedport_Base:EventGraph.K2Node_CallParentFunction_1' ref from Metadata '/Game/WeaponSystemSimplified/WeaponComponents-Simplified/WeapComp-Simp_Bases/WeapComp-Simp_Feedport_Base.PackageMetaData'
[2020.05.16-21.24.22:646][223]LogSavePackage: Moving 'C:/Users/danny/Desktop/Systems_Sandbox/Systems_Sandbox/Saved/WCS_Feedport_BaseDEF90AF847CE4C2F4E3697938690171F.tmp' to 'C:/Users/danny/Desktop/Systems_Sandbox/Systems_Sandbox/Content/WeaponSystemSimplified/WeaponComponents-Simplified/WeapComp-Simp_Bases/WCS_Feedport_Base.uasset'
[2020.05.16-21.24.22:856][223]LogUObjectHash: Compacting FUObjectHashTables data took   3.40ms
[2020.05.16-21.24.22:899][223]LogUObjectHash: Compacting FUObjectHashTables data took   2.00ms
[2020.05.16-21.24.22:935][223]LogUObjectHash: Compacting FUObjectHashTables data took   0.71ms
[2020.05.16-21.24.23:021][226]LogPackageName: SearchForPackageOnDisk took   0.000s to resolve /Game/WeaponSystemSimplified/WeaponComponents-Simplified/WeapComp-Simp_Bases/WCS_Feedport_Base.
[2020.05.16-21.24.28:863][896]LogUObjectHash: Compacting FUObjectHashTables data took   3.41ms
[2020.05.16-21.24.28:867][896]LogMetaData: Removing '/Game/WeaponSystemSimplified/WeaponComponents-Simplified/WeapComp-Simp_Bases/WCS_FireControl_Base.WCS_FireControl_Base_C' ref from Metadata '/Game/WeaponSystemSimplified/WeaponComponents-Simplified/WeapComp-Simp_Bases/WeapComp-Simp_FireControl_Base.PackageMetaData'
[2020.05.16-21.24.28:867][896]LogMetaData: Removing '/Game/WeaponSystemSimplified/WeaponComponents-Simplified/WeapComp-Simp_Bases/WCS_FireControl_Base.SKEL_WCS_FireControl_Base_C' ref from Metadata '/Game/WeaponSystemSimplified/WeaponComponents-Simplified/WeapComp-Simp_Bases/WeapComp-Simp_FireControl_Base.PackageMetaData'
[2020.05.16-21.24.28:867][896]LogMetaData: Removing '/Game/WeaponSystemSimplified/WeaponComponents-Simplified/WeapComp-Simp_Bases/WCS_FireControl_Base.WCS_FireControl_Base:EventGraph.K2Node_Event_0' ref from Metadata '/Game/WeaponSystemSimplified/WeaponComponents-Simplified/WeapComp-Simp_Bases/WeapComp-Simp_FireControl_Base.PackageMetaData'
[2020.05.16-21.24.28:867][896]LogMetaData: Removing '/Game/WeaponSystemSimplified/WeaponComponents-Simplified/WeapComp-Simp_Bases/WCS_FireControl_Base.WCS_FireControl_Base:EventGraph.K2Node_CallParentFunction_0' ref from Metadata '/Game/WeaponSystemSimplified/WeaponComponents-Simplified/WeapComp-Simp_Bases/WeapComp-Simp_FireControl_Base.PackageMetaData'
[2020.05.16-21.24.28:867][896]LogMetaData: Removing '/Game/WeaponSystemSimplified/WeaponComponents-Simplified/WeapComp-Simp_Bases/WCS_FireControl_Base.WCS_FireControl_Base:EventGraph.K2Node_Event_1' ref from Metadata '/Game/WeaponSystemSimplified/WeaponComponents-Simplified/WeapComp-Simp_Bases/WeapComp-Simp_FireControl_Base.PackageMetaData'
[2020.05.16-21.24.28:867][896]LogMetaData: Removing '/Game/WeaponSystemSimplified/WeaponComponents-Simplified/WeapComp-Simp_Bases/WCS_FireControl_Base.WCS_FireControl_Base:EventGraph.K2Node_CallParentFunction_1' ref from Metadata '/Game/WeaponSystemSimplified/WeaponComponents-Simplified/WeapComp-Simp_Bases/WeapComp-Simp_FireControl_Base.PackageMetaData'
[2020.05.16-21.24.28:915][896]LogSavePackage: Moving 'C:/Users/danny/Desktop/Systems_Sandbox/Systems_Sandbox/Saved/WCS_FireControl_BaseA0769207486F21130E6F4B95F6A49806.tmp' to 'C:/Users/danny/Desktop/Systems_Sandbox/Systems_Sandbox/Content/WeaponSystemSimplified/WeaponComponents-Simplified/WeapComp-Simp_Bases/WCS_FireControl_Base.uasset'
[2020.05.16-21.24.29:114][896]LogUObjectHash: Compacting FUObjectHashTables data took   2.89ms
[2020.05.16-21.24.29:162][896]LogUObjectHash: Compacting FUObjectHashTables data took   2.59ms
[2020.05.16-21.24.29:197][896]LogUObjectHash: Compacting FUObjectHashTables data took   0.70ms
[2020.05.16-21.24.29:268][898]LogPackageName: SearchForPackageOnDisk took   0.000s to resolve /Game/WeaponSystemSimplified/WeaponComponents-Simplified/WeapComp-Simp_Bases/WCS_FireControl_Base.
[2020.05.16-21.24.34:655][514]LogUObjectHash: Compacting FUObjectHashTables data took   3.72ms
[2020.05.16-21.24.34:658][514]LogMetaData: Removing '/Game/WeaponSystemSimplified/WeaponComponents-Simplified/WeapComp-Simp_Bases/WCS_Hammer_Base.WCS_Hammer_Base_C' ref from Metadata '/Game/WeaponSystemSimplified/WeaponComponents-Simplified/WeapComp-Simp_Bases/WeapComp-Simp_Hammer_Base.PackageMetaData'
[2020.05.16-21.24.34:658][514]LogMetaData: Removing '/Game/WeaponSystemSimplified/WeaponComponents-Simplified/WeapComp-Simp_Bases/WCS_Hammer_Base.SKEL_WCS_Hammer_Base_C' ref from Metadata '/Game/WeaponSystemSimplified/WeaponComponents-Simplified/WeapComp-Simp_Bases/WeapComp-Simp_Hammer_Base.PackageMetaData'
[2020.05.16-21.24.34:658][514]LogMetaData: Removing '/Game/WeaponSystemSimplified/WeaponComponents-Simplified/WeapComp-Simp_Bases/WCS_Hammer_Base.WCS_Hammer_Base:EventGraph.K2Node_Event_0' ref from Metadata '/Game/WeaponSystemSimplified/WeaponComponents-Simplified/WeapComp-Simp_Bases/WeapComp-Simp_Hammer_Base.PackageMetaData'
[2020.05.16-21.24.34:658][514]LogMetaData: Removing '/Game/WeaponSystemSimplified/WeaponComponents-Simplified/WeapComp-Simp_Bases/WCS_Hammer_Base.WCS_Hammer_Base:EventGraph.K2Node_CallParentFunction_0' ref from Metadata '/Game/WeaponSystemSimplified/WeaponComponents-Simplified/WeapComp-Simp_Bases/WeapComp-Simp_Hammer_Base.PackageMetaData'
[2020.05.16-21.24.34:658][514]LogMetaData: Removing '/Game/WeaponSystemSimplified/WeaponComponents-Simplified/WeapComp-Simp_Bases/WCS_Hammer_Base.WCS_Hammer_Base:EventGraph.K2Node_Event_1' ref from Metadata '/Game/WeaponSystemSimplified/WeaponComponents-Simplified/WeapComp-Simp_Bases/WeapComp-Simp_Hammer_Base.PackageMetaData'
[2020.05.16-21.24.34:658][514]LogMetaData: Removing '/Game/WeaponSystemSimplified/WeaponComponents-Simplified/WeapComp-Simp_Bases/WCS_Hammer_Base.WCS_Hammer_Base:EventGraph.K2Node_CallParentFunction_1' ref from Metadata '/Game/WeaponSystemSimplified/WeaponComponents-Simplified/WeapComp-Simp_Bases/WeapComp-Simp_Hammer_Base.PackageMetaData'
[2020.05.16-21.24.34:702][514]LogSavePackage: Moving 'C:/Users/danny/Desktop/Systems_Sandbox/Systems_Sandbox/Saved/WCS_Hammer_Base40FE83DF42320BF0BADF26BAF9D26057.tmp' to 'C:/Users/danny/Desktop/Systems_Sandbox/Systems_Sandbox/Content/WeaponSystemSimplified/WeaponComponents-Simplified/WeapComp-Simp_Bases/WCS_Hammer_Base.uasset'
[2020.05.16-21.24.34:897][514]LogUObjectHash: Compacting FUObjectHashTables data took   2.67ms
[2020.05.16-21.24.34:938][514]LogUObjectHash: Compacting FUObjectHashTables data took   2.29ms
[2020.05.16-21.24.34:975][514]LogUObjectHash: Compacting FUObjectHashTables data took   0.67ms
[2020.05.16-21.24.35:103][522]LogPackageName: SearchForPackageOnDisk took   0.000s to resolve /Game/WeaponSystemSimplified/WeaponComponents-Simplified/WeapComp-Simp_Bases/WCS_Hammer_Base.
[2020.05.16-21.24.42:353][368]LogUObjectHash: Compacting FUObjectHashTables data took   3.80ms
[2020.05.16-21.24.42:356][368]LogMetaData: Removing '/Game/WeaponSystemSimplified/WeaponComponents-Simplified/WeapComp-Simp_Bases/WCS_Magizine_Base.WCS_Magizine_Base_C' ref from Metadata '/Game/WeaponSystemSimplified/WeaponComponents-Simplified/WeapComp-Simp_Bases/WeapComp-Simp_Magizine_Base.PackageMetaData'
[2020.05.16-21.24.42:357][368]LogMetaData: Removing '/Game/WeaponSystemSimplified/WeaponComponents-Simplified/WeapComp-Simp_Bases/WCS_Magizine_Base.SKEL_WCS_Magizine_Base_C' ref from Metadata '/Game/WeaponSystemSimplified/WeaponComponents-Simplified/WeapComp-Simp_Bases/WeapComp-Simp_Magizine_Base.PackageMetaData'
[2020.05.16-21.24.42:357][368]LogMetaData: Removing '/Game/WeaponSystemSimplified/WeaponComponents-Simplified/WeapComp-Simp_Bases/WCS_Magizine_Base.WCS_Magizine_Base:EventGraph.K2Node_Event_0' ref from Metadata '/Game/WeaponSystemSimplified/WeaponComponents-Simplified/WeapComp-Simp_Bases/WeapComp-Simp_Magizine_Base.PackageMetaData'
[2020.05.16-21.24.42:357][368]LogMetaData: Removing '/Game/WeaponSystemSimplified/WeaponComponents-Simplified/WeapComp-Simp_Bases/WCS_Magizine_Base.WCS_Magizine_Base:EventGraph.K2Node_CallParentFunction_0' ref from Metadata '/Game/WeaponSystemSimplified/WeaponComponents-Simplified/WeapComp-Simp_Bases/WeapComp-Simp_Magizine_Base.PackageMetaData'
[2020.05.16-21.24.42:357][368]LogMetaData: Removing '/Game/WeaponSystemSimplified/WeaponComponents-Simplified/WeapComp-Simp_Bases/WCS_Magizine_Base.WCS_Magizine_Base:EventGraph.K2Node_Event_1' ref from Metadata '/Game/WeaponSystemSimplified/WeaponComponents-Simplified/WeapComp-Simp_Bases/WeapComp-Simp_Magizine_Base.PackageMetaData'
[2020.05.16-21.24.42:357][368]LogMetaData: Removing '/Game/WeaponSystemSimplified/WeaponComponents-Simplified/WeapComp-Simp_Bases/WCS_Magizine_Base.WCS_Magizine_Base:EventGraph.K2Node_CallParentFunction_1' ref from Metadata '/Game/WeaponSystemSimplified/WeaponComponents-Simplified/WeapComp-Simp_Bases/WeapComp-Simp_Magizine_Base.PackageMetaData'
[2020.05.16-21.24.42:399][368]LogSavePackage: Moving 'C:/Users/danny/Desktop/Systems_Sandbox/Systems_Sandbox/Saved/WCS_Magizine_BaseBB61EF2849D727FC8B6CDA86F092E895.tmp' to 'C:/Users/danny/Desktop/Systems_Sandbox/Systems_Sandbox/Content/WeaponSystemSimplified/WeaponComponents-Simplified/WeapComp-Simp_Bases/WCS_Magizine_Base.uasset'
[2020.05.16-21.24.42:595][368]LogUObjectHash: Compacting FUObjectHashTables data took   2.12ms
[2020.05.16-21.24.42:637][368]LogUObjectHash: Compacting FUObjectHashTables data took   1.94ms
[2020.05.16-21.24.42:674][368]LogUObjectHash: Compacting FUObjectHashTables data took   0.67ms
[2020.05.16-21.24.42:760][371]LogPackageName: SearchForPackageOnDisk took   0.000s to resolve /Game/WeaponSystemSimplified/WeaponComponents-Simplified/WeapComp-Simp_Bases/WCS_Magizine_Base.
[2020.05.16-21.24.48:171][999]LogUObjectHash: Compacting FUObjectHashTables data took   2.73ms
[2020.05.16-21.24.48:175][999]LogMetaData: Removing '/Game/WeaponSystemSimplified/WeaponComponents-Simplified/WeapComp-Simp_Bases/WCS_Muzzle_Base.WCS_Muzzle_Base_C' ref from Metadata '/Game/WeaponSystemSimplified/WeaponComponents-Simplified/WeapComp-Simp_Bases/WeapComp-Simp_Muzzle_Base.PackageMetaData'
[2020.05.16-21.24.48:175][999]LogMetaData: Removing '/Game/WeaponSystemSimplified/WeaponComponents-Simplified/WeapComp-Simp_Bases/WCS_Muzzle_Base.SKEL_WCS_Muzzle_Base_C' ref from Metadata '/Game/WeaponSystemSimplified/WeaponComponents-Simplified/WeapComp-Simp_Bases/WeapComp-Simp_Muzzle_Base.PackageMetaData'
[2020.05.16-21.24.48:175][999]LogMetaData: Removing '/Game/WeaponSystemSimplified/WeaponComponents-Simplified/WeapComp-Simp_Bases/WCS_Muzzle_Base.WCS_Muzzle_Base:EventGraph.K2Node_Event_0' ref from Metadata '/Game/WeaponSystemSimplified/WeaponComponents-Simplified/WeapComp-Simp_Bases/WeapComp-Simp_Muzzle_Base.PackageMetaData'
[2020.05.16-21.24.48:175][999]LogMetaData: Removing '/Game/WeaponSystemSimplified/WeaponComponents-Simplified/WeapComp-Simp_Bases/WCS_Muzzle_Base.WCS_Muzzle_Base:EventGraph.K2Node_CallParentFunction_0' ref from Metadata '/Game/WeaponSystemSimplified/WeaponComponents-Simplified/WeapComp-Simp_Bases/WeapComp-Simp_Muzzle_Base.PackageMetaData'
[2020.05.16-21.24.48:175][999]LogMetaData: Removing '/Game/WeaponSystemSimplified/WeaponComponents-Simplified/WeapComp-Simp_Bases/WCS_Muzzle_Base.WCS_Muzzle_Base:EventGraph.K2Node_Event_1' ref from Metadata '/Game/WeaponSystemSimplified/WeaponComponents-Simplified/WeapComp-Simp_Bases/WeapComp-Simp_Muzzle_Base.PackageMetaData'
[2020.05.16-21.24.48:175][999]LogMetaData: Removing '/Game/WeaponSystemSimplified/WeaponComponents-Simplified/WeapComp-Simp_Bases/WCS_Muzzle_Base.WCS_Muzzle_Base:EventGraph.K2Node_CallParentFunction_1' ref from Metadata '/Game/WeaponSystemSimplified/WeaponComponents-Simplified/WeapComp-Simp_Bases/WeapComp-Simp_Muzzle_Base.PackageMetaData'
[2020.05.16-21.24.48:220][999]LogSavePackage: Moving 'C:/Users/danny/Desktop/Systems_Sandbox/Systems_Sandbox/Saved/WCS_Muzzle_Base0C37AB5B4B4747120BEE949519239DE6.tmp' to 'C:/Users/danny/Desktop/Systems_Sandbox/Systems_Sandbox/Content/WeaponSystemSimplified/WeaponComponents-Simplified/WeapComp-Simp_Bases/WCS_Muzzle_Base.uasset'
[2020.05.16-21.24.48:404][999]LogUObjectHash: Compacting FUObjectHashTables data took   1.91ms
[2020.05.16-21.24.48:447][999]LogUObjectHash: Compacting FUObjectHashTables data took   2.42ms
[2020.05.16-21.24.48:487][999]LogUObjectHash: Compacting FUObjectHashTables data took   0.71ms
[2020.05.16-21.24.48:598][  5]LogPackageName: SearchForPackageOnDisk took   0.000s to resolve /Game/WeaponSystemSimplified/WeaponComponents-Simplified/WeapComp-Simp_Bases/WCS_Muzzle_Base.
[2020.05.16-21.24.55:158][764]LogUObjectHash: Compacting FUObjectHashTables data took   2.63ms
[2020.05.16-21.24.55:162][764]LogMetaData: Removing '/Game/WeaponSystemSimplified/WeaponComponents-Simplified/WeapComp-Simp_Bases/WCS_Trigger_Base.WCS_Trigger_Base_C' ref from Metadata '/Game/WeaponSystemSimplified/WeaponComponents-Simplified/WeapComp-Simp_Bases/WeapComp-Simp_Trigger_Base.PackageMetaData'
[2020.05.16-21.24.55:162][764]LogMetaData: Removing '/Game/WeaponSystemSimplified/WeaponComponents-Simplified/WeapComp-Simp_Bases/WCS_Trigger_Base.SKEL_WCS_Trigger_Base_C' ref from Metadata '/Game/WeaponSystemSimplified/WeaponComponents-Simplified/WeapComp-Simp_Bases/WeapComp-Simp_Trigger_Base.PackageMetaData'
[2020.05.16-21.24.55:163][764]LogMetaData: Removing '/Game/WeaponSystemSimplified/WeaponComponents-Simplified/WeapComp-Simp_Bases/WCS_Trigger_Base.WCS_Trigger_Base:EventGraph.K2Node_Event_0' ref from Metadata '/Game/WeaponSystemSimplified/WeaponComponents-Simplified/WeapComp-Simp_Bases/WeapComp-Simp_Trigger_Base.PackageMetaData'
[2020.05.16-21.24.55:163][764]LogMetaData: Removing '/Game/WeaponSystemSimplified/WeaponComponents-Simplified/WeapComp-Simp_Bases/WCS_Trigger_Base.WCS_Trigger_Base:EventGraph.K2Node_CallParentFunction_0' ref from Metadata '/Game/WeaponSystemSimplified/WeaponComponents-Simplified/WeapComp-Simp_Bases/WeapComp-Simp_Trigger_Base.PackageMetaData'
[2020.05.16-21.24.55:163][764]LogMetaData: Removing '/Game/WeaponSystemSimplified/WeaponComponents-Simplified/WeapComp-Simp_Bases/WCS_Trigger_Base.WCS_Trigger_Base:EventGraph.K2Node_Event_1' ref from Metadata '/Game/WeaponSystemSimplified/WeaponComponents-Simplified/WeapComp-Simp_Bases/WeapComp-Simp_Trigger_Base.PackageMetaData'
[2020.05.16-21.24.55:163][764]LogMetaData: Removing '/Game/WeaponSystemSimplified/WeaponComponents-Simplified/WeapComp-Simp_Bases/WCS_Trigger_Base.WCS_Trigger_Base:EventGraph.K2Node_CallParentFunction_1' ref from Metadata '/Game/WeaponSystemSimplified/WeaponComponents-Simplified/WeapComp-Simp_Bases/WeapComp-Simp_Trigger_Base.PackageMetaData'
[2020.05.16-21.24.55:205][764]LogSavePackage: Moving 'C:/Users/danny/Desktop/Systems_Sandbox/Systems_Sandbox/Saved/WCS_Trigger_Base0A007F964845DB7CCA2512A02DEC6EA6.tmp' to 'C:/Users/danny/Desktop/Systems_Sandbox/Systems_Sandbox/Content/WeaponSystemSimplified/WeaponComponents-Simplified/WeapComp-Simp_Bases/WCS_Trigger_Base.uasset'
[2020.05.16-21.24.55:408][764]LogUObjectHash: Compacting FUObjectHashTables data took   3.49ms
[2020.05.16-21.24.55:455][764]LogUObjectHash: Compacting FUObjectHashTables data took   2.46ms
[2020.05.16-21.24.55:492][764]LogUObjectHash: Compacting FUObjectHashTables data took   0.74ms
[2020.05.16-21.24.55:648][776]LogPackageName: SearchForPackageOnDisk took   0.000s to resolve /Game/WeaponSystemSimplified/WeaponComponents-Simplified/WeapComp-Simp_Bases/WCS_Trigger_Base.
[2020.05.16-21.25.21:859][876]LogUObjectHash: Compacting FUObjectHashTables data took   2.96ms
[2020.05.16-21.25.21:859][876]LogFileHelpers: Editor autosave (incl. sublevels) for '/Game/FirstPersonBP/Maps/FirstPersonExampleMap' took 0.039
[2020.05.16-21.25.21:862][876]OBJ SavePackage: Generating thumbnails for [1] asset(s) in package [/Game/WeaponSystem/Actor/WeaponSystem_BP] ([1] browsable assets)...
[2020.05.16-21.25.21:867][876]LogBlueprintUserMessages: [weapComp_Trigger] TRIGGER is setting: 1 as component to ACTIVATE
[2020.05.16-21.25.21:867][876]LogBlueprintUserMessages: [weapComp_Action] ACTION is setting: 1 as component to ACTIVATE
[2020.05.16-21.25.21:867][876]LogBlueprintUserMessages: [weapComp_Hammer] HAMMER is setting: 2 as component to ACTIVATE
[2020.05.16-21.25.21:867][876]LogBlueprintUserMessages: [weapComp_Bolt] BOLT is setting: 2 as component to READY
[2020.05.16-21.25.21:867][876]LogBlueprintUserMessages: [weapComp_Hammer] HAMMER is setting: 2 as component to READY
[2020.05.16-21.25.21:882][876]OBJ SavePackage:     Rendered thumbnail for [Blueprint /Game/WeaponSystem/Actor/WeaponSystem_BP.WeaponSystem_BP]
[2020.05.16-21.25.21:882][876]OBJ SavePackage: Finished generating thumbnails for package [/Game/WeaponSystem/Actor/WeaponSystem_BP]
[2020.05.16-21.25.22:483][876]LogSavePackage: Moving 'C:/Users/danny/Desktop/Systems_Sandbox/Systems_Sandbox/Saved/WeaponSystem_BP_Auto249F16CBA4A844D109889A0BAFB16EC1B.tmp' to 'C:/Users/danny/Desktop/Systems_Sandbox/Systems_Sandbox/Saved/Autosaves/Game/WeaponSystem/Actor/WeaponSystem_BP_Auto2.uasset'
[2020.05.16-21.25.22:486][876]LogFileHelpers: Auto-saving content packages took 0.625
[2020.05.16-21.28.47:844][160]LogUObjectHash: Compacting FUObjectHashTables data took   2.51ms
[2020.05.16-21.28.47:849][160]LogMetaData: Removing '/Game/WeaponSystemSimplified/WeaponComponents-Simplified/WeapComp-Simp_Bases/WC-S_Barrel_Base.WC-S_Barrel_Base_C' ref from Metadata '/Game/WeaponSystemSimplified/WeaponComponents-Simplified/WeapComp-Simp_Bases/WCS_Barrel_Base.PackageMetaData'
[2020.05.16-21.28.47:849][160]LogMetaData: Removing '/Game/WeaponSystemSimplified/WeaponComponents-Simplified/WeapComp-Simp_Bases/WC-S_Barrel_Base.SKEL_WC-S_Barrel_Base_C' ref from Metadata '/Game/WeaponSystemSimplified/WeaponComponents-Simplified/WeapComp-Simp_Bases/WCS_Barrel_Base.PackageMetaData'
[2020.05.16-21.28.47:849][160]LogMetaData: Removing '/Game/WeaponSystemSimplified/WeaponComponents-Simplified/WeapComp-Simp_Bases/WC-S_Barrel_Base.WC-S_Barrel_Base:EventGraph.K2Node_Event_0' ref from Metadata '/Game/WeaponSystemSimplified/WeaponComponents-Simplified/WeapComp-Simp_Bases/WCS_Barrel_Base.PackageMetaData'
[2020.05.16-21.28.47:849][160]LogMetaData: Removing '/Game/WeaponSystemSimplified/WeaponComponents-Simplified/WeapComp-Simp_Bases/WC-S_Barrel_Base.WC-S_Barrel_Base:EventGraph.K2Node_CallParentFunction_0' ref from Metadata '/Game/WeaponSystemSimplified/WeaponComponents-Simplified/WeapComp-Simp_Bases/WCS_Barrel_Base.PackageMetaData'
[2020.05.16-21.28.47:849][160]LogMetaData: Removing '/Game/WeaponSystemSimplified/WeaponComponents-Simplified/WeapComp-Simp_Bases/WC-S_Barrel_Base.WC-S_Barrel_Base:EventGraph.K2Node_Event_1' ref from Metadata '/Game/WeaponSystemSimplified/WeaponComponents-Simplified/WeapComp-Simp_Bases/WCS_Barrel_Base.PackageMetaData'
[2020.05.16-21.28.47:849][160]LogMetaData: Removing '/Game/WeaponSystemSimplified/WeaponComponents-Simplified/WeapComp-Simp_Bases/WC-S_Barrel_Base.WC-S_Barrel_Base:EventGraph.K2Node_CallParentFunction_1' ref from Metadata '/Game/WeaponSystemSimplified/WeaponComponents-Simplified/WeapComp-Simp_Bases/WCS_Barrel_Base.PackageMetaData'
[2020.05.16-21.28.47:895][160]LogSavePackage: Moving 'C:/Users/danny/Desktop/Systems_Sandbox/Systems_Sandbox/Saved/WC-S_Barrel_Base552EF0C5461F4BF14D6CD69942BF4919.tmp' to 'C:/Users/danny/Desktop/Systems_Sandbox/Systems_Sandbox/Content/WeaponSystemSimplified/WeaponComponents-Simplified/WeapComp-Simp_Bases/WC-S_Barrel_Base.uasset'
[2020.05.16-21.28.48:095][160]LogUObjectHash: Compacting FUObjectHashTables data took   3.64ms
[2020.05.16-21.28.48:148][160]LogUObjectHash: Compacting FUObjectHashTables data took   2.75ms
[2020.05.16-21.28.48:188][160]LogUObjectHash: Compacting FUObjectHashTables data took   0.93ms
[2020.05.16-21.28.48:298][166]LogPackageName: SearchForPackageOnDisk took   0.000s to resolve /Game/WeaponSystemSimplified/WeaponComponents-Simplified/WeapComp-Simp_Bases/WC-S_Barrel_Base.
[2020.05.16-21.28.52:182][593]LogUObjectHash: Compacting FUObjectHashTables data took   2.58ms
[2020.05.16-21.28.52:186][593]LogMetaData: Removing '/Game/WeaponSystemSimplified/WeaponComponents-Simplified/WeapComp-Simp_Bases/WC-S_Bolt_Base.WC-S_Bolt_Base_C' ref from Metadata '/Game/WeaponSystemSimplified/WeaponComponents-Simplified/WeapComp-Simp_Bases/WCS_Bolt_Base.PackageMetaData'
[2020.05.16-21.28.52:186][593]LogMetaData: Removing '/Game/WeaponSystemSimplified/WeaponComponents-Simplified/WeapComp-Simp_Bases/WC-S_Bolt_Base.SKEL_WC-S_Bolt_Base_C' ref from Metadata '/Game/WeaponSystemSimplified/WeaponComponents-Simplified/WeapComp-Simp_Bases/WCS_Bolt_Base.PackageMetaData'
[2020.05.16-21.28.52:186][593]LogMetaData: Removing '/Game/WeaponSystemSimplified/WeaponComponents-Simplified/WeapComp-Simp_Bases/WC-S_Bolt_Base.WC-S_Bolt_Base:EventGraph.K2Node_Event_0' ref from Metadata '/Game/WeaponSystemSimplified/WeaponComponents-Simplified/WeapComp-Simp_Bases/WCS_Bolt_Base.PackageMetaData'
[2020.05.16-21.28.52:186][593]LogMetaData: Removing '/Game/WeaponSystemSimplified/WeaponComponents-Simplified/WeapComp-Simp_Bases/WC-S_Bolt_Base.WC-S_Bolt_Base:EventGraph.K2Node_CallParentFunction_0' ref from Metadata '/Game/WeaponSystemSimplified/WeaponComponents-Simplified/WeapComp-Simp_Bases/WCS_Bolt_Base.PackageMetaData'
[2020.05.16-21.28.52:186][593]LogMetaData: Removing '/Game/WeaponSystemSimplified/WeaponComponents-Simplified/WeapComp-Simp_Bases/WC-S_Bolt_Base.WC-S_Bolt_Base:EventGraph.K2Node_Event_1' ref from Metadata '/Game/WeaponSystemSimplified/WeaponComponents-Simplified/WeapComp-Simp_Bases/WCS_Bolt_Base.PackageMetaData'
[2020.05.16-21.28.52:186][593]LogMetaData: Removing '/Game/WeaponSystemSimplified/WeaponComponents-Simplified/WeapComp-Simp_Bases/WC-S_Bolt_Base.WC-S_Bolt_Base:EventGraph.K2Node_CallParentFunction_1' ref from Metadata '/Game/WeaponSystemSimplified/WeaponComponents-Simplified/WeapComp-Simp_Bases/WCS_Bolt_Base.PackageMetaData'
[2020.05.16-21.28.52:230][593]LogSavePackage: Moving 'C:/Users/danny/Desktop/Systems_Sandbox/Systems_Sandbox/Saved/WC-S_Bolt_Base8A8B643143D5182EED1167BB11537F42.tmp' to 'C:/Users/danny/Desktop/Systems_Sandbox/Systems_Sandbox/Content/WeaponSystemSimplified/WeaponComponents-Simplified/WeapComp-Simp_Bases/WC-S_Bolt_Base.uasset'
[2020.05.16-21.28.52:436][593]LogUObjectHash: Compacting FUObjectHashTables data took   5.42ms
[2020.05.16-21.28.52:481][593]LogUObjectHash: Compacting FUObjectHashTables data took   1.99ms
[2020.05.16-21.28.52:519][593]LogUObjectHash: Compacting FUObjectHashTables data took   0.85ms
[2020.05.16-21.28.52:630][599]LogPackageName: SearchForPackageOnDisk took   0.000s to resolve /Game/WeaponSystemSimplified/WeaponComponents-Simplified/WeapComp-Simp_Bases/WC-S_Bolt_Base.
[2020.05.16-21.28.56:328][  5]LogUObjectHash: Compacting FUObjectHashTables data took   4.09ms
[2020.05.16-21.28.56:331][  5]LogMetaData: Removing '/Game/WeaponSystemSimplified/WeaponComponents-Simplified/WeapComp-Simp_Bases/WC-S_Chamber_Base.WC-S_Chamber_Base_C' ref from Metadata '/Game/WeaponSystemSimplified/WeaponComponents-Simplified/WeapComp-Simp_Bases/WCS_Chamber_Base.PackageMetaData'
[2020.05.16-21.28.56:331][  5]LogMetaData: Removing '/Game/WeaponSystemSimplified/WeaponComponents-Simplified/WeapComp-Simp_Bases/WC-S_Chamber_Base.SKEL_WC-S_Chamber_Base_C' ref from Metadata '/Game/WeaponSystemSimplified/WeaponComponents-Simplified/WeapComp-Simp_Bases/WCS_Chamber_Base.PackageMetaData'
[2020.05.16-21.28.56:331][  5]LogMetaData: Removing '/Game/WeaponSystemSimplified/WeaponComponents-Simplified/WeapComp-Simp_Bases/WC-S_Chamber_Base.WC-S_Chamber_Base:EventGraph.K2Node_Event_0' ref from Metadata '/Game/WeaponSystemSimplified/WeaponComponents-Simplified/WeapComp-Simp_Bases/WCS_Chamber_Base.PackageMetaData'
[2020.05.16-21.28.56:331][  5]LogMetaData: Removing '/Game/WeaponSystemSimplified/WeaponComponents-Simplified/WeapComp-Simp_Bases/WC-S_Chamber_Base.WC-S_Chamber_Base:EventGraph.K2Node_CallParentFunction_0' ref from Metadata '/Game/WeaponSystemSimplified/WeaponComponents-Simplified/WeapComp-Simp_Bases/WCS_Chamber_Base.PackageMetaData'
[2020.05.16-21.28.56:331][  5]LogMetaData: Removing '/Game/WeaponSystemSimplified/WeaponComponents-Simplified/WeapComp-Simp_Bases/WC-S_Chamber_Base.WC-S_Chamber_Base:EventGraph.K2Node_Event_1' ref from Metadata '/Game/WeaponSystemSimplified/WeaponComponents-Simplified/WeapComp-Simp_Bases/WCS_Chamber_Base.PackageMetaData'
[2020.05.16-21.28.56:331][  5]LogMetaData: Removing '/Game/WeaponSystemSimplified/WeaponComponents-Simplified/WeapComp-Simp_Bases/WC-S_Chamber_Base.WC-S_Chamber_Base:EventGraph.K2Node_CallParentFunction_1' ref from Metadata '/Game/WeaponSystemSimplified/WeaponComponents-Simplified/WeapComp-Simp_Bases/WCS_Chamber_Base.PackageMetaData'
[2020.05.16-21.28.56:375][  5]LogSavePackage: Moving 'C:/Users/danny/Desktop/Systems_Sandbox/Systems_Sandbox/Saved/WC-S_Chamber_Base75ECFBD94E73BC76640191B0452B14D8.tmp' to 'C:/Users/danny/Desktop/Systems_Sandbox/Systems_Sandbox/Content/WeaponSystemSimplified/WeaponComponents-Simplified/WeapComp-Simp_Bases/WC-S_Chamber_Base.uasset'
[2020.05.16-21.28.56:584][  5]LogUObjectHash: Compacting FUObjectHashTables data took   3.69ms
[2020.05.16-21.28.56:637][  5]LogUObjectHash: Compacting FUObjectHashTables data took   2.14ms
[2020.05.16-21.28.56:675][  5]LogUObjectHash: Compacting FUObjectHashTables data took   0.86ms
[2020.05.16-21.28.56:764][  9]LogPackageName: SearchForPackageOnDisk took   0.000s to resolve /Game/WeaponSystemSimplified/WeaponComponents-Simplified/WeapComp-Simp_Bases/WC-S_Chamber_Base.
[2020.05.16-21.29.04:608][919]LogUObjectHash: Compacting FUObjectHashTables data took   2.72ms
[2020.05.16-21.29.04:612][919]LogMetaData: Removing '/Game/WeaponSystemSimplified/WeaponComponents-Simplified/WeapComp-Simp_Bases/WC-S_Feedport_Base.WC-S_Feedport_Base_C' ref from Metadata '/Game/WeaponSystemSimplified/WeaponComponents-Simplified/WeapComp-Simp_Bases/WCS_Feedport_Base.PackageMetaData'
[2020.05.16-21.29.04:613][919]LogMetaData: Removing '/Game/WeaponSystemSimplified/WeaponComponents-Simplified/WeapComp-Simp_Bases/WC-S_Feedport_Base.SKEL_WC-S_Feedport_Base_C' ref from Metadata '/Game/WeaponSystemSimplified/WeaponComponents-Simplified/WeapComp-Simp_Bases/WCS_Feedport_Base.PackageMetaData'
[2020.05.16-21.29.04:613][919]LogMetaData: Removing '/Game/WeaponSystemSimplified/WeaponComponents-Simplified/WeapComp-Simp_Bases/WC-S_Feedport_Base.WC-S_Feedport_Base:EventGraph.K2Node_Event_0' ref from Metadata '/Game/WeaponSystemSimplified/WeaponComponents-Simplified/WeapComp-Simp_Bases/WCS_Feedport_Base.PackageMetaData'
[2020.05.16-21.29.04:613][919]LogMetaData: Removing '/Game/WeaponSystemSimplified/WeaponComponents-Simplified/WeapComp-Simp_Bases/WC-S_Feedport_Base.WC-S_Feedport_Base:EventGraph.K2Node_CallParentFunction_0' ref from Metadata '/Game/WeaponSystemSimplified/WeaponComponents-Simplified/WeapComp-Simp_Bases/WCS_Feedport_Base.PackageMetaData'
[2020.05.16-21.29.04:613][919]LogMetaData: Removing '/Game/WeaponSystemSimplified/WeaponComponents-Simplified/WeapComp-Simp_Bases/WC-S_Feedport_Base.WC-S_Feedport_Base:EventGraph.K2Node_Event_1' ref from Metadata '/Game/WeaponSystemSimplified/WeaponComponents-Simplified/WeapComp-Simp_Bases/WCS_Feedport_Base.PackageMetaData'
[2020.05.16-21.29.04:613][919]LogMetaData: Removing '/Game/WeaponSystemSimplified/WeaponComponents-Simplified/WeapComp-Simp_Bases/WC-S_Feedport_Base.WC-S_Feedport_Base:EventGraph.K2Node_CallParentFunction_1' ref from Metadata '/Game/WeaponSystemSimplified/WeaponComponents-Simplified/WeapComp-Simp_Bases/WCS_Feedport_Base.PackageMetaData'
[2020.05.16-21.29.04:655][919]LogSavePackage: Moving 'C:/Users/danny/Desktop/Systems_Sandbox/Systems_Sandbox/Saved/WC-S_Feedport_Base6941C33F497592C8991BAEA06B662D18.tmp' to 'C:/Users/danny/Desktop/Systems_Sandbox/Systems_Sandbox/Content/WeaponSystemSimplified/WeaponComponents-Simplified/WeapComp-Simp_Bases/WC-S_Feedport_Base.uasset'
[2020.05.16-21.29.04:839][919]LogUObjectHash: Compacting FUObjectHashTables data took   2.64ms
[2020.05.16-21.29.04:887][919]LogUObjectHash: Compacting FUObjectHashTables data took   2.71ms
[2020.05.16-21.29.04:923][919]LogUObjectHash: Compacting FUObjectHashTables data took   0.64ms
[2020.05.16-21.29.05:017][923]LogPackageName: SearchForPackageOnDisk took   0.000s to resolve /Game/WeaponSystemSimplified/WeaponComponents-Simplified/WeapComp-Simp_Bases/WC-S_Feedport_Base.
[2020.05.16-21.29.08:613][319]LogUObjectHash: Compacting FUObjectHashTables data took   3.07ms
[2020.05.16-21.29.08:616][319]LogMetaData: Removing '/Game/WeaponSystemSimplified/WeaponComponents-Simplified/WeapComp-Simp_Bases/WC-S_FireControl_Base.WC-S_FireControl_Base_C' ref from Metadata '/Game/WeaponSystemSimplified/WeaponComponents-Simplified/WeapComp-Simp_Bases/WCS_FireControl_Base.PackageMetaData'
[2020.05.16-21.29.08:616][319]LogMetaData: Removing '/Game/WeaponSystemSimplified/WeaponComponents-Simplified/WeapComp-Simp_Bases/WC-S_FireControl_Base.SKEL_WC-S_FireControl_Base_C' ref from Metadata '/Game/WeaponSystemSimplified/WeaponComponents-Simplified/WeapComp-Simp_Bases/WCS_FireControl_Base.PackageMetaData'
[2020.05.16-21.29.08:616][319]LogMetaData: Removing '/Game/WeaponSystemSimplified/WeaponComponents-Simplified/WeapComp-Simp_Bases/WC-S_FireControl_Base.WC-S_FireControl_Base:EventGraph.K2Node_Event_0' ref from Metadata '/Game/WeaponSystemSimplified/WeaponComponents-Simplified/WeapComp-Simp_Bases/WCS_FireControl_Base.PackageMetaData'
[2020.05.16-21.29.08:616][319]LogMetaData: Removing '/Game/WeaponSystemSimplified/WeaponComponents-Simplified/WeapComp-Simp_Bases/WC-S_FireControl_Base.WC-S_FireControl_Base:EventGraph.K2Node_CallParentFunction_0' ref from Metadata '/Game/WeaponSystemSimplified/WeaponComponents-Simplified/WeapComp-Simp_Bases/WCS_FireControl_Base.PackageMetaData'
[2020.05.16-21.29.08:616][319]LogMetaData: Removing '/Game/WeaponSystemSimplified/WeaponComponents-Simplified/WeapComp-Simp_Bases/WC-S_FireControl_Base.WC-S_FireControl_Base:EventGraph.K2Node_Event_1' ref from Metadata '/Game/WeaponSystemSimplified/WeaponComponents-Simplified/WeapComp-Simp_Bases/WCS_FireControl_Base.PackageMetaData'
[2020.05.16-21.29.08:616][319]LogMetaData: Removing '/Game/WeaponSystemSimplified/WeaponComponents-Simplified/WeapComp-Simp_Bases/WC-S_FireControl_Base.WC-S_FireControl_Base:EventGraph.K2Node_CallParentFunction_1' ref from Metadata '/Game/WeaponSystemSimplified/WeaponComponents-Simplified/WeapComp-Simp_Bases/WCS_FireControl_Base.PackageMetaData'
[2020.05.16-21.29.08:658][319]LogSavePackage: Moving 'C:/Users/danny/Desktop/Systems_Sandbox/Systems_Sandbox/Saved/WC-S_FireControl_Base143D3DA14E1D9BC3C381E1AF246179A4.tmp' to 'C:/Users/danny/Desktop/Systems_Sandbox/Systems_Sandbox/Content/WeaponSystemSimplified/WeaponComponents-Simplified/WeapComp-Simp_Bases/WC-S_FireControl_Base.uasset'
[2020.05.16-21.29.08:847][319]LogUObjectHash: Compacting FUObjectHashTables data took   2.46ms
[2020.05.16-21.29.08:888][319]LogUObjectHash: Compacting FUObjectHashTables data took   2.09ms
[2020.05.16-21.29.08:924][319]LogUObjectHash: Compacting FUObjectHashTables data took   0.93ms
[2020.05.16-21.29.09:037][325]LogPackageName: SearchForPackageOnDisk took   0.000s to resolve /Game/WeaponSystemSimplified/WeaponComponents-Simplified/WeapComp-Simp_Bases/WC-S_FireControl_Base.
[2020.05.16-21.29.12:954][763]LogUObjectHash: Compacting FUObjectHashTables data took   2.80ms
[2020.05.16-21.29.12:958][763]LogMetaData: Removing '/Game/WeaponSystemSimplified/WeaponComponents-Simplified/WeapComp-Simp_Bases/WC-S_Hammer_Base.WC-S_Hammer_Base_C' ref from Metadata '/Game/WeaponSystemSimplified/WeaponComponents-Simplified/WeapComp-Simp_Bases/WCS_Hammer_Base.PackageMetaData'
[2020.05.16-21.29.12:958][763]LogMetaData: Removing '/Game/WeaponSystemSimplified/WeaponComponents-Simplified/WeapComp-Simp_Bases/WC-S_Hammer_Base.SKEL_WC-S_Hammer_Base_C' ref from Metadata '/Game/WeaponSystemSimplified/WeaponComponents-Simplified/WeapComp-Simp_Bases/WCS_Hammer_Base.PackageMetaData'
[2020.05.16-21.29.12:958][763]LogMetaData: Removing '/Game/WeaponSystemSimplified/WeaponComponents-Simplified/WeapComp-Simp_Bases/WC-S_Hammer_Base.WC-S_Hammer_Base:EventGraph.K2Node_Event_0' ref from Metadata '/Game/WeaponSystemSimplified/WeaponComponents-Simplified/WeapComp-Simp_Bases/WCS_Hammer_Base.PackageMetaData'
[2020.05.16-21.29.12:958][763]LogMetaData: Removing '/Game/WeaponSystemSimplified/WeaponComponents-Simplified/WeapComp-Simp_Bases/WC-S_Hammer_Base.WC-S_Hammer_Base:EventGraph.K2Node_CallParentFunction_0' ref from Metadata '/Game/WeaponSystemSimplified/WeaponComponents-Simplified/WeapComp-Simp_Bases/WCS_Hammer_Base.PackageMetaData'
[2020.05.16-21.29.12:958][763]LogMetaData: Removing '/Game/WeaponSystemSimplified/WeaponComponents-Simplified/WeapComp-Simp_Bases/WC-S_Hammer_Base.WC-S_Hammer_Base:EventGraph.K2Node_Event_1' ref from Metadata '/Game/WeaponSystemSimplified/WeaponComponents-Simplified/WeapComp-Simp_Bases/WCS_Hammer_Base.PackageMetaData'
[2020.05.16-21.29.12:958][763]LogMetaData: Removing '/Game/WeaponSystemSimplified/WeaponComponents-Simplified/WeapComp-Simp_Bases/WC-S_Hammer_Base.WC-S_Hammer_Base:EventGraph.K2Node_CallParentFunction_1' ref from Metadata '/Game/WeaponSystemSimplified/WeaponComponents-Simplified/WeapComp-Simp_Bases/WCS_Hammer_Base.PackageMetaData'
[2020.05.16-21.29.13:002][763]LogSavePackage: Moving 'C:/Users/danny/Desktop/Systems_Sandbox/Systems_Sandbox/Saved/WC-S_Hammer_BaseD8133A484E50CF6E9D0A5FAFC29AC91E.tmp' to 'C:/Users/danny/Desktop/Systems_Sandbox/Systems_Sandbox/Content/WeaponSystemSimplified/WeaponComponents-Simplified/WeapComp-Simp_Bases/WC-S_Hammer_Base.uasset'
[2020.05.16-21.29.13:206][763]LogUObjectHash: Compacting FUObjectHashTables data took   3.19ms
[2020.05.16-21.29.13:255][763]LogUObjectHash: Compacting FUObjectHashTables data took   2.10ms
[2020.05.16-21.29.13:296][763]LogUObjectHash: Compacting FUObjectHashTables data took   0.91ms
[2020.05.16-21.29.13:364][764]LogPackageName: SearchForPackageOnDisk took   0.000s to resolve /Game/WeaponSystemSimplified/WeaponComponents-Simplified/WeapComp-Simp_Bases/WC-S_Hammer_Base.
[2020.05.16-21.29.17:288][197]LogUObjectHash: Compacting FUObjectHashTables data took   3.88ms
[2020.05.16-21.29.17:291][197]LogMetaData: Removing '/Game/WeaponSystemSimplified/WeaponComponents-Simplified/WeapComp-Simp_Bases/WC-S_Magizine_Base.WC-S_Magizine_Base_C' ref from Metadata '/Game/WeaponSystemSimplified/WeaponComponents-Simplified/WeapComp-Simp_Bases/WCS_Magizine_Base.PackageMetaData'
[2020.05.16-21.29.17:291][197]LogMetaData: Removing '/Game/WeaponSystemSimplified/WeaponComponents-Simplified/WeapComp-Simp_Bases/WC-S_Magizine_Base.SKEL_WC-S_Magizine_Base_C' ref from Metadata '/Game/WeaponSystemSimplified/WeaponComponents-Simplified/WeapComp-Simp_Bases/WCS_Magizine_Base.PackageMetaData'
[2020.05.16-21.29.17:291][197]LogMetaData: Removing '/Game/WeaponSystemSimplified/WeaponComponents-Simplified/WeapComp-Simp_Bases/WC-S_Magizine_Base.WC-S_Magizine_Base:EventGraph.K2Node_Event_0' ref from Metadata '/Game/WeaponSystemSimplified/WeaponComponents-Simplified/WeapComp-Simp_Bases/WCS_Magizine_Base.PackageMetaData'
[2020.05.16-21.29.17:291][197]LogMetaData: Removing '/Game/WeaponSystemSimplified/WeaponComponents-Simplified/WeapComp-Simp_Bases/WC-S_Magizine_Base.WC-S_Magizine_Base:EventGraph.K2Node_CallParentFunction_0' ref from Metadata '/Game/WeaponSystemSimplified/WeaponComponents-Simplified/WeapComp-Simp_Bases/WCS_Magizine_Base.PackageMetaData'
[2020.05.16-21.29.17:291][197]LogMetaData: Removing '/Game/WeaponSystemSimplified/WeaponComponents-Simplified/WeapComp-Simp_Bases/WC-S_Magizine_Base.WC-S_Magizine_Base:EventGraph.K2Node_Event_1' ref from Metadata '/Game/WeaponSystemSimplified/WeaponComponents-Simplified/WeapComp-Simp_Bases/WCS_Magizine_Base.PackageMetaData'
[2020.05.16-21.29.17:291][197]LogMetaData: Removing '/Game/WeaponSystemSimplified/WeaponComponents-Simplified/WeapComp-Simp_Bases/WC-S_Magizine_Base.WC-S_Magizine_Base:EventGraph.K2Node_CallParentFunction_1' ref from Metadata '/Game/WeaponSystemSimplified/WeaponComponents-Simplified/WeapComp-Simp_Bases/WCS_Magizine_Base.PackageMetaData'
[2020.05.16-21.29.17:336][197]LogSavePackage: Moving 'C:/Users/danny/Desktop/Systems_Sandbox/Systems_Sandbox/Saved/WC-S_Magizine_Base09D211E54905FC1C203AB69F9A7F8CA0.tmp' to 'C:/Users/danny/Desktop/Systems_Sandbox/Systems_Sandbox/Content/WeaponSystemSimplified/WeaponComponents-Simplified/WeapComp-Simp_Bases/WC-S_Magizine_Base.uasset'
[2020.05.16-21.29.17:557][197]LogUObjectHash: Compacting FUObjectHashTables data took   3.47ms
[2020.05.16-21.29.17:600][197]LogUObjectHash: Compacting FUObjectHashTables data took   2.03ms
[2020.05.16-21.29.17:634][197]LogUObjectHash: Compacting FUObjectHashTables data took   0.75ms
[2020.05.16-21.29.17:698][198]LogPackageName: SearchForPackageOnDisk took   0.000s to resolve /Game/WeaponSystemSimplified/WeaponComponents-Simplified/WeapComp-Simp_Bases/WC-S_Magizine_Base.
[2020.05.16-21.29.31:054][747]LogUObjectHash: Compacting FUObjectHashTables data took   3.95ms
[2020.05.16-21.29.31:057][747]LogMetaData: Removing '/Game/WeaponSystemSimplified/WeaponComponents-Simplified/WeapComp-Simp_Bases/WC-S_Muzzle_Base.WC-S_Muzzle_Base_C' ref from Metadata '/Game/WeaponSystemSimplified/WeaponComponents-Simplified/WeapComp-Simp_Bases/WCS_Muzzle_Base.PackageMetaData'
[2020.05.16-21.29.31:057][747]LogMetaData: Removing '/Game/WeaponSystemSimplified/WeaponComponents-Simplified/WeapComp-Simp_Bases/WC-S_Muzzle_Base.SKEL_WC-S_Muzzle_Base_C' ref from Metadata '/Game/WeaponSystemSimplified/WeaponComponents-Simplified/WeapComp-Simp_Bases/WCS_Muzzle_Base.PackageMetaData'
[2020.05.16-21.29.31:057][747]LogMetaData: Removing '/Game/WeaponSystemSimplified/WeaponComponents-Simplified/WeapComp-Simp_Bases/WC-S_Muzzle_Base.WC-S_Muzzle_Base:EventGraph.K2Node_Event_0' ref from Metadata '/Game/WeaponSystemSimplified/WeaponComponents-Simplified/WeapComp-Simp_Bases/WCS_Muzzle_Base.PackageMetaData'
[2020.05.16-21.29.31:057][747]LogMetaData: Removing '/Game/WeaponSystemSimplified/WeaponComponents-Simplified/WeapComp-Simp_Bases/WC-S_Muzzle_Base.WC-S_Muzzle_Base:EventGraph.K2Node_CallParentFunction_0' ref from Metadata '/Game/WeaponSystemSimplified/WeaponComponents-Simplified/WeapComp-Simp_Bases/WCS_Muzzle_Base.PackageMetaData'
[2020.05.16-21.29.31:057][747]LogMetaData: Removing '/Game/WeaponSystemSimplified/WeaponComponents-Simplified/WeapComp-Simp_Bases/WC-S_Muzzle_Base.WC-S_Muzzle_Base:EventGraph.K2Node_Event_1' ref from Metadata '/Game/WeaponSystemSimplified/WeaponComponents-Simplified/WeapComp-Simp_Bases/WCS_Muzzle_Base.PackageMetaData'
[2020.05.16-21.29.31:057][747]LogMetaData: Removing '/Game/WeaponSystemSimplified/WeaponComponents-Simplified/WeapComp-Simp_Bases/WC-S_Muzzle_Base.WC-S_Muzzle_Base:EventGraph.K2Node_CallParentFunction_1' ref from Metadata '/Game/WeaponSystemSimplified/WeaponComponents-Simplified/WeapComp-Simp_Bases/WCS_Muzzle_Base.PackageMetaData'
[2020.05.16-21.29.31:103][747]LogSavePackage: Moving 'C:/Users/danny/Desktop/Systems_Sandbox/Systems_Sandbox/Saved/WC-S_Muzzle_Base1F1CB77046866BFA50B79699F48885AD.tmp' to 'C:/Users/danny/Desktop/Systems_Sandbox/Systems_Sandbox/Content/WeaponSystemSimplified/WeaponComponents-Simplified/WeapComp-Simp_Bases/WC-S_Muzzle_Base.uasset'
[2020.05.16-21.29.31:312][747]LogUObjectHash: Compacting FUObjectHashTables data took   4.19ms
[2020.05.16-21.29.31:355][747]LogUObjectHash: Compacting FUObjectHashTables data took   1.97ms
[2020.05.16-21.29.31:391][747]LogUObjectHash: Compacting FUObjectHashTables data took   0.72ms
[2020.05.16-21.29.31:489][752]LogPackageName: SearchForPackageOnDisk took   0.000s to resolve /Game/WeaponSystemSimplified/WeaponComponents-Simplified/WeapComp-Simp_Bases/WC-S_Muzzle_Base.
[2020.05.16-21.29.35:429][193]LogUObjectHash: Compacting FUObjectHashTables data took   2.79ms
[2020.05.16-21.29.35:433][193]LogMetaData: Removing '/Game/WeaponSystemSimplified/WeaponComponents-Simplified/WeapComp-Simp_Bases/WC-S_Trigger_Base.WC-S_Trigger_Base_C' ref from Metadata '/Game/WeaponSystemSimplified/WeaponComponents-Simplified/WeapComp-Simp_Bases/WCS_Trigger_Base.PackageMetaData'
[2020.05.16-21.29.35:433][193]LogMetaData: Removing '/Game/WeaponSystemSimplified/WeaponComponents-Simplified/WeapComp-Simp_Bases/WC-S_Trigger_Base.SKEL_WC-S_Trigger_Base_C' ref from Metadata '/Game/WeaponSystemSimplified/WeaponComponents-Simplified/WeapComp-Simp_Bases/WCS_Trigger_Base.PackageMetaData'
[2020.05.16-21.29.35:433][193]LogMetaData: Removing '/Game/WeaponSystemSimplified/WeaponComponents-Simplified/WeapComp-Simp_Bases/WC-S_Trigger_Base.WC-S_Trigger_Base:EventGraph.K2Node_Event_0' ref from Metadata '/Game/WeaponSystemSimplified/WeaponComponents-Simplified/WeapComp-Simp_Bases/WCS_Trigger_Base.PackageMetaData'
[2020.05.16-21.29.35:433][193]LogMetaData: Removing '/Game/WeaponSystemSimplified/WeaponComponents-Simplified/WeapComp-Simp_Bases/WC-S_Trigger_Base.WC-S_Trigger_Base:EventGraph.K2Node_CallParentFunction_0' ref from Metadata '/Game/WeaponSystemSimplified/WeaponComponents-Simplified/WeapComp-Simp_Bases/WCS_Trigger_Base.PackageMetaData'
[2020.05.16-21.29.35:433][193]LogMetaData: Removing '/Game/WeaponSystemSimplified/WeaponComponents-Simplified/WeapComp-Simp_Bases/WC-S_Trigger_Base.WC-S_Trigger_Base:EventGraph.K2Node_Event_1' ref from Metadata '/Game/WeaponSystemSimplified/WeaponComponents-Simplified/WeapComp-Simp_Bases/WCS_Trigger_Base.PackageMetaData'
[2020.05.16-21.29.35:433][193]LogMetaData: Removing '/Game/WeaponSystemSimplified/WeaponComponents-Simplified/WeapComp-Simp_Bases/WC-S_Trigger_Base.WC-S_Trigger_Base:EventGraph.K2Node_CallParentFunction_1' ref from Metadata '/Game/WeaponSystemSimplified/WeaponComponents-Simplified/WeapComp-Simp_Bases/WCS_Trigger_Base.PackageMetaData'
[2020.05.16-21.29.35:476][193]LogSavePackage: Moving 'C:/Users/danny/Desktop/Systems_Sandbox/Systems_Sandbox/Saved/WC-S_Trigger_BaseF750DA21464EFDC9A160979E1F7684A8.tmp' to 'C:/Users/danny/Desktop/Systems_Sandbox/Systems_Sandbox/Content/WeaponSystemSimplified/WeaponComponents-Simplified/WeapComp-Simp_Bases/WC-S_Trigger_Base.uasset'
[2020.05.16-21.29.35:692][193]LogUObjectHash: Compacting FUObjectHashTables data took   3.68ms
[2020.05.16-21.29.35:739][193]LogUObjectHash: Compacting FUObjectHashTables data took   2.05ms
[2020.05.16-21.29.35:779][193]LogUObjectHash: Compacting FUObjectHashTables data took   0.72ms
[2020.05.16-21.29.35:912][202]LogPackageName: SearchForPackageOnDisk took   0.000s to resolve /Game/WeaponSystemSimplified/WeaponComponents-Simplified/WeapComp-Simp_Bases/WC-S_Trigger_Base.
[2020.05.16-21.29.51:091][978]LogMetaData: Removing '/Game/WeaponSystemSimplified/WeaponComponents-Simplified/WC-S_Bases/WC-S_Muzzle_Base.WC-S_Muzzle_Base_C' ref from Metadata '/Game/WeaponSystemSimplified/WeaponComponents-Simplified/WeapComp-Simp_Bases/WC-S_Muzzle_Base.PackageMetaData'
[2020.05.16-21.29.51:091][978]LogMetaData: Removing '/Game/WeaponSystemSimplified/WeaponComponents-Simplified/WC-S_Bases/WC-S_Muzzle_Base.SKEL_WC-S_Muzzle_Base_C' ref from Metadata '/Game/WeaponSystemSimplified/WeaponComponents-Simplified/WeapComp-Simp_Bases/WC-S_Muzzle_Base.PackageMetaData'
[2020.05.16-21.29.51:091][978]LogMetaData: Removing '/Game/WeaponSystemSimplified/WeaponComponents-Simplified/WC-S_Bases/WC-S_Muzzle_Base.WC-S_Muzzle_Base:EventGraph.K2Node_Event_0' ref from Metadata '/Game/WeaponSystemSimplified/WeaponComponents-Simplified/WeapComp-Simp_Bases/WC-S_Muzzle_Base.PackageMetaData'
[2020.05.16-21.29.51:092][978]LogMetaData: Removing '/Game/WeaponSystemSimplified/WeaponComponents-Simplified/WC-S_Bases/WC-S_Muzzle_Base.WC-S_Muzzle_Base:EventGraph.K2Node_CallParentFunction_0' ref from Metadata '/Game/WeaponSystemSimplified/WeaponComponents-Simplified/WeapComp-Simp_Bases/WC-S_Muzzle_Base.PackageMetaData'
[2020.05.16-21.29.51:092][978]LogMetaData: Removing '/Game/WeaponSystemSimplified/WeaponComponents-Simplified/WC-S_Bases/WC-S_Muzzle_Base.WC-S_Muzzle_Base:EventGraph.K2Node_Event_1' ref from Metadata '/Game/WeaponSystemSimplified/WeaponComponents-Simplified/WeapComp-Simp_Bases/WC-S_Muzzle_Base.PackageMetaData'
[2020.05.16-21.29.51:092][978]LogMetaData: Removing '/Game/WeaponSystemSimplified/WeaponComponents-Simplified/WC-S_Bases/WC-S_Muzzle_Base.WC-S_Muzzle_Base:EventGraph.K2Node_CallParentFunction_1' ref from Metadata '/Game/WeaponSystemSimplified/WeaponComponents-Simplified/WeapComp-Simp_Bases/WC-S_Muzzle_Base.PackageMetaData'
[2020.05.16-21.29.51:092][978]LogMetaData: Removing '/Game/WeaponSystemSimplified/WeaponComponents-Simplified/WC-S_Bases/WC-S_Muzzle_Base.SKEL_WC-S_Muzzle_Base_C:ReceiveBeginPlay' ref from Metadata '/Game/WeaponSystemSimplified/WeaponComponents-Simplified/WeapComp-Simp_Bases/WC-S_Muzzle_Base.PackageMetaData'
[2020.05.16-21.29.51:092][978]LogMetaData: Removing '/Game/WeaponSystemSimplified/WeaponComponents-Simplified/WC-S_Bases/WC-S_Muzzle_Base.SKEL_WC-S_Muzzle_Base_C:ReceiveTick' ref from Metadata '/Game/WeaponSystemSimplified/WeaponComponents-Simplified/WeapComp-Simp_Bases/WC-S_Muzzle_Base.PackageMetaData'
[2020.05.16-21.29.51:103][978]LogMetaData: Removing '/Game/WeaponSystemSimplified/WeaponComponents-Simplified/WC-S_Bases/WC-S_Barrel_Base.WC-S_Barrel_Base_C' ref from Metadata '/Game/WeaponSystemSimplified/WeaponComponents-Simplified/WeapComp-Simp_Bases/WC-S_Barrel_Base.PackageMetaData'
[2020.05.16-21.29.51:103][978]LogMetaData: Removing '/Game/WeaponSystemSimplified/WeaponComponents-Simplified/WC-S_Bases/WC-S_Barrel_Base.SKEL_WC-S_Barrel_Base_C' ref from Metadata '/Game/WeaponSystemSimplified/WeaponComponents-Simplified/WeapComp-Simp_Bases/WC-S_Barrel_Base.PackageMetaData'
[2020.05.16-21.29.51:103][978]LogMetaData: Removing '/Game/WeaponSystemSimplified/WeaponComponents-Simplified/WC-S_Bases/WC-S_Barrel_Base.WC-S_Barrel_Base:EventGraph.K2Node_Event_0' ref from Metadata '/Game/WeaponSystemSimplified/WeaponComponents-Simplified/WeapComp-Simp_Bases/WC-S_Barrel_Base.PackageMetaData'
[2020.05.16-21.29.51:103][978]LogMetaData: Removing '/Game/WeaponSystemSimplified/WeaponComponents-Simplified/WC-S_Bases/WC-S_Barrel_Base.WC-S_Barrel_Base:EventGraph.K2Node_CallParentFunction_0' ref from Metadata '/Game/WeaponSystemSimplified/WeaponComponents-Simplified/WeapComp-Simp_Bases/WC-S_Barrel_Base.PackageMetaData'
[2020.05.16-21.29.51:103][978]LogMetaData: Removing '/Game/WeaponSystemSimplified/WeaponComponents-Simplified/WC-S_Bases/WC-S_Barrel_Base.WC-S_Barrel_Base:EventGraph.K2Node_Event_1' ref from Metadata '/Game/WeaponSystemSimplified/WeaponComponents-Simplified/WeapComp-Simp_Bases/WC-S_Barrel_Base.PackageMetaData'
[2020.05.16-21.29.51:103][978]LogMetaData: Removing '/Game/WeaponSystemSimplified/WeaponComponents-Simplified/WC-S_Bases/WC-S_Barrel_Base.WC-S_Barrel_Base:EventGraph.K2Node_CallParentFunction_1' ref from Metadata '/Game/WeaponSystemSimplified/WeaponComponents-Simplified/WeapComp-Simp_Bases/WC-S_Barrel_Base.PackageMetaData'
[2020.05.16-21.29.51:103][978]LogMetaData: Removing '/Game/WeaponSystemSimplified/WeaponComponents-Simplified/WC-S_Bases/WC-S_Barrel_Base.SKEL_WC-S_Barrel_Base_C:ReceiveBeginPlay' ref from Metadata '/Game/WeaponSystemSimplified/WeaponComponents-Simplified/WeapComp-Simp_Bases/WC-S_Barrel_Base.PackageMetaData'
[2020.05.16-21.29.51:103][978]LogMetaData: Removing '/Game/WeaponSystemSimplified/WeaponComponents-Simplified/WC-S_Bases/WC-S_Barrel_Base.SKEL_WC-S_Barrel_Base_C:ReceiveTick' ref from Metadata '/Game/WeaponSystemSimplified/WeaponComponents-Simplified/WeapComp-Simp_Bases/WC-S_Barrel_Base.PackageMetaData'
[2020.05.16-21.29.51:114][978]LogMetaData: Removing '/Game/WeaponSystemSimplified/WeaponComponents-Simplified/WC-S_Bases/WC-S_Chamber_Base.WC-S_Chamber_Base_C' ref from Metadata '/Game/WeaponSystemSimplified/WeaponComponents-Simplified/WeapComp-Simp_Bases/WC-S_Chamber_Base.PackageMetaData'
[2020.05.16-21.29.51:114][978]LogMetaData: Removing '/Game/WeaponSystemSimplified/WeaponComponents-Simplified/WC-S_Bases/WC-S_Chamber_Base.SKEL_WC-S_Chamber_Base_C' ref from Metadata '/Game/WeaponSystemSimplified/WeaponComponents-Simplified/WeapComp-Simp_Bases/WC-S_Chamber_Base.PackageMetaData'
[2020.05.16-21.29.51:114][978]LogMetaData: Removing '/Game/WeaponSystemSimplified/WeaponComponents-Simplified/WC-S_Bases/WC-S_Chamber_Base.WC-S_Chamber_Base:EventGraph.K2Node_Event_0' ref from Metadata '/Game/WeaponSystemSimplified/WeaponComponents-Simplified/WeapComp-Simp_Bases/WC-S_Chamber_Base.PackageMetaData'
[2020.05.16-21.29.51:114][978]LogMetaData: Removing '/Game/WeaponSystemSimplified/WeaponComponents-Simplified/WC-S_Bases/WC-S_Chamber_Base.WC-S_Chamber_Base:EventGraph.K2Node_CallParentFunction_0' ref from Metadata '/Game/WeaponSystemSimplified/WeaponComponents-Simplified/WeapComp-Simp_Bases/WC-S_Chamber_Base.PackageMetaData'
[2020.05.16-21.29.51:114][978]LogMetaData: Removing '/Game/WeaponSystemSimplified/WeaponComponents-Simplified/WC-S_Bases/WC-S_Chamber_Base.WC-S_Chamber_Base:EventGraph.K2Node_Event_1' ref from Metadata '/Game/WeaponSystemSimplified/WeaponComponents-Simplified/WeapComp-Simp_Bases/WC-S_Chamber_Base.PackageMetaData'
[2020.05.16-21.29.51:114][978]LogMetaData: Removing '/Game/WeaponSystemSimplified/WeaponComponents-Simplified/WC-S_Bases/WC-S_Chamber_Base.WC-S_Chamber_Base:EventGraph.K2Node_CallParentFunction_1' ref from Metadata '/Game/WeaponSystemSimplified/WeaponComponents-Simplified/WeapComp-Simp_Bases/WC-S_Chamber_Base.PackageMetaData'
[2020.05.16-21.29.51:114][978]LogMetaData: Removing '/Game/WeaponSystemSimplified/WeaponComponents-Simplified/WC-S_Bases/WC-S_Chamber_Base.SKEL_WC-S_Chamber_Base_C:ReceiveBeginPlay' ref from Metadata '/Game/WeaponSystemSimplified/WeaponComponents-Simplified/WeapComp-Simp_Bases/WC-S_Chamber_Base.PackageMetaData'
[2020.05.16-21.29.51:114][978]LogMetaData: Removing '/Game/WeaponSystemSimplified/WeaponComponents-Simplified/WC-S_Bases/WC-S_Chamber_Base.SKEL_WC-S_Chamber_Base_C:ReceiveTick' ref from Metadata '/Game/WeaponSystemSimplified/WeaponComponents-Simplified/WeapComp-Simp_Bases/WC-S_Chamber_Base.PackageMetaData'
[2020.05.16-21.29.51:124][978]LogMetaData: Removing '/Game/WeaponSystemSimplified/WeaponComponents-Simplified/WC-S_Bases/WC-S_FireControl_Base.WC-S_FireControl_Base_C' ref from Metadata '/Game/WeaponSystemSimplified/WeaponComponents-Simplified/WeapComp-Simp_Bases/WC-S_FireControl_Base.PackageMetaData'
[2020.05.16-21.29.51:124][978]LogMetaData: Removing '/Game/WeaponSystemSimplified/WeaponComponents-Simplified/WC-S_Bases/WC-S_FireControl_Base.SKEL_WC-S_FireControl_Base_C' ref from Metadata '/Game/WeaponSystemSimplified/WeaponComponents-Simplified/WeapComp-Simp_Bases/WC-S_FireControl_Base.PackageMetaData'
[2020.05.16-21.29.51:124][978]LogMetaData: Removing '/Game/WeaponSystemSimplified/WeaponComponents-Simplified/WC-S_Bases/WC-S_FireControl_Base.WC-S_FireControl_Base:EventGraph.K2Node_Event_0' ref from Metadata '/Game/WeaponSystemSimplified/WeaponComponents-Simplified/WeapComp-Simp_Bases/WC-S_FireControl_Base.PackageMetaData'
[2020.05.16-21.29.51:124][978]LogMetaData: Removing '/Game/WeaponSystemSimplified/WeaponComponents-Simplified/WC-S_Bases/WC-S_FireControl_Base.WC-S_FireControl_Base:EventGraph.K2Node_CallParentFunction_0' ref from Metadata '/Game/WeaponSystemSimplified/WeaponComponents-Simplified/WeapComp-Simp_Bases/WC-S_FireControl_Base.PackageMetaData'
[2020.05.16-21.29.51:124][978]LogMetaData: Removing '/Game/WeaponSystemSimplified/WeaponComponents-Simplified/WC-S_Bases/WC-S_FireControl_Base.WC-S_FireControl_Base:EventGraph.K2Node_Event_1' ref from Metadata '/Game/WeaponSystemSimplified/WeaponComponents-Simplified/WeapComp-Simp_Bases/WC-S_FireControl_Base.PackageMetaData'
[2020.05.16-21.29.51:124][978]LogMetaData: Removing '/Game/WeaponSystemSimplified/WeaponComponents-Simplified/WC-S_Bases/WC-S_FireControl_Base.WC-S_FireControl_Base:EventGraph.K2Node_CallParentFunction_1' ref from Metadata '/Game/WeaponSystemSimplified/WeaponComponents-Simplified/WeapComp-Simp_Bases/WC-S_FireControl_Base.PackageMetaData'
[2020.05.16-21.29.51:124][978]LogMetaData: Removing '/Game/WeaponSystemSimplified/WeaponComponents-Simplified/WC-S_Bases/WC-S_FireControl_Base.SKEL_WC-S_FireControl_Base_C:ReceiveBeginPlay' ref from Metadata '/Game/WeaponSystemSimplified/WeaponComponents-Simplified/WeapComp-Simp_Bases/WC-S_FireControl_Base.PackageMetaData'
[2020.05.16-21.29.51:124][978]LogMetaData: Removing '/Game/WeaponSystemSimplified/WeaponComponents-Simplified/WC-S_Bases/WC-S_FireControl_Base.SKEL_WC-S_FireControl_Base_C:ReceiveTick' ref from Metadata '/Game/WeaponSystemSimplified/WeaponComponents-Simplified/WeapComp-Simp_Bases/WC-S_FireControl_Base.PackageMetaData'
[2020.05.16-21.29.51:134][978]LogMetaData: Removing '/Game/WeaponSystemSimplified/WeaponComponents-Simplified/WC-S_Bases/WC-S_Hammer_Base.WC-S_Hammer_Base_C' ref from Metadata '/Game/WeaponSystemSimplified/WeaponComponents-Simplified/WeapComp-Simp_Bases/WC-S_Hammer_Base.PackageMetaData'
[2020.05.16-21.29.51:134][978]LogMetaData: Removing '/Game/WeaponSystemSimplified/WeaponComponents-Simplified/WC-S_Bases/WC-S_Hammer_Base.SKEL_WC-S_Hammer_Base_C' ref from Metadata '/Game/WeaponSystemSimplified/WeaponComponents-Simplified/WeapComp-Simp_Bases/WC-S_Hammer_Base.PackageMetaData'
[2020.05.16-21.29.51:134][978]LogMetaData: Removing '/Game/WeaponSystemSimplified/WeaponComponents-Simplified/WC-S_Bases/WC-S_Hammer_Base.WC-S_Hammer_Base:EventGraph.K2Node_Event_0' ref from Metadata '/Game/WeaponSystemSimplified/WeaponComponents-Simplified/WeapComp-Simp_Bases/WC-S_Hammer_Base.PackageMetaData'
[2020.05.16-21.29.51:134][978]LogMetaData: Removing '/Game/WeaponSystemSimplified/WeaponComponents-Simplified/WC-S_Bases/WC-S_Hammer_Base.WC-S_Hammer_Base:EventGraph.K2Node_CallParentFunction_0' ref from Metadata '/Game/WeaponSystemSimplified/WeaponComponents-Simplified/WeapComp-Simp_Bases/WC-S_Hammer_Base.PackageMetaData'
[2020.05.16-21.29.51:135][978]LogMetaData: Removing '/Game/WeaponSystemSimplified/WeaponComponents-Simplified/WC-S_Bases/WC-S_Hammer_Base.WC-S_Hammer_Base:EventGraph.K2Node_Event_1' ref from Metadata '/Game/WeaponSystemSimplified/WeaponComponents-Simplified/WeapComp-Simp_Bases/WC-S_Hammer_Base.PackageMetaData'
[2020.05.16-21.29.51:135][978]LogMetaData: Removing '/Game/WeaponSystemSimplified/WeaponComponents-Simplified/WC-S_Bases/WC-S_Hammer_Base.WC-S_Hammer_Base:EventGraph.K2Node_CallParentFunction_1' ref from Metadata '/Game/WeaponSystemSimplified/WeaponComponents-Simplified/WeapComp-Simp_Bases/WC-S_Hammer_Base.PackageMetaData'
[2020.05.16-21.29.51:135][978]LogMetaData: Removing '/Game/WeaponSystemSimplified/WeaponComponents-Simplified/WC-S_Bases/WC-S_Hammer_Base.SKEL_WC-S_Hammer_Base_C:ReceiveBeginPlay' ref from Metadata '/Game/WeaponSystemSimplified/WeaponComponents-Simplified/WeapComp-Simp_Bases/WC-S_Hammer_Base.PackageMetaData'
[2020.05.16-21.29.51:135][978]LogMetaData: Removing '/Game/WeaponSystemSimplified/WeaponComponents-Simplified/WC-S_Bases/WC-S_Hammer_Base.SKEL_WC-S_Hammer_Base_C:ReceiveTick' ref from Metadata '/Game/WeaponSystemSimplified/WeaponComponents-Simplified/WeapComp-Simp_Bases/WC-S_Hammer_Base.PackageMetaData'
[2020.05.16-21.29.51:146][978]LogMetaData: Removing '/Game/WeaponSystemSimplified/WeaponComponents-Simplified/WC-S_Bases/WC-S_Trigger_Base.WC-S_Trigger_Base_C' ref from Metadata '/Game/WeaponSystemSimplified/WeaponComponents-Simplified/WeapComp-Simp_Bases/WC-S_Trigger_Base.PackageMetaData'
[2020.05.16-21.29.51:147][978]LogMetaData: Removing '/Game/WeaponSystemSimplified/WeaponComponents-Simplified/WC-S_Bases/WC-S_Trigger_Base.SKEL_WC-S_Trigger_Base_C' ref from Metadata '/Game/WeaponSystemSimplified/WeaponComponents-Simplified/WeapComp-Simp_Bases/WC-S_Trigger_Base.PackageMetaData'
[2020.05.16-21.29.51:147][978]LogMetaData: Removing '/Game/WeaponSystemSimplified/WeaponComponents-Simplified/WC-S_Bases/WC-S_Trigger_Base.WC-S_Trigger_Base:EventGraph.K2Node_Event_0' ref from Metadata '/Game/WeaponSystemSimplified/WeaponComponents-Simplified/WeapComp-Simp_Bases/WC-S_Trigger_Base.PackageMetaData'
[2020.05.16-21.29.51:147][978]LogMetaData: Removing '/Game/WeaponSystemSimplified/WeaponComponents-Simplified/WC-S_Bases/WC-S_Trigger_Base.WC-S_Trigger_Base:EventGraph.K2Node_CallParentFunction_0' ref from Metadata '/Game/WeaponSystemSimplified/WeaponComponents-Simplified/WeapComp-Simp_Bases/WC-S_Trigger_Base.PackageMetaData'
[2020.05.16-21.29.51:147][978]LogMetaData: Removing '/Game/WeaponSystemSimplified/WeaponComponents-Simplified/WC-S_Bases/WC-S_Trigger_Base.WC-S_Trigger_Base:EventGraph.K2Node_Event_1' ref from Metadata '/Game/WeaponSystemSimplified/WeaponComponents-Simplified/WeapComp-Simp_Bases/WC-S_Trigger_Base.PackageMetaData'
[2020.05.16-21.29.51:147][978]LogMetaData: Removing '/Game/WeaponSystemSimplified/WeaponComponents-Simplified/WC-S_Bases/WC-S_Trigger_Base.WC-S_Trigger_Base:EventGraph.K2Node_CallParentFunction_1' ref from Metadata '/Game/WeaponSystemSimplified/WeaponComponents-Simplified/WeapComp-Simp_Bases/WC-S_Trigger_Base.PackageMetaData'
[2020.05.16-21.29.51:147][978]LogMetaData: Removing '/Game/WeaponSystemSimplified/WeaponComponents-Simplified/WC-S_Bases/WC-S_Trigger_Base.SKEL_WC-S_Trigger_Base_C:ReceiveBeginPlay' ref from Metadata '/Game/WeaponSystemSimplified/WeaponComponents-Simplified/WeapComp-Simp_Bases/WC-S_Trigger_Base.PackageMetaData'
[2020.05.16-21.29.51:147][978]LogMetaData: Removing '/Game/WeaponSystemSimplified/WeaponComponents-Simplified/WC-S_Bases/WC-S_Trigger_Base.SKEL_WC-S_Trigger_Base_C:ReceiveTick' ref from Metadata '/Game/WeaponSystemSimplified/WeaponComponents-Simplified/WeapComp-Simp_Bases/WC-S_Trigger_Base.PackageMetaData'
[2020.05.16-21.29.51:156][978]LogMetaData: Removing '/Game/WeaponSystemSimplified/WeaponComponents-Simplified/WC-S_Bases/WC-S_Magizine_Base.WC-S_Magizine_Base_C' ref from Metadata '/Game/WeaponSystemSimplified/WeaponComponents-Simplified/WeapComp-Simp_Bases/WC-S_Magizine_Base.PackageMetaData'
[2020.05.16-21.29.51:156][978]LogMetaData: Removing '/Game/WeaponSystemSimplified/WeaponComponents-Simplified/WC-S_Bases/WC-S_Magizine_Base.SKEL_WC-S_Magizine_Base_C' ref from Metadata '/Game/WeaponSystemSimplified/WeaponComponents-Simplified/WeapComp-Simp_Bases/WC-S_Magizine_Base.PackageMetaData'
[2020.05.16-21.29.51:156][978]LogMetaData: Removing '/Game/WeaponSystemSimplified/WeaponComponents-Simplified/WC-S_Bases/WC-S_Magizine_Base.WC-S_Magizine_Base:EventGraph.K2Node_Event_0' ref from Metadata '/Game/WeaponSystemSimplified/WeaponComponents-Simplified/WeapComp-Simp_Bases/WC-S_Magizine_Base.PackageMetaData'
[2020.05.16-21.29.51:157][978]LogMetaData: Removing '/Game/WeaponSystemSimplified/WeaponComponents-Simplified/WC-S_Bases/WC-S_Magizine_Base.WC-S_Magizine_Base:EventGraph.K2Node_CallParentFunction_0' ref from Metadata '/Game/WeaponSystemSimplified/WeaponComponents-Simplified/WeapComp-Simp_Bases/WC-S_Magizine_Base.PackageMetaData'
[2020.05.16-21.29.51:157][978]LogMetaData: Removing '/Game/WeaponSystemSimplified/WeaponComponents-Simplified/WC-S_Bases/WC-S_Magizine_Base.WC-S_Magizine_Base:EventGraph.K2Node_Event_1' ref from Metadata '/Game/WeaponSystemSimplified/WeaponComponents-Simplified/WeapComp-Simp_Bases/WC-S_Magizine_Base.PackageMetaData'
[2020.05.16-21.29.51:157][978]LogMetaData: Removing '/Game/WeaponSystemSimplified/WeaponComponents-Simplified/WC-S_Bases/WC-S_Magizine_Base.WC-S_Magizine_Base:EventGraph.K2Node_CallParentFunction_1' ref from Metadata '/Game/WeaponSystemSimplified/WeaponComponents-Simplified/WeapComp-Simp_Bases/WC-S_Magizine_Base.PackageMetaData'
[2020.05.16-21.29.51:157][978]LogMetaData: Removing '/Game/WeaponSystemSimplified/WeaponComponents-Simplified/WC-S_Bases/WC-S_Magizine_Base.SKEL_WC-S_Magizine_Base_C:ReceiveBeginPlay' ref from Metadata '/Game/WeaponSystemSimplified/WeaponComponents-Simplified/WeapComp-Simp_Bases/WC-S_Magizine_Base.PackageMetaData'
[2020.05.16-21.29.51:157][978]LogMetaData: Removing '/Game/WeaponSystemSimplified/WeaponComponents-Simplified/WC-S_Bases/WC-S_Magizine_Base.SKEL_WC-S_Magizine_Base_C:ReceiveTick' ref from Metadata '/Game/WeaponSystemSimplified/WeaponComponents-Simplified/WeapComp-Simp_Bases/WC-S_Magizine_Base.PackageMetaData'
[2020.05.16-21.29.51:172][978]LogMetaData: Removing '/Game/WeaponSystemSimplified/WeaponComponents-Simplified/WC-S_Bases/WC-S_Bolt_Base.WC-S_Bolt_Base_C' ref from Metadata '/Game/WeaponSystemSimplified/WeaponComponents-Simplified/WeapComp-Simp_Bases/WC-S_Bolt_Base.PackageMetaData'
[2020.05.16-21.29.51:172][978]LogMetaData: Removing '/Game/WeaponSystemSimplified/WeaponComponents-Simplified/WC-S_Bases/WC-S_Bolt_Base.SKEL_WC-S_Bolt_Base_C' ref from Metadata '/Game/WeaponSystemSimplified/WeaponComponents-Simplified/WeapComp-Simp_Bases/WC-S_Bolt_Base.PackageMetaData'
[2020.05.16-21.29.51:172][978]LogMetaData: Removing '/Game/WeaponSystemSimplified/WeaponComponents-Simplified/WC-S_Bases/WC-S_Bolt_Base.WC-S_Bolt_Base:EventGraph.K2Node_Event_0' ref from Metadata '/Game/WeaponSystemSimplified/WeaponComponents-Simplified/WeapComp-Simp_Bases/WC-S_Bolt_Base.PackageMetaData'
[2020.05.16-21.29.51:172][978]LogMetaData: Removing '/Game/WeaponSystemSimplified/WeaponComponents-Simplified/WC-S_Bases/WC-S_Bolt_Base.WC-S_Bolt_Base:EventGraph.K2Node_CallParentFunction_0' ref from Metadata '/Game/WeaponSystemSimplified/WeaponComponents-Simplified/WeapComp-Simp_Bases/WC-S_Bolt_Base.PackageMetaData'
[2020.05.16-21.29.51:172][978]LogMetaData: Removing '/Game/WeaponSystemSimplified/WeaponComponents-Simplified/WC-S_Bases/WC-S_Bolt_Base.WC-S_Bolt_Base:EventGraph.K2Node_Event_1' ref from Metadata '/Game/WeaponSystemSimplified/WeaponComponents-Simplified/WeapComp-Simp_Bases/WC-S_Bolt_Base.PackageMetaData'
[2020.05.16-21.29.51:172][978]LogMetaData: Removing '/Game/WeaponSystemSimplified/WeaponComponents-Simplified/WC-S_Bases/WC-S_Bolt_Base.WC-S_Bolt_Base:EventGraph.K2Node_CallParentFunction_1' ref from Metadata '/Game/WeaponSystemSimplified/WeaponComponents-Simplified/WeapComp-Simp_Bases/WC-S_Bolt_Base.PackageMetaData'
[2020.05.16-21.29.51:172][978]LogMetaData: Removing '/Game/WeaponSystemSimplified/WeaponComponents-Simplified/WC-S_Bases/WC-S_Bolt_Base.SKEL_WC-S_Bolt_Base_C:ReceiveBeginPlay' ref from Metadata '/Game/WeaponSystemSimplified/WeaponComponents-Simplified/WeapComp-Simp_Bases/WC-S_Bolt_Base.PackageMetaData'
[2020.05.16-21.29.51:172][978]LogMetaData: Removing '/Game/WeaponSystemSimplified/WeaponComponents-Simplified/WC-S_Bases/WC-S_Bolt_Base.SKEL_WC-S_Bolt_Base_C:ReceiveTick' ref from Metadata '/Game/WeaponSystemSimplified/WeaponComponents-Simplified/WeapComp-Simp_Bases/WC-S_Bolt_Base.PackageMetaData'
[2020.05.16-21.29.51:182][978]LogMetaData: Removing '/Game/WeaponSystemSimplified/WeaponComponents-Simplified/WC-S_Bases/WC-S_Feedport_Base.WC-S_Feedport_Base_C' ref from Metadata '/Game/WeaponSystemSimplified/WeaponComponents-Simplified/WeapComp-Simp_Bases/WC-S_Feedport_Base.PackageMetaData'
[2020.05.16-21.29.51:183][978]LogMetaData: Removing '/Game/WeaponSystemSimplified/WeaponComponents-Simplified/WC-S_Bases/WC-S_Feedport_Base.SKEL_WC-S_Feedport_Base_C' ref from Metadata '/Game/WeaponSystemSimplified/WeaponComponents-Simplified/WeapComp-Simp_Bases/WC-S_Feedport_Base.PackageMetaData'
[2020.05.16-21.29.51:183][978]LogMetaData: Removing '/Game/WeaponSystemSimplified/WeaponComponents-Simplified/WC-S_Bases/WC-S_Feedport_Base.WC-S_Feedport_Base:EventGraph.K2Node_Event_0' ref from Metadata '/Game/WeaponSystemSimplified/WeaponComponents-Simplified/WeapComp-Simp_Bases/WC-S_Feedport_Base.PackageMetaData'
[2020.05.16-21.29.51:183][978]LogMetaData: Removing '/Game/WeaponSystemSimplified/WeaponComponents-Simplified/WC-S_Bases/WC-S_Feedport_Base.WC-S_Feedport_Base:EventGraph.K2Node_CallParentFunction_0' ref from Metadata '/Game/WeaponSystemSimplified/WeaponComponents-Simplified/WeapComp-Simp_Bases/WC-S_Feedport_Base.PackageMetaData'
[2020.05.16-21.29.51:183][978]LogMetaData: Removing '/Game/WeaponSystemSimplified/WeaponComponents-Simplified/WC-S_Bases/WC-S_Feedport_Base.WC-S_Feedport_Base:EventGraph.K2Node_Event_1' ref from Metadata '/Game/WeaponSystemSimplified/WeaponComponents-Simplified/WeapComp-Simp_Bases/WC-S_Feedport_Base.PackageMetaData'
[2020.05.16-21.29.51:183][978]LogMetaData: Removing '/Game/WeaponSystemSimplified/WeaponComponents-Simplified/WC-S_Bases/WC-S_Feedport_Base.WC-S_Feedport_Base:EventGraph.K2Node_CallParentFunction_1' ref from Metadata '/Game/WeaponSystemSimplified/WeaponComponents-Simplified/WeapComp-Simp_Bases/WC-S_Feedport_Base.PackageMetaData'
[2020.05.16-21.29.51:183][978]LogMetaData: Removing '/Game/WeaponSystemSimplified/WeaponComponents-Simplified/WC-S_Bases/WC-S_Feedport_Base.SKEL_WC-S_Feedport_Base_C:ReceiveBeginPlay' ref from Metadata '/Game/WeaponSystemSimplified/WeaponComponents-Simplified/WeapComp-Simp_Bases/WC-S_Feedport_Base.PackageMetaData'
[2020.05.16-21.29.51:183][978]LogMetaData: Removing '/Game/WeaponSystemSimplified/WeaponComponents-Simplified/WC-S_Bases/WC-S_Feedport_Base.SKEL_WC-S_Feedport_Base_C:ReceiveTick' ref from Metadata '/Game/WeaponSystemSimplified/WeaponComponents-Simplified/WeapComp-Simp_Bases/WC-S_Feedport_Base.PackageMetaData'
[2020.05.16-21.29.51:228][978]LogSavePackage: Moving 'C:/Users/danny/Desktop/Systems_Sandbox/Systems_Sandbox/Saved/WC-S_Muzzle_BaseF1B59DD64E2228F15483898A117EC43A.tmp' to 'C:/Users/danny/Desktop/Systems_Sandbox/Systems_Sandbox/Content/WeaponSystemSimplified/WeaponComponents-Simplified/WC-S_Bases/WC-S_Muzzle_Base.uasset'
[2020.05.16-21.29.51:252][978]LogSavePackage: Moving 'C:/Users/danny/Desktop/Systems_Sandbox/Systems_Sandbox/Saved/WC-S_Barrel_Base6AD22A894A750D7442F51F9592526FA0.tmp' to 'C:/Users/danny/Desktop/Systems_Sandbox/Systems_Sandbox/Content/WeaponSystemSimplified/WeaponComponents-Simplified/WC-S_Bases/WC-S_Barrel_Base.uasset'
[2020.05.16-21.29.51:284][978]LogSavePackage: Moving 'C:/Users/danny/Desktop/Systems_Sandbox/Systems_Sandbox/Saved/WC-S_Chamber_Base37958B464613C8B34F6C53BCA855014F.tmp' to 'C:/Users/danny/Desktop/Systems_Sandbox/Systems_Sandbox/Content/WeaponSystemSimplified/WeaponComponents-Simplified/WC-S_Bases/WC-S_Chamber_Base.uasset'
[2020.05.16-21.29.51:314][978]LogSavePackage: Moving 'C:/Users/danny/Desktop/Systems_Sandbox/Systems_Sandbox/Saved/WC-S_FireControl_Base86E72ABC4D6F5148ED2027B1A41E53D8.tmp' to 'C:/Users/danny/Desktop/Systems_Sandbox/Systems_Sandbox/Content/WeaponSystemSimplified/WeaponComponents-Simplified/WC-S_Bases/WC-S_FireControl_Base.uasset'
[2020.05.16-21.29.51:343][978]LogSavePackage: Moving 'C:/Users/danny/Desktop/Systems_Sandbox/Systems_Sandbox/Saved/WC-S_Hammer_Base94AD60DF41A5B3A6D83C3BA0F12ECBCB.tmp' to 'C:/Users/danny/Desktop/Systems_Sandbox/Systems_Sandbox/Content/WeaponSystemSimplified/WeaponComponents-Simplified/WC-S_Bases/WC-S_Hammer_Base.uasset'
[2020.05.16-21.29.51:366][978]LogSavePackage: Moving 'C:/Users/danny/Desktop/Systems_Sandbox/Systems_Sandbox/Saved/WC-S_Trigger_BaseE0DA7D2D4ECF506C0B90FEAAC2C2A5EB.tmp' to 'C:/Users/danny/Desktop/Systems_Sandbox/Systems_Sandbox/Content/WeaponSystemSimplified/WeaponComponents-Simplified/WC-S_Bases/WC-S_Trigger_Base.uasset'
[2020.05.16-21.29.51:387][978]LogSavePackage: Moving 'C:/Users/danny/Desktop/Systems_Sandbox/Systems_Sandbox/Saved/WC-S_Magizine_BaseE794E1B348447C007C018385DD6DEA84.tmp' to 'C:/Users/danny/Desktop/Systems_Sandbox/Systems_Sandbox/Content/WeaponSystemSimplified/WeaponComponents-Simplified/WC-S_Bases/WC-S_Magizine_Base.uasset'
[2020.05.16-21.29.51:407][978]LogSavePackage: Moving 'C:/Users/danny/Desktop/Systems_Sandbox/Systems_Sandbox/Saved/WC-S_Bolt_BaseC62137E94558BAF6AADF37BC7D328FE1.tmp' to 'C:/Users/danny/Desktop/Systems_Sandbox/Systems_Sandbox/Content/WeaponSystemSimplified/WeaponComponents-Simplified/WC-S_Bases/WC-S_Bolt_Base.uasset'
[2020.05.16-21.29.51:424][978]LogSavePackage: Moving 'C:/Users/danny/Desktop/Systems_Sandbox/Systems_Sandbox/Saved/WC-S_Feedport_BaseCD6CF4124C4B5B31CD6159A7573DCA72.tmp' to 'C:/Users/danny/Desktop/Systems_Sandbox/Systems_Sandbox/Content/WeaponSystemSimplified/WeaponComponents-Simplified/WC-S_Bases/WC-S_Feedport_Base.uasset'
[2020.05.16-21.29.52:391][978]LogUObjectHash: Compacting FUObjectHashTables data took   2.35ms
[2020.05.16-21.29.52:426][978]LogUObjectHash: Compacting FUObjectHashTables data took   0.94ms
[2020.05.16-21.29.52:468][978]LogUObjectHash: Compacting FUObjectHashTables data took   0.83ms
[2020.05.16-21.29.52:500][978]LogUObjectHash: Compacting FUObjectHashTables data took   0.69ms
[2020.05.16-21.29.52:536][978]LogUObjectHash: Compacting FUObjectHashTables data took   0.89ms
[2020.05.16-21.29.52:573][978]LogUObjectHash: Compacting FUObjectHashTables data took   0.97ms
[2020.05.16-21.29.52:611][978]LogUObjectHash: Compacting FUObjectHashTables data took   0.77ms
[2020.05.16-21.29.52:644][978]LogUObjectHash: Compacting FUObjectHashTables data took   0.71ms
[2020.05.16-21.29.52:679][978]LogUObjectHash: Compacting FUObjectHashTables data took   0.79ms
[2020.05.16-21.29.52:721][978]LogUObjectHash: Compacting FUObjectHashTables data took   1.99ms
[2020.05.16-21.29.52:757][978]LogUObjectHash: Compacting FUObjectHashTables data took   0.82ms
[2020.05.16-21.29.53:031][990]LogPackageName: SearchForPackageOnDisk took   0.000s to resolve /Game/WeaponSystemSimplified/WeaponComponents-Simplified/WC-S_Bases/WC-S_Barrel_Base.
[2020.05.16-21.29.53:039][990]LogPackageName: SearchForPackageOnDisk took   0.000s to resolve /Game/WeaponSystemSimplified/WeaponComponents-Simplified/WC-S_Bases/WC-S_Bolt_Base.
[2020.05.16-21.29.53:048][990]LogPackageName: SearchForPackageOnDisk took   0.000s to resolve /Game/WeaponSystemSimplified/WeaponComponents-Simplified/WC-S_Bases/WC-S_Chamber_Base.
[2020.05.16-21.29.53:055][990]LogPackageName: SearchForPackageOnDisk took   0.000s to resolve /Game/WeaponSystemSimplified/WeaponComponents-Simplified/WC-S_Bases/WC-S_Feedport_Base.
[2020.05.16-21.29.53:061][990]LogPackageName: SearchForPackageOnDisk took   0.000s to resolve /Game/WeaponSystemSimplified/WeaponComponents-Simplified/WC-S_Bases/WC-S_FireControl_Base.
[2020.05.16-21.29.53:067][990]LogPackageName: SearchForPackageOnDisk took   0.000s to resolve /Game/WeaponSystemSimplified/WeaponComponents-Simplified/WC-S_Bases/WC-S_Hammer_Base.
[2020.05.16-21.29.53:095][991]LogPackageName: SearchForPackageOnDisk took   0.000s to resolve /Game/WeaponSystemSimplified/WeaponComponents-Simplified/WC-S_Bases/WC-S_Magizine_Base.
[2020.05.16-21.29.53:103][991]LogPackageName: SearchForPackageOnDisk took   0.000s to resolve /Game/WeaponSystemSimplified/WeaponComponents-Simplified/WC-S_Bases/WC-S_Muzzle_Base.
[2020.05.16-21.29.53:110][991]LogPackageName: SearchForPackageOnDisk took   0.000s to resolve /Game/WeaponSystemSimplified/WeaponComponents-Simplified/WC-S_Bases/WC-S_Trigger_Base.
[2020.05.16-21.30.46:692][315]LogUObjectHash: Compacting FUObjectHashTables data took   2.76ms
[2020.05.16-21.30.46:740][315]LogUObjectHash: Compacting FUObjectHashTables data took   3.21ms
[2020.05.16-21.30.46:780][315]LogUObjectHash: Compacting FUObjectHashTables data took   2.49ms
[2020.05.16-21.30.46:821][315]LogUObjectHash: Compacting FUObjectHashTables data took   2.63ms
[2020.05.16-21.30.46:862][315]LogUObjectHash: Compacting FUObjectHashTables data took   2.51ms
[2020.05.16-21.30.46:907][315]LogUObjectHash: Compacting FUObjectHashTables data took   2.46ms
[2020.05.16-21.30.46:954][315]LogUObjectHash: Compacting FUObjectHashTables data took   2.39ms
[2020.05.16-21.30.46:998][315]LogUObjectHash: Compacting FUObjectHashTables data took   3.02ms
[2020.05.16-21.30.47:040][315]LogUObjectHash: Compacting FUObjectHashTables data took   2.25ms
[2020.05.16-21.30.47:078][315]LogUObjectHash: Compacting FUObjectHashTables data took   3.75ms
[2020.05.16-21.30.47:082][315]LogMetaData: Removing '/Game/WeaponSystemSimplified/WeaponComponents-Simplified/WC-S_Base.WC-S_Base_C' ref from Metadata '/Game/WeaponSystemSimplified/WeaponComponents-Simplified/WeapComp-Simp_Base.PackageMetaData'
[2020.05.16-21.30.47:082][315]LogMetaData: Removing '/Game/WeaponSystemSimplified/WeaponComponents-Simplified/WC-S_Base.SKEL_WC-S_Base_C' ref from Metadata '/Game/WeaponSystemSimplified/WeaponComponents-Simplified/WeapComp-Simp_Base.PackageMetaData'
[2020.05.16-21.30.47:082][315]LogMetaData: Removing '/Game/WeaponSystemSimplified/WeaponComponents-Simplified/WC-S_Base.WC-S_Base:EventGraph.K2Node_Event_0' ref from Metadata '/Game/WeaponSystemSimplified/WeaponComponents-Simplified/WeapComp-Simp_Base.PackageMetaData'
[2020.05.16-21.30.47:082][315]LogMetaData: Removing '/Game/WeaponSystemSimplified/WeaponComponents-Simplified/WC-S_Base.WC-S_Base:EventGraph.K2Node_Event_1' ref from Metadata '/Game/WeaponSystemSimplified/WeaponComponents-Simplified/WeapComp-Simp_Base.PackageMetaData'
[2020.05.16-21.30.47:127][315]LogSavePackage: Moving 'C:/Users/danny/Desktop/Systems_Sandbox/Systems_Sandbox/Saved/WC-S_Base3486515B495270357E0DF790C59F52B6.tmp' to 'C:/Users/danny/Desktop/Systems_Sandbox/Systems_Sandbox/Content/WeaponSystemSimplified/WeaponComponents-Simplified/WC-S_Base.uasset'
[2020.05.16-21.30.47:333][315]LogUObjectHash: Compacting FUObjectHashTables data took   2.65ms
[2020.05.16-21.30.47:374][315]LogUObjectHash: Compacting FUObjectHashTables data took   2.16ms
[2020.05.16-21.30.47:413][315]LogUObjectHash: Compacting FUObjectHashTables data took   0.73ms
[2020.05.16-21.30.47:453][315]LogSavePackage: Moving 'C:/Users/danny/Desktop/Systems_Sandbox/Systems_Sandbox/Saved/WC-S_Muzzle_BaseDAA4E2514F7EDA5030F87CA52095BA8E.tmp' to 'C:/Users/danny/Desktop/Systems_Sandbox/Systems_Sandbox/Content/WeaponSystemSimplified/WeaponComponents-Simplified/WC-S_Bases/WC-S_Muzzle_Base.uasset'
[2020.05.16-21.30.47:481][315]LogSavePackage: Moving 'C:/Users/danny/Desktop/Systems_Sandbox/Systems_Sandbox/Saved/WC-S_Barrel_Base027C2BA04DFAA4243C12D0A2147B8524.tmp' to 'C:/Users/danny/Desktop/Systems_Sandbox/Systems_Sandbox/Content/WeaponSystemSimplified/WeaponComponents-Simplified/WC-S_Bases/WC-S_Barrel_Base.uasset'
[2020.05.16-21.30.47:513][315]LogSavePackage: Moving 'C:/Users/danny/Desktop/Systems_Sandbox/Systems_Sandbox/Saved/WC-S_Chamber_Base478FF3F544609BF0489A69994ABFF936.tmp' to 'C:/Users/danny/Desktop/Systems_Sandbox/Systems_Sandbox/Content/WeaponSystemSimplified/WeaponComponents-Simplified/WC-S_Bases/WC-S_Chamber_Base.uasset'
[2020.05.16-21.30.47:549][315]LogSavePackage: Moving 'C:/Users/danny/Desktop/Systems_Sandbox/Systems_Sandbox/Saved/WC-S_FireControl_Base047690604EF49AEFAB5B43900136CB65.tmp' to 'C:/Users/danny/Desktop/Systems_Sandbox/Systems_Sandbox/Content/WeaponSystemSimplified/WeaponComponents-Simplified/WC-S_Bases/WC-S_FireControl_Base.uasset'
[2020.05.16-21.30.47:583][315]LogSavePackage: Moving 'C:/Users/danny/Desktop/Systems_Sandbox/Systems_Sandbox/Saved/WC-S_Hammer_Base52C439534498AEB9F16AB4978B5526FC.tmp' to 'C:/Users/danny/Desktop/Systems_Sandbox/Systems_Sandbox/Content/WeaponSystemSimplified/WeaponComponents-Simplified/WC-S_Bases/WC-S_Hammer_Base.uasset'
[2020.05.16-21.30.47:616][315]LogSavePackage: Moving 'C:/Users/danny/Desktop/Systems_Sandbox/Systems_Sandbox/Saved/WC-S_Trigger_Base09AA2D77429B9031975ECD8561E7484E.tmp' to 'C:/Users/danny/Desktop/Systems_Sandbox/Systems_Sandbox/Content/WeaponSystemSimplified/WeaponComponents-Simplified/WC-S_Bases/WC-S_Trigger_Base.uasset'
[2020.05.16-21.30.47:646][315]LogSavePackage: Moving 'C:/Users/danny/Desktop/Systems_Sandbox/Systems_Sandbox/Saved/WC-S_Magizine_Base26CD4B6B4A3521F1F4F12B8C0079069B.tmp' to 'C:/Users/danny/Desktop/Systems_Sandbox/Systems_Sandbox/Content/WeaponSystemSimplified/WeaponComponents-Simplified/WC-S_Bases/WC-S_Magizine_Base.uasset'
[2020.05.16-21.30.47:680][315]LogSavePackage: Moving 'C:/Users/danny/Desktop/Systems_Sandbox/Systems_Sandbox/Saved/WC-S_Bolt_Base7639F6E243BF01441D93158835AC9B76.tmp' to 'C:/Users/danny/Desktop/Systems_Sandbox/Systems_Sandbox/Content/WeaponSystemSimplified/WeaponComponents-Simplified/WC-S_Bases/WC-S_Bolt_Base.uasset'
[2020.05.16-21.30.47:711][315]LogSavePackage: Moving 'C:/Users/danny/Desktop/Systems_Sandbox/Systems_Sandbox/Saved/WC-S_Feedport_Base0E39665E4B70F9DF175C788BEFA436D0.tmp' to 'C:/Users/danny/Desktop/Systems_Sandbox/Systems_Sandbox/Content/WeaponSystemSimplified/WeaponComponents-Simplified/WC-S_Bases/WC-S_Feedport_Base.uasset'
[2020.05.16-21.30.47:895][316]LogPackageName: SearchForPackageOnDisk took   0.000s to resolve /Game/WeaponSystemSimplified/WeaponComponents-Simplified/WC-S_Base.
[2020.05.16-21.31.01:246][857]LogMetaData: Removing '/Game/WeaponSystem-Simplified/WeaponComponents-Simplified/WC-S_Bases/WC-S_Muzzle_Base.WC-S_Muzzle_Base_C' ref from Metadata '/Game/WeaponSystemSimplified/WeaponComponents-Simplified/WC-S_Bases/WC-S_Muzzle_Base.PackageMetaData'
[2020.05.16-21.31.01:246][857]LogMetaData: Removing '/Game/WeaponSystem-Simplified/WeaponComponents-Simplified/WC-S_Bases/WC-S_Muzzle_Base.SKEL_WC-S_Muzzle_Base_C' ref from Metadata '/Game/WeaponSystemSimplified/WeaponComponents-Simplified/WC-S_Bases/WC-S_Muzzle_Base.PackageMetaData'
[2020.05.16-21.31.01:246][857]LogMetaData: Removing '/Game/WeaponSystem-Simplified/WeaponComponents-Simplified/WC-S_Bases/WC-S_Muzzle_Base.WC-S_Muzzle_Base:EventGraph.K2Node_Event_0' ref from Metadata '/Game/WeaponSystemSimplified/WeaponComponents-Simplified/WC-S_Bases/WC-S_Muzzle_Base.PackageMetaData'
[2020.05.16-21.31.01:246][857]LogMetaData: Removing '/Game/WeaponSystem-Simplified/WeaponComponents-Simplified/WC-S_Bases/WC-S_Muzzle_Base.WC-S_Muzzle_Base:EventGraph.K2Node_CallParentFunction_0' ref from Metadata '/Game/WeaponSystemSimplified/WeaponComponents-Simplified/WC-S_Bases/WC-S_Muzzle_Base.PackageMetaData'
[2020.05.16-21.31.01:246][857]LogMetaData: Removing '/Game/WeaponSystem-Simplified/WeaponComponents-Simplified/WC-S_Bases/WC-S_Muzzle_Base.WC-S_Muzzle_Base:EventGraph.K2Node_Event_1' ref from Metadata '/Game/WeaponSystemSimplified/WeaponComponents-Simplified/WC-S_Bases/WC-S_Muzzle_Base.PackageMetaData'
[2020.05.16-21.31.01:246][857]LogMetaData: Removing '/Game/WeaponSystem-Simplified/WeaponComponents-Simplified/WC-S_Bases/WC-S_Muzzle_Base.WC-S_Muzzle_Base:EventGraph.K2Node_CallParentFunction_1' ref from Metadata '/Game/WeaponSystemSimplified/WeaponComponents-Simplified/WC-S_Bases/WC-S_Muzzle_Base.PackageMetaData'
[2020.05.16-21.31.01:246][857]LogMetaData: Removing '/Game/WeaponSystem-Simplified/WeaponComponents-Simplified/WC-S_Bases/WC-S_Muzzle_Base.SKEL_WC-S_Muzzle_Base_C:ReceiveBeginPlay' ref from Metadata '/Game/WeaponSystemSimplified/WeaponComponents-Simplified/WC-S_Bases/WC-S_Muzzle_Base.PackageMetaData'
[2020.05.16-21.31.01:246][857]LogMetaData: Removing '/Game/WeaponSystem-Simplified/WeaponComponents-Simplified/WC-S_Bases/WC-S_Muzzle_Base.SKEL_WC-S_Muzzle_Base_C:ReceiveTick' ref from Metadata '/Game/WeaponSystemSimplified/WeaponComponents-Simplified/WC-S_Bases/WC-S_Muzzle_Base.PackageMetaData'
[2020.05.16-21.31.01:256][857]LogMetaData: Removing '/Game/WeaponSystem-Simplified/WeaponComponents-Simplified/WC-S_Bases/WC-S_Barrel_Base.WC-S_Barrel_Base_C' ref from Metadata '/Game/WeaponSystemSimplified/WeaponComponents-Simplified/WC-S_Bases/WC-S_Barrel_Base.PackageMetaData'
[2020.05.16-21.31.01:256][857]LogMetaData: Removing '/Game/WeaponSystem-Simplified/WeaponComponents-Simplified/WC-S_Bases/WC-S_Barrel_Base.SKEL_WC-S_Barrel_Base_C' ref from Metadata '/Game/WeaponSystemSimplified/WeaponComponents-Simplified/WC-S_Bases/WC-S_Barrel_Base.PackageMetaData'
[2020.05.16-21.31.01:256][857]LogMetaData: Removing '/Game/WeaponSystem-Simplified/WeaponComponents-Simplified/WC-S_Bases/WC-S_Barrel_Base.WC-S_Barrel_Base:EventGraph.K2Node_Event_0' ref from Metadata '/Game/WeaponSystemSimplified/WeaponComponents-Simplified/WC-S_Bases/WC-S_Barrel_Base.PackageMetaData'
[2020.05.16-21.31.01:256][857]LogMetaData: Removing '/Game/WeaponSystem-Simplified/WeaponComponents-Simplified/WC-S_Bases/WC-S_Barrel_Base.WC-S_Barrel_Base:EventGraph.K2Node_CallParentFunction_0' ref from Metadata '/Game/WeaponSystemSimplified/WeaponComponents-Simplified/WC-S_Bases/WC-S_Barrel_Base.PackageMetaData'
[2020.05.16-21.31.01:256][857]LogMetaData: Removing '/Game/WeaponSystem-Simplified/WeaponComponents-Simplified/WC-S_Bases/WC-S_Barrel_Base.WC-S_Barrel_Base:EventGraph.K2Node_Event_1' ref from Metadata '/Game/WeaponSystemSimplified/WeaponComponents-Simplified/WC-S_Bases/WC-S_Barrel_Base.PackageMetaData'
[2020.05.16-21.31.01:256][857]LogMetaData: Removing '/Game/WeaponSystem-Simplified/WeaponComponents-Simplified/WC-S_Bases/WC-S_Barrel_Base.WC-S_Barrel_Base:EventGraph.K2Node_CallParentFunction_1' ref from Metadata '/Game/WeaponSystemSimplified/WeaponComponents-Simplified/WC-S_Bases/WC-S_Barrel_Base.PackageMetaData'
[2020.05.16-21.31.01:256][857]LogMetaData: Removing '/Game/WeaponSystem-Simplified/WeaponComponents-Simplified/WC-S_Bases/WC-S_Barrel_Base.SKEL_WC-S_Barrel_Base_C:ReceiveBeginPlay' ref from Metadata '/Game/WeaponSystemSimplified/WeaponComponents-Simplified/WC-S_Bases/WC-S_Barrel_Base.PackageMetaData'
[2020.05.16-21.31.01:256][857]LogMetaData: Removing '/Game/WeaponSystem-Simplified/WeaponComponents-Simplified/WC-S_Bases/WC-S_Barrel_Base.SKEL_WC-S_Barrel_Base_C:ReceiveTick' ref from Metadata '/Game/WeaponSystemSimplified/WeaponComponents-Simplified/WC-S_Bases/WC-S_Barrel_Base.PackageMetaData'
[2020.05.16-21.31.01:267][857]LogMetaData: Removing '/Game/WeaponSystem-Simplified/WeaponComponents-Simplified/WC-S_Bases/WC-S_Chamber_Base.WC-S_Chamber_Base_C' ref from Metadata '/Game/WeaponSystemSimplified/WeaponComponents-Simplified/WC-S_Bases/WC-S_Chamber_Base.PackageMetaData'
[2020.05.16-21.31.01:267][857]LogMetaData: Removing '/Game/WeaponSystem-Simplified/WeaponComponents-Simplified/WC-S_Bases/WC-S_Chamber_Base.SKEL_WC-S_Chamber_Base_C' ref from Metadata '/Game/WeaponSystemSimplified/WeaponComponents-Simplified/WC-S_Bases/WC-S_Chamber_Base.PackageMetaData'
[2020.05.16-21.31.01:267][857]LogMetaData: Removing '/Game/WeaponSystem-Simplified/WeaponComponents-Simplified/WC-S_Bases/WC-S_Chamber_Base.WC-S_Chamber_Base:EventGraph.K2Node_Event_0' ref from Metadata '/Game/WeaponSystemSimplified/WeaponComponents-Simplified/WC-S_Bases/WC-S_Chamber_Base.PackageMetaData'
[2020.05.16-21.31.01:267][857]LogMetaData: Removing '/Game/WeaponSystem-Simplified/WeaponComponents-Simplified/WC-S_Bases/WC-S_Chamber_Base.WC-S_Chamber_Base:EventGraph.K2Node_CallParentFunction_0' ref from Metadata '/Game/WeaponSystemSimplified/WeaponComponents-Simplified/WC-S_Bases/WC-S_Chamber_Base.PackageMetaData'
[2020.05.16-21.31.01:267][857]LogMetaData: Removing '/Game/WeaponSystem-Simplified/WeaponComponents-Simplified/WC-S_Bases/WC-S_Chamber_Base.WC-S_Chamber_Base:EventGraph.K2Node_Event_1' ref from Metadata '/Game/WeaponSystemSimplified/WeaponComponents-Simplified/WC-S_Bases/WC-S_Chamber_Base.PackageMetaData'
[2020.05.16-21.31.01:267][857]LogMetaData: Removing '/Game/WeaponSystem-Simplified/WeaponComponents-Simplified/WC-S_Bases/WC-S_Chamber_Base.WC-S_Chamber_Base:EventGraph.K2Node_CallParentFunction_1' ref from Metadata '/Game/WeaponSystemSimplified/WeaponComponents-Simplified/WC-S_Bases/WC-S_Chamber_Base.PackageMetaData'
[2020.05.16-21.31.01:267][857]LogMetaData: Removing '/Game/WeaponSystem-Simplified/WeaponComponents-Simplified/WC-S_Bases/WC-S_Chamber_Base.SKEL_WC-S_Chamber_Base_C:ReceiveBeginPlay' ref from Metadata '/Game/WeaponSystemSimplified/WeaponComponents-Simplified/WC-S_Bases/WC-S_Chamber_Base.PackageMetaData'
[2020.05.16-21.31.01:267][857]LogMetaData: Removing '/Game/WeaponSystem-Simplified/WeaponComponents-Simplified/WC-S_Bases/WC-S_Chamber_Base.SKEL_WC-S_Chamber_Base_C:ReceiveTick' ref from Metadata '/Game/WeaponSystemSimplified/WeaponComponents-Simplified/WC-S_Bases/WC-S_Chamber_Base.PackageMetaData'
[2020.05.16-21.31.01:278][857]LogMetaData: Removing '/Game/WeaponSystem-Simplified/WeaponComponents-Simplified/WC-S_Bases/WC-S_FireControl_Base.WC-S_FireControl_Base_C' ref from Metadata '/Game/WeaponSystemSimplified/WeaponComponents-Simplified/WC-S_Bases/WC-S_FireControl_Base.PackageMetaData'
[2020.05.16-21.31.01:278][857]LogMetaData: Removing '/Game/WeaponSystem-Simplified/WeaponComponents-Simplified/WC-S_Bases/WC-S_FireControl_Base.SKEL_WC-S_FireControl_Base_C' ref from Metadata '/Game/WeaponSystemSimplified/WeaponComponents-Simplified/WC-S_Bases/WC-S_FireControl_Base.PackageMetaData'
[2020.05.16-21.31.01:278][857]LogMetaData: Removing '/Game/WeaponSystem-Simplified/WeaponComponents-Simplified/WC-S_Bases/WC-S_FireControl_Base.WC-S_FireControl_Base:EventGraph.K2Node_Event_0' ref from Metadata '/Game/WeaponSystemSimplified/WeaponComponents-Simplified/WC-S_Bases/WC-S_FireControl_Base.PackageMetaData'
[2020.05.16-21.31.01:278][857]LogMetaData: Removing '/Game/WeaponSystem-Simplified/WeaponComponents-Simplified/WC-S_Bases/WC-S_FireControl_Base.WC-S_FireControl_Base:EventGraph.K2Node_CallParentFunction_0' ref from Metadata '/Game/WeaponSystemSimplified/WeaponComponents-Simplified/WC-S_Bases/WC-S_FireControl_Base.PackageMetaData'
[2020.05.16-21.31.01:278][857]LogMetaData: Removing '/Game/WeaponSystem-Simplified/WeaponComponents-Simplified/WC-S_Bases/WC-S_FireControl_Base.WC-S_FireControl_Base:EventGraph.K2Node_Event_1' ref from Metadata '/Game/WeaponSystemSimplified/WeaponComponents-Simplified/WC-S_Bases/WC-S_FireControl_Base.PackageMetaData'
[2020.05.16-21.31.01:278][857]LogMetaData: Removing '/Game/WeaponSystem-Simplified/WeaponComponents-Simplified/WC-S_Bases/WC-S_FireControl_Base.WC-S_FireControl_Base:EventGraph.K2Node_CallParentFunction_1' ref from Metadata '/Game/WeaponSystemSimplified/WeaponComponents-Simplified/WC-S_Bases/WC-S_FireControl_Base.PackageMetaData'
[2020.05.16-21.31.01:278][857]LogMetaData: Removing '/Game/WeaponSystem-Simplified/WeaponComponents-Simplified/WC-S_Bases/WC-S_FireControl_Base.SKEL_WC-S_FireControl_Base_C:ReceiveBeginPlay' ref from Metadata '/Game/WeaponSystemSimplified/WeaponComponents-Simplified/WC-S_Bases/WC-S_FireControl_Base.PackageMetaData'
[2020.05.16-21.31.01:278][857]LogMetaData: Removing '/Game/WeaponSystem-Simplified/WeaponComponents-Simplified/WC-S_Bases/WC-S_FireControl_Base.SKEL_WC-S_FireControl_Base_C:ReceiveTick' ref from Metadata '/Game/WeaponSystemSimplified/WeaponComponents-Simplified/WC-S_Bases/WC-S_FireControl_Base.PackageMetaData'
[2020.05.16-21.31.01:288][857]LogMetaData: Removing '/Game/WeaponSystem-Simplified/WeaponComponents-Simplified/WC-S_Bases/WC-S_Hammer_Base.WC-S_Hammer_Base_C' ref from Metadata '/Game/WeaponSystemSimplified/WeaponComponents-Simplified/WC-S_Bases/WC-S_Hammer_Base.PackageMetaData'
[2020.05.16-21.31.01:288][857]LogMetaData: Removing '/Game/WeaponSystem-Simplified/WeaponComponents-Simplified/WC-S_Bases/WC-S_Hammer_Base.SKEL_WC-S_Hammer_Base_C' ref from Metadata '/Game/WeaponSystemSimplified/WeaponComponents-Simplified/WC-S_Bases/WC-S_Hammer_Base.PackageMetaData'
[2020.05.16-21.31.01:288][857]LogMetaData: Removing '/Game/WeaponSystem-Simplified/WeaponComponents-Simplified/WC-S_Bases/WC-S_Hammer_Base.WC-S_Hammer_Base:EventGraph.K2Node_Event_0' ref from Metadata '/Game/WeaponSystemSimplified/WeaponComponents-Simplified/WC-S_Bases/WC-S_Hammer_Base.PackageMetaData'
[2020.05.16-21.31.01:288][857]LogMetaData: Removing '/Game/WeaponSystem-Simplified/WeaponComponents-Simplified/WC-S_Bases/WC-S_Hammer_Base.WC-S_Hammer_Base:EventGraph.K2Node_CallParentFunction_0' ref from Metadata '/Game/WeaponSystemSimplified/WeaponComponents-Simplified/WC-S_Bases/WC-S_Hammer_Base.PackageMetaData'
[2020.05.16-21.31.01:288][857]LogMetaData: Removing '/Game/WeaponSystem-Simplified/WeaponComponents-Simplified/WC-S_Bases/WC-S_Hammer_Base.WC-S_Hammer_Base:EventGraph.K2Node_Event_1' ref from Metadata '/Game/WeaponSystemSimplified/WeaponComponents-Simplified/WC-S_Bases/WC-S_Hammer_Base.PackageMetaData'
[2020.05.16-21.31.01:288][857]LogMetaData: Removing '/Game/WeaponSystem-Simplified/WeaponComponents-Simplified/WC-S_Bases/WC-S_Hammer_Base.WC-S_Hammer_Base:EventGraph.K2Node_CallParentFunction_1' ref from Metadata '/Game/WeaponSystemSimplified/WeaponComponents-Simplified/WC-S_Bases/WC-S_Hammer_Base.PackageMetaData'
[2020.05.16-21.31.01:288][857]LogMetaData: Removing '/Game/WeaponSystem-Simplified/WeaponComponents-Simplified/WC-S_Bases/WC-S_Hammer_Base.SKEL_WC-S_Hammer_Base_C:ReceiveBeginPlay' ref from Metadata '/Game/WeaponSystemSimplified/WeaponComponents-Simplified/WC-S_Bases/WC-S_Hammer_Base.PackageMetaData'
[2020.05.16-21.31.01:288][857]LogMetaData: Removing '/Game/WeaponSystem-Simplified/WeaponComponents-Simplified/WC-S_Bases/WC-S_Hammer_Base.SKEL_WC-S_Hammer_Base_C:ReceiveTick' ref from Metadata '/Game/WeaponSystemSimplified/WeaponComponents-Simplified/WC-S_Bases/WC-S_Hammer_Base.PackageMetaData'
[2020.05.16-21.31.01:301][857]LogMetaData: Removing '/Game/WeaponSystem-Simplified/WeaponComponents-Simplified/WC-S_Bases/WC-S_Trigger_Base.WC-S_Trigger_Base_C' ref from Metadata '/Game/WeaponSystemSimplified/WeaponComponents-Simplified/WC-S_Bases/WC-S_Trigger_Base.PackageMetaData'
[2020.05.16-21.31.01:301][857]LogMetaData: Removing '/Game/WeaponSystem-Simplified/WeaponComponents-Simplified/WC-S_Bases/WC-S_Trigger_Base.SKEL_WC-S_Trigger_Base_C' ref from Metadata '/Game/WeaponSystemSimplified/WeaponComponents-Simplified/WC-S_Bases/WC-S_Trigger_Base.PackageMetaData'
[2020.05.16-21.31.01:301][857]LogMetaData: Removing '/Game/WeaponSystem-Simplified/WeaponComponents-Simplified/WC-S_Bases/WC-S_Trigger_Base.WC-S_Trigger_Base:EventGraph.K2Node_Event_0' ref from Metadata '/Game/WeaponSystemSimplified/WeaponComponents-Simplified/WC-S_Bases/WC-S_Trigger_Base.PackageMetaData'
[2020.05.16-21.31.01:301][857]LogMetaData: Removing '/Game/WeaponSystem-Simplified/WeaponComponents-Simplified/WC-S_Bases/WC-S_Trigger_Base.WC-S_Trigger_Base:EventGraph.K2Node_CallParentFunction_0' ref from Metadata '/Game/WeaponSystemSimplified/WeaponComponents-Simplified/WC-S_Bases/WC-S_Trigger_Base.PackageMetaData'
[2020.05.16-21.31.01:301][857]LogMetaData: Removing '/Game/WeaponSystem-Simplified/WeaponComponents-Simplified/WC-S_Bases/WC-S_Trigger_Base.WC-S_Trigger_Base:EventGraph.K2Node_Event_1' ref from Metadata '/Game/WeaponSystemSimplified/WeaponComponents-Simplified/WC-S_Bases/WC-S_Trigger_Base.PackageMetaData'
[2020.05.16-21.31.01:301][857]LogMetaData: Removing '/Game/WeaponSystem-Simplified/WeaponComponents-Simplified/WC-S_Bases/WC-S_Trigger_Base.WC-S_Trigger_Base:EventGraph.K2Node_CallParentFunction_1' ref from Metadata '/Game/WeaponSystemSimplified/WeaponComponents-Simplified/WC-S_Bases/WC-S_Trigger_Base.PackageMetaData'
[2020.05.16-21.31.01:301][857]LogMetaData: Removing '/Game/WeaponSystem-Simplified/WeaponComponents-Simplified/WC-S_Bases/WC-S_Trigger_Base.SKEL_WC-S_Trigger_Base_C:ReceiveBeginPlay' ref from Metadata '/Game/WeaponSystemSimplified/WeaponComponents-Simplified/WC-S_Bases/WC-S_Trigger_Base.PackageMetaData'
[2020.05.16-21.31.01:301][857]LogMetaData: Removing '/Game/WeaponSystem-Simplified/WeaponComponents-Simplified/WC-S_Bases/WC-S_Trigger_Base.SKEL_WC-S_Trigger_Base_C:ReceiveTick' ref from Metadata '/Game/WeaponSystemSimplified/WeaponComponents-Simplified/WC-S_Bases/WC-S_Trigger_Base.PackageMetaData'
[2020.05.16-21.31.01:312][857]LogMetaData: Removing '/Game/WeaponSystem-Simplified/WeaponComponents-Simplified/WC-S_Bases/WC-S_Magizine_Base.WC-S_Magizine_Base_C' ref from Metadata '/Game/WeaponSystemSimplified/WeaponComponents-Simplified/WC-S_Bases/WC-S_Magizine_Base.PackageMetaData'
[2020.05.16-21.31.01:312][857]LogMetaData: Removing '/Game/WeaponSystem-Simplified/WeaponComponents-Simplified/WC-S_Bases/WC-S_Magizine_Base.SKEL_WC-S_Magizine_Base_C' ref from Metadata '/Game/WeaponSystemSimplified/WeaponComponents-Simplified/WC-S_Bases/WC-S_Magizine_Base.PackageMetaData'
[2020.05.16-21.31.01:312][857]LogMetaData: Removing '/Game/WeaponSystem-Simplified/WeaponComponents-Simplified/WC-S_Bases/WC-S_Magizine_Base.WC-S_Magizine_Base:EventGraph.K2Node_Event_0' ref from Metadata '/Game/WeaponSystemSimplified/WeaponComponents-Simplified/WC-S_Bases/WC-S_Magizine_Base.PackageMetaData'
[2020.05.16-21.31.01:312][857]LogMetaData: Removing '/Game/WeaponSystem-Simplified/WeaponComponents-Simplified/WC-S_Bases/WC-S_Magizine_Base.WC-S_Magizine_Base:EventGraph.K2Node_CallParentFunction_0' ref from Metadata '/Game/WeaponSystemSimplified/WeaponComponents-Simplified/WC-S_Bases/WC-S_Magizine_Base.PackageMetaData'
[2020.05.16-21.31.01:312][857]LogMetaData: Removing '/Game/WeaponSystem-Simplified/WeaponComponents-Simplified/WC-S_Bases/WC-S_Magizine_Base.WC-S_Magizine_Base:EventGraph.K2Node_Event_1' ref from Metadata '/Game/WeaponSystemSimplified/WeaponComponents-Simplified/WC-S_Bases/WC-S_Magizine_Base.PackageMetaData'
[2020.05.16-21.31.01:312][857]LogMetaData: Removing '/Game/WeaponSystem-Simplified/WeaponComponents-Simplified/WC-S_Bases/WC-S_Magizine_Base.WC-S_Magizine_Base:EventGraph.K2Node_CallParentFunction_1' ref from Metadata '/Game/WeaponSystemSimplified/WeaponComponents-Simplified/WC-S_Bases/WC-S_Magizine_Base.PackageMetaData'
[2020.05.16-21.31.01:312][857]LogMetaData: Removing '/Game/WeaponSystem-Simplified/WeaponComponents-Simplified/WC-S_Bases/WC-S_Magizine_Base.SKEL_WC-S_Magizine_Base_C:ReceiveBeginPlay' ref from Metadata '/Game/WeaponSystemSimplified/WeaponComponents-Simplified/WC-S_Bases/WC-S_Magizine_Base.PackageMetaData'
[2020.05.16-21.31.01:312][857]LogMetaData: Removing '/Game/WeaponSystem-Simplified/WeaponComponents-Simplified/WC-S_Bases/WC-S_Magizine_Base.SKEL_WC-S_Magizine_Base_C:ReceiveTick' ref from Metadata '/Game/WeaponSystemSimplified/WeaponComponents-Simplified/WC-S_Bases/WC-S_Magizine_Base.PackageMetaData'
[2020.05.16-21.31.01:322][857]LogMetaData: Removing '/Game/WeaponSystem-Simplified/WeaponComponents-Simplified/WC-S_Bases/WC-S_Bolt_Base.WC-S_Bolt_Base_C' ref from Metadata '/Game/WeaponSystemSimplified/WeaponComponents-Simplified/WC-S_Bases/WC-S_Bolt_Base.PackageMetaData'
[2020.05.16-21.31.01:322][857]LogMetaData: Removing '/Game/WeaponSystem-Simplified/WeaponComponents-Simplified/WC-S_Bases/WC-S_Bolt_Base.SKEL_WC-S_Bolt_Base_C' ref from Metadata '/Game/WeaponSystemSimplified/WeaponComponents-Simplified/WC-S_Bases/WC-S_Bolt_Base.PackageMetaData'
[2020.05.16-21.31.01:322][857]LogMetaData: Removing '/Game/WeaponSystem-Simplified/WeaponComponents-Simplified/WC-S_Bases/WC-S_Bolt_Base.WC-S_Bolt_Base:EventGraph.K2Node_Event_0' ref from Metadata '/Game/WeaponSystemSimplified/WeaponComponents-Simplified/WC-S_Bases/WC-S_Bolt_Base.PackageMetaData'
[2020.05.16-21.31.01:322][857]LogMetaData: Removing '/Game/WeaponSystem-Simplified/WeaponComponents-Simplified/WC-S_Bases/WC-S_Bolt_Base.WC-S_Bolt_Base:EventGraph.K2Node_CallParentFunction_0' ref from Metadata '/Game/WeaponSystemSimplified/WeaponComponents-Simplified/WC-S_Bases/WC-S_Bolt_Base.PackageMetaData'
[2020.05.16-21.31.01:322][857]LogMetaData: Removing '/Game/WeaponSystem-Simplified/WeaponComponents-Simplified/WC-S_Bases/WC-S_Bolt_Base.WC-S_Bolt_Base:EventGraph.K2Node_Event_1' ref from Metadata '/Game/WeaponSystemSimplified/WeaponComponents-Simplified/WC-S_Bases/WC-S_Bolt_Base.PackageMetaData'
[2020.05.16-21.31.01:322][857]LogMetaData: Removing '/Game/WeaponSystem-Simplified/WeaponComponents-Simplified/WC-S_Bases/WC-S_Bolt_Base.WC-S_Bolt_Base:EventGraph.K2Node_CallParentFunction_1' ref from Metadata '/Game/WeaponSystemSimplified/WeaponComponents-Simplified/WC-S_Bases/WC-S_Bolt_Base.PackageMetaData'
[2020.05.16-21.31.01:322][857]LogMetaData: Removing '/Game/WeaponSystem-Simplified/WeaponComponents-Simplified/WC-S_Bases/WC-S_Bolt_Base.SKEL_WC-S_Bolt_Base_C:ReceiveBeginPlay' ref from Metadata '/Game/WeaponSystemSimplified/WeaponComponents-Simplified/WC-S_Bases/WC-S_Bolt_Base.PackageMetaData'
[2020.05.16-21.31.01:322][857]LogMetaData: Removing '/Game/WeaponSystem-Simplified/WeaponComponents-Simplified/WC-S_Bases/WC-S_Bolt_Base.SKEL_WC-S_Bolt_Base_C:ReceiveTick' ref from Metadata '/Game/WeaponSystemSimplified/WeaponComponents-Simplified/WC-S_Bases/WC-S_Bolt_Base.PackageMetaData'
[2020.05.16-21.31.01:332][857]LogMetaData: Removing '/Game/WeaponSystem-Simplified/WeaponComponents-Simplified/WC-S_Bases/WC-S_Feedport_Base.WC-S_Feedport_Base_C' ref from Metadata '/Game/WeaponSystemSimplified/WeaponComponents-Simplified/WC-S_Bases/WC-S_Feedport_Base.PackageMetaData'
[2020.05.16-21.31.01:332][857]LogMetaData: Removing '/Game/WeaponSystem-Simplified/WeaponComponents-Simplified/WC-S_Bases/WC-S_Feedport_Base.SKEL_WC-S_Feedport_Base_C' ref from Metadata '/Game/WeaponSystemSimplified/WeaponComponents-Simplified/WC-S_Bases/WC-S_Feedport_Base.PackageMetaData'
[2020.05.16-21.31.01:332][857]LogMetaData: Removing '/Game/WeaponSystem-Simplified/WeaponComponents-Simplified/WC-S_Bases/WC-S_Feedport_Base.WC-S_Feedport_Base:EventGraph.K2Node_Event_0' ref from Metadata '/Game/WeaponSystemSimplified/WeaponComponents-Simplified/WC-S_Bases/WC-S_Feedport_Base.PackageMetaData'
[2020.05.16-21.31.01:332][857]LogMetaData: Removing '/Game/WeaponSystem-Simplified/WeaponComponents-Simplified/WC-S_Bases/WC-S_Feedport_Base.WC-S_Feedport_Base:EventGraph.K2Node_CallParentFunction_0' ref from Metadata '/Game/WeaponSystemSimplified/WeaponComponents-Simplified/WC-S_Bases/WC-S_Feedport_Base.PackageMetaData'
[2020.05.16-21.31.01:332][857]LogMetaData: Removing '/Game/WeaponSystem-Simplified/WeaponComponents-Simplified/WC-S_Bases/WC-S_Feedport_Base.WC-S_Feedport_Base:EventGraph.K2Node_Event_1' ref from Metadata '/Game/WeaponSystemSimplified/WeaponComponents-Simplified/WC-S_Bases/WC-S_Feedport_Base.PackageMetaData'
[2020.05.16-21.31.01:332][857]LogMetaData: Removing '/Game/WeaponSystem-Simplified/WeaponComponents-Simplified/WC-S_Bases/WC-S_Feedport_Base.WC-S_Feedport_Base:EventGraph.K2Node_CallParentFunction_1' ref from Metadata '/Game/WeaponSystemSimplified/WeaponComponents-Simplified/WC-S_Bases/WC-S_Feedport_Base.PackageMetaData'
[2020.05.16-21.31.01:332][857]LogMetaData: Removing '/Game/WeaponSystem-Simplified/WeaponComponents-Simplified/WC-S_Bases/WC-S_Feedport_Base.SKEL_WC-S_Feedport_Base_C:ReceiveBeginPlay' ref from Metadata '/Game/WeaponSystemSimplified/WeaponComponents-Simplified/WC-S_Bases/WC-S_Feedport_Base.PackageMetaData'
[2020.05.16-21.31.01:332][857]LogMetaData: Removing '/Game/WeaponSystem-Simplified/WeaponComponents-Simplified/WC-S_Bases/WC-S_Feedport_Base.SKEL_WC-S_Feedport_Base_C:ReceiveTick' ref from Metadata '/Game/WeaponSystemSimplified/WeaponComponents-Simplified/WC-S_Bases/WC-S_Feedport_Base.PackageMetaData'
[2020.05.16-21.31.01:344][857]LogMetaData: Removing '/Game/WeaponSystem-Simplified/WeaponComponents-Simplified/WC-S_Base.WC-S_Base_C' ref from Metadata '/Game/WeaponSystemSimplified/WeaponComponents-Simplified/WC-S_Base.PackageMetaData'
[2020.05.16-21.31.01:344][857]LogMetaData: Removing '/Game/WeaponSystem-Simplified/WeaponComponents-Simplified/WC-S_Base.SKEL_WC-S_Base_C' ref from Metadata '/Game/WeaponSystemSimplified/WeaponComponents-Simplified/WC-S_Base.PackageMetaData'
[2020.05.16-21.31.01:344][857]LogMetaData: Removing '/Game/WeaponSystem-Simplified/WeaponComponents-Simplified/WC-S_Base.WC-S_Base:EventGraph.K2Node_Event_0' ref from Metadata '/Game/WeaponSystemSimplified/WeaponComponents-Simplified/WC-S_Base.PackageMetaData'
[2020.05.16-21.31.01:344][857]LogMetaData: Removing '/Game/WeaponSystem-Simplified/WeaponComponents-Simplified/WC-S_Base.WC-S_Base:EventGraph.K2Node_Event_1' ref from Metadata '/Game/WeaponSystemSimplified/WeaponComponents-Simplified/WC-S_Base.PackageMetaData'
[2020.05.16-21.31.01:344][857]LogMetaData: Removing '/Game/WeaponSystem-Simplified/WeaponComponents-Simplified/WC-S_Base.SKEL_WC-S_Base_C:ReceiveBeginPlay' ref from Metadata '/Game/WeaponSystemSimplified/WeaponComponents-Simplified/WC-S_Base.PackageMetaData'
[2020.05.16-21.31.01:344][857]LogMetaData: Removing '/Game/WeaponSystem-Simplified/WeaponComponents-Simplified/WC-S_Base.SKEL_WC-S_Base_C:ReceiveTick' ref from Metadata '/Game/WeaponSystemSimplified/WeaponComponents-Simplified/WC-S_Base.PackageMetaData'
[2020.05.16-21.31.01:392][857]LogSavePackage: Moving 'C:/Users/danny/Desktop/Systems_Sandbox/Systems_Sandbox/Saved/WC-S_Muzzle_BaseECE5748A4862D48DD954C7AF74AA63D5.tmp' to 'C:/Users/danny/Desktop/Systems_Sandbox/Systems_Sandbox/Content/WeaponSystem-Simplified/WeaponComponents-Simplified/WC-S_Bases/WC-S_Muzzle_Base.uasset'
[2020.05.16-21.31.01:418][857]LogSavePackage: Moving 'C:/Users/danny/Desktop/Systems_Sandbox/Systems_Sandbox/Saved/WC-S_Barrel_Base4477D8744B06EEDF9918EEB03072CA62.tmp' to 'C:/Users/danny/Desktop/Systems_Sandbox/Systems_Sandbox/Content/WeaponSystem-Simplified/WeaponComponents-Simplified/WC-S_Bases/WC-S_Barrel_Base.uasset'
[2020.05.16-21.31.01:449][857]LogSavePackage: Moving 'C:/Users/danny/Desktop/Systems_Sandbox/Systems_Sandbox/Saved/WC-S_Chamber_BaseEDC3621D417F011112BF2E9AA7B781CD.tmp' to 'C:/Users/danny/Desktop/Systems_Sandbox/Systems_Sandbox/Content/WeaponSystem-Simplified/WeaponComponents-Simplified/WC-S_Bases/WC-S_Chamber_Base.uasset'
[2020.05.16-21.31.01:480][857]LogSavePackage: Moving 'C:/Users/danny/Desktop/Systems_Sandbox/Systems_Sandbox/Saved/WC-S_FireControl_Base6BD14F6646E05CE0B7539AA4134E8AAB.tmp' to 'C:/Users/danny/Desktop/Systems_Sandbox/Systems_Sandbox/Content/WeaponSystem-Simplified/WeaponComponents-Simplified/WC-S_Bases/WC-S_FireControl_Base.uasset'
[2020.05.16-21.31.01:506][857]LogSavePackage: Moving 'C:/Users/danny/Desktop/Systems_Sandbox/Systems_Sandbox/Saved/WC-S_Hammer_Base72BAD194489AD9852D55B48176B3F3C5.tmp' to 'C:/Users/danny/Desktop/Systems_Sandbox/Systems_Sandbox/Content/WeaponSystem-Simplified/WeaponComponents-Simplified/WC-S_Bases/WC-S_Hammer_Base.uasset'
[2020.05.16-21.31.01:531][857]LogSavePackage: Moving 'C:/Users/danny/Desktop/Systems_Sandbox/Systems_Sandbox/Saved/WC-S_Trigger_Base1F6CA69B46B06424D71DBF8178DB7B23.tmp' to 'C:/Users/danny/Desktop/Systems_Sandbox/Systems_Sandbox/Content/WeaponSystem-Simplified/WeaponComponents-Simplified/WC-S_Bases/WC-S_Trigger_Base.uasset'
[2020.05.16-21.31.01:551][857]LogSavePackage: Moving 'C:/Users/danny/Desktop/Systems_Sandbox/Systems_Sandbox/Saved/WC-S_Magizine_Base576640FB4716371459AAC296FAF05892.tmp' to 'C:/Users/danny/Desktop/Systems_Sandbox/Systems_Sandbox/Content/WeaponSystem-Simplified/WeaponComponents-Simplified/WC-S_Bases/WC-S_Magizine_Base.uasset'
[2020.05.16-21.31.01:572][857]LogSavePackage: Moving 'C:/Users/danny/Desktop/Systems_Sandbox/Systems_Sandbox/Saved/WC-S_Bolt_Base481A96C949A849580E613E8D415F361E.tmp' to 'C:/Users/danny/Desktop/Systems_Sandbox/Systems_Sandbox/Content/WeaponSystem-Simplified/WeaponComponents-Simplified/WC-S_Bases/WC-S_Bolt_Base.uasset'
[2020.05.16-21.31.01:590][857]LogSavePackage: Moving 'C:/Users/danny/Desktop/Systems_Sandbox/Systems_Sandbox/Saved/WC-S_Feedport_BaseDE8B095A4B221048E915E1845ADABC28.tmp' to 'C:/Users/danny/Desktop/Systems_Sandbox/Systems_Sandbox/Content/WeaponSystem-Simplified/WeaponComponents-Simplified/WC-S_Bases/WC-S_Feedport_Base.uasset'
[2020.05.16-21.31.01:607][857]LogSavePackage: Moving 'C:/Users/danny/Desktop/Systems_Sandbox/Systems_Sandbox/Saved/WC-S_Base44632D224D32C0F8B80642BB5183016E.tmp' to 'C:/Users/danny/Desktop/Systems_Sandbox/Systems_Sandbox/Content/WeaponSystem-Simplified/WeaponComponents-Simplified/WC-S_Base.uasset'
[2020.05.16-21.31.02:669][857]LogUObjectHash: Compacting FUObjectHashTables data took   3.34ms
[2020.05.16-21.31.02:707][857]LogUObjectHash: Compacting FUObjectHashTables data took   0.81ms
[2020.05.16-21.31.02:740][857]LogUObjectHash: Compacting FUObjectHashTables data took   0.73ms
[2020.05.16-21.31.02:779][857]LogUObjectHash: Compacting FUObjectHashTables data took   0.74ms
[2020.05.16-21.31.02:812][857]LogUObjectHash: Compacting FUObjectHashTables data took   0.73ms
[2020.05.16-21.31.02:847][857]LogUObjectHash: Compacting FUObjectHashTables data took   0.99ms
[2020.05.16-21.31.02:882][857]LogUObjectHash: Compacting FUObjectHashTables data took   0.70ms
[2020.05.16-21.31.02:914][857]LogUObjectHash: Compacting FUObjectHashTables data took   0.78ms
[2020.05.16-21.31.02:948][857]LogUObjectHash: Compacting FUObjectHashTables data took   0.77ms
[2020.05.16-21.31.02:984][857]LogUObjectHash: Compacting FUObjectHashTables data took   0.75ms
[2020.05.16-21.31.03:023][857]LogUObjectHash: Compacting FUObjectHashTables data took   1.90ms
[2020.05.16-21.31.03:056][857]LogUObjectHash: Compacting FUObjectHashTables data took   0.81ms
[2020.05.16-21.31.03:308][863]LogPackageName: SearchForPackageOnDisk took   0.000s to resolve /Game/WeaponSystem-Simplified/WeaponComponents-Simplified/WC-S_Base.
[2020.05.16-21.31.03:318][863]LogPackageName: SearchForPackageOnDisk took   0.000s to resolve /Game/WeaponSystem-Simplified/WeaponComponents-Simplified/WC-S_Bases/WC-S_Barrel_Base.
[2020.05.16-21.31.03:326][863]LogPackageName: SearchForPackageOnDisk took   0.000s to resolve /Game/WeaponSystem-Simplified/WeaponComponents-Simplified/WC-S_Bases/WC-S_Bolt_Base.
[2020.05.16-21.31.03:332][863]LogPackageName: SearchForPackageOnDisk took   0.000s to resolve /Game/WeaponSystem-Simplified/WeaponComponents-Simplified/WC-S_Bases/WC-S_Chamber_Base.
[2020.05.16-21.31.03:339][863]LogPackageName: SearchForPackageOnDisk took   0.000s to resolve /Game/WeaponSystem-Simplified/WeaponComponents-Simplified/WC-S_Bases/WC-S_Feedport_Base.
[2020.05.16-21.31.03:346][863]LogPackageName: SearchForPackageOnDisk took   0.000s to resolve /Game/WeaponSystem-Simplified/WeaponComponents-Simplified/WC-S_Bases/WC-S_FireControl_Base.
[2020.05.16-21.31.03:373][864]LogPackageName: SearchForPackageOnDisk took   0.000s to resolve /Game/WeaponSystem-Simplified/WeaponComponents-Simplified/WC-S_Bases/WC-S_Hammer_Base.
[2020.05.16-21.31.03:381][864]LogPackageName: SearchForPackageOnDisk took   0.000s to resolve /Game/WeaponSystem-Simplified/WeaponComponents-Simplified/WC-S_Bases/WC-S_Magizine_Base.
[2020.05.16-21.31.03:389][864]LogPackageName: SearchForPackageOnDisk took   0.000s to resolve /Game/WeaponSystem-Simplified/WeaponComponents-Simplified/WC-S_Bases/WC-S_Muzzle_Base.
[2020.05.16-21.31.03:396][864]LogPackageName: SearchForPackageOnDisk took   0.000s to resolve /Game/WeaponSystem-Simplified/WeaponComponents-Simplified/WC-S_Bases/WC-S_Trigger_Base.
[2020.05.16-21.35.51:853][167]LogMetaData: Removing '/Game/WeaponSystem-Simplified/WeaponComponents-Simplified/WC-S_Bases_/WC-S_Muzzle_Base.WC-S_Muzzle_Base_C' ref from Metadata '/Game/WeaponSystem-Simplified/WeaponComponents-Simplified/WC-S_Bases/WC-S_Muzzle_Base.PackageMetaData'
[2020.05.16-21.35.51:853][167]LogMetaData: Removing '/Game/WeaponSystem-Simplified/WeaponComponents-Simplified/WC-S_Bases_/WC-S_Muzzle_Base.SKEL_WC-S_Muzzle_Base_C' ref from Metadata '/Game/WeaponSystem-Simplified/WeaponComponents-Simplified/WC-S_Bases/WC-S_Muzzle_Base.PackageMetaData'
[2020.05.16-21.35.51:853][167]LogMetaData: Removing '/Game/WeaponSystem-Simplified/WeaponComponents-Simplified/WC-S_Bases_/WC-S_Muzzle_Base.SKEL_WC-S_Muzzle_Base_C:ReceiveBeginPlay' ref from Metadata '/Game/WeaponSystem-Simplified/WeaponComponents-Simplified/WC-S_Bases/WC-S_Muzzle_Base.PackageMetaData'
[2020.05.16-21.35.51:853][167]LogMetaData: Removing '/Game/WeaponSystem-Simplified/WeaponComponents-Simplified/WC-S_Bases_/WC-S_Muzzle_Base.SKEL_WC-S_Muzzle_Base_C:ReceiveTick' ref from Metadata '/Game/WeaponSystem-Simplified/WeaponComponents-Simplified/WC-S_Bases/WC-S_Muzzle_Base.PackageMetaData'
[2020.05.16-21.35.51:853][167]LogMetaData: Removing '/Game/WeaponSystem-Simplified/WeaponComponents-Simplified/WC-S_Bases_/WC-S_Muzzle_Base.WC-S_Muzzle_Base:EventGraph.K2Node_Event_0' ref from Metadata '/Game/WeaponSystem-Simplified/WeaponComponents-Simplified/WC-S_Bases/WC-S_Muzzle_Base.PackageMetaData'
[2020.05.16-21.35.51:853][167]LogMetaData: Removing '/Game/WeaponSystem-Simplified/WeaponComponents-Simplified/WC-S_Bases_/WC-S_Muzzle_Base.WC-S_Muzzle_Base:EventGraph.K2Node_CallParentFunction_0' ref from Metadata '/Game/WeaponSystem-Simplified/WeaponComponents-Simplified/WC-S_Bases/WC-S_Muzzle_Base.PackageMetaData'
[2020.05.16-21.35.51:853][167]LogMetaData: Removing '/Game/WeaponSystem-Simplified/WeaponComponents-Simplified/WC-S_Bases_/WC-S_Muzzle_Base.WC-S_Muzzle_Base:EventGraph.K2Node_Event_1' ref from Metadata '/Game/WeaponSystem-Simplified/WeaponComponents-Simplified/WC-S_Bases/WC-S_Muzzle_Base.PackageMetaData'
[2020.05.16-21.35.51:853][167]LogMetaData: Removing '/Game/WeaponSystem-Simplified/WeaponComponents-Simplified/WC-S_Bases_/WC-S_Muzzle_Base.WC-S_Muzzle_Base:EventGraph.K2Node_CallParentFunction_1' ref from Metadata '/Game/WeaponSystem-Simplified/WeaponComponents-Simplified/WC-S_Bases/WC-S_Muzzle_Base.PackageMetaData'
[2020.05.16-21.35.51:864][167]LogMetaData: Removing '/Game/WeaponSystem-Simplified/WeaponComponents-Simplified/WC-S_Bases_/WC-S_Barrel_Base.WC-S_Barrel_Base_C' ref from Metadata '/Game/WeaponSystem-Simplified/WeaponComponents-Simplified/WC-S_Bases/WC-S_Barrel_Base.PackageMetaData'
[2020.05.16-21.35.51:864][167]LogMetaData: Removing '/Game/WeaponSystem-Simplified/WeaponComponents-Simplified/WC-S_Bases_/WC-S_Barrel_Base.SKEL_WC-S_Barrel_Base_C' ref from Metadata '/Game/WeaponSystem-Simplified/WeaponComponents-Simplified/WC-S_Bases/WC-S_Barrel_Base.PackageMetaData'
[2020.05.16-21.35.51:864][167]LogMetaData: Removing '/Game/WeaponSystem-Simplified/WeaponComponents-Simplified/WC-S_Bases_/WC-S_Barrel_Base.SKEL_WC-S_Barrel_Base_C:ReceiveBeginPlay' ref from Metadata '/Game/WeaponSystem-Simplified/WeaponComponents-Simplified/WC-S_Bases/WC-S_Barrel_Base.PackageMetaData'
[2020.05.16-21.35.51:864][167]LogMetaData: Removing '/Game/WeaponSystem-Simplified/WeaponComponents-Simplified/WC-S_Bases_/WC-S_Barrel_Base.SKEL_WC-S_Barrel_Base_C:ReceiveTick' ref from Metadata '/Game/WeaponSystem-Simplified/WeaponComponents-Simplified/WC-S_Bases/WC-S_Barrel_Base.PackageMetaData'
[2020.05.16-21.35.51:864][167]LogMetaData: Removing '/Game/WeaponSystem-Simplified/WeaponComponents-Simplified/WC-S_Bases_/WC-S_Barrel_Base.WC-S_Barrel_Base:EventGraph.K2Node_Event_0' ref from Metadata '/Game/WeaponSystem-Simplified/WeaponComponents-Simplified/WC-S_Bases/WC-S_Barrel_Base.PackageMetaData'
[2020.05.16-21.35.51:864][167]LogMetaData: Removing '/Game/WeaponSystem-Simplified/WeaponComponents-Simplified/WC-S_Bases_/WC-S_Barrel_Base.WC-S_Barrel_Base:EventGraph.K2Node_CallParentFunction_0' ref from Metadata '/Game/WeaponSystem-Simplified/WeaponComponents-Simplified/WC-S_Bases/WC-S_Barrel_Base.PackageMetaData'
[2020.05.16-21.35.51:864][167]LogMetaData: Removing '/Game/WeaponSystem-Simplified/WeaponComponents-Simplified/WC-S_Bases_/WC-S_Barrel_Base.WC-S_Barrel_Base:EventGraph.K2Node_Event_1' ref from Metadata '/Game/WeaponSystem-Simplified/WeaponComponents-Simplified/WC-S_Bases/WC-S_Barrel_Base.PackageMetaData'
[2020.05.16-21.35.51:864][167]LogMetaData: Removing '/Game/WeaponSystem-Simplified/WeaponComponents-Simplified/WC-S_Bases_/WC-S_Barrel_Base.WC-S_Barrel_Base:EventGraph.K2Node_CallParentFunction_1' ref from Metadata '/Game/WeaponSystem-Simplified/WeaponComponents-Simplified/WC-S_Bases/WC-S_Barrel_Base.PackageMetaData'
[2020.05.16-21.35.51:873][167]LogMetaData: Removing '/Game/WeaponSystem-Simplified/WeaponComponents-Simplified/WC-S_Bases_/WC-S_Chamber_Base.WC-S_Chamber_Base_C' ref from Metadata '/Game/WeaponSystem-Simplified/WeaponComponents-Simplified/WC-S_Bases/WC-S_Chamber_Base.PackageMetaData'
[2020.05.16-21.35.51:873][167]LogMetaData: Removing '/Game/WeaponSystem-Simplified/WeaponComponents-Simplified/WC-S_Bases_/WC-S_Chamber_Base.SKEL_WC-S_Chamber_Base_C' ref from Metadata '/Game/WeaponSystem-Simplified/WeaponComponents-Simplified/WC-S_Bases/WC-S_Chamber_Base.PackageMetaData'
[2020.05.16-21.35.51:873][167]LogMetaData: Removing '/Game/WeaponSystem-Simplified/WeaponComponents-Simplified/WC-S_Bases_/WC-S_Chamber_Base.SKEL_WC-S_Chamber_Base_C:ReceiveBeginPlay' ref from Metadata '/Game/WeaponSystem-Simplified/WeaponComponents-Simplified/WC-S_Bases/WC-S_Chamber_Base.PackageMetaData'
[2020.05.16-21.35.51:873][167]LogMetaData: Removing '/Game/WeaponSystem-Simplified/WeaponComponents-Simplified/WC-S_Bases_/WC-S_Chamber_Base.SKEL_WC-S_Chamber_Base_C:ReceiveTick' ref from Metadata '/Game/WeaponSystem-Simplified/WeaponComponents-Simplified/WC-S_Bases/WC-S_Chamber_Base.PackageMetaData'
[2020.05.16-21.35.51:873][167]LogMetaData: Removing '/Game/WeaponSystem-Simplified/WeaponComponents-Simplified/WC-S_Bases_/WC-S_Chamber_Base.WC-S_Chamber_Base:EventGraph.K2Node_Event_0' ref from Metadata '/Game/WeaponSystem-Simplified/WeaponComponents-Simplified/WC-S_Bases/WC-S_Chamber_Base.PackageMetaData'
[2020.05.16-21.35.51:873][167]LogMetaData: Removing '/Game/WeaponSystem-Simplified/WeaponComponents-Simplified/WC-S_Bases_/WC-S_Chamber_Base.WC-S_Chamber_Base:EventGraph.K2Node_CallParentFunction_0' ref from Metadata '/Game/WeaponSystem-Simplified/WeaponComponents-Simplified/WC-S_Bases/WC-S_Chamber_Base.PackageMetaData'
[2020.05.16-21.35.51:873][167]LogMetaData: Removing '/Game/WeaponSystem-Simplified/WeaponComponents-Simplified/WC-S_Bases_/WC-S_Chamber_Base.WC-S_Chamber_Base:EventGraph.K2Node_Event_1' ref from Metadata '/Game/WeaponSystem-Simplified/WeaponComponents-Simplified/WC-S_Bases/WC-S_Chamber_Base.PackageMetaData'
[2020.05.16-21.35.51:873][167]LogMetaData: Removing '/Game/WeaponSystem-Simplified/WeaponComponents-Simplified/WC-S_Bases_/WC-S_Chamber_Base.WC-S_Chamber_Base:EventGraph.K2Node_CallParentFunction_1' ref from Metadata '/Game/WeaponSystem-Simplified/WeaponComponents-Simplified/WC-S_Bases/WC-S_Chamber_Base.PackageMetaData'
[2020.05.16-21.35.51:883][167]LogMetaData: Removing '/Game/WeaponSystem-Simplified/WeaponComponents-Simplified/WC-S_Bases_/WC-S_FireControl_Base.WC-S_FireControl_Base_C' ref from Metadata '/Game/WeaponSystem-Simplified/WeaponComponents-Simplified/WC-S_Bases/WC-S_FireControl_Base.PackageMetaData'
[2020.05.16-21.35.51:883][167]LogMetaData: Removing '/Game/WeaponSystem-Simplified/WeaponComponents-Simplified/WC-S_Bases_/WC-S_FireControl_Base.SKEL_WC-S_FireControl_Base_C' ref from Metadata '/Game/WeaponSystem-Simplified/WeaponComponents-Simplified/WC-S_Bases/WC-S_FireControl_Base.PackageMetaData'
[2020.05.16-21.35.51:884][167]LogMetaData: Removing '/Game/WeaponSystem-Simplified/WeaponComponents-Simplified/WC-S_Bases_/WC-S_FireControl_Base.SKEL_WC-S_FireControl_Base_C:ReceiveBeginPlay' ref from Metadata '/Game/WeaponSystem-Simplified/WeaponComponents-Simplified/WC-S_Bases/WC-S_FireControl_Base.PackageMetaData'
[2020.05.16-21.35.51:884][167]LogMetaData: Removing '/Game/WeaponSystem-Simplified/WeaponComponents-Simplified/WC-S_Bases_/WC-S_FireControl_Base.SKEL_WC-S_FireControl_Base_C:ReceiveTick' ref from Metadata '/Game/WeaponSystem-Simplified/WeaponComponents-Simplified/WC-S_Bases/WC-S_FireControl_Base.PackageMetaData'
[2020.05.16-21.35.51:884][167]LogMetaData: Removing '/Game/WeaponSystem-Simplified/WeaponComponents-Simplified/WC-S_Bases_/WC-S_FireControl_Base.WC-S_FireControl_Base:EventGraph.K2Node_Event_0' ref from Metadata '/Game/WeaponSystem-Simplified/WeaponComponents-Simplified/WC-S_Bases/WC-S_FireControl_Base.PackageMetaData'
[2020.05.16-21.35.51:884][167]LogMetaData: Removing '/Game/WeaponSystem-Simplified/WeaponComponents-Simplified/WC-S_Bases_/WC-S_FireControl_Base.WC-S_FireControl_Base:EventGraph.K2Node_CallParentFunction_0' ref from Metadata '/Game/WeaponSystem-Simplified/WeaponComponents-Simplified/WC-S_Bases/WC-S_FireControl_Base.PackageMetaData'
[2020.05.16-21.35.51:884][167]LogMetaData: Removing '/Game/WeaponSystem-Simplified/WeaponComponents-Simplified/WC-S_Bases_/WC-S_FireControl_Base.WC-S_FireControl_Base:EventGraph.K2Node_Event_1' ref from Metadata '/Game/WeaponSystem-Simplified/WeaponComponents-Simplified/WC-S_Bases/WC-S_FireControl_Base.PackageMetaData'
[2020.05.16-21.35.51:884][167]LogMetaData: Removing '/Game/WeaponSystem-Simplified/WeaponComponents-Simplified/WC-S_Bases_/WC-S_FireControl_Base.WC-S_FireControl_Base:EventGraph.K2Node_CallParentFunction_1' ref from Metadata '/Game/WeaponSystem-Simplified/WeaponComponents-Simplified/WC-S_Bases/WC-S_FireControl_Base.PackageMetaData'
[2020.05.16-21.35.51:894][167]LogMetaData: Removing '/Game/WeaponSystem-Simplified/WeaponComponents-Simplified/WC-S_Bases_/WC-S_Hammer_Base.WC-S_Hammer_Base_C' ref from Metadata '/Game/WeaponSystem-Simplified/WeaponComponents-Simplified/WC-S_Bases/WC-S_Hammer_Base.PackageMetaData'
[2020.05.16-21.35.51:895][167]LogMetaData: Removing '/Game/WeaponSystem-Simplified/WeaponComponents-Simplified/WC-S_Bases_/WC-S_Hammer_Base.SKEL_WC-S_Hammer_Base_C' ref from Metadata '/Game/WeaponSystem-Simplified/WeaponComponents-Simplified/WC-S_Bases/WC-S_Hammer_Base.PackageMetaData'
[2020.05.16-21.35.51:895][167]LogMetaData: Removing '/Game/WeaponSystem-Simplified/WeaponComponents-Simplified/WC-S_Bases_/WC-S_Hammer_Base.SKEL_WC-S_Hammer_Base_C:ReceiveBeginPlay' ref from Metadata '/Game/WeaponSystem-Simplified/WeaponComponents-Simplified/WC-S_Bases/WC-S_Hammer_Base.PackageMetaData'
[2020.05.16-21.35.51:895][167]LogMetaData: Removing '/Game/WeaponSystem-Simplified/WeaponComponents-Simplified/WC-S_Bases_/WC-S_Hammer_Base.SKEL_WC-S_Hammer_Base_C:ReceiveTick' ref from Metadata '/Game/WeaponSystem-Simplified/WeaponComponents-Simplified/WC-S_Bases/WC-S_Hammer_Base.PackageMetaData'
[2020.05.16-21.35.51:895][167]LogMetaData: Removing '/Game/WeaponSystem-Simplified/WeaponComponents-Simplified/WC-S_Bases_/WC-S_Hammer_Base.WC-S_Hammer_Base:EventGraph.K2Node_Event_0' ref from Metadata '/Game/WeaponSystem-Simplified/WeaponComponents-Simplified/WC-S_Bases/WC-S_Hammer_Base.PackageMetaData'
[2020.05.16-21.35.51:895][167]LogMetaData: Removing '/Game/WeaponSystem-Simplified/WeaponComponents-Simplified/WC-S_Bases_/WC-S_Hammer_Base.WC-S_Hammer_Base:EventGraph.K2Node_CallParentFunction_0' ref from Metadata '/Game/WeaponSystem-Simplified/WeaponComponents-Simplified/WC-S_Bases/WC-S_Hammer_Base.PackageMetaData'
[2020.05.16-21.35.51:895][167]LogMetaData: Removing '/Game/WeaponSystem-Simplified/WeaponComponents-Simplified/WC-S_Bases_/WC-S_Hammer_Base.WC-S_Hammer_Base:EventGraph.K2Node_Event_1' ref from Metadata '/Game/WeaponSystem-Simplified/WeaponComponents-Simplified/WC-S_Bases/WC-S_Hammer_Base.PackageMetaData'
[2020.05.16-21.35.51:895][167]LogMetaData: Removing '/Game/WeaponSystem-Simplified/WeaponComponents-Simplified/WC-S_Bases_/WC-S_Hammer_Base.WC-S_Hammer_Base:EventGraph.K2Node_CallParentFunction_1' ref from Metadata '/Game/WeaponSystem-Simplified/WeaponComponents-Simplified/WC-S_Bases/WC-S_Hammer_Base.PackageMetaData'
[2020.05.16-21.35.51:904][167]LogMetaData: Removing '/Game/WeaponSystem-Simplified/WeaponComponents-Simplified/WC-S_Bases_/WC-S_Trigger_Base.WC-S_Trigger_Base_C' ref from Metadata '/Game/WeaponSystem-Simplified/WeaponComponents-Simplified/WC-S_Bases/WC-S_Trigger_Base.PackageMetaData'
[2020.05.16-21.35.51:904][167]LogMetaData: Removing '/Game/WeaponSystem-Simplified/WeaponComponents-Simplified/WC-S_Bases_/WC-S_Trigger_Base.SKEL_WC-S_Trigger_Base_C' ref from Metadata '/Game/WeaponSystem-Simplified/WeaponComponents-Simplified/WC-S_Bases/WC-S_Trigger_Base.PackageMetaData'
[2020.05.16-21.35.51:904][167]LogMetaData: Removing '/Game/WeaponSystem-Simplified/WeaponComponents-Simplified/WC-S_Bases_/WC-S_Trigger_Base.SKEL_WC-S_Trigger_Base_C:ReceiveBeginPlay' ref from Metadata '/Game/WeaponSystem-Simplified/WeaponComponents-Simplified/WC-S_Bases/WC-S_Trigger_Base.PackageMetaData'
[2020.05.16-21.35.51:904][167]LogMetaData: Removing '/Game/WeaponSystem-Simplified/WeaponComponents-Simplified/WC-S_Bases_/WC-S_Trigger_Base.SKEL_WC-S_Trigger_Base_C:ReceiveTick' ref from Metadata '/Game/WeaponSystem-Simplified/WeaponComponents-Simplified/WC-S_Bases/WC-S_Trigger_Base.PackageMetaData'
[2020.05.16-21.35.51:904][167]LogMetaData: Removing '/Game/WeaponSystem-Simplified/WeaponComponents-Simplified/WC-S_Bases_/WC-S_Trigger_Base.WC-S_Trigger_Base:EventGraph.K2Node_Event_0' ref from Metadata '/Game/WeaponSystem-Simplified/WeaponComponents-Simplified/WC-S_Bases/WC-S_Trigger_Base.PackageMetaData'
[2020.05.16-21.35.51:904][167]LogMetaData: Removing '/Game/WeaponSystem-Simplified/WeaponComponents-Simplified/WC-S_Bases_/WC-S_Trigger_Base.WC-S_Trigger_Base:EventGraph.K2Node_CallParentFunction_0' ref from Metadata '/Game/WeaponSystem-Simplified/WeaponComponents-Simplified/WC-S_Bases/WC-S_Trigger_Base.PackageMetaData'
[2020.05.16-21.35.51:904][167]LogMetaData: Removing '/Game/WeaponSystem-Simplified/WeaponComponents-Simplified/WC-S_Bases_/WC-S_Trigger_Base.WC-S_Trigger_Base:EventGraph.K2Node_Event_1' ref from Metadata '/Game/WeaponSystem-Simplified/WeaponComponents-Simplified/WC-S_Bases/WC-S_Trigger_Base.PackageMetaData'
[2020.05.16-21.35.51:904][167]LogMetaData: Removing '/Game/WeaponSystem-Simplified/WeaponComponents-Simplified/WC-S_Bases_/WC-S_Trigger_Base.WC-S_Trigger_Base:EventGraph.K2Node_CallParentFunction_1' ref from Metadata '/Game/WeaponSystem-Simplified/WeaponComponents-Simplified/WC-S_Bases/WC-S_Trigger_Base.PackageMetaData'
[2020.05.16-21.35.51:919][167]LogMetaData: Removing '/Game/WeaponSystem-Simplified/WeaponComponents-Simplified/WC-S_Bases_/WC-S_Magizine_Base.WC-S_Magizine_Base_C' ref from Metadata '/Game/WeaponSystem-Simplified/WeaponComponents-Simplified/WC-S_Bases/WC-S_Magizine_Base.PackageMetaData'
[2020.05.16-21.35.51:919][167]LogMetaData: Removing '/Game/WeaponSystem-Simplified/WeaponComponents-Simplified/WC-S_Bases_/WC-S_Magizine_Base.SKEL_WC-S_Magizine_Base_C' ref from Metadata '/Game/WeaponSystem-Simplified/WeaponComponents-Simplified/WC-S_Bases/WC-S_Magizine_Base.PackageMetaData'
[2020.05.16-21.35.51:919][167]LogMetaData: Removing '/Game/WeaponSystem-Simplified/WeaponComponents-Simplified/WC-S_Bases_/WC-S_Magizine_Base.SKEL_WC-S_Magizine_Base_C:ReceiveBeginPlay' ref from Metadata '/Game/WeaponSystem-Simplified/WeaponComponents-Simplified/WC-S_Bases/WC-S_Magizine_Base.PackageMetaData'
[2020.05.16-21.35.51:919][167]LogMetaData: Removing '/Game/WeaponSystem-Simplified/WeaponComponents-Simplified/WC-S_Bases_/WC-S_Magizine_Base.SKEL_WC-S_Magizine_Base_C:ReceiveTick' ref from Metadata '/Game/WeaponSystem-Simplified/WeaponComponents-Simplified/WC-S_Bases/WC-S_Magizine_Base.PackageMetaData'
[2020.05.16-21.35.51:919][167]LogMetaData: Removing '/Game/WeaponSystem-Simplified/WeaponComponents-Simplified/WC-S_Bases_/WC-S_Magizine_Base.WC-S_Magizine_Base:EventGraph.K2Node_Event_0' ref from Metadata '/Game/WeaponSystem-Simplified/WeaponComponents-Simplified/WC-S_Bases/WC-S_Magizine_Base.PackageMetaData'
[2020.05.16-21.35.51:919][167]LogMetaData: Removing '/Game/WeaponSystem-Simplified/WeaponComponents-Simplified/WC-S_Bases_/WC-S_Magizine_Base.WC-S_Magizine_Base:EventGraph.K2Node_CallParentFunction_0' ref from Metadata '/Game/WeaponSystem-Simplified/WeaponComponents-Simplified/WC-S_Bases/WC-S_Magizine_Base.PackageMetaData'
[2020.05.16-21.35.51:919][167]LogMetaData: Removing '/Game/WeaponSystem-Simplified/WeaponComponents-Simplified/WC-S_Bases_/WC-S_Magizine_Base.WC-S_Magizine_Base:EventGraph.K2Node_Event_1' ref from Metadata '/Game/WeaponSystem-Simplified/WeaponComponents-Simplified/WC-S_Bases/WC-S_Magizine_Base.PackageMetaData'
[2020.05.16-21.35.51:919][167]LogMetaData: Removing '/Game/WeaponSystem-Simplified/WeaponComponents-Simplified/WC-S_Bases_/WC-S_Magizine_Base.WC-S_Magizine_Base:EventGraph.K2Node_CallParentFunction_1' ref from Metadata '/Game/WeaponSystem-Simplified/WeaponComponents-Simplified/WC-S_Bases/WC-S_Magizine_Base.PackageMetaData'
[2020.05.16-21.35.51:930][167]LogMetaData: Removing '/Game/WeaponSystem-Simplified/WeaponComponents-Simplified/WC-S_Bases_/WC-S_Bolt_Base.WC-S_Bolt_Base_C' ref from Metadata '/Game/WeaponSystem-Simplified/WeaponComponents-Simplified/WC-S_Bases/WC-S_Bolt_Base.PackageMetaData'
[2020.05.16-21.35.51:930][167]LogMetaData: Removing '/Game/WeaponSystem-Simplified/WeaponComponents-Simplified/WC-S_Bases_/WC-S_Bolt_Base.SKEL_WC-S_Bolt_Base_C' ref from Metadata '/Game/WeaponSystem-Simplified/WeaponComponents-Simplified/WC-S_Bases/WC-S_Bolt_Base.PackageMetaData'
[2020.05.16-21.35.51:930][167]LogMetaData: Removing '/Game/WeaponSystem-Simplified/WeaponComponents-Simplified/WC-S_Bases_/WC-S_Bolt_Base.SKEL_WC-S_Bolt_Base_C:ReceiveBeginPlay' ref from Metadata '/Game/WeaponSystem-Simplified/WeaponComponents-Simplified/WC-S_Bases/WC-S_Bolt_Base.PackageMetaData'
[2020.05.16-21.35.51:930][167]LogMetaData: Removing '/Game/WeaponSystem-Simplified/WeaponComponents-Simplified/WC-S_Bases_/WC-S_Bolt_Base.SKEL_WC-S_Bolt_Base_C:ReceiveTick' ref from Metadata '/Game/WeaponSystem-Simplified/WeaponComponents-Simplified/WC-S_Bases/WC-S_Bolt_Base.PackageMetaData'
[2020.05.16-21.35.51:930][167]LogMetaData: Removing '/Game/WeaponSystem-Simplified/WeaponComponents-Simplified/WC-S_Bases_/WC-S_Bolt_Base.WC-S_Bolt_Base:EventGraph.K2Node_Event_0' ref from Metadata '/Game/WeaponSystem-Simplified/WeaponComponents-Simplified/WC-S_Bases/WC-S_Bolt_Base.PackageMetaData'
[2020.05.16-21.35.51:930][167]LogMetaData: Removing '/Game/WeaponSystem-Simplified/WeaponComponents-Simplified/WC-S_Bases_/WC-S_Bolt_Base.WC-S_Bolt_Base:EventGraph.K2Node_CallParentFunction_0' ref from Metadata '/Game/WeaponSystem-Simplified/WeaponComponents-Simplified/WC-S_Bases/WC-S_Bolt_Base.PackageMetaData'
[2020.05.16-21.35.51:930][167]LogMetaData: Removing '/Game/WeaponSystem-Simplified/WeaponComponents-Simplified/WC-S_Bases_/WC-S_Bolt_Base.WC-S_Bolt_Base:EventGraph.K2Node_Event_1' ref from Metadata '/Game/WeaponSystem-Simplified/WeaponComponents-Simplified/WC-S_Bases/WC-S_Bolt_Base.PackageMetaData'
[2020.05.16-21.35.51:930][167]LogMetaData: Removing '/Game/WeaponSystem-Simplified/WeaponComponents-Simplified/WC-S_Bases_/WC-S_Bolt_Base.WC-S_Bolt_Base:EventGraph.K2Node_CallParentFunction_1' ref from Metadata '/Game/WeaponSystem-Simplified/WeaponComponents-Simplified/WC-S_Bases/WC-S_Bolt_Base.PackageMetaData'
[2020.05.16-21.35.51:940][167]LogMetaData: Removing '/Game/WeaponSystem-Simplified/WeaponComponents-Simplified/WC-S_Bases_/WC-S_Feedport_Base.WC-S_Feedport_Base_C' ref from Metadata '/Game/WeaponSystem-Simplified/WeaponComponents-Simplified/WC-S_Bases/WC-S_Feedport_Base.PackageMetaData'
[2020.05.16-21.35.51:940][167]LogMetaData: Removing '/Game/WeaponSystem-Simplified/WeaponComponents-Simplified/WC-S_Bases_/WC-S_Feedport_Base.SKEL_WC-S_Feedport_Base_C' ref from Metadata '/Game/WeaponSystem-Simplified/WeaponComponents-Simplified/WC-S_Bases/WC-S_Feedport_Base.PackageMetaData'
[2020.05.16-21.35.51:940][167]LogMetaData: Removing '/Game/WeaponSystem-Simplified/WeaponComponents-Simplified/WC-S_Bases_/WC-S_Feedport_Base.SKEL_WC-S_Feedport_Base_C:ReceiveBeginPlay' ref from Metadata '/Game/WeaponSystem-Simplified/WeaponComponents-Simplified/WC-S_Bases/WC-S_Feedport_Base.PackageMetaData'
[2020.05.16-21.35.51:940][167]LogMetaData: Removing '/Game/WeaponSystem-Simplified/WeaponComponents-Simplified/WC-S_Bases_/WC-S_Feedport_Base.SKEL_WC-S_Feedport_Base_C:ReceiveTick' ref from Metadata '/Game/WeaponSystem-Simplified/WeaponComponents-Simplified/WC-S_Bases/WC-S_Feedport_Base.PackageMetaData'
[2020.05.16-21.35.51:940][167]LogMetaData: Removing '/Game/WeaponSystem-Simplified/WeaponComponents-Simplified/WC-S_Bases_/WC-S_Feedport_Base.WC-S_Feedport_Base:EventGraph.K2Node_Event_0' ref from Metadata '/Game/WeaponSystem-Simplified/WeaponComponents-Simplified/WC-S_Bases/WC-S_Feedport_Base.PackageMetaData'
[2020.05.16-21.35.51:940][167]LogMetaData: Removing '/Game/WeaponSystem-Simplified/WeaponComponents-Simplified/WC-S_Bases_/WC-S_Feedport_Base.WC-S_Feedport_Base:EventGraph.K2Node_CallParentFunction_0' ref from Metadata '/Game/WeaponSystem-Simplified/WeaponComponents-Simplified/WC-S_Bases/WC-S_Feedport_Base.PackageMetaData'
[2020.05.16-21.35.51:940][167]LogMetaData: Removing '/Game/WeaponSystem-Simplified/WeaponComponents-Simplified/WC-S_Bases_/WC-S_Feedport_Base.WC-S_Feedport_Base:EventGraph.K2Node_Event_1' ref from Metadata '/Game/WeaponSystem-Simplified/WeaponComponents-Simplified/WC-S_Bases/WC-S_Feedport_Base.PackageMetaData'
[2020.05.16-21.35.51:940][167]LogMetaData: Removing '/Game/WeaponSystem-Simplified/WeaponComponents-Simplified/WC-S_Bases_/WC-S_Feedport_Base.WC-S_Feedport_Base:EventGraph.K2Node_CallParentFunction_1' ref from Metadata '/Game/WeaponSystem-Simplified/WeaponComponents-Simplified/WC-S_Bases/WC-S_Feedport_Base.PackageMetaData'
[2020.05.16-21.35.51:992][167]LogSavePackage: Moving 'C:/Users/danny/Desktop/Systems_Sandbox/Systems_Sandbox/Saved/WC-S_Muzzle_Base12F8E16C48478C086E683BB172DAF0C3.tmp' to 'C:/Users/danny/Desktop/Systems_Sandbox/Systems_Sandbox/Content/WeaponSystem-Simplified/WeaponComponents-Simplified/WC-S_Bases_/WC-S_Muzzle_Base.uasset'
[2020.05.16-21.35.52:017][167]LogSavePackage: Moving 'C:/Users/danny/Desktop/Systems_Sandbox/Systems_Sandbox/Saved/WC-S_Barrel_BaseDF4E004543B81D8C770C73BAA6B5BA06.tmp' to 'C:/Users/danny/Desktop/Systems_Sandbox/Systems_Sandbox/Content/WeaponSystem-Simplified/WeaponComponents-Simplified/WC-S_Bases_/WC-S_Barrel_Base.uasset'
[2020.05.16-21.35.52:044][167]LogSavePackage: Moving 'C:/Users/danny/Desktop/Systems_Sandbox/Systems_Sandbox/Saved/WC-S_Chamber_Base55CF5B2440A3C6CE8DAB5198F6D71638.tmp' to 'C:/Users/danny/Desktop/Systems_Sandbox/Systems_Sandbox/Content/WeaponSystem-Simplified/WeaponComponents-Simplified/WC-S_Bases_/WC-S_Chamber_Base.uasset'
[2020.05.16-21.35.52:075][167]LogSavePackage: Moving 'C:/Users/danny/Desktop/Systems_Sandbox/Systems_Sandbox/Saved/WC-S_FireControl_Base0C24A1864616ED6EBE4B48B1CBC5692A.tmp' to 'C:/Users/danny/Desktop/Systems_Sandbox/Systems_Sandbox/Content/WeaponSystem-Simplified/WeaponComponents-Simplified/WC-S_Bases_/WC-S_FireControl_Base.uasset'
[2020.05.16-21.35.52:105][167]LogSavePackage: Moving 'C:/Users/danny/Desktop/Systems_Sandbox/Systems_Sandbox/Saved/WC-S_Hammer_Base85113A9B4B597174311EB39DBDB163FD.tmp' to 'C:/Users/danny/Desktop/Systems_Sandbox/Systems_Sandbox/Content/WeaponSystem-Simplified/WeaponComponents-Simplified/WC-S_Bases_/WC-S_Hammer_Base.uasset'
[2020.05.16-21.35.52:129][167]LogSavePackage: Moving 'C:/Users/danny/Desktop/Systems_Sandbox/Systems_Sandbox/Saved/WC-S_Trigger_BaseB1FF950848C481B1BE9A71BC5D2A8518.tmp' to 'C:/Users/danny/Desktop/Systems_Sandbox/Systems_Sandbox/Content/WeaponSystem-Simplified/WeaponComponents-Simplified/WC-S_Bases_/WC-S_Trigger_Base.uasset'
[2020.05.16-21.35.52:152][167]LogSavePackage: Moving 'C:/Users/danny/Desktop/Systems_Sandbox/Systems_Sandbox/Saved/WC-S_Magizine_BaseA403A0D74092CF2DBEE7B29AB0AE9B4C.tmp' to 'C:/Users/danny/Desktop/Systems_Sandbox/Systems_Sandbox/Content/WeaponSystem-Simplified/WeaponComponents-Simplified/WC-S_Bases_/WC-S_Magizine_Base.uasset'
[2020.05.16-21.35.52:173][167]LogSavePackage: Moving 'C:/Users/danny/Desktop/Systems_Sandbox/Systems_Sandbox/Saved/WC-S_Bolt_BaseCD7BF2984DB07B1D27AC26BFA2D17ADC.tmp' to 'C:/Users/danny/Desktop/Systems_Sandbox/Systems_Sandbox/Content/WeaponSystem-Simplified/WeaponComponents-Simplified/WC-S_Bases_/WC-S_Bolt_Base.uasset'
[2020.05.16-21.35.52:193][167]LogSavePackage: Moving 'C:/Users/danny/Desktop/Systems_Sandbox/Systems_Sandbox/Saved/WC-S_Feedport_BaseC55A085A4F48A49B4749DAA95E6D6BE4.tmp' to 'C:/Users/danny/Desktop/Systems_Sandbox/Systems_Sandbox/Content/WeaponSystem-Simplified/WeaponComponents-Simplified/WC-S_Bases_/WC-S_Feedport_Base.uasset'
[2020.05.16-21.35.53:170][167]LogUObjectHash: Compacting FUObjectHashTables data took   2.52ms
[2020.05.16-21.35.53:204][167]LogUObjectHash: Compacting FUObjectHashTables data took   1.02ms
[2020.05.16-21.35.53:242][167]LogUObjectHash: Compacting FUObjectHashTables data took   0.69ms
[2020.05.16-21.35.53:280][167]LogUObjectHash: Compacting FUObjectHashTables data took   0.74ms
[2020.05.16-21.35.53:318][167]LogUObjectHash: Compacting FUObjectHashTables data took   0.81ms
[2020.05.16-21.35.53:350][167]LogUObjectHash: Compacting FUObjectHashTables data took   0.72ms
[2020.05.16-21.35.53:386][167]LogUObjectHash: Compacting FUObjectHashTables data took   0.68ms
[2020.05.16-21.35.53:422][167]LogUObjectHash: Compacting FUObjectHashTables data took   0.65ms
[2020.05.16-21.35.53:458][167]LogUObjectHash: Compacting FUObjectHashTables data took   0.75ms
[2020.05.16-21.35.53:497][167]LogUObjectHash: Compacting FUObjectHashTables data took   1.93ms
[2020.05.16-21.35.53:536][167]LogUObjectHash: Compacting FUObjectHashTables data took   0.88ms
[2020.05.16-21.35.53:738][172]LogPackageName: SearchForPackageOnDisk took   0.000s to resolve /Game/WeaponSystem-Simplified/WeaponComponents-Simplified/WC-S_Bases_/WC-S_Barrel_Base.
[2020.05.16-21.35.53:749][172]LogPackageName: SearchForPackageOnDisk took   0.000s to resolve /Game/WeaponSystem-Simplified/WeaponComponents-Simplified/WC-S_Bases_/WC-S_Bolt_Base.
[2020.05.16-21.35.53:757][172]LogPackageName: SearchForPackageOnDisk took   0.000s to resolve /Game/WeaponSystem-Simplified/WeaponComponents-Simplified/WC-S_Bases_/WC-S_Chamber_Base.
[2020.05.16-21.35.53:764][172]LogPackageName: SearchForPackageOnDisk took   0.000s to resolve /Game/WeaponSystem-Simplified/WeaponComponents-Simplified/WC-S_Bases_/WC-S_Feedport_Base.
[2020.05.16-21.35.53:770][172]LogPackageName: SearchForPackageOnDisk took   0.000s to resolve /Game/WeaponSystem-Simplified/WeaponComponents-Simplified/WC-S_Bases_/WC-S_FireControl_Base.
[2020.05.16-21.35.53:777][172]LogPackageName: SearchForPackageOnDisk took   0.000s to resolve /Game/WeaponSystem-Simplified/WeaponComponents-Simplified/WC-S_Bases_/WC-S_Hammer_Base.
[2020.05.16-21.35.53:806][173]LogPackageName: SearchForPackageOnDisk took   0.000s to resolve /Game/WeaponSystem-Simplified/WeaponComponents-Simplified/WC-S_Bases_/WC-S_Magizine_Base.
[2020.05.16-21.35.53:814][173]LogPackageName: SearchForPackageOnDisk took   0.000s to resolve /Game/WeaponSystem-Simplified/WeaponComponents-Simplified/WC-S_Bases_/WC-S_Muzzle_Base.
[2020.05.16-21.35.53:823][173]LogPackageName: SearchForPackageOnDisk took   0.000s to resolve /Game/WeaponSystem-Simplified/WeaponComponents-Simplified/WC-S_Bases_/WC-S_Trigger_Base.
[2020.05.16-21.36.01:289][ 28]LogMetaData: Removing '/Game/WeaponSystem-Simplified/WeaponComponents-Simplified/_WC-S_Bases/WC-S_Muzzle_Base.WC-S_Muzzle_Base_C' ref from Metadata '/Game/WeaponSystem-Simplified/WeaponComponents-Simplified/WC-S_Bases_/WC-S_Muzzle_Base.PackageMetaData'
[2020.05.16-21.36.01:290][ 28]LogMetaData: Removing '/Game/WeaponSystem-Simplified/WeaponComponents-Simplified/_WC-S_Bases/WC-S_Muzzle_Base.SKEL_WC-S_Muzzle_Base_C' ref from Metadata '/Game/WeaponSystem-Simplified/WeaponComponents-Simplified/WC-S_Bases_/WC-S_Muzzle_Base.PackageMetaData'
[2020.05.16-21.36.01:290][ 28]LogMetaData: Removing '/Game/WeaponSystem-Simplified/WeaponComponents-Simplified/_WC-S_Bases/WC-S_Muzzle_Base.SKEL_WC-S_Muzzle_Base_C:ReceiveBeginPlay' ref from Metadata '/Game/WeaponSystem-Simplified/WeaponComponents-Simplified/WC-S_Bases_/WC-S_Muzzle_Base.PackageMetaData'
[2020.05.16-21.36.01:290][ 28]LogMetaData: Removing '/Game/WeaponSystem-Simplified/WeaponComponents-Simplified/_WC-S_Bases/WC-S_Muzzle_Base.SKEL_WC-S_Muzzle_Base_C:ReceiveTick' ref from Metadata '/Game/WeaponSystem-Simplified/WeaponComponents-Simplified/WC-S_Bases_/WC-S_Muzzle_Base.PackageMetaData'
[2020.05.16-21.36.01:290][ 28]LogMetaData: Removing '/Game/WeaponSystem-Simplified/WeaponComponents-Simplified/_WC-S_Bases/WC-S_Muzzle_Base.WC-S_Muzzle_Base:EventGraph.K2Node_Event_0' ref from Metadata '/Game/WeaponSystem-Simplified/WeaponComponents-Simplified/WC-S_Bases_/WC-S_Muzzle_Base.PackageMetaData'
[2020.05.16-21.36.01:290][ 28]LogMetaData: Removing '/Game/WeaponSystem-Simplified/WeaponComponents-Simplified/_WC-S_Bases/WC-S_Muzzle_Base.WC-S_Muzzle_Base:EventGraph.K2Node_CallParentFunction_0' ref from Metadata '/Game/WeaponSystem-Simplified/WeaponComponents-Simplified/WC-S_Bases_/WC-S_Muzzle_Base.PackageMetaData'
[2020.05.16-21.36.01:290][ 28]LogMetaData: Removing '/Game/WeaponSystem-Simplified/WeaponComponents-Simplified/_WC-S_Bases/WC-S_Muzzle_Base.WC-S_Muzzle_Base:EventGraph.K2Node_Event_1' ref from Metadata '/Game/WeaponSystem-Simplified/WeaponComponents-Simplified/WC-S_Bases_/WC-S_Muzzle_Base.PackageMetaData'
[2020.05.16-21.36.01:290][ 28]LogMetaData: Removing '/Game/WeaponSystem-Simplified/WeaponComponents-Simplified/_WC-S_Bases/WC-S_Muzzle_Base.WC-S_Muzzle_Base:EventGraph.K2Node_CallParentFunction_1' ref from Metadata '/Game/WeaponSystem-Simplified/WeaponComponents-Simplified/WC-S_Bases_/WC-S_Muzzle_Base.PackageMetaData'
[2020.05.16-21.36.01:300][ 28]LogMetaData: Removing '/Game/WeaponSystem-Simplified/WeaponComponents-Simplified/_WC-S_Bases/WC-S_Barrel_Base.WC-S_Barrel_Base_C' ref from Metadata '/Game/WeaponSystem-Simplified/WeaponComponents-Simplified/WC-S_Bases_/WC-S_Barrel_Base.PackageMetaData'
[2020.05.16-21.36.01:300][ 28]LogMetaData: Removing '/Game/WeaponSystem-Simplified/WeaponComponents-Simplified/_WC-S_Bases/WC-S_Barrel_Base.SKEL_WC-S_Barrel_Base_C' ref from Metadata '/Game/WeaponSystem-Simplified/WeaponComponents-Simplified/WC-S_Bases_/WC-S_Barrel_Base.PackageMetaData'
[2020.05.16-21.36.01:300][ 28]LogMetaData: Removing '/Game/WeaponSystem-Simplified/WeaponComponents-Simplified/_WC-S_Bases/WC-S_Barrel_Base.SKEL_WC-S_Barrel_Base_C:ReceiveBeginPlay' ref from Metadata '/Game/WeaponSystem-Simplified/WeaponComponents-Simplified/WC-S_Bases_/WC-S_Barrel_Base.PackageMetaData'
[2020.05.16-21.36.01:300][ 28]LogMetaData: Removing '/Game/WeaponSystem-Simplified/WeaponComponents-Simplified/_WC-S_Bases/WC-S_Barrel_Base.SKEL_WC-S_Barrel_Base_C:ReceiveTick' ref from Metadata '/Game/WeaponSystem-Simplified/WeaponComponents-Simplified/WC-S_Bases_/WC-S_Barrel_Base.PackageMetaData'
[2020.05.16-21.36.01:300][ 28]LogMetaData: Removing '/Game/WeaponSystem-Simplified/WeaponComponents-Simplified/_WC-S_Bases/WC-S_Barrel_Base.WC-S_Barrel_Base:EventGraph.K2Node_Event_0' ref from Metadata '/Game/WeaponSystem-Simplified/WeaponComponents-Simplified/WC-S_Bases_/WC-S_Barrel_Base.PackageMetaData'
[2020.05.16-21.36.01:300][ 28]LogMetaData: Removing '/Game/WeaponSystem-Simplified/WeaponComponents-Simplified/_WC-S_Bases/WC-S_Barrel_Base.WC-S_Barrel_Base:EventGraph.K2Node_CallParentFunction_0' ref from Metadata '/Game/WeaponSystem-Simplified/WeaponComponents-Simplified/WC-S_Bases_/WC-S_Barrel_Base.PackageMetaData'
[2020.05.16-21.36.01:300][ 28]LogMetaData: Removing '/Game/WeaponSystem-Simplified/WeaponComponents-Simplified/_WC-S_Bases/WC-S_Barrel_Base.WC-S_Barrel_Base:EventGraph.K2Node_Event_1' ref from Metadata '/Game/WeaponSystem-Simplified/WeaponComponents-Simplified/WC-S_Bases_/WC-S_Barrel_Base.PackageMetaData'
[2020.05.16-21.36.01:300][ 28]LogMetaData: Removing '/Game/WeaponSystem-Simplified/WeaponComponents-Simplified/_WC-S_Bases/WC-S_Barrel_Base.WC-S_Barrel_Base:EventGraph.K2Node_CallParentFunction_1' ref from Metadata '/Game/WeaponSystem-Simplified/WeaponComponents-Simplified/WC-S_Bases_/WC-S_Barrel_Base.PackageMetaData'
[2020.05.16-21.36.01:312][ 28]LogMetaData: Removing '/Game/WeaponSystem-Simplified/WeaponComponents-Simplified/_WC-S_Bases/WC-S_Chamber_Base.WC-S_Chamber_Base_C' ref from Metadata '/Game/WeaponSystem-Simplified/WeaponComponents-Simplified/WC-S_Bases_/WC-S_Chamber_Base.PackageMetaData'
[2020.05.16-21.36.01:312][ 28]LogMetaData: Removing '/Game/WeaponSystem-Simplified/WeaponComponents-Simplified/_WC-S_Bases/WC-S_Chamber_Base.SKEL_WC-S_Chamber_Base_C' ref from Metadata '/Game/WeaponSystem-Simplified/WeaponComponents-Simplified/WC-S_Bases_/WC-S_Chamber_Base.PackageMetaData'
[2020.05.16-21.36.01:312][ 28]LogMetaData: Removing '/Game/WeaponSystem-Simplified/WeaponComponents-Simplified/_WC-S_Bases/WC-S_Chamber_Base.SKEL_WC-S_Chamber_Base_C:ReceiveBeginPlay' ref from Metadata '/Game/WeaponSystem-Simplified/WeaponComponents-Simplified/WC-S_Bases_/WC-S_Chamber_Base.PackageMetaData'
[2020.05.16-21.36.01:312][ 28]LogMetaData: Removing '/Game/WeaponSystem-Simplified/WeaponComponents-Simplified/_WC-S_Bases/WC-S_Chamber_Base.SKEL_WC-S_Chamber_Base_C:ReceiveTick' ref from Metadata '/Game/WeaponSystem-Simplified/WeaponComponents-Simplified/WC-S_Bases_/WC-S_Chamber_Base.PackageMetaData'
[2020.05.16-21.36.01:312][ 28]LogMetaData: Removing '/Game/WeaponSystem-Simplified/WeaponComponents-Simplified/_WC-S_Bases/WC-S_Chamber_Base.WC-S_Chamber_Base:EventGraph.K2Node_Event_0' ref from Metadata '/Game/WeaponSystem-Simplified/WeaponComponents-Simplified/WC-S_Bases_/WC-S_Chamber_Base.PackageMetaData'
[2020.05.16-21.36.01:312][ 28]LogMetaData: Removing '/Game/WeaponSystem-Simplified/WeaponComponents-Simplified/_WC-S_Bases/WC-S_Chamber_Base.WC-S_Chamber_Base:EventGraph.K2Node_CallParentFunction_0' ref from Metadata '/Game/WeaponSystem-Simplified/WeaponComponents-Simplified/WC-S_Bases_/WC-S_Chamber_Base.PackageMetaData'
[2020.05.16-21.36.01:312][ 28]LogMetaData: Removing '/Game/WeaponSystem-Simplified/WeaponComponents-Simplified/_WC-S_Bases/WC-S_Chamber_Base.WC-S_Chamber_Base:EventGraph.K2Node_Event_1' ref from Metadata '/Game/WeaponSystem-Simplified/WeaponComponents-Simplified/WC-S_Bases_/WC-S_Chamber_Base.PackageMetaData'
[2020.05.16-21.36.01:312][ 28]LogMetaData: Removing '/Game/WeaponSystem-Simplified/WeaponComponents-Simplified/_WC-S_Bases/WC-S_Chamber_Base.WC-S_Chamber_Base:EventGraph.K2Node_CallParentFunction_1' ref from Metadata '/Game/WeaponSystem-Simplified/WeaponComponents-Simplified/WC-S_Bases_/WC-S_Chamber_Base.PackageMetaData'
[2020.05.16-21.36.01:322][ 28]LogMetaData: Removing '/Game/WeaponSystem-Simplified/WeaponComponents-Simplified/_WC-S_Bases/WC-S_FireControl_Base.WC-S_FireControl_Base_C' ref from Metadata '/Game/WeaponSystem-Simplified/WeaponComponents-Simplified/WC-S_Bases_/WC-S_FireControl_Base.PackageMetaData'
[2020.05.16-21.36.01:322][ 28]LogMetaData: Removing '/Game/WeaponSystem-Simplified/WeaponComponents-Simplified/_WC-S_Bases/WC-S_FireControl_Base.SKEL_WC-S_FireControl_Base_C' ref from Metadata '/Game/WeaponSystem-Simplified/WeaponComponents-Simplified/WC-S_Bases_/WC-S_FireControl_Base.PackageMetaData'
[2020.05.16-21.36.01:322][ 28]LogMetaData: Removing '/Game/WeaponSystem-Simplified/WeaponComponents-Simplified/_WC-S_Bases/WC-S_FireControl_Base.SKEL_WC-S_FireControl_Base_C:ReceiveBeginPlay' ref from Metadata '/Game/WeaponSystem-Simplified/WeaponComponents-Simplified/WC-S_Bases_/WC-S_FireControl_Base.PackageMetaData'
[2020.05.16-21.36.01:322][ 28]LogMetaData: Removing '/Game/WeaponSystem-Simplified/WeaponComponents-Simplified/_WC-S_Bases/WC-S_FireControl_Base.SKEL_WC-S_FireControl_Base_C:ReceiveTick' ref from Metadata '/Game/WeaponSystem-Simplified/WeaponComponents-Simplified/WC-S_Bases_/WC-S_FireControl_Base.PackageMetaData'
[2020.05.16-21.36.01:322][ 28]LogMetaData: Removing '/Game/WeaponSystem-Simplified/WeaponComponents-Simplified/_WC-S_Bases/WC-S_FireControl_Base.WC-S_FireControl_Base:EventGraph.K2Node_Event_0' ref from Metadata '/Game/WeaponSystem-Simplified/WeaponComponents-Simplified/WC-S_Bases_/WC-S_FireControl_Base.PackageMetaData'
[2020.05.16-21.36.01:322][ 28]LogMetaData: Removing '/Game/WeaponSystem-Simplified/WeaponComponents-Simplified/_WC-S_Bases/WC-S_FireControl_Base.WC-S_FireControl_Base:EventGraph.K2Node_CallParentFunction_0' ref from Metadata '/Game/WeaponSystem-Simplified/WeaponComponents-Simplified/WC-S_Bases_/WC-S_FireControl_Base.PackageMetaData'
[2020.05.16-21.36.01:322][ 28]LogMetaData: Removing '/Game/WeaponSystem-Simplified/WeaponComponents-Simplified/_WC-S_Bases/WC-S_FireControl_Base.WC-S_FireControl_Base:EventGraph.K2Node_Event_1' ref from Metadata '/Game/WeaponSystem-Simplified/WeaponComponents-Simplified/WC-S_Bases_/WC-S_FireControl_Base.PackageMetaData'
[2020.05.16-21.36.01:322][ 28]LogMetaData: Removing '/Game/WeaponSystem-Simplified/WeaponComponents-Simplified/_WC-S_Bases/WC-S_FireControl_Base.WC-S_FireControl_Base:EventGraph.K2Node_CallParentFunction_1' ref from Metadata '/Game/WeaponSystem-Simplified/WeaponComponents-Simplified/WC-S_Bases_/WC-S_FireControl_Base.PackageMetaData'
[2020.05.16-21.36.01:331][ 28]LogMetaData: Removing '/Game/WeaponSystem-Simplified/WeaponComponents-Simplified/_WC-S_Bases/WC-S_Hammer_Base.WC-S_Hammer_Base_C' ref from Metadata '/Game/WeaponSystem-Simplified/WeaponComponents-Simplified/WC-S_Bases_/WC-S_Hammer_Base.PackageMetaData'
[2020.05.16-21.36.01:331][ 28]LogMetaData: Removing '/Game/WeaponSystem-Simplified/WeaponComponents-Simplified/_WC-S_Bases/WC-S_Hammer_Base.SKEL_WC-S_Hammer_Base_C' ref from Metadata '/Game/WeaponSystem-Simplified/WeaponComponents-Simplified/WC-S_Bases_/WC-S_Hammer_Base.PackageMetaData'
[2020.05.16-21.36.01:331][ 28]LogMetaData: Removing '/Game/WeaponSystem-Simplified/WeaponComponents-Simplified/_WC-S_Bases/WC-S_Hammer_Base.SKEL_WC-S_Hammer_Base_C:ReceiveBeginPlay' ref from Metadata '/Game/WeaponSystem-Simplified/WeaponComponents-Simplified/WC-S_Bases_/WC-S_Hammer_Base.PackageMetaData'
[2020.05.16-21.36.01:333][ 28]LogMetaData: Removing '/Game/WeaponSystem-Simplified/WeaponComponents-Simplified/_WC-S_Bases/WC-S_Hammer_Base.SKEL_WC-S_Hammer_Base_C:ReceiveTick' ref from Metadata '/Game/WeaponSystem-Simplified/WeaponComponents-Simplified/WC-S_Bases_/WC-S_Hammer_Base.PackageMetaData'
[2020.05.16-21.36.01:333][ 28]LogMetaData: Removing '/Game/WeaponSystem-Simplified/WeaponComponents-Simplified/_WC-S_Bases/WC-S_Hammer_Base.WC-S_Hammer_Base:EventGraph.K2Node_Event_0' ref from Metadata '/Game/WeaponSystem-Simplified/WeaponComponents-Simplified/WC-S_Bases_/WC-S_Hammer_Base.PackageMetaData'
[2020.05.16-21.36.01:333][ 28]LogMetaData: Removing '/Game/WeaponSystem-Simplified/WeaponComponents-Simplified/_WC-S_Bases/WC-S_Hammer_Base.WC-S_Hammer_Base:EventGraph.K2Node_CallParentFunction_0' ref from Metadata '/Game/WeaponSystem-Simplified/WeaponComponents-Simplified/WC-S_Bases_/WC-S_Hammer_Base.PackageMetaData'
[2020.05.16-21.36.01:333][ 28]LogMetaData: Removing '/Game/WeaponSystem-Simplified/WeaponComponents-Simplified/_WC-S_Bases/WC-S_Hammer_Base.WC-S_Hammer_Base:EventGraph.K2Node_Event_1' ref from Metadata '/Game/WeaponSystem-Simplified/WeaponComponents-Simplified/WC-S_Bases_/WC-S_Hammer_Base.PackageMetaData'
[2020.05.16-21.36.01:333][ 28]LogMetaData: Removing '/Game/WeaponSystem-Simplified/WeaponComponents-Simplified/_WC-S_Bases/WC-S_Hammer_Base.WC-S_Hammer_Base:EventGraph.K2Node_CallParentFunction_1' ref from Metadata '/Game/WeaponSystem-Simplified/WeaponComponents-Simplified/WC-S_Bases_/WC-S_Hammer_Base.PackageMetaData'
[2020.05.16-21.36.01:345][ 28]LogMetaData: Removing '/Game/WeaponSystem-Simplified/WeaponComponents-Simplified/_WC-S_Bases/WC-S_Trigger_Base.WC-S_Trigger_Base_C' ref from Metadata '/Game/WeaponSystem-Simplified/WeaponComponents-Simplified/WC-S_Bases_/WC-S_Trigger_Base.PackageMetaData'
[2020.05.16-21.36.01:345][ 28]LogMetaData: Removing '/Game/WeaponSystem-Simplified/WeaponComponents-Simplified/_WC-S_Bases/WC-S_Trigger_Base.SKEL_WC-S_Trigger_Base_C' ref from Metadata '/Game/WeaponSystem-Simplified/WeaponComponents-Simplified/WC-S_Bases_/WC-S_Trigger_Base.PackageMetaData'
[2020.05.16-21.36.01:345][ 28]LogMetaData: Removing '/Game/WeaponSystem-Simplified/WeaponComponents-Simplified/_WC-S_Bases/WC-S_Trigger_Base.SKEL_WC-S_Trigger_Base_C:ReceiveBeginPlay' ref from Metadata '/Game/WeaponSystem-Simplified/WeaponComponents-Simplified/WC-S_Bases_/WC-S_Trigger_Base.PackageMetaData'
[2020.05.16-21.36.01:345][ 28]LogMetaData: Removing '/Game/WeaponSystem-Simplified/WeaponComponents-Simplified/_WC-S_Bases/WC-S_Trigger_Base.SKEL_WC-S_Trigger_Base_C:ReceiveTick' ref from Metadata '/Game/WeaponSystem-Simplified/WeaponComponents-Simplified/WC-S_Bases_/WC-S_Trigger_Base.PackageMetaData'
[2020.05.16-21.36.01:345][ 28]LogMetaData: Removing '/Game/WeaponSystem-Simplified/WeaponComponents-Simplified/_WC-S_Bases/WC-S_Trigger_Base.WC-S_Trigger_Base:EventGraph.K2Node_Event_0' ref from Metadata '/Game/WeaponSystem-Simplified/WeaponComponents-Simplified/WC-S_Bases_/WC-S_Trigger_Base.PackageMetaData'
[2020.05.16-21.36.01:345][ 28]LogMetaData: Removing '/Game/WeaponSystem-Simplified/WeaponComponents-Simplified/_WC-S_Bases/WC-S_Trigger_Base.WC-S_Trigger_Base:EventGraph.K2Node_CallParentFunction_0' ref from Metadata '/Game/WeaponSystem-Simplified/WeaponComponents-Simplified/WC-S_Bases_/WC-S_Trigger_Base.PackageMetaData'
[2020.05.16-21.36.01:345][ 28]LogMetaData: Removing '/Game/WeaponSystem-Simplified/WeaponComponents-Simplified/_WC-S_Bases/WC-S_Trigger_Base.WC-S_Trigger_Base:EventGraph.K2Node_Event_1' ref from Metadata '/Game/WeaponSystem-Simplified/WeaponComponents-Simplified/WC-S_Bases_/WC-S_Trigger_Base.PackageMetaData'
[2020.05.16-21.36.01:345][ 28]LogMetaData: Removing '/Game/WeaponSystem-Simplified/WeaponComponents-Simplified/_WC-S_Bases/WC-S_Trigger_Base.WC-S_Trigger_Base:EventGraph.K2Node_CallParentFunction_1' ref from Metadata '/Game/WeaponSystem-Simplified/WeaponComponents-Simplified/WC-S_Bases_/WC-S_Trigger_Base.PackageMetaData'
[2020.05.16-21.36.01:355][ 28]LogMetaData: Removing '/Game/WeaponSystem-Simplified/WeaponComponents-Simplified/_WC-S_Bases/WC-S_Magizine_Base.WC-S_Magizine_Base_C' ref from Metadata '/Game/WeaponSystem-Simplified/WeaponComponents-Simplified/WC-S_Bases_/WC-S_Magizine_Base.PackageMetaData'
[2020.05.16-21.36.01:355][ 28]LogMetaData: Removing '/Game/WeaponSystem-Simplified/WeaponComponents-Simplified/_WC-S_Bases/WC-S_Magizine_Base.SKEL_WC-S_Magizine_Base_C' ref from Metadata '/Game/WeaponSystem-Simplified/WeaponComponents-Simplified/WC-S_Bases_/WC-S_Magizine_Base.PackageMetaData'
[2020.05.16-21.36.01:355][ 28]LogMetaData: Removing '/Game/WeaponSystem-Simplified/WeaponComponents-Simplified/_WC-S_Bases/WC-S_Magizine_Base.SKEL_WC-S_Magizine_Base_C:ReceiveBeginPlay' ref from Metadata '/Game/WeaponSystem-Simplified/WeaponComponents-Simplified/WC-S_Bases_/WC-S_Magizine_Base.PackageMetaData'
[2020.05.16-21.36.01:355][ 28]LogMetaData: Removing '/Game/WeaponSystem-Simplified/WeaponComponents-Simplified/_WC-S_Bases/WC-S_Magizine_Base.SKEL_WC-S_Magizine_Base_C:ReceiveTick' ref from Metadata '/Game/WeaponSystem-Simplified/WeaponComponents-Simplified/WC-S_Bases_/WC-S_Magizine_Base.PackageMetaData'
[2020.05.16-21.36.01:355][ 28]LogMetaData: Removing '/Game/WeaponSystem-Simplified/WeaponComponents-Simplified/_WC-S_Bases/WC-S_Magizine_Base.WC-S_Magizine_Base:EventGraph.K2Node_Event_0' ref from Metadata '/Game/WeaponSystem-Simplified/WeaponComponents-Simplified/WC-S_Bases_/WC-S_Magizine_Base.PackageMetaData'
[2020.05.16-21.36.01:355][ 28]LogMetaData: Removing '/Game/WeaponSystem-Simplified/WeaponComponents-Simplified/_WC-S_Bases/WC-S_Magizine_Base.WC-S_Magizine_Base:EventGraph.K2Node_CallParentFunction_0' ref from Metadata '/Game/WeaponSystem-Simplified/WeaponComponents-Simplified/WC-S_Bases_/WC-S_Magizine_Base.PackageMetaData'
[2020.05.16-21.36.01:355][ 28]LogMetaData: Removing '/Game/WeaponSystem-Simplified/WeaponComponents-Simplified/_WC-S_Bases/WC-S_Magizine_Base.WC-S_Magizine_Base:EventGraph.K2Node_Event_1' ref from Metadata '/Game/WeaponSystem-Simplified/WeaponComponents-Simplified/WC-S_Bases_/WC-S_Magizine_Base.PackageMetaData'
[2020.05.16-21.36.01:355][ 28]LogMetaData: Removing '/Game/WeaponSystem-Simplified/WeaponComponents-Simplified/_WC-S_Bases/WC-S_Magizine_Base.WC-S_Magizine_Base:EventGraph.K2Node_CallParentFunction_1' ref from Metadata '/Game/WeaponSystem-Simplified/WeaponComponents-Simplified/WC-S_Bases_/WC-S_Magizine_Base.PackageMetaData'
[2020.05.16-21.36.01:365][ 28]LogMetaData: Removing '/Game/WeaponSystem-Simplified/WeaponComponents-Simplified/_WC-S_Bases/WC-S_Bolt_Base.WC-S_Bolt_Base_C' ref from Metadata '/Game/WeaponSystem-Simplified/WeaponComponents-Simplified/WC-S_Bases_/WC-S_Bolt_Base.PackageMetaData'
[2020.05.16-21.36.01:365][ 28]LogMetaData: Removing '/Game/WeaponSystem-Simplified/WeaponComponents-Simplified/_WC-S_Bases/WC-S_Bolt_Base.SKEL_WC-S_Bolt_Base_C' ref from Metadata '/Game/WeaponSystem-Simplified/WeaponComponents-Simplified/WC-S_Bases_/WC-S_Bolt_Base.PackageMetaData'
[2020.05.16-21.36.01:365][ 28]LogMetaData: Removing '/Game/WeaponSystem-Simplified/WeaponComponents-Simplified/_WC-S_Bases/WC-S_Bolt_Base.SKEL_WC-S_Bolt_Base_C:ReceiveBeginPlay' ref from Metadata '/Game/WeaponSystem-Simplified/WeaponComponents-Simplified/WC-S_Bases_/WC-S_Bolt_Base.PackageMetaData'
[2020.05.16-21.36.01:365][ 28]LogMetaData: Removing '/Game/WeaponSystem-Simplified/WeaponComponents-Simplified/_WC-S_Bases/WC-S_Bolt_Base.SKEL_WC-S_Bolt_Base_C:ReceiveTick' ref from Metadata '/Game/WeaponSystem-Simplified/WeaponComponents-Simplified/WC-S_Bases_/WC-S_Bolt_Base.PackageMetaData'
[2020.05.16-21.36.01:365][ 28]LogMetaData: Removing '/Game/WeaponSystem-Simplified/WeaponComponents-Simplified/_WC-S_Bases/WC-S_Bolt_Base.WC-S_Bolt_Base:EventGraph.K2Node_Event_0' ref from Metadata '/Game/WeaponSystem-Simplified/WeaponComponents-Simplified/WC-S_Bases_/WC-S_Bolt_Base.PackageMetaData'
[2020.05.16-21.36.01:365][ 28]LogMetaData: Removing '/Game/WeaponSystem-Simplified/WeaponComponents-Simplified/_WC-S_Bases/WC-S_Bolt_Base.WC-S_Bolt_Base:EventGraph.K2Node_CallParentFunction_0' ref from Metadata '/Game/WeaponSystem-Simplified/WeaponComponents-Simplified/WC-S_Bases_/WC-S_Bolt_Base.PackageMetaData'
[2020.05.16-21.36.01:365][ 28]LogMetaData: Removing '/Game/WeaponSystem-Simplified/WeaponComponents-Simplified/_WC-S_Bases/WC-S_Bolt_Base.WC-S_Bolt_Base:EventGraph.K2Node_Event_1' ref from Metadata '/Game/WeaponSystem-Simplified/WeaponComponents-Simplified/WC-S_Bases_/WC-S_Bolt_Base.PackageMetaData'
[2020.05.16-21.36.01:365][ 28]LogMetaData: Removing '/Game/WeaponSystem-Simplified/WeaponComponents-Simplified/_WC-S_Bases/WC-S_Bolt_Base.WC-S_Bolt_Base:EventGraph.K2Node_CallParentFunction_1' ref from Metadata '/Game/WeaponSystem-Simplified/WeaponComponents-Simplified/WC-S_Bases_/WC-S_Bolt_Base.PackageMetaData'
[2020.05.16-21.36.01:376][ 28]LogMetaData: Removing '/Game/WeaponSystem-Simplified/WeaponComponents-Simplified/_WC-S_Bases/WC-S_Feedport_Base.WC-S_Feedport_Base_C' ref from Metadata '/Game/WeaponSystem-Simplified/WeaponComponents-Simplified/WC-S_Bases_/WC-S_Feedport_Base.PackageMetaData'
[2020.05.16-21.36.01:377][ 28]LogMetaData: Removing '/Game/WeaponSystem-Simplified/WeaponComponents-Simplified/_WC-S_Bases/WC-S_Feedport_Base.SKEL_WC-S_Feedport_Base_C' ref from Metadata '/Game/WeaponSystem-Simplified/WeaponComponents-Simplified/WC-S_Bases_/WC-S_Feedport_Base.PackageMetaData'
[2020.05.16-21.36.01:377][ 28]LogMetaData: Removing '/Game/WeaponSystem-Simplified/WeaponComponents-Simplified/_WC-S_Bases/WC-S_Feedport_Base.SKEL_WC-S_Feedport_Base_C:ReceiveBeginPlay' ref from Metadata '/Game/WeaponSystem-Simplified/WeaponComponents-Simplified/WC-S_Bases_/WC-S_Feedport_Base.PackageMetaData'
[2020.05.16-21.36.01:377][ 28]LogMetaData: Removing '/Game/WeaponSystem-Simplified/WeaponComponents-Simplified/_WC-S_Bases/WC-S_Feedport_Base.SKEL_WC-S_Feedport_Base_C:ReceiveTick' ref from Metadata '/Game/WeaponSystem-Simplified/WeaponComponents-Simplified/WC-S_Bases_/WC-S_Feedport_Base.PackageMetaData'
[2020.05.16-21.36.01:377][ 28]LogMetaData: Removing '/Game/WeaponSystem-Simplified/WeaponComponents-Simplified/_WC-S_Bases/WC-S_Feedport_Base.WC-S_Feedport_Base:EventGraph.K2Node_Event_0' ref from Metadata '/Game/WeaponSystem-Simplified/WeaponComponents-Simplified/WC-S_Bases_/WC-S_Feedport_Base.PackageMetaData'
[2020.05.16-21.36.01:377][ 28]LogMetaData: Removing '/Game/WeaponSystem-Simplified/WeaponComponents-Simplified/_WC-S_Bases/WC-S_Feedport_Base.WC-S_Feedport_Base:EventGraph.K2Node_CallParentFunction_0' ref from Metadata '/Game/WeaponSystem-Simplified/WeaponComponents-Simplified/WC-S_Bases_/WC-S_Feedport_Base.PackageMetaData'
[2020.05.16-21.36.01:377][ 28]LogMetaData: Removing '/Game/WeaponSystem-Simplified/WeaponComponents-Simplified/_WC-S_Bases/WC-S_Feedport_Base.WC-S_Feedport_Base:EventGraph.K2Node_Event_1' ref from Metadata '/Game/WeaponSystem-Simplified/WeaponComponents-Simplified/WC-S_Bases_/WC-S_Feedport_Base.PackageMetaData'
[2020.05.16-21.36.01:377][ 28]LogMetaData: Removing '/Game/WeaponSystem-Simplified/WeaponComponents-Simplified/_WC-S_Bases/WC-S_Feedport_Base.WC-S_Feedport_Base:EventGraph.K2Node_CallParentFunction_1' ref from Metadata '/Game/WeaponSystem-Simplified/WeaponComponents-Simplified/WC-S_Bases_/WC-S_Feedport_Base.PackageMetaData'
[2020.05.16-21.36.01:423][ 28]LogSavePackage: Moving 'C:/Users/danny/Desktop/Systems_Sandbox/Systems_Sandbox/Saved/WC-S_Muzzle_BaseB092764347979F5806D5E0BE3AFA3B1D.tmp' to 'C:/Users/danny/Desktop/Systems_Sandbox/Systems_Sandbox/Content/WeaponSystem-Simplified/WeaponComponents-Simplified/_WC-S_Bases/WC-S_Muzzle_Base.uasset'
[2020.05.16-21.36.01:447][ 28]LogSavePackage: Moving 'C:/Users/danny/Desktop/Systems_Sandbox/Systems_Sandbox/Saved/WC-S_Barrel_Base00C7E87446D367317283FE98D67C5CD5.tmp' to 'C:/Users/danny/Desktop/Systems_Sandbox/Systems_Sandbox/Content/WeaponSystem-Simplified/WeaponComponents-Simplified/_WC-S_Bases/WC-S_Barrel_Base.uasset'
[2020.05.16-21.36.01:474][ 28]LogSavePackage: Moving 'C:/Users/danny/Desktop/Systems_Sandbox/Systems_Sandbox/Saved/WC-S_Chamber_Base2ABBF63F407B61721314BCBD5275B1CE.tmp' to 'C:/Users/danny/Desktop/Systems_Sandbox/Systems_Sandbox/Content/WeaponSystem-Simplified/WeaponComponents-Simplified/_WC-S_Bases/WC-S_Chamber_Base.uasset'
[2020.05.16-21.36.01:504][ 28]LogSavePackage: Moving 'C:/Users/danny/Desktop/Systems_Sandbox/Systems_Sandbox/Saved/WC-S_FireControl_Base7B6A848D46C4DCA8CBBCDFA90A2B4678.tmp' to 'C:/Users/danny/Desktop/Systems_Sandbox/Systems_Sandbox/Content/WeaponSystem-Simplified/WeaponComponents-Simplified/_WC-S_Bases/WC-S_FireControl_Base.uasset'
[2020.05.16-21.36.01:533][ 28]LogSavePackage: Moving 'C:/Users/danny/Desktop/Systems_Sandbox/Systems_Sandbox/Saved/WC-S_Hammer_BaseC3D374814A35ED414FE69DAAB3348396.tmp' to 'C:/Users/danny/Desktop/Systems_Sandbox/Systems_Sandbox/Content/WeaponSystem-Simplified/WeaponComponents-Simplified/_WC-S_Bases/WC-S_Hammer_Base.uasset'
[2020.05.16-21.36.01:556][ 28]LogSavePackage: Moving 'C:/Users/danny/Desktop/Systems_Sandbox/Systems_Sandbox/Saved/WC-S_Trigger_Base9D43864D4BF6F22CE5A3EC839CCECC73.tmp' to 'C:/Users/danny/Desktop/Systems_Sandbox/Systems_Sandbox/Content/WeaponSystem-Simplified/WeaponComponents-Simplified/_WC-S_Bases/WC-S_Trigger_Base.uasset'
[2020.05.16-21.36.01:578][ 28]LogSavePackage: Moving 'C:/Users/danny/Desktop/Systems_Sandbox/Systems_Sandbox/Saved/WC-S_Magizine_Base7811F29944B965C237A745ADB74ABFAF.tmp' to 'C:/Users/danny/Desktop/Systems_Sandbox/Systems_Sandbox/Content/WeaponSystem-Simplified/WeaponComponents-Simplified/_WC-S_Bases/WC-S_Magizine_Base.uasset'
[2020.05.16-21.36.01:598][ 28]LogSavePackage: Moving 'C:/Users/danny/Desktop/Systems_Sandbox/Systems_Sandbox/Saved/WC-S_Bolt_Base9DCA33664F3101AEA1FA63821D527620.tmp' to 'C:/Users/danny/Desktop/Systems_Sandbox/Systems_Sandbox/Content/WeaponSystem-Simplified/WeaponComponents-Simplified/_WC-S_Bases/WC-S_Bolt_Base.uasset'
[2020.05.16-21.36.01:615][ 28]LogSavePackage: Moving 'C:/Users/danny/Desktop/Systems_Sandbox/Systems_Sandbox/Saved/WC-S_Feedport_BaseE51D282F42143E24DAA15FA078383084.tmp' to 'C:/Users/danny/Desktop/Systems_Sandbox/Systems_Sandbox/Content/WeaponSystem-Simplified/WeaponComponents-Simplified/_WC-S_Bases/WC-S_Feedport_Base.uasset'
[2020.05.16-21.36.02:577][ 28]LogUObjectHash: Compacting FUObjectHashTables data took   3.32ms
[2020.05.16-21.36.02:618][ 28]LogUObjectHash: Compacting FUObjectHashTables data took   0.71ms
[2020.05.16-21.36.02:659][ 28]LogUObjectHash: Compacting FUObjectHashTables data took   0.70ms
[2020.05.16-21.36.02:697][ 28]LogUObjectHash: Compacting FUObjectHashTables data took   1.11ms
[2020.05.16-21.36.02:735][ 28]LogUObjectHash: Compacting FUObjectHashTables data took   0.64ms
[2020.05.16-21.36.02:770][ 28]LogUObjectHash: Compacting FUObjectHashTables data took   1.09ms
[2020.05.16-21.36.02:802][ 28]LogUObjectHash: Compacting FUObjectHashTables data took   0.87ms
[2020.05.16-21.36.02:838][ 28]LogUObjectHash: Compacting FUObjectHashTables data took   1.03ms
[2020.05.16-21.36.02:874][ 28]LogUObjectHash: Compacting FUObjectHashTables data took   0.77ms
[2020.05.16-21.36.02:920][ 28]LogUObjectHash: Compacting FUObjectHashTables data took   1.86ms
[2020.05.16-21.36.02:959][ 28]LogUObjectHash: Compacting FUObjectHashTables data took   0.74ms
[2020.05.16-21.36.03:205][ 36]LogPackageName: SearchForPackageOnDisk took   0.000s to resolve /Game/WeaponSystem-Simplified/WeaponComponents-Simplified/_WC-S_Bases/WC-S_Barrel_Base.
[2020.05.16-21.36.03:215][ 36]LogPackageName: SearchForPackageOnDisk took   0.000s to resolve /Game/WeaponSystem-Simplified/WeaponComponents-Simplified/_WC-S_Bases/WC-S_Bolt_Base.
[2020.05.16-21.36.03:222][ 36]LogPackageName: SearchForPackageOnDisk took   0.000s to resolve /Game/WeaponSystem-Simplified/WeaponComponents-Simplified/_WC-S_Bases/WC-S_Chamber_Base.
[2020.05.16-21.36.03:228][ 36]LogPackageName: SearchForPackageOnDisk took   0.000s to resolve /Game/WeaponSystem-Simplified/WeaponComponents-Simplified/_WC-S_Bases/WC-S_Feedport_Base.
[2020.05.16-21.36.03:234][ 36]LogPackageName: SearchForPackageOnDisk took   0.000s to resolve /Game/WeaponSystem-Simplified/WeaponComponents-Simplified/_WC-S_Bases/WC-S_FireControl_Base.
[2020.05.16-21.36.03:240][ 36]LogPackageName: SearchForPackageOnDisk took   0.000s to resolve /Game/WeaponSystem-Simplified/WeaponComponents-Simplified/_WC-S_Bases/WC-S_Hammer_Base.
[2020.05.16-21.36.03:270][ 37]LogPackageName: SearchForPackageOnDisk took   0.000s to resolve /Game/WeaponSystem-Simplified/WeaponComponents-Simplified/_WC-S_Bases/WC-S_Magizine_Base.
[2020.05.16-21.36.03:278][ 37]LogPackageName: SearchForPackageOnDisk took   0.000s to resolve /Game/WeaponSystem-Simplified/WeaponComponents-Simplified/_WC-S_Bases/WC-S_Muzzle_Base.
[2020.05.16-21.36.03:286][ 37]LogPackageName: SearchForPackageOnDisk took   0.000s to resolve /Game/WeaponSystem-Simplified/WeaponComponents-Simplified/_WC-S_Bases/WC-S_Trigger_Base.
[2020.05.16-21.36.49:834][252]LogUObjectHash: Compacting FUObjectHashTables data took   2.70ms
[2020.05.16-21.36.49:884][252]LogUObjectHash: Compacting FUObjectHashTables data took   2.56ms
[2020.05.16-21.36.49:927][252]LogUObjectHash: Compacting FUObjectHashTables data took   3.61ms
[2020.05.16-21.36.49:970][252]LogUObjectHash: Compacting FUObjectHashTables data took   2.45ms
[2020.05.16-21.36.50:014][252]LogUObjectHash: Compacting FUObjectHashTables data took   2.54ms
[2020.05.16-21.36.50:059][252]LogUObjectHash: Compacting FUObjectHashTables data took   2.43ms
[2020.05.16-21.36.50:102][252]LogUObjectHash: Compacting FUObjectHashTables data took   2.44ms
[2020.05.16-21.36.50:147][252]LogUObjectHash: Compacting FUObjectHashTables data took   3.97ms
[2020.05.16-21.36.50:190][252]LogUObjectHash: Compacting FUObjectHashTables data took   2.49ms
[2020.05.16-21.36.50:232][252]LogUObjectHash: Compacting FUObjectHashTables data took   2.50ms
[2020.05.16-21.36.50:236][252]LogMetaData: Removing '/Game/WeaponSystem-Simplified/WeaponComponents-Simplified/_WC-S_Base._WC-S_Base_C' ref from Metadata '/Game/WeaponSystem-Simplified/WeaponComponents-Simplified/WC-S_Base.PackageMetaData'
[2020.05.16-21.36.50:236][252]LogMetaData: Removing '/Game/WeaponSystem-Simplified/WeaponComponents-Simplified/_WC-S_Base.SKEL__WC-S_Base_C' ref from Metadata '/Game/WeaponSystem-Simplified/WeaponComponents-Simplified/WC-S_Base.PackageMetaData'
[2020.05.16-21.36.50:236][252]LogMetaData: Removing '/Game/WeaponSystem-Simplified/WeaponComponents-Simplified/_WC-S_Base._WC-S_Base:EventGraph.K2Node_Event_0' ref from Metadata '/Game/WeaponSystem-Simplified/WeaponComponents-Simplified/WC-S_Base.PackageMetaData'
[2020.05.16-21.36.50:236][252]LogMetaData: Removing '/Game/WeaponSystem-Simplified/WeaponComponents-Simplified/_WC-S_Base._WC-S_Base:EventGraph.K2Node_Event_1' ref from Metadata '/Game/WeaponSystem-Simplified/WeaponComponents-Simplified/WC-S_Base.PackageMetaData'
[2020.05.16-21.36.50:277][252]LogSavePackage: Moving 'C:/Users/danny/Desktop/Systems_Sandbox/Systems_Sandbox/Saved/_WC-S_BaseA38D37DE48E1A2582678EAB78D713D60.tmp' to 'C:/Users/danny/Desktop/Systems_Sandbox/Systems_Sandbox/Content/WeaponSystem-Simplified/WeaponComponents-Simplified/_WC-S_Base.uasset'
[2020.05.16-21.36.50:473][252]LogUObjectHash: Compacting FUObjectHashTables data took   2.14ms
[2020.05.16-21.36.50:520][252]LogUObjectHash: Compacting FUObjectHashTables data took   3.30ms
[2020.05.16-21.36.50:555][252]LogUObjectHash: Compacting FUObjectHashTables data took   0.80ms
[2020.05.16-21.36.50:600][252]LogSavePackage: Moving 'C:/Users/danny/Desktop/Systems_Sandbox/Systems_Sandbox/Saved/WC-S_Muzzle_BaseA19649074CD9E4C2DADDCD83B88F207F.tmp' to 'C:/Users/danny/Desktop/Systems_Sandbox/Systems_Sandbox/Content/WeaponSystem-Simplified/WeaponComponents-Simplified/_WC-S_Bases/WC-S_Muzzle_Base.uasset'
[2020.05.16-21.36.50:634][252]LogSavePackage: Moving 'C:/Users/danny/Desktop/Systems_Sandbox/Systems_Sandbox/Saved/WC-S_Barrel_Base8075894146C1DF92F1DBE8A7453FCCE3.tmp' to 'C:/Users/danny/Desktop/Systems_Sandbox/Systems_Sandbox/Content/WeaponSystem-Simplified/WeaponComponents-Simplified/_WC-S_Bases/WC-S_Barrel_Base.uasset'
[2020.05.16-21.36.50:670][252]LogSavePackage: Moving 'C:/Users/danny/Desktop/Systems_Sandbox/Systems_Sandbox/Saved/WC-S_Chamber_BaseBFD06B744A4F361E39CC54B786FEFC0A.tmp' to 'C:/Users/danny/Desktop/Systems_Sandbox/Systems_Sandbox/Content/WeaponSystem-Simplified/WeaponComponents-Simplified/_WC-S_Bases/WC-S_Chamber_Base.uasset'
[2020.05.16-21.36.50:705][252]LogSavePackage: Moving 'C:/Users/danny/Desktop/Systems_Sandbox/Systems_Sandbox/Saved/WC-S_FireControl_Base7F69A8254AF1E318D8AE858C06AB45AC.tmp' to 'C:/Users/danny/Desktop/Systems_Sandbox/Systems_Sandbox/Content/WeaponSystem-Simplified/WeaponComponents-Simplified/_WC-S_Bases/WC-S_FireControl_Base.uasset'
[2020.05.16-21.36.50:736][252]LogSavePackage: Moving 'C:/Users/danny/Desktop/Systems_Sandbox/Systems_Sandbox/Saved/WC-S_Hammer_Base05CA783C4133B7AFC74EBE957EE675A3.tmp' to 'C:/Users/danny/Desktop/Systems_Sandbox/Systems_Sandbox/Content/WeaponSystem-Simplified/WeaponComponents-Simplified/_WC-S_Bases/WC-S_Hammer_Base.uasset'
[2020.05.16-21.36.50:772][252]LogSavePackage: Moving 'C:/Users/danny/Desktop/Systems_Sandbox/Systems_Sandbox/Saved/WC-S_Trigger_Base3FE3B8EF476D44AC123A88A1AEA26FFF.tmp' to 'C:/Users/danny/Desktop/Systems_Sandbox/Systems_Sandbox/Content/WeaponSystem-Simplified/WeaponComponents-Simplified/_WC-S_Bases/WC-S_Trigger_Base.uasset'
[2020.05.16-21.36.50:806][252]LogSavePackage: Moving 'C:/Users/danny/Desktop/Systems_Sandbox/Systems_Sandbox/Saved/WC-S_Magizine_Base3EFBA6914A6BF46BDCA381B5BD98CB1A.tmp' to 'C:/Users/danny/Desktop/Systems_Sandbox/Systems_Sandbox/Content/WeaponSystem-Simplified/WeaponComponents-Simplified/_WC-S_Bases/WC-S_Magizine_Base.uasset'
[2020.05.16-21.36.50:838][252]LogSavePackage: Moving 'C:/Users/danny/Desktop/Systems_Sandbox/Systems_Sandbox/Saved/WC-S_Bolt_BaseE75AF4AA402EFFB09453D2A111DE93C9.tmp' to 'C:/Users/danny/Desktop/Systems_Sandbox/Systems_Sandbox/Content/WeaponSystem-Simplified/WeaponComponents-Simplified/_WC-S_Bases/WC-S_Bolt_Base.uasset'
[2020.05.16-21.36.50:868][252]LogSavePackage: Moving 'C:/Users/danny/Desktop/Systems_Sandbox/Systems_Sandbox/Saved/WC-S_Feedport_BaseA5529EAE4AA432CB31D0A3B2DCB8BCAE.tmp' to 'C:/Users/danny/Desktop/Systems_Sandbox/Systems_Sandbox/Content/WeaponSystem-Simplified/WeaponComponents-Simplified/_WC-S_Bases/WC-S_Feedport_Base.uasset'
[2020.05.16-21.36.51:124][258]LogPackageName: SearchForPackageOnDisk took   0.000s to resolve /Game/WeaponSystem-Simplified/WeaponComponents-Simplified/_WC-S_Base.
[2020.05.16-21.37.01:196][395]LogMetaData: Removing '/Game/WeaponSystem-Simplified/WeaponComponents-Simplified/_WC-S_Bases/_WC-S_Base._WC-S_Base_C' ref from Metadata '/Game/WeaponSystem-Simplified/WeaponComponents-Simplified/_WC-S_Base.PackageMetaData'
[2020.05.16-21.37.01:196][395]LogMetaData: Removing '/Game/WeaponSystem-Simplified/WeaponComponents-Simplified/_WC-S_Bases/_WC-S_Base.SKEL__WC-S_Base_C' ref from Metadata '/Game/WeaponSystem-Simplified/WeaponComponents-Simplified/_WC-S_Base.PackageMetaData'
[2020.05.16-21.37.01:196][395]LogMetaData: Removing '/Game/WeaponSystem-Simplified/WeaponComponents-Simplified/_WC-S_Bases/_WC-S_Base._WC-S_Base:EventGraph.K2Node_Event_0' ref from Metadata '/Game/WeaponSystem-Simplified/WeaponComponents-Simplified/_WC-S_Base.PackageMetaData'
[2020.05.16-21.37.01:196][395]LogMetaData: Removing '/Game/WeaponSystem-Simplified/WeaponComponents-Simplified/_WC-S_Bases/_WC-S_Base._WC-S_Base:EventGraph.K2Node_Event_1' ref from Metadata '/Game/WeaponSystem-Simplified/WeaponComponents-Simplified/_WC-S_Base.PackageMetaData'
[2020.05.16-21.37.01:196][395]LogMetaData: Removing '/Game/WeaponSystem-Simplified/WeaponComponents-Simplified/_WC-S_Bases/_WC-S_Base.SKEL__WC-S_Base_C:ReceiveBeginPlay' ref from Metadata '/Game/WeaponSystem-Simplified/WeaponComponents-Simplified/_WC-S_Base.PackageMetaData'
[2020.05.16-21.37.01:196][395]LogMetaData: Removing '/Game/WeaponSystem-Simplified/WeaponComponents-Simplified/_WC-S_Bases/_WC-S_Base.SKEL__WC-S_Base_C:ReceiveTick' ref from Metadata '/Game/WeaponSystem-Simplified/WeaponComponents-Simplified/_WC-S_Base.PackageMetaData'
[2020.05.16-21.37.01:242][395]LogSavePackage: Moving 'C:/Users/danny/Desktop/Systems_Sandbox/Systems_Sandbox/Saved/_WC-S_Base09D545604CFCF0FF499464896C849448.tmp' to 'C:/Users/danny/Desktop/Systems_Sandbox/Systems_Sandbox/Content/WeaponSystem-Simplified/WeaponComponents-Simplified/_WC-S_Bases/_WC-S_Base.uasset'
[2020.05.16-21.37.01:460][395]LogUObjectHash: Compacting FUObjectHashTables data took   3.22ms
[2020.05.16-21.37.01:502][395]LogUObjectHash: Compacting FUObjectHashTables data took   2.70ms
[2020.05.16-21.37.01:536][395]LogUObjectHash: Compacting FUObjectHashTables data took   0.72ms
[2020.05.16-21.37.01:569][395]LogSavePackage: Moving 'C:/Users/danny/Desktop/Systems_Sandbox/Systems_Sandbox/Saved/WC-S_Muzzle_BaseFA7E5CE44F277C57EA48FE8FBA94449E.tmp' to 'C:/Users/danny/Desktop/Systems_Sandbox/Systems_Sandbox/Content/WeaponSystem-Simplified/WeaponComponents-Simplified/_WC-S_Bases/WC-S_Muzzle_Base.uasset'
[2020.05.16-21.37.01:592][395]LogSavePackage: Moving 'C:/Users/danny/Desktop/Systems_Sandbox/Systems_Sandbox/Saved/WC-S_Barrel_Base0951F7CA452B4E26666BD580056F265F.tmp' to 'C:/Users/danny/Desktop/Systems_Sandbox/Systems_Sandbox/Content/WeaponSystem-Simplified/WeaponComponents-Simplified/_WC-S_Bases/WC-S_Barrel_Base.uasset'
[2020.05.16-21.37.01:617][395]LogSavePackage: Moving 'C:/Users/danny/Desktop/Systems_Sandbox/Systems_Sandbox/Saved/WC-S_Chamber_Base307FB00144105ECCF327FE992ADB7CCF.tmp' to 'C:/Users/danny/Desktop/Systems_Sandbox/Systems_Sandbox/Content/WeaponSystem-Simplified/WeaponComponents-Simplified/_WC-S_Bases/WC-S_Chamber_Base.uasset'
[2020.05.16-21.37.01:641][395]LogSavePackage: Moving 'C:/Users/danny/Desktop/Systems_Sandbox/Systems_Sandbox/Saved/WC-S_FireControl_BaseD86746614CDD75FDC11A0C99B1B498AD.tmp' to 'C:/Users/danny/Desktop/Systems_Sandbox/Systems_Sandbox/Content/WeaponSystem-Simplified/WeaponComponents-Simplified/_WC-S_Bases/WC-S_FireControl_Base.uasset'
[2020.05.16-21.37.01:666][395]LogSavePackage: Moving 'C:/Users/danny/Desktop/Systems_Sandbox/Systems_Sandbox/Saved/WC-S_Hammer_BaseDBD497C5422324721E36E5BCA88EC56E.tmp' to 'C:/Users/danny/Desktop/Systems_Sandbox/Systems_Sandbox/Content/WeaponSystem-Simplified/WeaponComponents-Simplified/_WC-S_Bases/WC-S_Hammer_Base.uasset'
[2020.05.16-21.37.01:690][395]LogSavePackage: Moving 'C:/Users/danny/Desktop/Systems_Sandbox/Systems_Sandbox/Saved/WC-S_Trigger_BaseBC48FFB8480DAA50C91146B9684F2C5F.tmp' to 'C:/Users/danny/Desktop/Systems_Sandbox/Systems_Sandbox/Content/WeaponSystem-Simplified/WeaponComponents-Simplified/_WC-S_Bases/WC-S_Trigger_Base.uasset'
[2020.05.16-21.37.01:713][395]LogSavePackage: Moving 'C:/Users/danny/Desktop/Systems_Sandbox/Systems_Sandbox/Saved/WC-S_Magizine_BaseAB85461E4CD34C4707C18F8D671F73E8.tmp' to 'C:/Users/danny/Desktop/Systems_Sandbox/Systems_Sandbox/Content/WeaponSystem-Simplified/WeaponComponents-Simplified/_WC-S_Bases/WC-S_Magizine_Base.uasset'
[2020.05.16-21.37.01:740][395]LogSavePackage: Moving 'C:/Users/danny/Desktop/Systems_Sandbox/Systems_Sandbox/Saved/WC-S_Bolt_Base39BD307440034B5949653999AF4689B6.tmp' to 'C:/Users/danny/Desktop/Systems_Sandbox/Systems_Sandbox/Content/WeaponSystem-Simplified/WeaponComponents-Simplified/_WC-S_Bases/WC-S_Bolt_Base.uasset'
[2020.05.16-21.37.01:765][395]LogSavePackage: Moving 'C:/Users/danny/Desktop/Systems_Sandbox/Systems_Sandbox/Saved/WC-S_Feedport_BaseF77DE058419DB9FFA06FE1B5C68C098E.tmp' to 'C:/Users/danny/Desktop/Systems_Sandbox/Systems_Sandbox/Content/WeaponSystem-Simplified/WeaponComponents-Simplified/_WC-S_Bases/WC-S_Feedport_Base.uasset'
[2020.05.16-21.37.01:989][400]LogPackageName: SearchForPackageOnDisk took   0.000s to resolve /Game/WeaponSystem-Simplified/WeaponComponents-Simplified/_WC-S_Bases/_WC-S_Base.
[2020.05.16-21.37.28:410][358]LogUObjectHash: Compacting FUObjectHashTables data took   2.92ms
[2020.05.16-21.37.28:457][358]LogUObjectHash: Compacting FUObjectHashTables data took   2.56ms
[2020.05.16-21.37.28:500][358]LogUObjectHash: Compacting FUObjectHashTables data took   2.63ms
[2020.05.16-21.37.28:544][358]LogUObjectHash: Compacting FUObjectHashTables data took   2.74ms
[2020.05.16-21.37.28:588][358]LogUObjectHash: Compacting FUObjectHashTables data took   2.93ms
[2020.05.16-21.37.28:632][358]LogUObjectHash: Compacting FUObjectHashTables data took   2.45ms
[2020.05.16-21.37.28:665][358]LogUObjectHash: Compacting FUObjectHashTables data took   2.13ms
[2020.05.16-21.37.28:705][358]LogUObjectHash: Compacting FUObjectHashTables data took   2.48ms
[2020.05.16-21.37.28:749][358]LogUObjectHash: Compacting FUObjectHashTables data took   2.38ms
[2020.05.16-21.37.28:792][358]LogUObjectHash: Compacting FUObjectHashTables data took   2.49ms
[2020.05.16-21.37.28:797][358]LogMetaData: Removing '/Game/WeaponSystem-Simplified/WeaponComponents-Simplified/_WC-S_Bases/A_WC-S_Base.A_WC-S_Base_C' ref from Metadata '/Game/WeaponSystem-Simplified/WeaponComponents-Simplified/_WC-S_Bases/_WC-S_Base.PackageMetaData'
[2020.05.16-21.37.28:797][358]LogMetaData: Removing '/Game/WeaponSystem-Simplified/WeaponComponents-Simplified/_WC-S_Bases/A_WC-S_Base.SKEL_A_WC-S_Base_C' ref from Metadata '/Game/WeaponSystem-Simplified/WeaponComponents-Simplified/_WC-S_Bases/_WC-S_Base.PackageMetaData'
[2020.05.16-21.37.28:797][358]LogMetaData: Removing '/Game/WeaponSystem-Simplified/WeaponComponents-Simplified/_WC-S_Bases/A_WC-S_Base.A_WC-S_Base:EventGraph.K2Node_Event_0' ref from Metadata '/Game/WeaponSystem-Simplified/WeaponComponents-Simplified/_WC-S_Bases/_WC-S_Base.PackageMetaData'
[2020.05.16-21.37.28:797][358]LogMetaData: Removing '/Game/WeaponSystem-Simplified/WeaponComponents-Simplified/_WC-S_Bases/A_WC-S_Base.A_WC-S_Base:EventGraph.K2Node_Event_1' ref from Metadata '/Game/WeaponSystem-Simplified/WeaponComponents-Simplified/_WC-S_Bases/_WC-S_Base.PackageMetaData'
[2020.05.16-21.37.28:837][358]LogSavePackage: Moving 'C:/Users/danny/Desktop/Systems_Sandbox/Systems_Sandbox/Saved/A_WC-S_Base7D65845A46C6EBDC336B75AD03502174.tmp' to 'C:/Users/danny/Desktop/Systems_Sandbox/Systems_Sandbox/Content/WeaponSystem-Simplified/WeaponComponents-Simplified/_WC-S_Bases/A_WC-S_Base.uasset'
[2020.05.16-21.37.29:027][358]LogUObjectHash: Compacting FUObjectHashTables data took   3.00ms
[2020.05.16-21.37.29:069][358]LogUObjectHash: Compacting FUObjectHashTables data took   1.97ms
[2020.05.16-21.37.29:102][358]LogUObjectHash: Compacting FUObjectHashTables data took   0.92ms
[2020.05.16-21.37.29:137][358]LogSavePackage: Moving 'C:/Users/danny/Desktop/Systems_Sandbox/Systems_Sandbox/Saved/WC-S_Muzzle_BaseDE02E3944DE67D5C2B44849CF1573D1F.tmp' to 'C:/Users/danny/Desktop/Systems_Sandbox/Systems_Sandbox/Content/WeaponSystem-Simplified/WeaponComponents-Simplified/_WC-S_Bases/WC-S_Muzzle_Base.uasset'
[2020.05.16-21.37.29:163][358]LogSavePackage: Moving 'C:/Users/danny/Desktop/Systems_Sandbox/Systems_Sandbox/Saved/WC-S_Barrel_BaseE44180344E9AF023E51D0DB190EF86E6.tmp' to 'C:/Users/danny/Desktop/Systems_Sandbox/Systems_Sandbox/Content/WeaponSystem-Simplified/WeaponComponents-Simplified/_WC-S_Bases/WC-S_Barrel_Base.uasset'
[2020.05.16-21.37.29:191][358]LogSavePackage: Moving 'C:/Users/danny/Desktop/Systems_Sandbox/Systems_Sandbox/Saved/WC-S_Chamber_BaseAF4876614128A68C405FE1A91F7AE57D.tmp' to 'C:/Users/danny/Desktop/Systems_Sandbox/Systems_Sandbox/Content/WeaponSystem-Simplified/WeaponComponents-Simplified/_WC-S_Bases/WC-S_Chamber_Base.uasset'
[2020.05.16-21.37.29:220][358]LogSavePackage: Moving 'C:/Users/danny/Desktop/Systems_Sandbox/Systems_Sandbox/Saved/WC-S_FireControl_BaseAD635AC041F208563C9282BC9FA03178.tmp' to 'C:/Users/danny/Desktop/Systems_Sandbox/Systems_Sandbox/Content/WeaponSystem-Simplified/WeaponComponents-Simplified/_WC-S_Bases/WC-S_FireControl_Base.uasset'
[2020.05.16-21.37.29:245][358]LogSavePackage: Moving 'C:/Users/danny/Desktop/Systems_Sandbox/Systems_Sandbox/Saved/WC-S_Hammer_Base338383394742D1F85F4DB2948D784625.tmp' to 'C:/Users/danny/Desktop/Systems_Sandbox/Systems_Sandbox/Content/WeaponSystem-Simplified/WeaponComponents-Simplified/_WC-S_Bases/WC-S_Hammer_Base.uasset'
[2020.05.16-21.37.29:270][358]LogSavePackage: Moving 'C:/Users/danny/Desktop/Systems_Sandbox/Systems_Sandbox/Saved/WC-S_Trigger_BaseBF24C42549934F25A6450F9FC2754C16.tmp' to 'C:/Users/danny/Desktop/Systems_Sandbox/Systems_Sandbox/Content/WeaponSystem-Simplified/WeaponComponents-Simplified/_WC-S_Bases/WC-S_Trigger_Base.uasset'
[2020.05.16-21.37.29:298][358]LogSavePackage: Moving 'C:/Users/danny/Desktop/Systems_Sandbox/Systems_Sandbox/Saved/WC-S_Magizine_BaseE48BAE024F1F747038ABCCBA7EA17A81.tmp' to 'C:/Users/danny/Desktop/Systems_Sandbox/Systems_Sandbox/Content/WeaponSystem-Simplified/WeaponComponents-Simplified/_WC-S_Bases/WC-S_Magizine_Base.uasset'
[2020.05.16-21.37.29:322][358]LogSavePackage: Moving 'C:/Users/danny/Desktop/Systems_Sandbox/Systems_Sandbox/Saved/WC-S_Bolt_Base54B4852E4BFD619B5647F0804C276645.tmp' to 'C:/Users/danny/Desktop/Systems_Sandbox/Systems_Sandbox/Content/WeaponSystem-Simplified/WeaponComponents-Simplified/_WC-S_Bases/WC-S_Bolt_Base.uasset'
[2020.05.16-21.37.29:348][358]LogSavePackage: Moving 'C:/Users/danny/Desktop/Systems_Sandbox/Systems_Sandbox/Saved/WC-S_Feedport_Base5D1EE66D49E147DEC820BF86E1579819.tmp' to 'C:/Users/danny/Desktop/Systems_Sandbox/Systems_Sandbox/Content/WeaponSystem-Simplified/WeaponComponents-Simplified/_WC-S_Bases/WC-S_Feedport_Base.uasset'
[2020.05.16-21.37.29:581][361]LogPackageName: SearchForPackageOnDisk took   0.000s to resolve /Game/WeaponSystem-Simplified/WeaponComponents-Simplified/_WC-S_Bases/A_WC-S_Base.
[2020.05.16-21.37.33:350][773]LogUObjectHash: Compacting FUObjectHashTables data took   2.82ms
[2020.05.16-21.37.33:396][773]LogUObjectHash: Compacting FUObjectHashTables data took   4.73ms
[2020.05.16-21.37.33:439][773]LogUObjectHash: Compacting FUObjectHashTables data took   2.40ms
[2020.05.16-21.37.33:479][773]LogUObjectHash: Compacting FUObjectHashTables data took   2.38ms
[2020.05.16-21.37.33:518][773]LogUObjectHash: Compacting FUObjectHashTables data took   2.44ms
[2020.05.16-21.37.33:560][773]LogUObjectHash: Compacting FUObjectHashTables data took   3.38ms
[2020.05.16-21.37.33:603][773]LogUObjectHash: Compacting FUObjectHashTables data took   3.40ms
[2020.05.16-21.37.33:645][773]LogUObjectHash: Compacting FUObjectHashTables data took   2.43ms
[2020.05.16-21.37.33:688][773]LogUObjectHash: Compacting FUObjectHashTables data took   2.80ms
[2020.05.16-21.37.33:729][773]LogUObjectHash: Compacting FUObjectHashTables data took   2.39ms
[2020.05.16-21.37.33:732][773]LogMetaData: Removing '/Game/WeaponSystem-Simplified/WeaponComponents-Simplified/_WC-S_Bases/_WC-S_Base._WC-S_Base_C' ref from Metadata '/Game/WeaponSystem-Simplified/WeaponComponents-Simplified/_WC-S_Bases/A_WC-S_Base.PackageMetaData'
[2020.05.16-21.37.33:733][773]LogMetaData: Removing '/Game/WeaponSystem-Simplified/WeaponComponents-Simplified/_WC-S_Bases/_WC-S_Base.SKEL__WC-S_Base_C' ref from Metadata '/Game/WeaponSystem-Simplified/WeaponComponents-Simplified/_WC-S_Bases/A_WC-S_Base.PackageMetaData'
[2020.05.16-21.37.33:733][773]LogMetaData: Removing '/Game/WeaponSystem-Simplified/WeaponComponents-Simplified/_WC-S_Bases/_WC-S_Base._WC-S_Base:EventGraph.K2Node_Event_0' ref from Metadata '/Game/WeaponSystem-Simplified/WeaponComponents-Simplified/_WC-S_Bases/A_WC-S_Base.PackageMetaData'
[2020.05.16-21.37.33:733][773]LogMetaData: Removing '/Game/WeaponSystem-Simplified/WeaponComponents-Simplified/_WC-S_Bases/_WC-S_Base._WC-S_Base:EventGraph.K2Node_Event_1' ref from Metadata '/Game/WeaponSystem-Simplified/WeaponComponents-Simplified/_WC-S_Bases/A_WC-S_Base.PackageMetaData'
[2020.05.16-21.37.33:772][773]LogSavePackage: Moving 'C:/Users/danny/Desktop/Systems_Sandbox/Systems_Sandbox/Saved/_WC-S_Base74487C5647A32BD9DBDD359068994FF1.tmp' to 'C:/Users/danny/Desktop/Systems_Sandbox/Systems_Sandbox/Content/WeaponSystem-Simplified/WeaponComponents-Simplified/_WC-S_Bases/_WC-S_Base.uasset'
[2020.05.16-21.37.33:974][773]LogUObjectHash: Compacting FUObjectHashTables data took   2.32ms
[2020.05.16-21.37.34:021][773]LogUObjectHash: Compacting FUObjectHashTables data took   2.58ms
[2020.05.16-21.37.34:058][773]LogUObjectHash: Compacting FUObjectHashTables data took   0.84ms
[2020.05.16-21.37.34:096][773]LogSavePackage: Moving 'C:/Users/danny/Desktop/Systems_Sandbox/Systems_Sandbox/Saved/WC-S_Muzzle_BaseF3EC5E45456B36E070554AB7F1F4F2E1.tmp' to 'C:/Users/danny/Desktop/Systems_Sandbox/Systems_Sandbox/Content/WeaponSystem-Simplified/WeaponComponents-Simplified/_WC-S_Bases/WC-S_Muzzle_Base.uasset'
[2020.05.16-21.37.34:118][773]LogSavePackage: Moving 'C:/Users/danny/Desktop/Systems_Sandbox/Systems_Sandbox/Saved/WC-S_Barrel_Base1062B91B4E6014B37B97AFBD2008EEF7.tmp' to 'C:/Users/danny/Desktop/Systems_Sandbox/Systems_Sandbox/Content/WeaponSystem-Simplified/WeaponComponents-Simplified/_WC-S_Bases/WC-S_Barrel_Base.uasset'
[2020.05.16-21.37.34:144][773]LogSavePackage: Moving 'C:/Users/danny/Desktop/Systems_Sandbox/Systems_Sandbox/Saved/WC-S_Chamber_Base04609AA249144A1AC48B2AAB888995A0.tmp' to 'C:/Users/danny/Desktop/Systems_Sandbox/Systems_Sandbox/Content/WeaponSystem-Simplified/WeaponComponents-Simplified/_WC-S_Bases/WC-S_Chamber_Base.uasset'
[2020.05.16-21.37.34:170][773]LogSavePackage: Moving 'C:/Users/danny/Desktop/Systems_Sandbox/Systems_Sandbox/Saved/WC-S_FireControl_Base8EF788EB47D3B133F27D7FA4D571A67C.tmp' to 'C:/Users/danny/Desktop/Systems_Sandbox/Systems_Sandbox/Content/WeaponSystem-Simplified/WeaponComponents-Simplified/_WC-S_Bases/WC-S_FireControl_Base.uasset'
[2020.05.16-21.37.34:199][773]LogSavePackage: Moving 'C:/Users/danny/Desktop/Systems_Sandbox/Systems_Sandbox/Saved/WC-S_Hammer_BaseAC9604464A79AA0D0B0C8797C1E01D8E.tmp' to 'C:/Users/danny/Desktop/Systems_Sandbox/Systems_Sandbox/Content/WeaponSystem-Simplified/WeaponComponents-Simplified/_WC-S_Bases/WC-S_Hammer_Base.uasset'
[2020.05.16-21.37.34:222][773]LogSavePackage: Moving 'C:/Users/danny/Desktop/Systems_Sandbox/Systems_Sandbox/Saved/WC-S_Trigger_BaseB867412D40374A3DDF14F59A02E56319.tmp' to 'C:/Users/danny/Desktop/Systems_Sandbox/Systems_Sandbox/Content/WeaponSystem-Simplified/WeaponComponents-Simplified/_WC-S_Bases/WC-S_Trigger_Base.uasset'
[2020.05.16-21.37.34:247][773]LogSavePackage: Moving 'C:/Users/danny/Desktop/Systems_Sandbox/Systems_Sandbox/Saved/WC-S_Magizine_BaseBE8F3D7D4632C7A2751DC0ACC3DCD9A6.tmp' to 'C:/Users/danny/Desktop/Systems_Sandbox/Systems_Sandbox/Content/WeaponSystem-Simplified/WeaponComponents-Simplified/_WC-S_Bases/WC-S_Magizine_Base.uasset'
[2020.05.16-21.37.34:272][773]LogSavePackage: Moving 'C:/Users/danny/Desktop/Systems_Sandbox/Systems_Sandbox/Saved/WC-S_Bolt_Base56E99EC0410E6B97774220928C1946F5.tmp' to 'C:/Users/danny/Desktop/Systems_Sandbox/Systems_Sandbox/Content/WeaponSystem-Simplified/WeaponComponents-Simplified/_WC-S_Bases/WC-S_Bolt_Base.uasset'
[2020.05.16-21.37.34:299][773]LogSavePackage: Moving 'C:/Users/danny/Desktop/Systems_Sandbox/Systems_Sandbox/Saved/WC-S_Feedport_BaseCC21B7A5472DC4F8B93E4C971251BD85.tmp' to 'C:/Users/danny/Desktop/Systems_Sandbox/Systems_Sandbox/Content/WeaponSystem-Simplified/WeaponComponents-Simplified/_WC-S_Bases/WC-S_Feedport_Base.uasset'
[2020.05.16-21.37.34:470][773]LogPackageName: SearchForPackageOnDisk took   0.000s to resolve /Game/WeaponSystem-Simplified/WeaponComponents-Simplified/_WC-S_Bases/_WC-S_Base.
[2020.05.16-21.37.50:065][576]LogUObjectHash: Compacting FUObjectHashTables data took   2.86ms
[2020.05.16-21.37.50:116][576]LogUObjectHash: Compacting FUObjectHashTables data took   2.53ms
[2020.05.16-21.37.50:156][576]LogUObjectHash: Compacting FUObjectHashTables data took   3.46ms
[2020.05.16-21.37.50:199][576]LogUObjectHash: Compacting FUObjectHashTables data took   2.81ms
[2020.05.16-21.37.50:244][576]LogUObjectHash: Compacting FUObjectHashTables data took   3.50ms
[2020.05.16-21.37.50:290][576]LogUObjectHash: Compacting FUObjectHashTables data took   2.60ms
[2020.05.16-21.37.50:328][576]LogUObjectHash: Compacting FUObjectHashTables data took   2.58ms
[2020.05.16-21.37.50:372][576]LogUObjectHash: Compacting FUObjectHashTables data took   3.31ms
[2020.05.16-21.37.50:412][576]LogUObjectHash: Compacting FUObjectHashTables data took   2.28ms
[2020.05.16-21.37.50:457][576]LogUObjectHash: Compacting FUObjectHashTables data took   2.74ms
[2020.05.16-21.37.50:462][576]LogMetaData: Removing '/Game/WeaponSystem-Simplified/WeaponComponents-Simplified/_WC-S_Bases/WC-S_Base.WC-S_Base_C' ref from Metadata '/Game/WeaponSystem-Simplified/WeaponComponents-Simplified/_WC-S_Bases/_WC-S_Base.PackageMetaData'
[2020.05.16-21.37.50:462][576]LogMetaData: Removing '/Game/WeaponSystem-Simplified/WeaponComponents-Simplified/_WC-S_Bases/WC-S_Base.SKEL_WC-S_Base_C' ref from Metadata '/Game/WeaponSystem-Simplified/WeaponComponents-Simplified/_WC-S_Bases/_WC-S_Base.PackageMetaData'
[2020.05.16-21.37.50:462][576]LogMetaData: Removing '/Game/WeaponSystem-Simplified/WeaponComponents-Simplified/_WC-S_Bases/WC-S_Base.WC-S_Base:EventGraph.K2Node_Event_0' ref from Metadata '/Game/WeaponSystem-Simplified/WeaponComponents-Simplified/_WC-S_Bases/_WC-S_Base.PackageMetaData'
[2020.05.16-21.37.50:462][576]LogMetaData: Removing '/Game/WeaponSystem-Simplified/WeaponComponents-Simplified/_WC-S_Bases/WC-S_Base.WC-S_Base:EventGraph.K2Node_Event_1' ref from Metadata '/Game/WeaponSystem-Simplified/WeaponComponents-Simplified/_WC-S_Bases/_WC-S_Base.PackageMetaData'
[2020.05.16-21.37.50:509][576]LogSavePackage: Moving 'C:/Users/danny/Desktop/Systems_Sandbox/Systems_Sandbox/Saved/WC-S_BaseB3D6355E468B6FCA002418B8FC871C39.tmp' to 'C:/Users/danny/Desktop/Systems_Sandbox/Systems_Sandbox/Content/WeaponSystem-Simplified/WeaponComponents-Simplified/_WC-S_Bases/WC-S_Base.uasset'
[2020.05.16-21.37.50:711][576]LogUObjectHash: Compacting FUObjectHashTables data took   3.46ms
[2020.05.16-21.37.50:755][576]LogUObjectHash: Compacting FUObjectHashTables data took   1.97ms
[2020.05.16-21.37.50:792][576]LogUObjectHash: Compacting FUObjectHashTables data took   0.71ms
[2020.05.16-21.37.50:833][576]LogSavePackage: Moving 'C:/Users/danny/Desktop/Systems_Sandbox/Systems_Sandbox/Saved/WC-S_Muzzle_Base9955DC864260EF43CD73C6B60E07669F.tmp' to 'C:/Users/danny/Desktop/Systems_Sandbox/Systems_Sandbox/Content/WeaponSystem-Simplified/WeaponComponents-Simplified/_WC-S_Bases/WC-S_Muzzle_Base.uasset'
[2020.05.16-21.37.50:861][576]LogSavePackage: Moving 'C:/Users/danny/Desktop/Systems_Sandbox/Systems_Sandbox/Saved/WC-S_Barrel_BaseC25F545E45B6006A5967CFAC5165D86E.tmp' to 'C:/Users/danny/Desktop/Systems_Sandbox/Systems_Sandbox/Content/WeaponSystem-Simplified/WeaponComponents-Simplified/_WC-S_Bases/WC-S_Barrel_Base.uasset'
[2020.05.16-21.37.50:888][576]LogSavePackage: Moving 'C:/Users/danny/Desktop/Systems_Sandbox/Systems_Sandbox/Saved/WC-S_Chamber_Base87258DB74D33B402EC0445AF6CAB4264.tmp' to 'C:/Users/danny/Desktop/Systems_Sandbox/Systems_Sandbox/Content/WeaponSystem-Simplified/WeaponComponents-Simplified/_WC-S_Bases/WC-S_Chamber_Base.uasset'
[2020.05.16-21.37.50:915][576]LogSavePackage: Moving 'C:/Users/danny/Desktop/Systems_Sandbox/Systems_Sandbox/Saved/WC-S_FireControl_BaseA56B512143051270B32526AB48F84003.tmp' to 'C:/Users/danny/Desktop/Systems_Sandbox/Systems_Sandbox/Content/WeaponSystem-Simplified/WeaponComponents-Simplified/_WC-S_Bases/WC-S_FireControl_Base.uasset'
[2020.05.16-21.37.50:947][576]LogSavePackage: Moving 'C:/Users/danny/Desktop/Systems_Sandbox/Systems_Sandbox/Saved/WC-S_Hammer_BaseAB95CB6B45BA15ADEAF89F92F08B66E8.tmp' to 'C:/Users/danny/Desktop/Systems_Sandbox/Systems_Sandbox/Content/WeaponSystem-Simplified/WeaponComponents-Simplified/_WC-S_Bases/WC-S_Hammer_Base.uasset'
[2020.05.16-21.37.50:973][576]LogSavePackage: Moving 'C:/Users/danny/Desktop/Systems_Sandbox/Systems_Sandbox/Saved/WC-S_Trigger_Base984F701343E7D06C61AB478D3BB32701.tmp' to 'C:/Users/danny/Desktop/Systems_Sandbox/Systems_Sandbox/Content/WeaponSystem-Simplified/WeaponComponents-Simplified/_WC-S_Bases/WC-S_Trigger_Base.uasset'
[2020.05.16-21.37.51:006][576]LogSavePackage: Moving 'C:/Users/danny/Desktop/Systems_Sandbox/Systems_Sandbox/Saved/WC-S_Magizine_BaseF2E2C80E4D67F90C57AF2CB73BB7D2F0.tmp' to 'C:/Users/danny/Desktop/Systems_Sandbox/Systems_Sandbox/Content/WeaponSystem-Simplified/WeaponComponents-Simplified/_WC-S_Bases/WC-S_Magizine_Base.uasset'
[2020.05.16-21.37.51:034][576]LogSavePackage: Moving 'C:/Users/danny/Desktop/Systems_Sandbox/Systems_Sandbox/Saved/WC-S_Bolt_BaseE284786F463DAEB481B9DC89FA9940EE.tmp' to 'C:/Users/danny/Desktop/Systems_Sandbox/Systems_Sandbox/Content/WeaponSystem-Simplified/WeaponComponents-Simplified/_WC-S_Bases/WC-S_Bolt_Base.uasset'
[2020.05.16-21.37.51:064][576]LogSavePackage: Moving 'C:/Users/danny/Desktop/Systems_Sandbox/Systems_Sandbox/Saved/WC-S_Feedport_Base7662D19F4B8844C976E22987EC11D7F7.tmp' to 'C:/Users/danny/Desktop/Systems_Sandbox/Systems_Sandbox/Content/WeaponSystem-Simplified/WeaponComponents-Simplified/_WC-S_Bases/WC-S_Feedport_Base.uasset'
[2020.05.16-21.37.51:334][582]LogPackageName: SearchForPackageOnDisk took   0.000s to resolve /Game/WeaponSystem-Simplified/WeaponComponents-Simplified/_WC-S_Bases/WC-S_Base.
[2020.05.16-21.37.54:358][906]LogUObjectHash: Compacting FUObjectHashTables data took   2.89ms
[2020.05.16-21.37.54:398][906]LogUObjectHash: Compacting FUObjectHashTables data took   2.63ms
[2020.05.16-21.37.54:440][906]LogUObjectHash: Compacting FUObjectHashTables data took   2.38ms
[2020.05.16-21.37.54:486][906]LogUObjectHash: Compacting FUObjectHashTables data took   2.51ms
[2020.05.16-21.37.54:531][906]LogUObjectHash: Compacting FUObjectHashTables data took   2.34ms
[2020.05.16-21.37.54:580][906]LogUObjectHash: Compacting FUObjectHashTables data took   2.47ms
[2020.05.16-21.37.54:621][906]LogUObjectHash: Compacting FUObjectHashTables data took   2.30ms
[2020.05.16-21.37.54:668][906]LogUObjectHash: Compacting FUObjectHashTables data took   3.14ms
[2020.05.16-21.37.54:713][906]LogUObjectHash: Compacting FUObjectHashTables data took   2.36ms
[2020.05.16-21.37.54:760][906]LogUObjectHash: Compacting FUObjectHashTables data took   2.38ms
[2020.05.16-21.37.54:764][906]LogMetaData: Removing '/Game/WeaponSystem-Simplified/WeaponComponents-Simplified/_WC-S_Bases/_WC-S_Base._WC-S_Base_C' ref from Metadata '/Game/WeaponSystem-Simplified/WeaponComponents-Simplified/_WC-S_Bases/WC-S_Base.PackageMetaData'
[2020.05.16-21.37.54:764][906]LogMetaData: Removing '/Game/WeaponSystem-Simplified/WeaponComponents-Simplified/_WC-S_Bases/_WC-S_Base.SKEL__WC-S_Base_C' ref from Metadata '/Game/WeaponSystem-Simplified/WeaponComponents-Simplified/_WC-S_Bases/WC-S_Base.PackageMetaData'
[2020.05.16-21.37.54:764][906]LogMetaData: Removing '/Game/WeaponSystem-Simplified/WeaponComponents-Simplified/_WC-S_Bases/_WC-S_Base._WC-S_Base:EventGraph.K2Node_Event_0' ref from Metadata '/Game/WeaponSystem-Simplified/WeaponComponents-Simplified/_WC-S_Bases/WC-S_Base.PackageMetaData'
[2020.05.16-21.37.54:764][906]LogMetaData: Removing '/Game/WeaponSystem-Simplified/WeaponComponents-Simplified/_WC-S_Bases/_WC-S_Base._WC-S_Base:EventGraph.K2Node_Event_1' ref from Metadata '/Game/WeaponSystem-Simplified/WeaponComponents-Simplified/_WC-S_Bases/WC-S_Base.PackageMetaData'
[2020.05.16-21.37.54:808][906]LogSavePackage: Moving 'C:/Users/danny/Desktop/Systems_Sandbox/Systems_Sandbox/Saved/_WC-S_BaseBED041224BEF474B81144FAC7766BFAA.tmp' to 'C:/Users/danny/Desktop/Systems_Sandbox/Systems_Sandbox/Content/WeaponSystem-Simplified/WeaponComponents-Simplified/_WC-S_Bases/_WC-S_Base.uasset'
[2020.05.16-21.37.55:027][906]LogUObjectHash: Compacting FUObjectHashTables data took   3.57ms
[2020.05.16-21.37.55:075][906]LogUObjectHash: Compacting FUObjectHashTables data took   2.40ms
[2020.05.16-21.37.55:111][906]LogUObjectHash: Compacting FUObjectHashTables data took   0.76ms
[2020.05.16-21.37.55:144][906]LogSavePackage: Moving 'C:/Users/danny/Desktop/Systems_Sandbox/Systems_Sandbox/Saved/WC-S_Muzzle_BaseE7958816447C2A481E21A597DB37B5E1.tmp' to 'C:/Users/danny/Desktop/Systems_Sandbox/Systems_Sandbox/Content/WeaponSystem-Simplified/WeaponComponents-Simplified/_WC-S_Bases/WC-S_Muzzle_Base.uasset'
[2020.05.16-21.37.55:169][906]LogSavePackage: Moving 'C:/Users/danny/Desktop/Systems_Sandbox/Systems_Sandbox/Saved/WC-S_Barrel_Base00784840481D92A3DD5BC1BE7C9158D2.tmp' to 'C:/Users/danny/Desktop/Systems_Sandbox/Systems_Sandbox/Content/WeaponSystem-Simplified/WeaponComponents-Simplified/_WC-S_Bases/WC-S_Barrel_Base.uasset'
[2020.05.16-21.37.55:194][906]LogSavePackage: Moving 'C:/Users/danny/Desktop/Systems_Sandbox/Systems_Sandbox/Saved/WC-S_Chamber_Base9AECB1404AD4266A012754BAE1D8D477.tmp' to 'C:/Users/danny/Desktop/Systems_Sandbox/Systems_Sandbox/Content/WeaponSystem-Simplified/WeaponComponents-Simplified/_WC-S_Bases/WC-S_Chamber_Base.uasset'
[2020.05.16-21.37.55:224][906]LogSavePackage: Moving 'C:/Users/danny/Desktop/Systems_Sandbox/Systems_Sandbox/Saved/WC-S_FireControl_Base12D7FEE74EB445A2AF8ECFBF556151C4.tmp' to 'C:/Users/danny/Desktop/Systems_Sandbox/Systems_Sandbox/Content/WeaponSystem-Simplified/WeaponComponents-Simplified/_WC-S_Bases/WC-S_FireControl_Base.uasset'
[2020.05.16-21.37.55:253][906]LogSavePackage: Moving 'C:/Users/danny/Desktop/Systems_Sandbox/Systems_Sandbox/Saved/WC-S_Hammer_Base4041233B425886FC997CAE899C3FEEAC.tmp' to 'C:/Users/danny/Desktop/Systems_Sandbox/Systems_Sandbox/Content/WeaponSystem-Simplified/WeaponComponents-Simplified/_WC-S_Bases/WC-S_Hammer_Base.uasset'
[2020.05.16-21.37.55:279][906]LogSavePackage: Moving 'C:/Users/danny/Desktop/Systems_Sandbox/Systems_Sandbox/Saved/WC-S_Trigger_Base136762CF440D4766172B21B0060A4DB2.tmp' to 'C:/Users/danny/Desktop/Systems_Sandbox/Systems_Sandbox/Content/WeaponSystem-Simplified/WeaponComponents-Simplified/_WC-S_Bases/WC-S_Trigger_Base.uasset'
[2020.05.16-21.37.55:305][906]LogSavePackage: Moving 'C:/Users/danny/Desktop/Systems_Sandbox/Systems_Sandbox/Saved/WC-S_Magizine_Base765756154EB94AB1EA9CD49189B14025.tmp' to 'C:/Users/danny/Desktop/Systems_Sandbox/Systems_Sandbox/Content/WeaponSystem-Simplified/WeaponComponents-Simplified/_WC-S_Bases/WC-S_Magizine_Base.uasset'
[2020.05.16-21.37.55:335][906]LogSavePackage: Moving 'C:/Users/danny/Desktop/Systems_Sandbox/Systems_Sandbox/Saved/WC-S_Bolt_Base4F218ABC49C8D3A64B4E59AB81E54024.tmp' to 'C:/Users/danny/Desktop/Systems_Sandbox/Systems_Sandbox/Content/WeaponSystem-Simplified/WeaponComponents-Simplified/_WC-S_Bases/WC-S_Bolt_Base.uasset'
[2020.05.16-21.37.55:359][906]LogSavePackage: Moving 'C:/Users/danny/Desktop/Systems_Sandbox/Systems_Sandbox/Saved/WC-S_Feedport_BaseF021B0F94ABC7D1A0C2EAAAAE1478EB3.tmp' to 'C:/Users/danny/Desktop/Systems_Sandbox/Systems_Sandbox/Content/WeaponSystem-Simplified/WeaponComponents-Simplified/_WC-S_Bases/WC-S_Feedport_Base.uasset'
[2020.05.16-21.37.55:521][906]LogPackageName: SearchForPackageOnDisk took   0.000s to resolve /Game/WeaponSystem-Simplified/WeaponComponents-Simplified/_WC-S_Bases/_WC-S_Base.
[2020.05.16-21.38.37:963][760]LogUObjectHash: Compacting FUObjectHashTables data took   2.48ms
[2020.05.16-21.38.37:967][760]LogMetaData: Removing '/Game/WeaponSystem-Simplified/WeaponComponents-Simplified/_WC-S_Bases/_WC-S_Barrel_Base._WC-S_Barrel_Base_C' ref from Metadata '/Game/WeaponSystem-Simplified/WeaponComponents-Simplified/_WC-S_Bases/WC-S_Barrel_Base.PackageMetaData'
[2020.05.16-21.38.37:967][760]LogMetaData: Removing '/Game/WeaponSystem-Simplified/WeaponComponents-Simplified/_WC-S_Bases/_WC-S_Barrel_Base.SKEL__WC-S_Barrel_Base_C' ref from Metadata '/Game/WeaponSystem-Simplified/WeaponComponents-Simplified/_WC-S_Bases/WC-S_Barrel_Base.PackageMetaData'
[2020.05.16-21.38.37:967][760]LogMetaData: Removing '/Game/WeaponSystem-Simplified/WeaponComponents-Simplified/_WC-S_Bases/_WC-S_Barrel_Base._WC-S_Barrel_Base:EventGraph.K2Node_Event_0' ref from Metadata '/Game/WeaponSystem-Simplified/WeaponComponents-Simplified/_WC-S_Bases/WC-S_Barrel_Base.PackageMetaData'
[2020.05.16-21.38.37:967][760]LogMetaData: Removing '/Game/WeaponSystem-Simplified/WeaponComponents-Simplified/_WC-S_Bases/_WC-S_Barrel_Base._WC-S_Barrel_Base:EventGraph.K2Node_CallParentFunction_0' ref from Metadata '/Game/WeaponSystem-Simplified/WeaponComponents-Simplified/_WC-S_Bases/WC-S_Barrel_Base.PackageMetaData'
[2020.05.16-21.38.37:967][760]LogMetaData: Removing '/Game/WeaponSystem-Simplified/WeaponComponents-Simplified/_WC-S_Bases/_WC-S_Barrel_Base._WC-S_Barrel_Base:EventGraph.K2Node_Event_1' ref from Metadata '/Game/WeaponSystem-Simplified/WeaponComponents-Simplified/_WC-S_Bases/WC-S_Barrel_Base.PackageMetaData'
[2020.05.16-21.38.37:967][760]LogMetaData: Removing '/Game/WeaponSystem-Simplified/WeaponComponents-Simplified/_WC-S_Bases/_WC-S_Barrel_Base._WC-S_Barrel_Base:EventGraph.K2Node_CallParentFunction_1' ref from Metadata '/Game/WeaponSystem-Simplified/WeaponComponents-Simplified/_WC-S_Bases/WC-S_Barrel_Base.PackageMetaData'
[2020.05.16-21.38.38:011][760]LogSavePackage: Moving 'C:/Users/danny/Desktop/Systems_Sandbox/Systems_Sandbox/Saved/_WC-S_Barrel_BaseD3919C644B68E9781C48C7945F18C127.tmp' to 'C:/Users/danny/Desktop/Systems_Sandbox/Systems_Sandbox/Content/WeaponSystem-Simplified/WeaponComponents-Simplified/_WC-S_Bases/_WC-S_Barrel_Base.uasset'
[2020.05.16-21.38.38:228][760]LogUObjectHash: Compacting FUObjectHashTables data took   4.11ms
[2020.05.16-21.38.38:274][760]LogUObjectHash: Compacting FUObjectHashTables data took   2.11ms
[2020.05.16-21.38.38:305][760]LogUObjectHash: Compacting FUObjectHashTables data took   0.74ms
[2020.05.16-21.38.38:448][770]LogPackageName: SearchForPackageOnDisk took   0.000s to resolve /Game/WeaponSystem-Simplified/WeaponComponents-Simplified/_WC-S_Bases/_WC-S_Barrel_Base.
[2020.05.16-21.40.09:064][781]LogMetaData: Removing '/Game/WeaponSystem-Simplified/WeaponComponents-Simplified/WC-S_Barrel_Variants/_WC-S_Barrel_Base._WC-S_Barrel_Base_C' ref from Metadata '/Game/WeaponSystem-Simplified/WeaponComponents-Simplified/_WC-S_Bases/_WC-S_Barrel_Base.PackageMetaData'
[2020.05.16-21.40.09:064][781]LogMetaData: Removing '/Game/WeaponSystem-Simplified/WeaponComponents-Simplified/WC-S_Barrel_Variants/_WC-S_Barrel_Base.SKEL__WC-S_Barrel_Base_C' ref from Metadata '/Game/WeaponSystem-Simplified/WeaponComponents-Simplified/_WC-S_Bases/_WC-S_Barrel_Base.PackageMetaData'
[2020.05.16-21.40.09:064][781]LogMetaData: Removing '/Game/WeaponSystem-Simplified/WeaponComponents-Simplified/WC-S_Barrel_Variants/_WC-S_Barrel_Base._WC-S_Barrel_Base:EventGraph.K2Node_Event_0' ref from Metadata '/Game/WeaponSystem-Simplified/WeaponComponents-Simplified/_WC-S_Bases/_WC-S_Barrel_Base.PackageMetaData'
[2020.05.16-21.40.09:064][781]LogMetaData: Removing '/Game/WeaponSystem-Simplified/WeaponComponents-Simplified/WC-S_Barrel_Variants/_WC-S_Barrel_Base._WC-S_Barrel_Base:EventGraph.K2Node_CallParentFunction_0' ref from Metadata '/Game/WeaponSystem-Simplified/WeaponComponents-Simplified/_WC-S_Bases/_WC-S_Barrel_Base.PackageMetaData'
[2020.05.16-21.40.09:064][781]LogMetaData: Removing '/Game/WeaponSystem-Simplified/WeaponComponents-Simplified/WC-S_Barrel_Variants/_WC-S_Barrel_Base._WC-S_Barrel_Base:EventGraph.K2Node_Event_1' ref from Metadata '/Game/WeaponSystem-Simplified/WeaponComponents-Simplified/_WC-S_Bases/_WC-S_Barrel_Base.PackageMetaData'
[2020.05.16-21.40.09:064][781]LogMetaData: Removing '/Game/WeaponSystem-Simplified/WeaponComponents-Simplified/WC-S_Barrel_Variants/_WC-S_Barrel_Base._WC-S_Barrel_Base:EventGraph.K2Node_CallParentFunction_1' ref from Metadata '/Game/WeaponSystem-Simplified/WeaponComponents-Simplified/_WC-S_Bases/_WC-S_Barrel_Base.PackageMetaData'
[2020.05.16-21.40.09:064][781]LogMetaData: Removing '/Game/WeaponSystem-Simplified/WeaponComponents-Simplified/WC-S_Barrel_Variants/_WC-S_Barrel_Base.SKEL__WC-S_Barrel_Base_C:ReceiveBeginPlay' ref from Metadata '/Game/WeaponSystem-Simplified/WeaponComponents-Simplified/_WC-S_Bases/_WC-S_Barrel_Base.PackageMetaData'
[2020.05.16-21.40.09:064][781]LogMetaData: Removing '/Game/WeaponSystem-Simplified/WeaponComponents-Simplified/WC-S_Barrel_Variants/_WC-S_Barrel_Base.SKEL__WC-S_Barrel_Base_C:ReceiveTick' ref from Metadata '/Game/WeaponSystem-Simplified/WeaponComponents-Simplified/_WC-S_Bases/_WC-S_Barrel_Base.PackageMetaData'
[2020.05.16-21.40.09:111][781]LogSavePackage: Moving 'C:/Users/danny/Desktop/Systems_Sandbox/Systems_Sandbox/Saved/_WC-S_Barrel_Base40935DED4D7835911AB214A9A5AC6E67.tmp' to 'C:/Users/danny/Desktop/Systems_Sandbox/Systems_Sandbox/Content/WeaponSystem-Simplified/WeaponComponents-Simplified/WC-S_Barrel_Variants/_WC-S_Barrel_Base.uasset'
[2020.05.16-21.40.09:345][781]LogUObjectHash: Compacting FUObjectHashTables data took   3.47ms
[2020.05.16-21.40.09:386][781]LogUObjectHash: Compacting FUObjectHashTables data took   2.05ms
[2020.05.16-21.40.09:419][781]LogUObjectHash: Compacting FUObjectHashTables data took   0.73ms
[2020.05.16-21.40.09:545][786]LogPackageName: SearchForPackageOnDisk took   0.000s to resolve /Game/WeaponSystem-Simplified/WeaponComponents-Simplified/WC-S_Barrel_Variants/_WC-S_Barrel_Base.
[2020.05.16-21.40.14:011][283]LogUObjectHash: Compacting FUObjectHashTables data took   3.67ms
[2020.05.16-21.40.14:015][283]LogMetaData: Removing '/Game/WeaponSystem-Simplified/WeaponComponents-Simplified/_WC-S_Bases/_WC-S_Bolt_Base._WC-S_Bolt_Base_C' ref from Metadata '/Game/WeaponSystem-Simplified/WeaponComponents-Simplified/_WC-S_Bases/WC-S_Bolt_Base.PackageMetaData'
[2020.05.16-21.40.14:015][283]LogMetaData: Removing '/Game/WeaponSystem-Simplified/WeaponComponents-Simplified/_WC-S_Bases/_WC-S_Bolt_Base.SKEL__WC-S_Bolt_Base_C' ref from Metadata '/Game/WeaponSystem-Simplified/WeaponComponents-Simplified/_WC-S_Bases/WC-S_Bolt_Base.PackageMetaData'
[2020.05.16-21.40.14:015][283]LogMetaData: Removing '/Game/WeaponSystem-Simplified/WeaponComponents-Simplified/_WC-S_Bases/_WC-S_Bolt_Base._WC-S_Bolt_Base:EventGraph.K2Node_Event_0' ref from Metadata '/Game/WeaponSystem-Simplified/WeaponComponents-Simplified/_WC-S_Bases/WC-S_Bolt_Base.PackageMetaData'
[2020.05.16-21.40.14:015][283]LogMetaData: Removing '/Game/WeaponSystem-Simplified/WeaponComponents-Simplified/_WC-S_Bases/_WC-S_Bolt_Base._WC-S_Bolt_Base:EventGraph.K2Node_CallParentFunction_0' ref from Metadata '/Game/WeaponSystem-Simplified/WeaponComponents-Simplified/_WC-S_Bases/WC-S_Bolt_Base.PackageMetaData'
[2020.05.16-21.40.14:015][283]LogMetaData: Removing '/Game/WeaponSystem-Simplified/WeaponComponents-Simplified/_WC-S_Bases/_WC-S_Bolt_Base._WC-S_Bolt_Base:EventGraph.K2Node_Event_1' ref from Metadata '/Game/WeaponSystem-Simplified/WeaponComponents-Simplified/_WC-S_Bases/WC-S_Bolt_Base.PackageMetaData'
[2020.05.16-21.40.14:015][283]LogMetaData: Removing '/Game/WeaponSystem-Simplified/WeaponComponents-Simplified/_WC-S_Bases/_WC-S_Bolt_Base._WC-S_Bolt_Base:EventGraph.K2Node_CallParentFunction_1' ref from Metadata '/Game/WeaponSystem-Simplified/WeaponComponents-Simplified/_WC-S_Bases/WC-S_Bolt_Base.PackageMetaData'
[2020.05.16-21.40.14:059][283]LogSavePackage: Moving 'C:/Users/danny/Desktop/Systems_Sandbox/Systems_Sandbox/Saved/_WC-S_Bolt_BaseFDECCD124F7737D827C5E1B3156C591B.tmp' to 'C:/Users/danny/Desktop/Systems_Sandbox/Systems_Sandbox/Content/WeaponSystem-Simplified/WeaponComponents-Simplified/_WC-S_Bases/_WC-S_Bolt_Base.uasset'
[2020.05.16-21.40.14:302][283]LogUObjectHash: Compacting FUObjectHashTables data took   2.72ms
[2020.05.16-21.40.14:340][283]LogUObjectHash: Compacting FUObjectHashTables data took   1.89ms
[2020.05.16-21.40.14:378][283]LogUObjectHash: Compacting FUObjectHashTables data took   0.72ms
[2020.05.16-21.40.14:480][288]LogPackageName: SearchForPackageOnDisk took   0.000s to resolve /Game/WeaponSystem-Simplified/WeaponComponents-Simplified/_WC-S_Bases/_WC-S_Bolt_Base.
[2020.05.16-21.40.18:538][733]LogMetaData: Removing '/Game/WeaponSystem-Simplified/WeaponComponents-Simplified/WC-S_Bolt_Variants/_WC-S_Bolt_Base._WC-S_Bolt_Base_C' ref from Metadata '/Game/WeaponSystem-Simplified/WeaponComponents-Simplified/_WC-S_Bases/_WC-S_Bolt_Base.PackageMetaData'
[2020.05.16-21.40.18:538][733]LogMetaData: Removing '/Game/WeaponSystem-Simplified/WeaponComponents-Simplified/WC-S_Bolt_Variants/_WC-S_Bolt_Base.SKEL__WC-S_Bolt_Base_C' ref from Metadata '/Game/WeaponSystem-Simplified/WeaponComponents-Simplified/_WC-S_Bases/_WC-S_Bolt_Base.PackageMetaData'
[2020.05.16-21.40.18:538][733]LogMetaData: Removing '/Game/WeaponSystem-Simplified/WeaponComponents-Simplified/WC-S_Bolt_Variants/_WC-S_Bolt_Base._WC-S_Bolt_Base:EventGraph.K2Node_Event_0' ref from Metadata '/Game/WeaponSystem-Simplified/WeaponComponents-Simplified/_WC-S_Bases/_WC-S_Bolt_Base.PackageMetaData'
[2020.05.16-21.40.18:538][733]LogMetaData: Removing '/Game/WeaponSystem-Simplified/WeaponComponents-Simplified/WC-S_Bolt_Variants/_WC-S_Bolt_Base._WC-S_Bolt_Base:EventGraph.K2Node_CallParentFunction_0' ref from Metadata '/Game/WeaponSystem-Simplified/WeaponComponents-Simplified/_WC-S_Bases/_WC-S_Bolt_Base.PackageMetaData'
[2020.05.16-21.40.18:538][733]LogMetaData: Removing '/Game/WeaponSystem-Simplified/WeaponComponents-Simplified/WC-S_Bolt_Variants/_WC-S_Bolt_Base._WC-S_Bolt_Base:EventGraph.K2Node_Event_1' ref from Metadata '/Game/WeaponSystem-Simplified/WeaponComponents-Simplified/_WC-S_Bases/_WC-S_Bolt_Base.PackageMetaData'
[2020.05.16-21.40.18:538][733]LogMetaData: Removing '/Game/WeaponSystem-Simplified/WeaponComponents-Simplified/WC-S_Bolt_Variants/_WC-S_Bolt_Base._WC-S_Bolt_Base:EventGraph.K2Node_CallParentFunction_1' ref from Metadata '/Game/WeaponSystem-Simplified/WeaponComponents-Simplified/_WC-S_Bases/_WC-S_Bolt_Base.PackageMetaData'
[2020.05.16-21.40.18:538][733]LogMetaData: Removing '/Game/WeaponSystem-Simplified/WeaponComponents-Simplified/WC-S_Bolt_Variants/_WC-S_Bolt_Base.SKEL__WC-S_Bolt_Base_C:ReceiveBeginPlay' ref from Metadata '/Game/WeaponSystem-Simplified/WeaponComponents-Simplified/_WC-S_Bases/_WC-S_Bolt_Base.PackageMetaData'
[2020.05.16-21.40.18:538][733]LogMetaData: Removing '/Game/WeaponSystem-Simplified/WeaponComponents-Simplified/WC-S_Bolt_Variants/_WC-S_Bolt_Base.SKEL__WC-S_Bolt_Base_C:ReceiveTick' ref from Metadata '/Game/WeaponSystem-Simplified/WeaponComponents-Simplified/_WC-S_Bases/_WC-S_Bolt_Base.PackageMetaData'
[2020.05.16-21.40.18:581][733]LogSavePackage: Moving 'C:/Users/danny/Desktop/Systems_Sandbox/Systems_Sandbox/Saved/_WC-S_Bolt_Base148611A54679E29E56DE52B5172224C2.tmp' to 'C:/Users/danny/Desktop/Systems_Sandbox/Systems_Sandbox/Content/WeaponSystem-Simplified/WeaponComponents-Simplified/WC-S_Bolt_Variants/_WC-S_Bolt_Base.uasset'
[2020.05.16-21.40.18:802][733]LogUObjectHash: Compacting FUObjectHashTables data took   4.50ms
[2020.05.16-21.40.18:850][733]LogUObjectHash: Compacting FUObjectHashTables data took   2.08ms
[2020.05.16-21.40.18:888][733]LogUObjectHash: Compacting FUObjectHashTables data took   0.73ms
[2020.05.16-21.40.19:003][740]LogPackageName: SearchForPackageOnDisk took   0.000s to resolve /Game/WeaponSystem-Simplified/WeaponComponents-Simplified/WC-S_Bolt_Variants/_WC-S_Bolt_Base.
[2020.05.16-21.40.22:124][ 85]LogUObjectHash: Compacting FUObjectHashTables data took   3.28ms
[2020.05.16-21.40.22:129][ 85]LogMetaData: Removing '/Game/WeaponSystem-Simplified/WeaponComponents-Simplified/_WC-S_Bases/_WC-S_Chamber_Base._WC-S_Chamber_Base_C' ref from Metadata '/Game/WeaponSystem-Simplified/WeaponComponents-Simplified/_WC-S_Bases/WC-S_Chamber_Base.PackageMetaData'
[2020.05.16-21.40.22:129][ 85]LogMetaData: Removing '/Game/WeaponSystem-Simplified/WeaponComponents-Simplified/_WC-S_Bases/_WC-S_Chamber_Base.SKEL__WC-S_Chamber_Base_C' ref from Metadata '/Game/WeaponSystem-Simplified/WeaponComponents-Simplified/_WC-S_Bases/WC-S_Chamber_Base.PackageMetaData'
[2020.05.16-21.40.22:129][ 85]LogMetaData: Removing '/Game/WeaponSystem-Simplified/WeaponComponents-Simplified/_WC-S_Bases/_WC-S_Chamber_Base._WC-S_Chamber_Base:EventGraph.K2Node_Event_0' ref from Metadata '/Game/WeaponSystem-Simplified/WeaponComponents-Simplified/_WC-S_Bases/WC-S_Chamber_Base.PackageMetaData'
[2020.05.16-21.40.22:129][ 85]LogMetaData: Removing '/Game/WeaponSystem-Simplified/WeaponComponents-Simplified/_WC-S_Bases/_WC-S_Chamber_Base._WC-S_Chamber_Base:EventGraph.K2Node_CallParentFunction_0' ref from Metadata '/Game/WeaponSystem-Simplified/WeaponComponents-Simplified/_WC-S_Bases/WC-S_Chamber_Base.PackageMetaData'
[2020.05.16-21.40.22:129][ 85]LogMetaData: Removing '/Game/WeaponSystem-Simplified/WeaponComponents-Simplified/_WC-S_Bases/_WC-S_Chamber_Base._WC-S_Chamber_Base:EventGraph.K2Node_Event_1' ref from Metadata '/Game/WeaponSystem-Simplified/WeaponComponents-Simplified/_WC-S_Bases/WC-S_Chamber_Base.PackageMetaData'
[2020.05.16-21.40.22:129][ 85]LogMetaData: Removing '/Game/WeaponSystem-Simplified/WeaponComponents-Simplified/_WC-S_Bases/_WC-S_Chamber_Base._WC-S_Chamber_Base:EventGraph.K2Node_CallParentFunction_1' ref from Metadata '/Game/WeaponSystem-Simplified/WeaponComponents-Simplified/_WC-S_Bases/WC-S_Chamber_Base.PackageMetaData'
[2020.05.16-21.40.22:168][ 85]LogSavePackage: Moving 'C:/Users/danny/Desktop/Systems_Sandbox/Systems_Sandbox/Saved/_WC-S_Chamber_Base4C8871BC42C99206C1C876A83FDFCF96.tmp' to 'C:/Users/danny/Desktop/Systems_Sandbox/Systems_Sandbox/Content/WeaponSystem-Simplified/WeaponComponents-Simplified/_WC-S_Bases/_WC-S_Chamber_Base.uasset'
[2020.05.16-21.40.22:361][ 85]LogUObjectHash: Compacting FUObjectHashTables data took   3.33ms
[2020.05.16-21.40.22:405][ 85]LogUObjectHash: Compacting FUObjectHashTables data took   2.00ms
[2020.05.16-21.40.22:443][ 85]LogUObjectHash: Compacting FUObjectHashTables data took   0.74ms
[2020.05.16-21.40.22:530][ 88]LogPackageName: SearchForPackageOnDisk took   0.000s to resolve /Game/WeaponSystem-Simplified/WeaponComponents-Simplified/_WC-S_Bases/_WC-S_Chamber_Base.
[2020.05.16-21.41.10:148][520]LogMetaData: Removing '/Game/WeaponSystem-Simplified/WeaponComponents-Simplified/WC-S_Chamber_Variants/_WC-S_Chamber_Base._WC-S_Chamber_Base_C' ref from Metadata '/Game/WeaponSystem-Simplified/WeaponComponents-Simplified/_WC-S_Bases/_WC-S_Chamber_Base.PackageMetaData'
[2020.05.16-21.41.10:149][520]LogMetaData: Removing '/Game/WeaponSystem-Simplified/WeaponComponents-Simplified/WC-S_Chamber_Variants/_WC-S_Chamber_Base.SKEL__WC-S_Chamber_Base_C' ref from Metadata '/Game/WeaponSystem-Simplified/WeaponComponents-Simplified/_WC-S_Bases/_WC-S_Chamber_Base.PackageMetaData'
[2020.05.16-21.41.10:149][520]LogMetaData: Removing '/Game/WeaponSystem-Simplified/WeaponComponents-Simplified/WC-S_Chamber_Variants/_WC-S_Chamber_Base._WC-S_Chamber_Base:EventGraph.K2Node_Event_0' ref from Metadata '/Game/WeaponSystem-Simplified/WeaponComponents-Simplified/_WC-S_Bases/_WC-S_Chamber_Base.PackageMetaData'
[2020.05.16-21.41.10:149][520]LogMetaData: Removing '/Game/WeaponSystem-Simplified/WeaponComponents-Simplified/WC-S_Chamber_Variants/_WC-S_Chamber_Base._WC-S_Chamber_Base:EventGraph.K2Node_CallParentFunction_0' ref from Metadata '/Game/WeaponSystem-Simplified/WeaponComponents-Simplified/_WC-S_Bases/_WC-S_Chamber_Base.PackageMetaData'
[2020.05.16-21.41.10:149][520]LogMetaData: Removing '/Game/WeaponSystem-Simplified/WeaponComponents-Simplified/WC-S_Chamber_Variants/_WC-S_Chamber_Base._WC-S_Chamber_Base:EventGraph.K2Node_Event_1' ref from Metadata '/Game/WeaponSystem-Simplified/WeaponComponents-Simplified/_WC-S_Bases/_WC-S_Chamber_Base.PackageMetaData'
[2020.05.16-21.41.10:149][520]LogMetaData: Removing '/Game/WeaponSystem-Simplified/WeaponComponents-Simplified/WC-S_Chamber_Variants/_WC-S_Chamber_Base._WC-S_Chamber_Base:EventGraph.K2Node_CallParentFunction_1' ref from Metadata '/Game/WeaponSystem-Simplified/WeaponComponents-Simplified/_WC-S_Bases/_WC-S_Chamber_Base.PackageMetaData'
[2020.05.16-21.41.10:149][520]LogMetaData: Removing '/Game/WeaponSystem-Simplified/WeaponComponents-Simplified/WC-S_Chamber_Variants/_WC-S_Chamber_Base.SKEL__WC-S_Chamber_Base_C:ReceiveBeginPlay' ref from Metadata '/Game/WeaponSystem-Simplified/WeaponComponents-Simplified/_WC-S_Bases/_WC-S_Chamber_Base.PackageMetaData'
[2020.05.16-21.41.10:149][520]LogMetaData: Removing '/Game/WeaponSystem-Simplified/WeaponComponents-Simplified/WC-S_Chamber_Variants/_WC-S_Chamber_Base.SKEL__WC-S_Chamber_Base_C:ReceiveTick' ref from Metadata '/Game/WeaponSystem-Simplified/WeaponComponents-Simplified/_WC-S_Bases/_WC-S_Chamber_Base.PackageMetaData'
[2020.05.16-21.41.10:192][520]LogSavePackage: Moving 'C:/Users/danny/Desktop/Systems_Sandbox/Systems_Sandbox/Saved/_WC-S_Chamber_BaseFBA39C7048E3A587CF592E840176C310.tmp' to 'C:/Users/danny/Desktop/Systems_Sandbox/Systems_Sandbox/Content/WeaponSystem-Simplified/WeaponComponents-Simplified/WC-S_Chamber_Variants/_WC-S_Chamber_Base.uasset'
[2020.05.16-21.41.10:382][520]LogUObjectHash: Compacting FUObjectHashTables data took   2.13ms
[2020.05.16-21.41.10:420][520]LogUObjectHash: Compacting FUObjectHashTables data took   1.99ms
[2020.05.16-21.41.10:453][520]LogUObjectHash: Compacting FUObjectHashTables data took   0.84ms
[2020.05.16-21.41.10:549][524]LogPackageName: SearchForPackageOnDisk took   0.000s to resolve /Game/WeaponSystem-Simplified/WeaponComponents-Simplified/WC-S_Chamber_Variants/_WC-S_Chamber_Base.
[2020.05.16-21.41.14:145][905]LogUObjectHash: Compacting FUObjectHashTables data took   2.77ms
[2020.05.16-21.41.14:149][905]LogMetaData: Removing '/Game/WeaponSystem-Simplified/WeaponComponents-Simplified/_WC-S_Bases/_WC-S_Feedport_Base._WC-S_Feedport_Base_C' ref from Metadata '/Game/WeaponSystem-Simplified/WeaponComponents-Simplified/_WC-S_Bases/WC-S_Feedport_Base.PackageMetaData'
[2020.05.16-21.41.14:149][905]LogMetaData: Removing '/Game/WeaponSystem-Simplified/WeaponComponents-Simplified/_WC-S_Bases/_WC-S_Feedport_Base.SKEL__WC-S_Feedport_Base_C' ref from Metadata '/Game/WeaponSystem-Simplified/WeaponComponents-Simplified/_WC-S_Bases/WC-S_Feedport_Base.PackageMetaData'
[2020.05.16-21.41.14:149][905]LogMetaData: Removing '/Game/WeaponSystem-Simplified/WeaponComponents-Simplified/_WC-S_Bases/_WC-S_Feedport_Base._WC-S_Feedport_Base:EventGraph.K2Node_Event_0' ref from Metadata '/Game/WeaponSystem-Simplified/WeaponComponents-Simplified/_WC-S_Bases/WC-S_Feedport_Base.PackageMetaData'
[2020.05.16-21.41.14:149][905]LogMetaData: Removing '/Game/WeaponSystem-Simplified/WeaponComponents-Simplified/_WC-S_Bases/_WC-S_Feedport_Base._WC-S_Feedport_Base:EventGraph.K2Node_CallParentFunction_0' ref from Metadata '/Game/WeaponSystem-Simplified/WeaponComponents-Simplified/_WC-S_Bases/WC-S_Feedport_Base.PackageMetaData'
[2020.05.16-21.41.14:149][905]LogMetaData: Removing '/Game/WeaponSystem-Simplified/WeaponComponents-Simplified/_WC-S_Bases/_WC-S_Feedport_Base._WC-S_Feedport_Base:EventGraph.K2Node_Event_1' ref from Metadata '/Game/WeaponSystem-Simplified/WeaponComponents-Simplified/_WC-S_Bases/WC-S_Feedport_Base.PackageMetaData'
[2020.05.16-21.41.14:149][905]LogMetaData: Removing '/Game/WeaponSystem-Simplified/WeaponComponents-Simplified/_WC-S_Bases/_WC-S_Feedport_Base._WC-S_Feedport_Base:EventGraph.K2Node_CallParentFunction_1' ref from Metadata '/Game/WeaponSystem-Simplified/WeaponComponents-Simplified/_WC-S_Bases/WC-S_Feedport_Base.PackageMetaData'
[2020.05.16-21.41.14:194][905]LogSavePackage: Moving 'C:/Users/danny/Desktop/Systems_Sandbox/Systems_Sandbox/Saved/_WC-S_Feedport_BaseBD3D73314E07B094B48CB484561A3FA4.tmp' to 'C:/Users/danny/Desktop/Systems_Sandbox/Systems_Sandbox/Content/WeaponSystem-Simplified/WeaponComponents-Simplified/_WC-S_Bases/_WC-S_Feedport_Base.uasset'
[2020.05.16-21.41.14:401][905]LogUObjectHash: Compacting FUObjectHashTables data took   2.45ms
[2020.05.16-21.41.14:453][905]LogUObjectHash: Compacting FUObjectHashTables data took   3.03ms
[2020.05.16-21.41.14:492][905]LogUObjectHash: Compacting FUObjectHashTables data took   0.78ms
[2020.05.16-21.41.14:577][908]LogPackageName: SearchForPackageOnDisk took   0.000s to resolve /Game/WeaponSystem-Simplified/WeaponComponents-Simplified/_WC-S_Bases/_WC-S_Feedport_Base.
[2020.05.16-21.41.17:472][217]LogMetaData: Removing '/Game/WeaponSystem-Simplified/WeaponComponents-Simplified/WC-S_FeedPort_Variants/_WC-S_Feedport_Base._WC-S_Feedport_Base_C' ref from Metadata '/Game/WeaponSystem-Simplified/WeaponComponents-Simplified/_WC-S_Bases/_WC-S_Feedport_Base.PackageMetaData'
[2020.05.16-21.41.17:472][217]LogMetaData: Removing '/Game/WeaponSystem-Simplified/WeaponComponents-Simplified/WC-S_FeedPort_Variants/_WC-S_Feedport_Base.SKEL__WC-S_Feedport_Base_C' ref from Metadata '/Game/WeaponSystem-Simplified/WeaponComponents-Simplified/_WC-S_Bases/_WC-S_Feedport_Base.PackageMetaData'
[2020.05.16-21.41.17:472][217]LogMetaData: Removing '/Game/WeaponSystem-Simplified/WeaponComponents-Simplified/WC-S_FeedPort_Variants/_WC-S_Feedport_Base._WC-S_Feedport_Base:EventGraph.K2Node_Event_0' ref from Metadata '/Game/WeaponSystem-Simplified/WeaponComponents-Simplified/_WC-S_Bases/_WC-S_Feedport_Base.PackageMetaData'
[2020.05.16-21.41.17:472][217]LogMetaData: Removing '/Game/WeaponSystem-Simplified/WeaponComponents-Simplified/WC-S_FeedPort_Variants/_WC-S_Feedport_Base._WC-S_Feedport_Base:EventGraph.K2Node_CallParentFunction_0' ref from Metadata '/Game/WeaponSystem-Simplified/WeaponComponents-Simplified/_WC-S_Bases/_WC-S_Feedport_Base.PackageMetaData'
[2020.05.16-21.41.17:472][217]LogMetaData: Removing '/Game/WeaponSystem-Simplified/WeaponComponents-Simplified/WC-S_FeedPort_Variants/_WC-S_Feedport_Base._WC-S_Feedport_Base:EventGraph.K2Node_Event_1' ref from Metadata '/Game/WeaponSystem-Simplified/WeaponComponents-Simplified/_WC-S_Bases/_WC-S_Feedport_Base.PackageMetaData'
[2020.05.16-21.41.17:472][217]LogMetaData: Removing '/Game/WeaponSystem-Simplified/WeaponComponents-Simplified/WC-S_FeedPort_Variants/_WC-S_Feedport_Base._WC-S_Feedport_Base:EventGraph.K2Node_CallParentFunction_1' ref from Metadata '/Game/WeaponSystem-Simplified/WeaponComponents-Simplified/_WC-S_Bases/_WC-S_Feedport_Base.PackageMetaData'
[2020.05.16-21.41.17:472][217]LogMetaData: Removing '/Game/WeaponSystem-Simplified/WeaponComponents-Simplified/WC-S_FeedPort_Variants/_WC-S_Feedport_Base.SKEL__WC-S_Feedport_Base_C:ReceiveBeginPlay' ref from Metadata '/Game/WeaponSystem-Simplified/WeaponComponents-Simplified/_WC-S_Bases/_WC-S_Feedport_Base.PackageMetaData'
[2020.05.16-21.41.17:472][217]LogMetaData: Removing '/Game/WeaponSystem-Simplified/WeaponComponents-Simplified/WC-S_FeedPort_Variants/_WC-S_Feedport_Base.SKEL__WC-S_Feedport_Base_C:ReceiveTick' ref from Metadata '/Game/WeaponSystem-Simplified/WeaponComponents-Simplified/_WC-S_Bases/_WC-S_Feedport_Base.PackageMetaData'
[2020.05.16-21.41.17:521][217]LogSavePackage: Moving 'C:/Users/danny/Desktop/Systems_Sandbox/Systems_Sandbox/Saved/_WC-S_Feedport_Base64C973284111E79EAA73D9B5F9D55A8C.tmp' to 'C:/Users/danny/Desktop/Systems_Sandbox/Systems_Sandbox/Content/WeaponSystem-Simplified/WeaponComponents-Simplified/WC-S_FeedPort_Variants/_WC-S_Feedport_Base.uasset'
[2020.05.16-21.41.17:710][217]LogUObjectHash: Compacting FUObjectHashTables data took   2.05ms
[2020.05.16-21.41.17:751][217]LogUObjectHash: Compacting FUObjectHashTables data took   2.67ms
[2020.05.16-21.41.17:789][217]LogUObjectHash: Compacting FUObjectHashTables data took   0.79ms
[2020.05.16-21.41.17:905][221]LogPackageName: SearchForPackageOnDisk took   0.000s to resolve /Game/WeaponSystem-Simplified/WeaponComponents-Simplified/WC-S_FeedPort_Variants/_WC-S_Feedport_Base.
[2020.05.16-21.41.20:638][528]LogUObjectHash: Compacting FUObjectHashTables data took   2.84ms
[2020.05.16-21.41.20:642][528]LogMetaData: Removing '/Game/WeaponSystem-Simplified/WeaponComponents-Simplified/_WC-S_Bases/_WC-S_FireControl_Base._WC-S_FireControl_Base_C' ref from Metadata '/Game/WeaponSystem-Simplified/WeaponComponents-Simplified/_WC-S_Bases/WC-S_FireControl_Base.PackageMetaData'
[2020.05.16-21.41.20:642][528]LogMetaData: Removing '/Game/WeaponSystem-Simplified/WeaponComponents-Simplified/_WC-S_Bases/_WC-S_FireControl_Base.SKEL__WC-S_FireControl_Base_C' ref from Metadata '/Game/WeaponSystem-Simplified/WeaponComponents-Simplified/_WC-S_Bases/WC-S_FireControl_Base.PackageMetaData'
[2020.05.16-21.41.20:642][528]LogMetaData: Removing '/Game/WeaponSystem-Simplified/WeaponComponents-Simplified/_WC-S_Bases/_WC-S_FireControl_Base._WC-S_FireControl_Base:EventGraph.K2Node_Event_0' ref from Metadata '/Game/WeaponSystem-Simplified/WeaponComponents-Simplified/_WC-S_Bases/WC-S_FireControl_Base.PackageMetaData'
[2020.05.16-21.41.20:642][528]LogMetaData: Removing '/Game/WeaponSystem-Simplified/WeaponComponents-Simplified/_WC-S_Bases/_WC-S_FireControl_Base._WC-S_FireControl_Base:EventGraph.K2Node_CallParentFunction_0' ref from Metadata '/Game/WeaponSystem-Simplified/WeaponComponents-Simplified/_WC-S_Bases/WC-S_FireControl_Base.PackageMetaData'
[2020.05.16-21.41.20:642][528]LogMetaData: Removing '/Game/WeaponSystem-Simplified/WeaponComponents-Simplified/_WC-S_Bases/_WC-S_FireControl_Base._WC-S_FireControl_Base:EventGraph.K2Node_Event_1' ref from Metadata '/Game/WeaponSystem-Simplified/WeaponComponents-Simplified/_WC-S_Bases/WC-S_FireControl_Base.PackageMetaData'
[2020.05.16-21.41.20:642][528]LogMetaData: Removing '/Game/WeaponSystem-Simplified/WeaponComponents-Simplified/_WC-S_Bases/_WC-S_FireControl_Base._WC-S_FireControl_Base:EventGraph.K2Node_CallParentFunction_1' ref from Metadata '/Game/WeaponSystem-Simplified/WeaponComponents-Simplified/_WC-S_Bases/WC-S_FireControl_Base.PackageMetaData'
[2020.05.16-21.41.20:686][528]LogSavePackage: Moving 'C:/Users/danny/Desktop/Systems_Sandbox/Systems_Sandbox/Saved/_WC-S_FireControl_Base09020CE44875B9B6AD4CD789423D3B5C.tmp' to 'C:/Users/danny/Desktop/Systems_Sandbox/Systems_Sandbox/Content/WeaponSystem-Simplified/WeaponComponents-Simplified/_WC-S_Bases/_WC-S_FireControl_Base.uasset'
[2020.05.16-21.41.20:903][528]LogUObjectHash: Compacting FUObjectHashTables data took   4.95ms
[2020.05.16-21.41.20:948][528]LogUObjectHash: Compacting FUObjectHashTables data took   2.03ms
[2020.05.16-21.41.20:989][528]LogUObjectHash: Compacting FUObjectHashTables data took   0.73ms
[2020.05.16-21.41.21:123][537]LogPackageName: SearchForPackageOnDisk took   0.000s to resolve /Game/WeaponSystem-Simplified/WeaponComponents-Simplified/_WC-S_Bases/_WC-S_FireControl_Base.
[2020.05.16-21.41.24:248][877]LogMetaData: Removing '/Game/WeaponSystem-Simplified/WeaponComponents-Simplified/WC-S_FireControl_Variants/_WC-S_FireControl_Base._WC-S_FireControl_Base_C' ref from Metadata '/Game/WeaponSystem-Simplified/WeaponComponents-Simplified/_WC-S_Bases/_WC-S_FireControl_Base.PackageMetaData'
[2020.05.16-21.41.24:248][877]LogMetaData: Removing '/Game/WeaponSystem-Simplified/WeaponComponents-Simplified/WC-S_FireControl_Variants/_WC-S_FireControl_Base.SKEL__WC-S_FireControl_Base_C' ref from Metadata '/Game/WeaponSystem-Simplified/WeaponComponents-Simplified/_WC-S_Bases/_WC-S_FireControl_Base.PackageMetaData'
[2020.05.16-21.41.24:248][877]LogMetaData: Removing '/Game/WeaponSystem-Simplified/WeaponComponents-Simplified/WC-S_FireControl_Variants/_WC-S_FireControl_Base._WC-S_FireControl_Base:EventGraph.K2Node_Event_0' ref from Metadata '/Game/WeaponSystem-Simplified/WeaponComponents-Simplified/_WC-S_Bases/_WC-S_FireControl_Base.PackageMetaData'
[2020.05.16-21.41.24:248][877]LogMetaData: Removing '/Game/WeaponSystem-Simplified/WeaponComponents-Simplified/WC-S_FireControl_Variants/_WC-S_FireControl_Base._WC-S_FireControl_Base:EventGraph.K2Node_CallParentFunction_0' ref from Metadata '/Game/WeaponSystem-Simplified/WeaponComponents-Simplified/_WC-S_Bases/_WC-S_FireControl_Base.PackageMetaData'
[2020.05.16-21.41.24:248][877]LogMetaData: Removing '/Game/WeaponSystem-Simplified/WeaponComponents-Simplified/WC-S_FireControl_Variants/_WC-S_FireControl_Base._WC-S_FireControl_Base:EventGraph.K2Node_Event_1' ref from Metadata '/Game/WeaponSystem-Simplified/WeaponComponents-Simplified/_WC-S_Bases/_WC-S_FireControl_Base.PackageMetaData'
[2020.05.16-21.41.24:248][877]LogMetaData: Removing '/Game/WeaponSystem-Simplified/WeaponComponents-Simplified/WC-S_FireControl_Variants/_WC-S_FireControl_Base._WC-S_FireControl_Base:EventGraph.K2Node_CallParentFunction_1' ref from Metadata '/Game/WeaponSystem-Simplified/WeaponComponents-Simplified/_WC-S_Bases/_WC-S_FireControl_Base.PackageMetaData'
[2020.05.16-21.41.24:248][877]LogMetaData: Removing '/Game/WeaponSystem-Simplified/WeaponComponents-Simplified/WC-S_FireControl_Variants/_WC-S_FireControl_Base.SKEL__WC-S_FireControl_Base_C:ReceiveBeginPlay' ref from Metadata '/Game/WeaponSystem-Simplified/WeaponComponents-Simplified/_WC-S_Bases/_WC-S_FireControl_Base.PackageMetaData'
[2020.05.16-21.41.24:248][877]LogMetaData: Removing '/Game/WeaponSystem-Simplified/WeaponComponents-Simplified/WC-S_FireControl_Variants/_WC-S_FireControl_Base.SKEL__WC-S_FireControl_Base_C:ReceiveTick' ref from Metadata '/Game/WeaponSystem-Simplified/WeaponComponents-Simplified/_WC-S_Bases/_WC-S_FireControl_Base.PackageMetaData'
[2020.05.16-21.41.24:295][877]LogSavePackage: Moving 'C:/Users/danny/Desktop/Systems_Sandbox/Systems_Sandbox/Saved/_WC-S_FireControl_Base156C215B42A8691AC9B98BB0048260E1.tmp' to 'C:/Users/danny/Desktop/Systems_Sandbox/Systems_Sandbox/Content/WeaponSystem-Simplified/WeaponComponents-Simplified/WC-S_FireControl_Variants/_WC-S_FireControl_Base.uasset'
[2020.05.16-21.41.24:485][877]LogUObjectHash: Compacting FUObjectHashTables data took   3.71ms
[2020.05.16-21.41.24:531][877]LogUObjectHash: Compacting FUObjectHashTables data took   2.06ms
[2020.05.16-21.41.24:571][877]LogUObjectHash: Compacting FUObjectHashTables data took   0.67ms
[2020.05.16-21.41.24:752][887]LogPackageName: SearchForPackageOnDisk took   0.000s to resolve /Game/WeaponSystem-Simplified/WeaponComponents-Simplified/WC-S_FireControl_Variants/_WC-S_FireControl_Base.
[2020.05.16-21.41.27:740][224]LogUObjectHash: Compacting FUObjectHashTables data took   3.09ms
[2020.05.16-21.41.27:744][224]LogMetaData: Removing '/Game/WeaponSystem-Simplified/WeaponComponents-Simplified/_WC-S_Bases/_WC-S_Hammer_Base._WC-S_Hammer_Base_C' ref from Metadata '/Game/WeaponSystem-Simplified/WeaponComponents-Simplified/_WC-S_Bases/WC-S_Hammer_Base.PackageMetaData'
[2020.05.16-21.41.27:744][224]LogMetaData: Removing '/Game/WeaponSystem-Simplified/WeaponComponents-Simplified/_WC-S_Bases/_WC-S_Hammer_Base.SKEL__WC-S_Hammer_Base_C' ref from Metadata '/Game/WeaponSystem-Simplified/WeaponComponents-Simplified/_WC-S_Bases/WC-S_Hammer_Base.PackageMetaData'
[2020.05.16-21.41.27:744][224]LogMetaData: Removing '/Game/WeaponSystem-Simplified/WeaponComponents-Simplified/_WC-S_Bases/_WC-S_Hammer_Base._WC-S_Hammer_Base:EventGraph.K2Node_Event_0' ref from Metadata '/Game/WeaponSystem-Simplified/WeaponComponents-Simplified/_WC-S_Bases/WC-S_Hammer_Base.PackageMetaData'
[2020.05.16-21.41.27:744][224]LogMetaData: Removing '/Game/WeaponSystem-Simplified/WeaponComponents-Simplified/_WC-S_Bases/_WC-S_Hammer_Base._WC-S_Hammer_Base:EventGraph.K2Node_CallParentFunction_0' ref from Metadata '/Game/WeaponSystem-Simplified/WeaponComponents-Simplified/_WC-S_Bases/WC-S_Hammer_Base.PackageMetaData'
[2020.05.16-21.41.27:744][224]LogMetaData: Removing '/Game/WeaponSystem-Simplified/WeaponComponents-Simplified/_WC-S_Bases/_WC-S_Hammer_Base._WC-S_Hammer_Base:EventGraph.K2Node_Event_1' ref from Metadata '/Game/WeaponSystem-Simplified/WeaponComponents-Simplified/_WC-S_Bases/WC-S_Hammer_Base.PackageMetaData'
[2020.05.16-21.41.27:744][224]LogMetaData: Removing '/Game/WeaponSystem-Simplified/WeaponComponents-Simplified/_WC-S_Bases/_WC-S_Hammer_Base._WC-S_Hammer_Base:EventGraph.K2Node_CallParentFunction_1' ref from Metadata '/Game/WeaponSystem-Simplified/WeaponComponents-Simplified/_WC-S_Bases/WC-S_Hammer_Base.PackageMetaData'
[2020.05.16-21.41.27:791][224]LogSavePackage: Moving 'C:/Users/danny/Desktop/Systems_Sandbox/Systems_Sandbox/Saved/_WC-S_Hammer_BaseB814871D4BE52851A48BF8B0AE2E9981.tmp' to 'C:/Users/danny/Desktop/Systems_Sandbox/Systems_Sandbox/Content/WeaponSystem-Simplified/WeaponComponents-Simplified/_WC-S_Bases/_WC-S_Hammer_Base.uasset'
[2020.05.16-21.41.28:002][224]LogUObjectHash: Compacting FUObjectHashTables data took   3.61ms
[2020.05.16-21.41.28:049][224]LogUObjectHash: Compacting FUObjectHashTables data took   2.07ms
[2020.05.16-21.41.28:087][224]LogUObjectHash: Compacting FUObjectHashTables data took   0.73ms
[2020.05.16-21.41.28:178][228]LogPackageName: SearchForPackageOnDisk took   0.000s to resolve /Game/WeaponSystem-Simplified/WeaponComponents-Simplified/_WC-S_Bases/_WC-S_Hammer_Base.
[2020.05.16-21.41.31:802][626]LogMetaData: Removing '/Game/WeaponSystem-Simplified/WeaponComponents-Simplified/WC-S_Hammer_Variants/_WC-S_Hammer_Base._WC-S_Hammer_Base_C' ref from Metadata '/Game/WeaponSystem-Simplified/WeaponComponents-Simplified/_WC-S_Bases/_WC-S_Hammer_Base.PackageMetaData'
[2020.05.16-21.41.31:802][626]LogMetaData: Removing '/Game/WeaponSystem-Simplified/WeaponComponents-Simplified/WC-S_Hammer_Variants/_WC-S_Hammer_Base.SKEL__WC-S_Hammer_Base_C' ref from Metadata '/Game/WeaponSystem-Simplified/WeaponComponents-Simplified/_WC-S_Bases/_WC-S_Hammer_Base.PackageMetaData'
[2020.05.16-21.41.31:802][626]LogMetaData: Removing '/Game/WeaponSystem-Simplified/WeaponComponents-Simplified/WC-S_Hammer_Variants/_WC-S_Hammer_Base._WC-S_Hammer_Base:EventGraph.K2Node_Event_0' ref from Metadata '/Game/WeaponSystem-Simplified/WeaponComponents-Simplified/_WC-S_Bases/_WC-S_Hammer_Base.PackageMetaData'
[2020.05.16-21.41.31:802][626]LogMetaData: Removing '/Game/WeaponSystem-Simplified/WeaponComponents-Simplified/WC-S_Hammer_Variants/_WC-S_Hammer_Base._WC-S_Hammer_Base:EventGraph.K2Node_CallParentFunction_0' ref from Metadata '/Game/WeaponSystem-Simplified/WeaponComponents-Simplified/_WC-S_Bases/_WC-S_Hammer_Base.PackageMetaData'
[2020.05.16-21.41.31:802][626]LogMetaData: Removing '/Game/WeaponSystem-Simplified/WeaponComponents-Simplified/WC-S_Hammer_Variants/_WC-S_Hammer_Base._WC-S_Hammer_Base:EventGraph.K2Node_Event_1' ref from Metadata '/Game/WeaponSystem-Simplified/WeaponComponents-Simplified/_WC-S_Bases/_WC-S_Hammer_Base.PackageMetaData'
[2020.05.16-21.41.31:802][626]LogMetaData: Removing '/Game/WeaponSystem-Simplified/WeaponComponents-Simplified/WC-S_Hammer_Variants/_WC-S_Hammer_Base._WC-S_Hammer_Base:EventGraph.K2Node_CallParentFunction_1' ref from Metadata '/Game/WeaponSystem-Simplified/WeaponComponents-Simplified/_WC-S_Bases/_WC-S_Hammer_Base.PackageMetaData'
[2020.05.16-21.41.31:802][626]LogMetaData: Removing '/Game/WeaponSystem-Simplified/WeaponComponents-Simplified/WC-S_Hammer_Variants/_WC-S_Hammer_Base.SKEL__WC-S_Hammer_Base_C:ReceiveBeginPlay' ref from Metadata '/Game/WeaponSystem-Simplified/WeaponComponents-Simplified/_WC-S_Bases/_WC-S_Hammer_Base.PackageMetaData'
[2020.05.16-21.41.31:802][626]LogMetaData: Removing '/Game/WeaponSystem-Simplified/WeaponComponents-Simplified/WC-S_Hammer_Variants/_WC-S_Hammer_Base.SKEL__WC-S_Hammer_Base_C:ReceiveTick' ref from Metadata '/Game/WeaponSystem-Simplified/WeaponComponents-Simplified/_WC-S_Bases/_WC-S_Hammer_Base.PackageMetaData'
[2020.05.16-21.41.31:848][626]LogSavePackage: Moving 'C:/Users/danny/Desktop/Systems_Sandbox/Systems_Sandbox/Saved/_WC-S_Hammer_Base66B5045D45CCE208DBCA2591358008E9.tmp' to 'C:/Users/danny/Desktop/Systems_Sandbox/Systems_Sandbox/Content/WeaponSystem-Simplified/WeaponComponents-Simplified/WC-S_Hammer_Variants/_WC-S_Hammer_Base.uasset'
[2020.05.16-21.41.32:074][626]LogUObjectHash: Compacting FUObjectHashTables data took   2.88ms
[2020.05.16-21.41.32:117][626]LogUObjectHash: Compacting FUObjectHashTables data took   1.95ms
[2020.05.16-21.41.32:154][626]LogUObjectHash: Compacting FUObjectHashTables data took   0.70ms
[2020.05.16-21.41.32:305][635]LogPackageName: SearchForPackageOnDisk took   0.000s to resolve /Game/WeaponSystem-Simplified/WeaponComponents-Simplified/WC-S_Hammer_Variants/_WC-S_Hammer_Base.
[2020.05.16-21.41.35:358][971]LogUObjectHash: Compacting FUObjectHashTables data took   2.93ms
[2020.05.16-21.41.35:361][971]LogMetaData: Removing '/Game/WeaponSystem-Simplified/WeaponComponents-Simplified/_WC-S_Bases/_WC-S_Magizine_Base._WC-S_Magizine_Base_C' ref from Metadata '/Game/WeaponSystem-Simplified/WeaponComponents-Simplified/_WC-S_Bases/WC-S_Magizine_Base.PackageMetaData'
[2020.05.16-21.41.35:361][971]LogMetaData: Removing '/Game/WeaponSystem-Simplified/WeaponComponents-Simplified/_WC-S_Bases/_WC-S_Magizine_Base.SKEL__WC-S_Magizine_Base_C' ref from Metadata '/Game/WeaponSystem-Simplified/WeaponComponents-Simplified/_WC-S_Bases/WC-S_Magizine_Base.PackageMetaData'
[2020.05.16-21.41.35:361][971]LogMetaData: Removing '/Game/WeaponSystem-Simplified/WeaponComponents-Simplified/_WC-S_Bases/_WC-S_Magizine_Base._WC-S_Magizine_Base:EventGraph.K2Node_Event_0' ref from Metadata '/Game/WeaponSystem-Simplified/WeaponComponents-Simplified/_WC-S_Bases/WC-S_Magizine_Base.PackageMetaData'
[2020.05.16-21.41.35:361][971]LogMetaData: Removing '/Game/WeaponSystem-Simplified/WeaponComponents-Simplified/_WC-S_Bases/_WC-S_Magizine_Base._WC-S_Magizine_Base:EventGraph.K2Node_CallParentFunction_0' ref from Metadata '/Game/WeaponSystem-Simplified/WeaponComponents-Simplified/_WC-S_Bases/WC-S_Magizine_Base.PackageMetaData'
[2020.05.16-21.41.35:362][971]LogMetaData: Removing '/Game/WeaponSystem-Simplified/WeaponComponents-Simplified/_WC-S_Bases/_WC-S_Magizine_Base._WC-S_Magizine_Base:EventGraph.K2Node_Event_1' ref from Metadata '/Game/WeaponSystem-Simplified/WeaponComponents-Simplified/_WC-S_Bases/WC-S_Magizine_Base.PackageMetaData'
[2020.05.16-21.41.35:362][971]LogMetaData: Removing '/Game/WeaponSystem-Simplified/WeaponComponents-Simplified/_WC-S_Bases/_WC-S_Magizine_Base._WC-S_Magizine_Base:EventGraph.K2Node_CallParentFunction_1' ref from Metadata '/Game/WeaponSystem-Simplified/WeaponComponents-Simplified/_WC-S_Bases/WC-S_Magizine_Base.PackageMetaData'
[2020.05.16-21.41.35:408][971]LogSavePackage: Moving 'C:/Users/danny/Desktop/Systems_Sandbox/Systems_Sandbox/Saved/_WC-S_Magizine_Base38D1F832473B9BD5437C4CAB7C8AED11.tmp' to 'C:/Users/danny/Desktop/Systems_Sandbox/Systems_Sandbox/Content/WeaponSystem-Simplified/WeaponComponents-Simplified/_WC-S_Bases/_WC-S_Magizine_Base.uasset'
[2020.05.16-21.41.35:654][971]LogUObjectHash: Compacting FUObjectHashTables data took   2.30ms
[2020.05.16-21.41.35:694][971]LogUObjectHash: Compacting FUObjectHashTables data took   1.99ms
[2020.05.16-21.41.35:724][971]LogUObjectHash: Compacting FUObjectHashTables data took   0.75ms
[2020.05.16-21.41.35:823][976]LogPackageName: SearchForPackageOnDisk took   0.000s to resolve /Game/WeaponSystem-Simplified/WeaponComponents-Simplified/_WC-S_Bases/_WC-S_Magizine_Base.
[2020.05.16-21.42.52:691][575]LogUObjectHash: Compacting FUObjectHashTables data took   3.06ms
[2020.05.16-21.42.52:694][575]LogMetaData: Removing '/Game/WeaponSystem-Simplified/WeaponComponents-Simplified/_WC-S_Bases/_WC-S_Muzzle_Base._WC-S_Muzzle_Base_C' ref from Metadata '/Game/WeaponSystem-Simplified/WeaponComponents-Simplified/_WC-S_Bases/WC-S_Muzzle_Base.PackageMetaData'
[2020.05.16-21.42.52:694][575]LogMetaData: Removing '/Game/WeaponSystem-Simplified/WeaponComponents-Simplified/_WC-S_Bases/_WC-S_Muzzle_Base.SKEL__WC-S_Muzzle_Base_C' ref from Metadata '/Game/WeaponSystem-Simplified/WeaponComponents-Simplified/_WC-S_Bases/WC-S_Muzzle_Base.PackageMetaData'
[2020.05.16-21.42.52:694][575]LogMetaData: Removing '/Game/WeaponSystem-Simplified/WeaponComponents-Simplified/_WC-S_Bases/_WC-S_Muzzle_Base._WC-S_Muzzle_Base:EventGraph.K2Node_Event_0' ref from Metadata '/Game/WeaponSystem-Simplified/WeaponComponents-Simplified/_WC-S_Bases/WC-S_Muzzle_Base.PackageMetaData'
[2020.05.16-21.42.52:694][575]LogMetaData: Removing '/Game/WeaponSystem-Simplified/WeaponComponents-Simplified/_WC-S_Bases/_WC-S_Muzzle_Base._WC-S_Muzzle_Base:EventGraph.K2Node_CallParentFunction_0' ref from Metadata '/Game/WeaponSystem-Simplified/WeaponComponents-Simplified/_WC-S_Bases/WC-S_Muzzle_Base.PackageMetaData'
[2020.05.16-21.42.52:694][575]LogMetaData: Removing '/Game/WeaponSystem-Simplified/WeaponComponents-Simplified/_WC-S_Bases/_WC-S_Muzzle_Base._WC-S_Muzzle_Base:EventGraph.K2Node_Event_1' ref from Metadata '/Game/WeaponSystem-Simplified/WeaponComponents-Simplified/_WC-S_Bases/WC-S_Muzzle_Base.PackageMetaData'
[2020.05.16-21.42.52:694][575]LogMetaData: Removing '/Game/WeaponSystem-Simplified/WeaponComponents-Simplified/_WC-S_Bases/_WC-S_Muzzle_Base._WC-S_Muzzle_Base:EventGraph.K2Node_CallParentFunction_1' ref from Metadata '/Game/WeaponSystem-Simplified/WeaponComponents-Simplified/_WC-S_Bases/WC-S_Muzzle_Base.PackageMetaData'
[2020.05.16-21.42.52:740][575]LogSavePackage: Moving 'C:/Users/danny/Desktop/Systems_Sandbox/Systems_Sandbox/Saved/_WC-S_Muzzle_Base0C41519C4B358A2064574DB127BD306C.tmp' to 'C:/Users/danny/Desktop/Systems_Sandbox/Systems_Sandbox/Content/WeaponSystem-Simplified/WeaponComponents-Simplified/_WC-S_Bases/_WC-S_Muzzle_Base.uasset'
[2020.05.16-21.42.52:921][575]LogUObjectHash: Compacting FUObjectHashTables data took   2.30ms
[2020.05.16-21.42.52:961][575]LogUObjectHash: Compacting FUObjectHashTables data took   1.86ms
[2020.05.16-21.42.53:000][575]LogUObjectHash: Compacting FUObjectHashTables data took   1.03ms
[2020.05.16-21.42.53:141][584]LogPackageName: SearchForPackageOnDisk took   0.000s to resolve /Game/WeaponSystem-Simplified/WeaponComponents-Simplified/_WC-S_Bases/_WC-S_Muzzle_Base.
[2020.05.16-21.42.56:650][975]LogMetaData: Removing '/Game/WeaponSystem-Simplified/WeaponComponents-Simplified/WC-S_Muzzle_Variants/_WC-S_Muzzle_Base._WC-S_Muzzle_Base_C' ref from Metadata '/Game/WeaponSystem-Simplified/WeaponComponents-Simplified/_WC-S_Bases/_WC-S_Muzzle_Base.PackageMetaData'
[2020.05.16-21.42.56:650][975]LogMetaData: Removing '/Game/WeaponSystem-Simplified/WeaponComponents-Simplified/WC-S_Muzzle_Variants/_WC-S_Muzzle_Base.SKEL__WC-S_Muzzle_Base_C' ref from Metadata '/Game/WeaponSystem-Simplified/WeaponComponents-Simplified/_WC-S_Bases/_WC-S_Muzzle_Base.PackageMetaData'
[2020.05.16-21.42.56:650][975]LogMetaData: Removing '/Game/WeaponSystem-Simplified/WeaponComponents-Simplified/WC-S_Muzzle_Variants/_WC-S_Muzzle_Base._WC-S_Muzzle_Base:EventGraph.K2Node_Event_0' ref from Metadata '/Game/WeaponSystem-Simplified/WeaponComponents-Simplified/_WC-S_Bases/_WC-S_Muzzle_Base.PackageMetaData'
[2020.05.16-21.42.56:650][975]LogMetaData: Removing '/Game/WeaponSystem-Simplified/WeaponComponents-Simplified/WC-S_Muzzle_Variants/_WC-S_Muzzle_Base._WC-S_Muzzle_Base:EventGraph.K2Node_CallParentFunction_0' ref from Metadata '/Game/WeaponSystem-Simplified/WeaponComponents-Simplified/_WC-S_Bases/_WC-S_Muzzle_Base.PackageMetaData'
[2020.05.16-21.42.56:650][975]LogMetaData: Removing '/Game/WeaponSystem-Simplified/WeaponComponents-Simplified/WC-S_Muzzle_Variants/_WC-S_Muzzle_Base._WC-S_Muzzle_Base:EventGraph.K2Node_Event_1' ref from Metadata '/Game/WeaponSystem-Simplified/WeaponComponents-Simplified/_WC-S_Bases/_WC-S_Muzzle_Base.PackageMetaData'
[2020.05.16-21.42.56:650][975]LogMetaData: Removing '/Game/WeaponSystem-Simplified/WeaponComponents-Simplified/WC-S_Muzzle_Variants/_WC-S_Muzzle_Base._WC-S_Muzzle_Base:EventGraph.K2Node_CallParentFunction_1' ref from Metadata '/Game/WeaponSystem-Simplified/WeaponComponents-Simplified/_WC-S_Bases/_WC-S_Muzzle_Base.PackageMetaData'
[2020.05.16-21.42.56:650][975]LogMetaData: Removing '/Game/WeaponSystem-Simplified/WeaponComponents-Simplified/WC-S_Muzzle_Variants/_WC-S_Muzzle_Base.SKEL__WC-S_Muzzle_Base_C:ReceiveBeginPlay' ref from Metadata '/Game/WeaponSystem-Simplified/WeaponComponents-Simplified/_WC-S_Bases/_WC-S_Muzzle_Base.PackageMetaData'
[2020.05.16-21.42.56:650][975]LogMetaData: Removing '/Game/WeaponSystem-Simplified/WeaponComponents-Simplified/WC-S_Muzzle_Variants/_WC-S_Muzzle_Base.SKEL__WC-S_Muzzle_Base_C:ReceiveTick' ref from Metadata '/Game/WeaponSystem-Simplified/WeaponComponents-Simplified/_WC-S_Bases/_WC-S_Muzzle_Base.PackageMetaData'
[2020.05.16-21.42.56:695][975]LogSavePackage: Moving 'C:/Users/danny/Desktop/Systems_Sandbox/Systems_Sandbox/Saved/_WC-S_Muzzle_Base494E4ED9490A5EAC237051BFE81073B8.tmp' to 'C:/Users/danny/Desktop/Systems_Sandbox/Systems_Sandbox/Content/WeaponSystem-Simplified/WeaponComponents-Simplified/WC-S_Muzzle_Variants/_WC-S_Muzzle_Base.uasset'
[2020.05.16-21.42.56:885][975]LogUObjectHash: Compacting FUObjectHashTables data took   2.88ms
[2020.05.16-21.42.56:925][975]LogUObjectHash: Compacting FUObjectHashTables data took   2.16ms
[2020.05.16-21.42.56:956][975]LogUObjectHash: Compacting FUObjectHashTables data took   0.69ms
[2020.05.16-21.42.57:067][982]LogPackageName: SearchForPackageOnDisk took   0.000s to resolve /Game/WeaponSystem-Simplified/WeaponComponents-Simplified/WC-S_Muzzle_Variants/_WC-S_Muzzle_Base.
[2020.05.16-21.43.00:611][388]LogUObjectHash: Compacting FUObjectHashTables data took   3.61ms
[2020.05.16-21.43.00:615][388]LogMetaData: Removing '/Game/WeaponSystem-Simplified/WeaponComponents-Simplified/_WC-S_Bases/_WC-S_Trigger_Base._WC-S_Trigger_Base_C' ref from Metadata '/Game/WeaponSystem-Simplified/WeaponComponents-Simplified/_WC-S_Bases/WC-S_Trigger_Base.PackageMetaData'
[2020.05.16-21.43.00:615][388]LogMetaData: Removing '/Game/WeaponSystem-Simplified/WeaponComponents-Simplified/_WC-S_Bases/_WC-S_Trigger_Base.SKEL__WC-S_Trigger_Base_C' ref from Metadata '/Game/WeaponSystem-Simplified/WeaponComponents-Simplified/_WC-S_Bases/WC-S_Trigger_Base.PackageMetaData'
[2020.05.16-21.43.00:615][388]LogMetaData: Removing '/Game/WeaponSystem-Simplified/WeaponComponents-Simplified/_WC-S_Bases/_WC-S_Trigger_Base._WC-S_Trigger_Base:EventGraph.K2Node_Event_0' ref from Metadata '/Game/WeaponSystem-Simplified/WeaponComponents-Simplified/_WC-S_Bases/WC-S_Trigger_Base.PackageMetaData'
[2020.05.16-21.43.00:615][388]LogMetaData: Removing '/Game/WeaponSystem-Simplified/WeaponComponents-Simplified/_WC-S_Bases/_WC-S_Trigger_Base._WC-S_Trigger_Base:EventGraph.K2Node_CallParentFunction_0' ref from Metadata '/Game/WeaponSystem-Simplified/WeaponComponents-Simplified/_WC-S_Bases/WC-S_Trigger_Base.PackageMetaData'
[2020.05.16-21.43.00:615][388]LogMetaData: Removing '/Game/WeaponSystem-Simplified/WeaponComponents-Simplified/_WC-S_Bases/_WC-S_Trigger_Base._WC-S_Trigger_Base:EventGraph.K2Node_Event_1' ref from Metadata '/Game/WeaponSystem-Simplified/WeaponComponents-Simplified/_WC-S_Bases/WC-S_Trigger_Base.PackageMetaData'
[2020.05.16-21.43.00:615][388]LogMetaData: Removing '/Game/WeaponSystem-Simplified/WeaponComponents-Simplified/_WC-S_Bases/_WC-S_Trigger_Base._WC-S_Trigger_Base:EventGraph.K2Node_CallParentFunction_1' ref from Metadata '/Game/WeaponSystem-Simplified/WeaponComponents-Simplified/_WC-S_Bases/WC-S_Trigger_Base.PackageMetaData'
[2020.05.16-21.43.00:662][388]LogSavePackage: Moving 'C:/Users/danny/Desktop/Systems_Sandbox/Systems_Sandbox/Saved/_WC-S_Trigger_Base1B0DF04F41B95D41EC3C248C7D483D25.tmp' to 'C:/Users/danny/Desktop/Systems_Sandbox/Systems_Sandbox/Content/WeaponSystem-Simplified/WeaponComponents-Simplified/_WC-S_Bases/_WC-S_Trigger_Base.uasset'
[2020.05.16-21.43.00:845][388]LogUObjectHash: Compacting FUObjectHashTables data took   2.31ms
[2020.05.16-21.43.00:884][388]LogUObjectHash: Compacting FUObjectHashTables data took   1.93ms
[2020.05.16-21.43.00:918][388]LogUObjectHash: Compacting FUObjectHashTables data took   0.72ms
[2020.05.16-21.43.00:997][391]LogPackageName: SearchForPackageOnDisk took   0.000s to resolve /Game/WeaponSystem-Simplified/WeaponComponents-Simplified/_WC-S_Bases/_WC-S_Trigger_Base.
[2020.05.16-21.43.04:592][804]LogMetaData: Removing '/Game/WeaponSystem-Simplified/WeaponComponents-Simplified/WC-S_Trigger_Variants/_WC-S_Trigger_Base._WC-S_Trigger_Base_C' ref from Metadata '/Game/WeaponSystem-Simplified/WeaponComponents-Simplified/_WC-S_Bases/_WC-S_Trigger_Base.PackageMetaData'
[2020.05.16-21.43.04:593][804]LogMetaData: Removing '/Game/WeaponSystem-Simplified/WeaponComponents-Simplified/WC-S_Trigger_Variants/_WC-S_Trigger_Base.SKEL__WC-S_Trigger_Base_C' ref from Metadata '/Game/WeaponSystem-Simplified/WeaponComponents-Simplified/_WC-S_Bases/_WC-S_Trigger_Base.PackageMetaData'
[2020.05.16-21.43.04:593][804]LogMetaData: Removing '/Game/WeaponSystem-Simplified/WeaponComponents-Simplified/WC-S_Trigger_Variants/_WC-S_Trigger_Base._WC-S_Trigger_Base:EventGraph.K2Node_Event_0' ref from Metadata '/Game/WeaponSystem-Simplified/WeaponComponents-Simplified/_WC-S_Bases/_WC-S_Trigger_Base.PackageMetaData'
[2020.05.16-21.43.04:593][804]LogMetaData: Removing '/Game/WeaponSystem-Simplified/WeaponComponents-Simplified/WC-S_Trigger_Variants/_WC-S_Trigger_Base._WC-S_Trigger_Base:EventGraph.K2Node_CallParentFunction_0' ref from Metadata '/Game/WeaponSystem-Simplified/WeaponComponents-Simplified/_WC-S_Bases/_WC-S_Trigger_Base.PackageMetaData'
[2020.05.16-21.43.04:593][804]LogMetaData: Removing '/Game/WeaponSystem-Simplified/WeaponComponents-Simplified/WC-S_Trigger_Variants/_WC-S_Trigger_Base._WC-S_Trigger_Base:EventGraph.K2Node_Event_1' ref from Metadata '/Game/WeaponSystem-Simplified/WeaponComponents-Simplified/_WC-S_Bases/_WC-S_Trigger_Base.PackageMetaData'
[2020.05.16-21.43.04:593][804]LogMetaData: Removing '/Game/WeaponSystem-Simplified/WeaponComponents-Simplified/WC-S_Trigger_Variants/_WC-S_Trigger_Base._WC-S_Trigger_Base:EventGraph.K2Node_CallParentFunction_1' ref from Metadata '/Game/WeaponSystem-Simplified/WeaponComponents-Simplified/_WC-S_Bases/_WC-S_Trigger_Base.PackageMetaData'
[2020.05.16-21.43.04:593][804]LogMetaData: Removing '/Game/WeaponSystem-Simplified/WeaponComponents-Simplified/WC-S_Trigger_Variants/_WC-S_Trigger_Base.SKEL__WC-S_Trigger_Base_C:ReceiveBeginPlay' ref from Metadata '/Game/WeaponSystem-Simplified/WeaponComponents-Simplified/_WC-S_Bases/_WC-S_Trigger_Base.PackageMetaData'
[2020.05.16-21.43.04:593][804]LogMetaData: Removing '/Game/WeaponSystem-Simplified/WeaponComponents-Simplified/WC-S_Trigger_Variants/_WC-S_Trigger_Base.SKEL__WC-S_Trigger_Base_C:ReceiveTick' ref from Metadata '/Game/WeaponSystem-Simplified/WeaponComponents-Simplified/_WC-S_Bases/_WC-S_Trigger_Base.PackageMetaData'
[2020.05.16-21.43.04:637][804]LogSavePackage: Moving 'C:/Users/danny/Desktop/Systems_Sandbox/Systems_Sandbox/Saved/_WC-S_Trigger_Base962B243F4CAB01859E765E85E0112210.tmp' to 'C:/Users/danny/Desktop/Systems_Sandbox/Systems_Sandbox/Content/WeaponSystem-Simplified/WeaponComponents-Simplified/WC-S_Trigger_Variants/_WC-S_Trigger_Base.uasset'
[2020.05.16-21.43.04:831][804]LogUObjectHash: Compacting FUObjectHashTables data took   3.19ms
[2020.05.16-21.43.04:872][804]LogUObjectHash: Compacting FUObjectHashTables data took   1.92ms
[2020.05.16-21.43.04:911][804]LogUObjectHash: Compacting FUObjectHashTables data took   0.86ms
[2020.05.16-21.43.05:014][809]LogPackageName: SearchForPackageOnDisk took   0.000s to resolve /Game/WeaponSystem-Simplified/WeaponComponents-Simplified/WC-S_Trigger_Variants/_WC-S_Trigger_Base.
[2020.05.16-21.43.09:749][347]LogMetaData: Removing '/Game/WeaponSystem-Simplified/WeaponComponents-Simplified/WC-S_Magizine_Variants/_WC-S_Magizine_Base._WC-S_Magizine_Base_C' ref from Metadata '/Game/WeaponSystem-Simplified/WeaponComponents-Simplified/_WC-S_Bases/_WC-S_Magizine_Base.PackageMetaData'
[2020.05.16-21.43.09:749][347]LogMetaData: Removing '/Game/WeaponSystem-Simplified/WeaponComponents-Simplified/WC-S_Magizine_Variants/_WC-S_Magizine_Base.SKEL__WC-S_Magizine_Base_C' ref from Metadata '/Game/WeaponSystem-Simplified/WeaponComponents-Simplified/_WC-S_Bases/_WC-S_Magizine_Base.PackageMetaData'
[2020.05.16-21.43.09:749][347]LogMetaData: Removing '/Game/WeaponSystem-Simplified/WeaponComponents-Simplified/WC-S_Magizine_Variants/_WC-S_Magizine_Base._WC-S_Magizine_Base:EventGraph.K2Node_Event_0' ref from Metadata '/Game/WeaponSystem-Simplified/WeaponComponents-Simplified/_WC-S_Bases/_WC-S_Magizine_Base.PackageMetaData'
[2020.05.16-21.43.09:749][347]LogMetaData: Removing '/Game/WeaponSystem-Simplified/WeaponComponents-Simplified/WC-S_Magizine_Variants/_WC-S_Magizine_Base._WC-S_Magizine_Base:EventGraph.K2Node_CallParentFunction_0' ref from Metadata '/Game/WeaponSystem-Simplified/WeaponComponents-Simplified/_WC-S_Bases/_WC-S_Magizine_Base.PackageMetaData'
[2020.05.16-21.43.09:749][347]LogMetaData: Removing '/Game/WeaponSystem-Simplified/WeaponComponents-Simplified/WC-S_Magizine_Variants/_WC-S_Magizine_Base._WC-S_Magizine_Base:EventGraph.K2Node_Event_1' ref from Metadata '/Game/WeaponSystem-Simplified/WeaponComponents-Simplified/_WC-S_Bases/_WC-S_Magizine_Base.PackageMetaData'
[2020.05.16-21.43.09:749][347]LogMetaData: Removing '/Game/WeaponSystem-Simplified/WeaponComponents-Simplified/WC-S_Magizine_Variants/_WC-S_Magizine_Base._WC-S_Magizine_Base:EventGraph.K2Node_CallParentFunction_1' ref from Metadata '/Game/WeaponSystem-Simplified/WeaponComponents-Simplified/_WC-S_Bases/_WC-S_Magizine_Base.PackageMetaData'
[2020.05.16-21.43.09:749][347]LogMetaData: Removing '/Game/WeaponSystem-Simplified/WeaponComponents-Simplified/WC-S_Magizine_Variants/_WC-S_Magizine_Base.SKEL__WC-S_Magizine_Base_C:ReceiveBeginPlay' ref from Metadata '/Game/WeaponSystem-Simplified/WeaponComponents-Simplified/_WC-S_Bases/_WC-S_Magizine_Base.PackageMetaData'
[2020.05.16-21.43.09:749][347]LogMetaData: Removing '/Game/WeaponSystem-Simplified/WeaponComponents-Simplified/WC-S_Magizine_Variants/_WC-S_Magizine_Base.SKEL__WC-S_Magizine_Base_C:ReceiveTick' ref from Metadata '/Game/WeaponSystem-Simplified/WeaponComponents-Simplified/_WC-S_Bases/_WC-S_Magizine_Base.PackageMetaData'
[2020.05.16-21.43.09:799][347]LogSavePackage: Moving 'C:/Users/danny/Desktop/Systems_Sandbox/Systems_Sandbox/Saved/_WC-S_Magizine_Base4403F3B247661FAD5FA7DC8D35921F60.tmp' to 'C:/Users/danny/Desktop/Systems_Sandbox/Systems_Sandbox/Content/WeaponSystem-Simplified/WeaponComponents-Simplified/WC-S_Magizine_Variants/_WC-S_Magizine_Base.uasset'
[2020.05.16-21.43.09:998][347]LogUObjectHash: Compacting FUObjectHashTables data took   3.57ms
[2020.05.16-21.43.10:049][347]LogUObjectHash: Compacting FUObjectHashTables data took   3.19ms
[2020.05.16-21.43.10:089][347]LogUObjectHash: Compacting FUObjectHashTables data took   1.14ms
[2020.05.16-21.43.10:256][358]LogPackageName: SearchForPackageOnDisk took   0.000s to resolve /Game/WeaponSystem-Simplified/WeaponComponents-Simplified/WC-S_Magizine_Variants/_WC-S_Magizine_Base.
[2020.05.16-21.43.18:393][311]LogMetaData: Removing '/Game/WeaponSystem-Simplified/WeaponComponents-Simplified/_WC-S_Base._WC-S_Base_C' ref from Metadata '/Game/WeaponSystem-Simplified/WeaponComponents-Simplified/_WC-S_Bases/_WC-S_Base.PackageMetaData'
[2020.05.16-21.43.18:394][311]LogMetaData: Removing '/Game/WeaponSystem-Simplified/WeaponComponents-Simplified/_WC-S_Base.SKEL__WC-S_Base_C' ref from Metadata '/Game/WeaponSystem-Simplified/WeaponComponents-Simplified/_WC-S_Bases/_WC-S_Base.PackageMetaData'
[2020.05.16-21.43.18:394][311]LogMetaData: Removing '/Game/WeaponSystem-Simplified/WeaponComponents-Simplified/_WC-S_Base._WC-S_Base:EventGraph.K2Node_Event_0' ref from Metadata '/Game/WeaponSystem-Simplified/WeaponComponents-Simplified/_WC-S_Bases/_WC-S_Base.PackageMetaData'
[2020.05.16-21.43.18:394][311]LogMetaData: Removing '/Game/WeaponSystem-Simplified/WeaponComponents-Simplified/_WC-S_Base._WC-S_Base:EventGraph.K2Node_Event_1' ref from Metadata '/Game/WeaponSystem-Simplified/WeaponComponents-Simplified/_WC-S_Bases/_WC-S_Base.PackageMetaData'
[2020.05.16-21.43.18:394][311]LogMetaData: Removing '/Game/WeaponSystem-Simplified/WeaponComponents-Simplified/_WC-S_Base.SKEL__WC-S_Base_C:ReceiveBeginPlay' ref from Metadata '/Game/WeaponSystem-Simplified/WeaponComponents-Simplified/_WC-S_Bases/_WC-S_Base.PackageMetaData'
[2020.05.16-21.43.18:394][311]LogMetaData: Removing '/Game/WeaponSystem-Simplified/WeaponComponents-Simplified/_WC-S_Base.SKEL__WC-S_Base_C:ReceiveTick' ref from Metadata '/Game/WeaponSystem-Simplified/WeaponComponents-Simplified/_WC-S_Bases/_WC-S_Base.PackageMetaData'
[2020.05.16-21.43.18:440][311]LogSavePackage: Moving 'C:/Users/danny/Desktop/Systems_Sandbox/Systems_Sandbox/Saved/_WC-S_BaseD6F82B7F41316DE77CD179B3F0595EA0.tmp' to 'C:/Users/danny/Desktop/Systems_Sandbox/Systems_Sandbox/Content/WeaponSystem-Simplified/WeaponComponents-Simplified/_WC-S_Base.uasset'
[2020.05.16-21.43.18:636][311]LogUObjectHash: Compacting FUObjectHashTables data took   2.20ms
[2020.05.16-21.43.18:679][311]LogUObjectHash: Compacting FUObjectHashTables data took   1.90ms
[2020.05.16-21.43.18:713][311]LogUObjectHash: Compacting FUObjectHashTables data took   0.67ms
[2020.05.16-21.43.18:755][311]LogSavePackage: Moving 'C:/Users/danny/Desktop/Systems_Sandbox/Systems_Sandbox/Saved/_WC-S_Barrel_Base593A5870454E3D7576629B9FB1439E53.tmp' to 'C:/Users/danny/Desktop/Systems_Sandbox/Systems_Sandbox/Content/WeaponSystem-Simplified/WeaponComponents-Simplified/WC-S_Barrel_Variants/_WC-S_Barrel_Base.uasset'
[2020.05.16-21.43.18:786][311]LogSavePackage: Moving 'C:/Users/danny/Desktop/Systems_Sandbox/Systems_Sandbox/Saved/_WC-S_Bolt_Base0983491F42EFA853005B329262560B9E.tmp' to 'C:/Users/danny/Desktop/Systems_Sandbox/Systems_Sandbox/Content/WeaponSystem-Simplified/WeaponComponents-Simplified/WC-S_Bolt_Variants/_WC-S_Bolt_Base.uasset'
[2020.05.16-21.43.18:820][311]LogSavePackage: Moving 'C:/Users/danny/Desktop/Systems_Sandbox/Systems_Sandbox/Saved/_WC-S_Chamber_Base597546ED44F8D9AFA541E1BDEA5468A8.tmp' to 'C:/Users/danny/Desktop/Systems_Sandbox/Systems_Sandbox/Content/WeaponSystem-Simplified/WeaponComponents-Simplified/WC-S_Chamber_Variants/_WC-S_Chamber_Base.uasset'
[2020.05.16-21.43.18:855][311]LogSavePackage: Moving 'C:/Users/danny/Desktop/Systems_Sandbox/Systems_Sandbox/Saved/_WC-S_Feedport_Base48176CC2414E543A4C83B1BDBFE61452.tmp' to 'C:/Users/danny/Desktop/Systems_Sandbox/Systems_Sandbox/Content/WeaponSystem-Simplified/WeaponComponents-Simplified/WC-S_FeedPort_Variants/_WC-S_Feedport_Base.uasset'
[2020.05.16-21.43.18:888][311]LogSavePackage: Moving 'C:/Users/danny/Desktop/Systems_Sandbox/Systems_Sandbox/Saved/_WC-S_FireControl_BaseAD8FE5294D92AF421A8C8CBEAC3C386D.tmp' to 'C:/Users/danny/Desktop/Systems_Sandbox/Systems_Sandbox/Content/WeaponSystem-Simplified/WeaponComponents-Simplified/WC-S_FireControl_Variants/_WC-S_FireControl_Base.uasset'
[2020.05.16-21.43.18:925][311]LogSavePackage: Moving 'C:/Users/danny/Desktop/Systems_Sandbox/Systems_Sandbox/Saved/_WC-S_Hammer_Base1B2AB7BE496033456E7F22B898F14AE4.tmp' to 'C:/Users/danny/Desktop/Systems_Sandbox/Systems_Sandbox/Content/WeaponSystem-Simplified/WeaponComponents-Simplified/WC-S_Hammer_Variants/_WC-S_Hammer_Base.uasset'
[2020.05.16-21.43.18:962][311]LogSavePackage: Moving 'C:/Users/danny/Desktop/Systems_Sandbox/Systems_Sandbox/Saved/_WC-S_Muzzle_Base8DEFB4DC412DE26478842F8ABE21DA4A.tmp' to 'C:/Users/danny/Desktop/Systems_Sandbox/Systems_Sandbox/Content/WeaponSystem-Simplified/WeaponComponents-Simplified/WC-S_Muzzle_Variants/_WC-S_Muzzle_Base.uasset'
[2020.05.16-21.43.18:999][311]LogSavePackage: Moving 'C:/Users/danny/Desktop/Systems_Sandbox/Systems_Sandbox/Saved/_WC-S_Trigger_BaseDD0B73BB48D6CC935E881ABDB3DF4E5A.tmp' to 'C:/Users/danny/Desktop/Systems_Sandbox/Systems_Sandbox/Content/WeaponSystem-Simplified/WeaponComponents-Simplified/WC-S_Trigger_Variants/_WC-S_Trigger_Base.uasset'
[2020.05.16-21.43.19:032][311]LogSavePackage: Moving 'C:/Users/danny/Desktop/Systems_Sandbox/Systems_Sandbox/Saved/_WC-S_Magizine_Base59A1620141C2429E244961A1E9E2085F.tmp' to 'C:/Users/danny/Desktop/Systems_Sandbox/Systems_Sandbox/Content/WeaponSystem-Simplified/WeaponComponents-Simplified/WC-S_Magizine_Variants/_WC-S_Magizine_Base.uasset'
[2020.05.16-21.43.19:317][324]LogPackageName: SearchForPackageOnDisk took   0.000s to resolve /Game/WeaponSystem-Simplified/WeaponComponents-Simplified/_WC-S_Base.
[2020.05.16-21.43.35:125][ 92]LogUObjectHash: Compacting FUObjectHashTables data took   2.94ms
[2020.05.16-21.43.35:176][ 92]LogUObjectHash: Compacting FUObjectHashTables data took   3.27ms
[2020.05.16-21.43.35:216][ 92]LogUObjectHash: Compacting FUObjectHashTables data took   3.24ms
[2020.05.16-21.43.35:263][ 92]LogUObjectHash: Compacting FUObjectHashTables data took   2.62ms
[2020.05.16-21.43.35:308][ 92]LogUObjectHash: Compacting FUObjectHashTables data took   2.58ms
[2020.05.16-21.43.35:353][ 92]LogUObjectHash: Compacting FUObjectHashTables data took   3.06ms
[2020.05.16-21.43.35:393][ 92]LogUObjectHash: Compacting FUObjectHashTables data took   3.22ms
[2020.05.16-21.43.35:440][ 92]LogUObjectHash: Compacting FUObjectHashTables data took   3.33ms
[2020.05.16-21.43.35:495][ 92]LogUObjectHash: Compacting FUObjectHashTables data took   2.81ms
[2020.05.16-21.43.35:538][ 92]LogUObjectHash: Compacting FUObjectHashTables data took   2.47ms
[2020.05.16-21.43.35:541][ 92]LogMetaData: Removing '/Game/WeaponSystem-Simplified/WeaponComponents-Simplified/WC-S_Base.WC-S_Base_C' ref from Metadata '/Game/WeaponSystem-Simplified/WeaponComponents-Simplified/_WC-S_Base.PackageMetaData'
[2020.05.16-21.43.35:541][ 92]LogMetaData: Removing '/Game/WeaponSystem-Simplified/WeaponComponents-Simplified/WC-S_Base.SKEL_WC-S_Base_C' ref from Metadata '/Game/WeaponSystem-Simplified/WeaponComponents-Simplified/_WC-S_Base.PackageMetaData'
[2020.05.16-21.43.35:541][ 92]LogMetaData: Removing '/Game/WeaponSystem-Simplified/WeaponComponents-Simplified/WC-S_Base.WC-S_Base:EventGraph.K2Node_Event_0' ref from Metadata '/Game/WeaponSystem-Simplified/WeaponComponents-Simplified/_WC-S_Base.PackageMetaData'
[2020.05.16-21.43.35:541][ 92]LogMetaData: Removing '/Game/WeaponSystem-Simplified/WeaponComponents-Simplified/WC-S_Base.WC-S_Base:EventGraph.K2Node_Event_1' ref from Metadata '/Game/WeaponSystem-Simplified/WeaponComponents-Simplified/_WC-S_Base.PackageMetaData'
[2020.05.16-21.43.35:582][ 92]LogSavePackage: Moving 'C:/Users/danny/Desktop/Systems_Sandbox/Systems_Sandbox/Saved/WC-S_Base9584F78947694803099A379E7FA89B2D.tmp' to 'C:/Users/danny/Desktop/Systems_Sandbox/Systems_Sandbox/Content/WeaponSystem-Simplified/WeaponComponents-Simplified/WC-S_Base.uasset'
[2020.05.16-21.43.35:770][ 92]LogUObjectHash: Compacting FUObjectHashTables data took   2.12ms
[2020.05.16-21.43.35:813][ 92]LogUObjectHash: Compacting FUObjectHashTables data took   3.09ms
[2020.05.16-21.43.35:849][ 92]LogUObjectHash: Compacting FUObjectHashTables data took   0.73ms
[2020.05.16-21.43.35:887][ 92]LogSavePackage: Moving 'C:/Users/danny/Desktop/Systems_Sandbox/Systems_Sandbox/Saved/_WC-S_Barrel_Base6906C2F24F38766556E0DCABDE36A298.tmp' to 'C:/Users/danny/Desktop/Systems_Sandbox/Systems_Sandbox/Content/WeaponSystem-Simplified/WeaponComponents-Simplified/WC-S_Barrel_Variants/_WC-S_Barrel_Base.uasset'
[2020.05.16-21.43.35:912][ 92]LogSavePackage: Moving 'C:/Users/danny/Desktop/Systems_Sandbox/Systems_Sandbox/Saved/_WC-S_Bolt_BaseD2593A644BB045C4058DA8AD8ED89360.tmp' to 'C:/Users/danny/Desktop/Systems_Sandbox/Systems_Sandbox/Content/WeaponSystem-Simplified/WeaponComponents-Simplified/WC-S_Bolt_Variants/_WC-S_Bolt_Base.uasset'
[2020.05.16-21.43.35:940][ 92]LogSavePackage: Moving 'C:/Users/danny/Desktop/Systems_Sandbox/Systems_Sandbox/Saved/_WC-S_Chamber_Base647C41114F55AB17094C92BEAE88D923.tmp' to 'C:/Users/danny/Desktop/Systems_Sandbox/Systems_Sandbox/Content/WeaponSystem-Simplified/WeaponComponents-Simplified/WC-S_Chamber_Variants/_WC-S_Chamber_Base.uasset'
[2020.05.16-21.43.35:965][ 92]LogSavePackage: Moving 'C:/Users/danny/Desktop/Systems_Sandbox/Systems_Sandbox/Saved/_WC-S_Feedport_Base0D7CF70440DBA34EFC8033BCE6AD6BA6.tmp' to 'C:/Users/danny/Desktop/Systems_Sandbox/Systems_Sandbox/Content/WeaponSystem-Simplified/WeaponComponents-Simplified/WC-S_FeedPort_Variants/_WC-S_Feedport_Base.uasset'
[2020.05.16-21.43.35:994][ 92]LogSavePackage: Moving 'C:/Users/danny/Desktop/Systems_Sandbox/Systems_Sandbox/Saved/_WC-S_FireControl_Base8307063A44EBC5215054EAB92008AB52.tmp' to 'C:/Users/danny/Desktop/Systems_Sandbox/Systems_Sandbox/Content/WeaponSystem-Simplified/WeaponComponents-Simplified/WC-S_FireControl_Variants/_WC-S_FireControl_Base.uasset'
[2020.05.16-21.43.36:019][ 92]LogSavePackage: Moving 'C:/Users/danny/Desktop/Systems_Sandbox/Systems_Sandbox/Saved/_WC-S_Hammer_BaseBF46B9F0457C5B11486E0CB763FD98C8.tmp' to 'C:/Users/danny/Desktop/Systems_Sandbox/Systems_Sandbox/Content/WeaponSystem-Simplified/WeaponComponents-Simplified/WC-S_Hammer_Variants/_WC-S_Hammer_Base.uasset'
[2020.05.16-21.43.36:046][ 92]LogSavePackage: Moving 'C:/Users/danny/Desktop/Systems_Sandbox/Systems_Sandbox/Saved/_WC-S_Muzzle_Base98D9F2D340C062D0F43E70ABFAA82710.tmp' to 'C:/Users/danny/Desktop/Systems_Sandbox/Systems_Sandbox/Content/WeaponSystem-Simplified/WeaponComponents-Simplified/WC-S_Muzzle_Variants/_WC-S_Muzzle_Base.uasset'
[2020.05.16-21.43.36:074][ 92]LogSavePackage: Moving 'C:/Users/danny/Desktop/Systems_Sandbox/Systems_Sandbox/Saved/_WC-S_Trigger_BaseD68B392A4D9CAA4A2314C3BF91A664E0.tmp' to 'C:/Users/danny/Desktop/Systems_Sandbox/Systems_Sandbox/Content/WeaponSystem-Simplified/WeaponComponents-Simplified/WC-S_Trigger_Variants/_WC-S_Trigger_Base.uasset'
[2020.05.16-21.43.36:104][ 92]LogSavePackage: Moving 'C:/Users/danny/Desktop/Systems_Sandbox/Systems_Sandbox/Saved/_WC-S_Magizine_BaseC5B3A9034C47C1A7D566E988302FE134.tmp' to 'C:/Users/danny/Desktop/Systems_Sandbox/Systems_Sandbox/Content/WeaponSystem-Simplified/WeaponComponents-Simplified/WC-S_Magizine_Variants/_WC-S_Magizine_Base.uasset'
[2020.05.16-21.43.36:327][ 97]LogPackageName: SearchForPackageOnDisk took   0.000s to resolve /Game/WeaponSystem-Simplified/WeaponComponents-Simplified/WC-S_Base.
[2020.05.16-21.44.21:751][395]LogMetaData: Removing '/Game/WeaponSystem-Simplified/WeaponComponents-Simplified/WC-S_Barrels/_WC-S_Barrel_Base._WC-S_Barrel_Base_C' ref from Metadata '/Game/WeaponSystem-Simplified/WeaponComponents-Simplified/WC-S_Barrel_Variants/_WC-S_Barrel_Base.PackageMetaData'
[2020.05.16-21.44.21:751][395]LogMetaData: Removing '/Game/WeaponSystem-Simplified/WeaponComponents-Simplified/WC-S_Barrels/_WC-S_Barrel_Base.SKEL__WC-S_Barrel_Base_C' ref from Metadata '/Game/WeaponSystem-Simplified/WeaponComponents-Simplified/WC-S_Barrel_Variants/_WC-S_Barrel_Base.PackageMetaData'
[2020.05.16-21.44.21:751][395]LogMetaData: Removing '/Game/WeaponSystem-Simplified/WeaponComponents-Simplified/WC-S_Barrels/_WC-S_Barrel_Base._WC-S_Barrel_Base:EventGraph.K2Node_Event_0' ref from Metadata '/Game/WeaponSystem-Simplified/WeaponComponents-Simplified/WC-S_Barrel_Variants/_WC-S_Barrel_Base.PackageMetaData'
[2020.05.16-21.44.21:751][395]LogMetaData: Removing '/Game/WeaponSystem-Simplified/WeaponComponents-Simplified/WC-S_Barrels/_WC-S_Barrel_Base._WC-S_Barrel_Base:EventGraph.K2Node_CallParentFunction_0' ref from Metadata '/Game/WeaponSystem-Simplified/WeaponComponents-Simplified/WC-S_Barrel_Variants/_WC-S_Barrel_Base.PackageMetaData'
[2020.05.16-21.44.21:751][395]LogMetaData: Removing '/Game/WeaponSystem-Simplified/WeaponComponents-Simplified/WC-S_Barrels/_WC-S_Barrel_Base._WC-S_Barrel_Base:EventGraph.K2Node_Event_1' ref from Metadata '/Game/WeaponSystem-Simplified/WeaponComponents-Simplified/WC-S_Barrel_Variants/_WC-S_Barrel_Base.PackageMetaData'
[2020.05.16-21.44.21:751][395]LogMetaData: Removing '/Game/WeaponSystem-Simplified/WeaponComponents-Simplified/WC-S_Barrels/_WC-S_Barrel_Base._WC-S_Barrel_Base:EventGraph.K2Node_CallParentFunction_1' ref from Metadata '/Game/WeaponSystem-Simplified/WeaponComponents-Simplified/WC-S_Barrel_Variants/_WC-S_Barrel_Base.PackageMetaData'
[2020.05.16-21.44.21:751][395]LogMetaData: Removing '/Game/WeaponSystem-Simplified/WeaponComponents-Simplified/WC-S_Barrels/_WC-S_Barrel_Base.SKEL__WC-S_Barrel_Base_C:ReceiveBeginPlay' ref from Metadata '/Game/WeaponSystem-Simplified/WeaponComponents-Simplified/WC-S_Barrel_Variants/_WC-S_Barrel_Base.PackageMetaData'
[2020.05.16-21.44.21:751][395]LogMetaData: Removing '/Game/WeaponSystem-Simplified/WeaponComponents-Simplified/WC-S_Barrels/_WC-S_Barrel_Base.SKEL__WC-S_Barrel_Base_C:ReceiveTick' ref from Metadata '/Game/WeaponSystem-Simplified/WeaponComponents-Simplified/WC-S_Barrel_Variants/_WC-S_Barrel_Base.PackageMetaData'
[2020.05.16-21.44.21:795][395]LogSavePackage: Moving 'C:/Users/danny/Desktop/Systems_Sandbox/Systems_Sandbox/Saved/_WC-S_Barrel_BaseA0C2CB174C105DC8A7359182B13DC0EF.tmp' to 'C:/Users/danny/Desktop/Systems_Sandbox/Systems_Sandbox/Content/WeaponSystem-Simplified/WeaponComponents-Simplified/WC-S_Barrels/_WC-S_Barrel_Base.uasset'
[2020.05.16-21.44.22:028][395]LogUObjectHash: Compacting FUObjectHashTables data took   3.31ms
[2020.05.16-21.44.22:067][395]LogUObjectHash: Compacting FUObjectHashTables data took   1.91ms
[2020.05.16-21.44.22:105][395]LogUObjectHash: Compacting FUObjectHashTables data took   0.77ms
[2020.05.16-21.44.22:237][401]LogPackageName: SearchForPackageOnDisk took   0.000s to resolve /Game/WeaponSystem-Simplified/WeaponComponents-Simplified/WC-S_Barrels/_WC-S_Barrel_Base.
[2020.05.16-21.44.32:151][518]LogUObjectHash: Compacting FUObjectHashTables data took   2.53ms
[2020.05.16-21.44.32:156][518]LogMetaData: Removing '/Game/WeaponSystem-Simplified/WeaponComponents-Simplified/WC-S_Barrels/WC-S_Barrel_Base.WC-S_Barrel_Base_C' ref from Metadata '/Game/WeaponSystem-Simplified/WeaponComponents-Simplified/WC-S_Barrels/_WC-S_Barrel_Base.PackageMetaData'
[2020.05.16-21.44.32:156][518]LogMetaData: Removing '/Game/WeaponSystem-Simplified/WeaponComponents-Simplified/WC-S_Barrels/WC-S_Barrel_Base.SKEL_WC-S_Barrel_Base_C' ref from Metadata '/Game/WeaponSystem-Simplified/WeaponComponents-Simplified/WC-S_Barrels/_WC-S_Barrel_Base.PackageMetaData'
[2020.05.16-21.44.32:156][518]LogMetaData: Removing '/Game/WeaponSystem-Simplified/WeaponComponents-Simplified/WC-S_Barrels/WC-S_Barrel_Base.WC-S_Barrel_Base:EventGraph.K2Node_Event_0' ref from Metadata '/Game/WeaponSystem-Simplified/WeaponComponents-Simplified/WC-S_Barrels/_WC-S_Barrel_Base.PackageMetaData'
[2020.05.16-21.44.32:156][518]LogMetaData: Removing '/Game/WeaponSystem-Simplified/WeaponComponents-Simplified/WC-S_Barrels/WC-S_Barrel_Base.WC-S_Barrel_Base:EventGraph.K2Node_CallParentFunction_0' ref from Metadata '/Game/WeaponSystem-Simplified/WeaponComponents-Simplified/WC-S_Barrels/_WC-S_Barrel_Base.PackageMetaData'
[2020.05.16-21.44.32:156][518]LogMetaData: Removing '/Game/WeaponSystem-Simplified/WeaponComponents-Simplified/WC-S_Barrels/WC-S_Barrel_Base.WC-S_Barrel_Base:EventGraph.K2Node_Event_1' ref from Metadata '/Game/WeaponSystem-Simplified/WeaponComponents-Simplified/WC-S_Barrels/_WC-S_Barrel_Base.PackageMetaData'
[2020.05.16-21.44.32:156][518]LogMetaData: Removing '/Game/WeaponSystem-Simplified/WeaponComponents-Simplified/WC-S_Barrels/WC-S_Barrel_Base.WC-S_Barrel_Base:EventGraph.K2Node_CallParentFunction_1' ref from Metadata '/Game/WeaponSystem-Simplified/WeaponComponents-Simplified/WC-S_Barrels/_WC-S_Barrel_Base.PackageMetaData'
[2020.05.16-21.44.32:200][518]LogSavePackage: Moving 'C:/Users/danny/Desktop/Systems_Sandbox/Systems_Sandbox/Saved/WC-S_Barrel_BaseEE3D6E7E478799F3148983B9DB634F9F.tmp' to 'C:/Users/danny/Desktop/Systems_Sandbox/Systems_Sandbox/Content/WeaponSystem-Simplified/WeaponComponents-Simplified/WC-S_Barrels/WC-S_Barrel_Base.uasset'
[2020.05.16-21.44.32:431][518]LogUObjectHash: Compacting FUObjectHashTables data took   2.16ms
[2020.05.16-21.44.32:473][518]LogUObjectHash: Compacting FUObjectHashTables data took   1.97ms
[2020.05.16-21.44.32:507][518]LogUObjectHash: Compacting FUObjectHashTables data took   0.73ms
[2020.05.16-21.44.32:602][522]LogPackageName: SearchForPackageOnDisk took   0.000s to resolve /Game/WeaponSystem-Simplified/WeaponComponents-Simplified/WC-S_Barrels/WC-S_Barrel_Base.
[2020.05.16-21.45.00:472][767]LogMetaData: Removing '/Game/WeaponSystem-Simplified/WeaponComponents-Simplified/WC-S_Bolt/_WC-S_Bolt_Base._WC-S_Bolt_Base_C' ref from Metadata '/Game/WeaponSystem-Simplified/WeaponComponents-Simplified/WC-S_Bolt_Variants/_WC-S_Bolt_Base.PackageMetaData'
[2020.05.16-21.45.00:472][767]LogMetaData: Removing '/Game/WeaponSystem-Simplified/WeaponComponents-Simplified/WC-S_Bolt/_WC-S_Bolt_Base.SKEL__WC-S_Bolt_Base_C' ref from Metadata '/Game/WeaponSystem-Simplified/WeaponComponents-Simplified/WC-S_Bolt_Variants/_WC-S_Bolt_Base.PackageMetaData'
[2020.05.16-21.45.00:472][767]LogMetaData: Removing '/Game/WeaponSystem-Simplified/WeaponComponents-Simplified/WC-S_Bolt/_WC-S_Bolt_Base._WC-S_Bolt_Base:EventGraph.K2Node_Event_0' ref from Metadata '/Game/WeaponSystem-Simplified/WeaponComponents-Simplified/WC-S_Bolt_Variants/_WC-S_Bolt_Base.PackageMetaData'
[2020.05.16-21.45.00:472][767]LogMetaData: Removing '/Game/WeaponSystem-Simplified/WeaponComponents-Simplified/WC-S_Bolt/_WC-S_Bolt_Base._WC-S_Bolt_Base:EventGraph.K2Node_CallParentFunction_0' ref from Metadata '/Game/WeaponSystem-Simplified/WeaponComponents-Simplified/WC-S_Bolt_Variants/_WC-S_Bolt_Base.PackageMetaData'
[2020.05.16-21.45.00:472][767]LogMetaData: Removing '/Game/WeaponSystem-Simplified/WeaponComponents-Simplified/WC-S_Bolt/_WC-S_Bolt_Base._WC-S_Bolt_Base:EventGraph.K2Node_Event_1' ref from Metadata '/Game/WeaponSystem-Simplified/WeaponComponents-Simplified/WC-S_Bolt_Variants/_WC-S_Bolt_Base.PackageMetaData'
[2020.05.16-21.45.00:472][767]LogMetaData: Removing '/Game/WeaponSystem-Simplified/WeaponComponents-Simplified/WC-S_Bolt/_WC-S_Bolt_Base._WC-S_Bolt_Base:EventGraph.K2Node_CallParentFunction_1' ref from Metadata '/Game/WeaponSystem-Simplified/WeaponComponents-Simplified/WC-S_Bolt_Variants/_WC-S_Bolt_Base.PackageMetaData'
[2020.05.16-21.45.00:472][767]LogMetaData: Removing '/Game/WeaponSystem-Simplified/WeaponComponents-Simplified/WC-S_Bolt/_WC-S_Bolt_Base.SKEL__WC-S_Bolt_Base_C:ReceiveBeginPlay' ref from Metadata '/Game/WeaponSystem-Simplified/WeaponComponents-Simplified/WC-S_Bolt_Variants/_WC-S_Bolt_Base.PackageMetaData'
[2020.05.16-21.45.00:473][767]LogMetaData: Removing '/Game/WeaponSystem-Simplified/WeaponComponents-Simplified/WC-S_Bolt/_WC-S_Bolt_Base.SKEL__WC-S_Bolt_Base_C:ReceiveTick' ref from Metadata '/Game/WeaponSystem-Simplified/WeaponComponents-Simplified/WC-S_Bolt_Variants/_WC-S_Bolt_Base.PackageMetaData'
[2020.05.16-21.45.00:516][767]LogSavePackage: Moving 'C:/Users/danny/Desktop/Systems_Sandbox/Systems_Sandbox/Saved/_WC-S_Bolt_Base0B9FAB3147C6A73F12FF90BBF6702204.tmp' to 'C:/Users/danny/Desktop/Systems_Sandbox/Systems_Sandbox/Content/WeaponSystem-Simplified/WeaponComponents-Simplified/WC-S_Bolt/_WC-S_Bolt_Base.uasset'
[2020.05.16-21.45.00:741][767]LogUObjectHash: Compacting FUObjectHashTables data took   2.16ms
[2020.05.16-21.45.00:780][767]LogUObjectHash: Compacting FUObjectHashTables data took   1.99ms
[2020.05.16-21.45.00:815][767]LogUObjectHash: Compacting FUObjectHashTables data took   0.72ms
[2020.05.16-21.45.00:994][779]LogPackageName: SearchForPackageOnDisk took   0.000s to resolve /Game/WeaponSystem-Simplified/WeaponComponents-Simplified/WC-S_Bolt/_WC-S_Bolt_Base.
[2020.05.16-21.45.05:069][241]LogMetaData: Removing '/Game/WeaponSystem-Simplified/WeaponComponents-Simplified/WC-S_Chamber/_WC-S_Chamber_Base._WC-S_Chamber_Base_C' ref from Metadata '/Game/WeaponSystem-Simplified/WeaponComponents-Simplified/WC-S_Chamber_Variants/_WC-S_Chamber_Base.PackageMetaData'
[2020.05.16-21.45.05:069][241]LogMetaData: Removing '/Game/WeaponSystem-Simplified/WeaponComponents-Simplified/WC-S_Chamber/_WC-S_Chamber_Base.SKEL__WC-S_Chamber_Base_C' ref from Metadata '/Game/WeaponSystem-Simplified/WeaponComponents-Simplified/WC-S_Chamber_Variants/_WC-S_Chamber_Base.PackageMetaData'
[2020.05.16-21.45.05:069][241]LogMetaData: Removing '/Game/WeaponSystem-Simplified/WeaponComponents-Simplified/WC-S_Chamber/_WC-S_Chamber_Base._WC-S_Chamber_Base:EventGraph.K2Node_Event_0' ref from Metadata '/Game/WeaponSystem-Simplified/WeaponComponents-Simplified/WC-S_Chamber_Variants/_WC-S_Chamber_Base.PackageMetaData'
[2020.05.16-21.45.05:069][241]LogMetaData: Removing '/Game/WeaponSystem-Simplified/WeaponComponents-Simplified/WC-S_Chamber/_WC-S_Chamber_Base._WC-S_Chamber_Base:EventGraph.K2Node_CallParentFunction_0' ref from Metadata '/Game/WeaponSystem-Simplified/WeaponComponents-Simplified/WC-S_Chamber_Variants/_WC-S_Chamber_Base.PackageMetaData'
[2020.05.16-21.45.05:069][241]LogMetaData: Removing '/Game/WeaponSystem-Simplified/WeaponComponents-Simplified/WC-S_Chamber/_WC-S_Chamber_Base._WC-S_Chamber_Base:EventGraph.K2Node_Event_1' ref from Metadata '/Game/WeaponSystem-Simplified/WeaponComponents-Simplified/WC-S_Chamber_Variants/_WC-S_Chamber_Base.PackageMetaData'
[2020.05.16-21.45.05:069][241]LogMetaData: Removing '/Game/WeaponSystem-Simplified/WeaponComponents-Simplified/WC-S_Chamber/_WC-S_Chamber_Base._WC-S_Chamber_Base:EventGraph.K2Node_CallParentFunction_1' ref from Metadata '/Game/WeaponSystem-Simplified/WeaponComponents-Simplified/WC-S_Chamber_Variants/_WC-S_Chamber_Base.PackageMetaData'
[2020.05.16-21.45.05:069][241]LogMetaData: Removing '/Game/WeaponSystem-Simplified/WeaponComponents-Simplified/WC-S_Chamber/_WC-S_Chamber_Base.SKEL__WC-S_Chamber_Base_C:ReceiveBeginPlay' ref from Metadata '/Game/WeaponSystem-Simplified/WeaponComponents-Simplified/WC-S_Chamber_Variants/_WC-S_Chamber_Base.PackageMetaData'
[2020.05.16-21.45.05:069][241]LogMetaData: Removing '/Game/WeaponSystem-Simplified/WeaponComponents-Simplified/WC-S_Chamber/_WC-S_Chamber_Base.SKEL__WC-S_Chamber_Base_C:ReceiveTick' ref from Metadata '/Game/WeaponSystem-Simplified/WeaponComponents-Simplified/WC-S_Chamber_Variants/_WC-S_Chamber_Base.PackageMetaData'
[2020.05.16-21.45.05:116][241]LogSavePackage: Moving 'C:/Users/danny/Desktop/Systems_Sandbox/Systems_Sandbox/Saved/_WC-S_Chamber_Base129F98434EA5EB68D769B3A1F96D50E4.tmp' to 'C:/Users/danny/Desktop/Systems_Sandbox/Systems_Sandbox/Content/WeaponSystem-Simplified/WeaponComponents-Simplified/WC-S_Chamber/_WC-S_Chamber_Base.uasset'
[2020.05.16-21.45.05:308][241]LogUObjectHash: Compacting FUObjectHashTables data took   2.32ms
[2020.05.16-21.45.05:351][241]LogUObjectHash: Compacting FUObjectHashTables data took   1.88ms
[2020.05.16-21.45.05:390][241]LogUObjectHash: Compacting FUObjectHashTables data took   0.72ms
[2020.05.16-21.45.05:524][247]LogPackageName: SearchForPackageOnDisk took   0.000s to resolve /Game/WeaponSystem-Simplified/WeaponComponents-Simplified/WC-S_Chamber/_WC-S_Chamber_Base.
[2020.05.16-21.45.13:640][168]LogMetaData: Removing '/Game/WeaponSystem-Simplified/WeaponComponents-Simplified/WC-S_FeedPort/_WC-S_Feedport_Base._WC-S_Feedport_Base_C' ref from Metadata '/Game/WeaponSystem-Simplified/WeaponComponents-Simplified/WC-S_FeedPort_Variants/_WC-S_Feedport_Base.PackageMetaData'
[2020.05.16-21.45.13:640][168]LogMetaData: Removing '/Game/WeaponSystem-Simplified/WeaponComponents-Simplified/WC-S_FeedPort/_WC-S_Feedport_Base.SKEL__WC-S_Feedport_Base_C' ref from Metadata '/Game/WeaponSystem-Simplified/WeaponComponents-Simplified/WC-S_FeedPort_Variants/_WC-S_Feedport_Base.PackageMetaData'
[2020.05.16-21.45.13:640][168]LogMetaData: Removing '/Game/WeaponSystem-Simplified/WeaponComponents-Simplified/WC-S_FeedPort/_WC-S_Feedport_Base._WC-S_Feedport_Base:EventGraph.K2Node_Event_0' ref from Metadata '/Game/WeaponSystem-Simplified/WeaponComponents-Simplified/WC-S_FeedPort_Variants/_WC-S_Feedport_Base.PackageMetaData'
[2020.05.16-21.45.13:640][168]LogMetaData: Removing '/Game/WeaponSystem-Simplified/WeaponComponents-Simplified/WC-S_FeedPort/_WC-S_Feedport_Base._WC-S_Feedport_Base:EventGraph.K2Node_CallParentFunction_0' ref from Metadata '/Game/WeaponSystem-Simplified/WeaponComponents-Simplified/WC-S_FeedPort_Variants/_WC-S_Feedport_Base.PackageMetaData'
[2020.05.16-21.45.13:640][168]LogMetaData: Removing '/Game/WeaponSystem-Simplified/WeaponComponents-Simplified/WC-S_FeedPort/_WC-S_Feedport_Base._WC-S_Feedport_Base:EventGraph.K2Node_Event_1' ref from Metadata '/Game/WeaponSystem-Simplified/WeaponComponents-Simplified/WC-S_FeedPort_Variants/_WC-S_Feedport_Base.PackageMetaData'
[2020.05.16-21.45.13:640][168]LogMetaData: Removing '/Game/WeaponSystem-Simplified/WeaponComponents-Simplified/WC-S_FeedPort/_WC-S_Feedport_Base._WC-S_Feedport_Base:EventGraph.K2Node_CallParentFunction_1' ref from Metadata '/Game/WeaponSystem-Simplified/WeaponComponents-Simplified/WC-S_FeedPort_Variants/_WC-S_Feedport_Base.PackageMetaData'
[2020.05.16-21.45.13:640][168]LogMetaData: Removing '/Game/WeaponSystem-Simplified/WeaponComponents-Simplified/WC-S_FeedPort/_WC-S_Feedport_Base.SKEL__WC-S_Feedport_Base_C:ReceiveBeginPlay' ref from Metadata '/Game/WeaponSystem-Simplified/WeaponComponents-Simplified/WC-S_FeedPort_Variants/_WC-S_Feedport_Base.PackageMetaData'
[2020.05.16-21.45.13:640][168]LogMetaData: Removing '/Game/WeaponSystem-Simplified/WeaponComponents-Simplified/WC-S_FeedPort/_WC-S_Feedport_Base.SKEL__WC-S_Feedport_Base_C:ReceiveTick' ref from Metadata '/Game/WeaponSystem-Simplified/WeaponComponents-Simplified/WC-S_FeedPort_Variants/_WC-S_Feedport_Base.PackageMetaData'
[2020.05.16-21.45.13:685][168]LogSavePackage: Moving 'C:/Users/danny/Desktop/Systems_Sandbox/Systems_Sandbox/Saved/_WC-S_Feedport_Base65639D414B57C932E8E6C1B2C06C3CC4.tmp' to 'C:/Users/danny/Desktop/Systems_Sandbox/Systems_Sandbox/Content/WeaponSystem-Simplified/WeaponComponents-Simplified/WC-S_FeedPort/_WC-S_Feedport_Base.uasset'
[2020.05.16-21.45.13:917][168]LogUObjectHash: Compacting FUObjectHashTables data took   2.24ms
[2020.05.16-21.45.13:955][168]LogUObjectHash: Compacting FUObjectHashTables data took   2.00ms
[2020.05.16-21.45.13:992][168]LogUObjectHash: Compacting FUObjectHashTables data took   0.75ms
[2020.05.16-21.45.14:081][169]LogPackageName: SearchForPackageOnDisk took   0.000s to resolve /Game/WeaponSystem-Simplified/WeaponComponents-Simplified/WC-S_FeedPort/_WC-S_Feedport_Base.
[2020.05.16-21.45.17:672][577]LogMetaData: Removing '/Game/WeaponSystem-Simplified/WeaponComponents-Simplified/WC-S_FireControl/_WC-S_FireControl_Base._WC-S_FireControl_Base_C' ref from Metadata '/Game/WeaponSystem-Simplified/WeaponComponents-Simplified/WC-S_FireControl_Variants/_WC-S_FireControl_Base.PackageMetaData'
[2020.05.16-21.45.17:672][577]LogMetaData: Removing '/Game/WeaponSystem-Simplified/WeaponComponents-Simplified/WC-S_FireControl/_WC-S_FireControl_Base.SKEL__WC-S_FireControl_Base_C' ref from Metadata '/Game/WeaponSystem-Simplified/WeaponComponents-Simplified/WC-S_FireControl_Variants/_WC-S_FireControl_Base.PackageMetaData'
[2020.05.16-21.45.17:672][577]LogMetaData: Removing '/Game/WeaponSystem-Simplified/WeaponComponents-Simplified/WC-S_FireControl/_WC-S_FireControl_Base._WC-S_FireControl_Base:EventGraph.K2Node_Event_0' ref from Metadata '/Game/WeaponSystem-Simplified/WeaponComponents-Simplified/WC-S_FireControl_Variants/_WC-S_FireControl_Base.PackageMetaData'
[2020.05.16-21.45.17:672][577]LogMetaData: Removing '/Game/WeaponSystem-Simplified/WeaponComponents-Simplified/WC-S_FireControl/_WC-S_FireControl_Base._WC-S_FireControl_Base:EventGraph.K2Node_CallParentFunction_0' ref from Metadata '/Game/WeaponSystem-Simplified/WeaponComponents-Simplified/WC-S_FireControl_Variants/_WC-S_FireControl_Base.PackageMetaData'
[2020.05.16-21.45.17:672][577]LogMetaData: Removing '/Game/WeaponSystem-Simplified/WeaponComponents-Simplified/WC-S_FireControl/_WC-S_FireControl_Base._WC-S_FireControl_Base:EventGraph.K2Node_Event_1' ref from Metadata '/Game/WeaponSystem-Simplified/WeaponComponents-Simplified/WC-S_FireControl_Variants/_WC-S_FireControl_Base.PackageMetaData'
[2020.05.16-21.45.17:672][577]LogMetaData: Removing '/Game/WeaponSystem-Simplified/WeaponComponents-Simplified/WC-S_FireControl/_WC-S_FireControl_Base._WC-S_FireControl_Base:EventGraph.K2Node_CallParentFunction_1' ref from Metadata '/Game/WeaponSystem-Simplified/WeaponComponents-Simplified/WC-S_FireControl_Variants/_WC-S_FireControl_Base.PackageMetaData'
[2020.05.16-21.45.17:672][577]LogMetaData: Removing '/Game/WeaponSystem-Simplified/WeaponComponents-Simplified/WC-S_FireControl/_WC-S_FireControl_Base.SKEL__WC-S_FireControl_Base_C:ReceiveBeginPlay' ref from Metadata '/Game/WeaponSystem-Simplified/WeaponComponents-Simplified/WC-S_FireControl_Variants/_WC-S_FireControl_Base.PackageMetaData'
[2020.05.16-21.45.17:672][577]LogMetaData: Removing '/Game/WeaponSystem-Simplified/WeaponComponents-Simplified/WC-S_FireControl/_WC-S_FireControl_Base.SKEL__WC-S_FireControl_Base_C:ReceiveTick' ref from Metadata '/Game/WeaponSystem-Simplified/WeaponComponents-Simplified/WC-S_FireControl_Variants/_WC-S_FireControl_Base.PackageMetaData'
[2020.05.16-21.45.17:718][577]LogSavePackage: Moving 'C:/Users/danny/Desktop/Systems_Sandbox/Systems_Sandbox/Saved/_WC-S_FireControl_Base33191AA04434DC6E7DFF7687AB44C494.tmp' to 'C:/Users/danny/Desktop/Systems_Sandbox/Systems_Sandbox/Content/WeaponSystem-Simplified/WeaponComponents-Simplified/WC-S_FireControl/_WC-S_FireControl_Base.uasset'
[2020.05.16-21.45.17:952][577]LogUObjectHash: Compacting FUObjectHashTables data took   3.05ms
[2020.05.16-21.45.17:991][577]LogUObjectHash: Compacting FUObjectHashTables data took   1.86ms
[2020.05.16-21.45.18:026][577]LogUObjectHash: Compacting FUObjectHashTables data took   0.80ms
[2020.05.16-21.45.18:117][578]LogPackageName: SearchForPackageOnDisk took   0.000s to resolve /Game/WeaponSystem-Simplified/WeaponComponents-Simplified/WC-S_FireControl/_WC-S_FireControl_Base.
[2020.05.16-21.45.22:324][ 55]LogMetaData: Removing '/Game/WeaponSystem-Simplified/WeaponComponents-Simplified/WC-S_Hammer/_WC-S_Hammer_Base._WC-S_Hammer_Base_C' ref from Metadata '/Game/WeaponSystem-Simplified/WeaponComponents-Simplified/WC-S_Hammer_Variants/_WC-S_Hammer_Base.PackageMetaData'
[2020.05.16-21.45.22:324][ 55]LogMetaData: Removing '/Game/WeaponSystem-Simplified/WeaponComponents-Simplified/WC-S_Hammer/_WC-S_Hammer_Base.SKEL__WC-S_Hammer_Base_C' ref from Metadata '/Game/WeaponSystem-Simplified/WeaponComponents-Simplified/WC-S_Hammer_Variants/_WC-S_Hammer_Base.PackageMetaData'
[2020.05.16-21.45.22:324][ 55]LogMetaData: Removing '/Game/WeaponSystem-Simplified/WeaponComponents-Simplified/WC-S_Hammer/_WC-S_Hammer_Base._WC-S_Hammer_Base:EventGraph.K2Node_Event_0' ref from Metadata '/Game/WeaponSystem-Simplified/WeaponComponents-Simplified/WC-S_Hammer_Variants/_WC-S_Hammer_Base.PackageMetaData'
[2020.05.16-21.45.22:324][ 55]LogMetaData: Removing '/Game/WeaponSystem-Simplified/WeaponComponents-Simplified/WC-S_Hammer/_WC-S_Hammer_Base._WC-S_Hammer_Base:EventGraph.K2Node_CallParentFunction_0' ref from Metadata '/Game/WeaponSystem-Simplified/WeaponComponents-Simplified/WC-S_Hammer_Variants/_WC-S_Hammer_Base.PackageMetaData'
[2020.05.16-21.45.22:324][ 55]LogMetaData: Removing '/Game/WeaponSystem-Simplified/WeaponComponents-Simplified/WC-S_Hammer/_WC-S_Hammer_Base._WC-S_Hammer_Base:EventGraph.K2Node_Event_1' ref from Metadata '/Game/WeaponSystem-Simplified/WeaponComponents-Simplified/WC-S_Hammer_Variants/_WC-S_Hammer_Base.PackageMetaData'
[2020.05.16-21.45.22:324][ 55]LogMetaData: Removing '/Game/WeaponSystem-Simplified/WeaponComponents-Simplified/WC-S_Hammer/_WC-S_Hammer_Base._WC-S_Hammer_Base:EventGraph.K2Node_CallParentFunction_1' ref from Metadata '/Game/WeaponSystem-Simplified/WeaponComponents-Simplified/WC-S_Hammer_Variants/_WC-S_Hammer_Base.PackageMetaData'
[2020.05.16-21.45.22:324][ 55]LogMetaData: Removing '/Game/WeaponSystem-Simplified/WeaponComponents-Simplified/WC-S_Hammer/_WC-S_Hammer_Base.SKEL__WC-S_Hammer_Base_C:ReceiveBeginPlay' ref from Metadata '/Game/WeaponSystem-Simplified/WeaponComponents-Simplified/WC-S_Hammer_Variants/_WC-S_Hammer_Base.PackageMetaData'
[2020.05.16-21.45.22:324][ 55]LogMetaData: Removing '/Game/WeaponSystem-Simplified/WeaponComponents-Simplified/WC-S_Hammer/_WC-S_Hammer_Base.SKEL__WC-S_Hammer_Base_C:ReceiveTick' ref from Metadata '/Game/WeaponSystem-Simplified/WeaponComponents-Simplified/WC-S_Hammer_Variants/_WC-S_Hammer_Base.PackageMetaData'
[2020.05.16-21.45.22:370][ 55]LogSavePackage: Moving 'C:/Users/danny/Desktop/Systems_Sandbox/Systems_Sandbox/Saved/_WC-S_Hammer_Base78F35D0F46B308894430C58A8A788AD8.tmp' to 'C:/Users/danny/Desktop/Systems_Sandbox/Systems_Sandbox/Content/WeaponSystem-Simplified/WeaponComponents-Simplified/WC-S_Hammer/_WC-S_Hammer_Base.uasset'
[2020.05.16-21.45.22:596][ 55]LogUObjectHash: Compacting FUObjectHashTables data took   2.23ms
[2020.05.16-21.45.22:636][ 55]LogUObjectHash: Compacting FUObjectHashTables data took   2.00ms
[2020.05.16-21.45.22:670][ 55]LogUObjectHash: Compacting FUObjectHashTables data took   0.70ms
[2020.05.16-21.45.22:830][ 65]LogPackageName: SearchForPackageOnDisk took   0.000s to resolve /Game/WeaponSystem-Simplified/WeaponComponents-Simplified/WC-S_Hammer/_WC-S_Hammer_Base.
[2020.05.16-21.45.27:076][549]LogMetaData: Removing '/Game/WeaponSystem-Simplified/WeaponComponents-Simplified/WC-S_Magizine/_WC-S_Magizine_Base._WC-S_Magizine_Base_C' ref from Metadata '/Game/WeaponSystem-Simplified/WeaponComponents-Simplified/WC-S_Magizine_Variants/_WC-S_Magizine_Base.PackageMetaData'
[2020.05.16-21.45.27:076][549]LogMetaData: Removing '/Game/WeaponSystem-Simplified/WeaponComponents-Simplified/WC-S_Magizine/_WC-S_Magizine_Base.SKEL__WC-S_Magizine_Base_C' ref from Metadata '/Game/WeaponSystem-Simplified/WeaponComponents-Simplified/WC-S_Magizine_Variants/_WC-S_Magizine_Base.PackageMetaData'
[2020.05.16-21.45.27:076][549]LogMetaData: Removing '/Game/WeaponSystem-Simplified/WeaponComponents-Simplified/WC-S_Magizine/_WC-S_Magizine_Base._WC-S_Magizine_Base:EventGraph.K2Node_Event_0' ref from Metadata '/Game/WeaponSystem-Simplified/WeaponComponents-Simplified/WC-S_Magizine_Variants/_WC-S_Magizine_Base.PackageMetaData'
[2020.05.16-21.45.27:076][549]LogMetaData: Removing '/Game/WeaponSystem-Simplified/WeaponComponents-Simplified/WC-S_Magizine/_WC-S_Magizine_Base._WC-S_Magizine_Base:EventGraph.K2Node_CallParentFunction_0' ref from Metadata '/Game/WeaponSystem-Simplified/WeaponComponents-Simplified/WC-S_Magizine_Variants/_WC-S_Magizine_Base.PackageMetaData'
[2020.05.16-21.45.27:076][549]LogMetaData: Removing '/Game/WeaponSystem-Simplified/WeaponComponents-Simplified/WC-S_Magizine/_WC-S_Magizine_Base._WC-S_Magizine_Base:EventGraph.K2Node_Event_1' ref from Metadata '/Game/WeaponSystem-Simplified/WeaponComponents-Simplified/WC-S_Magizine_Variants/_WC-S_Magizine_Base.PackageMetaData'
[2020.05.16-21.45.27:076][549]LogMetaData: Removing '/Game/WeaponSystem-Simplified/WeaponComponents-Simplified/WC-S_Magizine/_WC-S_Magizine_Base._WC-S_Magizine_Base:EventGraph.K2Node_CallParentFunction_1' ref from Metadata '/Game/WeaponSystem-Simplified/WeaponComponents-Simplified/WC-S_Magizine_Variants/_WC-S_Magizine_Base.PackageMetaData'
[2020.05.16-21.45.27:076][549]LogMetaData: Removing '/Game/WeaponSystem-Simplified/WeaponComponents-Simplified/WC-S_Magizine/_WC-S_Magizine_Base.SKEL__WC-S_Magizine_Base_C:ReceiveBeginPlay' ref from Metadata '/Game/WeaponSystem-Simplified/WeaponComponents-Simplified/WC-S_Magizine_Variants/_WC-S_Magizine_Base.PackageMetaData'
[2020.05.16-21.45.27:076][549]LogMetaData: Removing '/Game/WeaponSystem-Simplified/WeaponComponents-Simplified/WC-S_Magizine/_WC-S_Magizine_Base.SKEL__WC-S_Magizine_Base_C:ReceiveTick' ref from Metadata '/Game/WeaponSystem-Simplified/WeaponComponents-Simplified/WC-S_Magizine_Variants/_WC-S_Magizine_Base.PackageMetaData'
[2020.05.16-21.45.27:124][549]LogSavePackage: Moving 'C:/Users/danny/Desktop/Systems_Sandbox/Systems_Sandbox/Saved/_WC-S_Magizine_Base44EDB28E4E84A806F067909A4197F814.tmp' to 'C:/Users/danny/Desktop/Systems_Sandbox/Systems_Sandbox/Content/WeaponSystem-Simplified/WeaponComponents-Simplified/WC-S_Magizine/_WC-S_Magizine_Base.uasset'
[2020.05.16-21.45.27:320][549]LogUObjectHash: Compacting FUObjectHashTables data took   3.93ms
[2020.05.16-21.45.27:364][549]LogUObjectHash: Compacting FUObjectHashTables data took   2.00ms
[2020.05.16-21.45.27:399][549]LogUObjectHash: Compacting FUObjectHashTables data took   0.88ms
[2020.05.16-21.45.27:569][559]LogPackageName: SearchForPackageOnDisk took   0.000s to resolve /Game/WeaponSystem-Simplified/WeaponComponents-Simplified/WC-S_Magizine/_WC-S_Magizine_Base.
[2020.05.16-21.45.30:857][926]LogMetaData: Removing '/Game/WeaponSystem-Simplified/WeaponComponents-Simplified/WC-S_Muzzle/_WC-S_Muzzle_Base._WC-S_Muzzle_Base_C' ref from Metadata '/Game/WeaponSystem-Simplified/WeaponComponents-Simplified/WC-S_Muzzle_Variants/_WC-S_Muzzle_Base.PackageMetaData'
[2020.05.16-21.45.30:857][926]LogMetaData: Removing '/Game/WeaponSystem-Simplified/WeaponComponents-Simplified/WC-S_Muzzle/_WC-S_Muzzle_Base.SKEL__WC-S_Muzzle_Base_C' ref from Metadata '/Game/WeaponSystem-Simplified/WeaponComponents-Simplified/WC-S_Muzzle_Variants/_WC-S_Muzzle_Base.PackageMetaData'
[2020.05.16-21.45.30:857][926]LogMetaData: Removing '/Game/WeaponSystem-Simplified/WeaponComponents-Simplified/WC-S_Muzzle/_WC-S_Muzzle_Base._WC-S_Muzzle_Base:EventGraph.K2Node_Event_0' ref from Metadata '/Game/WeaponSystem-Simplified/WeaponComponents-Simplified/WC-S_Muzzle_Variants/_WC-S_Muzzle_Base.PackageMetaData'
[2020.05.16-21.45.30:857][926]LogMetaData: Removing '/Game/WeaponSystem-Simplified/WeaponComponents-Simplified/WC-S_Muzzle/_WC-S_Muzzle_Base._WC-S_Muzzle_Base:EventGraph.K2Node_CallParentFunction_0' ref from Metadata '/Game/WeaponSystem-Simplified/WeaponComponents-Simplified/WC-S_Muzzle_Variants/_WC-S_Muzzle_Base.PackageMetaData'
[2020.05.16-21.45.30:857][926]LogMetaData: Removing '/Game/WeaponSystem-Simplified/WeaponComponents-Simplified/WC-S_Muzzle/_WC-S_Muzzle_Base._WC-S_Muzzle_Base:EventGraph.K2Node_Event_1' ref from Metadata '/Game/WeaponSystem-Simplified/WeaponComponents-Simplified/WC-S_Muzzle_Variants/_WC-S_Muzzle_Base.PackageMetaData'
[2020.05.16-21.45.30:857][926]LogMetaData: Removing '/Game/WeaponSystem-Simplified/WeaponComponents-Simplified/WC-S_Muzzle/_WC-S_Muzzle_Base._WC-S_Muzzle_Base:EventGraph.K2Node_CallParentFunction_1' ref from Metadata '/Game/WeaponSystem-Simplified/WeaponComponents-Simplified/WC-S_Muzzle_Variants/_WC-S_Muzzle_Base.PackageMetaData'
[2020.05.16-21.45.30:857][926]LogMetaData: Removing '/Game/WeaponSystem-Simplified/WeaponComponents-Simplified/WC-S_Muzzle/_WC-S_Muzzle_Base.SKEL__WC-S_Muzzle_Base_C:ReceiveBeginPlay' ref from Metadata '/Game/WeaponSystem-Simplified/WeaponComponents-Simplified/WC-S_Muzzle_Variants/_WC-S_Muzzle_Base.PackageMetaData'
[2020.05.16-21.45.30:857][926]LogMetaData: Removing '/Game/WeaponSystem-Simplified/WeaponComponents-Simplified/WC-S_Muzzle/_WC-S_Muzzle_Base.SKEL__WC-S_Muzzle_Base_C:ReceiveTick' ref from Metadata '/Game/WeaponSystem-Simplified/WeaponComponents-Simplified/WC-S_Muzzle_Variants/_WC-S_Muzzle_Base.PackageMetaData'
[2020.05.16-21.45.30:902][926]LogSavePackage: Moving 'C:/Users/danny/Desktop/Systems_Sandbox/Systems_Sandbox/Saved/_WC-S_Muzzle_Base312987694B49A46DA20C6693FC2BF628.tmp' to 'C:/Users/danny/Desktop/Systems_Sandbox/Systems_Sandbox/Content/WeaponSystem-Simplified/WeaponComponents-Simplified/WC-S_Muzzle/_WC-S_Muzzle_Base.uasset'
[2020.05.16-21.45.31:137][926]LogUObjectHash: Compacting FUObjectHashTables data took   2.36ms
[2020.05.16-21.45.31:176][926]LogUObjectHash: Compacting FUObjectHashTables data took   1.94ms
[2020.05.16-21.45.31:209][926]LogUObjectHash: Compacting FUObjectHashTables data took   1.24ms
[2020.05.16-21.45.31:297][927]LogPackageName: SearchForPackageOnDisk took   0.000s to resolve /Game/WeaponSystem-Simplified/WeaponComponents-Simplified/WC-S_Muzzle/_WC-S_Muzzle_Base.
[2020.05.16-21.45.34:981][346]LogMetaData: Removing '/Game/WeaponSystem-Simplified/WeaponComponents-Simplified/WC-S_Trigger/_WC-S_Trigger_Base._WC-S_Trigger_Base_C' ref from Metadata '/Game/WeaponSystem-Simplified/WeaponComponents-Simplified/WC-S_Trigger_Variants/_WC-S_Trigger_Base.PackageMetaData'
[2020.05.16-21.45.34:981][346]LogMetaData: Removing '/Game/WeaponSystem-Simplified/WeaponComponents-Simplified/WC-S_Trigger/_WC-S_Trigger_Base.SKEL__WC-S_Trigger_Base_C' ref from Metadata '/Game/WeaponSystem-Simplified/WeaponComponents-Simplified/WC-S_Trigger_Variants/_WC-S_Trigger_Base.PackageMetaData'
[2020.05.16-21.45.34:981][346]LogMetaData: Removing '/Game/WeaponSystem-Simplified/WeaponComponents-Simplified/WC-S_Trigger/_WC-S_Trigger_Base._WC-S_Trigger_Base:EventGraph.K2Node_Event_0' ref from Metadata '/Game/WeaponSystem-Simplified/WeaponComponents-Simplified/WC-S_Trigger_Variants/_WC-S_Trigger_Base.PackageMetaData'
[2020.05.16-21.45.34:981][346]LogMetaData: Removing '/Game/WeaponSystem-Simplified/WeaponComponents-Simplified/WC-S_Trigger/_WC-S_Trigger_Base._WC-S_Trigger_Base:EventGraph.K2Node_CallParentFunction_0' ref from Metadata '/Game/WeaponSystem-Simplified/WeaponComponents-Simplified/WC-S_Trigger_Variants/_WC-S_Trigger_Base.PackageMetaData'
[2020.05.16-21.45.34:981][346]LogMetaData: Removing '/Game/WeaponSystem-Simplified/WeaponComponents-Simplified/WC-S_Trigger/_WC-S_Trigger_Base._WC-S_Trigger_Base:EventGraph.K2Node_Event_1' ref from Metadata '/Game/WeaponSystem-Simplified/WeaponComponents-Simplified/WC-S_Trigger_Variants/_WC-S_Trigger_Base.PackageMetaData'
[2020.05.16-21.45.34:981][346]LogMetaData: Removing '/Game/WeaponSystem-Simplified/WeaponComponents-Simplified/WC-S_Trigger/_WC-S_Trigger_Base._WC-S_Trigger_Base:EventGraph.K2Node_CallParentFunction_1' ref from Metadata '/Game/WeaponSystem-Simplified/WeaponComponents-Simplified/WC-S_Trigger_Variants/_WC-S_Trigger_Base.PackageMetaData'
[2020.05.16-21.45.34:981][346]LogMetaData: Removing '/Game/WeaponSystem-Simplified/WeaponComponents-Simplified/WC-S_Trigger/_WC-S_Trigger_Base.SKEL__WC-S_Trigger_Base_C:ReceiveBeginPlay' ref from Metadata '/Game/WeaponSystem-Simplified/WeaponComponents-Simplified/WC-S_Trigger_Variants/_WC-S_Trigger_Base.PackageMetaData'
[2020.05.16-21.45.34:981][346]LogMetaData: Removing '/Game/WeaponSystem-Simplified/WeaponComponents-Simplified/WC-S_Trigger/_WC-S_Trigger_Base.SKEL__WC-S_Trigger_Base_C:ReceiveTick' ref from Metadata '/Game/WeaponSystem-Simplified/WeaponComponents-Simplified/WC-S_Trigger_Variants/_WC-S_Trigger_Base.PackageMetaData'
[2020.05.16-21.45.35:026][346]LogSavePackage: Moving 'C:/Users/danny/Desktop/Systems_Sandbox/Systems_Sandbox/Saved/_WC-S_Trigger_Base2D8511194125E20BDB0C049155A7ED64.tmp' to 'C:/Users/danny/Desktop/Systems_Sandbox/Systems_Sandbox/Content/WeaponSystem-Simplified/WeaponComponents-Simplified/WC-S_Trigger/_WC-S_Trigger_Base.uasset'
[2020.05.16-21.45.35:266][346]LogUObjectHash: Compacting FUObjectHashTables data took   2.24ms
[2020.05.16-21.45.35:305][346]LogUObjectHash: Compacting FUObjectHashTables data took   2.15ms
[2020.05.16-21.45.35:344][346]LogUObjectHash: Compacting FUObjectHashTables data took   0.74ms
[2020.05.16-21.45.35:434][347]LogPackageName: SearchForPackageOnDisk took   0.000s to resolve /Game/WeaponSystem-Simplified/WeaponComponents-Simplified/WC-S_Trigger/_WC-S_Trigger_Base.
[2020.05.16-21.45.44:741][395]LogUObjectHash: Compacting FUObjectHashTables data took   2.58ms
[2020.05.16-21.45.44:746][395]LogMetaData: Removing '/Game/WeaponSystem-Simplified/WeaponComponents-Simplified/WC-S_Bolt/WC-S_Bolt_Base.WC-S_Bolt_Base_C' ref from Metadata '/Game/WeaponSystem-Simplified/WeaponComponents-Simplified/WC-S_Bolt/_WC-S_Bolt_Base.PackageMetaData'
[2020.05.16-21.45.44:746][395]LogMetaData: Removing '/Game/WeaponSystem-Simplified/WeaponComponents-Simplified/WC-S_Bolt/WC-S_Bolt_Base.SKEL_WC-S_Bolt_Base_C' ref from Metadata '/Game/WeaponSystem-Simplified/WeaponComponents-Simplified/WC-S_Bolt/_WC-S_Bolt_Base.PackageMetaData'
[2020.05.16-21.45.44:746][395]LogMetaData: Removing '/Game/WeaponSystem-Simplified/WeaponComponents-Simplified/WC-S_Bolt/WC-S_Bolt_Base.WC-S_Bolt_Base:EventGraph.K2Node_Event_0' ref from Metadata '/Game/WeaponSystem-Simplified/WeaponComponents-Simplified/WC-S_Bolt/_WC-S_Bolt_Base.PackageMetaData'
[2020.05.16-21.45.44:746][395]LogMetaData: Removing '/Game/WeaponSystem-Simplified/WeaponComponents-Simplified/WC-S_Bolt/WC-S_Bolt_Base.WC-S_Bolt_Base:EventGraph.K2Node_CallParentFunction_0' ref from Metadata '/Game/WeaponSystem-Simplified/WeaponComponents-Simplified/WC-S_Bolt/_WC-S_Bolt_Base.PackageMetaData'
[2020.05.16-21.45.44:746][395]LogMetaData: Removing '/Game/WeaponSystem-Simplified/WeaponComponents-Simplified/WC-S_Bolt/WC-S_Bolt_Base.WC-S_Bolt_Base:EventGraph.K2Node_Event_1' ref from Metadata '/Game/WeaponSystem-Simplified/WeaponComponents-Simplified/WC-S_Bolt/_WC-S_Bolt_Base.PackageMetaData'
[2020.05.16-21.45.44:746][395]LogMetaData: Removing '/Game/WeaponSystem-Simplified/WeaponComponents-Simplified/WC-S_Bolt/WC-S_Bolt_Base.WC-S_Bolt_Base:EventGraph.K2Node_CallParentFunction_1' ref from Metadata '/Game/WeaponSystem-Simplified/WeaponComponents-Simplified/WC-S_Bolt/_WC-S_Bolt_Base.PackageMetaData'
[2020.05.16-21.45.44:795][395]LogSavePackage: Moving 'C:/Users/danny/Desktop/Systems_Sandbox/Systems_Sandbox/Saved/WC-S_Bolt_Base2C5EFA9045C5D07CA91F81B925A3FB32.tmp' to 'C:/Users/danny/Desktop/Systems_Sandbox/Systems_Sandbox/Content/WeaponSystem-Simplified/WeaponComponents-Simplified/WC-S_Bolt/WC-S_Bolt_Base.uasset'
[2020.05.16-21.45.45:028][395]LogUObjectHash: Compacting FUObjectHashTables data took   2.24ms
[2020.05.16-21.45.45:066][395]LogUObjectHash: Compacting FUObjectHashTables data took   1.95ms
[2020.05.16-21.45.45:100][395]LogUObjectHash: Compacting FUObjectHashTables data took   0.71ms
[2020.05.16-21.45.45:190][399]LogPackageName: SearchForPackageOnDisk took   0.000s to resolve /Game/WeaponSystem-Simplified/WeaponComponents-Simplified/WC-S_Bolt/WC-S_Bolt_Base.
[2020.05.16-21.46.00:560][167]LogUObjectHash: Compacting FUObjectHashTables data took   2.99ms
[2020.05.16-21.46.00:564][167]LogMetaData: Removing '/Game/WeaponSystem-Simplified/WeaponComponents-Simplified/WC-S_Chamber/WC-S_Chamber_Base.WC-S_Chamber_Base_C' ref from Metadata '/Game/WeaponSystem-Simplified/WeaponComponents-Simplified/WC-S_Chamber/_WC-S_Chamber_Base.PackageMetaData'
[2020.05.16-21.46.00:564][167]LogMetaData: Removing '/Game/WeaponSystem-Simplified/WeaponComponents-Simplified/WC-S_Chamber/WC-S_Chamber_Base.SKEL_WC-S_Chamber_Base_C' ref from Metadata '/Game/WeaponSystem-Simplified/WeaponComponents-Simplified/WC-S_Chamber/_WC-S_Chamber_Base.PackageMetaData'
[2020.05.16-21.46.00:564][167]LogMetaData: Removing '/Game/WeaponSystem-Simplified/WeaponComponents-Simplified/WC-S_Chamber/WC-S_Chamber_Base.WC-S_Chamber_Base:EventGraph.K2Node_Event_0' ref from Metadata '/Game/WeaponSystem-Simplified/WeaponComponents-Simplified/WC-S_Chamber/_WC-S_Chamber_Base.PackageMetaData'
[2020.05.16-21.46.00:564][167]LogMetaData: Removing '/Game/WeaponSystem-Simplified/WeaponComponents-Simplified/WC-S_Chamber/WC-S_Chamber_Base.WC-S_Chamber_Base:EventGraph.K2Node_CallParentFunction_0' ref from Metadata '/Game/WeaponSystem-Simplified/WeaponComponents-Simplified/WC-S_Chamber/_WC-S_Chamber_Base.PackageMetaData'
[2020.05.16-21.46.00:564][167]LogMetaData: Removing '/Game/WeaponSystem-Simplified/WeaponComponents-Simplified/WC-S_Chamber/WC-S_Chamber_Base.WC-S_Chamber_Base:EventGraph.K2Node_Event_1' ref from Metadata '/Game/WeaponSystem-Simplified/WeaponComponents-Simplified/WC-S_Chamber/_WC-S_Chamber_Base.PackageMetaData'
[2020.05.16-21.46.00:564][167]LogMetaData: Removing '/Game/WeaponSystem-Simplified/WeaponComponents-Simplified/WC-S_Chamber/WC-S_Chamber_Base.WC-S_Chamber_Base:EventGraph.K2Node_CallParentFunction_1' ref from Metadata '/Game/WeaponSystem-Simplified/WeaponComponents-Simplified/WC-S_Chamber/_WC-S_Chamber_Base.PackageMetaData'
[2020.05.16-21.46.00:611][167]LogSavePackage: Moving 'C:/Users/danny/Desktop/Systems_Sandbox/Systems_Sandbox/Saved/WC-S_Chamber_Base733C55B34889831775F49091A48B3B74.tmp' to 'C:/Users/danny/Desktop/Systems_Sandbox/Systems_Sandbox/Content/WeaponSystem-Simplified/WeaponComponents-Simplified/WC-S_Chamber/WC-S_Chamber_Base.uasset'
[2020.05.16-21.46.00:829][167]LogUObjectHash: Compacting FUObjectHashTables data took   5.39ms
[2020.05.16-21.46.00:877][167]LogUObjectHash: Compacting FUObjectHashTables data took   3.47ms
[2020.05.16-21.46.00:913][167]LogUObjectHash: Compacting FUObjectHashTables data took   0.75ms
[2020.05.16-21.46.01:002][171]LogPackageName: SearchForPackageOnDisk took   0.000s to resolve /Game/WeaponSystem-Simplified/WeaponComponents-Simplified/WC-S_Chamber/WC-S_Chamber_Base.
[2020.05.16-21.46.37:873][321]LogUObjectHash: Compacting FUObjectHashTables data took   2.26ms
[2020.05.16-21.46.37:873][321]LogFileHelpers: Editor autosave (incl. sublevels) for '/Game/FirstPersonBP/Maps/FirstPersonExampleMap' took 0.033
[2020.05.16-21.46.37:875][321]OBJ SavePackage: Generating thumbnails for [1] asset(s) in package [/Game/WeaponSystem/Actor/WeaponSystem_BP] ([1] browsable assets)...
[2020.05.16-21.46.37:888][321]OBJ SavePackage:     Rendered thumbnail for [Blueprint /Game/WeaponSystem/Actor/WeaponSystem_BP.WeaponSystem_BP]
[2020.05.16-21.46.37:888][321]OBJ SavePackage: Finished generating thumbnails for package [/Game/WeaponSystem/Actor/WeaponSystem_BP]
[2020.05.16-21.46.38:216][321]LogSavePackage: Moving 'C:/Users/danny/Desktop/Systems_Sandbox/Systems_Sandbox/Saved/WeaponSystem_BP_Auto382D849E7403B17B7643254B558AABBD6.tmp' to 'C:/Users/danny/Desktop/Systems_Sandbox/Systems_Sandbox/Saved/Autosaves/Game/WeaponSystem/Actor/WeaponSystem_BP_Auto3.uasset'
[2020.05.16-21.46.38:218][321]LogFileHelpers: Auto-saving content packages took 0.344
[2020.05.16-21.46.44:837][ 74]LogUObjectHash: Compacting FUObjectHashTables data took   2.71ms
[2020.05.16-21.46.44:841][ 74]LogMetaData: Removing '/Game/WeaponSystem-Simplified/WeaponComponents-Simplified/WC-S_FeedPort/WC-S_Feedport_Base.WC-S_Feedport_Base_C' ref from Metadata '/Game/WeaponSystem-Simplified/WeaponComponents-Simplified/WC-S_FeedPort/_WC-S_Feedport_Base.PackageMetaData'
[2020.05.16-21.46.44:841][ 74]LogMetaData: Removing '/Game/WeaponSystem-Simplified/WeaponComponents-Simplified/WC-S_FeedPort/WC-S_Feedport_Base.SKEL_WC-S_Feedport_Base_C' ref from Metadata '/Game/WeaponSystem-Simplified/WeaponComponents-Simplified/WC-S_FeedPort/_WC-S_Feedport_Base.PackageMetaData'
[2020.05.16-21.46.44:841][ 74]LogMetaData: Removing '/Game/WeaponSystem-Simplified/WeaponComponents-Simplified/WC-S_FeedPort/WC-S_Feedport_Base.WC-S_Feedport_Base:EventGraph.K2Node_Event_0' ref from Metadata '/Game/WeaponSystem-Simplified/WeaponComponents-Simplified/WC-S_FeedPort/_WC-S_Feedport_Base.PackageMetaData'
[2020.05.16-21.46.44:841][ 74]LogMetaData: Removing '/Game/WeaponSystem-Simplified/WeaponComponents-Simplified/WC-S_FeedPort/WC-S_Feedport_Base.WC-S_Feedport_Base:EventGraph.K2Node_CallParentFunction_0' ref from Metadata '/Game/WeaponSystem-Simplified/WeaponComponents-Simplified/WC-S_FeedPort/_WC-S_Feedport_Base.PackageMetaData'
[2020.05.16-21.46.44:841][ 74]LogMetaData: Removing '/Game/WeaponSystem-Simplified/WeaponComponents-Simplified/WC-S_FeedPort/WC-S_Feedport_Base.WC-S_Feedport_Base:EventGraph.K2Node_Event_1' ref from Metadata '/Game/WeaponSystem-Simplified/WeaponComponents-Simplified/WC-S_FeedPort/_WC-S_Feedport_Base.PackageMetaData'
[2020.05.16-21.46.44:841][ 74]LogMetaData: Removing '/Game/WeaponSystem-Simplified/WeaponComponents-Simplified/WC-S_FeedPort/WC-S_Feedport_Base.WC-S_Feedport_Base:EventGraph.K2Node_CallParentFunction_1' ref from Metadata '/Game/WeaponSystem-Simplified/WeaponComponents-Simplified/WC-S_FeedPort/_WC-S_Feedport_Base.PackageMetaData'
[2020.05.16-21.46.44:887][ 74]LogSavePackage: Moving 'C:/Users/danny/Desktop/Systems_Sandbox/Systems_Sandbox/Saved/WC-S_Feedport_Base3093B2E847280C113FA0C3B867DC8D4C.tmp' to 'C:/Users/danny/Desktop/Systems_Sandbox/Systems_Sandbox/Content/WeaponSystem-Simplified/WeaponComponents-Simplified/WC-S_FeedPort/WC-S_Feedport_Base.uasset'
[2020.05.16-21.46.45:109][ 74]LogUObjectHash: Compacting FUObjectHashTables data took   2.75ms
[2020.05.16-21.46.45:153][ 74]LogUObjectHash: Compacting FUObjectHashTables data took   1.90ms
[2020.05.16-21.46.45:187][ 74]LogUObjectHash: Compacting FUObjectHashTables data took   0.73ms
[2020.05.16-21.46.45:293][ 80]LogPackageName: SearchForPackageOnDisk took   0.000s to resolve /Game/WeaponSystem-Simplified/WeaponComponents-Simplified/WC-S_FeedPort/WC-S_Feedport_Base.
[2020.05.16-21.47.01:266][951]LogSavePackage: Moving 'C:/Users/danny/Desktop/Systems_Sandbox/Systems_Sandbox/Saved/WC-S_Feedport_Base8F738E284913FC980193AC92D85C7452.tmp' to 'C:/Users/danny/Desktop/Systems_Sandbox/Systems_Sandbox/Content/WeaponSystem-Simplified/WeaponComponents-Simplified/WC-S_FeedPort/WC-S_Feedport_Base.uasset'
[2020.05.16-21.47.01:556][951]LogUObjectHash: Compacting FUObjectHashTables data took   2.06ms
[2020.05.16-21.47.12:975][272]LogUObjectHash: Compacting FUObjectHashTables data took   2.58ms
[2020.05.16-21.47.12:979][272]LogMetaData: Removing '/Game/WeaponSystem-Simplified/WeaponComponents-Simplified/WC-S_FireControl/WC-S_FireControl_Base.WC-S_FireControl_Base_C' ref from Metadata '/Game/WeaponSystem-Simplified/WeaponComponents-Simplified/WC-S_FireControl/_WC-S_FireControl_Base.PackageMetaData'
[2020.05.16-21.47.12:979][272]LogMetaData: Removing '/Game/WeaponSystem-Simplified/WeaponComponents-Simplified/WC-S_FireControl/WC-S_FireControl_Base.SKEL_WC-S_FireControl_Base_C' ref from Metadata '/Game/WeaponSystem-Simplified/WeaponComponents-Simplified/WC-S_FireControl/_WC-S_FireControl_Base.PackageMetaData'
[2020.05.16-21.47.12:979][272]LogMetaData: Removing '/Game/WeaponSystem-Simplified/WeaponComponents-Simplified/WC-S_FireControl/WC-S_FireControl_Base.WC-S_FireControl_Base:EventGraph.K2Node_Event_0' ref from Metadata '/Game/WeaponSystem-Simplified/WeaponComponents-Simplified/WC-S_FireControl/_WC-S_FireControl_Base.PackageMetaData'
[2020.05.16-21.47.12:979][272]LogMetaData: Removing '/Game/WeaponSystem-Simplified/WeaponComponents-Simplified/WC-S_FireControl/WC-S_FireControl_Base.WC-S_FireControl_Base:EventGraph.K2Node_CallParentFunction_0' ref from Metadata '/Game/WeaponSystem-Simplified/WeaponComponents-Simplified/WC-S_FireControl/_WC-S_FireControl_Base.PackageMetaData'
[2020.05.16-21.47.12:979][272]LogMetaData: Removing '/Game/WeaponSystem-Simplified/WeaponComponents-Simplified/WC-S_FireControl/WC-S_FireControl_Base.WC-S_FireControl_Base:EventGraph.K2Node_Event_1' ref from Metadata '/Game/WeaponSystem-Simplified/WeaponComponents-Simplified/WC-S_FireControl/_WC-S_FireControl_Base.PackageMetaData'
[2020.05.16-21.47.12:979][272]LogMetaData: Removing '/Game/WeaponSystem-Simplified/WeaponComponents-Simplified/WC-S_FireControl/WC-S_FireControl_Base.WC-S_FireControl_Base:EventGraph.K2Node_CallParentFunction_1' ref from Metadata '/Game/WeaponSystem-Simplified/WeaponComponents-Simplified/WC-S_FireControl/_WC-S_FireControl_Base.PackageMetaData'
[2020.05.16-21.47.13:024][272]LogSavePackage: Moving 'C:/Users/danny/Desktop/Systems_Sandbox/Systems_Sandbox/Saved/WC-S_FireControl_Base25860E7844B8567413F5D5BE66926CC0.tmp' to 'C:/Users/danny/Desktop/Systems_Sandbox/Systems_Sandbox/Content/WeaponSystem-Simplified/WeaponComponents-Simplified/WC-S_FireControl/WC-S_FireControl_Base.uasset'
[2020.05.16-21.47.13:220][272]LogUObjectHash: Compacting FUObjectHashTables data took   2.94ms
[2020.05.16-21.47.13:264][272]LogUObjectHash: Compacting FUObjectHashTables data took   1.92ms
[2020.05.16-21.47.13:302][272]LogUObjectHash: Compacting FUObjectHashTables data took   0.79ms
[2020.05.16-21.47.13:378][274]LogPackageName: SearchForPackageOnDisk took   0.000s to resolve /Game/WeaponSystem-Simplified/WeaponComponents-Simplified/WC-S_FireControl/WC-S_FireControl_Base.
[2020.05.16-21.47.31:110][114]LogUObjectHash: Compacting FUObjectHashTables data took   3.11ms
[2020.05.16-21.47.31:113][114]LogMetaData: Removing '/Game/WeaponSystem-Simplified/WeaponComponents-Simplified/WC-S_Hammer/WC-S_Hammer_Base.WC-S_Hammer_Base_C' ref from Metadata '/Game/WeaponSystem-Simplified/WeaponComponents-Simplified/WC-S_Hammer/_WC-S_Hammer_Base.PackageMetaData'
[2020.05.16-21.47.31:113][114]LogMetaData: Removing '/Game/WeaponSystem-Simplified/WeaponComponents-Simplified/WC-S_Hammer/WC-S_Hammer_Base.SKEL_WC-S_Hammer_Base_C' ref from Metadata '/Game/WeaponSystem-Simplified/WeaponComponents-Simplified/WC-S_Hammer/_WC-S_Hammer_Base.PackageMetaData'
[2020.05.16-21.47.31:114][114]LogMetaData: Removing '/Game/WeaponSystem-Simplified/WeaponComponents-Simplified/WC-S_Hammer/WC-S_Hammer_Base.WC-S_Hammer_Base:EventGraph.K2Node_Event_0' ref from Metadata '/Game/WeaponSystem-Simplified/WeaponComponents-Simplified/WC-S_Hammer/_WC-S_Hammer_Base.PackageMetaData'
[2020.05.16-21.47.31:114][114]LogMetaData: Removing '/Game/WeaponSystem-Simplified/WeaponComponents-Simplified/WC-S_Hammer/WC-S_Hammer_Base.WC-S_Hammer_Base:EventGraph.K2Node_CallParentFunction_0' ref from Metadata '/Game/WeaponSystem-Simplified/WeaponComponents-Simplified/WC-S_Hammer/_WC-S_Hammer_Base.PackageMetaData'
[2020.05.16-21.47.31:114][114]LogMetaData: Removing '/Game/WeaponSystem-Simplified/WeaponComponents-Simplified/WC-S_Hammer/WC-S_Hammer_Base.WC-S_Hammer_Base:EventGraph.K2Node_Event_1' ref from Metadata '/Game/WeaponSystem-Simplified/WeaponComponents-Simplified/WC-S_Hammer/_WC-S_Hammer_Base.PackageMetaData'
[2020.05.16-21.47.31:114][114]LogMetaData: Removing '/Game/WeaponSystem-Simplified/WeaponComponents-Simplified/WC-S_Hammer/WC-S_Hammer_Base.WC-S_Hammer_Base:EventGraph.K2Node_CallParentFunction_1' ref from Metadata '/Game/WeaponSystem-Simplified/WeaponComponents-Simplified/WC-S_Hammer/_WC-S_Hammer_Base.PackageMetaData'
[2020.05.16-21.47.31:160][114]LogSavePackage: Moving 'C:/Users/danny/Desktop/Systems_Sandbox/Systems_Sandbox/Saved/WC-S_Hammer_Base0DC5AC2448D5C0D82B25F3831D769847.tmp' to 'C:/Users/danny/Desktop/Systems_Sandbox/Systems_Sandbox/Content/WeaponSystem-Simplified/WeaponComponents-Simplified/WC-S_Hammer/WC-S_Hammer_Base.uasset'
[2020.05.16-21.47.31:349][114]LogUObjectHash: Compacting FUObjectHashTables data took   3.16ms
[2020.05.16-21.47.31:394][114]LogUObjectHash: Compacting FUObjectHashTables data took   2.02ms
[2020.05.16-21.47.31:430][114]LogUObjectHash: Compacting FUObjectHashTables data took   0.70ms
[2020.05.16-21.47.31:505][116]LogPackageName: SearchForPackageOnDisk took   0.000s to resolve /Game/WeaponSystem-Simplified/WeaponComponents-Simplified/WC-S_Hammer/WC-S_Hammer_Base.
[2020.05.16-21.47.43:072][454]LogUObjectHash: Compacting FUObjectHashTables data took   3.26ms
[2020.05.16-21.47.43:077][454]LogMetaData: Removing '/Game/WeaponSystem-Simplified/WeaponComponents-Simplified/WC-S_Magizine/WC-S_Magizine_Base.WC-S_Magizine_Base_C' ref from Metadata '/Game/WeaponSystem-Simplified/WeaponComponents-Simplified/WC-S_Magizine/_WC-S_Magizine_Base.PackageMetaData'
[2020.05.16-21.47.43:077][454]LogMetaData: Removing '/Game/WeaponSystem-Simplified/WeaponComponents-Simplified/WC-S_Magizine/WC-S_Magizine_Base.SKEL_WC-S_Magizine_Base_C' ref from Metadata '/Game/WeaponSystem-Simplified/WeaponComponents-Simplified/WC-S_Magizine/_WC-S_Magizine_Base.PackageMetaData'
[2020.05.16-21.47.43:077][454]LogMetaData: Removing '/Game/WeaponSystem-Simplified/WeaponComponents-Simplified/WC-S_Magizine/WC-S_Magizine_Base.WC-S_Magizine_Base:EventGraph.K2Node_Event_0' ref from Metadata '/Game/WeaponSystem-Simplified/WeaponComponents-Simplified/WC-S_Magizine/_WC-S_Magizine_Base.PackageMetaData'
[2020.05.16-21.47.43:077][454]LogMetaData: Removing '/Game/WeaponSystem-Simplified/WeaponComponents-Simplified/WC-S_Magizine/WC-S_Magizine_Base.WC-S_Magizine_Base:EventGraph.K2Node_CallParentFunction_0' ref from Metadata '/Game/WeaponSystem-Simplified/WeaponComponents-Simplified/WC-S_Magizine/_WC-S_Magizine_Base.PackageMetaData'
[2020.05.16-21.47.43:078][454]LogMetaData: Removing '/Game/WeaponSystem-Simplified/WeaponComponents-Simplified/WC-S_Magizine/WC-S_Magizine_Base.WC-S_Magizine_Base:EventGraph.K2Node_Event_1' ref from Metadata '/Game/WeaponSystem-Simplified/WeaponComponents-Simplified/WC-S_Magizine/_WC-S_Magizine_Base.PackageMetaData'
[2020.05.16-21.47.43:078][454]LogMetaData: Removing '/Game/WeaponSystem-Simplified/WeaponComponents-Simplified/WC-S_Magizine/WC-S_Magizine_Base.WC-S_Magizine_Base:EventGraph.K2Node_CallParentFunction_1' ref from Metadata '/Game/WeaponSystem-Simplified/WeaponComponents-Simplified/WC-S_Magizine/_WC-S_Magizine_Base.PackageMetaData'
[2020.05.16-21.47.43:123][454]LogSavePackage: Moving 'C:/Users/danny/Desktop/Systems_Sandbox/Systems_Sandbox/Saved/WC-S_Magizine_Base718C3DF54B8F518A5BCBA79078F35BD6.tmp' to 'C:/Users/danny/Desktop/Systems_Sandbox/Systems_Sandbox/Content/WeaponSystem-Simplified/WeaponComponents-Simplified/WC-S_Magizine/WC-S_Magizine_Base.uasset'
[2020.05.16-21.47.43:319][454]LogUObjectHash: Compacting FUObjectHashTables data took   4.86ms
[2020.05.16-21.47.43:371][454]LogUObjectHash: Compacting FUObjectHashTables data took   2.00ms
[2020.05.16-21.47.43:412][454]LogUObjectHash: Compacting FUObjectHashTables data took   0.81ms
[2020.05.16-21.47.43:481][455]LogPackageName: SearchForPackageOnDisk took   0.000s to resolve /Game/WeaponSystem-Simplified/WeaponComponents-Simplified/WC-S_Magizine/WC-S_Magizine_Base.
[2020.05.16-21.47.55:584][858]LogUObjectHash: Compacting FUObjectHashTables data took   3.85ms
[2020.05.16-21.47.55:588][858]LogMetaData: Removing '/Game/WeaponSystem-Simplified/WeaponComponents-Simplified/WC-S_Muzzle/WC-S_Muzzle_Base.WC-S_Muzzle_Base_C' ref from Metadata '/Game/WeaponSystem-Simplified/WeaponComponents-Simplified/WC-S_Muzzle/_WC-S_Muzzle_Base.PackageMetaData'
[2020.05.16-21.47.55:588][858]LogMetaData: Removing '/Game/WeaponSystem-Simplified/WeaponComponents-Simplified/WC-S_Muzzle/WC-S_Muzzle_Base.SKEL_WC-S_Muzzle_Base_C' ref from Metadata '/Game/WeaponSystem-Simplified/WeaponComponents-Simplified/WC-S_Muzzle/_WC-S_Muzzle_Base.PackageMetaData'
[2020.05.16-21.47.55:588][858]LogMetaData: Removing '/Game/WeaponSystem-Simplified/WeaponComponents-Simplified/WC-S_Muzzle/WC-S_Muzzle_Base.WC-S_Muzzle_Base:EventGraph.K2Node_Event_0' ref from Metadata '/Game/WeaponSystem-Simplified/WeaponComponents-Simplified/WC-S_Muzzle/_WC-S_Muzzle_Base.PackageMetaData'
[2020.05.16-21.47.55:588][858]LogMetaData: Removing '/Game/WeaponSystem-Simplified/WeaponComponents-Simplified/WC-S_Muzzle/WC-S_Muzzle_Base.WC-S_Muzzle_Base:EventGraph.K2Node_CallParentFunction_0' ref from Metadata '/Game/WeaponSystem-Simplified/WeaponComponents-Simplified/WC-S_Muzzle/_WC-S_Muzzle_Base.PackageMetaData'
[2020.05.16-21.47.55:588][858]LogMetaData: Removing '/Game/WeaponSystem-Simplified/WeaponComponents-Simplified/WC-S_Muzzle/WC-S_Muzzle_Base.WC-S_Muzzle_Base:EventGraph.K2Node_Event_1' ref from Metadata '/Game/WeaponSystem-Simplified/WeaponComponents-Simplified/WC-S_Muzzle/_WC-S_Muzzle_Base.PackageMetaData'
[2020.05.16-21.47.55:588][858]LogMetaData: Removing '/Game/WeaponSystem-Simplified/WeaponComponents-Simplified/WC-S_Muzzle/WC-S_Muzzle_Base.WC-S_Muzzle_Base:EventGraph.K2Node_CallParentFunction_1' ref from Metadata '/Game/WeaponSystem-Simplified/WeaponComponents-Simplified/WC-S_Muzzle/_WC-S_Muzzle_Base.PackageMetaData'
[2020.05.16-21.47.55:632][858]LogSavePackage: Moving 'C:/Users/danny/Desktop/Systems_Sandbox/Systems_Sandbox/Saved/WC-S_Muzzle_Base1BF1A0EA4957BAAF43CE74B79EC2309F.tmp' to 'C:/Users/danny/Desktop/Systems_Sandbox/Systems_Sandbox/Content/WeaponSystem-Simplified/WeaponComponents-Simplified/WC-S_Muzzle/WC-S_Muzzle_Base.uasset'
[2020.05.16-21.47.55:835][858]LogUObjectHash: Compacting FUObjectHashTables data took   2.55ms
[2020.05.16-21.47.55:884][858]LogUObjectHash: Compacting FUObjectHashTables data took   2.91ms
[2020.05.16-21.47.55:919][858]LogUObjectHash: Compacting FUObjectHashTables data took   0.72ms
[2020.05.16-21.47.56:065][869]LogPackageName: SearchForPackageOnDisk took   0.000s to resolve /Game/WeaponSystem-Simplified/WeaponComponents-Simplified/WC-S_Muzzle/WC-S_Muzzle_Base.
[2020.05.16-21.48.12:853][817]LogUObjectHash: Compacting FUObjectHashTables data took   2.88ms
[2020.05.16-21.48.12:857][817]LogMetaData: Removing '/Game/WeaponSystem-Simplified/WeaponComponents-Simplified/WC-S_Trigger/WC-S_Trigger_Base.WC-S_Trigger_Base_C' ref from Metadata '/Game/WeaponSystem-Simplified/WeaponComponents-Simplified/WC-S_Trigger/_WC-S_Trigger_Base.PackageMetaData'
[2020.05.16-21.48.12:857][817]LogMetaData: Removing '/Game/WeaponSystem-Simplified/WeaponComponents-Simplified/WC-S_Trigger/WC-S_Trigger_Base.SKEL_WC-S_Trigger_Base_C' ref from Metadata '/Game/WeaponSystem-Simplified/WeaponComponents-Simplified/WC-S_Trigger/_WC-S_Trigger_Base.PackageMetaData'
[2020.05.16-21.48.12:857][817]LogMetaData: Removing '/Game/WeaponSystem-Simplified/WeaponComponents-Simplified/WC-S_Trigger/WC-S_Trigger_Base.WC-S_Trigger_Base:EventGraph.K2Node_Event_0' ref from Metadata '/Game/WeaponSystem-Simplified/WeaponComponents-Simplified/WC-S_Trigger/_WC-S_Trigger_Base.PackageMetaData'
[2020.05.16-21.48.12:857][817]LogMetaData: Removing '/Game/WeaponSystem-Simplified/WeaponComponents-Simplified/WC-S_Trigger/WC-S_Trigger_Base.WC-S_Trigger_Base:EventGraph.K2Node_CallParentFunction_0' ref from Metadata '/Game/WeaponSystem-Simplified/WeaponComponents-Simplified/WC-S_Trigger/_WC-S_Trigger_Base.PackageMetaData'
[2020.05.16-21.48.12:857][817]LogMetaData: Removing '/Game/WeaponSystem-Simplified/WeaponComponents-Simplified/WC-S_Trigger/WC-S_Trigger_Base.WC-S_Trigger_Base:EventGraph.K2Node_Event_1' ref from Metadata '/Game/WeaponSystem-Simplified/WeaponComponents-Simplified/WC-S_Trigger/_WC-S_Trigger_Base.PackageMetaData'
[2020.05.16-21.48.12:857][817]LogMetaData: Removing '/Game/WeaponSystem-Simplified/WeaponComponents-Simplified/WC-S_Trigger/WC-S_Trigger_Base.WC-S_Trigger_Base:EventGraph.K2Node_CallParentFunction_1' ref from Metadata '/Game/WeaponSystem-Simplified/WeaponComponents-Simplified/WC-S_Trigger/_WC-S_Trigger_Base.PackageMetaData'
[2020.05.16-21.48.12:906][817]LogSavePackage: Moving 'C:/Users/danny/Desktop/Systems_Sandbox/Systems_Sandbox/Saved/WC-S_Trigger_Base0F6D4F5942847A518467848C9B6449AB.tmp' to 'C:/Users/danny/Desktop/Systems_Sandbox/Systems_Sandbox/Content/WeaponSystem-Simplified/WeaponComponents-Simplified/WC-S_Trigger/WC-S_Trigger_Base.uasset'
[2020.05.16-21.48.13:110][817]LogUObjectHash: Compacting FUObjectHashTables data took   2.12ms
[2020.05.16-21.48.13:150][817]LogUObjectHash: Compacting FUObjectHashTables data took   2.12ms
[2020.05.16-21.48.13:188][817]LogUObjectHash: Compacting FUObjectHashTables data took   0.83ms
[2020.05.16-21.48.13:281][821]LogPackageName: SearchForPackageOnDisk took   0.000s to resolve /Game/WeaponSystem-Simplified/WeaponComponents-Simplified/WC-S_Trigger/WC-S_Trigger_Base.
[2020.05.16-21.48.39:969][219]LogPackageName: SearchForPackageOnDisk took   0.000s, but failed to resolve /Game/WeaponSystem-Simplified/WeaponComponents-Simplified/WC-S_EjectionPort_Base.
[2020.05.16-21.48.43:333][418]LogMetaData: Removing '/Game/WeaponSystem-Simplified/WeaponComponents-Simplified/WC-S_EjectionPort/WC-S_EjectionPort_Base.SKEL_WC-S_EjectionPort_Base_C' ref from Metadata '/Game/WeaponSystem-Simplified/WeaponComponents-Simplified/WC-S_EjectionPort_Base.PackageMetaData'
[2020.05.16-21.48.43:333][418]LogMetaData: Removing '/Game/WeaponSystem-Simplified/WeaponComponents-Simplified/WC-S_EjectionPort/WC-S_EjectionPort_Base.WC-S_EjectionPort_Base_C' ref from Metadata '/Game/WeaponSystem-Simplified/WeaponComponents-Simplified/WC-S_EjectionPort_Base.PackageMetaData'
[2020.05.16-21.48.43:333][418]LogMetaData: Removing '/Game/WeaponSystem-Simplified/WeaponComponents-Simplified/WC-S_EjectionPort/WC-S_EjectionPort_Base.WC-S_EjectionPort_Base:EventGraph.K2Node_Event_0' ref from Metadata '/Game/WeaponSystem-Simplified/WeaponComponents-Simplified/WC-S_EjectionPort_Base.PackageMetaData'
[2020.05.16-21.48.43:333][418]LogMetaData: Removing '/Game/WeaponSystem-Simplified/WeaponComponents-Simplified/WC-S_EjectionPort/WC-S_EjectionPort_Base.WC-S_EjectionPort_Base:EventGraph.K2Node_CallParentFunction_0' ref from Metadata '/Game/WeaponSystem-Simplified/WeaponComponents-Simplified/WC-S_EjectionPort_Base.PackageMetaData'
[2020.05.16-21.48.43:333][418]LogMetaData: Removing '/Game/WeaponSystem-Simplified/WeaponComponents-Simplified/WC-S_EjectionPort/WC-S_EjectionPort_Base.WC-S_EjectionPort_Base:EventGraph.K2Node_Event_1' ref from Metadata '/Game/WeaponSystem-Simplified/WeaponComponents-Simplified/WC-S_EjectionPort_Base.PackageMetaData'
[2020.05.16-21.48.43:333][418]LogMetaData: Removing '/Game/WeaponSystem-Simplified/WeaponComponents-Simplified/WC-S_EjectionPort/WC-S_EjectionPort_Base.WC-S_EjectionPort_Base:EventGraph.K2Node_CallParentFunction_1' ref from Metadata '/Game/WeaponSystem-Simplified/WeaponComponents-Simplified/WC-S_EjectionPort_Base.PackageMetaData'
[2020.05.16-21.48.43:380][418]LogSavePackage: Moving 'C:/Users/danny/Desktop/Systems_Sandbox/Systems_Sandbox/Saved/WC-S_EjectionPort_Base4285AA25487FA4B97930E89B21E3CA57.tmp' to 'C:/Users/danny/Desktop/Systems_Sandbox/Systems_Sandbox/Content/WeaponSystem-Simplified/WeaponComponents-Simplified/WC-S_EjectionPort/WC-S_EjectionPort_Base.uasset'
[2020.05.16-21.48.43:611][418]LogUObjectHash: Compacting FUObjectHashTables data took   3.32ms
[2020.05.16-21.48.43:650][418]LogUObjectHash: Compacting FUObjectHashTables data took   1.93ms
[2020.05.16-21.48.43:686][418]LogUObjectHash: Compacting FUObjectHashTables data took   0.74ms
[2020.05.16-21.48.43:790][422]LogPackageName: SearchForPackageOnDisk took   0.000s to resolve /Game/WeaponSystem-Simplified/WeaponComponents-Simplified/WC-S_EjectionPort/WC-S_EjectionPort_Base.
[2020.05.16-21.49.05:615][728]LogMetaData: Removing '/Game/WeaponSystem-Simplified/WeaponComponents-Simplified/WC-S_Bolts/WC-S_Bolt_Base.WC-S_Bolt_Base_C' ref from Metadata '/Game/WeaponSystem-Simplified/WeaponComponents-Simplified/WC-S_Bolt/WC-S_Bolt_Base.PackageMetaData'
[2020.05.16-21.49.05:615][728]LogMetaData: Removing '/Game/WeaponSystem-Simplified/WeaponComponents-Simplified/WC-S_Bolts/WC-S_Bolt_Base.SKEL_WC-S_Bolt_Base_C' ref from Metadata '/Game/WeaponSystem-Simplified/WeaponComponents-Simplified/WC-S_Bolt/WC-S_Bolt_Base.PackageMetaData'
[2020.05.16-21.49.05:615][728]LogMetaData: Removing '/Game/WeaponSystem-Simplified/WeaponComponents-Simplified/WC-S_Bolts/WC-S_Bolt_Base.WC-S_Bolt_Base:EventGraph.K2Node_Event_0' ref from Metadata '/Game/WeaponSystem-Simplified/WeaponComponents-Simplified/WC-S_Bolt/WC-S_Bolt_Base.PackageMetaData'
[2020.05.16-21.49.05:615][728]LogMetaData: Removing '/Game/WeaponSystem-Simplified/WeaponComponents-Simplified/WC-S_Bolts/WC-S_Bolt_Base.WC-S_Bolt_Base:EventGraph.K2Node_CallParentFunction_0' ref from Metadata '/Game/WeaponSystem-Simplified/WeaponComponents-Simplified/WC-S_Bolt/WC-S_Bolt_Base.PackageMetaData'
[2020.05.16-21.49.05:615][728]LogMetaData: Removing '/Game/WeaponSystem-Simplified/WeaponComponents-Simplified/WC-S_Bolts/WC-S_Bolt_Base.WC-S_Bolt_Base:EventGraph.K2Node_Event_1' ref from Metadata '/Game/WeaponSystem-Simplified/WeaponComponents-Simplified/WC-S_Bolt/WC-S_Bolt_Base.PackageMetaData'
[2020.05.16-21.49.05:615][728]LogMetaData: Removing '/Game/WeaponSystem-Simplified/WeaponComponents-Simplified/WC-S_Bolts/WC-S_Bolt_Base.WC-S_Bolt_Base:EventGraph.K2Node_CallParentFunction_1' ref from Metadata '/Game/WeaponSystem-Simplified/WeaponComponents-Simplified/WC-S_Bolt/WC-S_Bolt_Base.PackageMetaData'
[2020.05.16-21.49.05:616][728]LogMetaData: Removing '/Game/WeaponSystem-Simplified/WeaponComponents-Simplified/WC-S_Bolts/WC-S_Bolt_Base.SKEL_WC-S_Bolt_Base_C:ReceiveBeginPlay' ref from Metadata '/Game/WeaponSystem-Simplified/WeaponComponents-Simplified/WC-S_Bolt/WC-S_Bolt_Base.PackageMetaData'
[2020.05.16-21.49.05:616][728]LogMetaData: Removing '/Game/WeaponSystem-Simplified/WeaponComponents-Simplified/WC-S_Bolts/WC-S_Bolt_Base.SKEL_WC-S_Bolt_Base_C:ReceiveTick' ref from Metadata '/Game/WeaponSystem-Simplified/WeaponComponents-Simplified/WC-S_Bolt/WC-S_Bolt_Base.PackageMetaData'
[2020.05.16-21.49.05:662][728]LogSavePackage: Moving 'C:/Users/danny/Desktop/Systems_Sandbox/Systems_Sandbox/Saved/WC-S_Bolt_Base52F27F344FC94034D45216B90B006135.tmp' to 'C:/Users/danny/Desktop/Systems_Sandbox/Systems_Sandbox/Content/WeaponSystem-Simplified/WeaponComponents-Simplified/WC-S_Bolts/WC-S_Bolt_Base.uasset'
[2020.05.16-21.49.05:890][728]LogUObjectHash: Compacting FUObjectHashTables data took   2.23ms
[2020.05.16-21.49.05:932][728]LogUObjectHash: Compacting FUObjectHashTables data took   1.88ms
[2020.05.16-21.49.05:968][728]LogUObjectHash: Compacting FUObjectHashTables data took   0.75ms
[2020.05.16-21.49.06:128][733]LogPackageName: SearchForPackageOnDisk took   0.000s to resolve /Game/WeaponSystem-Simplified/WeaponComponents-Simplified/WC-S_Bolts/WC-S_Bolt_Base.
[2020.05.16-21.49.08:581][878]LogMetaData: Removing '/Game/WeaponSystem-Simplified/WeaponComponents-Simplified/WC-S_Chambers/WC-S_Chamber_Base.WC-S_Chamber_Base_C' ref from Metadata '/Game/WeaponSystem-Simplified/WeaponComponents-Simplified/WC-S_Chamber/WC-S_Chamber_Base.PackageMetaData'
[2020.05.16-21.49.08:581][878]LogMetaData: Removing '/Game/WeaponSystem-Simplified/WeaponComponents-Simplified/WC-S_Chambers/WC-S_Chamber_Base.SKEL_WC-S_Chamber_Base_C' ref from Metadata '/Game/WeaponSystem-Simplified/WeaponComponents-Simplified/WC-S_Chamber/WC-S_Chamber_Base.PackageMetaData'
[2020.05.16-21.49.08:581][878]LogMetaData: Removing '/Game/WeaponSystem-Simplified/WeaponComponents-Simplified/WC-S_Chambers/WC-S_Chamber_Base.WC-S_Chamber_Base:EventGraph.K2Node_Event_0' ref from Metadata '/Game/WeaponSystem-Simplified/WeaponComponents-Simplified/WC-S_Chamber/WC-S_Chamber_Base.PackageMetaData'
[2020.05.16-21.49.08:581][878]LogMetaData: Removing '/Game/WeaponSystem-Simplified/WeaponComponents-Simplified/WC-S_Chambers/WC-S_Chamber_Base.WC-S_Chamber_Base:EventGraph.K2Node_CallParentFunction_0' ref from Metadata '/Game/WeaponSystem-Simplified/WeaponComponents-Simplified/WC-S_Chamber/WC-S_Chamber_Base.PackageMetaData'
[2020.05.16-21.49.08:581][878]LogMetaData: Removing '/Game/WeaponSystem-Simplified/WeaponComponents-Simplified/WC-S_Chambers/WC-S_Chamber_Base.WC-S_Chamber_Base:EventGraph.K2Node_Event_1' ref from Metadata '/Game/WeaponSystem-Simplified/WeaponComponents-Simplified/WC-S_Chamber/WC-S_Chamber_Base.PackageMetaData'
[2020.05.16-21.49.08:581][878]LogMetaData: Removing '/Game/WeaponSystem-Simplified/WeaponComponents-Simplified/WC-S_Chambers/WC-S_Chamber_Base.WC-S_Chamber_Base:EventGraph.K2Node_CallParentFunction_1' ref from Metadata '/Game/WeaponSystem-Simplified/WeaponComponents-Simplified/WC-S_Chamber/WC-S_Chamber_Base.PackageMetaData'
[2020.05.16-21.49.08:581][878]LogMetaData: Removing '/Game/WeaponSystem-Simplified/WeaponComponents-Simplified/WC-S_Chambers/WC-S_Chamber_Base.SKEL_WC-S_Chamber_Base_C:ReceiveBeginPlay' ref from Metadata '/Game/WeaponSystem-Simplified/WeaponComponents-Simplified/WC-S_Chamber/WC-S_Chamber_Base.PackageMetaData'
[2020.05.16-21.49.08:581][878]LogMetaData: Removing '/Game/WeaponSystem-Simplified/WeaponComponents-Simplified/WC-S_Chambers/WC-S_Chamber_Base.SKEL_WC-S_Chamber_Base_C:ReceiveTick' ref from Metadata '/Game/WeaponSystem-Simplified/WeaponComponents-Simplified/WC-S_Chamber/WC-S_Chamber_Base.PackageMetaData'
[2020.05.16-21.49.08:628][878]LogSavePackage: Moving 'C:/Users/danny/Desktop/Systems_Sandbox/Systems_Sandbox/Saved/WC-S_Chamber_Base91251C2E48B392C0FD77638692EABCA8.tmp' to 'C:/Users/danny/Desktop/Systems_Sandbox/Systems_Sandbox/Content/WeaponSystem-Simplified/WeaponComponents-Simplified/WC-S_Chambers/WC-S_Chamber_Base.uasset'
[2020.05.16-21.49.08:856][878]LogUObjectHash: Compacting FUObjectHashTables data took   2.15ms
[2020.05.16-21.49.08:899][878]LogUObjectHash: Compacting FUObjectHashTables data took   1.88ms
[2020.05.16-21.49.08:935][878]LogUObjectHash: Compacting FUObjectHashTables data took   1.41ms
[2020.05.16-21.49.09:057][881]LogPackageName: SearchForPackageOnDisk took   0.000s to resolve /Game/WeaponSystem-Simplified/WeaponComponents-Simplified/WC-S_Chambers/WC-S_Chamber_Base.
[2020.05.16-21.49.12:392][ 79]LogMetaData: Removing '/Game/WeaponSystem-Simplified/WeaponComponents-Simplified/WC-S_Barrel/WC-S_Barrel_Base.WC-S_Barrel_Base_C' ref from Metadata '/Game/WeaponSystem-Simplified/WeaponComponents-Simplified/WC-S_Barrels/WC-S_Barrel_Base.PackageMetaData'
[2020.05.16-21.49.12:392][ 79]LogMetaData: Removing '/Game/WeaponSystem-Simplified/WeaponComponents-Simplified/WC-S_Barrel/WC-S_Barrel_Base.SKEL_WC-S_Barrel_Base_C' ref from Metadata '/Game/WeaponSystem-Simplified/WeaponComponents-Simplified/WC-S_Barrels/WC-S_Barrel_Base.PackageMetaData'
[2020.05.16-21.49.12:392][ 79]LogMetaData: Removing '/Game/WeaponSystem-Simplified/WeaponComponents-Simplified/WC-S_Barrel/WC-S_Barrel_Base.WC-S_Barrel_Base:EventGraph.K2Node_Event_0' ref from Metadata '/Game/WeaponSystem-Simplified/WeaponComponents-Simplified/WC-S_Barrels/WC-S_Barrel_Base.PackageMetaData'
[2020.05.16-21.49.12:392][ 79]LogMetaData: Removing '/Game/WeaponSystem-Simplified/WeaponComponents-Simplified/WC-S_Barrel/WC-S_Barrel_Base.WC-S_Barrel_Base:EventGraph.K2Node_CallParentFunction_0' ref from Metadata '/Game/WeaponSystem-Simplified/WeaponComponents-Simplified/WC-S_Barrels/WC-S_Barrel_Base.PackageMetaData'
[2020.05.16-21.49.12:392][ 79]LogMetaData: Removing '/Game/WeaponSystem-Simplified/WeaponComponents-Simplified/WC-S_Barrel/WC-S_Barrel_Base.WC-S_Barrel_Base:EventGraph.K2Node_Event_1' ref from Metadata '/Game/WeaponSystem-Simplified/WeaponComponents-Simplified/WC-S_Barrels/WC-S_Barrel_Base.PackageMetaData'
[2020.05.16-21.49.12:392][ 79]LogMetaData: Removing '/Game/WeaponSystem-Simplified/WeaponComponents-Simplified/WC-S_Barrel/WC-S_Barrel_Base.WC-S_Barrel_Base:EventGraph.K2Node_CallParentFunction_1' ref from Metadata '/Game/WeaponSystem-Simplified/WeaponComponents-Simplified/WC-S_Barrels/WC-S_Barrel_Base.PackageMetaData'
[2020.05.16-21.49.12:393][ 79]LogMetaData: Removing '/Game/WeaponSystem-Simplified/WeaponComponents-Simplified/WC-S_Barrel/WC-S_Barrel_Base.SKEL_WC-S_Barrel_Base_C:ReceiveBeginPlay' ref from Metadata '/Game/WeaponSystem-Simplified/WeaponComponents-Simplified/WC-S_Barrels/WC-S_Barrel_Base.PackageMetaData'
[2020.05.16-21.49.12:393][ 79]LogMetaData: Removing '/Game/WeaponSystem-Simplified/WeaponComponents-Simplified/WC-S_Barrel/WC-S_Barrel_Base.SKEL_WC-S_Barrel_Base_C:ReceiveTick' ref from Metadata '/Game/WeaponSystem-Simplified/WeaponComponents-Simplified/WC-S_Barrels/WC-S_Barrel_Base.PackageMetaData'
[2020.05.16-21.49.12:438][ 79]LogSavePackage: Moving 'C:/Users/danny/Desktop/Systems_Sandbox/Systems_Sandbox/Saved/WC-S_Barrel_Base253E22E34E1B0CA520C787910FD31117.tmp' to 'C:/Users/danny/Desktop/Systems_Sandbox/Systems_Sandbox/Content/WeaponSystem-Simplified/WeaponComponents-Simplified/WC-S_Barrel/WC-S_Barrel_Base.uasset'
[2020.05.16-21.49.12:675][ 79]LogUObjectHash: Compacting FUObjectHashTables data took   2.26ms
[2020.05.16-21.49.12:713][ 79]LogUObjectHash: Compacting FUObjectHashTables data took   1.97ms
[2020.05.16-21.49.12:744][ 79]LogUObjectHash: Compacting FUObjectHashTables data took   0.75ms
[2020.05.16-21.49.12:886][ 83]LogPackageName: SearchForPackageOnDisk took   0.000s to resolve /Game/WeaponSystem-Simplified/WeaponComponents-Simplified/WC-S_Barrel/WC-S_Barrel_Base.
[2020.05.16-21.49.14:838][198]LogMetaData: Removing '/Game/WeaponSystem-Simplified/WeaponComponents-Simplified/WC-S_Bolt/WC-S_Bolt_Base.WC-S_Bolt_Base_C' ref from Metadata '/Game/WeaponSystem-Simplified/WeaponComponents-Simplified/WC-S_Bolts/WC-S_Bolt_Base.PackageMetaData'
[2020.05.16-21.49.14:839][198]LogMetaData: Removing '/Game/WeaponSystem-Simplified/WeaponComponents-Simplified/WC-S_Bolt/WC-S_Bolt_Base.SKEL_WC-S_Bolt_Base_C' ref from Metadata '/Game/WeaponSystem-Simplified/WeaponComponents-Simplified/WC-S_Bolts/WC-S_Bolt_Base.PackageMetaData'
[2020.05.16-21.49.14:839][198]LogMetaData: Removing '/Game/WeaponSystem-Simplified/WeaponComponents-Simplified/WC-S_Bolt/WC-S_Bolt_Base.SKEL_WC-S_Bolt_Base_C:ReceiveBeginPlay' ref from Metadata '/Game/WeaponSystem-Simplified/WeaponComponents-Simplified/WC-S_Bolts/WC-S_Bolt_Base.PackageMetaData'
[2020.05.16-21.49.14:839][198]LogMetaData: Removing '/Game/WeaponSystem-Simplified/WeaponComponents-Simplified/WC-S_Bolt/WC-S_Bolt_Base.SKEL_WC-S_Bolt_Base_C:ReceiveTick' ref from Metadata '/Game/WeaponSystem-Simplified/WeaponComponents-Simplified/WC-S_Bolts/WC-S_Bolt_Base.PackageMetaData'
[2020.05.16-21.49.14:839][198]LogMetaData: Removing '/Game/WeaponSystem-Simplified/WeaponComponents-Simplified/WC-S_Bolt/WC-S_Bolt_Base.WC-S_Bolt_Base:EventGraph.K2Node_Event_0' ref from Metadata '/Game/WeaponSystem-Simplified/WeaponComponents-Simplified/WC-S_Bolts/WC-S_Bolt_Base.PackageMetaData'
[2020.05.16-21.49.14:839][198]LogMetaData: Removing '/Game/WeaponSystem-Simplified/WeaponComponents-Simplified/WC-S_Bolt/WC-S_Bolt_Base.WC-S_Bolt_Base:EventGraph.K2Node_CallParentFunction_0' ref from Metadata '/Game/WeaponSystem-Simplified/WeaponComponents-Simplified/WC-S_Bolts/WC-S_Bolt_Base.PackageMetaData'
[2020.05.16-21.49.14:839][198]LogMetaData: Removing '/Game/WeaponSystem-Simplified/WeaponComponents-Simplified/WC-S_Bolt/WC-S_Bolt_Base.WC-S_Bolt_Base:EventGraph.K2Node_Event_1' ref from Metadata '/Game/WeaponSystem-Simplified/WeaponComponents-Simplified/WC-S_Bolts/WC-S_Bolt_Base.PackageMetaData'
[2020.05.16-21.49.14:839][198]LogMetaData: Removing '/Game/WeaponSystem-Simplified/WeaponComponents-Simplified/WC-S_Bolt/WC-S_Bolt_Base.WC-S_Bolt_Base:EventGraph.K2Node_CallParentFunction_1' ref from Metadata '/Game/WeaponSystem-Simplified/WeaponComponents-Simplified/WC-S_Bolts/WC-S_Bolt_Base.PackageMetaData'
[2020.05.16-21.49.14:885][198]LogSavePackage: Moving 'C:/Users/danny/Desktop/Systems_Sandbox/Systems_Sandbox/Saved/WC-S_Bolt_Base111B29F34F9EC09FF6A25FA6331EE018.tmp' to 'C:/Users/danny/Desktop/Systems_Sandbox/Systems_Sandbox/Content/WeaponSystem-Simplified/WeaponComponents-Simplified/WC-S_Bolt/WC-S_Bolt_Base.uasset'
[2020.05.16-21.49.15:114][198]LogUObjectHash: Compacting FUObjectHashTables data took   2.19ms
[2020.05.16-21.49.15:152][198]LogUObjectHash: Compacting FUObjectHashTables data took   1.97ms
[2020.05.16-21.49.15:185][198]LogUObjectHash: Compacting FUObjectHashTables data took   0.67ms
[2020.05.16-21.49.15:289][200]LogPackageName: SearchForPackageOnDisk took   0.000s to resolve /Game/WeaponSystem-Simplified/WeaponComponents-Simplified/WC-S_Bolt/WC-S_Bolt_Base.
[2020.05.16-21.49.17:406][325]LogMetaData: Removing '/Game/WeaponSystem-Simplified/WeaponComponents-Simplified/WC-S_Chamber/WC-S_Chamber_Base.WC-S_Chamber_Base_C' ref from Metadata '/Game/WeaponSystem-Simplified/WeaponComponents-Simplified/WC-S_Chambers/WC-S_Chamber_Base.PackageMetaData'
[2020.05.16-21.49.17:406][325]LogMetaData: Removing '/Game/WeaponSystem-Simplified/WeaponComponents-Simplified/WC-S_Chamber/WC-S_Chamber_Base.SKEL_WC-S_Chamber_Base_C' ref from Metadata '/Game/WeaponSystem-Simplified/WeaponComponents-Simplified/WC-S_Chambers/WC-S_Chamber_Base.PackageMetaData'
[2020.05.16-21.49.17:406][325]LogMetaData: Removing '/Game/WeaponSystem-Simplified/WeaponComponents-Simplified/WC-S_Chamber/WC-S_Chamber_Base.SKEL_WC-S_Chamber_Base_C:ReceiveBeginPlay' ref from Metadata '/Game/WeaponSystem-Simplified/WeaponComponents-Simplified/WC-S_Chambers/WC-S_Chamber_Base.PackageMetaData'
[2020.05.16-21.49.17:406][325]LogMetaData: Removing '/Game/WeaponSystem-Simplified/WeaponComponents-Simplified/WC-S_Chamber/WC-S_Chamber_Base.SKEL_WC-S_Chamber_Base_C:ReceiveTick' ref from Metadata '/Game/WeaponSystem-Simplified/WeaponComponents-Simplified/WC-S_Chambers/WC-S_Chamber_Base.PackageMetaData'
[2020.05.16-21.49.17:406][325]LogMetaData: Removing '/Game/WeaponSystem-Simplified/WeaponComponents-Simplified/WC-S_Chamber/WC-S_Chamber_Base.WC-S_Chamber_Base:EventGraph.K2Node_Event_0' ref from Metadata '/Game/WeaponSystem-Simplified/WeaponComponents-Simplified/WC-S_Chambers/WC-S_Chamber_Base.PackageMetaData'
[2020.05.16-21.49.17:406][325]LogMetaData: Removing '/Game/WeaponSystem-Simplified/WeaponComponents-Simplified/WC-S_Chamber/WC-S_Chamber_Base.WC-S_Chamber_Base:EventGraph.K2Node_CallParentFunction_0' ref from Metadata '/Game/WeaponSystem-Simplified/WeaponComponents-Simplified/WC-S_Chambers/WC-S_Chamber_Base.PackageMetaData'
[2020.05.16-21.49.17:406][325]LogMetaData: Removing '/Game/WeaponSystem-Simplified/WeaponComponents-Simplified/WC-S_Chamber/WC-S_Chamber_Base.WC-S_Chamber_Base:EventGraph.K2Node_Event_1' ref from Metadata '/Game/WeaponSystem-Simplified/WeaponComponents-Simplified/WC-S_Chambers/WC-S_Chamber_Base.PackageMetaData'
[2020.05.16-21.49.17:406][325]LogMetaData: Removing '/Game/WeaponSystem-Simplified/WeaponComponents-Simplified/WC-S_Chamber/WC-S_Chamber_Base.WC-S_Chamber_Base:EventGraph.K2Node_CallParentFunction_1' ref from Metadata '/Game/WeaponSystem-Simplified/WeaponComponents-Simplified/WC-S_Chambers/WC-S_Chamber_Base.PackageMetaData'
[2020.05.16-21.49.17:454][325]LogSavePackage: Moving 'C:/Users/danny/Desktop/Systems_Sandbox/Systems_Sandbox/Saved/WC-S_Chamber_Base2210F8C744F2CD5A5F9055AA676C4989.tmp' to 'C:/Users/danny/Desktop/Systems_Sandbox/Systems_Sandbox/Content/WeaponSystem-Simplified/WeaponComponents-Simplified/WC-S_Chamber/WC-S_Chamber_Base.uasset'
[2020.05.16-21.49.17:690][325]LogUObjectHash: Compacting FUObjectHashTables data took   2.40ms
[2020.05.16-21.49.17:729][325]LogUObjectHash: Compacting FUObjectHashTables data took   1.94ms
[2020.05.16-21.49.17:761][325]LogUObjectHash: Compacting FUObjectHashTables data took   0.75ms
[2020.05.16-21.49.17:916][330]LogPackageName: SearchForPackageOnDisk took   0.000s to resolve /Game/WeaponSystem-Simplified/WeaponComponents-Simplified/WC-S_Chamber/WC-S_Chamber_Base.
[2020.05.16-21.49.53:235][447]LogPackageName: SearchForPackageOnDisk took   0.000s, but failed to resolve /Game/WeaponSystem-Simplified/WeaponComponents-Simplified/WC-S_Base_Child.
[2020.05.16-21.49.56:224][623]LogUObjectHash: Compacting FUObjectHashTables data took   2.42ms
[2020.05.16-21.50.01:124][623]LogSlate: Window 'Delete Assets' being destroyed
[2020.05.16-21.50.02:678][714]LogSavePackage: Moving 'C:/Users/danny/Desktop/Systems_Sandbox/Systems_Sandbox/Saved/WC-S_Base_Child9F2A87C8461377A7B5A2648815A941D1.tmp' to 'C:/Users/danny/Desktop/Systems_Sandbox/Systems_Sandbox/Content/WeaponSystem-Simplified/WeaponComponents-Simplified/WC-S_Base_Child.uasset'
[2020.05.16-21.50.02:817][722]LogPackageName: SearchForPackageOnDisk took   0.000s to resolve /Game/WeaponSystem-Simplified/WeaponComponents-Simplified/WC-S_Base_Child.
[2020.05.16-21.50.05:864][891]LogUObjectHash: Compacting FUObjectHashTables data took   2.10ms
[2020.05.16-21.50.07:595][891]LogSlate: Window 'Delete Assets' being destroyed
[2020.05.16-21.50.07:919][891]LogSlate: Window 'BTDecorator_Example' being destroyed
[2020.05.16-21.50.07:959][891]LogUObjectGlobals: Force Deleting 1 Package(s):
	Asset Name: /Game/WeaponSystem-Simplified/WeaponComponents-Simplified/WC-S_Base_Child.WC-S_Base_Child
[2020.05.16-21.50.09:851][891]LogUObjectHash: Compacting FUObjectHashTables data took   3.69ms
[2020.05.16-21.50.09:885][891]LogUObjectHash: Compacting FUObjectHashTables data took   2.95ms
[2020.05.16-21.50.09:914][891]LogUObjectHash: Compacting FUObjectHashTables data took   0.62ms
[2020.05.16-21.50.13:959][132]LogAssetEditorManager: Opening Asset editor for Blueprint /Game/WeaponSystem-Simplified/WeaponComponents-Simplified/WC-S_Base.WC-S_Base
[2020.05.16-21.50.14:626][132]LogSlate: Took 0.018541 seconds to synchronously load lazily loaded font '../../../Engine/Content/Slate/Fonts/Roboto-BoldCondensed.ttf' (158K)
[2020.05.16-21.56.38:763][489]LogUObjectHash: Compacting FUObjectHashTables data took   3.60ms
[2020.05.16-21.56.38:763][489]LogFileHelpers: Editor autosave (incl. sublevels) for '/Game/FirstPersonBP/Maps/FirstPersonExampleMap' took 0.032
[2020.05.16-21.56.38:766][489]OBJ SavePackage: Generating thumbnails for [1] asset(s) in package [/Game/WeaponSystem/Actor/WeaponSystem_BP] ([1] browsable assets)...
[2020.05.16-21.56.38:793][489]OBJ SavePackage:     Rendered thumbnail for [Blueprint /Game/WeaponSystem/Actor/WeaponSystem_BP.WeaponSystem_BP]
[2020.05.16-21.56.38:793][489]OBJ SavePackage: Finished generating thumbnails for package [/Game/WeaponSystem/Actor/WeaponSystem_BP]
[2020.05.16-21.56.39:167][489]LogSavePackage: Moving 'C:/Users/danny/Desktop/Systems_Sandbox/Systems_Sandbox/Saved/WeaponSystem_BP_Auto4FC63E3DD470DBA23F48EA698642D5286.tmp' to 'C:/Users/danny/Desktop/Systems_Sandbox/Systems_Sandbox/Saved/Autosaves/Game/WeaponSystem/Actor/WeaponSystem_BP_Auto4.uasset'
[2020.05.16-21.56.39:169][489]LogFileHelpers: Auto-saving content packages took 0.405
[2020.05.16-22.10.23:465][478]LogUObjectHash: Compacting FUObjectHashTables data took   1.23ms
[2020.05.16-22.10.23:488][478]Cmd: OBJ SAVEPACKAGE PACKAGE="/Game/WeaponSystem/Actor/WeaponSystem_BP" FILE="C:/Users/danny/Desktop/Systems_Sandbox/Systems_Sandbox/Content/WeaponSystem/Actor/WeaponSystem_BP.uasset" SILENT=true
[2020.05.16-22.10.23:813][478]LogSavePackage: Moving 'C:/Users/danny/Desktop/Systems_Sandbox/Systems_Sandbox/Saved/WeaponSystem_BP54B98CA04654722607B042AC65AD9B1F.tmp' to 'C:/Users/danny/Desktop/Systems_Sandbox/Systems_Sandbox/Content/WeaponSystem/Actor/WeaponSystem_BP.uasset'
[2020.05.16-22.10.25:500][578]LogSlate: Window 'WC-S_Base' being destroyed
[2020.05.16-22.10.25:506][578]LogSlate: Window 'WC-S_Base' being destroyed
[2020.05.16-22.11.19:366][802]LogPackageName: SearchForPackageOnDisk took   0.000s, but failed to resolve /Game/WeaponSystem-Simplified/WeaponComponents-Simplified/WC-S-RoundCarrier_Base.
[2020.05.16-22.11.21:076][901]LogSavePackage: Moving 'C:/Users/danny/Desktop/Systems_Sandbox/Systems_Sandbox/Saved/WC-S-RoundCarrier_BaseCA8C09AC4EBAB71397A551A49ABE08FB.tmp' to 'C:/Users/danny/Desktop/Systems_Sandbox/Systems_Sandbox/Content/WeaponSystem-Simplified/WeaponComponents-Simplified/WC-S-RoundCarrier_Base.uasset'
[2020.05.16-22.11.21:187][907]LogPackageName: SearchForPackageOnDisk took   0.000s to resolve /Game/WeaponSystem-Simplified/WeaponComponents-Simplified/WC-S-RoundCarrier_Base.
[2020.05.16-22.12.26:727][763]LogPackageName: SearchForPackageOnDisk took   0.000s, but failed to resolve /Game/WeaponSystem-Simplified/WeaponComponents-Simplified/WC-S-RoundCarrier_Base_Child.
[2020.05.16-22.12.28:599][872]LogSavePackage: Moving 'C:/Users/danny/Desktop/Systems_Sandbox/Systems_Sandbox/Saved/WC-S-RoundCarrier_Base_ChildD4CD09E04698559A49DF45B23CD9D172.tmp' to 'C:/Users/danny/Desktop/Systems_Sandbox/Systems_Sandbox/Content/WeaponSystem-Simplified/WeaponComponents-Simplified/WC-S-RoundCarrier_Base_Child.uasset'
[2020.05.16-22.12.28:742][880]LogPackageName: SearchForPackageOnDisk took   0.000s to resolve /Game/WeaponSystem-Simplified/WeaponComponents-Simplified/WC-S-RoundCarrier_Base_Child.
[2020.05.16-22.12.29:063][897]LogUObjectHash: Compacting FUObjectHashTables data took   2.44ms
[2020.05.16-22.12.30:279][897]LogSlate: Window 'Delete Assets' being destroyed
[2020.05.16-22.12.30:286][897]LogUObjectGlobals: Force Deleting 1 Package(s):
	Asset Name: /Game/WeaponSystem-Simplified/WeaponComponents-Simplified/WC-S-RoundCarrier_Base_Child.WC-S-RoundCarrier_Base_Child
[2020.05.16-22.12.30:723][897]LogUObjectHash: Compacting FUObjectHashTables data took   2.23ms
[2020.05.16-22.12.30:754][897]LogUObjectHash: Compacting FUObjectHashTables data took   2.01ms
[2020.05.16-22.12.30:782][897]LogUObjectHash: Compacting FUObjectHashTables data took   1.10ms
[2020.05.16-22.12.53:837][276]LogPackageName: SearchForPackageOnDisk took   0.000s, but failed to resolve /Game/WeaponSystem-Simplified/WeaponComponents-Simplified/WC-S-RoundCarrier_Base_Child.
[2020.05.16-22.13.26:690][243]LogUObjectHash: Compacting FUObjectHashTables data took   2.28ms
[2020.05.16-22.13.26:694][243]LogMetaData: Removing '/Game/WeaponSystem-Simplified/WeaponComponents-Simplified/WC-S-RC_Bolt.SKEL_WC-S-RC_Bolt_C' ref from Metadata '/Game/WeaponSystem-Simplified/WeaponComponents-Simplified/WC-S-RoundCarrier_Base_Child.PackageMetaData'
[2020.05.16-22.13.26:694][243]LogMetaData: Removing '/Game/WeaponSystem-Simplified/WeaponComponents-Simplified/WC-S-RC_Bolt.WC-S-RC_Bolt_C' ref from Metadata '/Game/WeaponSystem-Simplified/WeaponComponents-Simplified/WC-S-RoundCarrier_Base_Child.PackageMetaData'
[2020.05.16-22.13.26:694][243]LogMetaData: Removing '/Game/WeaponSystem-Simplified/WeaponComponents-Simplified/WC-S-RC_Bolt.WC-S-RC_Bolt:EventGraph.K2Node_Event_0' ref from Metadata '/Game/WeaponSystem-Simplified/WeaponComponents-Simplified/WC-S-RoundCarrier_Base_Child.PackageMetaData'
[2020.05.16-22.13.26:694][243]LogMetaData: Removing '/Game/WeaponSystem-Simplified/WeaponComponents-Simplified/WC-S-RC_Bolt.WC-S-RC_Bolt:EventGraph.K2Node_CallParentFunction_0' ref from Metadata '/Game/WeaponSystem-Simplified/WeaponComponents-Simplified/WC-S-RoundCarrier_Base_Child.PackageMetaData'
[2020.05.16-22.13.26:694][243]LogMetaData: Removing '/Game/WeaponSystem-Simplified/WeaponComponents-Simplified/WC-S-RC_Bolt.WC-S-RC_Bolt:EventGraph.K2Node_Event_1' ref from Metadata '/Game/WeaponSystem-Simplified/WeaponComponents-Simplified/WC-S-RoundCarrier_Base_Child.PackageMetaData'
[2020.05.16-22.13.26:694][243]LogMetaData: Removing '/Game/WeaponSystem-Simplified/WeaponComponents-Simplified/WC-S-RC_Bolt.WC-S-RC_Bolt:EventGraph.K2Node_CallParentFunction_1' ref from Metadata '/Game/WeaponSystem-Simplified/WeaponComponents-Simplified/WC-S-RoundCarrier_Base_Child.PackageMetaData'
[2020.05.16-22.13.26:736][243]LogSavePackage: Moving 'C:/Users/danny/Desktop/Systems_Sandbox/Systems_Sandbox/Saved/WC-S-RC_Bolt5C7D007A438961B48835CA93712FF077.tmp' to 'C:/Users/danny/Desktop/Systems_Sandbox/Systems_Sandbox/Content/WeaponSystem-Simplified/WeaponComponents-Simplified/WC-S-RC_Bolt.uasset'
[2020.05.16-22.13.26:910][243]LogUObjectHash: Compacting FUObjectHashTables data took   3.46ms
[2020.05.16-22.13.26:948][243]LogUObjectHash: Compacting FUObjectHashTables data took   2.53ms
[2020.05.16-22.13.26:978][243]LogUObjectHash: Compacting FUObjectHashTables data took   0.84ms
[2020.05.16-22.13.27:130][249]LogPackageName: SearchForPackageOnDisk took   0.000s to resolve /Game/WeaponSystem-Simplified/WeaponComponents-Simplified/WC-S-RC_Bolt.
[2020.05.16-22.13.35:123][709]LogUObjectHash: Compacting FUObjectHashTables data took   2.46ms
[2020.05.16-22.13.35:134][709]LogPackageName: SearchForPackageOnDisk took   0.000s, but failed to resolve /Game/WeaponSystem-Simplified/WeaponComponents-Simplified/WC-S-RC_Bolt_2.
[2020.05.16-22.13.37:724][862]Cmd: TRANSACTION UNDO
[2020.05.16-22.13.37:724][862]LogEditorTransaction: Undo Add Node
[2020.05.16-22.13.39:260][951]LogSavePackage: Moving 'C:/Users/danny/Desktop/Systems_Sandbox/Systems_Sandbox/Saved/WC-S-RC_Bolt_2260EA1F7481D575162673A974E1234FD.tmp' to 'C:/Users/danny/Desktop/Systems_Sandbox/Systems_Sandbox/Content/WeaponSystem-Simplified/WeaponComponents-Simplified/WC-S-RC_Bolt_2.uasset'
[2020.05.16-22.13.39:317][954]LogPackageName: SearchForPackageOnDisk took   0.000s to resolve /Game/WeaponSystem-Simplified/WeaponComponents-Simplified/WC-S-RC_Bolt_2.
[2020.05.16-22.13.41:561][ 86]LogUObjectHash: Compacting FUObjectHashTables data took   3.58ms
[2020.05.16-22.13.43:181][ 86]LogSlate: Window 'Delete Assets' being destroyed
[2020.05.16-22.13.43:186][ 86]LogUObjectGlobals: Force Deleting 1 Package(s):
	Asset Name: /Game/WeaponSystem-Simplified/WeaponComponents-Simplified/WC-S-RC_Bolt_2.WC-S-RC_Bolt_2
[2020.05.16-22.13.43:612][ 86]LogUObjectHash: Compacting FUObjectHashTables data took   2.58ms
[2020.05.16-22.13.43:644][ 86]LogUObjectHash: Compacting FUObjectHashTables data took   1.79ms
[2020.05.16-22.13.43:678][ 86]LogUObjectHash: Compacting FUObjectHashTables data took   0.95ms
[2020.05.16-22.13.51:941][579]LogUObjectHash: Compacting FUObjectHashTables data took   2.41ms
[2020.05.16-22.13.51:949][579]LogPackageName: SearchForPackageOnDisk took   0.000s, but failed to resolve /Game/WeaponSystem-Simplified/WeaponComponents-Simplified/WC-S-RC_Bolt_2.
[2020.05.16-22.14.03:427][263]LogUObjectHash: Compacting FUObjectHashTables data took   3.88ms
[2020.05.16-22.14.03:430][263]LogMetaData: Removing '/Game/WeaponSystem-Simplified/WeaponComponents-Simplified/WC-S-RC_FeedPort.SKEL_WC-S-RC_FeedPort_C' ref from Metadata '/Game/WeaponSystem-Simplified/WeaponComponents-Simplified/WC-S-RC_Bolt_2.PackageMetaData'
[2020.05.16-22.14.03:430][263]LogMetaData: Removing '/Game/WeaponSystem-Simplified/WeaponComponents-Simplified/WC-S-RC_FeedPort.WC-S-RC_FeedPort_C' ref from Metadata '/Game/WeaponSystem-Simplified/WeaponComponents-Simplified/WC-S-RC_Bolt_2.PackageMetaData'
[2020.05.16-22.14.03:480][263]LogSavePackage: Moving 'C:/Users/danny/Desktop/Systems_Sandbox/Systems_Sandbox/Saved/WC-S-RC_FeedPort21D972A64F062DFA7BAFD9B31E33AFE9.tmp' to 'C:/Users/danny/Desktop/Systems_Sandbox/Systems_Sandbox/Content/WeaponSystem-Simplified/WeaponComponents-Simplified/WC-S-RC_FeedPort.uasset'
[2020.05.16-22.14.03:662][263]LogUObjectHash: Compacting FUObjectHashTables data took   2.29ms
[2020.05.16-22.14.03:695][263]LogUObjectHash: Compacting FUObjectHashTables data took   2.02ms
[2020.05.16-22.14.03:726][263]LogUObjectHash: Compacting FUObjectHashTables data took   0.68ms
[2020.05.16-22.14.03:880][269]LogPackageName: SearchForPackageOnDisk took   0.000s to resolve /Game/WeaponSystem-Simplified/WeaponComponents-Simplified/WC-S-RC_FeedPort.
[2020.05.16-22.14.06:826][443]LogUObjectHash: Compacting FUObjectHashTables data took   2.81ms
[2020.05.16-22.14.06:834][443]LogPackageName: SearchForPackageOnDisk took   0.000s, but failed to resolve /Game/WeaponSystem-Simplified/WeaponComponents-Simplified/WC-S-RC_Bolt_2.
[2020.05.16-22.14.16:894][ 42]LogUObjectHash: Compacting FUObjectHashTables data took   2.74ms
[2020.05.16-22.14.16:898][ 42]LogMetaData: Removing '/Game/WeaponSystem-Simplified/WeaponComponents-Simplified/WC-S-RC_Magizine.SKEL_WC-S-RC_Magizine_C' ref from Metadata '/Game/WeaponSystem-Simplified/WeaponComponents-Simplified/WC-S-RC_Bolt_2.PackageMetaData'
[2020.05.16-22.14.16:898][ 42]LogMetaData: Removing '/Game/WeaponSystem-Simplified/WeaponComponents-Simplified/WC-S-RC_Magizine.WC-S-RC_Magizine_C' ref from Metadata '/Game/WeaponSystem-Simplified/WeaponComponents-Simplified/WC-S-RC_Bolt_2.PackageMetaData'
[2020.05.16-22.14.16:943][ 42]LogSavePackage: Moving 'C:/Users/danny/Desktop/Systems_Sandbox/Systems_Sandbox/Saved/WC-S-RC_Magizine948F1A2F4961992D2C0DFBB09D88A24B.tmp' to 'C:/Users/danny/Desktop/Systems_Sandbox/Systems_Sandbox/Content/WeaponSystem-Simplified/WeaponComponents-Simplified/WC-S-RC_Magizine.uasset'
[2020.05.16-22.14.17:128][ 42]LogUObjectHash: Compacting FUObjectHashTables data took   2.72ms
[2020.05.16-22.14.17:170][ 42]LogUObjectHash: Compacting FUObjectHashTables data took   2.53ms
[2020.05.16-22.14.17:195][ 42]LogUObjectHash: Compacting FUObjectHashTables data took   0.79ms
[2020.05.16-22.14.17:280][ 44]LogPackageName: SearchForPackageOnDisk took   0.000s to resolve /Game/WeaponSystem-Simplified/WeaponComponents-Simplified/WC-S-RC_Magizine.
[2020.05.16-22.14.18:772][131]LogUObjectHash: Compacting FUObjectHashTables data took   3.17ms
[2020.05.16-22.14.18:780][131]LogPackageName: SearchForPackageOnDisk took   0.000s, but failed to resolve /Game/WeaponSystem-Simplified/WeaponComponents-Simplified/WC-S-RC_Bolt_2.
[2020.05.16-22.14.37:140][228]LogUObjectHash: Compacting FUObjectHashTables data took   3.13ms
[2020.05.16-22.14.37:144][228]LogMetaData: Removing '/Game/WeaponSystem-Simplified/WeaponComponents-Simplified/WC-S-RC_EjectionPort.SKEL_WC-S-RC_EjectionPort_C' ref from Metadata '/Game/WeaponSystem-Simplified/WeaponComponents-Simplified/WC-S-RC_Bolt_2.PackageMetaData'
[2020.05.16-22.14.37:144][228]LogMetaData: Removing '/Game/WeaponSystem-Simplified/WeaponComponents-Simplified/WC-S-RC_EjectionPort.WC-S-RC_EjectionPort_C' ref from Metadata '/Game/WeaponSystem-Simplified/WeaponComponents-Simplified/WC-S-RC_Bolt_2.PackageMetaData'
[2020.05.16-22.14.37:190][228]LogSavePackage: Moving 'C:/Users/danny/Desktop/Systems_Sandbox/Systems_Sandbox/Saved/WC-S-RC_EjectionPort51259AB441FEF61E293922A46D88D2E4.tmp' to 'C:/Users/danny/Desktop/Systems_Sandbox/Systems_Sandbox/Content/WeaponSystem-Simplified/WeaponComponents-Simplified/WC-S-RC_EjectionPort.uasset'
[2020.05.16-22.14.37:376][228]LogUObjectHash: Compacting FUObjectHashTables data took   3.00ms
[2020.05.16-22.14.37:419][228]LogUObjectHash: Compacting FUObjectHashTables data took   2.88ms
[2020.05.16-22.14.37:447][228]LogUObjectHash: Compacting FUObjectHashTables data took   0.93ms
[2020.05.16-22.14.37:516][229]LogPackageName: SearchForPackageOnDisk took   0.000s to resolve /Game/WeaponSystem-Simplified/WeaponComponents-Simplified/WC-S-RC_EjectionPort.
[2020.05.16-22.14.38:558][289]LogUObjectHash: Compacting FUObjectHashTables data took   3.57ms
[2020.05.16-22.14.38:566][289]LogPackageName: SearchForPackageOnDisk took   0.000s, but failed to resolve /Game/WeaponSystem-Simplified/WeaponComponents-Simplified/WC-S-RC_Bolt_2.
[2020.05.16-22.14.56:959][388]LogUObjectHash: Compacting FUObjectHashTables data took   2.88ms
[2020.05.16-22.14.56:964][388]LogMetaData: Removing '/Game/WeaponSystem-Simplified/WeaponComponents-Simplified/WC-S-RC_Chamber.SKEL_WC-S-RC_Chamber_C' ref from Metadata '/Game/WeaponSystem-Simplified/WeaponComponents-Simplified/WC-S-RC_Bolt_2.PackageMetaData'
[2020.05.16-22.14.56:964][388]LogMetaData: Removing '/Game/WeaponSystem-Simplified/WeaponComponents-Simplified/WC-S-RC_Chamber.WC-S-RC_Chamber_C' ref from Metadata '/Game/WeaponSystem-Simplified/WeaponComponents-Simplified/WC-S-RC_Bolt_2.PackageMetaData'
[2020.05.16-22.14.57:008][388]LogSavePackage: Moving 'C:/Users/danny/Desktop/Systems_Sandbox/Systems_Sandbox/Saved/WC-S-RC_Chamber4B83AD054573F346F77DD3B71D14781D.tmp' to 'C:/Users/danny/Desktop/Systems_Sandbox/Systems_Sandbox/Content/WeaponSystem-Simplified/WeaponComponents-Simplified/WC-S-RC_Chamber.uasset'
[2020.05.16-22.14.57:174][388]LogUObjectHash: Compacting FUObjectHashTables data took   2.19ms
[2020.05.16-22.14.57:211][388]LogUObjectHash: Compacting FUObjectHashTables data took   3.17ms
[2020.05.16-22.14.57:246][388]LogUObjectHash: Compacting FUObjectHashTables data took   0.79ms
[2020.05.16-22.14.57:348][391]LogPackageName: SearchForPackageOnDisk took   0.000s to resolve /Game/WeaponSystem-Simplified/WeaponComponents-Simplified/WC-S-RC_Chamber.
[2020.05.16-22.15.18:917][683]LogMetaData: Removing '/Game/WeaponSystem-Simplified/WeaponComponents-Simplified/WC-S_Bolt/WC-S-RC_Bolt.WC-S-RC_Bolt_C' ref from Metadata '/Game/WeaponSystem-Simplified/WeaponComponents-Simplified/WC-S-RC_Bolt.PackageMetaData'
[2020.05.16-22.15.18:918][683]LogMetaData: Removing '/Game/WeaponSystem-Simplified/WeaponComponents-Simplified/WC-S_Bolt/WC-S-RC_Bolt.SKEL_WC-S-RC_Bolt_C' ref from Metadata '/Game/WeaponSystem-Simplified/WeaponComponents-Simplified/WC-S-RC_Bolt.PackageMetaData'
[2020.05.16-22.15.18:918][683]LogMetaData: Removing '/Game/WeaponSystem-Simplified/WeaponComponents-Simplified/WC-S_Bolt/WC-S-RC_Bolt.WC-S-RC_Bolt:EventGraph.K2Node_Event_0' ref from Metadata '/Game/WeaponSystem-Simplified/WeaponComponents-Simplified/WC-S-RC_Bolt.PackageMetaData'
[2020.05.16-22.15.18:918][683]LogMetaData: Removing '/Game/WeaponSystem-Simplified/WeaponComponents-Simplified/WC-S_Bolt/WC-S-RC_Bolt.WC-S-RC_Bolt:EventGraph.K2Node_CallParentFunction_0' ref from Metadata '/Game/WeaponSystem-Simplified/WeaponComponents-Simplified/WC-S-RC_Bolt.PackageMetaData'
[2020.05.16-22.15.18:918][683]LogMetaData: Removing '/Game/WeaponSystem-Simplified/WeaponComponents-Simplified/WC-S_Bolt/WC-S-RC_Bolt.WC-S-RC_Bolt:EventGraph.K2Node_Event_1' ref from Metadata '/Game/WeaponSystem-Simplified/WeaponComponents-Simplified/WC-S-RC_Bolt.PackageMetaData'
[2020.05.16-22.15.18:918][683]LogMetaData: Removing '/Game/WeaponSystem-Simplified/WeaponComponents-Simplified/WC-S_Bolt/WC-S-RC_Bolt.WC-S-RC_Bolt:EventGraph.K2Node_CallParentFunction_1' ref from Metadata '/Game/WeaponSystem-Simplified/WeaponComponents-Simplified/WC-S-RC_Bolt.PackageMetaData'
[2020.05.16-22.15.18:918][683]LogMetaData: Removing '/Game/WeaponSystem-Simplified/WeaponComponents-Simplified/WC-S_Bolt/WC-S-RC_Bolt.SKEL_WC-S-RC_Bolt_C:ReceiveBeginPlay' ref from Metadata '/Game/WeaponSystem-Simplified/WeaponComponents-Simplified/WC-S-RC_Bolt.PackageMetaData'
[2020.05.16-22.15.18:918][683]LogMetaData: Removing '/Game/WeaponSystem-Simplified/WeaponComponents-Simplified/WC-S_Bolt/WC-S-RC_Bolt.SKEL_WC-S-RC_Bolt_C:ReceiveTick' ref from Metadata '/Game/WeaponSystem-Simplified/WeaponComponents-Simplified/WC-S-RC_Bolt.PackageMetaData'
[2020.05.16-22.15.18:961][683]LogSavePackage: Moving 'C:/Users/danny/Desktop/Systems_Sandbox/Systems_Sandbox/Saved/WC-S-RC_BoltFA4411B04C67119BE871F88FB0AB38DB.tmp' to 'C:/Users/danny/Desktop/Systems_Sandbox/Systems_Sandbox/Content/WeaponSystem-Simplified/WeaponComponents-Simplified/WC-S_Bolt/WC-S-RC_Bolt.uasset'
[2020.05.16-22.15.19:149][683]LogUObjectHash: Compacting FUObjectHashTables data took   2.74ms
[2020.05.16-22.15.19:185][683]LogUObjectHash: Compacting FUObjectHashTables data took   2.26ms
[2020.05.16-22.15.19:217][683]LogUObjectHash: Compacting FUObjectHashTables data took   0.70ms
[2020.05.16-22.15.19:305][685]LogPackageName: SearchForPackageOnDisk took   0.000s to resolve /Game/WeaponSystem-Simplified/WeaponComponents-Simplified/WC-S_Bolt/WC-S-RC_Bolt.
[2020.05.16-22.16.07:309][563]LogMetaData: Removing '/Game/WeaponSystem-Simplified/WeaponComponents-Simplified/WC-S_Chamber/WC-S-RC_Chamber.WC-S-RC_Chamber_C' ref from Metadata '/Game/WeaponSystem-Simplified/WeaponComponents-Simplified/WC-S-RC_Chamber.PackageMetaData'
[2020.05.16-22.16.07:309][563]LogMetaData: Removing '/Game/WeaponSystem-Simplified/WeaponComponents-Simplified/WC-S_Chamber/WC-S-RC_Chamber.SKEL_WC-S-RC_Chamber_C' ref from Metadata '/Game/WeaponSystem-Simplified/WeaponComponents-Simplified/WC-S-RC_Chamber.PackageMetaData'
[2020.05.16-22.16.07:309][563]LogMetaData: Removing '/Game/WeaponSystem-Simplified/WeaponComponents-Simplified/WC-S_Chamber/WC-S-RC_Chamber.SKEL_WC-S-RC_Chamber_C:ReceiveBeginPlay' ref from Metadata '/Game/WeaponSystem-Simplified/WeaponComponents-Simplified/WC-S-RC_Chamber.PackageMetaData'
[2020.05.16-22.16.07:309][563]LogMetaData: Removing '/Game/WeaponSystem-Simplified/WeaponComponents-Simplified/WC-S_Chamber/WC-S-RC_Chamber.SKEL_WC-S-RC_Chamber_C:ReceiveTick' ref from Metadata '/Game/WeaponSystem-Simplified/WeaponComponents-Simplified/WC-S-RC_Chamber.PackageMetaData'
[2020.05.16-22.16.07:355][563]LogSavePackage: Moving 'C:/Users/danny/Desktop/Systems_Sandbox/Systems_Sandbox/Saved/WC-S-RC_ChamberC074779145DB657A6CA050A9DE57DF80.tmp' to 'C:/Users/danny/Desktop/Systems_Sandbox/Systems_Sandbox/Content/WeaponSystem-Simplified/WeaponComponents-Simplified/WC-S_Chamber/WC-S-RC_Chamber.uasset'
[2020.05.16-22.16.07:534][563]LogUObjectHash: Compacting FUObjectHashTables data took   3.24ms
[2020.05.16-22.16.07:570][563]LogUObjectHash: Compacting FUObjectHashTables data took   1.87ms
[2020.05.16-22.16.07:603][563]LogUObjectHash: Compacting FUObjectHashTables data took   0.88ms
[2020.05.16-22.16.07:747][568]LogPackageName: SearchForPackageOnDisk took   0.000s to resolve /Game/WeaponSystem-Simplified/WeaponComponents-Simplified/WC-S_Chamber/WC-S-RC_Chamber.
[2020.05.16-22.16.11:953][818]LogMetaData: Removing '/Game/WeaponSystem-Simplified/WeaponComponents-Simplified/WC-S_EjectionPort/WC-S-RC_EjectionPort.WC-S-RC_EjectionPort_C' ref from Metadata '/Game/WeaponSystem-Simplified/WeaponComponents-Simplified/WC-S-RC_EjectionPort.PackageMetaData'
[2020.05.16-22.16.11:953][818]LogMetaData: Removing '/Game/WeaponSystem-Simplified/WeaponComponents-Simplified/WC-S_EjectionPort/WC-S-RC_EjectionPort.SKEL_WC-S-RC_EjectionPort_C' ref from Metadata '/Game/WeaponSystem-Simplified/WeaponComponents-Simplified/WC-S-RC_EjectionPort.PackageMetaData'
[2020.05.16-22.16.11:953][818]LogMetaData: Removing '/Game/WeaponSystem-Simplified/WeaponComponents-Simplified/WC-S_EjectionPort/WC-S-RC_EjectionPort.SKEL_WC-S-RC_EjectionPort_C:ReceiveBeginPlay' ref from Metadata '/Game/WeaponSystem-Simplified/WeaponComponents-Simplified/WC-S-RC_EjectionPort.PackageMetaData'
[2020.05.16-22.16.11:953][818]LogMetaData: Removing '/Game/WeaponSystem-Simplified/WeaponComponents-Simplified/WC-S_EjectionPort/WC-S-RC_EjectionPort.SKEL_WC-S-RC_EjectionPort_C:ReceiveTick' ref from Metadata '/Game/WeaponSystem-Simplified/WeaponComponents-Simplified/WC-S-RC_EjectionPort.PackageMetaData'
[2020.05.16-22.16.11:997][818]LogSavePackage: Moving 'C:/Users/danny/Desktop/Systems_Sandbox/Systems_Sandbox/Saved/WC-S-RC_EjectionPortC33947BE4A8A24EB89B2B194D6CFFD12.tmp' to 'C:/Users/danny/Desktop/Systems_Sandbox/Systems_Sandbox/Content/WeaponSystem-Simplified/WeaponComponents-Simplified/WC-S_EjectionPort/WC-S-RC_EjectionPort.uasset'
[2020.05.16-22.16.12:193][818]LogUObjectHash: Compacting FUObjectHashTables data took   3.16ms
[2020.05.16-22.16.12:233][818]LogUObjectHash: Compacting FUObjectHashTables data took   3.36ms
[2020.05.16-22.16.12:262][818]LogUObjectHash: Compacting FUObjectHashTables data took   1.40ms
[2020.05.16-22.16.12:383][822]LogPackageName: SearchForPackageOnDisk took   0.000s to resolve /Game/WeaponSystem-Simplified/WeaponComponents-Simplified/WC-S_EjectionPort/WC-S-RC_EjectionPort.
[2020.05.16-22.16.14:903][971]LogMetaData: Removing '/Game/WeaponSystem-Simplified/WeaponComponents-Simplified/WC-S_FeedPort/WC-S-RC_FeedPort.WC-S-RC_FeedPort_C' ref from Metadata '/Game/WeaponSystem-Simplified/WeaponComponents-Simplified/WC-S-RC_FeedPort.PackageMetaData'
[2020.05.16-22.16.14:903][971]LogMetaData: Removing '/Game/WeaponSystem-Simplified/WeaponComponents-Simplified/WC-S_FeedPort/WC-S-RC_FeedPort.SKEL_WC-S-RC_FeedPort_C' ref from Metadata '/Game/WeaponSystem-Simplified/WeaponComponents-Simplified/WC-S-RC_FeedPort.PackageMetaData'
[2020.05.16-22.16.14:903][971]LogMetaData: Removing '/Game/WeaponSystem-Simplified/WeaponComponents-Simplified/WC-S_FeedPort/WC-S-RC_FeedPort.SKEL_WC-S-RC_FeedPort_C:ReceiveBeginPlay' ref from Metadata '/Game/WeaponSystem-Simplified/WeaponComponents-Simplified/WC-S-RC_FeedPort.PackageMetaData'
[2020.05.16-22.16.14:903][971]LogMetaData: Removing '/Game/WeaponSystem-Simplified/WeaponComponents-Simplified/WC-S_FeedPort/WC-S-RC_FeedPort.SKEL_WC-S-RC_FeedPort_C:ReceiveTick' ref from Metadata '/Game/WeaponSystem-Simplified/WeaponComponents-Simplified/WC-S-RC_FeedPort.PackageMetaData'
[2020.05.16-22.16.14:957][971]LogSavePackage: Moving 'C:/Users/danny/Desktop/Systems_Sandbox/Systems_Sandbox/Saved/WC-S-RC_FeedPort84657D4A43FB968FA73E418E7D19C315.tmp' to 'C:/Users/danny/Desktop/Systems_Sandbox/Systems_Sandbox/Content/WeaponSystem-Simplified/WeaponComponents-Simplified/WC-S_FeedPort/WC-S-RC_FeedPort.uasset'
[2020.05.16-22.16.15:156][971]LogUObjectHash: Compacting FUObjectHashTables data took   3.60ms
[2020.05.16-22.16.15:199][971]LogUObjectHash: Compacting FUObjectHashTables data took   2.72ms
[2020.05.16-22.16.15:229][971]LogUObjectHash: Compacting FUObjectHashTables data took   0.82ms
[2020.05.16-22.16.15:395][978]LogPackageName: SearchForPackageOnDisk took   0.000s to resolve /Game/WeaponSystem-Simplified/WeaponComponents-Simplified/WC-S_FeedPort/WC-S-RC_FeedPort.
[2020.05.16-22.16.17:955][129]LogMetaData: Removing '/Game/WeaponSystem-Simplified/WeaponComponents-Simplified/WC-S_Magizine/WC-S-RC_Magizine.WC-S-RC_Magizine_C' ref from Metadata '/Game/WeaponSystem-Simplified/WeaponComponents-Simplified/WC-S-RC_Magizine.PackageMetaData'
[2020.05.16-22.16.17:955][129]LogMetaData: Removing '/Game/WeaponSystem-Simplified/WeaponComponents-Simplified/WC-S_Magizine/WC-S-RC_Magizine.SKEL_WC-S-RC_Magizine_C' ref from Metadata '/Game/WeaponSystem-Simplified/WeaponComponents-Simplified/WC-S-RC_Magizine.PackageMetaData'
[2020.05.16-22.16.17:955][129]LogMetaData: Removing '/Game/WeaponSystem-Simplified/WeaponComponents-Simplified/WC-S_Magizine/WC-S-RC_Magizine.SKEL_WC-S-RC_Magizine_C:ReceiveBeginPlay' ref from Metadata '/Game/WeaponSystem-Simplified/WeaponComponents-Simplified/WC-S-RC_Magizine.PackageMetaData'
[2020.05.16-22.16.17:955][129]LogMetaData: Removing '/Game/WeaponSystem-Simplified/WeaponComponents-Simplified/WC-S_Magizine/WC-S-RC_Magizine.SKEL_WC-S-RC_Magizine_C:ReceiveTick' ref from Metadata '/Game/WeaponSystem-Simplified/WeaponComponents-Simplified/WC-S-RC_Magizine.PackageMetaData'
[2020.05.16-22.16.18:003][129]LogSavePackage: Moving 'C:/Users/danny/Desktop/Systems_Sandbox/Systems_Sandbox/Saved/WC-S-RC_MagizineD5B1CB9F4A33B7DA4B828C8191C50B97.tmp' to 'C:/Users/danny/Desktop/Systems_Sandbox/Systems_Sandbox/Content/WeaponSystem-Simplified/WeaponComponents-Simplified/WC-S_Magizine/WC-S-RC_Magizine.uasset'
[2020.05.16-22.16.18:218][129]LogUObjectHash: Compacting FUObjectHashTables data took   2.83ms
[2020.05.16-22.16.18:252][129]LogUObjectHash: Compacting FUObjectHashTables data took   1.89ms
[2020.05.16-22.16.18:278][129]LogUObjectHash: Compacting FUObjectHashTables data took   0.73ms
[2020.05.16-22.16.18:420][134]LogPackageName: SearchForPackageOnDisk took   0.000s to resolve /Game/WeaponSystem-Simplified/WeaponComponents-Simplified/WC-S_Magizine/WC-S-RC_Magizine.
[2020.05.16-22.16.36:762][230]LogUObjectHash: Compacting FUObjectHashTables data took   3.71ms
[2020.05.16-22.16.36:766][230]LogMetaData: Removing '/Game/WeaponSystem-Simplified/WeaponComponents-Simplified/WC-S_Bolt/WC-S-RC_Bolt_Base.WC-S-RC_Bolt_Base_C' ref from Metadata '/Game/WeaponSystem-Simplified/WeaponComponents-Simplified/WC-S_Bolt/WC-S-RC_Bolt.PackageMetaData'
[2020.05.16-22.16.36:766][230]LogMetaData: Removing '/Game/WeaponSystem-Simplified/WeaponComponents-Simplified/WC-S_Bolt/WC-S-RC_Bolt_Base.SKEL_WC-S-RC_Bolt_Base_C' ref from Metadata '/Game/WeaponSystem-Simplified/WeaponComponents-Simplified/WC-S_Bolt/WC-S-RC_Bolt.PackageMetaData'
[2020.05.16-22.16.36:766][230]LogMetaData: Removing '/Game/WeaponSystem-Simplified/WeaponComponents-Simplified/WC-S_Bolt/WC-S-RC_Bolt_Base.WC-S-RC_Bolt_Base:EventGraph.K2Node_Event_0' ref from Metadata '/Game/WeaponSystem-Simplified/WeaponComponents-Simplified/WC-S_Bolt/WC-S-RC_Bolt.PackageMetaData'
[2020.05.16-22.16.36:766][230]LogMetaData: Removing '/Game/WeaponSystem-Simplified/WeaponComponents-Simplified/WC-S_Bolt/WC-S-RC_Bolt_Base.WC-S-RC_Bolt_Base:EventGraph.K2Node_CallParentFunction_0' ref from Metadata '/Game/WeaponSystem-Simplified/WeaponComponents-Simplified/WC-S_Bolt/WC-S-RC_Bolt.PackageMetaData'
[2020.05.16-22.16.36:767][230]LogMetaData: Removing '/Game/WeaponSystem-Simplified/WeaponComponents-Simplified/WC-S_Bolt/WC-S-RC_Bolt_Base.WC-S-RC_Bolt_Base:EventGraph.K2Node_Event_1' ref from Metadata '/Game/WeaponSystem-Simplified/WeaponComponents-Simplified/WC-S_Bolt/WC-S-RC_Bolt.PackageMetaData'
[2020.05.16-22.16.36:767][230]LogMetaData: Removing '/Game/WeaponSystem-Simplified/WeaponComponents-Simplified/WC-S_Bolt/WC-S-RC_Bolt_Base.WC-S-RC_Bolt_Base:EventGraph.K2Node_CallParentFunction_1' ref from Metadata '/Game/WeaponSystem-Simplified/WeaponComponents-Simplified/WC-S_Bolt/WC-S-RC_Bolt.PackageMetaData'
[2020.05.16-22.16.36:812][230]LogSavePackage: Moving 'C:/Users/danny/Desktop/Systems_Sandbox/Systems_Sandbox/Saved/WC-S-RC_Bolt_BaseE66E6669421C84D1B60335A798231E48.tmp' to 'C:/Users/danny/Desktop/Systems_Sandbox/Systems_Sandbox/Content/WeaponSystem-Simplified/WeaponComponents-Simplified/WC-S_Bolt/WC-S-RC_Bolt_Base.uasset'
[2020.05.16-22.16.37:021][230]LogUObjectHash: Compacting FUObjectHashTables data took   2.26ms
[2020.05.16-22.16.37:057][230]LogUObjectHash: Compacting FUObjectHashTables data took   1.94ms
[2020.05.16-22.16.37:088][230]LogUObjectHash: Compacting FUObjectHashTables data took   0.73ms
[2020.05.16-22.16.37:252][237]LogPackageName: SearchForPackageOnDisk took   0.000s to resolve /Game/WeaponSystem-Simplified/WeaponComponents-Simplified/WC-S_Bolt/WC-S-RC_Bolt_Base.
[2020.05.16-22.16.40:324][419]LogUObjectHash: Compacting FUObjectHashTables data took   2.18ms
[2020.05.16-22.16.42:039][419]LogSlate: Window 'Delete Assets' being destroyed
[2020.05.16-22.16.42:044][419]LogUObjectGlobals: Force Deleting 1 Package(s):
	Asset Name: /Game/WeaponSystem-Simplified/WeaponComponents-Simplified/WC-S_Bolt/WC-S_Bolt_Base.WC-S_Bolt_Base
[2020.05.16-22.16.42:477][419]LogUObjectHash: Compacting FUObjectHashTables data took   2.29ms
[2020.05.16-22.16.42:511][419]LogUObjectHash: Compacting FUObjectHashTables data took   1.88ms
[2020.05.16-22.16.42:541][419]LogUObjectHash: Compacting FUObjectHashTables data took   2.06ms
[2020.05.16-22.16.51:834][972]LogUObjectHash: Compacting FUObjectHashTables data took   4.10ms
[2020.05.16-22.16.51:837][972]LogMetaData: Removing '/Game/WeaponSystem-Simplified/WeaponComponents-Simplified/WC-S_Chamber/WC-S-RC_Chamber_Base.WC-S-RC_Chamber_Base_C' ref from Metadata '/Game/WeaponSystem-Simplified/WeaponComponents-Simplified/WC-S_Chamber/WC-S-RC_Chamber.PackageMetaData'
[2020.05.16-22.16.51:837][972]LogMetaData: Removing '/Game/WeaponSystem-Simplified/WeaponComponents-Simplified/WC-S_Chamber/WC-S-RC_Chamber_Base.SKEL_WC-S-RC_Chamber_Base_C' ref from Metadata '/Game/WeaponSystem-Simplified/WeaponComponents-Simplified/WC-S_Chamber/WC-S-RC_Chamber.PackageMetaData'
[2020.05.16-22.16.51:883][972]LogSavePackage: Moving 'C:/Users/danny/Desktop/Systems_Sandbox/Systems_Sandbox/Saved/WC-S-RC_Chamber_BaseAAEFFB524D29F9FEF861869FFD702127.tmp' to 'C:/Users/danny/Desktop/Systems_Sandbox/Systems_Sandbox/Content/WeaponSystem-Simplified/WeaponComponents-Simplified/WC-S_Chamber/WC-S-RC_Chamber_Base.uasset'
[2020.05.16-22.16.52:081][972]LogUObjectHash: Compacting FUObjectHashTables data took   2.44ms
[2020.05.16-22.16.52:121][972]LogUObjectHash: Compacting FUObjectHashTables data took   2.06ms
[2020.05.16-22.16.52:156][972]LogUObjectHash: Compacting FUObjectHashTables data took   0.82ms
[2020.05.16-22.16.52:251][975]LogPackageName: SearchForPackageOnDisk took   0.000s to resolve /Game/WeaponSystem-Simplified/WeaponComponents-Simplified/WC-S_Chamber/WC-S-RC_Chamber_Base.
[2020.05.16-22.16.55:386][161]LogUObjectHash: Compacting FUObjectHashTables data took   2.86ms
[2020.05.16-22.16.56:788][161]LogSlate: Window 'Delete Assets' being destroyed
[2020.05.16-22.16.56:793][161]LogUObjectGlobals: Force Deleting 1 Package(s):
	Asset Name: /Game/WeaponSystem-Simplified/WeaponComponents-Simplified/WC-S_Chamber/WC-S_Chamber_Base.WC-S_Chamber_Base
[2020.05.16-22.16.57:229][161]LogUObjectHash: Compacting FUObjectHashTables data took   2.52ms
[2020.05.16-22.16.57:260][161]LogUObjectHash: Compacting FUObjectHashTables data took   2.26ms
[2020.05.16-22.16.57:292][161]LogUObjectHash: Compacting FUObjectHashTables data took   1.04ms
[2020.05.16-22.17.33:369][320]LogUObjectHash: Compacting FUObjectHashTables data took   2.78ms
[2020.05.16-22.17.33:373][320]LogMetaData: Removing '/Game/WeaponSystem-Simplified/WeaponComponents-Simplified/WC-S_EjectionPort/WC-S-RC_EjectionPort_Base.WC-S-RC_EjectionPort_Base_C' ref from Metadata '/Game/WeaponSystem-Simplified/WeaponComponents-Simplified/WC-S_EjectionPort/WC-S-RC_EjectionPort.PackageMetaData'
[2020.05.16-22.17.33:373][320]LogMetaData: Removing '/Game/WeaponSystem-Simplified/WeaponComponents-Simplified/WC-S_EjectionPort/WC-S-RC_EjectionPort_Base.SKEL_WC-S-RC_EjectionPort_Base_C' ref from Metadata '/Game/WeaponSystem-Simplified/WeaponComponents-Simplified/WC-S_EjectionPort/WC-S-RC_EjectionPort.PackageMetaData'
[2020.05.16-22.17.33:418][320]LogSavePackage: Moving 'C:/Users/danny/Desktop/Systems_Sandbox/Systems_Sandbox/Saved/WC-S-RC_EjectionPort_Base5E130A6045D5E73561455AA1164203CC.tmp' to 'C:/Users/danny/Desktop/Systems_Sandbox/Systems_Sandbox/Content/WeaponSystem-Simplified/WeaponComponents-Simplified/WC-S_EjectionPort/WC-S-RC_EjectionPort_Base.uasset'
[2020.05.16-22.17.33:596][320]LogUObjectHash: Compacting FUObjectHashTables data took   2.39ms
[2020.05.16-22.17.33:636][320]LogUObjectHash: Compacting FUObjectHashTables data took   2.44ms
[2020.05.16-22.17.33:669][320]LogUObjectHash: Compacting FUObjectHashTables data took   0.73ms
[2020.05.16-22.17.33:748][322]LogPackageName: SearchForPackageOnDisk took   0.000s to resolve /Game/WeaponSystem-Simplified/WeaponComponents-Simplified/WC-S_EjectionPort/WC-S-RC_EjectionPort_Base.
[2020.05.16-22.17.35:902][449]LogUObjectHash: Compacting FUObjectHashTables data took   2.12ms
[2020.05.16-22.17.37:036][449]LogSlate: Window 'Delete Assets' being destroyed
[2020.05.16-22.17.37:041][449]LogUObjectGlobals: Force Deleting 1 Package(s):
	Asset Name: /Game/WeaponSystem-Simplified/WeaponComponents-Simplified/WC-S_EjectionPort/WC-S_EjectionPort_Base.WC-S_EjectionPort_Base
[2020.05.16-22.17.37:478][449]LogUObjectHash: Compacting FUObjectHashTables data took   2.13ms
[2020.05.16-22.17.37:511][449]LogUObjectHash: Compacting FUObjectHashTables data took   2.11ms
[2020.05.16-22.17.37:543][449]LogUObjectHash: Compacting FUObjectHashTables data took   0.77ms
[2020.05.16-22.17.42:436][740]LogUObjectHash: Compacting FUObjectHashTables data took   2.21ms
[2020.05.16-22.17.44:042][740]LogSlate: Window 'Delete Assets' being destroyed
[2020.05.16-22.17.44:048][740]LogUObjectGlobals: Force Deleting 1 Package(s):
	Asset Name: /Game/WeaponSystem-Simplified/WeaponComponents-Simplified/WC-S_FeedPort/WC-S_Feedport_Base.WC-S_FeedPort_Base
[2020.05.16-22.17.44:503][740]LogUObjectHash: Compacting FUObjectHashTables data took   2.25ms
[2020.05.16-22.17.44:537][740]LogUObjectHash: Compacting FUObjectHashTables data took   1.88ms
[2020.05.16-22.17.44:568][740]LogUObjectHash: Compacting FUObjectHashTables data took   0.73ms
[2020.05.16-22.17.48:023][943]LogUObjectHash: Compacting FUObjectHashTables data took   2.38ms
[2020.05.16-22.17.48:028][943]LogMetaData: Removing '/Game/WeaponSystem-Simplified/WeaponComponents-Simplified/WC-S_FeedPort/WC-S-RC_FeedPort_Base.WC-S-RC_FeedPort_Base_C' ref from Metadata '/Game/WeaponSystem-Simplified/WeaponComponents-Simplified/WC-S_FeedPort/WC-S-RC_FeedPort.PackageMetaData'
[2020.05.16-22.17.48:029][943]LogMetaData: Removing '/Game/WeaponSystem-Simplified/WeaponComponents-Simplified/WC-S_FeedPort/WC-S-RC_FeedPort_Base.SKEL_WC-S-RC_FeedPort_Base_C' ref from Metadata '/Game/WeaponSystem-Simplified/WeaponComponents-Simplified/WC-S_FeedPort/WC-S-RC_FeedPort.PackageMetaData'
[2020.05.16-22.17.48:079][943]LogSavePackage: Moving 'C:/Users/danny/Desktop/Systems_Sandbox/Systems_Sandbox/Saved/WC-S-RC_FeedPort_Base692FD6E9455C552092A9A69C3E7EC2C7.tmp' to 'C:/Users/danny/Desktop/Systems_Sandbox/Systems_Sandbox/Content/WeaponSystem-Simplified/WeaponComponents-Simplified/WC-S_FeedPort/WC-S-RC_FeedPort_Base.uasset'
[2020.05.16-22.17.48:259][943]LogUObjectHash: Compacting FUObjectHashTables data took   3.72ms
[2020.05.16-22.17.48:297][943]LogUObjectHash: Compacting FUObjectHashTables data took   2.39ms
[2020.05.16-22.17.48:328][943]LogUObjectHash: Compacting FUObjectHashTables data took   1.02ms
[2020.05.16-22.17.48:431][946]LogPackageName: SearchForPackageOnDisk took   0.000s to resolve /Game/WeaponSystem-Simplified/WeaponComponents-Simplified/WC-S_FeedPort/WC-S-RC_FeedPort_Base.
[2020.05.16-22.18.03:786][863]LogUObjectHash: Compacting FUObjectHashTables data took   3.24ms
[2020.05.16-22.18.03:789][863]LogMetaData: Removing '/Game/WeaponSystem-Simplified/WeaponComponents-Simplified/WC-S_Magizine/WC-S-RC_Magizine_Base.WC-S-RC_Magizine_Base_C' ref from Metadata '/Game/WeaponSystem-Simplified/WeaponComponents-Simplified/WC-S_Magizine/WC-S-RC_Magizine.PackageMetaData'
[2020.05.16-22.18.03:789][863]LogMetaData: Removing '/Game/WeaponSystem-Simplified/WeaponComponents-Simplified/WC-S_Magizine/WC-S-RC_Magizine_Base.SKEL_WC-S-RC_Magizine_Base_C' ref from Metadata '/Game/WeaponSystem-Simplified/WeaponComponents-Simplified/WC-S_Magizine/WC-S-RC_Magizine.PackageMetaData'
[2020.05.16-22.18.03:835][863]LogSavePackage: Moving 'C:/Users/danny/Desktop/Systems_Sandbox/Systems_Sandbox/Saved/WC-S-RC_Magizine_BaseCEAD6D4A461EF462FB6D4CB85AD5FA16.tmp' to 'C:/Users/danny/Desktop/Systems_Sandbox/Systems_Sandbox/Content/WeaponSystem-Simplified/WeaponComponents-Simplified/WC-S_Magizine/WC-S-RC_Magizine_Base.uasset'
[2020.05.16-22.18.04:028][863]LogUObjectHash: Compacting FUObjectHashTables data took   2.75ms
[2020.05.16-22.18.04:070][863]LogUObjectHash: Compacting FUObjectHashTables data took   1.99ms
[2020.05.16-22.18.04:102][863]LogUObjectHash: Compacting FUObjectHashTables data took   1.08ms
[2020.05.16-22.18.04:254][869]LogPackageName: SearchForPackageOnDisk took   0.000s to resolve /Game/WeaponSystem-Simplified/WeaponComponents-Simplified/WC-S_Magizine/WC-S-RC_Magizine_Base.
[2020.05.16-22.18.05:706][954]LogUObjectHash: Compacting FUObjectHashTables data took   2.32ms
[2020.05.16-22.18.06:934][954]LogSlate: Window 'Delete Assets' being destroyed
[2020.05.16-22.18.06:939][954]LogUObjectGlobals: Force Deleting 1 Package(s):
	Asset Name: /Game/WeaponSystem-Simplified/WeaponComponents-Simplified/WC-S_Magizine/WC-S_Magizine_Base.WC-S_Magizine_Base
[2020.05.16-22.18.07:379][954]LogUObjectHash: Compacting FUObjectHashTables data took   2.43ms
[2020.05.16-22.18.07:412][954]LogUObjectHash: Compacting FUObjectHashTables data took   2.09ms
[2020.05.16-22.18.07:439][954]LogUObjectHash: Compacting FUObjectHashTables data took   0.74ms
[2020.05.16-22.22.43:973][795]LogSlate: Window 'Pick Parent Class' being destroyed
[2020.05.16-22.22.47:027][977]LogSlate: Warning: Ignoring SetUserFocus because it's not an active modal Window (user 0 not set to SAssetTileView [SAssetView.cpp(1745)].
[2020.05.16-22.22.47:033][977]LogPackageName: SearchForPackageOnDisk took   0.000s, but failed to resolve /Game/WeaponSystem-Simplified/Rounds/NewBlueprint.
[2020.05.16-22.22.47:097][977]LogUObjectHash: Compacting FUObjectHashTables data took   1.95ms
[2020.05.16-22.22.47:097][977]LogFileHelpers: Editor autosave (incl. sublevels) for '/Game/FirstPersonBP/Maps/FirstPersonExampleMap' took 0.035
[2020.05.16-22.22.47:098][977]OBJ SavePackage: Generating thumbnails for [1] asset(s) in package [/Game/WeaponSystem/Actor/WeaponSystem_BP] ([1] browsable assets)...
[2020.05.16-22.22.47:119][977]OBJ SavePackage:     Rendered thumbnail for [Blueprint /Game/WeaponSystem/Actor/WeaponSystem_BP.WeaponSystem_BP]
[2020.05.16-22.22.47:119][977]OBJ SavePackage: Finished generating thumbnails for package [/Game/WeaponSystem/Actor/WeaponSystem_BP]
[2020.05.16-22.22.47:447][977]LogSavePackage: Moving 'C:/Users/danny/Desktop/Systems_Sandbox/Systems_Sandbox/Saved/WeaponSystem_BP_Auto5F14F9AB04527A877269F2A9EFF50C12F.tmp' to 'C:/Users/danny/Desktop/Systems_Sandbox/Systems_Sandbox/Saved/Autosaves/Game/WeaponSystem/Actor/WeaponSystem_BP_Auto5.uasset'
[2020.05.16-22.22.47:454][977]OBJ SavePackage: Generating thumbnails for [0] asset(s) in package [/Game/WeaponSystem-Simplified/Rounds/NewBlueprint] ([1] browsable assets)...
[2020.05.16-22.22.47:454][977]OBJ SavePackage: Finished generating thumbnails for package [/Game/WeaponSystem-Simplified/Rounds/NewBlueprint]
[2020.05.16-22.22.47:467][977]LogSavePackage: Moving 'C:/Users/danny/Desktop/Systems_Sandbox/Systems_Sandbox/Saved/NewBlueprint_Auto5D33A200C49F67086F8B29382591FAB48.tmp' to 'C:/Users/danny/Desktop/Systems_Sandbox/Systems_Sandbox/Saved/Autosaves/Game/WeaponSystem-Simplified/Rounds/NewBlueprint_Auto5.uasset'
[2020.05.16-22.22.47:469][977]LogFileHelpers: Auto-saving content packages took 0.371
[2020.05.16-22.22.55:863][476]LogUObjectHash: Compacting FUObjectHashTables data took   3.35ms
[2020.05.16-22.22.55:867][476]LogMetaData: Removing '/Game/WeaponSystem-Simplified/Rounds/Rounds_Base.Rounds_Base:UserConstructionScript.K2Node_FunctionEntry_0' ref from Metadata '/Game/WeaponSystem-Simplified/Rounds/NewBlueprint.PackageMetaData'
[2020.05.16-22.22.55:867][476]LogMetaData: Removing '/Game/WeaponSystem-Simplified/Rounds/Rounds_Base.SKEL_Rounds_Base_C' ref from Metadata '/Game/WeaponSystem-Simplified/Rounds/NewBlueprint.PackageMetaData'
[2020.05.16-22.22.55:867][476]LogMetaData: Removing '/Game/WeaponSystem-Simplified/Rounds/Rounds_Base.Rounds_Base_C' ref from Metadata '/Game/WeaponSystem-Simplified/Rounds/NewBlueprint.PackageMetaData'
[2020.05.16-22.22.55:867][476]LogMetaData: Removing '/Game/WeaponSystem-Simplified/Rounds/Rounds_Base.Rounds_Base:EventGraph.K2Node_Event_0' ref from Metadata '/Game/WeaponSystem-Simplified/Rounds/NewBlueprint.PackageMetaData'
[2020.05.16-22.22.55:867][476]LogMetaData: Removing '/Game/WeaponSystem-Simplified/Rounds/Rounds_Base.Rounds_Base:EventGraph.K2Node_Event_1' ref from Metadata '/Game/WeaponSystem-Simplified/Rounds/NewBlueprint.PackageMetaData'
[2020.05.16-22.22.55:867][476]LogMetaData: Removing '/Game/WeaponSystem-Simplified/Rounds/Rounds_Base.Rounds_Base:EventGraph.K2Node_Event_2' ref from Metadata '/Game/WeaponSystem-Simplified/Rounds/NewBlueprint.PackageMetaData'
[2020.05.16-22.22.55:914][476]LogSavePackage: Moving 'C:/Users/danny/Desktop/Systems_Sandbox/Systems_Sandbox/Saved/Rounds_Base36184D3C40CE2890C468EF8FFDCF2684.tmp' to 'C:/Users/danny/Desktop/Systems_Sandbox/Systems_Sandbox/Content/WeaponSystem-Simplified/Rounds/Rounds_Base.uasset'
[2020.05.16-22.22.56:095][476]LogUObjectHash: Compacting FUObjectHashTables data took   2.51ms
[2020.05.16-22.22.56:133][476]LogUObjectHash: Compacting FUObjectHashTables data took   2.29ms
[2020.05.16-22.22.56:162][476]LogUObjectHash: Compacting FUObjectHashTables data took   0.95ms
[2020.05.16-22.22.56:315][483]LogPackageName: SearchForPackageOnDisk took   0.000s to resolve /Game/WeaponSystem-Simplified/Rounds/Rounds_Base.
[2020.05.16-22.23.03:608][920]LogAssetEditorManager: Opening Asset editor for Blueprint /Game/WeaponSystem-Simplified/WeaponComponents-Simplified/WC-S-RoundCarrier_Base.WC-S-RoundCarrier_Base
[2020.05.16-22.23.17:754][700]LogSlate: Took 0.277966 seconds to synchronously load lazily loaded font '../../../Engine/Content/Slate/Fonts/Roboto-BoldCondensedItalic.ttf' (160K)
[2020.05.16-22.23.35:389][728]BlueprintLog: New page: Compile WC-S-RoundCarrier_Base
[2020.05.16-22.23.35:429][728]LogUObjectHash: Compacting FUObjectHashTables data took   2.97ms
[2020.05.16-22.23.35:910][735]LogUObjectHash: Compacting FUObjectHashTables data took   2.60ms
[2020.05.16-22.23.35:947][735]Cmd: OBJ SAVEPACKAGE PACKAGE="/Game/WeaponSystem/Actor/WeaponSystem_BP" FILE="C:/Users/danny/Desktop/Systems_Sandbox/Systems_Sandbox/Content/WeaponSystem/Actor/WeaponSystem_BP.uasset" SILENT=true
[2020.05.16-22.23.36:264][735]LogSavePackage: Moving 'C:/Users/danny/Desktop/Systems_Sandbox/Systems_Sandbox/Saved/WeaponSystem_BP519AE99F40F926181AD876AA3ED84E52.tmp' to 'C:/Users/danny/Desktop/Systems_Sandbox/Systems_Sandbox/Content/WeaponSystem/Actor/WeaponSystem_BP.uasset'
[2020.05.16-22.23.36:302][735]LogSavePackage: Moving 'C:/Users/danny/Desktop/Systems_Sandbox/Systems_Sandbox/Saved/WC-S-RoundCarrier_Base6A30D33E468C52D69D2CCBBF77137900.tmp' to 'C:/Users/danny/Desktop/Systems_Sandbox/Systems_Sandbox/Content/WeaponSystem-Simplified/WeaponComponents-Simplified/WC-S-RoundCarrier_Base.uasset'
[2020.05.16-22.23.46:228][321]LogSlate: Window 'WC-S-RoundCarrier_Base' being destroyed
[2020.05.16-22.23.46:233][321]LogSlate: Window 'WC-S-RoundCarrier_Base' being destroyed
[2020.05.16-22.45.38:435][913]LogUObjectHash: Compacting FUObjectHashTables data took   2.26ms
[2020.05.16-22.45.38:547][913]LogSlate: Window 'Systems_Sandbox - Unreal Editor' being destroyed
[2020.05.16-22.45.38:549][913]LogWindowsTextInputMethodSystem: Display: IME system now deactivated.
[2020.05.16-22.45.38:819][914]Cmd: QUIT_EDITOR
[2020.05.16-22.45.38:849][914]LogExit: Preparing to exit.
[2020.05.16-22.45.39:212][914]LogExit: Editor shut down
[2020.05.16-22.45.39:213][914]LogExit: Transaction tracking system shut down
[2020.05.16-22.45.39:586][914]LogExit: Object subsystem successfully closed.
[2020.05.16-22.45.39:616][914]LogShaderCompilers: Display: Shaders left to compile 0
[2020.05.16-22.45.39:626][914]LogD3D11RHI: Shutdown
[2020.05.16-22.45.39:626][914]LogD3D11RHI: CleanupD3DDevice
[2020.05.16-22.45.39:627][914]LogRendererCore: FGlobalReadBuffer::ReleaseRHI
[2020.05.16-22.45.39:627][914]LogRendererCore: FGlobalDynamicReadBuffer::Cleanup()
[2020.05.16-22.45.39:627][914]LogRendererCore: FGlobalReadBuffer::ReleaseRHI
[2020.05.16-22.45.39:627][914]LogRendererCore: FGlobalDynamicReadBuffer::Cleanup()
[2020.05.16-22.45.39:627][914]LogRendererCore: FGlobalReadBuffer::ReleaseRHI
[2020.05.16-22.45.39:627][914]LogRendererCore: FGlobalDynamicReadBuffer::Cleanup()
[2020.05.16-22.45.39:737][914]LogD3D11RHI: ~FD3D11DynamicRHI
[2020.05.16-22.45.39:751][914]LogModuleManager: Shutting down and abandoning module BlueprintGraph (648)
[2020.05.16-22.45.39:751][914]LogModuleManager: Shutting down and abandoning module HierarchicalLODOutliner (646)
[2020.05.16-22.45.39:751][914]LogModuleManager: Shutting down and abandoning module WorldBrowser (644)
[2020.05.16-22.45.39:751][914]LogModuleManager: Shutting down and abandoning module AddContentDialog (642)
[2020.05.16-22.45.39:774][914]LogModuleManager: Shutting down and abandoning module WidgetCarousel (641)
[2020.05.16-22.45.39:774][914]LogModuleManager: Shutting down and abandoning module CollectionManager (638)
[2020.05.16-22.45.39:775][914]LogModuleManager: Shutting down and abandoning module EditorWidgets (636)
[2020.05.16-22.45.39:775][914]LogModuleManager: Shutting down and abandoning module SceneOutliner (634)
[2020.05.16-22.45.39:775][914]LogModuleManager: Shutting down and abandoning module StatsViewer (632)
[2020.05.16-22.45.39:775][914]LogModuleManager: Shutting down and abandoning module FoliageEdit (630)
[2020.05.16-22.45.39:775][914]LogModuleManager: Shutting down and abandoning module LandscapeEditor (628)
[2020.05.16-22.45.39:775][914]LogModuleManager: Shutting down and abandoning module MeshPaintMode (626)
[2020.05.16-22.45.39:775][914]LogModuleManager: Shutting down and abandoning module SceneDepthPickerMode (624)
[2020.05.16-22.45.39:775][914]LogModuleManager: Shutting down and abandoning module ActorPickerMode (622)
[2020.05.16-22.45.39:775][914]LogModuleManager: Shutting down and abandoning module GeometryMode (620)
[2020.05.16-22.45.39:775][914]LogModuleManager: Shutting down and abandoning module TextureAlignMode (618)
[2020.05.16-22.45.39:775][914]LogModuleManager: Shutting down and abandoning module BspMode (616)
[2020.05.16-22.45.39:775][914]LogModuleManager: Shutting down and abandoning module PIEPreviewDeviceProfileSelector (614)
[2020.05.16-22.45.39:775][914]LogModuleManager: Shutting down and abandoning module SequenceRecorderSections (612)
[2020.05.16-22.45.39:775][914]LogModuleManager: Shutting down and abandoning module AutomationWorker (610)
[2020.05.16-22.45.39:775][914]LogModuleManager: Shutting down and abandoning module OculusMR (608)
[2020.05.16-22.45.39:775][914]LogModuleManager: Shutting down and abandoning module AudioCaptureEditor (606)
[2020.05.16-22.45.39:775][914]LogModuleManager: Shutting down and abandoning module MatineeToLevelSequence (604)
[2020.05.16-22.45.39:775][914]LogModuleManager: Shutting down and abandoning module LevelSequenceEditor (602)
[2020.05.16-22.45.39:775][914]LogModuleManager: Shutting down and abandoning module PlacementMode (601)
[2020.05.16-22.45.39:775][914]LogModuleManager: Shutting down and abandoning module MaterialEditor (600)
[2020.05.16-22.45.39:775][914]LogModuleManager: Shutting down and abandoning module ActorSequenceEditor (596)
[2020.05.16-22.45.39:776][914]LogModuleManager: Shutting down and abandoning module WmfMediaFactory (594)
[2020.05.16-22.45.39:776][914]LogModuleManager: Shutting down and abandoning module WmfMediaEditor (592)
[2020.05.16-22.45.39:776][914]LogModuleManager: Shutting down and abandoning module WebMMediaFactory (590)
[2020.05.16-22.45.39:776][914]LogModuleManager: Shutting down and abandoning module WebMMediaEditor (588)
[2020.05.16-22.45.39:776][914]LogModuleManager: Shutting down and abandoning module WebMMedia (586)
[2020.05.16-22.45.39:776][914]LogModuleManager: Shutting down and abandoning module MediaPlayerEditor (584)
[2020.05.16-22.45.39:776][914]LogModuleManager: Shutting down and abandoning module MediaCompositingEditor (582)
[2020.05.16-22.45.39:776][914]LogModuleManager: Shutting down and abandoning module SequenceRecorder (581)
[2020.05.16-22.45.39:776][914]LogModuleManager: Shutting down and abandoning module OpenExrWrapper (578)
[2020.05.16-22.45.39:776][914]LogModuleManager: Shutting down and abandoning module ImgMediaFactory (576)
[2020.05.16-22.45.39:776][914]LogModuleManager: Shutting down and abandoning module ImgMediaEditor (574)
[2020.05.16-22.45.39:776][914]LogModuleManager: Shutting down and abandoning module AvfMediaFactory (572)
[2020.05.16-22.45.39:776][914]LogModuleManager: Shutting down and abandoning module AvfMediaEditor (570)
[2020.05.16-22.45.39:776][914]LogModuleManager: Shutting down and abandoning module AndroidMediaFactory (568)
[2020.05.16-22.45.39:776][914]LogModuleManager: Shutting down and abandoning module AndroidMediaEditor (566)
[2020.05.16-22.45.39:776][914]LogModuleManager: Shutting down and abandoning module MagicLeapCameraPreviewFactory (564)
[2020.05.16-22.45.39:776][914]LogModuleManager: Shutting down and abandoning module MagicLeapMediaCodecFactory (562)
[2020.05.16-22.45.39:776][914]LogModuleManager: Shutting down and abandoning module MagicLeapMediaFactory (560)
[2020.05.16-22.45.39:776][914]LogModuleManager: Shutting down and abandoning module MagicLeapMediaEditor (558)
[2020.05.16-22.45.39:776][914]LogModuleManager: Shutting down and abandoning module CharacterAI (556)
[2020.05.16-22.45.39:776][914]LogModuleManager: Shutting down and abandoning module SmartSnapping (554)
[2020.05.16-22.45.39:776][914]LogModuleManager: Shutting down and abandoning module SessionServices (552)
[2020.05.16-22.45.39:776][914]LogModuleManager: Shutting down and abandoning module MeshPaint (550)
[2020.05.16-22.45.39:776][914]LogModuleManager: Shutting down and abandoning module ViewportSnapping (548)
[2020.05.16-22.45.39:776][914]LogModuleManager: Shutting down and abandoning module ViewportInteraction (546)
[2020.05.16-22.45.39:776][914]LogModuleManager: Shutting down and abandoning module ClothPainter (544)
[2020.05.16-22.45.39:776][914]LogModuleManager: Shutting down and abandoning module SkeletalMeshEditor (543)
[2020.05.16-22.45.39:776][914]LogModuleManager: Shutting down and abandoning module LogVisualizer (540)
[2020.05.16-22.45.39:776][914]LogModuleManager: Shutting down and abandoning module IntroTutorials (538)
[2020.05.16-22.45.39:776][914]LogModuleManager: Shutting down and abandoning module GameProjectGeneration (537)
[2020.05.16-22.45.39:777][914]LogModuleManager: Shutting down and abandoning module LuminPlatformEditor (534)
[2020.05.16-22.45.39:777][914]LogModuleManager: Shutting down and abandoning module IOSPlatformEditor (532)
[2020.05.16-22.45.39:777][914]LogModuleManager: Shutting down and abandoning module HTML5PlatformEditor (530)
[2020.05.16-22.45.39:777][914]LogModuleManager: Shutting down and abandoning module AndroidPlatformEditor (528)
[2020.05.16-22.45.39:777][914]LogModuleManager: Shutting down and abandoning module AndroidDeviceDetection (527)
[2020.05.16-22.45.40:633][914]LogModuleManager: Shutting down and abandoning module WindowsPlatformEditor (524)
[2020.05.16-22.45.40:633][914]LogModuleManager: Shutting down and abandoning module LuminRuntimeSettings (522)
[2020.05.16-22.45.40:633][914]LogModuleManager: Shutting down and abandoning module IOSRuntimeSettings (520)
[2020.05.16-22.45.40:633][914]LogModuleManager: Shutting down and abandoning module AndroidRuntimeSettings (518)
[2020.05.16-22.45.40:633][914]LogModuleManager: Shutting down and abandoning module TimeManagementEditor (516)
[2020.05.16-22.45.40:633][914]LogModuleManager: Shutting down and abandoning module InputBindingEditor (514)
[2020.05.16-22.45.40:633][914]LogModuleManager: Shutting down and abandoning module MergeActors (512)
[2020.05.16-22.45.40:633][914]LogModuleManager: Shutting down and abandoning module LocalizationDashboard (510)
[2020.05.16-22.45.40:633][914]LogModuleManager: Shutting down and abandoning module LocalizationService (509)
[2020.05.16-22.45.40:633][914]LogModuleManager: Shutting down and abandoning module HardwareTargeting (506)
[2020.05.16-22.45.40:633][914]LogModuleManager: Shutting down and abandoning module DeviceProfileEditor (504)
[2020.05.16-22.45.40:633][914]LogModuleManager: Shutting down and abandoning module UndoHistory (502)
[2020.05.16-22.45.40:633][914]LogModuleManager: Shutting down and abandoning module XmlParser (500)
[2020.05.16-22.45.40:633][914]LogModuleManager: Shutting down and abandoning module Blutility (498)
[2020.05.16-22.45.40:633][914]LogModuleManager: Shutting down and abandoning module ProjectSettingsViewer (496)
[2020.05.16-22.45.40:633][914]LogModuleManager: Shutting down and abandoning module ProjectTargetPlatformEditor (495)
[2020.05.16-22.45.40:633][914]LogModuleManager: Shutting down and abandoning module EditorSettingsViewer (492)
[2020.05.16-22.45.40:634][914]LogModuleManager: Shutting down and abandoning module SettingsEditor (490)
[2020.05.16-22.45.40:634][914]LogModuleManager: Shutting down and abandoning module ProjectLauncher (488)
[2020.05.16-22.45.40:634][914]LogModuleManager: Shutting down and abandoning module SessionFrontend (486)
[2020.05.16-22.45.40:634][914]LogModuleManager: Shutting down and abandoning module ProfilerClient (484)
[2020.05.16-22.45.40:634][914]LogModuleManager: Shutting down and abandoning module DeviceManager (482)
[2020.05.16-22.45.40:634][914]LogModuleManager: Shutting down and abandoning module TargetDeviceServices (481)
[2020.05.16-22.45.40:678][914]LogModuleManager: Shutting down and abandoning module AutomationController (478)
[2020.05.16-22.45.40:678][914]LogModuleManager: Shutting down and abandoning module AutomationWindow (476)
[2020.05.16-22.45.40:678][914]LogModuleManager: Shutting down and abandoning module Layers (474)
[2020.05.16-22.45.40:678][914]LogModuleManager: Shutting down and abandoning module ComponentVisualizers (472)
[2020.05.16-22.45.40:678][914]LogModuleManager: Shutting down and abandoning module DetailCustomizations (470)
[2020.05.16-22.45.40:678][914]LogModuleManager: Shutting down and abandoning module PackagesDialog (468)
[2020.05.16-22.45.40:678][914]LogModuleManager: Shutting down and abandoning module AnimationBlueprintEditor (466)
[2020.05.16-22.45.40:678][914]LogModuleManager: Shutting down and abandoning module Persona (464)
[2020.05.16-22.45.40:678][914]LogModuleManager: Shutting down and abandoning module AdvancedPreviewScene (463)
[2020.05.16-22.45.40:678][914]LogModuleManager: Shutting down and abandoning module AnimGraph (461)
[2020.05.16-22.45.40:678][914]LogModuleManager: Shutting down and abandoning module Kismet (458)
[2020.05.16-22.45.40:684][914]LogModuleManager: Shutting down and abandoning module GraphEditor (456)
[2020.05.16-22.45.40:684][914]LogModuleManager: Shutting down and abandoning module ClassViewer (454)
[2020.05.16-22.45.40:685][914]LogModuleManager: Shutting down and abandoning module Toolbox (452)
[2020.05.16-22.45.40:685][914]LogModuleManager: Shutting down and abandoning module DesktopPlatform (451)
[2020.05.16-22.45.40:685][914]LogModuleManager: Shutting down and abandoning module ModuleUI (448)
[2020.05.16-22.45.40:685][914]LogModuleManager: Shutting down and abandoning module MovieSceneTools (446)
[2020.05.16-22.45.40:685][914]LogModuleManager: Shutting down and abandoning module OutputLog (444)
[2020.05.16-22.45.40:685][914]LogModuleManager: Shutting down and abandoning module GammaUI (442)
[2020.05.16-22.45.40:685][914]LogModuleManager: Shutting down and abandoning module Documentation (440)
[2020.05.16-22.45.40:685][914]LogModuleManager: Shutting down and abandoning module LiveCoding (438)
[2020.05.16-22.45.40:685][914]LogModuleManager: Shutting down and abandoning module LevelSequence (436)
[2020.05.16-22.45.40:685][914]LogModuleManager: Shutting down and abandoning module MovieSceneTracks (434)
[2020.05.16-22.45.40:685][914]LogModuleManager: Shutting down and abandoning module MovieScene (432)
[2020.05.16-22.45.40:685][914]LogModuleManager: Shutting down and abandoning module StreamingPauseRendering (430)
[2020.05.16-22.45.40:685][914]LogModuleManager: Shutting down and abandoning module LauncherPlatform (428)
[2020.05.16-22.45.40:685][914]LogModuleManager: Shutting down and abandoning module AnalyticsET (426)
[2020.05.16-22.45.40:685][914]LogModuleManager: Shutting down and abandoning module PortalServices (424)
[2020.05.16-22.45.40:685][914]LogModuleManager: Shutting down and abandoning module PortalRpc (422)
[2020.05.16-22.45.40:685][914]LogModuleManager: Shutting down and abandoning module MessagingRpc (420)
[2020.05.16-22.45.40:685][914]LogModuleManager: Shutting down and abandoning module AIModule (418)
[2020.05.16-22.45.40:686][914]LogModuleManager: Shutting down and abandoning module GameplayDebugger (417)
[2020.05.16-22.45.40:686][914]LogModuleManager: Shutting down and abandoning module AITestSuite (415)
[2020.05.16-22.45.40:686][914]LogModuleManager: Shutting down and abandoning module NavigationSystem (413)
[2020.05.16-22.45.40:686][914]LogModuleManager: Shutting down and abandoning module ImageWriteQueue (410)
[2020.05.16-22.45.40:691][914]LogModuleManager: Shutting down and abandoning module ProfilerService (408)
[2020.05.16-22.45.40:897][914]LogModuleManager: Shutting down and abandoning module TaskGraph (406)
[2020.05.16-22.45.40:897][914]LogModuleManager: Shutting down and abandoning module SteamVRController (404)
[2020.05.16-22.45.40:897][914]LogModuleManager: Shutting down and abandoning module ProceduralMeshComponentEditor (402)
[2020.05.16-22.45.40:897][914]LogModuleManager: Shutting down and abandoning module ProceduralMeshComponent (400)
[2020.05.16-22.45.40:897][914]LogModuleManager: Shutting down and abandoning module OculusEditor (398)
[2020.05.16-22.45.40:897][914]LogModuleManager: Shutting down and abandoning module OculusInput (396)
[2020.05.16-22.45.40:897][914]LogModuleManager: Shutting down and abandoning module MobilePatchingUtils (394)
[2020.05.16-22.45.40:897][914]LogModuleManager: Shutting down and abandoning module EditableMesh (392)
[2020.05.16-22.45.40:897][914]LogModuleManager: Shutting down and abandoning module CustomMeshComponent (390)
[2020.05.16-22.45.40:898][914]LogModuleManager: Shutting down and abandoning module CableComponent (388)
[2020.05.16-22.45.40:898][914]LogModuleManager: Shutting down and abandoning module AudioCapture (386)
[2020.05.16-22.45.40:898][914]LogModuleManager: Shutting down and abandoning module ArchVisCharacter (384)
[2020.05.16-22.45.40:898][914]LogModuleManager: Shutting down and abandoning module AndroidPermission (382)
[2020.05.16-22.45.40:898][914]LogModuleManager: Shutting down and abandoning module NUTUnrealEngine4 (380)
[2020.05.16-22.45.40:898][914]LogModuleManager: Shutting down and abandoning module NetcodeUnitTest (378)
[2020.05.16-22.45.40:898][914]LogModuleManager: Shutting down and abandoning module MediaCompositing (376)
[2020.05.16-22.45.40:898][914]LogModuleManager: Shutting down and abandoning module LinearTimecode (374)
[2020.05.16-22.45.40:898][914]LogModuleManager: Shutting down and abandoning module ImgMedia (372)
[2020.05.16-22.45.40:898][914]LogModuleManager: Shutting down and abandoning module MagicLeapHelperVulkan (370)
[2020.05.16-22.45.40:898][914]LogModuleManager: Shutting down and abandoning module MagicLeapHelperOpenGL (368)
[2020.05.16-22.45.40:898][914]LogModuleManager: Shutting down and abandoning module MagicLeapAudio (366)
[2020.05.16-22.45.40:898][914]LogModuleManager: Shutting down and abandoning module HTML5Networking (364)
[2020.05.16-22.45.40:898][914]LogModuleManager: Shutting down and abandoning module GeometryCacheTracks (362)
[2020.05.16-22.45.40:898][914]LogModuleManager: Shutting down and abandoning module GeometryCacheSequencer (360)
[2020.05.16-22.45.40:898][914]LogModuleManager: Shutting down and abandoning module BackChannel (358)
[2020.05.16-22.45.40:898][914]LogModuleManager: Shutting down and abandoning module AppleVision (356)
[2020.05.16-22.45.40:898][914]LogModuleManager: Shutting down and abandoning module AppleImageUtilsBlueprintSupport (354)
[2020.05.16-22.45.40:898][914]LogModuleManager: Shutting down and abandoning module AppleImageUtils (352)
[2020.05.16-22.45.40:898][914]LogModuleManager: Shutting down and abandoning module AlembicImporter (350)
[2020.05.16-22.45.40:898][914]LogModuleManager: Shutting down and abandoning module AlembicLibrary (349)
[2020.05.16-22.45.40:898][914]LogModuleManager: Shutting down and abandoning module GeometryCache (348)
[2020.05.16-22.45.40:898][914]LogModuleManager: Shutting down and abandoning module GeometryCacheEd (347)
[2020.05.16-22.45.40:898][914]LogModuleManager: Shutting down and abandoning module VariantManagerContent (342)
[2020.05.16-22.45.40:898][914]LogModuleManager: Shutting down and abandoning module DatasmithContentEditor (340)
[2020.05.16-22.45.40:898][914]LogModuleManager: Shutting down and abandoning module SpeedTreeImporter (338)
[2020.05.16-22.45.40:898][914]LogModuleManager: Shutting down and abandoning module PluginBrowser (336)
[2020.05.16-22.45.40:899][914]LogModuleManager: Shutting down and abandoning module MobileLauncherProfileWizard (334)
[2020.05.16-22.45.40:899][914]LogModuleManager: Shutting down and abandoning module MaterialAnalyzer (332)
[2020.05.16-22.45.40:899][914]LogModuleManager: Shutting down and abandoning module CryptoKeysOpenSSL (330)
[2020.05.16-22.45.40:899][914]LogModuleManager: Shutting down and abandoning module CryptoKeys (328)
[2020.05.16-22.45.40:899][914]LogModuleManager: Shutting down and abandoning module VisualStudioSourceCodeAccess (326)
[2020.05.16-22.45.40:899][914]LogModuleManager: Shutting down and abandoning module VisualStudioCodeSourceCodeAccess (324)
[2020.05.16-22.45.40:899][914]LogModuleManager: Shutting down and abandoning module UObjectPlugin (322)
[2020.05.16-22.45.40:899][914]LogModuleManager: Shutting down and abandoning module SubversionSourceControl (320)
[2020.05.16-22.45.40:899][914]LogModuleManager: Shutting down and abandoning module PerforceSourceControl (318)
[2020.05.16-22.45.40:899][914]LogModuleManager: Shutting down and abandoning module GitSourceControl (316)
[2020.05.16-22.45.40:899][914]LogModuleManager: Shutting down and abandoning module SourceControl (315)
[2020.05.16-22.45.40:899][914]LogModuleManager: Shutting down and abandoning module CLionSourceCodeAccess (312)
[2020.05.16-22.45.40:899][914]LogModuleManager: Shutting down and abandoning module AnimationSharingEd (310)
[2020.05.16-22.45.40:899][914]LogModuleManager: Shutting down and abandoning module ActorLayerUtilitiesEditor (308)
[2020.05.16-22.45.40:899][914]LogModuleManager: Shutting down and abandoning module ActorLayerUtilities (306)
[2020.05.16-22.45.40:899][914]LogModuleManager: Shutting down and abandoning module LightPropagationVolumeEditor (304)
[2020.05.16-22.45.40:899][914]LogModuleManager: Shutting down and abandoning module PaperTiledImporter (302)
[2020.05.16-22.45.40:899][914]LogModuleManager: Shutting down and abandoning module PaperSpriteSheetImporter (300)
[2020.05.16-22.45.40:899][914]LogModuleManager: Shutting down and abandoning module Paper2DEditor (298)
[2020.05.16-22.45.40:899][914]LogModuleManager: Shutting down and abandoning module Systems_Sandbox (296)
[2020.05.16-22.45.40:899][914]LogModuleManager: Shutting down and abandoning module SignificanceManager (294)
[2020.05.16-22.45.40:899][914]LogModuleManager: Shutting down and abandoning module RuntimePhysXCooking (292)
[2020.05.16-22.45.40:899][914]LogModuleManager: Shutting down and abandoning module PhysXVehiclesEditor (290)
[2020.05.16-22.45.40:899][914]LogModuleManager: Shutting down and abandoning module PhysXVehicles (288)
[2020.05.16-22.45.40:899][914]LogModuleManager: Shutting down and abandoning module LocationServicesBPLibrary (286)
[2020.05.16-22.45.40:899][914]LogModuleManager: Shutting down and abandoning module ActorSequence (284)
[2020.05.16-22.45.40:899][914]LogModuleManager: Shutting down and abandoning module UdpMessaging (282)
[2020.05.16-22.45.41:000][914]LogModuleManager: Shutting down and abandoning module TcpMessaging (280)
[2020.05.16-22.45.41:101][914]LogModuleManager: Shutting down and abandoning module MagicLeapIdentity (278)
[2020.05.16-22.45.41:101][914]LogModuleManager: Shutting down and abandoning module MagicLeapSecureStorage (276)
[2020.05.16-22.45.41:101][914]LogModuleManager: Shutting down and abandoning module MagicLeapHandTracking (274)
[2020.05.16-22.45.41:101][914]LogModuleManager: Shutting down and abandoning module MagicLeapEyeTracker (272)
[2020.05.16-22.45.41:101][914]LogModuleManager: Shutting down and abandoning module MagicLeapController (270)
[2020.05.16-22.45.41:101][914]LogSlate: Slate User Destroyed.  User Index 0, Is Virtual User: 0
[2020.05.16-22.45.41:101][914]LogModuleManager: Shutting down and abandoning module MagicLeapAR (268)
[2020.05.16-22.45.41:101][914]LogModuleManager: Shutting down and abandoning module AugmentedReality (267)
[2020.05.16-22.45.41:101][914]LogModuleManager: Shutting down and abandoning module GameplayTagsEditor (264)
[2020.05.16-22.45.41:101][914]LogModuleManager: Shutting down and abandoning module FacialAnimationEditor (262)
[2020.05.16-22.45.41:101][914]LogModuleManager: Shutting down and abandoning module FacialAnimation (260)
[2020.05.16-22.45.41:101][914]LogModuleManager: Shutting down and abandoning module DataValidation (258)
[2020.05.16-22.45.41:101][914]LogModuleManager: Shutting down and abandoning module AssetManagerEditor (256)
[2020.05.16-22.45.41:101][914]LogModuleManager: Shutting down and abandoning module LevelEditor (255)
[2020.05.16-22.45.41:102][914]LogModuleManager: Shutting down and abandoning module PixelInspectorModule (254)
[2020.05.16-22.45.41:102][914]LogModuleManager: Shutting down and abandoning module CommonMenuExtensions (252)
[2020.05.16-22.45.41:103][914]LogModuleManager: Shutting down and abandoning module MainFrame (250)
[2020.05.16-22.45.41:103][914]LogModuleManager: Shutting down and abandoning module HotReload (249)
[2020.05.16-22.45.41:103][914]LogModuleManager: Shutting down and abandoning module ContentBrowser (245)
[2020.05.16-22.45.41:105][914]LogModuleManager: Shutting down and abandoning module TreeMap (243)
[2020.05.16-22.45.41:105][914]LogModuleManager: Shutting down and abandoning module AnimationSharing (240)
[2020.05.16-22.45.41:105][914]LogModuleManager: Shutting down and abandoning module LightPropagationVolumeRuntime (238)
[2020.05.16-22.45.41:105][914]LogModuleManager: Shutting down and abandoning module AISupportModule (236)
[2020.05.16-22.45.41:105][914]LogModuleManager: Shutting down and abandoning module Paper2D (234)
[2020.05.16-22.45.41:105][914]LogModuleManager: Shutting down and abandoning module WindowsMoviePlayer (232)
[2020.05.16-22.45.41:105][914]LogModuleManager: Shutting down and abandoning module WebMMoviePlayer (230)
[2020.05.16-22.45.41:105][914]LogModuleManager: Shutting down and abandoning module PacketHandler (228)
[2020.05.16-22.45.41:105][914]LogModuleManager: Shutting down and abandoning module ClothingSystemEditor (226)
[2020.05.16-22.45.41:105][914]LogModuleManager: Shutting down and abandoning module ClothingSystemRuntime (224)
[2020.05.16-22.45.41:105][914]LogModuleManager: Shutting down and abandoning module MediaAssets (222)
[2020.05.16-22.45.41:105][914]LogModuleManager: Shutting down and abandoning module Overlay (220)
[2020.05.16-22.45.41:105][914]LogModuleManager: Shutting down and abandoning module OverlayEditor (219)
[2020.05.16-22.45.41:105][914]LogModuleManager: Shutting down and abandoning module VREditor (216)
[2020.05.16-22.45.41:105][914]LogModuleManager: Shutting down and abandoning module StringTableEditor (214)
[2020.05.16-22.45.41:106][914]LogModuleManager: Shutting down and abandoning module GameplayTasksEditor (212)
[2020.05.16-22.45.41:106][914]LogModuleManager: Shutting down and abandoning module BehaviorTreeEditor (210)
[2020.05.16-22.45.41:106][914]LogModuleManager: Shutting down and abandoning module FunctionalTesting (208)
[2020.05.16-22.45.41:106][914]LogModuleManager: Shutting down and abandoning module CollisionAnalyzer (206)
[2020.05.16-22.45.41:106][914]LogModuleManager: Shutting down and abandoning module WorkspaceMenuStructure (205)
[2020.05.16-22.45.41:106][914]LogModuleManager: Shutting down and abandoning module UMG (202)
[2020.05.16-22.45.41:106][914]LogModuleManager: Shutting down and abandoning module UMGEditor (201)
[2020.05.16-22.45.41:106][914]LogModuleManager: Shutting down and abandoning module Sequencer (200)
[2020.05.16-22.45.41:106][914]LogModuleManager: Shutting down and abandoning module MessageLog (197)
[2020.05.16-22.45.41:106][914]LogModuleManager: Shutting down and abandoning module SlateReflector (192)
[2020.05.16-22.45.41:106][914]LogModuleManager: Shutting down and abandoning module Slate (190)
[2020.05.16-22.45.41:106][914]LogModuleManager: Shutting down and abandoning module EditorStyle (188)
[2020.05.16-22.45.41:109][914]LogModuleManager: Shutting down and abandoning module UnrealEd (186)
[2020.05.16-22.45.41:109][914]LogModuleManager: Shutting down and abandoning module MRMesh (184)
[2020.05.16-22.45.41:109][914]LogModuleManager: Shutting down and abandoning module SourceCodeAccess (182)
[2020.05.16-22.45.41:109][914]LogModuleManager: Shutting down and abandoning module HeadMountedDisplay (180)
[2020.05.16-22.45.41:109][914]LogModuleManager: Shutting down and abandoning module XAudio2 (178)
[2020.05.16-22.45.41:109][914]LogModuleManager: Shutting down and abandoning module Networking (176)
[2020.05.16-22.45.41:109][914]LogModuleManager: Shutting down and abandoning module Core (174)
[2020.05.16-22.45.41:109][914]LogModuleManager: Shutting down and abandoning module KismetCompiler (172)
[2020.05.16-22.45.41:109][914]LogModuleManager: Shutting down and abandoning module MeshUtilities (170)
[2020.05.16-22.45.41:109][914]LogModuleManager: Shutting down and abandoning module MeshMergeUtilities (169)
[2020.05.16-22.45.41:109][914]LogModuleManager: Shutting down and abandoning module MeshReductionInterface (168)
[2020.05.16-22.45.41:109][914]LogModuleManager: Shutting down and abandoning module SkeletalMeshReduction (167)
[2020.05.16-22.45.41:109][914]LogModuleManager: Shutting down and abandoning module ProxyLODMeshReduction (165)
[2020.05.16-22.45.41:109][914]LogModuleManager: Shutting down and abandoning module QuadricMeshReduction (163)
[2020.05.16-22.45.41:109][914]LogModuleManager: Shutting down and abandoning module MaterialBaking (159)
[2020.05.16-22.45.41:109][914]LogModuleManager: Shutting down and abandoning module DerivedDataCache (154)
[2020.05.16-22.45.41:151][914]LogDerivedDataCache: Shutdown
[2020.05.16-22.45.41:152][914]LogModuleManager: Shutting down and abandoning module XGEController (152)
[2020.05.16-22.45.41:152][914]LogModuleManager: Shutting down and abandoning module TargetPlatform (150)
[2020.05.16-22.45.41:152][914]LogModuleManager: Shutting down and abandoning module VulkanShaderFormat (149)
[2020.05.16-22.45.41:152][914]LogModuleManager: Shutting down and abandoning module ShaderFormatVectorVM (147)
[2020.05.16-22.45.41:152][914]LogModuleManager: Shutting down and abandoning module ShaderFormatOpenGL (145)
[2020.05.16-22.45.41:152][914]LogModuleManager: Shutting down and abandoning module ShaderFormatD3D (143)
[2020.05.16-22.45.41:152][914]LogModuleManager: Shutting down and abandoning module MetalShaderFormat (141)
[2020.05.16-22.45.41:152][914]LogModuleManager: Shutting down and abandoning module TextureFormatUncompressed (139)
[2020.05.16-22.45.41:152][914]LogModuleManager: Shutting down and abandoning module TextureFormatPVR (137)
[2020.05.16-22.45.41:152][914]LogModuleManager: Shutting down and abandoning module TextureFormatDXT (135)
[2020.05.16-22.45.41:152][914]LogModuleManager: Shutting down and abandoning module TextureFormatIntelISPCTexComp (133)
[2020.05.16-22.45.41:152][914]LogModuleManager: Shutting down and abandoning module TextureFormatASTC (131)
[2020.05.16-22.45.41:152][914]LogModuleManager: Shutting down and abandoning module ImageWrapper (130)
[2020.05.16-22.45.41:152][914]LogModuleManager: Shutting down and abandoning module TextureFormatAndroid (127)
[2020.05.16-22.45.41:152][914]LogModuleManager: Shutting down and abandoning module AudioFormatOpus (125)
[2020.05.16-22.45.41:152][914]LogModuleManager: Shutting down and abandoning module AudioFormatOgg (123)
[2020.05.16-22.45.41:152][914]LogModuleManager: Shutting down and abandoning module AudioFormatADPCM (121)
[2020.05.16-22.45.41:152][914]LogModuleManager: Shutting down and abandoning module LuminTargetPlatform (119)
[2020.05.16-22.45.41:156][914]LogModuleManager: Shutting down and abandoning module LinuxTargetPlatform (117)
[2020.05.16-22.45.41:156][914]LogModuleManager: Shutting down and abandoning module LinuxServerTargetPlatform (115)
[2020.05.16-22.45.41:156][914]LogModuleManager: Shutting down and abandoning module LinuxNoEditorTargetPlatform (113)
[2020.05.16-22.45.41:156][914]LogModuleManager: Shutting down and abandoning module LinuxClientTargetPlatform (111)
[2020.05.16-22.45.41:156][914]LogModuleManager: Shutting down and abandoning module TVOSTargetPlatform (109)
[2020.05.16-22.45.41:159][914]LogModuleManager: Shutting down and abandoning module Messaging (107)
[2020.05.16-22.45.41:159][914]LogModuleManager: Shutting down and abandoning module IOSTargetPlatform (105)
[2020.05.16-22.45.41:162][914]LogModuleManager: Shutting down and abandoning module HTML5TargetPlatform (103)
[2020.05.16-22.45.41:162][914]LogModuleManager: Shutting down and abandoning module AndroidTargetPlatform (101)
[2020.05.16-22.45.41:193][914]LogModuleManager: Shutting down and abandoning module WindowsTargetPlatform (99)
[2020.05.16-22.45.41:193][914]LogModuleManager: Shutting down and abandoning module WindowsServerTargetPlatform (97)
[2020.05.16-22.45.41:193][914]LogModuleManager: Shutting down and abandoning module WindowsNoEditorTargetPlatform (95)
[2020.05.16-22.45.41:193][914]LogModuleManager: Shutting down and abandoning module WindowsClientTargetPlatform (93)
[2020.05.16-22.45.41:193][914]LogModuleManager: Shutting down and abandoning module MacTargetPlatform (91)
[2020.05.16-22.45.41:193][914]LogModuleManager: Shutting down and abandoning module MacServerTargetPlatform (89)
[2020.05.16-22.45.41:193][914]LogModuleManager: Shutting down and abandoning module MacNoEditorTargetPlatform (87)
[2020.05.16-22.45.41:193][914]LogModuleManager: Shutting down and abandoning module MacClientTargetPlatform (85)
[2020.05.16-22.45.41:193][914]LogModuleManager: Shutting down and abandoning module AllDesktopTargetPlatform (83)
[2020.05.16-22.45.41:193][914]LogModuleManager: Shutting down and abandoning module InputCore (80)
[2020.05.16-22.45.41:193][914]LogModuleManager: Shutting down and abandoning module Settings (78)
[2020.05.16-22.45.41:194][914]LogModuleManager: Shutting down and abandoning module DirectoryWatcher (76)
[2020.05.16-22.45.41:195][914]LogModuleManager: Shutting down and abandoning module PhysXCooking (74)
[2020.05.16-22.45.41:195][914]LogModuleManager: Shutting down and abandoning module SteamVR (72)
[2020.05.16-22.45.41:195][914]LogHMD: Freeing OpenVRDLLHandle.
[2020.05.16-22.45.41:195][914]LogModuleManager: Shutting down and abandoning module OculusHMD (70)
[2020.05.16-22.45.41:195][914]LogModuleManager: Shutting down and abandoning module ExampleDeviceProfileSelector (68)
[2020.05.16-22.45.41:195][914]LogModuleManager: Shutting down and abandoning module LauncherChunkInstaller (66)
[2020.05.16-22.45.41:195][914]LogModuleManager: Shutting down and abandoning module OnlineBlueprintSupport (64)
[2020.05.16-22.45.41:195][914]LogModuleManager: Shutting down and abandoning module OnlineSubsystem (60)
[2020.05.16-22.45.41:196][914]LogModuleManager: Shutting down and abandoning module XMPP (55)
[2020.05.16-22.45.41:196][914]LogModuleManager: Shutting down and abandoning module WebSockets (54)
[2020.05.16-22.45.41:214][914]LogModuleManager: Shutting down and abandoning module HTTP (51)
[2020.05.16-22.45.41:214][914]LogHttp: Display: Http module shutting down, but needs to wait on 1 outstanding Http requests:
[2020.05.16-22.45.41:214][914]LogHttp: Display: 	verb=[POST] url=[https://datarouter.ol.epicgames.com/datarouter/api/v1/public/data?SessionID=%7BD4D3D735-4FAE-30E9-4AFB-9792953BF14D%7D&AppID=UEEditor.Rocket.Release&AppVersion=4.22.3-7053642%2B%2B%2BUE4%2BRelease-4.22&UserID=00819556409e18e3f6717ab01550a1c3%7C4189fef67e57406088c8c78838cc1a4f%7Cb91a0d1d-f291-41b7-8881-48a40c55c360&AppEnvironment=datacollector-binary&UploadType=eteventstream] status=Processing
[2020.05.16-22.45.41:239][914]LogModuleManager: Shutting down and abandoning module SSL (50)
[2020.05.16-22.45.41:240][914]LogModuleManager: Shutting down and abandoning module WmfMedia (46)
[2020.05.16-22.45.41:242][914]LogModuleManager: Shutting down and abandoning module Media (45)
[2020.05.16-22.45.41:249][914]LogModuleManager: Shutting down and abandoning module MagicLeap (42)
[2020.05.16-22.45.41:249][914]LogModuleManager: Shutting down and abandoning module DatasmithContent (40)
[2020.05.16-22.45.41:250][914]LogModuleManager: Shutting down and abandoning module AnimationModifiers (38)
[2020.05.16-22.45.41:250][914]LogModuleManager: Shutting down and abandoning module PropertyEditor (37)
[2020.05.16-22.45.41:250][914]LogModuleManager: Shutting down and abandoning module AudioEditor (34)
[2020.05.16-22.45.41:250][914]LogModuleManager: Shutting down and abandoning module TextureCompressor (32)
[2020.05.16-22.45.41:250][914]LogModuleManager: Shutting down and abandoning module RenderCore (30)
[2020.05.16-22.45.41:250][914]LogModuleManager: Shutting down and abandoning module Landscape (28)
[2020.05.16-22.45.41:250][914]LogModuleManager: Shutting down and abandoning module SlateRHIRenderer (26)
[2020.05.16-22.45.41:251][914]LogModuleManager: Shutting down and abandoning module OpenGLDrv (24)
[2020.05.16-22.45.41:251][914]LogModuleManager: Shutting down and abandoning module D3D11RHI (22)
[2020.05.16-22.45.41:251][914]LogModuleManager: Shutting down and abandoning module AnimGraphRuntime (20)
[2020.05.16-22.45.41:251][914]LogModuleManager: Shutting down and abandoning module Renderer (18)
[2020.05.16-22.45.41:251][914]LogModuleManager: Shutting down and abandoning module Engine (16)
[2020.05.16-22.45.41:251][914]LogModuleManager: Shutting down and abandoning module CoreUObject (14)
[2020.05.16-22.45.41:251][914]LogModuleManager: Shutting down and abandoning module NetworkFile (12)
[2020.05.16-22.45.41:251][914]LogModuleManager: Shutting down and abandoning module CookedIterativeFile (10)
[2020.05.16-22.45.41:251][914]LogModuleManager: Shutting down and abandoning module StreamingFile (8)
[2020.05.16-22.45.41:251][914]LogModuleManager: Shutting down and abandoning module SandboxFile (6)
[2020.05.16-22.45.41:251][914]LogModuleManager: Shutting down and abandoning module PakFile (4)
[2020.05.16-22.45.41:251][914]LogModuleManager: Shutting down and abandoning module RSA (3)
[2020.05.16-22.45.41:260][914]LogExit: Exiting.
[2020.05.16-22.45.41:267][914]Log file closed, 05/16/20 15:45:41
