Log file open, 10/31/19 14:19:33
LogWindows: Failed to load 'aqProf.dll' (GetLastError=126)
LogWindows: File 'aqProf.dll' does not exist
LogWindows: Failed to load 'VtuneApi.dll' (GetLastError=126)
LogWindows: File 'VtuneApi.dll' does not exist
LogWindows: Failed to load 'VtuneApi32e.dll' (GetLastError=126)
LogWindows: File 'VtuneApi32e.dll' does not exist
LogConsoleResponse: Display: Failed to find resolution value strings in scalability ini. Falling back to default.
LogInit: Display: Running engine for game: Mechanics_Sandbox
LogPakFile: Registered encryption key '00000000000000000000000000000000': 0 pak files mounted, 0 remain pending
LogPlatformFile: Not using cached read wrapper
LogTaskGraph: Started task graph with 5 named threads and 23 total threads with 3 sets of task threads.
LogStats: Stats thread started at 0.504300
LogD3D11RHI: Loaded GFSDK_Aftermath_Lib.x64.dll
LogICUInternationalization: ICU TimeZone Detection - Raw Offset: -8:00, Platform Override: ''
LogPluginManager: Mounting plugin Paper2D
LogPluginManager: Mounting plugin AISupport
LogPluginManager: Mounting plugin LightPropagationVolume
LogPluginManager: Mounting plugin ActorLayerUtilities
LogPluginManager: Mounting plugin AnimationSharing
LogPluginManager: Mounting plugin CLionSourceCodeAccess
LogPluginManager: Mounting plugin CodeLiteSourceCodeAccess
LogPluginManager: Mounting plugin GitSourceControl
LogPluginManager: Mounting plugin KDevelopSourceCodeAccess
LogPluginManager: Mounting plugin NullSourceCodeAccess
LogPluginManager: Mounting plugin PerforceSourceControl
LogPluginManager: Mounting plugin SubversionSourceControl
LogPluginManager: Mounting plugin UObjectPlugin
LogPluginManager: Mounting plugin VisualStudioCodeSourceCodeAccess
LogPluginManager: Mounting plugin VisualStudioSourceCodeAccess
LogPluginManager: Mounting plugin XCodeSourceCodeAccess
LogPluginManager: Mounting plugin AssetManagerEditor
LogPluginManager: Mounting plugin CryptoKeys
LogPluginManager: Mounting plugin DataValidation
LogPluginManager: Mounting plugin FacialAnimation
LogPluginManager: Mounting plugin GameplayTagsEditor
LogPluginManager: Mounting plugin MacGraphicsSwitching
LogPluginManager: Mounting plugin MaterialAnalyzer
LogPluginManager: Mounting plugin MobileLauncherProfileWizard
LogPluginManager: Mounting plugin PluginBrowser
LogPluginManager: Mounting plugin SpeedTreeImporter
LogPluginManager: Mounting plugin DatasmithContent
LogPluginManager: Mounting plugin VariantManagerContent
LogPluginManager: Mounting plugin AlembicImporter
LogPluginManager: Mounting plugin AppleImageUtils
LogPluginManager: Mounting plugin AppleVision
LogPluginManager: Mounting plugin BackChannel
LogPluginManager: Mounting plugin CharacterAI
LogPluginManager: Mounting plugin GeometryCache
LogPluginManager: Mounting plugin HTML5Networking
LogPluginManager: Mounting plugin ProxyLODPlugin
LogPluginManager: Mounting plugin SkeletalReduction
LogPluginManager: Mounting plugin MagicLeap
LogPluginManager: Mounting plugin MagicLeapMedia
LogPluginManager: Mounting plugin AndroidMedia
LogPluginManager: Mounting plugin AvfMedia
LogPluginManager: Mounting plugin ImgMedia
LogPluginManager: Mounting plugin LinearTimecode
LogPluginManager: Mounting plugin MediaCompositing
LogPluginManager: Mounting plugin MediaPlayerEditor
LogPluginManager: Mounting plugin WebMMedia
LogPluginManager: Mounting plugin WmfMedia
LogPluginManager: Mounting plugin TcpMessaging
LogPluginManager: Mounting plugin UdpMessaging
LogPluginManager: Mounting plugin ActorSequence
LogPluginManager: Mounting plugin LevelSequenceEditor
LogPluginManager: Mounting plugin MatineeToLevelSequence
LogPluginManager: Mounting plugin NetcodeUnitTest
LogPluginManager: Mounting plugin NUTUnrealEngine4
LogPluginManager: Mounting plugin OnlineSubsystemGooglePlay
LogPluginManager: Mounting plugin OnlineSubsystemIOS
LogPluginManager: Mounting plugin OnlineSubsystem
LogPluginManager: Mounting plugin OnlineSubsystemNull
LogPluginManager: Mounting plugin OnlineSubsystemUtils
LogPluginManager: Mounting plugin LauncherChunkInstaller
LogPluginManager: Mounting plugin AndroidDeviceProfileSelector
LogPluginManager: Mounting plugin AndroidMoviePlayer
LogPluginManager: Mounting plugin AndroidPermission
LogPluginManager: Mounting plugin AppleMoviePlayer
LogPluginManager: Mounting plugin ArchVisCharacter
LogPluginManager: Mounting plugin AudioCapture
LogPluginManager: Mounting plugin CableComponent
LogPluginManager: Mounting plugin CustomMeshComponent
LogPluginManager: Mounting plugin EditableMesh
LogPluginManager: Mounting plugin ExampleDeviceProfileSelector
LogPluginManager: Mounting plugin Firebase
LogPluginManager: Mounting plugin GoogleCloudMessaging
LogPluginManager: Mounting plugin IOSDeviceProfileSelector
LogPluginManager: Mounting plugin LinuxDeviceProfileSelector
LogPluginManager: Mounting plugin LocationServicesBPLibrary
LogPluginManager: Mounting plugin MobilePatchingUtils
LogPluginManager: Mounting plugin OculusVR
LogPluginManager: Mounting plugin PhysXVehicles
LogPluginManager: Mounting plugin ProceduralMeshComponent
LogPluginManager: Mounting plugin RuntimePhysXCooking
LogPluginManager: Mounting plugin SignificanceManager
LogPluginManager: Mounting plugin SteamVR
LogPluginManager: Mounting plugin WebMMoviePlayer
LogPluginManager: Mounting plugin WindowsMoviePlayer
LogInit: Using libcurl 7.55.1-DEV
LogInit:  - built for x86_64-pc-win32
LogInit:  - supports SSL with OpenSSL/1.1.1
LogInit:  - supports HTTP deflate (compression) using libz 1.2.8
LogInit:  - other features:
LogInit:      CURL_VERSION_SSL
LogInit:      CURL_VERSION_LIBZ
LogInit:      CURL_VERSION_IPV6
LogInit:      CURL_VERSION_ASYNCHDNS
LogInit:      CURL_VERSION_LARGEFILE
LogInit:      CURL_VERSION_IDN
LogInit:  CurlRequestOptions (configurable via config and command line):
LogInit:  - bVerifyPeer = true  - Libcurl will verify peer certificate
LogInit:  - bUseHttpProxy = false  - Libcurl will NOT use HTTP proxy
LogInit:  - bDontReuseConnections = false  - Libcurl will reuse connections
LogInit:  - MaxHostConnections = 16  - Libcurl will limit the number of connections to a host
LogInit:  - LocalHostAddr = Default
LogInit:  - BufferSize = 65536
LogInit: WinSock: version 1.1 (2.2), MaxSocks=32767, MaxUdp=65467
LogInit: Build: ++UE4+Release-4.22-CL-7053642
LogInit: Engine Version: 4.22.3-7053642+++UE4+Release-4.22
LogInit: Compatible Engine Version: 4.22.0-5660361+++UE4+Release-4.22
LogInit: Net CL: 5660361
LogInit: OS: Windows 10 (Release 1903) (), CPU: Intel(R) Core(TM) i7-7700HQ CPU @ 2.80GHz, GPU: Intel(R) HD Graphics 630
LogInit: Compiled (64-bit): Jun 18 2019 03:09:11
LogInit: Compiled with Visual C++: 19.16.27025.01
LogInit: Build Configuration: Development
LogInit: Branch Name: ++UE4+Release-4.22
LogInit: Command Line: 
LogInit: Base Directory: D:/EpicGames/UE_4.22/Engine/Binaries/Win64/
LogInit: Installed Engine Build: 1
LogDevObjectVersion: Number of dev versions registered: 23
LogDevObjectVersion:   Dev-Blueprints (B0D832E4-1F89-4F0D-ACCF-7EB736FD4AA2): 10
LogDevObjectVersion:   Dev-Build (E1C64328-A22C-4D53-A36C-8E866417BD8C): 0
LogDevObjectVersion:   Dev-Core (375EC13C-06E4-48FB-B500-84F0262A717E): 3
LogDevObjectVersion:   Dev-Editor (E4B068ED-F494-42E9-A231-DA0B2E46BB41): 30
LogDevObjectVersion:   Dev-Framework (CFFC743F-43B0-4480-9391-14DF171D2073): 35
LogDevObjectVersion:   Dev-Mobile (B02B49B5-BB20-44E9-A304-32B752E40360): 2
LogDevObjectVersion:   Dev-Networking (A4E4105C-59A1-49B5-A7C5-40C4547EDFEE): 0
LogDevObjectVersion:   Dev-Online (39C831C9-5AE6-47DC-9A44-9C173E1C8E7C): 0
LogDevObjectVersion:   Dev-Physics (78F01B33-EBEA-4F98-B9B4-84EACCB95AA2): 0
LogDevObjectVersion:   Dev-Platform (6631380F-2D4D-43E0-8009-CF276956A95A): 0
LogDevObjectVersion:   Dev-Rendering (12F88B9F-8875-4AFC-A67C-D90C383ABD29): 28
LogDevObjectVersion:   Dev-Sequencer (7B5AE74C-D270-4C10-A958-57980B212A5A): 11
LogDevObjectVersion:   Dev-VR (D7296918-1DD6-4BDD-9DE2-64A83CC13884): 2
LogDevObjectVersion:   Dev-LoadTimes (C2A15278-BFE7-4AFE-6C17-90FF531DF755): 1
LogDevObjectVersion:   Private-Geometry (6EACA3D4-40EC-4CC1-B786-8BED09428FC5): 3
LogDevObjectVersion:   Dev-AnimPhys (29E575DD-E0A3-4627-9D10-D276232CDCEA): 17
LogDevObjectVersion:   Dev-Anim (AF43A65D-7FD3-4947-9873-3E8ED9C1BB05): 2
LogDevObjectVersion:   Dev-ReflectionCapture (6B266CEC-1EC7-4B8F-A30B-E4D90942FC07): 1
LogDevObjectVersion:   Dev-Automation (0DF73D61-A23F-47EA-B727-89E90C41499A): 1
LogDevObjectVersion:   FortniteMain (601D1886-AC64-4F84-AA16-D3DE0DEAC7D6): 25
LogDevObjectVersion:   Dev-Enterprise (9DFFBCD6-494F-0158-E221-12823C92A888): 6
LogDevObjectVersion:   Dev-Niagara (F2AED0AC-9AFE-416F-8664-AA7FFA26D6FC): 1
LogDevObjectVersion:   Dev-Destruction (174F1F0B-B4C6-45A5-B13F-2EE8D0FB917D): 2
LogInit: Presizing for max 16777216 objects, including 0 objects not considered by GC, pre-allocating 0 bytes for permanent pool.
LogInit: Object subsystem initialized
LogConfig: Setting CVar [[con.DebugEarlyDefault:1]]
LogConfig: Setting CVar [[r.setres:1280x720]]
[2019.10.31-21.19.33:966][  0]LogConfig: Setting CVar [[r.VSync:0]]
[2019.10.31-21.19.33:966][  0]LogConfig: Setting CVar [[r.RHICmdBypass:0]]
[2019.10.31-21.19.33:966][  0]LogConfig: Applying CVar settings from Section [/Script/Engine.RendererSettings] File [C:/Users/danny/Desktop/Systems_Sandbox/Mechanics_Sandbox/Saved/Config/Windows/Engine.ini]
[2019.10.31-21.19.33:966][  0]LogConfig: Setting CVar [[r.GPUCrashDebugging:0]]
[2019.10.31-21.19.33:966][  0]LogConfig: Applying CVar settings from Section [/Script/Engine.RendererOverrideSettings] File [C:/Users/danny/Desktop/Systems_Sandbox/Mechanics_Sandbox/Saved/Config/Windows/Engine.ini]
[2019.10.31-21.19.33:966][  0]LogConfig: Applying CVar settings from Section [/Script/Engine.StreamingSettings] File [C:/Users/danny/Desktop/Systems_Sandbox/Mechanics_Sandbox/Saved/Config/Windows/Engine.ini]
[2019.10.31-21.19.33:967][  0]LogConfig: Setting CVar [[s.MinBulkDataSizeForAsyncLoading:131072]]
[2019.10.31-21.19.33:967][  0]LogConfig: Setting CVar [[s.AsyncLoadingThreadEnabled:0]]
[2019.10.31-21.19.33:967][  0]LogConfig: Setting CVar [[s.EventDrivenLoaderEnabled:1]]
[2019.10.31-21.19.33:967][  0]LogConfig: Setting CVar [[s.WarnIfTimeLimitExceeded:0]]
[2019.10.31-21.19.33:967][  0]LogConfig: Setting CVar [[s.TimeLimitExceededMultiplier:1.5]]
[2019.10.31-21.19.33:967][  0]LogConfig: Setting CVar [[s.TimeLimitExceededMinTime:0.005]]
[2019.10.31-21.19.33:967][  0]LogConfig: Setting CVar [[s.UseBackgroundLevelStreaming:1]]
[2019.10.31-21.19.33:967][  0]LogConfig: Setting CVar [[s.PriorityAsyncLoadingExtraTime:15.0]]
[2019.10.31-21.19.33:967][  0]LogConfig: Setting CVar [[s.LevelStreamingActorsUpdateTimeLimit:5.0]]
[2019.10.31-21.19.33:967][  0]LogConfig: Setting CVar [[s.PriorityLevelStreamingActorsUpdateExtraTime:5.0]]
[2019.10.31-21.19.33:967][  0]LogConfig: Setting CVar [[s.LevelStreamingComponentsRegistrationGranularity:10]]
[2019.10.31-21.19.33:967][  0]LogConfig: Setting CVar [[s.UnregisterComponentsTimeLimit:1.0]]
[2019.10.31-21.19.33:967][  0]LogConfig: Setting CVar [[s.LevelStreamingComponentsUnregistrationGranularity:5]]
[2019.10.31-21.19.33:967][  0]LogConfig: Applying CVar settings from Section [/Script/Engine.GarbageCollectionSettings] File [C:/Users/danny/Desktop/Systems_Sandbox/Mechanics_Sandbox/Saved/Config/Windows/Engine.ini]
[2019.10.31-21.19.33:968][  0]LogConfig: Setting CVar [[gc.MaxObjectsNotConsideredByGC:1]]
[2019.10.31-21.19.33:968][  0]LogConfig: Setting CVar [[gc.SizeOfPermanentObjectPool:0]]
[2019.10.31-21.19.33:968][  0]LogConfig: Setting CVar [[gc.FlushStreamingOnGC:0]]
[2019.10.31-21.19.33:968][  0]LogConfig: Setting CVar [[gc.NumRetriesBeforeForcingGC:10]]
[2019.10.31-21.19.33:968][  0]LogConfig: Setting CVar [[gc.AllowParallelGC:1]]
[2019.10.31-21.19.33:968][  0]LogConfig: Setting CVar [[gc.TimeBetweenPurgingPendingKillObjects:61.1]]
[2019.10.31-21.19.33:968][  0]LogConfig: Setting CVar [[gc.MaxObjectsInEditor:16777216]]
[2019.10.31-21.19.33:968][  0]LogConfig: Setting CVar [[gc.IncrementalBeginDestroyEnabled:1]]
[2019.10.31-21.19.33:968][  0]LogConfig: Setting CVar [[gc.CreateGCClusters:1]]
[2019.10.31-21.19.33:968][  0]LogConfig: Setting CVar [[gc.MinGCClusterSize:5]]
[2019.10.31-21.19.33:968][  0]LogConfig: Setting CVar [[gc.ActorClusteringEnabled:0]]
[2019.10.31-21.19.33:968][  0]LogConfig: Setting CVar [[gc.BlueprintClusteringEnabled:0]]
[2019.10.31-21.19.33:968][  0]LogConfig: Setting CVar [[gc.UseDisregardForGCOnDedicatedServers:0]]
[2019.10.31-21.19.33:968][  0]LogConfig: Applying CVar settings from Section [/Script/Engine.NetworkSettings] File [C:/Users/danny/Desktop/Systems_Sandbox/Mechanics_Sandbox/Saved/Config/Windows/Engine.ini]
[2019.10.31-21.19.33:969][  0]LogConfig: Applying CVar settings from Section [/Script/UnrealEd.CookerSettings] File [C:/Users/danny/Desktop/Systems_Sandbox/Mechanics_Sandbox/Saved/Config/Windows/Engine.ini]
[2019.10.31-21.19.33:981][  0]LogConfig: Applying CVar settings from Section [ViewDistanceQuality@3] File [C:/Users/danny/Desktop/Systems_Sandbox/Mechanics_Sandbox/Saved/Config/Windows/Scalability.ini]
[2019.10.31-21.19.33:982][  0]LogConfig: Setting CVar [[r.SkeletalMeshLODBias:0]]
[2019.10.31-21.19.33:982][  0]LogConfig: Setting CVar [[r.ViewDistanceScale:1.0]]
[2019.10.31-21.19.33:982][  0]LogConfig: Applying CVar settings from Section [AntiAliasingQuality@3] File [C:/Users/danny/Desktop/Systems_Sandbox/Mechanics_Sandbox/Saved/Config/Windows/Scalability.ini]
[2019.10.31-21.19.33:982][  0]LogConfig: Setting CVar [[r.PostProcessAAQuality:4]]
[2019.10.31-21.19.33:982][  0]LogConfig: Applying CVar settings from Section [ShadowQuality@3] File [C:/Users/danny/Desktop/Systems_Sandbox/Mechanics_Sandbox/Saved/Config/Windows/Scalability.ini]
[2019.10.31-21.19.33:982][  0]LogConfig: Setting CVar [[r.LightFunctionQuality:1]]
[2019.10.31-21.19.33:982][  0]LogConfig: Setting CVar [[r.ShadowQuality:5]]
[2019.10.31-21.19.33:982][  0]LogConfig: Setting CVar [[r.Shadow.CSM.MaxCascades:10]]
[2019.10.31-21.19.33:982][  0]LogConfig: Setting CVar [[r.Shadow.MaxResolution:2048]]
[2019.10.31-21.19.33:982][  0]LogConfig: Setting CVar [[r.Shadow.MaxCSMResolution:2048]]
[2019.10.31-21.19.33:982][  0]LogConfig: Setting CVar [[r.Shadow.RadiusThreshold:0.01]]
[2019.10.31-21.19.33:983][  0]LogConfig: Setting CVar [[r.Shadow.DistanceScale:1.0]]
[2019.10.31-21.19.33:983][  0]LogConfig: Setting CVar [[r.Shadow.CSM.TransitionScale:1.0]]
[2019.10.31-21.19.33:983][  0]LogConfig: Setting CVar [[r.Shadow.PreShadowResolutionFactor:1.0]]
[2019.10.31-21.19.33:983][  0]LogConfig: Setting CVar [[r.DistanceFieldShadowing:1]]
[2019.10.31-21.19.33:983][  0]LogConfig: Setting CVar [[r.DistanceFieldAO:1]]
[2019.10.31-21.19.33:983][  0]LogConfig: Setting CVar [[r.AOQuality:2]]
[2019.10.31-21.19.33:983][  0]LogConfig: Setting CVar [[r.VolumetricFog:1]]
[2019.10.31-21.19.33:983][  0]LogConfig: Setting CVar [[r.VolumetricFog.GridPixelSize:8]]
[2019.10.31-21.19.33:983][  0]LogConfig: Setting CVar [[r.VolumetricFog.GridSizeZ:128]]
[2019.10.31-21.19.33:983][  0]LogConfig: Setting CVar [[r.VolumetricFog.HistoryMissSupersampleCount:4]]
[2019.10.31-21.19.33:983][  0]LogConfig: Setting CVar [[r.LightMaxDrawDistanceScale:1]]
[2019.10.31-21.19.33:983][  0]LogConfig: Setting CVar [[r.CapsuleShadows:1]]
[2019.10.31-21.19.33:983][  0]LogConfig: Applying CVar settings from Section [PostProcessQuality@3] File [C:/Users/danny/Desktop/Systems_Sandbox/Mechanics_Sandbox/Saved/Config/Windows/Scalability.ini]
[2019.10.31-21.19.33:983][  0]LogConfig: Setting CVar [[r.MotionBlurQuality:4]]
[2019.10.31-21.19.33:984][  0]LogConfig: Setting CVar [[r.AmbientOcclusionMipLevelFactor:0.4]]
[2019.10.31-21.19.33:984][  0]LogConfig: Setting CVar [[r.AmbientOcclusionMaxQuality:100]]
[2019.10.31-21.19.33:984][  0]LogConfig: Setting CVar [[r.AmbientOcclusionLevels:-1]]
[2019.10.31-21.19.33:984][  0]LogConfig: Setting CVar [[r.AmbientOcclusionRadiusScale:1.0]]
[2019.10.31-21.19.33:984][  0]LogConfig: Setting CVar [[r.DepthOfFieldQuality:2]]
[2019.10.31-21.19.33:984][  0]LogConfig: Setting CVar [[r.RenderTargetPoolMin:400]]
[2019.10.31-21.19.33:984][  0]LogConfig: Setting CVar [[r.LensFlareQuality:2]]
[2019.10.31-21.19.33:984][  0]LogConfig: Setting CVar [[r.SceneColorFringeQuality:1]]
[2019.10.31-21.19.33:984][  0]LogConfig: Setting CVar [[r.EyeAdaptationQuality:2]]
[2019.10.31-21.19.33:984][  0]LogConfig: Setting CVar [[r.BloomQuality:5]]
[2019.10.31-21.19.33:984][  0]LogConfig: Setting CVar [[r.FastBlurThreshold:100]]
[2019.10.31-21.19.33:984][  0]LogConfig: Setting CVar [[r.Upscale.Quality:3]]
[2019.10.31-21.19.33:984][  0]LogConfig: Setting CVar [[r.Tonemapper.GrainQuantization:1]]
[2019.10.31-21.19.33:984][  0]LogConfig: Setting CVar [[r.LightShaftQuality:1]]
[2019.10.31-21.19.33:984][  0]LogConfig: Setting CVar [[r.Filter.SizeScale:1]]
[2019.10.31-21.19.33:984][  0]LogConfig: Setting CVar [[r.Tonemapper.Quality:5]]
[2019.10.31-21.19.33:985][  0]LogConfig: Setting CVar [[r.DOF.Gather.AccumulatorQuality:1        ; higher gathering accumulator quality]]
[2019.10.31-21.19.33:985][  0]LogConfig: Setting CVar [[r.DOF.Gather.PostfilterMethod:1          ; Median3x3 postfilering method]]
[2019.10.31-21.19.33:985][  0]LogConfig: Setting CVar [[r.DOF.Gather.EnableBokehSettings:0       ; no bokeh simulation when gathering]]
[2019.10.31-21.19.33:985][  0]LogConfig: Setting CVar [[r.DOF.Gather.RingCount:4                 ; medium number of samples when gathering]]
[2019.10.31-21.19.33:985][  0]LogConfig: Setting CVar [[r.DOF.Scatter.ForegroundCompositing:1    ; additive foreground scattering]]
[2019.10.31-21.19.33:985][  0]LogConfig: Setting CVar [[r.DOF.Scatter.BackgroundCompositing:2    ; additive background scattering]]
[2019.10.31-21.19.33:985][  0]LogConfig: Setting CVar [[r.DOF.Scatter.EnableBokehSettings:1      ; bokeh simulation when scattering]]
[2019.10.31-21.19.33:985][  0]LogConfig: Setting CVar [[r.DOF.Scatter.MaxSpriteRatio:0.1         ; only a maximum of 10% of scattered bokeh]]
[2019.10.31-21.19.33:985][  0]LogConfig: Setting CVar [[r.DOF.Recombine.Quality:1                ; cheap slight out of focus]]
[2019.10.31-21.19.33:985][  0]LogConfig: Setting CVar [[r.DOF.Recombine.EnableBokehSettings:0    ; no bokeh simulation on slight out of focus]]
[2019.10.31-21.19.33:985][  0]LogConfig: Setting CVar [[r.DOF.TemporalAAQuality:1                ; more stable temporal accumulation]]
[2019.10.31-21.19.33:985][  0]LogConfig: Setting CVar [[r.DOF.Kernel.MaxForegroundRadius:0.025]]
[2019.10.31-21.19.33:986][  0]LogConfig: Setting CVar [[r.DOF.Kernel.MaxBackgroundRadius:0.025]]
[2019.10.31-21.19.33:986][  0]LogConfig: Applying CVar settings from Section [TextureQuality@3] File [C:/Users/danny/Desktop/Systems_Sandbox/Mechanics_Sandbox/Saved/Config/Windows/Scalability.ini]
[2019.10.31-21.19.33:986][  0]LogConfig: Setting CVar [[r.Streaming.MipBias:0]]
[2019.10.31-21.19.33:986][  0]LogConfig: Setting CVar [[r.Streaming.AmortizeCPUToGPUCopy:0]]
[2019.10.31-21.19.33:986][  0]LogConfig: Setting CVar [[r.Streaming.MaxNumTexturesToStreamPerFrame:0]]
[2019.10.31-21.19.33:986][  0]LogConfig: Setting CVar [[r.Streaming.Boost:1]]
[2019.10.31-21.19.33:986][  0]LogConfig: Setting CVar [[r.MaxAnisotropy:8]]
[2019.10.31-21.19.33:986][  0]LogConfig: Setting CVar [[r.Streaming.LimitPoolSizeToVRAM:0]]
[2019.10.31-21.19.33:986][  0]LogConfig: Setting CVar [[r.Streaming.PoolSize:1000]]
[2019.10.31-21.19.33:986][  0]LogConfig: Setting CVar [[r.Streaming.MaxEffectiveScreenSize:0]]
[2019.10.31-21.19.33:986][  0]LogConfig: Applying CVar settings from Section [EffectsQuality@3] File [C:/Users/danny/Desktop/Systems_Sandbox/Mechanics_Sandbox/Saved/Config/Windows/Scalability.ini]
[2019.10.31-21.19.33:986][  0]LogConfig: Setting CVar [[r.TranslucencyLightingVolumeDim:64]]
[2019.10.31-21.19.33:986][  0]LogConfig: Setting CVar [[r.RefractionQuality:2]]
[2019.10.31-21.19.33:986][  0]LogConfig: Setting CVar [[r.SSR.Quality:3]]
[2019.10.31-21.19.33:987][  0]LogConfig: Setting CVar [[r.SceneColorFormat:4]]
[2019.10.31-21.19.33:987][  0]LogConfig: Setting CVar [[r.DetailMode:2]]
[2019.10.31-21.19.33:987][  0]LogConfig: Setting CVar [[r.TranslucencyVolumeBlur:1]]
[2019.10.31-21.19.33:987][  0]LogConfig: Setting CVar [[r.MaterialQualityLevel:1 ; High quality]]
[2019.10.31-21.19.33:987][  0]LogConfig: Setting CVar [[r.SSS.Scale:1]]
[2019.10.31-21.19.33:987][  0]LogConfig: Setting CVar [[r.SSS.SampleSet:2]]
[2019.10.31-21.19.33:987][  0]LogConfig: Setting CVar [[r.SSS.Quality:1]]
[2019.10.31-21.19.33:987][  0]LogConfig: Setting CVar [[r.SSS.HalfRes:1]]
[2019.10.31-21.19.33:987][  0]LogConfig: Setting CVar [[r.EmitterSpawnRateScale:1.0]]
[2019.10.31-21.19.33:987][  0]LogConfig: Setting CVar [[r.ParticleLightQuality:2]]
[2019.10.31-21.19.33:987][  0]LogConfig: Applying CVar settings from Section [FoliageQuality@3] File [C:/Users/danny/Desktop/Systems_Sandbox/Mechanics_Sandbox/Saved/Config/Windows/Scalability.ini]
[2019.10.31-21.19.33:987][  0]LogConfig: Setting CVar [[foliage.DensityScale:1.0]]
[2019.10.31-21.19.33:987][  0]LogConfig: Setting CVar [[grass.DensityScale:1.0]]
[2019.10.31-21.19.33:987][  0]LogInit: Selected Device Profile: [Windows]
[2019.10.31-21.19.33:988][  0]LogInit: Applying CVar settings loaded from the selected device profile: [Windows]
[2019.10.31-21.19.34:063][  0]LogHAL: Display: Platform has ~ 16 GB [17059446784 / 17179869184 / 16], which maps to Larger [LargestMinGB=32, LargerMinGB=12, DefaultMinGB=8, SmallerMinGB=6, SmallestMinGB=0)
[2019.10.31-21.19.34:064][  0]LogConfig: Setting CVar [[r.Vulkan.UseRealUBs:0		; Required until we fix HLR fall-out]]
[2019.10.31-21.19.34:064][  0]LogInit: Going up to parent DeviceProfile []
[2019.10.31-21.19.34:064][  0]LogConfig: Applying CVar settings from Section [ViewDistanceQuality@3] File [C:/Users/danny/Desktop/Systems_Sandbox/Mechanics_Sandbox/Saved/Config/Windows/Scalability.ini]
[2019.10.31-21.19.34:064][  0]LogConfig: Setting CVar [[r.SkeletalMeshLODBias:0]]
[2019.10.31-21.19.34:064][  0]LogConfig: Setting CVar [[r.ViewDistanceScale:1.0]]
[2019.10.31-21.19.34:064][  0]LogConfig: Applying CVar settings from Section [AntiAliasingQuality@3] File [C:/Users/danny/Desktop/Systems_Sandbox/Mechanics_Sandbox/Saved/Config/Windows/Scalability.ini]
[2019.10.31-21.19.34:064][  0]LogConfig: Setting CVar [[r.PostProcessAAQuality:4]]
[2019.10.31-21.19.34:064][  0]LogConfig: Applying CVar settings from Section [ShadowQuality@3] File [C:/Users/danny/Desktop/Systems_Sandbox/Mechanics_Sandbox/Saved/Config/Windows/Scalability.ini]
[2019.10.31-21.19.34:064][  0]LogConfig: Setting CVar [[r.LightFunctionQuality:1]]
[2019.10.31-21.19.34:064][  0]LogConfig: Setting CVar [[r.ShadowQuality:5]]
[2019.10.31-21.19.34:064][  0]LogConfig: Setting CVar [[r.Shadow.CSM.MaxCascades:10]]
[2019.10.31-21.19.34:064][  0]LogConfig: Setting CVar [[r.Shadow.MaxResolution:2048]]
[2019.10.31-21.19.34:065][  0]LogConfig: Setting CVar [[r.Shadow.MaxCSMResolution:2048]]
[2019.10.31-21.19.34:065][  0]LogConfig: Setting CVar [[r.Shadow.RadiusThreshold:0.01]]
[2019.10.31-21.19.34:065][  0]LogConfig: Setting CVar [[r.Shadow.DistanceScale:1.0]]
[2019.10.31-21.19.34:065][  0]LogConfig: Setting CVar [[r.Shadow.CSM.TransitionScale:1.0]]
[2019.10.31-21.19.34:065][  0]LogConfig: Setting CVar [[r.Shadow.PreShadowResolutionFactor:1.0]]
[2019.10.31-21.19.34:065][  0]LogConfig: Setting CVar [[r.DistanceFieldShadowing:1]]
[2019.10.31-21.19.34:065][  0]LogConfig: Setting CVar [[r.DistanceFieldAO:1]]
[2019.10.31-21.19.34:065][  0]LogConfig: Setting CVar [[r.AOQuality:2]]
[2019.10.31-21.19.34:065][  0]LogConfig: Setting CVar [[r.VolumetricFog:1]]
[2019.10.31-21.19.34:065][  0]LogConfig: Setting CVar [[r.VolumetricFog.GridPixelSize:8]]
[2019.10.31-21.19.34:065][  0]LogConfig: Setting CVar [[r.VolumetricFog.GridSizeZ:128]]
[2019.10.31-21.19.34:065][  0]LogConfig: Setting CVar [[r.VolumetricFog.HistoryMissSupersampleCount:4]]
[2019.10.31-21.19.34:065][  0]LogConfig: Setting CVar [[r.LightMaxDrawDistanceScale:1]]
[2019.10.31-21.19.34:065][  0]LogConfig: Setting CVar [[r.CapsuleShadows:1]]
[2019.10.31-21.19.34:065][  0]LogConfig: Applying CVar settings from Section [PostProcessQuality@3] File [C:/Users/danny/Desktop/Systems_Sandbox/Mechanics_Sandbox/Saved/Config/Windows/Scalability.ini]
[2019.10.31-21.19.34:066][  0]LogConfig: Setting CVar [[r.MotionBlurQuality:4]]
[2019.10.31-21.19.34:066][  0]LogConfig: Setting CVar [[r.AmbientOcclusionMipLevelFactor:0.4]]
[2019.10.31-21.19.34:066][  0]LogConfig: Setting CVar [[r.AmbientOcclusionMaxQuality:100]]
[2019.10.31-21.19.34:066][  0]LogConfig: Setting CVar [[r.AmbientOcclusionLevels:-1]]
[2019.10.31-21.19.34:066][  0]LogConfig: Setting CVar [[r.AmbientOcclusionRadiusScale:1.0]]
[2019.10.31-21.19.34:066][  0]LogConfig: Setting CVar [[r.DepthOfFieldQuality:2]]
[2019.10.31-21.19.34:066][  0]LogConfig: Setting CVar [[r.RenderTargetPoolMin:400]]
[2019.10.31-21.19.34:066][  0]LogConfig: Setting CVar [[r.LensFlareQuality:2]]
[2019.10.31-21.19.34:066][  0]LogConfig: Setting CVar [[r.SceneColorFringeQuality:1]]
[2019.10.31-21.19.34:066][  0]LogConfig: Setting CVar [[r.EyeAdaptationQuality:2]]
[2019.10.31-21.19.34:066][  0]LogConfig: Setting CVar [[r.BloomQuality:5]]
[2019.10.31-21.19.34:066][  0]LogConfig: Setting CVar [[r.FastBlurThreshold:100]]
[2019.10.31-21.19.34:066][  0]LogConfig: Setting CVar [[r.Upscale.Quality:3]]
[2019.10.31-21.19.34:066][  0]LogConfig: Setting CVar [[r.Tonemapper.GrainQuantization:1]]
[2019.10.31-21.19.34:066][  0]LogConfig: Setting CVar [[r.LightShaftQuality:1]]
[2019.10.31-21.19.34:066][  0]LogConfig: Setting CVar [[r.Filter.SizeScale:1]]
[2019.10.31-21.19.34:066][  0]LogConfig: Setting CVar [[r.Tonemapper.Quality:5]]
[2019.10.31-21.19.34:067][  0]LogConfig: Setting CVar [[r.DOF.Gather.AccumulatorQuality:1        ; higher gathering accumulator quality]]
[2019.10.31-21.19.34:067][  0]LogConfig: Setting CVar [[r.DOF.Gather.PostfilterMethod:1          ; Median3x3 postfilering method]]
[2019.10.31-21.19.34:067][  0]LogConfig: Setting CVar [[r.DOF.Gather.EnableBokehSettings:0       ; no bokeh simulation when gathering]]
[2019.10.31-21.19.34:067][  0]LogConfig: Setting CVar [[r.DOF.Gather.RingCount:4                 ; medium number of samples when gathering]]
[2019.10.31-21.19.34:067][  0]LogConfig: Setting CVar [[r.DOF.Scatter.ForegroundCompositing:1    ; additive foreground scattering]]
[2019.10.31-21.19.34:067][  0]LogConfig: Setting CVar [[r.DOF.Scatter.BackgroundCompositing:2    ; additive background scattering]]
[2019.10.31-21.19.34:067][  0]LogConfig: Setting CVar [[r.DOF.Scatter.EnableBokehSettings:1      ; bokeh simulation when scattering]]
[2019.10.31-21.19.34:067][  0]LogConfig: Setting CVar [[r.DOF.Scatter.MaxSpriteRatio:0.1         ; only a maximum of 10% of scattered bokeh]]
[2019.10.31-21.19.34:067][  0]LogConfig: Setting CVar [[r.DOF.Recombine.Quality:1                ; cheap slight out of focus]]
[2019.10.31-21.19.34:067][  0]LogConfig: Setting CVar [[r.DOF.Recombine.EnableBokehSettings:0    ; no bokeh simulation on slight out of focus]]
[2019.10.31-21.19.34:067][  0]LogConfig: Setting CVar [[r.DOF.TemporalAAQuality:1                ; more stable temporal accumulation]]
[2019.10.31-21.19.34:067][  0]LogConfig: Setting CVar [[r.DOF.Kernel.MaxForegroundRadius:0.025]]
[2019.10.31-21.19.34:067][  0]LogConfig: Setting CVar [[r.DOF.Kernel.MaxBackgroundRadius:0.025]]
[2019.10.31-21.19.34:067][  0]LogConfig: Applying CVar settings from Section [TextureQuality@3] File [C:/Users/danny/Desktop/Systems_Sandbox/Mechanics_Sandbox/Saved/Config/Windows/Scalability.ini]
[2019.10.31-21.19.34:067][  0]LogConfig: Setting CVar [[r.Streaming.MipBias:0]]
[2019.10.31-21.19.34:067][  0]LogConfig: Setting CVar [[r.Streaming.AmortizeCPUToGPUCopy:0]]
[2019.10.31-21.19.34:068][  0]LogConfig: Setting CVar [[r.Streaming.MaxNumTexturesToStreamPerFrame:0]]
[2019.10.31-21.19.34:068][  0]LogConfig: Setting CVar [[r.Streaming.Boost:1]]
[2019.10.31-21.19.34:068][  0]LogConfig: Setting CVar [[r.MaxAnisotropy:8]]
[2019.10.31-21.19.34:068][  0]LogConfig: Setting CVar [[r.Streaming.LimitPoolSizeToVRAM:0]]
[2019.10.31-21.19.34:068][  0]LogConfig: Setting CVar [[r.Streaming.PoolSize:1000]]
[2019.10.31-21.19.34:068][  0]LogConfig: Setting CVar [[r.Streaming.MaxEffectiveScreenSize:0]]
[2019.10.31-21.19.34:068][  0]LogConfig: Applying CVar settings from Section [EffectsQuality@3] File [C:/Users/danny/Desktop/Systems_Sandbox/Mechanics_Sandbox/Saved/Config/Windows/Scalability.ini]
[2019.10.31-21.19.34:068][  0]LogConfig: Setting CVar [[r.TranslucencyLightingVolumeDim:64]]
[2019.10.31-21.19.34:068][  0]LogConfig: Setting CVar [[r.RefractionQuality:2]]
[2019.10.31-21.19.34:068][  0]LogConfig: Setting CVar [[r.SSR.Quality:3]]
[2019.10.31-21.19.34:068][  0]LogConfig: Setting CVar [[r.SceneColorFormat:4]]
[2019.10.31-21.19.34:068][  0]LogConfig: Setting CVar [[r.DetailMode:2]]
[2019.10.31-21.19.34:068][  0]LogConfig: Setting CVar [[r.TranslucencyVolumeBlur:1]]
[2019.10.31-21.19.34:068][  0]LogConfig: Setting CVar [[r.MaterialQualityLevel:1 ; High quality]]
[2019.10.31-21.19.34:068][  0]LogConfig: Setting CVar [[r.SSS.Scale:1]]
[2019.10.31-21.19.34:068][  0]LogConfig: Setting CVar [[r.SSS.SampleSet:2]]
[2019.10.31-21.19.34:069][  0]LogConfig: Setting CVar [[r.SSS.Quality:1]]
[2019.10.31-21.19.34:069][  0]LogConfig: Setting CVar [[r.SSS.HalfRes:1]]
[2019.10.31-21.19.34:069][  0]LogConfig: Setting CVar [[r.EmitterSpawnRateScale:1.0]]
[2019.10.31-21.19.34:069][  0]LogConfig: Setting CVar [[r.ParticleLightQuality:2]]
[2019.10.31-21.19.34:069][  0]LogConfig: Applying CVar settings from Section [FoliageQuality@3] File [C:/Users/danny/Desktop/Systems_Sandbox/Mechanics_Sandbox/Saved/Config/Windows/Scalability.ini]
[2019.10.31-21.19.34:069][  0]LogConfig: Setting CVar [[foliage.DensityScale:1.0]]
[2019.10.31-21.19.34:069][  0]LogConfig: Setting CVar [[grass.DensityScale:1.0]]
[2019.10.31-21.19.34:069][  0]LogConfig: Applying CVar settings from Section [Startup] File [../../../Engine/Config/ConsoleVariables.ini]
[2019.10.31-21.19.34:070][  0]LogConfig: Setting CVar [[net.UseAdaptiveNetUpdateFrequency:0]]
[2019.10.31-21.19.34:070][  0]LogConfig: Setting CVar [[p.chaos.AllowCreatePhysxBodies:1]]
[2019.10.31-21.19.34:070][  0]LogConfig: Applying CVar settings from Section [ConsoleVariables] File [C:/Users/danny/Desktop/Systems_Sandbox/Mechanics_Sandbox/Saved/Config/Windows/Engine.ini]
[2019.10.31-21.19.34:070][  0]LogInit: Computer: MIMSI
[2019.10.31-21.19.34:070][  0]LogInit: User: danny
[2019.10.31-21.19.34:070][  0]LogInit: CPU Page size=4096, Cores=4
[2019.10.31-21.19.34:070][  0]LogInit: High frequency timer resolution =10.000000 MHz
[2019.10.31-21.19.34:071][  0]LogMemory: Memory total: Physical=15.9GB (16GB approx)
[2019.10.31-21.19.34:071][  0]LogMemory: Platform Memory Stats for Windows
[2019.10.31-21.19.34:071][  0]LogMemory: Process Physical Memory: 97.53 MB used, 97.54 MB peak
[2019.10.31-21.19.34:071][  0]LogMemory: Process Virtual Memory: 89.15 MB used, 89.15 MB peak
[2019.10.31-21.19.34:071][  0]LogMemory: Physical Memory: 9908.29 MB used,  6360.86 MB free, 16269.16 MB total
[2019.10.31-21.19.34:072][  0]LogMemory: Virtual Memory: 4642.21 MB used,  134213088.00 MB free, 134217728.00 MB total
[2019.10.31-21.19.34:160][  0]LogInit: Using OS detected language (en-US).
[2019.10.31-21.19.34:160][  0]LogInit: Using OS detected locale (en-US).
[2019.10.31-21.19.34:164][  0]LogTextLocalizationManager: No specific localization for 'en-US' exists, so the 'en' localization will be used.
[2019.10.31-21.19.34:891][  0]LogSlate: New Slate User Created.  User Index 0, Is Virtual User: 0
[2019.10.31-21.19.34:891][  0]LogSlate: Slate User Registered.  User Index 0, Is Virtual User: 0
[2019.10.31-21.19.36:015][  0]LogHMD: Failed to initialize OpenVR with code 100
[2019.10.31-21.19.36:015][  0]LogD3D11RHI: D3D11 adapters:
[2019.10.31-21.19.36:297][  0]LogD3D11RHI:    0. 'NVIDIA GeForce GTX 1070' (Feature Level 11_0)
[2019.10.31-21.19.36:297][  0]LogD3D11RHI:       8082/0/8134 MB DedicatedVideo/DedicatedSystem/SharedSystem, Outputs:2, VendorId:0x10de
[2019.10.31-21.19.36:332][  0]LogD3D11RHI:    1. 'Intel(R) HD Graphics 630' (Feature Level 11_0)
[2019.10.31-21.19.36:332][  0]LogD3D11RHI:       128/0/8134 MB DedicatedVideo/DedicatedSystem/SharedSystem, Outputs:0, VendorId:0x8086
[2019.10.31-21.19.36:339][  0]LogD3D11RHI:    2. 'Microsoft Basic Render Driver' (Feature Level 11_0)
[2019.10.31-21.19.36:339][  0]LogD3D11RHI:       0/0/8134 MB DedicatedVideo/DedicatedSystem/SharedSystem, Outputs:0, VendorId:0x1414
[2019.10.31-21.19.36:339][  0]LogD3D11RHI: Chosen D3D11 Adapter: 0
[2019.10.31-21.19.36:443][  0]LogD3D11RHI: Creating new Direct3DDevice
[2019.10.31-21.19.36:443][  0]LogD3D11RHI:     GPU DeviceId: 0x1ba1 (for the marketing name, search the web for "GPU Device Id")
[2019.10.31-21.19.36:443][  0]LogWindows: EnumDisplayDevices:
[2019.10.31-21.19.36:444][  0]LogWindows:    0. 'Intel(R) HD Graphics 630' (P:1 D:1)
[2019.10.31-21.19.36:444][  0]LogWindows:    1. 'Intel(R) HD Graphics 630' (P:0 D:0)
[2019.10.31-21.19.36:445][  0]LogWindows:    2. 'Intel(R) HD Graphics 630' (P:0 D:0)
[2019.10.31-21.19.36:446][  0]LogWindows:    3. 'NVIDIA GeForce GTX 1070' (P:0 D:1)
[2019.10.31-21.19.36:447][  0]LogWindows:    4. 'NVIDIA GeForce GTX 1070' (P:0 D:0)
[2019.10.31-21.19.36:448][  0]LogWindows:    5. 'NVIDIA GeForce GTX 1070' (P:0 D:0)
[2019.10.31-21.19.36:449][  0]LogWindows:    6. 'NVIDIA GeForce GTX 1070' (P:0 D:0)
[2019.10.31-21.19.36:450][  0]LogWindows: DebugString: PrimaryIsNotTheChoosenAdapter PrimaryIsNotTheChoosenAdapter PrimaryIsNotTheChoosenAdapter FoundDriverCount:4 
[2019.10.31-21.19.36:450][  0]LogD3D11RHI:     Adapter Name: NVIDIA GeForce GTX 1070
[2019.10.31-21.19.36:450][  0]LogD3D11RHI:   Driver Version: 440.97 (internal:26.21.14.4097, unified:440.97)
[2019.10.31-21.19.36:450][  0]LogD3D11RHI:      Driver Date: 10-16-2019
[2019.10.31-21.19.36:450][  0]LogRHI: Texture pool is 5657 MB (70% of 8082 MB)
[2019.10.31-21.19.36:632][  0]LogD3D11RHI: Async texture creation enabled
[2019.10.31-21.19.36:649][  0]LogRendererCore: FGlobalReadBuffer::InitRHI
[2019.10.31-21.19.36:650][  0]LogRendererCore: FGlobalReadBuffer::InitRHI
[2019.10.31-21.19.36:650][  0]LogRendererCore: FGlobalReadBuffer::InitRHI
[2019.10.31-21.19.36:669][  0]LogD3D11RHI: GPU Timing Frequency: 1000.000000 (Debug: 2 1)
[2019.10.31-21.19.38:204][  0]LogTemp: Display: Module 'AllDesktopTargetPlatform' loaded TargetPlatform 'AllDesktop'
[2019.10.31-21.19.38:266][  0]LogTemp: Display: Module 'MacClientTargetPlatform' loaded TargetPlatform 'MacClient'
[2019.10.31-21.19.38:330][  0]LogTemp: Display: Module 'MacNoEditorTargetPlatform' loaded TargetPlatform 'MacNoEditor'
[2019.10.31-21.19.38:387][  0]LogTemp: Display: Module 'MacServerTargetPlatform' loaded TargetPlatform 'MacServer'
[2019.10.31-21.19.38:446][  0]LogTemp: Display: Module 'MacTargetPlatform' loaded TargetPlatform 'Mac'
[2019.10.31-21.19.38:507][  0]LogTemp: Display: Module 'WindowsClientTargetPlatform' loaded TargetPlatform 'WindowsClient'
[2019.10.31-21.19.38:563][  0]LogTemp: Display: Module 'WindowsNoEditorTargetPlatform' loaded TargetPlatform 'WindowsNoEditor'
[2019.10.31-21.19.38:624][  0]LogTemp: Display: Module 'WindowsServerTargetPlatform' loaded TargetPlatform 'WindowsServer'
[2019.10.31-21.19.38:653][  0]LogTemp: Display: Module 'WindowsTargetPlatform' loaded TargetPlatform 'Windows'
[2019.10.31-21.19.38:965][  0]LogTemp: Display: Module 'AndroidTargetPlatform' loaded TargetPlatform 'Android'
[2019.10.31-21.19.38:965][  0]LogTemp: Display: Module 'AndroidTargetPlatform' loaded TargetPlatform 'Android_ASTC'
[2019.10.31-21.19.38:965][  0]LogTemp: Display: Module 'AndroidTargetPlatform' loaded TargetPlatform 'Android_ATC'
[2019.10.31-21.19.38:965][  0]LogTemp: Display: Module 'AndroidTargetPlatform' loaded TargetPlatform 'Android_DXT'
[2019.10.31-21.19.38:965][  0]LogTemp: Display: Module 'AndroidTargetPlatform' loaded TargetPlatform 'Android_ETC1'
[2019.10.31-21.19.38:965][  0]LogTemp: Display: Module 'AndroidTargetPlatform' loaded TargetPlatform 'Android_ETC1a'
[2019.10.31-21.19.38:965][  0]LogTemp: Display: Module 'AndroidTargetPlatform' loaded TargetPlatform 'Android_ETC2'
[2019.10.31-21.19.38:965][  0]LogTemp: Display: Module 'AndroidTargetPlatform' loaded TargetPlatform 'Android_PVRTC'
[2019.10.31-21.19.38:965][  0]LogTemp: Display: Module 'AndroidTargetPlatform' loaded TargetPlatform 'AndroidClient'
[2019.10.31-21.19.38:965][  0]LogTemp: Display: Module 'AndroidTargetPlatform' loaded TargetPlatform 'Android_ASTCClient'
[2019.10.31-21.19.38:965][  0]LogTemp: Display: Module 'AndroidTargetPlatform' loaded TargetPlatform 'Android_ATCClient'
[2019.10.31-21.19.38:965][  0]LogTemp: Display: Module 'AndroidTargetPlatform' loaded TargetPlatform 'Android_DXTClient'
[2019.10.31-21.19.38:965][  0]LogTemp: Display: Module 'AndroidTargetPlatform' loaded TargetPlatform 'Android_ETC1Client'
[2019.10.31-21.19.38:965][  0]LogTemp: Display: Module 'AndroidTargetPlatform' loaded TargetPlatform 'Android_ETC1aClient'
[2019.10.31-21.19.38:965][  0]LogTemp: Display: Module 'AndroidTargetPlatform' loaded TargetPlatform 'Android_ETC2Client'
[2019.10.31-21.19.38:965][  0]LogTemp: Display: Module 'AndroidTargetPlatform' loaded TargetPlatform 'Android_PVRTCClient'
[2019.10.31-21.19.38:965][  0]LogTemp: Display: Module 'AndroidTargetPlatform' loaded TargetPlatform 'Android_Multi'
[2019.10.31-21.19.38:966][  0]LogTemp: Display: Module 'AndroidTargetPlatform' loaded TargetPlatform 'Android_MultiClient'
[2019.10.31-21.19.38:970][  0]LogTemp: Display: Module 'HTML5TargetPlatform' loaded TargetPlatform 'HTML5'
[2019.10.31-21.19.39:129][  0]LogTemp: Display: Module 'IOSTargetPlatform' loaded TargetPlatform 'IOSClient'
[2019.10.31-21.19.39:129][  0]LogTemp: Display: Module 'IOSTargetPlatform' loaded TargetPlatform 'IOS'
[2019.10.31-21.19.39:265][  0]LogTemp: Display: Module 'TVOSTargetPlatform' loaded TargetPlatform 'TVOSClient'
[2019.10.31-21.19.39:265][  0]LogTemp: Display: Module 'TVOSTargetPlatform' loaded TargetPlatform 'TVOS'
[2019.10.31-21.19.39:329][  0]LogTemp: Display: Module 'LinuxClientTargetPlatform' loaded TargetPlatform 'LinuxClient'
[2019.10.31-21.19.39:379][  0]LogTemp: Display: Module 'LinuxNoEditorTargetPlatform' loaded TargetPlatform 'LinuxNoEditor'
[2019.10.31-21.19.39:422][  0]LogTemp: Display: Module 'LinuxServerTargetPlatform' loaded TargetPlatform 'LinuxServer'
[2019.10.31-21.19.39:465][  0]LogTemp: Display: Module 'LinuxTargetPlatform' loaded TargetPlatform 'Linux'
[2019.10.31-21.19.39:603][  0]LogTemp: Display: Module 'LuminTargetPlatform' loaded TargetPlatform 'Lumin'
[2019.10.31-21.19.39:603][  0]LogTemp: Display: Module 'LuminTargetPlatform' loaded TargetPlatform 'LuminClient'
[2019.10.31-21.19.39:603][  0]LogTargetPlatformManager: Display: Building Assets For Windows
[2019.10.31-21.19.39:626][  0]LogAudioDebug: Display: Lib vorbis DLL was dynamically loaded.
[2019.10.31-21.19.39:776][  0]LogShaderCompilers: Guid format shader working directory is -10 characters bigger than the processId version (C:/Users/danny/Desktop/Systems_Sandbox/Mechanics_Sandbox/Intermediate/Shaders/WorkingDirectory/5936/).
[2019.10.31-21.19.39:777][  0]LogShaderCompilers: Cleaned the shader compiler working directory 'C:/Users/danny/AppData/Local/Temp/UnrealShaderWorkingDir/9B43957F4521774E0D476E9092F170FC/'.
[2019.10.31-21.19.39:784][  0]LogXGEController: Cannot use XGE Controller as Incredibuild is not installed on this machine.
[2019.10.31-21.19.39:784][  0]LogShaderCompilers: Cannot use XGE Shader Compiler as Incredibuild is not installed on this machine.
[2019.10.31-21.19.39:784][  0]LogShaderCompilers: Display: Using Local Shader Compiler.
[2019.10.31-21.19.41:911][  0]LogDerivedDataCache: Display: Max Cache Size: 512 MB
[2019.10.31-21.19.42:057][  0]LogDerivedDataCache: Loaded boot cache 0.15s 71MB C:/Users/danny/AppData/Local/UnrealEngine/4.22/DerivedDataCache/Boot.ddc.
[2019.10.31-21.19.42:057][  0]LogDerivedDataCache: Display: Loaded Boot cache: C:/Users/danny/AppData/Local/UnrealEngine/4.22/DerivedDataCache/Boot.ddc
[2019.10.31-21.19.42:058][  0]LogDerivedDataCache: FDerivedDataBackendGraph:  Pak pak cache file C:/Users/danny/Desktop/Systems_Sandbox/Mechanics_Sandbox/DerivedDataCache/DDC.ddp not found, will not use a pak cache.
[2019.10.31-21.19.42:058][  0]LogDerivedDataCache: Unable to find inner node Pak for hierarchical cache Hierarchy.
[2019.10.31-21.19.42:058][  0]LogDerivedDataCache: FDerivedDataBackendGraph:  CompressedPak pak cache file C:/Users/danny/Desktop/Systems_Sandbox/Mechanics_Sandbox/DerivedDataCache/Compressed.ddp not found, will not use a pak cache.
[2019.10.31-21.19.42:058][  0]LogDerivedDataCache: Unable to find inner node CompressedPak for hierarchical cache Hierarchy.
[2019.10.31-21.19.42:096][  0]LogDerivedDataCache: Display: Pak cache opened for reading ../../../Engine/DerivedDataCache/Compressed.ddp.
[2019.10.31-21.19.42:096][  0]LogDerivedDataCache: FDerivedDataBackendGraph:  EnterprisePak pak cache file ../../../Enterprise/DerivedDataCache/Compressed.ddp not found, will not use a pak cache.
[2019.10.31-21.19.42:096][  0]LogDerivedDataCache: Unable to find inner node EnterprisePak for hierarchical cache Hierarchy.
[2019.10.31-21.19.42:110][  0]LogDerivedDataCache: Using Local data cache path C:/Users/danny/AppData/Local/UnrealEngine/Common/DerivedDataCache: Writable
[2019.10.31-21.19.42:110][  0]LogDerivedDataCache: Shared data cache path not found in *engine.ini, will not use an Shared cache.
[2019.10.31-21.19.42:110][  0]LogDerivedDataCache: Unable to find inner node Shared for hierarchical cache Hierarchy.
[2019.10.31-21.19.42:193][  0]LogMaterial: Verifying Global Shaders for PCD3D_SM5
[2019.10.31-21.19.42:197][  0]LogSlate: Using FreeType 2.6.0
[2019.10.31-21.19.42:199][  0]LogSlate: SlateFontServices - WITH_FREETYPE: 1, WITH_HARFBUZZ: 1
[2019.10.31-21.19.42:458][  0]LogAssetRegistry: FAssetRegistry took 0.0698 seconds to start up
[2019.10.31-21.19.43:606][  0]LogInit: Selected Device Profile: [Windows]
[2019.10.31-21.19.44:103][  0]LogMeshReduction: Using QuadricMeshReduction for automatic static mesh reduction
[2019.10.31-21.19.44:103][  0]LogMeshReduction: Using SimplygonMeshReduction for automatic skeletal mesh reduction
[2019.10.31-21.19.44:103][  0]LogMeshReduction: Using ProxyLODMeshReduction for automatic mesh merging
[2019.10.31-21.19.44:103][  0]LogMeshReduction: No distributed automatic mesh merging module available
[2019.10.31-21.19.44:103][  0]LogMeshMerging: No distributed automatic mesh merging module available
[2019.10.31-21.19.44:137][  0]LogNetVersion: Mechanics_Sandbox 1.0.0, NetCL: 5660361, EngineNetVer: 10, GameNetVer: 0 (Checksum: 3413983669)
[2019.10.31-21.19.45:577][  0]LogPackageLocalizationCache: Processed 10 localized package path(s) for 1 prioritized culture(s) in 0.174832 seconds
[2019.10.31-21.19.45:601][  0]LogUObjectArray: 42205 objects as part of root set at end of initial load.
[2019.10.31-21.19.45:601][  0]LogUObjectAllocator: 7325032 out of 0 bytes used by permanent object pool.
[2019.10.31-21.19.45:601][  0]LogUObjectArray: CloseDisregardForGC: 0/0 objects in disregard for GC pool
[2019.10.31-21.19.48:761][  0]LogTcpMessaging: Initializing TcpMessaging bridge
[2019.10.31-21.19.48:780][  0]LogUdpMessaging: Initializing bridge on interface 0.0.0.0:0 to multicast group 230.0.0.1:6666.
[2019.10.31-21.19.48:975][  0]SourceControl: Source control is disabled
[2019.10.31-21.19.48:976][  0]SourceControl: Source control is disabled
[2019.10.31-21.19.48:979][  0]SourceControl: Source control is disabled
[2019.10.31-21.19.48:982][  0]SourceControl: Source control is disabled
[2019.10.31-21.19.49:182][  0]LogAndroidPermission: UAndroidPermissionCallbackProxy::GetInstance
[2019.10.31-21.19.49:481][  0]LogOcInput: OculusInput pre-init called
[2019.10.31-21.19.51:907][  0]LogEngine: Initializing Engine...
[2019.10.31-21.19.51:910][  0]LogHMD: Failed to initialize OpenVR with code 100
[2019.10.31-21.19.51:914][  0]LogStats: UGameplayTagsManager::InitializeManager -  0.001 s
[2019.10.31-21.19.52:849][  0]LogInit: Initializing FReadOnlyCVARCache
[2019.10.31-21.19.52:898][  0]LogAIModule: Creating AISystem for world Untitled
[2019.10.31-21.19.53:001][  0]LogInit: XAudio2 using 'Headset Earphone (SteelSeries Arctis 5 Chat)' : 2 channels at 48 kHz using 16 bits per sample (channel mask 0x3)
[2019.10.31-21.19.53:073][  0]LogInit: FAudioDevice initialized.
[2019.10.31-21.19.53:073][  0]LogNetVersion: Set ProjectVersion to 1.0.0.0. Version Checksum will be recalculated on next use.
[2019.10.31-21.19.53:213][  0]LogDerivedDataCache: Saved boot cache 0.14s 71MB C:/Users/danny/AppData/Local/UnrealEngine/4.22/DerivedDataCache/Boot.ddc.
[2019.10.31-21.19.53:230][  0]LogInit: Texture streaming: Enabled
[2019.10.31-21.19.53:276][  0]LogEngineSessionManager: EngineSessionManager initialized
[2019.10.31-21.19.53:375][  0]LogInit: Transaction tracking system initialized
[2019.10.31-21.19.53:431][  0]BlueprintLog: New page: Editor Load
[2019.10.31-21.19.53:641][  0]LocalizationService: Localization service is disabled
[2019.10.31-21.19.54:782][  0]LogFileCache: Scanning file cache for directory 'C:/Users/danny/Desktop/Systems_Sandbox/Mechanics_Sandbox/Content/' took 0.04s
[2019.10.31-21.19.54:782][  0]LogCook: Display: Max memory allowance for cook 16384mb min free memory 0mb
[2019.10.31-21.19.54:782][  0]LogCook: Display: Mobile HDR setting 1
[2019.10.31-21.19.55:301][  0]SourceControl: Source control is disabled
[2019.10.31-21.19.55:301][  0]Cmd: MAP LOAD FILE="C:/Users/danny/Desktop/Systems_Sandbox/Mechanics_Sandbox/Content/FirstPersonBP/Maps/FirstPersonExampleMap.umap" TEMPLATE=0 SHOWPROGRESS=1 FEATURELEVEL=3
[2019.10.31-21.19.55:302][  0]LightingResults: New page: Lighting Build
[2019.10.31-21.19.55:307][  0]MapCheck: New page: Map Check
[2019.10.31-21.19.55:307][  0]LightingResults: New page: Lighting Build
[2019.10.31-21.19.55:374][  0]LogUObjectHash: Compacting FUObjectHashTables data took   4.16ms
[2019.10.31-21.19.58:786][  0]LogAIModule: Creating AISystem for world FirstPersonExampleMap
[2019.10.31-21.19.58:948][  0]LogEditorServer: Finished looking for orphan Actors (0.000 secs)
[2019.10.31-21.19.59:023][  0]LogUObjectHash: Compacting FUObjectHashTables data took   5.28ms
[2019.10.31-21.19.59:024][  0]Cmd: MAP CHECKDEP NOCLEARLOG
[2019.10.31-21.19.59:024][  0]MapCheck: Map check complete: 0 Error(s), 0 Warning(s), took 0.274ms to complete.
[2019.10.31-21.19.59:024][  0]LogFileHelpers: Loading map 'FirstPersonExampleMap' took 3.723
[2019.10.31-21.19.59:596][  0]LogCollectionManager: Loaded 0 collections in 0.003123 seconds
[2019.10.31-21.19.59:659][  0]LogFileCache: Scanning file cache for directory 'C:/Users/danny/Desktop/Systems_Sandbox/Mechanics_Sandbox/Saved/Collections/' took 0.01s
[2019.10.31-21.19.59:659][  0]LogFileCache: Scanning file cache for directory 'C:/Users/danny/Desktop/Systems_Sandbox/Mechanics_Sandbox/Content/Developers/danny/Collections/' took 0.00s
[2019.10.31-21.19.59:659][  0]LogFileCache: Scanning file cache for directory 'C:/Users/danny/Desktop/Systems_Sandbox/Mechanics_Sandbox/Content/Collections/' took 0.00s
[2019.10.31-21.19.59:659][  0]LogCollectionManager: Rebuilt the GUID cache for 0 collections in 0.000001 seconds
[2019.10.31-21.19.59:682][  0]LogContentBrowser: Native class hierarchy populated in 0.0215 seconds. Added 2733 classes and 661 folders.
[2019.10.31-21.19.59:727][  0]LogContentBrowser: Native class hierarchy updated for 'WidgetCarousel' in 0.0005 seconds. Added 0 classes and 0 folders.
[2019.10.31-21.19.59:792][  0]LogPakFile: Registered encryption key '00000000000000000000000000000000': 0 pak files mounted, 0 remain pending
[2019.10.31-21.19.59:830][  0]LogPakFile: Registered encryption key '00000000000000000000000000000000': 0 pak files mounted, 0 remain pending
[2019.10.31-21.19.59:869][  0]LogPakFile: Registered encryption key '00000000000000000000000000000000': 0 pak files mounted, 0 remain pending
[2019.10.31-21.19.59:891][  0]LogPakFile: Registered encryption key '00000000000000000000000000000000': 0 pak files mounted, 0 remain pending
[2019.10.31-21.19.59:913][  0]LogPakFile: Registered encryption key '00000000000000000000000000000000': 0 pak files mounted, 0 remain pending
[2019.10.31-21.19.59:934][  0]LogPakFile: Registered encryption key '00000000000000000000000000000000': 0 pak files mounted, 0 remain pending
[2019.10.31-21.19.59:947][  0]LogPakFile: Registered encryption key '00000000000000000000000000000000': 0 pak files mounted, 0 remain pending
[2019.10.31-21.19.59:961][  0]LogPakFile: Registered encryption key '00000000000000000000000000000000': 0 pak files mounted, 0 remain pending
[2019.10.31-21.19.59:975][  0]LogPakFile: Registered encryption key '00000000000000000000000000000000': 0 pak files mounted, 0 remain pending
[2019.10.31-21.19.59:997][  0]LogPakFile: Registered encryption key '00000000000000000000000000000000': 0 pak files mounted, 0 remain pending
[2019.10.31-21.20.00:019][  0]LogPakFile: Registered encryption key '00000000000000000000000000000000': 0 pak files mounted, 0 remain pending
[2019.10.31-21.20.00:031][  0]LogPakFile: Registered encryption key '00000000000000000000000000000000': 0 pak files mounted, 0 remain pending
[2019.10.31-21.20.00:049][  0]LogPakFile: Registered encryption key '00000000000000000000000000000000': 0 pak files mounted, 0 remain pending
[2019.10.31-21.20.00:065][  0]LogPakFile: Registered encryption key '00000000000000000000000000000000': 0 pak files mounted, 0 remain pending
[2019.10.31-21.20.00:079][  0]LogPakFile: Registered encryption key '00000000000000000000000000000000': 0 pak files mounted, 0 remain pending
[2019.10.31-21.20.00:094][  0]LogPakFile: Registered encryption key '00000000000000000000000000000000': 0 pak files mounted, 0 remain pending
[2019.10.31-21.20.00:175][  0]LogPakFile: Registered encryption key '00000000000000000000000000000000': 0 pak files mounted, 0 remain pending
[2019.10.31-21.20.00:191][  0]LogPakFile: Registered encryption key '00000000000000000000000000000000': 0 pak files mounted, 0 remain pending
[2019.10.31-21.20.00:206][  0]LogPakFile: Registered encryption key '00000000000000000000000000000000': 0 pak files mounted, 0 remain pending
[2019.10.31-21.20.00:221][  0]LogPakFile: Registered encryption key '00000000000000000000000000000000': 0 pak files mounted, 0 remain pending
[2019.10.31-21.20.00:236][  0]LogPakFile: Registered encryption key '00000000000000000000000000000000': 0 pak files mounted, 0 remain pending
[2019.10.31-21.20.00:247][  0]LogPakFile: Registered encryption key '00000000000000000000000000000000': 0 pak files mounted, 0 remain pending
[2019.10.31-21.20.00:262][  0]LogPakFile: Registered encryption key '00000000000000000000000000000000': 0 pak files mounted, 0 remain pending
[2019.10.31-21.20.00:278][  0]LogPakFile: Registered encryption key '00000000000000000000000000000000': 0 pak files mounted, 0 remain pending
[2019.10.31-21.20.00:292][  0]LogPakFile: Registered encryption key '00000000000000000000000000000000': 0 pak files mounted, 0 remain pending
[2019.10.31-21.20.00:305][  0]LogPakFile: Registered encryption key '00000000000000000000000000000000': 0 pak files mounted, 0 remain pending
[2019.10.31-21.20.01:055][  0]LogContentBrowser: Native class hierarchy updated for 'AddContentDialog' in 0.0006 seconds. Added 0 classes and 0 folders.
[2019.10.31-21.20.01:606][  0]LogSlate: Updating window title bar state: overlay mode, drag disabled, window buttons hidden, title bar hidden
[2019.10.31-21.20.01:627][  0]LogSlate: Updating window title bar state: overlay mode, drag disabled, window buttons hidden, title bar hidden
[2019.10.31-21.20.01:653][  0]LogSlate: Updating window title bar state: overlay mode, drag disabled, window buttons hidden, title bar hidden
[2019.10.31-21.20.01:677][  0]LogSlate: Updating window title bar state: overlay mode, drag disabled, window buttons hidden, title bar hidden
[2019.10.31-21.20.01:763][  0]LogContentBrowser: Native class hierarchy updated for 'HierarchicalLODOutliner' in 0.0006 seconds. Added 0 classes and 0 folders.
[2019.10.31-21.20.01:764][  0]LogLoad: (Engine Initialization) Total time: 34.69 seconds
[2019.10.31-21.20.01:764][  0]LogLoad: (Engine Initialization) Total Blueprint compile time: 0.00 seconds
[2019.10.31-21.20.01:938][  0]LogContentStreaming: Texture pool size now 1000 MB
[2019.10.31-21.20.01:943][  0]LogSlate: Took 0.000559 seconds to synchronously load lazily loaded font '../../../Engine/Content/Slate/Fonts/Roboto-Regular.ttf' (155K)
[2019.10.31-21.20.01:982][  0]LogSlate: Took 0.030334 seconds to synchronously load lazily loaded font '../../../Engine/Content/Editor/Slate/Fonts/FontAwesome.ttf' (139K)
[2019.10.31-21.20.01:999][  0]LogSlate: Took 0.000738 seconds to synchronously load lazily loaded font '../../../Engine/Content/Slate/Fonts/Roboto-Bold.ttf' (160K)
[2019.10.31-21.20.02:038][  0]LogSlate: Took 0.030251 seconds to synchronously load lazily loaded font '../../../Engine/Content/Slate/Fonts/DroidSansMono.ttf' (77K)
[2019.10.31-21.20.03:830][  1]LogRenderer: Reallocating scene render targets to support 756x892 Format 10 NumSamples 1 (Frame:1).
[2019.10.31-21.20.04:729][  2]LogSlate: Took 0.046392 seconds to synchronously load lazily loaded font '../../../Engine/Content/Slate/Fonts/Roboto-Light.ttf' (167K)
[2019.10.31-21.20.04:754][  2]LogAssetEditorManager: Opening Asset editor for UserDefinedStruct /Game/TurretDirection.TurretDirection
[2019.10.31-21.20.05:364][  2]LogAssetEditorManager: Opening Asset editor for UserDefinedStruct /Game/TurretDirection_Info.TurretDirection_Info
[2019.10.31-21.20.05:574][  2]LogAssetEditorManager: Opening Asset editor for UserDefinedEnum /Game/TurretDirection_Mode.TurretDirection_Mode
[2019.10.31-21.20.05:892][  2]LogAssetEditorManager: Opening Asset editor for Blueprint /Game/Simple_Turret.Simple_Turret
[2019.10.31-21.20.07:236][  2]LogContentBrowser: Native class hierarchy updated for 'BlueprintGraph' in 0.0013 seconds. Added 121 classes and 0 folders.
[2019.10.31-21.20.09:836][  2]LogAssetEditorManager: Opening Asset editor for Blueprint /Game/Turret4.Turret4
[2019.10.31-21.20.10:925][  2]LogAssetRegistry: Asset discovery search completed in 28.4904 seconds
[2019.10.31-21.20.10:932][  2]LogCollectionManager: Rebuilt the object cache for 0 collections in 0.000000 seconds (found 0 objects)
[2019.10.31-21.20.10:932][  2]LogCollectionManager: Fixed up redirectors for 0 collections in 0.000453 seconds (updated 0 objects)
[2019.10.31-21.20.11:007][  2]LogSlate: Took 0.020851 seconds to synchronously load lazily loaded font '../../../Engine/Content/Slate/Fonts/Roboto-BoldCondensed.ttf' (158K)
[2019.10.31-21.20.11:676][  3]LogSlate: Took 0.018688 seconds to synchronously load lazily loaded font '../../../Engine/Content/Slate/Fonts/Roboto-Italic.ttf' (157K)
[2019.10.31-21.21.56:021][314]LogSlate: FSceneViewport::OnFocusLost() reason 0
[2019.10.31-21.22.03:233][465]LogUObjectHash: Compacting FUObjectHashTables data took   8.65ms
[2019.10.31-21.22.05:309][499]Cmd: OBJ SAVEPACKAGE PACKAGE="/Game/Turret5" FILE="C:/Users/danny/Desktop/Systems_Sandbox/Mechanics_Sandbox/Content/Turret5.uasset" SILENT=true
[2019.10.31-21.22.05:908][499]LogSavePackage: Moving 'C:/Users/danny/Desktop/Systems_Sandbox/Mechanics_Sandbox/Saved/Turret5A6B7CDB64C606AA8639874A7A4613749.tmp' to 'C:/Users/danny/Desktop/Systems_Sandbox/Mechanics_Sandbox/Content/Turret5.uasset'
[2019.10.31-21.22.22:984][883]LogEditorViewport: Clicking on Actor (LMB): TextRenderActor (TemplateLabel)
[2019.10.31-21.22.23:773][896]LogEditorViewport: Clicking on Actor (LMB): TextRenderActor (TemplateLabel)
[2019.10.31-21.22.24:722][921]LogEditorViewport: Clicking on Actor (LMB): Turret1_C (Turret1)
[2019.10.31-21.22.30:251][ 47]LogEditorViewport: Clicking on Actor (LMB): Turret2_C (Turret2)
[2019.10.31-21.22.32:798][113]LogEditorViewport: Clicking on Actor (LMB): Turret3_C (Turret3)
[2019.10.31-21.22.35:496][183]LogEditorViewport: Clicking on Actor (LMB): Turret4_C (Turret4)
[2019.10.31-21.22.37:260][232]Cmd: CAMERA ALIGN ACTIVEVIEWPORTONLY
[2019.10.31-21.22.50:611][583]LogEditorViewport: Clicking on Actor (LMB): Turret5_C (Turret5)
[2019.10.31-21.22.59:434][814]Cmd: SELECT NONE
[2019.10.31-21.23.03:977][926]LogEditorViewport: Clicking on Actor (LMB): FirstPersonCharacter_C (FirstPersonCharacter)
[2019.10.31-21.23.04:769][934]Cmd: CAMERA ALIGN ACTIVEVIEWPORTONLY
[2019.10.31-21.23.07:482][992]LogEditorViewport: Clicking on Actor (LMB): BP_Sky_Sphere_C (SkySphereBlueprint)
[2019.10.31-21.23.17:353][207]LogUObjectHash: Compacting FUObjectHashTables data took  10.13ms
[2019.10.31-21.23.17:370][207]LogSlate: FSceneViewport::OnFocusLost() reason 2
[2019.10.31-21.23.17:516][207]LogUObjectHash: Compacting FUObjectHashTables data took   1.51ms
[2019.10.31-21.23.18:590][207]LogSavePackage: Moving 'C:/Users/danny/Desktop/Systems_Sandbox/Mechanics_Sandbox/Saved/FirstPersonExampleMapCF7D8D934C6EE3004280D88BC37EE195.tmp' to 'C:/Users/danny/Desktop/Systems_Sandbox/Mechanics_Sandbox/Content/FirstPersonBP/Maps/FirstPersonExampleMap.umap'
[2019.10.31-21.23.18:689][207]LogFileHelpers: Saving map 'FirstPersonExampleMap' took 1.263
[2019.10.31-21.23.19:615][228]LogEditorViewport: Clicking on Actor (LMB): Turret5_C (Turret5)
[2019.10.31-21.23.22:355][295]Cmd: CAMERA ALIGN ACTIVEVIEWPORTONLY
[2019.10.31-21.23.28:271][420]LogUObjectHash: Compacting FUObjectHashTables data took   6.21ms
[2019.10.31-21.23.28:288][420]LogSlate: FSceneViewport::OnFocusLost() reason 2
[2019.10.31-21.23.28:412][420]LogUObjectHash: Compacting FUObjectHashTables data took   1.95ms
[2019.10.31-21.23.28:998][420]LogSavePackage: Moving 'C:/Users/danny/Desktop/Systems_Sandbox/Mechanics_Sandbox/Saved/FirstPersonExampleMap77409D644C88EDF16590B79F2FD14F81.tmp' to 'C:/Users/danny/Desktop/Systems_Sandbox/Mechanics_Sandbox/Content/FirstPersonBP/Maps/FirstPersonExampleMap.umap'
[2019.10.31-21.23.29:078][420]LogFileHelpers: Saving map 'FirstPersonExampleMap' took 0.751
[2019.10.31-21.24.18:798][737]LogSlate: FSceneViewport::OnFocusLost() reason 0
[2019.10.31-21.28.54:541][ 14]LogAssetEditorManager: Opening Asset editor for Blueprint /Game/Turret5.Turret5
[2019.10.31-21.44.16:388][496]Cmd: OBJ SAVEPACKAGE PACKAGE="/Game/Turret5" FILE="C:/Users/danny/Desktop/Systems_Sandbox/Mechanics_Sandbox/Content/Turret5.uasset" SILENT=true
[2019.10.31-21.44.16:934][496]LogSavePackage: Moving 'C:/Users/danny/Desktop/Systems_Sandbox/Mechanics_Sandbox/Saved/Turret5352976DA40CCEF7E28860484659D4423.tmp' to 'C:/Users/danny/Desktop/Systems_Sandbox/Mechanics_Sandbox/Content/Turret5.uasset'
[2019.10.31-21.45.05:281][665]LogSlate: Took 0.020983 seconds to synchronously load lazily loaded font '../../../Engine/Content/Slate/Fonts/Roboto-BoldCondensedItalic.ttf' (160K)
[2019.10.31-21.45.17:391][952]BlueprintLog: New page: Compile Turret5
[2019.10.31-21.45.18:042][952]LogUObjectHash: Compacting FUObjectHashTables data took   9.93ms
[2019.10.31-21.46.13:247][717]LogUObjectHash: Compacting FUObjectHashTables data took   8.45ms
[2019.10.31-21.46.14:011][717]LogSavePackage: Moving 'C:/Users/danny/Desktop/Systems_Sandbox/Mechanics_Sandbox/Saved/FirstPersonExampleMap_Auto19CC3988F42FEA12DA6F039BAB73EB49B.tmp' to 'C:/Users/danny/Desktop/Systems_Sandbox/Mechanics_Sandbox/Saved/Autosaves/Game/FirstPersonBP/Maps/FirstPersonExampleMap_Auto1.umap'
[2019.10.31-21.46.14:022][717]LogFileHelpers: Editor autosave (incl. sublevels) for '/Game/FirstPersonBP/Maps/FirstPersonExampleMap' took 0.872
[2019.10.31-21.46.14:023][717]LogFileHelpers: Editor autosave (incl. sublevels) for all levels took 0.872
[2019.10.31-21.46.14:030][717]OBJ SavePackage: Generating thumbnails for [1] asset(s) in package [/Game/Turret5] ([1] browsable assets)...
[2019.10.31-21.46.14:070][717]OBJ SavePackage:     Rendered thumbnail for [Blueprint /Game/Turret5.Turret5]
[2019.10.31-21.46.14:071][717]OBJ SavePackage: Finished generating thumbnails for package [/Game/Turret5]
[2019.10.31-21.46.14:071][717]Cmd: OBJ SAVEPACKAGE PACKAGE="/Game/Turret5" FILE="C:/Users/danny/Desktop/Systems_Sandbox/Mechanics_Sandbox/Saved/Autosaves/Game/Turret5_Auto1.uasset" SILENT=false AUTOSAVING=true
[2019.10.31-21.46.14:731][717]LogSavePackage: Moving 'C:/Users/danny/Desktop/Systems_Sandbox/Mechanics_Sandbox/Saved/Turret5_Auto1BAF17FEF4C30756CE3EC109DB1E5B587.tmp' to 'C:/Users/danny/Desktop/Systems_Sandbox/Mechanics_Sandbox/Saved/Autosaves/Game/Turret5_Auto1.uasset'
[2019.10.31-21.46.14:735][717]LogFileHelpers: Auto-saving content packages took 0.709
[2019.10.31-23.43.09:136][334]BlueprintLog: New page: Compile Turret5
[2019.10.31-23.43.09:753][334]LogUObjectHash: Compacting FUObjectHashTables data took   8.15ms
[2019.10.31-23.44.33:415][729]BlueprintLog: New page: Compile Turret5
[2019.10.31-23.44.34:036][729]LogUObjectHash: Compacting FUObjectHashTables data took  11.92ms
[2019.10.31-23.46.40:670][202]BlueprintLog: New page: Compile Turret5
[2019.10.31-23.46.41:299][202]LogUObjectHash: Compacting FUObjectHashTables data took   8.95ms
[2019.10.31-23.47.03:978][739]BlueprintLog: New page: Compile Turret5
[2019.10.31-23.47.04:587][739]LogUObjectHash: Compacting FUObjectHashTables data took  10.84ms
[2019.10.31-23.47.05:882][759]Cmd: OBJ SAVEPACKAGE PACKAGE="/Game/Turret5" FILE="C:/Users/danny/Desktop/Systems_Sandbox/Mechanics_Sandbox/Content/Turret5.uasset" SILENT=true
[2019.10.31-23.47.06:435][759]LogSavePackage: Moving 'C:/Users/danny/Desktop/Systems_Sandbox/Mechanics_Sandbox/Saved/Turret5831B9929495B1972EE1064862D95E7ED.tmp' to 'C:/Users/danny/Desktop/Systems_Sandbox/Mechanics_Sandbox/Content/Turret5.uasset'
[2019.10.31-23.47.52:269][273]LogUObjectHash: Compacting FUObjectHashTables data took  12.42ms
[2019.10.31-23.47.53:275][273]LogSavePackage: Moving 'C:/Users/danny/Desktop/Systems_Sandbox/Mechanics_Sandbox/Saved/FirstPersonExampleMap_Auto28ED34E324B536A8FA551FA941812B63A.tmp' to 'C:/Users/danny/Desktop/Systems_Sandbox/Mechanics_Sandbox/Saved/Autosaves/Game/FirstPersonBP/Maps/FirstPersonExampleMap_Auto2.umap'
[2019.10.31-23.47.53:295][273]LogFileHelpers: Editor autosave (incl. sublevels) for '/Game/FirstPersonBP/Maps/FirstPersonExampleMap' took 1.138
[2019.10.31-23.47.53:295][273]LogFileHelpers: Editor autosave (incl. sublevels) for all levels took 1.138
[2019.10.31-23.47.53:301][273]OBJ SavePackage: Generating thumbnails for [1] asset(s) in package [/Game/Turret5] ([1] browsable assets)...
[2019.10.31-23.47.53:340][273]OBJ SavePackage:     Rendered thumbnail for [Blueprint /Game/Turret5.Turret5]
[2019.10.31-23.47.53:340][273]OBJ SavePackage: Finished generating thumbnails for package [/Game/Turret5]
[2019.10.31-23.47.53:340][273]Cmd: OBJ SAVEPACKAGE PACKAGE="/Game/Turret5" FILE="C:/Users/danny/Desktop/Systems_Sandbox/Mechanics_Sandbox/Saved/Autosaves/Game/Turret5_Auto2.uasset" SILENT=false AUTOSAVING=true
[2019.10.31-23.47.53:857][273]LogSavePackage: Moving 'C:/Users/danny/Desktop/Systems_Sandbox/Mechanics_Sandbox/Saved/Turret5_Auto240E2BE274CBDC97E54597E9740170ECD.tmp' to 'C:/Users/danny/Desktop/Systems_Sandbox/Mechanics_Sandbox/Saved/Autosaves/Game/Turret5_Auto2.uasset'
[2019.10.31-23.47.53:861][273]LogFileHelpers: Auto-saving content packages took 0.561
[2019.10.31-23.48.33:488][452]BlueprintLog: New page: Compile Turret5
[2019.10.31-23.48.34:106][452]LogUObjectHash: Compacting FUObjectHashTables data took   9.30ms
[2019.10.31-23.50.38:074][ 53]BlueprintLog: New page: Compile Turret5
[2019.10.31-23.50.38:793][ 53]LogUObjectHash: Compacting FUObjectHashTables data took   9.19ms
[2019.10.31-23.57.54:223][732]LogUObjectHash: Compacting FUObjectHashTables data took   9.11ms
[2019.10.31-23.57.55:192][732]LogSavePackage: Moving 'C:/Users/danny/Desktop/Systems_Sandbox/Mechanics_Sandbox/Saved/FirstPersonExampleMap_Auto3D4D69DEA4288F4EBBA6EC3A88F877A26.tmp' to 'C:/Users/danny/Desktop/Systems_Sandbox/Mechanics_Sandbox/Saved/Autosaves/Game/FirstPersonBP/Maps/FirstPersonExampleMap_Auto3.umap'
[2019.10.31-23.57.55:209][732]LogFileHelpers: Editor autosave (incl. sublevels) for '/Game/FirstPersonBP/Maps/FirstPersonExampleMap' took 1.099
[2019.10.31-23.57.55:210][732]LogFileHelpers: Editor autosave (incl. sublevels) for all levels took 1.099
[2019.10.31-23.57.55:222][732]OBJ SavePackage: Generating thumbnails for [1] asset(s) in package [/Game/Turret5] ([1] browsable assets)...
[2019.10.31-23.57.55:270][732]OBJ SavePackage:     Rendered thumbnail for [Blueprint /Game/Turret5.Turret5]
[2019.10.31-23.57.55:271][732]OBJ SavePackage: Finished generating thumbnails for package [/Game/Turret5]
[2019.10.31-23.57.55:271][732]Cmd: OBJ SAVEPACKAGE PACKAGE="/Game/Turret5" FILE="C:/Users/danny/Desktop/Systems_Sandbox/Mechanics_Sandbox/Saved/Autosaves/Game/Turret5_Auto3.uasset" SILENT=false AUTOSAVING=true
[2019.10.31-23.57.56:146][732]LogSavePackage: Moving 'C:/Users/danny/Desktop/Systems_Sandbox/Mechanics_Sandbox/Saved/Turret5_Auto3FA0CE6694F546CD94F47BB8BA7A4E619.tmp' to 'C:/Users/danny/Desktop/Systems_Sandbox/Mechanics_Sandbox/Saved/Autosaves/Game/Turret5_Auto3.uasset'
[2019.10.31-23.57.56:150][732]LogFileHelpers: Auto-saving content packages took 0.930
[2019.11.01-00.05.34:134][357]BlueprintLog: New page: Compile Turret5
[2019.11.01-00.05.34:792][357]LogUObjectHash: Compacting FUObjectHashTables data took   9.55ms
[2019.11.01-00.08.33:209][118]LogUObjectHash: Compacting FUObjectHashTables data took   8.66ms
[2019.11.01-00.08.33:957][118]LogSavePackage: Moving 'C:/Users/danny/Desktop/Systems_Sandbox/Mechanics_Sandbox/Saved/FirstPersonExampleMap_Auto4DD690A3C472894AB003DB4BB815E6AF3.tmp' to 'C:/Users/danny/Desktop/Systems_Sandbox/Mechanics_Sandbox/Saved/Autosaves/Game/FirstPersonBP/Maps/FirstPersonExampleMap_Auto4.umap'
[2019.11.01-00.08.33:968][118]LogFileHelpers: Editor autosave (incl. sublevels) for '/Game/FirstPersonBP/Maps/FirstPersonExampleMap' took 0.864
[2019.11.01-00.08.33:969][118]LogFileHelpers: Editor autosave (incl. sublevels) for all levels took 0.864
[2019.11.01-00.08.33:972][118]OBJ SavePackage: Generating thumbnails for [1] asset(s) in package [/Game/Turret5] ([1] browsable assets)...
[2019.11.01-00.08.34:004][118]OBJ SavePackage:     Rendered thumbnail for [Blueprint /Game/Turret5.Turret5]
[2019.11.01-00.08.34:005][118]OBJ SavePackage: Finished generating thumbnails for package [/Game/Turret5]
[2019.11.01-00.08.34:005][118]Cmd: OBJ SAVEPACKAGE PACKAGE="/Game/Turret5" FILE="C:/Users/danny/Desktop/Systems_Sandbox/Mechanics_Sandbox/Saved/Autosaves/Game/Turret5_Auto4.uasset" SILENT=false AUTOSAVING=true
[2019.11.01-00.08.34:665][118]LogSavePackage: Moving 'C:/Users/danny/Desktop/Systems_Sandbox/Mechanics_Sandbox/Saved/Turret5_Auto4C7BBC2E8482C41815B3A638462F3AAAB.tmp' to 'C:/Users/danny/Desktop/Systems_Sandbox/Mechanics_Sandbox/Saved/Autosaves/Game/Turret5_Auto4.uasset'
[2019.11.01-00.08.34:668][118]LogFileHelpers: Auto-saving content packages took 0.697
[2019.11.01-01.11.06:929][524]LogUObjectHash: Compacting FUObjectHashTables data took   5.95ms
[2019.11.01-01.11.08:051][524]LogSlate: Window 'Save Content' being destroyed
[2019.11.01-01.11.08:217][524]LogUObjectHash: Compacting FUObjectHashTables data took   1.60ms
[2019.11.01-01.11.09:175][524]LogSavePackage: Moving 'C:/Users/danny/Desktop/Systems_Sandbox/Mechanics_Sandbox/Saved/FirstPersonExampleMapCAF3F9D14815B87B5774C781981A768A.tmp' to 'C:/Users/danny/Desktop/Systems_Sandbox/Mechanics_Sandbox/Content/FirstPersonBP/Maps/FirstPersonExampleMap.umap'
[2019.11.01-01.11.09:268][524]LogFileHelpers: Saving map 'FirstPersonExampleMap' took 1.135
[2019.11.01-01.11.09:277][524]Cmd: OBJ SAVEPACKAGE PACKAGE="/Game/Turret5" FILE="C:/Users/danny/Desktop/Systems_Sandbox/Mechanics_Sandbox/Content/Turret5.uasset" SILENT=true
[2019.11.01-01.11.09:828][524]LogSavePackage: Moving 'C:/Users/danny/Desktop/Systems_Sandbox/Mechanics_Sandbox/Saved/Turret51E6B51B446FBBBE63F92699703417A0A.tmp' to 'C:/Users/danny/Desktop/Systems_Sandbox/Mechanics_Sandbox/Content/Turret5.uasset'
[2019.11.01-01.11.10:483][524]LogActorComponent: UnregisterComponent: (/Engine/Transient.EditorFloorComp) Not registered. Aborting.
[2019.11.01-01.11.10:646][524]LogSlate: Window 'Turret5' being destroyed
[2019.11.01-01.11.10:677][524]LogActorComponent: UnregisterComponent: (/Engine/Transient.EditorFloorComp) Not registered. Aborting.
[2019.11.01-01.11.10:859][524]LogSlate: Window 'Viewport 1' being destroyed
[2019.11.01-01.11.11:103][524]LogSlate: Window 'Mechanics_Sandbox - Unreal Editor' being destroyed
[2019.11.01-01.11.11:118][524]LogWindowsTextInputMethodSystem: Display: IME system now deactivated.
[2019.11.01-01.11.11:530][525]Cmd: QUIT_EDITOR
[2019.11.01-01.11.11:604][525]LogExit: Preparing to exit.
[2019.11.01-01.11.12:774][525]LogExit: Editor shut down
[2019.11.01-01.11.12:777][525]LogExit: Transaction tracking system shut down
[2019.11.01-01.11.13:532][525]LogExit: Object subsystem successfully closed.
[2019.11.01-01.11.13:578][525]LogShaderCompilers: Display: Shaders left to compile 0
[2019.11.01-01.11.13:598][525]LogD3D11RHI: Shutdown
[2019.11.01-01.11.13:598][525]LogD3D11RHI: CleanupD3DDevice
[2019.11.01-01.11.13:601][525]LogRendererCore: FGlobalReadBuffer::ReleaseRHI
[2019.11.01-01.11.13:601][525]LogRendererCore: FGlobalDynamicReadBuffer::Cleanup()
[2019.11.01-01.11.13:602][525]LogRendererCore: FGlobalReadBuffer::ReleaseRHI
[2019.11.01-01.11.13:602][525]LogRendererCore: FGlobalDynamicReadBuffer::Cleanup()
[2019.11.01-01.11.13:602][525]LogRendererCore: FGlobalReadBuffer::ReleaseRHI
[2019.11.01-01.11.13:602][525]LogRendererCore: FGlobalDynamicReadBuffer::Cleanup()
[2019.11.01-01.11.13:997][525]LogD3D11RHI: ~FD3D11DynamicRHI
[2019.11.01-01.11.14:036][525]LogModuleManager: Shutting down and abandoning module BlueprintGraph (644)
[2019.11.01-01.11.14:036][525]LogModuleManager: Shutting down and abandoning module HierarchicalLODOutliner (642)
[2019.11.01-01.11.14:036][525]LogModuleManager: Shutting down and abandoning module AddContentDialog (640)
[2019.11.01-01.11.14:087][525]LogModuleManager: Shutting down and abandoning module WidgetCarousel (639)
[2019.11.01-01.11.14:087][525]LogModuleManager: Shutting down and abandoning module CollectionManager (636)
[2019.11.01-01.11.14:088][525]LogModuleManager: Shutting down and abandoning module EditorWidgets (634)
[2019.11.01-01.11.14:088][525]LogModuleManager: Shutting down and abandoning module SceneOutliner (632)
[2019.11.01-01.11.14:088][525]LogModuleManager: Shutting down and abandoning module StatsViewer (630)
[2019.11.01-01.11.14:088][525]LogModuleManager: Shutting down and abandoning module FoliageEdit (628)
[2019.11.01-01.11.14:088][525]LogModuleManager: Shutting down and abandoning module LandscapeEditor (626)
[2019.11.01-01.11.14:088][525]LogModuleManager: Shutting down and abandoning module MeshPaintMode (624)
[2019.11.01-01.11.14:088][525]LogModuleManager: Shutting down and abandoning module SceneDepthPickerMode (622)
[2019.11.01-01.11.14:088][525]LogModuleManager: Shutting down and abandoning module ActorPickerMode (620)
[2019.11.01-01.11.14:088][525]LogModuleManager: Shutting down and abandoning module GeometryMode (618)
[2019.11.01-01.11.14:088][525]LogModuleManager: Shutting down and abandoning module TextureAlignMode (616)
[2019.11.01-01.11.14:088][525]LogModuleManager: Shutting down and abandoning module BspMode (614)
[2019.11.01-01.11.14:088][525]LogModuleManager: Shutting down and abandoning module PIEPreviewDeviceProfileSelector (612)
[2019.11.01-01.11.14:089][525]LogModuleManager: Shutting down and abandoning module SequenceRecorderSections (610)
[2019.11.01-01.11.14:089][525]LogModuleManager: Shutting down and abandoning module AutomationWorker (608)
[2019.11.01-01.11.14:089][525]LogModuleManager: Shutting down and abandoning module OculusMR (606)
[2019.11.01-01.11.14:089][525]LogModuleManager: Shutting down and abandoning module AudioCaptureEditor (604)
[2019.11.01-01.11.14:089][525]LogModuleManager: Shutting down and abandoning module MatineeToLevelSequence (602)
[2019.11.01-01.11.14:089][525]LogModuleManager: Shutting down and abandoning module LevelSequenceEditor (600)
[2019.11.01-01.11.14:089][525]LogModuleManager: Shutting down and abandoning module PlacementMode (599)
[2019.11.01-01.11.14:089][525]LogModuleManager: Shutting down and abandoning module MaterialEditor (598)
[2019.11.01-01.11.14:089][525]LogModuleManager: Shutting down and abandoning module ActorSequenceEditor (594)
[2019.11.01-01.11.14:089][525]LogModuleManager: Shutting down and abandoning module WmfMediaFactory (592)
[2019.11.01-01.11.14:089][525]LogModuleManager: Shutting down and abandoning module WmfMediaEditor (590)
[2019.11.01-01.11.14:089][525]LogModuleManager: Shutting down and abandoning module WebMMediaFactory (588)
[2019.11.01-01.11.14:089][525]LogModuleManager: Shutting down and abandoning module WebMMediaEditor (586)
[2019.11.01-01.11.14:090][525]LogModuleManager: Shutting down and abandoning module WebMMedia (584)
[2019.11.01-01.11.14:090][525]LogModuleManager: Shutting down and abandoning module MediaPlayerEditor (582)
[2019.11.01-01.11.14:090][525]LogModuleManager: Shutting down and abandoning module MediaCompositingEditor (580)
[2019.11.01-01.11.14:090][525]LogModuleManager: Shutting down and abandoning module SequenceRecorder (579)
[2019.11.01-01.11.14:090][525]LogModuleManager: Shutting down and abandoning module OpenExrWrapper (576)
[2019.11.01-01.11.14:090][525]LogModuleManager: Shutting down and abandoning module ImgMediaFactory (574)
[2019.11.01-01.11.14:091][525]LogModuleManager: Shutting down and abandoning module ImgMediaEditor (572)
[2019.11.01-01.11.14:091][525]LogModuleManager: Shutting down and abandoning module AvfMediaFactory (570)
[2019.11.01-01.11.14:091][525]LogModuleManager: Shutting down and abandoning module AvfMediaEditor (568)
[2019.11.01-01.11.14:091][525]LogModuleManager: Shutting down and abandoning module AndroidMediaFactory (566)
[2019.11.01-01.11.14:091][525]LogModuleManager: Shutting down and abandoning module AndroidMediaEditor (564)
[2019.11.01-01.11.14:091][525]LogModuleManager: Shutting down and abandoning module MagicLeapCameraPreviewFactory (562)
[2019.11.01-01.11.14:091][525]LogModuleManager: Shutting down and abandoning module MagicLeapMediaCodecFactory (560)
[2019.11.01-01.11.14:091][525]LogModuleManager: Shutting down and abandoning module MagicLeapMediaFactory (558)
[2019.11.01-01.11.14:091][525]LogModuleManager: Shutting down and abandoning module MagicLeapMediaEditor (556)
[2019.11.01-01.11.14:091][525]LogModuleManager: Shutting down and abandoning module CharacterAI (554)
[2019.11.01-01.11.14:091][525]LogModuleManager: Shutting down and abandoning module SmartSnapping (552)
[2019.11.01-01.11.14:091][525]LogModuleManager: Shutting down and abandoning module SessionServices (550)
[2019.11.01-01.11.14:091][525]LogModuleManager: Shutting down and abandoning module MeshPaint (548)
[2019.11.01-01.11.14:092][525]LogModuleManager: Shutting down and abandoning module ViewportSnapping (546)
[2019.11.01-01.11.14:092][525]LogModuleManager: Shutting down and abandoning module ViewportInteraction (544)
[2019.11.01-01.11.14:092][525]LogModuleManager: Shutting down and abandoning module ClothPainter (542)
[2019.11.01-01.11.14:092][525]LogModuleManager: Shutting down and abandoning module SkeletalMeshEditor (541)
[2019.11.01-01.11.14:092][525]LogModuleManager: Shutting down and abandoning module LogVisualizer (538)
[2019.11.01-01.11.14:092][525]LogModuleManager: Shutting down and abandoning module IntroTutorials (536)
[2019.11.01-01.11.14:105][525]LogModuleManager: Shutting down and abandoning module GameProjectGeneration (535)
[2019.11.01-01.11.14:105][525]LogModuleManager: Shutting down and abandoning module LuminPlatformEditor (532)
[2019.11.01-01.11.14:105][525]LogModuleManager: Shutting down and abandoning module IOSPlatformEditor (530)
[2019.11.01-01.11.14:105][525]LogModuleManager: Shutting down and abandoning module HTML5PlatformEditor (528)
[2019.11.01-01.11.14:105][525]LogModuleManager: Shutting down and abandoning module AndroidPlatformEditor (526)
[2019.11.01-01.11.14:106][525]LogModuleManager: Shutting down and abandoning module AndroidDeviceDetection (525)
[2019.11.01-01.11.14:637][525]LogModuleManager: Shutting down and abandoning module WindowsPlatformEditor (522)
[2019.11.01-01.11.14:637][525]LogModuleManager: Shutting down and abandoning module LuminRuntimeSettings (520)
[2019.11.01-01.11.14:637][525]LogModuleManager: Shutting down and abandoning module IOSRuntimeSettings (518)
[2019.11.01-01.11.14:637][525]LogModuleManager: Shutting down and abandoning module AndroidRuntimeSettings (516)
[2019.11.01-01.11.14:637][525]LogModuleManager: Shutting down and abandoning module TimeManagementEditor (514)
[2019.11.01-01.11.14:637][525]LogModuleManager: Shutting down and abandoning module InputBindingEditor (512)
[2019.11.01-01.11.14:637][525]LogModuleManager: Shutting down and abandoning module MergeActors (510)
[2019.11.01-01.11.14:637][525]LogModuleManager: Shutting down and abandoning module LocalizationDashboard (508)
[2019.11.01-01.11.14:637][525]LogModuleManager: Shutting down and abandoning module LocalizationService (507)
[2019.11.01-01.11.14:637][525]LogModuleManager: Shutting down and abandoning module HardwareTargeting (504)
[2019.11.01-01.11.14:637][525]LogModuleManager: Shutting down and abandoning module DeviceProfileEditor (502)
[2019.11.01-01.11.14:637][525]LogModuleManager: Shutting down and abandoning module UndoHistory (500)
[2019.11.01-01.11.14:637][525]LogModuleManager: Shutting down and abandoning module XmlParser (498)
[2019.11.01-01.11.14:637][525]LogModuleManager: Shutting down and abandoning module Blutility (496)
[2019.11.01-01.11.14:637][525]LogModuleManager: Shutting down and abandoning module ProjectSettingsViewer (494)
[2019.11.01-01.11.14:638][525]LogModuleManager: Shutting down and abandoning module ProjectTargetPlatformEditor (493)
[2019.11.01-01.11.14:639][525]LogModuleManager: Shutting down and abandoning module EditorSettingsViewer (490)
[2019.11.01-01.11.14:639][525]LogModuleManager: Shutting down and abandoning module SettingsEditor (488)
[2019.11.01-01.11.14:639][525]LogModuleManager: Shutting down and abandoning module ProjectLauncher (486)
[2019.11.01-01.11.14:639][525]LogModuleManager: Shutting down and abandoning module SessionFrontend (484)
[2019.11.01-01.11.14:639][525]LogModuleManager: Shutting down and abandoning module ProfilerClient (482)
[2019.11.01-01.11.14:639][525]LogModuleManager: Shutting down and abandoning module DeviceManager (480)
[2019.11.01-01.11.14:639][525]LogModuleManager: Shutting down and abandoning module TargetDeviceServices (479)
[2019.11.01-01.11.14:685][525]LogModuleManager: Shutting down and abandoning module AutomationController (476)
[2019.11.01-01.11.14:685][525]LogModuleManager: Shutting down and abandoning module AutomationWindow (474)
[2019.11.01-01.11.14:685][525]LogModuleManager: Shutting down and abandoning module Layers (472)
[2019.11.01-01.11.14:685][525]LogModuleManager: Shutting down and abandoning module ComponentVisualizers (470)
[2019.11.01-01.11.14:685][525]LogModuleManager: Shutting down and abandoning module DetailCustomizations (468)
[2019.11.01-01.11.14:685][525]LogModuleManager: Shutting down and abandoning module PackagesDialog (466)
[2019.11.01-01.11.14:685][525]LogModuleManager: Shutting down and abandoning module AnimationBlueprintEditor (464)
[2019.11.01-01.11.14:685][525]LogModuleManager: Shutting down and abandoning module Persona (462)
[2019.11.01-01.11.14:685][525]LogModuleManager: Shutting down and abandoning module AdvancedPreviewScene (461)
[2019.11.01-01.11.14:686][525]LogModuleManager: Shutting down and abandoning module AnimGraph (459)
[2019.11.01-01.11.14:686][525]LogModuleManager: Shutting down and abandoning module Kismet (456)
[2019.11.01-01.11.14:701][525]LogModuleManager: Shutting down and abandoning module GraphEditor (454)
[2019.11.01-01.11.14:701][525]LogModuleManager: Shutting down and abandoning module ClassViewer (452)
[2019.11.01-01.11.14:707][525]LogModuleManager: Shutting down and abandoning module Toolbox (450)
[2019.11.01-01.11.14:707][525]LogModuleManager: Shutting down and abandoning module ModuleUI (448)
[2019.11.01-01.11.14:707][525]LogModuleManager: Shutting down and abandoning module MovieSceneTools (446)
[2019.11.01-01.11.14:707][525]LogModuleManager: Shutting down and abandoning module OutputLog (444)
[2019.11.01-01.11.14:707][525]LogModuleManager: Shutting down and abandoning module GammaUI (442)
[2019.11.01-01.11.14:707][525]LogModuleManager: Shutting down and abandoning module Documentation (440)
[2019.11.01-01.11.14:708][525]LogModuleManager: Shutting down and abandoning module LiveCoding (438)
[2019.11.01-01.11.14:708][525]LogModuleManager: Shutting down and abandoning module LevelSequence (436)
[2019.11.01-01.11.14:708][525]LogModuleManager: Shutting down and abandoning module MovieSceneTracks (434)
[2019.11.01-01.11.14:708][525]LogModuleManager: Shutting down and abandoning module MovieScene (432)
[2019.11.01-01.11.14:708][525]LogModuleManager: Shutting down and abandoning module StreamingPauseRendering (430)
[2019.11.01-01.11.14:708][525]LogModuleManager: Shutting down and abandoning module LauncherPlatform (428)
[2019.11.01-01.11.14:708][525]LogModuleManager: Shutting down and abandoning module AnalyticsET (426)
[2019.11.01-01.11.14:708][525]LogModuleManager: Shutting down and abandoning module PortalServices (424)
[2019.11.01-01.11.14:708][525]LogModuleManager: Shutting down and abandoning module PortalRpc (422)
[2019.11.01-01.11.14:708][525]LogModuleManager: Shutting down and abandoning module MessagingRpc (420)
[2019.11.01-01.11.14:708][525]LogModuleManager: Shutting down and abandoning module AIModule (418)
[2019.11.01-01.11.14:709][525]LogModuleManager: Shutting down and abandoning module GameplayDebugger (417)
[2019.11.01-01.11.14:709][525]LogModuleManager: Shutting down and abandoning module AITestSuite (415)
[2019.11.01-01.11.14:709][525]LogModuleManager: Shutting down and abandoning module NavigationSystem (413)
[2019.11.01-01.11.14:709][525]LogModuleManager: Shutting down and abandoning module DesktopPlatform (410)
[2019.11.01-01.11.14:709][525]LogModuleManager: Shutting down and abandoning module ImageWriteQueue (408)
[2019.11.01-01.11.14:718][525]LogModuleManager: Shutting down and abandoning module ProfilerService (406)
[2019.11.01-01.11.14:957][525]LogModuleManager: Shutting down and abandoning module TaskGraph (404)
[2019.11.01-01.11.14:957][525]LogModuleManager: Shutting down and abandoning module SteamVRController (402)
[2019.11.01-01.11.14:957][525]LogModuleManager: Shutting down and abandoning module ProceduralMeshComponentEditor (400)
[2019.11.01-01.11.14:957][525]LogModuleManager: Shutting down and abandoning module ProceduralMeshComponent (398)
[2019.11.01-01.11.14:957][525]LogModuleManager: Shutting down and abandoning module OculusEditor (396)
[2019.11.01-01.11.14:958][525]LogModuleManager: Shutting down and abandoning module OculusInput (394)
[2019.11.01-01.11.14:958][525]LogModuleManager: Shutting down and abandoning module MobilePatchingUtils (392)
[2019.11.01-01.11.14:958][525]LogModuleManager: Shutting down and abandoning module EditableMesh (390)
[2019.11.01-01.11.14:958][525]LogModuleManager: Shutting down and abandoning module CustomMeshComponent (388)
[2019.11.01-01.11.14:958][525]LogModuleManager: Shutting down and abandoning module CableComponent (386)
[2019.11.01-01.11.14:958][525]LogModuleManager: Shutting down and abandoning module AudioCapture (384)
[2019.11.01-01.11.14:958][525]LogModuleManager: Shutting down and abandoning module ArchVisCharacter (382)
[2019.11.01-01.11.14:958][525]LogModuleManager: Shutting down and abandoning module AndroidPermission (380)
[2019.11.01-01.11.14:958][525]LogModuleManager: Shutting down and abandoning module NUTUnrealEngine4 (378)
[2019.11.01-01.11.14:958][525]LogModuleManager: Shutting down and abandoning module NetcodeUnitTest (376)
[2019.11.01-01.11.14:959][525]LogModuleManager: Shutting down and abandoning module MediaCompositing (374)
[2019.11.01-01.11.14:959][525]LogModuleManager: Shutting down and abandoning module LinearTimecode (372)
[2019.11.01-01.11.14:959][525]LogModuleManager: Shutting down and abandoning module ImgMedia (370)
[2019.11.01-01.11.14:959][525]LogModuleManager: Shutting down and abandoning module MagicLeapHelperVulkan (368)
[2019.11.01-01.11.14:959][525]LogModuleManager: Shutting down and abandoning module MagicLeapHelperOpenGL (366)
[2019.11.01-01.11.14:959][525]LogModuleManager: Shutting down and abandoning module MagicLeapAudio (364)
[2019.11.01-01.11.14:959][525]LogModuleManager: Shutting down and abandoning module HTML5Networking (362)
[2019.11.01-01.11.14:959][525]LogModuleManager: Shutting down and abandoning module GeometryCacheTracks (360)
[2019.11.01-01.11.14:959][525]LogModuleManager: Shutting down and abandoning module GeometryCacheSequencer (358)
[2019.11.01-01.11.14:959][525]LogModuleManager: Shutting down and abandoning module BackChannel (356)
[2019.11.01-01.11.14:959][525]LogModuleManager: Shutting down and abandoning module AppleVision (354)
[2019.11.01-01.11.14:959][525]LogModuleManager: Shutting down and abandoning module AppleImageUtilsBlueprintSupport (352)
[2019.11.01-01.11.14:959][525]LogModuleManager: Shutting down and abandoning module AppleImageUtils (350)
[2019.11.01-01.11.14:959][525]LogModuleManager: Shutting down and abandoning module AlembicImporter (348)
[2019.11.01-01.11.14:959][525]LogModuleManager: Shutting down and abandoning module AlembicLibrary (347)
[2019.11.01-01.11.14:959][525]LogModuleManager: Shutting down and abandoning module GeometryCache (346)
[2019.11.01-01.11.14:959][525]LogModuleManager: Shutting down and abandoning module GeometryCacheEd (345)
[2019.11.01-01.11.14:959][525]LogModuleManager: Shutting down and abandoning module VariantManagerContent (340)
[2019.11.01-01.11.14:959][525]LogModuleManager: Shutting down and abandoning module DatasmithContentEditor (338)
[2019.11.01-01.11.14:959][525]LogModuleManager: Shutting down and abandoning module SpeedTreeImporter (336)
[2019.11.01-01.11.14:959][525]LogModuleManager: Shutting down and abandoning module PluginBrowser (334)
[2019.11.01-01.11.14:959][525]LogModuleManager: Shutting down and abandoning module MobileLauncherProfileWizard (332)
[2019.11.01-01.11.14:960][525]LogModuleManager: Shutting down and abandoning module MaterialAnalyzer (330)
[2019.11.01-01.11.14:960][525]LogModuleManager: Shutting down and abandoning module CryptoKeysOpenSSL (328)
[2019.11.01-01.11.14:960][525]LogModuleManager: Shutting down and abandoning module CryptoKeys (326)
[2019.11.01-01.11.14:960][525]LogModuleManager: Shutting down and abandoning module VisualStudioSourceCodeAccess (324)
[2019.11.01-01.11.14:960][525]LogModuleManager: Shutting down and abandoning module VisualStudioCodeSourceCodeAccess (322)
[2019.11.01-01.11.14:960][525]LogModuleManager: Shutting down and abandoning module UObjectPlugin (320)
[2019.11.01-01.11.14:960][525]LogModuleManager: Shutting down and abandoning module SubversionSourceControl (318)
[2019.11.01-01.11.14:960][525]LogModuleManager: Shutting down and abandoning module PerforceSourceControl (316)
[2019.11.01-01.11.14:960][525]LogModuleManager: Shutting down and abandoning module GitSourceControl (314)
[2019.11.01-01.11.14:960][525]LogModuleManager: Shutting down and abandoning module SourceControl (313)
[2019.11.01-01.11.14:960][525]LogModuleManager: Shutting down and abandoning module CLionSourceCodeAccess (310)
[2019.11.01-01.11.14:960][525]LogModuleManager: Shutting down and abandoning module AnimationSharingEd (308)
[2019.11.01-01.11.14:960][525]LogModuleManager: Shutting down and abandoning module ActorLayerUtilitiesEditor (306)
[2019.11.01-01.11.14:960][525]LogModuleManager: Shutting down and abandoning module ActorLayerUtilities (304)
[2019.11.01-01.11.14:960][525]LogModuleManager: Shutting down and abandoning module LightPropagationVolumeEditor (302)
[2019.11.01-01.11.14:960][525]LogModuleManager: Shutting down and abandoning module PaperTiledImporter (300)
[2019.11.01-01.11.14:960][525]LogModuleManager: Shutting down and abandoning module PaperSpriteSheetImporter (298)
[2019.11.01-01.11.14:960][525]LogModuleManager: Shutting down and abandoning module Paper2DEditor (296)
[2019.11.01-01.11.14:961][525]LogModuleManager: Shutting down and abandoning module SignificanceManager (294)
[2019.11.01-01.11.14:961][525]LogModuleManager: Shutting down and abandoning module RuntimePhysXCooking (292)
[2019.11.01-01.11.14:961][525]LogModuleManager: Shutting down and abandoning module PhysXVehiclesEditor (290)
[2019.11.01-01.11.14:961][525]LogModuleManager: Shutting down and abandoning module PhysXVehicles (288)
[2019.11.01-01.11.14:961][525]LogModuleManager: Shutting down and abandoning module LocationServicesBPLibrary (286)
[2019.11.01-01.11.14:961][525]LogModuleManager: Shutting down and abandoning module ActorSequence (284)
[2019.11.01-01.11.14:961][525]LogModuleManager: Shutting down and abandoning module UdpMessaging (282)
[2019.11.01-01.11.15:062][525]LogModuleManager: Shutting down and abandoning module TcpMessaging (280)
[2019.11.01-01.11.15:164][525]LogModuleManager: Shutting down and abandoning module MagicLeapIdentity (278)
[2019.11.01-01.11.15:164][525]LogModuleManager: Shutting down and abandoning module MagicLeapSecureStorage (276)
[2019.11.01-01.11.15:164][525]LogModuleManager: Shutting down and abandoning module MagicLeapHandTracking (274)
[2019.11.01-01.11.15:164][525]LogModuleManager: Shutting down and abandoning module MagicLeapEyeTracker (272)
[2019.11.01-01.11.15:164][525]LogModuleManager: Shutting down and abandoning module MagicLeapController (270)
[2019.11.01-01.11.15:176][525]LogSlate: Slate User Destroyed.  User Index 0, Is Virtual User: 0
[2019.11.01-01.11.15:176][525]LogModuleManager: Shutting down and abandoning module MagicLeapAR (268)
[2019.11.01-01.11.15:177][525]LogModuleManager: Shutting down and abandoning module AugmentedReality (267)
[2019.11.01-01.11.15:177][525]LogModuleManager: Shutting down and abandoning module GameplayTagsEditor (264)
[2019.11.01-01.11.15:177][525]LogModuleManager: Shutting down and abandoning module FacialAnimationEditor (262)
[2019.11.01-01.11.15:177][525]LogModuleManager: Shutting down and abandoning module FacialAnimation (260)
[2019.11.01-01.11.15:177][525]LogModuleManager: Shutting down and abandoning module DataValidation (258)
[2019.11.01-01.11.15:177][525]LogModuleManager: Shutting down and abandoning module AssetManagerEditor (256)
[2019.11.01-01.11.15:177][525]LogModuleManager: Shutting down and abandoning module LevelEditor (255)
[2019.11.01-01.11.15:181][525]LogModuleManager: Shutting down and abandoning module PixelInspectorModule (254)
[2019.11.01-01.11.15:181][525]LogModuleManager: Shutting down and abandoning module CommonMenuExtensions (252)
[2019.11.01-01.11.15:182][525]LogModuleManager: Shutting down and abandoning module MainFrame (250)
[2019.11.01-01.11.15:182][525]LogModuleManager: Shutting down and abandoning module HotReload (249)
[2019.11.01-01.11.15:183][525]LogModuleManager: Shutting down and abandoning module ContentBrowser (245)
[2019.11.01-01.11.15:187][525]LogModuleManager: Shutting down and abandoning module TreeMap (243)
[2019.11.01-01.11.15:187][525]LogModuleManager: Shutting down and abandoning module AnimationSharing (240)
[2019.11.01-01.11.15:187][525]LogModuleManager: Shutting down and abandoning module LightPropagationVolumeRuntime (238)
[2019.11.01-01.11.15:187][525]LogModuleManager: Shutting down and abandoning module AISupportModule (236)
[2019.11.01-01.11.15:188][525]LogModuleManager: Shutting down and abandoning module Paper2D (234)
[2019.11.01-01.11.15:188][525]LogModuleManager: Shutting down and abandoning module WindowsMoviePlayer (232)
[2019.11.01-01.11.15:188][525]LogModuleManager: Shutting down and abandoning module WebMMoviePlayer (230)
[2019.11.01-01.11.15:188][525]LogModuleManager: Shutting down and abandoning module PacketHandler (228)
[2019.11.01-01.11.15:188][525]LogModuleManager: Shutting down and abandoning module ClothingSystemEditor (226)
[2019.11.01-01.11.15:188][525]LogModuleManager: Shutting down and abandoning module ClothingSystemRuntime (224)
[2019.11.01-01.11.15:188][525]LogModuleManager: Shutting down and abandoning module MediaAssets (222)
[2019.11.01-01.11.15:188][525]LogModuleManager: Shutting down and abandoning module Overlay (220)
[2019.11.01-01.11.15:188][525]LogModuleManager: Shutting down and abandoning module OverlayEditor (219)
[2019.11.01-01.11.15:188][525]LogModuleManager: Shutting down and abandoning module VREditor (216)
[2019.11.01-01.11.15:188][525]LogModuleManager: Shutting down and abandoning module StringTableEditor (214)
[2019.11.01-01.11.15:188][525]LogModuleManager: Shutting down and abandoning module GameplayTasksEditor (212)
[2019.11.01-01.11.15:188][525]LogModuleManager: Shutting down and abandoning module BehaviorTreeEditor (210)
[2019.11.01-01.11.15:188][525]LogModuleManager: Shutting down and abandoning module FunctionalTesting (208)
[2019.11.01-01.11.15:188][525]LogModuleManager: Shutting down and abandoning module CollisionAnalyzer (206)
[2019.11.01-01.11.15:188][525]LogModuleManager: Shutting down and abandoning module WorkspaceMenuStructure (205)
[2019.11.01-01.11.15:188][525]LogModuleManager: Shutting down and abandoning module UMG (202)
[2019.11.01-01.11.15:189][525]LogModuleManager: Shutting down and abandoning module UMGEditor (201)
[2019.11.01-01.11.15:189][525]LogModuleManager: Shutting down and abandoning module Sequencer (200)
[2019.11.01-01.11.15:189][525]LogModuleManager: Shutting down and abandoning module MessageLog (197)
[2019.11.01-01.11.15:189][525]LogModuleManager: Shutting down and abandoning module SlateReflector (192)
[2019.11.01-01.11.15:189][525]LogModuleManager: Shutting down and abandoning module Slate (190)
[2019.11.01-01.11.15:189][525]LogModuleManager: Shutting down and abandoning module EditorStyle (188)
[2019.11.01-01.11.15:193][525]LogModuleManager: Shutting down and abandoning module UnrealEd (186)
[2019.11.01-01.11.15:193][525]LogModuleManager: Shutting down and abandoning module MRMesh (184)
[2019.11.01-01.11.15:194][525]LogModuleManager: Shutting down and abandoning module SourceCodeAccess (182)
[2019.11.01-01.11.15:194][525]LogModuleManager: Shutting down and abandoning module HeadMountedDisplay (180)
[2019.11.01-01.11.15:194][525]LogModuleManager: Shutting down and abandoning module XAudio2 (178)
[2019.11.01-01.11.15:194][525]LogModuleManager: Shutting down and abandoning module Networking (176)
[2019.11.01-01.11.15:194][525]LogModuleManager: Shutting down and abandoning module Core (174)
[2019.11.01-01.11.15:194][525]LogModuleManager: Shutting down and abandoning module KismetCompiler (172)
[2019.11.01-01.11.15:194][525]LogModuleManager: Shutting down and abandoning module MeshUtilities (170)
[2019.11.01-01.11.15:194][525]LogModuleManager: Shutting down and abandoning module MeshMergeUtilities (169)
[2019.11.01-01.11.15:194][525]LogModuleManager: Shutting down and abandoning module MeshReductionInterface (168)
[2019.11.01-01.11.15:194][525]LogModuleManager: Shutting down and abandoning module SkeletalMeshReduction (167)
[2019.11.01-01.11.15:194][525]LogModuleManager: Shutting down and abandoning module ProxyLODMeshReduction (165)
[2019.11.01-01.11.15:194][525]LogModuleManager: Shutting down and abandoning module QuadricMeshReduction (163)
[2019.11.01-01.11.15:194][525]LogModuleManager: Shutting down and abandoning module MaterialBaking (159)
[2019.11.01-01.11.15:194][525]LogModuleManager: Shutting down and abandoning module DerivedDataCache (154)
[2019.11.01-01.11.15:273][525]LogDerivedDataCache: Shutdown
[2019.11.01-01.11.15:274][525]LogModuleManager: Shutting down and abandoning module XGEController (152)
[2019.11.01-01.11.15:274][525]LogModuleManager: Shutting down and abandoning module TargetPlatform (150)
[2019.11.01-01.11.15:275][525]LogModuleManager: Shutting down and abandoning module VulkanShaderFormat (149)
[2019.11.01-01.11.15:275][525]LogModuleManager: Shutting down and abandoning module ShaderFormatVectorVM (147)
[2019.11.01-01.11.15:275][525]LogModuleManager: Shutting down and abandoning module ShaderFormatOpenGL (145)
[2019.11.01-01.11.15:275][525]LogModuleManager: Shutting down and abandoning module ShaderFormatD3D (143)
[2019.11.01-01.11.15:275][525]LogModuleManager: Shutting down and abandoning module MetalShaderFormat (141)
[2019.11.01-01.11.15:275][525]LogModuleManager: Shutting down and abandoning module TextureFormatUncompressed (139)
[2019.11.01-01.11.15:275][525]LogModuleManager: Shutting down and abandoning module TextureFormatPVR (137)
[2019.11.01-01.11.15:275][525]LogModuleManager: Shutting down and abandoning module TextureFormatDXT (135)
[2019.11.01-01.11.15:275][525]LogModuleManager: Shutting down and abandoning module TextureFormatIntelISPCTexComp (133)
[2019.11.01-01.11.15:276][525]LogModuleManager: Shutting down and abandoning module TextureFormatASTC (131)
[2019.11.01-01.11.15:276][525]LogModuleManager: Shutting down and abandoning module ImageWrapper (130)
[2019.11.01-01.11.15:276][525]LogModuleManager: Shutting down and abandoning module TextureFormatAndroid (127)
[2019.11.01-01.11.15:276][525]LogModuleManager: Shutting down and abandoning module AudioFormatOpus (125)
[2019.11.01-01.11.15:276][525]LogModuleManager: Shutting down and abandoning module AudioFormatOgg (123)
[2019.11.01-01.11.15:276][525]LogModuleManager: Shutting down and abandoning module AudioFormatADPCM (121)
[2019.11.01-01.11.15:276][525]LogModuleManager: Shutting down and abandoning module LuminTargetPlatform (119)
[2019.11.01-01.11.15:306][525]LogModuleManager: Shutting down and abandoning module LinuxTargetPlatform (117)
[2019.11.01-01.11.15:306][525]LogModuleManager: Shutting down and abandoning module LinuxServerTargetPlatform (115)
[2019.11.01-01.11.15:306][525]LogModuleManager: Shutting down and abandoning module LinuxNoEditorTargetPlatform (113)
[2019.11.01-01.11.15:306][525]LogModuleManager: Shutting down and abandoning module LinuxClientTargetPlatform (111)
[2019.11.01-01.11.15:306][525]LogModuleManager: Shutting down and abandoning module TVOSTargetPlatform (109)
[2019.11.01-01.11.15:389][525]LogModuleManager: Shutting down and abandoning module Messaging (107)
[2019.11.01-01.11.15:389][525]LogModuleManager: Shutting down and abandoning module IOSTargetPlatform (105)
[2019.11.01-01.11.15:437][525]LogModuleManager: Shutting down and abandoning module HTML5TargetPlatform (103)
[2019.11.01-01.11.15:437][525]LogModuleManager: Shutting down and abandoning module AndroidTargetPlatform (101)
[2019.11.01-01.11.15:954][525]LogModuleManager: Shutting down and abandoning module WindowsTargetPlatform (99)
[2019.11.01-01.11.15:954][525]LogModuleManager: Shutting down and abandoning module WindowsServerTargetPlatform (97)
[2019.11.01-01.11.15:954][525]LogModuleManager: Shutting down and abandoning module WindowsNoEditorTargetPlatform (95)
[2019.11.01-01.11.15:954][525]LogModuleManager: Shutting down and abandoning module WindowsClientTargetPlatform (93)
[2019.11.01-01.11.15:954][525]LogModuleManager: Shutting down and abandoning module MacTargetPlatform (91)
[2019.11.01-01.11.15:954][525]LogModuleManager: Shutting down and abandoning module MacServerTargetPlatform (89)
[2019.11.01-01.11.15:954][525]LogModuleManager: Shutting down and abandoning module MacNoEditorTargetPlatform (87)
[2019.11.01-01.11.15:954][525]LogModuleManager: Shutting down and abandoning module MacClientTargetPlatform (85)
[2019.11.01-01.11.15:954][525]LogModuleManager: Shutting down and abandoning module AllDesktopTargetPlatform (83)
[2019.11.01-01.11.15:954][525]LogModuleManager: Shutting down and abandoning module InputCore (80)
[2019.11.01-01.11.15:954][525]LogModuleManager: Shutting down and abandoning module Settings (78)
[2019.11.01-01.11.15:955][525]LogModuleManager: Shutting down and abandoning module DirectoryWatcher (76)
[2019.11.01-01.11.15:957][525]LogModuleManager: Shutting down and abandoning module PhysXCooking (74)
[2019.11.01-01.11.15:957][525]LogModuleManager: Shutting down and abandoning module SteamVR (72)
[2019.11.01-01.11.15:957][525]LogHMD: Freeing OpenVRDLLHandle.
[2019.11.01-01.11.15:957][525]LogModuleManager: Shutting down and abandoning module OculusHMD (70)
[2019.11.01-01.11.15:957][525]LogModuleManager: Shutting down and abandoning module ExampleDeviceProfileSelector (68)
[2019.11.01-01.11.15:957][525]LogModuleManager: Shutting down and abandoning module LauncherChunkInstaller (66)
[2019.11.01-01.11.15:957][525]LogModuleManager: Shutting down and abandoning module OnlineBlueprintSupport (64)
[2019.11.01-01.11.15:958][525]LogModuleManager: Shutting down and abandoning module OnlineSubsystem (60)
[2019.11.01-01.11.15:960][525]LogModuleManager: Shutting down and abandoning module XMPP (55)
[2019.11.01-01.11.15:960][525]LogModuleManager: Shutting down and abandoning module WebSockets (54)
[2019.11.01-01.11.15:991][525]LogModuleManager: Shutting down and abandoning module HTTP (51)
[2019.11.01-01.11.15:991][525]LogHttp: Display: Http module shutting down, but needs to wait on 1 outstanding Http requests:
[2019.11.01-01.11.15:991][525]LogHttp: Display: 	verb=[POST] url=[https://datarouter.ol.epicgames.com/datarouter/api/v1/public/data?SessionID=%7B78581E0F-43EA-EEAE-A420-01A7CAF69313%7D&AppID=UEEditor.Rocket.Release&AppVersion=4.22.3-7053642%2B%2B%2BUE4%2BRelease-4.22&UserID=00819556409e18e3f6717ab01550a1c3%7C4189fef67e57406088c8c78838cc1a4f%7Cb91a0d1d-f291-41b7-8881-48a40c55c360&AppEnvironment=datacollector-binary&UploadType=eteventstream] status=Processing
[2019.11.01-01.11.16:024][525]LogModuleManager: Shutting down and abandoning module SSL (50)
[2019.11.01-01.11.16:028][525]LogModuleManager: Shutting down and abandoning module WmfMedia (46)
[2019.11.01-01.11.16:031][525]LogModuleManager: Shutting down and abandoning module Media (45)
[2019.11.01-01.11.16:039][525]LogModuleManager: Shutting down and abandoning module MagicLeap (42)
[2019.11.01-01.11.16:039][525]LogModuleManager: Shutting down and abandoning module DatasmithContent (40)
[2019.11.01-01.11.16:041][525]LogModuleManager: Shutting down and abandoning module AnimationModifiers (38)
[2019.11.01-01.11.16:041][525]LogModuleManager: Shutting down and abandoning module PropertyEditor (37)
[2019.11.01-01.11.16:041][525]LogModuleManager: Shutting down and abandoning module AudioEditor (34)
[2019.11.01-01.11.16:042][525]LogModuleManager: Shutting down and abandoning module TextureCompressor (32)
[2019.11.01-01.11.16:042][525]LogModuleManager: Shutting down and abandoning module RenderCore (30)
[2019.11.01-01.11.16:042][525]LogModuleManager: Shutting down and abandoning module Landscape (28)
[2019.11.01-01.11.16:042][525]LogModuleManager: Shutting down and abandoning module SlateRHIRenderer (26)
[2019.11.01-01.11.16:044][525]LogModuleManager: Shutting down and abandoning module OpenGLDrv (24)
[2019.11.01-01.11.16:044][525]LogModuleManager: Shutting down and abandoning module D3D11RHI (22)
[2019.11.01-01.11.16:044][525]LogModuleManager: Shutting down and abandoning module AnimGraphRuntime (20)
[2019.11.01-01.11.16:044][525]LogModuleManager: Shutting down and abandoning module Renderer (18)
[2019.11.01-01.11.16:045][525]LogModuleManager: Shutting down and abandoning module Engine (16)
[2019.11.01-01.11.16:045][525]LogModuleManager: Shutting down and abandoning module CoreUObject (14)
[2019.11.01-01.11.16:045][525]LogModuleManager: Shutting down and abandoning module NetworkFile (12)
[2019.11.01-01.11.16:045][525]LogModuleManager: Shutting down and abandoning module CookedIterativeFile (10)
[2019.11.01-01.11.16:045][525]LogModuleManager: Shutting down and abandoning module StreamingFile (8)
[2019.11.01-01.11.16:045][525]LogModuleManager: Shutting down and abandoning module SandboxFile (6)
[2019.11.01-01.11.16:045][525]LogModuleManager: Shutting down and abandoning module PakFile (4)
[2019.11.01-01.11.16:045][525]LogModuleManager: Shutting down and abandoning module RSA (3)
[2019.11.01-01.11.16:065][525]LogExit: Exiting.
[2019.11.01-01.11.16:082][525]Log file closed, 10/31/19 18:11:16
