Log file open, 11/08/19 19:44:38
LogWindows: Failed to load 'aqProf.dll' (GetLastError=126)
LogWindows: File 'aqProf.dll' does not exist
LogWindows: Failed to load 'VtuneApi.dll' (GetLastError=126)
LogWindows: File 'VtuneApi.dll' does not exist
LogWindows: Failed to load 'VtuneApi32e.dll' (GetLastError=126)
LogWindows: File 'VtuneApi32e.dll' does not exist
LogConsoleResponse: Display: Failed to find resolution value strings in scalability ini. Falling back to default.
LogInit: Display: Running engine for game: Mechanics_Sandbox
LogPakFile: Registered encryption key '00000000000000000000000000000000': 0 pak files mounted, 0 remain pending
LogPlatformFile: Not using cached read wrapper
LogTaskGraph: Started task graph with 5 named threads and 23 total threads with 3 sets of task threads.
LogStats: Stats thread started at 0.674424
LogD3D11RHI: Loaded GFSDK_Aftermath_Lib.x64.dll
LogICUInternationalization: ICU TimeZone Detection - Raw Offset: -8:00, Platform Override: ''
LogPluginManager: Mounting plugin Paper2D
LogPluginManager: Mounting plugin AISupport
LogPluginManager: Mounting plugin LightPropagationVolume
LogPluginManager: Mounting plugin ActorLayerUtilities
LogPluginManager: Mounting plugin AnimationSharing
LogPluginManager: Mounting plugin CLionSourceCodeAccess
LogPluginManager: Mounting plugin CodeLiteSourceCodeAccess
LogPluginManager: Mounting plugin GitSourceControl
LogPluginManager: Mounting plugin KDevelopSourceCodeAccess
LogPluginManager: Mounting plugin NullSourceCodeAccess
LogPluginManager: Mounting plugin PerforceSourceControl
LogPluginManager: Mounting plugin SubversionSourceControl
LogPluginManager: Mounting plugin UObjectPlugin
LogPluginManager: Mounting plugin VisualStudioCodeSourceCodeAccess
LogPluginManager: Mounting plugin VisualStudioSourceCodeAccess
LogPluginManager: Mounting plugin XCodeSourceCodeAccess
LogPluginManager: Mounting plugin AssetManagerEditor
LogPluginManager: Mounting plugin CryptoKeys
LogPluginManager: Mounting plugin DataValidation
LogPluginManager: Mounting plugin FacialAnimation
LogPluginManager: Mounting plugin GameplayTagsEditor
LogPluginManager: Mounting plugin MacGraphicsSwitching
LogPluginManager: Mounting plugin MaterialAnalyzer
LogPluginManager: Mounting plugin MobileLauncherProfileWizard
LogPluginManager: Mounting plugin PluginBrowser
LogPluginManager: Mounting plugin SpeedTreeImporter
LogPluginManager: Mounting plugin DatasmithContent
LogPluginManager: Mounting plugin VariantManagerContent
LogPluginManager: Mounting plugin AlembicImporter
LogPluginManager: Mounting plugin AppleImageUtils
LogPluginManager: Mounting plugin AppleVision
LogPluginManager: Mounting plugin BackChannel
LogPluginManager: Mounting plugin CharacterAI
LogPluginManager: Mounting plugin GeometryCache
LogPluginManager: Mounting plugin HTML5Networking
LogPluginManager: Mounting plugin ProxyLODPlugin
LogPluginManager: Mounting plugin SkeletalReduction
LogPluginManager: Mounting plugin MagicLeap
LogPluginManager: Mounting plugin MagicLeapMedia
LogPluginManager: Mounting plugin AndroidMedia
LogPluginManager: Mounting plugin AvfMedia
LogPluginManager: Mounting plugin ImgMedia
LogPluginManager: Mounting plugin LinearTimecode
LogPluginManager: Mounting plugin MediaCompositing
LogPluginManager: Mounting plugin MediaPlayerEditor
LogPluginManager: Mounting plugin WebMMedia
LogPluginManager: Mounting plugin WmfMedia
LogPluginManager: Mounting plugin TcpMessaging
LogPluginManager: Mounting plugin UdpMessaging
LogPluginManager: Mounting plugin ActorSequence
LogPluginManager: Mounting plugin LevelSequenceEditor
LogPluginManager: Mounting plugin MatineeToLevelSequence
LogPluginManager: Mounting plugin NetcodeUnitTest
LogPluginManager: Mounting plugin NUTUnrealEngine4
LogPluginManager: Mounting plugin OnlineSubsystemGooglePlay
LogPluginManager: Mounting plugin OnlineSubsystemIOS
LogPluginManager: Mounting plugin OnlineSubsystem
LogPluginManager: Mounting plugin OnlineSubsystemNull
LogPluginManager: Mounting plugin OnlineSubsystemUtils
LogPluginManager: Mounting plugin LauncherChunkInstaller
LogPluginManager: Mounting plugin AndroidDeviceProfileSelector
LogPluginManager: Mounting plugin AndroidMoviePlayer
LogPluginManager: Mounting plugin AndroidPermission
LogPluginManager: Mounting plugin ApexDestruction
LogPluginManager: Mounting plugin AppleMoviePlayer
LogPluginManager: Mounting plugin ArchVisCharacter
LogPluginManager: Mounting plugin AudioCapture
LogPluginManager: Mounting plugin CableComponent
LogPluginManager: Mounting plugin CustomMeshComponent
LogPluginManager: Mounting plugin EditableMesh
LogPluginManager: Mounting plugin ExampleDeviceProfileSelector
LogPluginManager: Mounting plugin Firebase
LogPluginManager: Mounting plugin GoogleCloudMessaging
LogPluginManager: Mounting plugin IOSDeviceProfileSelector
LogPluginManager: Mounting plugin LinuxDeviceProfileSelector
LogPluginManager: Mounting plugin LocationServicesBPLibrary
LogPluginManager: Mounting plugin MobilePatchingUtils
LogPluginManager: Mounting plugin OculusVR
LogPluginManager: Mounting plugin PhysXVehicles
LogPluginManager: Mounting plugin ProceduralMeshComponent
LogPluginManager: Mounting plugin RuntimePhysXCooking
LogPluginManager: Mounting plugin SignificanceManager
LogPluginManager: Mounting plugin SteamVR
LogPluginManager: Mounting plugin WebMMoviePlayer
LogPluginManager: Mounting plugin WindowsMoviePlayer
LogInit: Using libcurl 7.55.1-DEV
LogInit:  - built for x86_64-pc-win32
LogInit:  - supports SSL with OpenSSL/1.1.1
LogInit:  - supports HTTP deflate (compression) using libz 1.2.8
LogInit:  - other features:
LogInit:      CURL_VERSION_SSL
LogInit:      CURL_VERSION_LIBZ
LogInit:      CURL_VERSION_IPV6
LogInit:      CURL_VERSION_ASYNCHDNS
LogInit:      CURL_VERSION_LARGEFILE
LogInit:      CURL_VERSION_IDN
LogInit:  CurlRequestOptions (configurable via config and command line):
LogInit:  - bVerifyPeer = true  - Libcurl will verify peer certificate
LogInit:  - bUseHttpProxy = false  - Libcurl will NOT use HTTP proxy
LogInit:  - bDontReuseConnections = false  - Libcurl will reuse connections
LogInit:  - MaxHostConnections = 16  - Libcurl will limit the number of connections to a host
LogInit:  - LocalHostAddr = Default
LogInit:  - BufferSize = 65536
LogInit: WinSock: version 1.1 (2.2), MaxSocks=32767, MaxUdp=65467
LogInit: Build: ++UE4+Release-4.22-CL-7053642
LogInit: Engine Version: 4.22.3-7053642+++UE4+Release-4.22
LogInit: Compatible Engine Version: 4.22.0-5660361+++UE4+Release-4.22
LogInit: Net CL: 5660361
LogInit: OS: Windows 10 (Release 1903) (), CPU: Intel(R) Core(TM) i7-7700HQ CPU @ 2.80GHz, GPU: Intel(R) HD Graphics 630
LogInit: Compiled (64-bit): Jun 18 2019 03:09:11
LogInit: Compiled with Visual C++: 19.16.27025.01
LogInit: Build Configuration: Development
LogInit: Branch Name: ++UE4+Release-4.22
LogInit: Command Line: 
LogInit: Base Directory: D:/EpicGames/UE_4.22/Engine/Binaries/Win64/
LogInit: Installed Engine Build: 1
LogDevObjectVersion: Number of dev versions registered: 23
LogDevObjectVersion:   Dev-Blueprints (B0D832E4-1F89-4F0D-ACCF-7EB736FD4AA2): 10
LogDevObjectVersion:   Dev-Build (E1C64328-A22C-4D53-A36C-8E866417BD8C): 0
LogDevObjectVersion:   Dev-Core (375EC13C-06E4-48FB-B500-84F0262A717E): 3
LogDevObjectVersion:   Dev-Editor (E4B068ED-F494-42E9-A231-DA0B2E46BB41): 30
LogDevObjectVersion:   Dev-Framework (CFFC743F-43B0-4480-9391-14DF171D2073): 35
LogDevObjectVersion:   Dev-Mobile (B02B49B5-BB20-44E9-A304-32B752E40360): 2
LogDevObjectVersion:   Dev-Networking (A4E4105C-59A1-49B5-A7C5-40C4547EDFEE): 0
LogDevObjectVersion:   Dev-Online (39C831C9-5AE6-47DC-9A44-9C173E1C8E7C): 0
LogDevObjectVersion:   Dev-Physics (78F01B33-EBEA-4F98-B9B4-84EACCB95AA2): 0
LogDevObjectVersion:   Dev-Platform (6631380F-2D4D-43E0-8009-CF276956A95A): 0
LogDevObjectVersion:   Dev-Rendering (12F88B9F-8875-4AFC-A67C-D90C383ABD29): 28
LogDevObjectVersion:   Dev-Sequencer (7B5AE74C-D270-4C10-A958-57980B212A5A): 11
LogDevObjectVersion:   Dev-VR (D7296918-1DD6-4BDD-9DE2-64A83CC13884): 2
LogDevObjectVersion:   Dev-LoadTimes (C2A15278-BFE7-4AFE-6C17-90FF531DF755): 1
LogDevObjectVersion:   Private-Geometry (6EACA3D4-40EC-4CC1-B786-8BED09428FC5): 3
LogDevObjectVersion:   Dev-AnimPhys (29E575DD-E0A3-4627-9D10-D276232CDCEA): 17
LogDevObjectVersion:   Dev-Anim (AF43A65D-7FD3-4947-9873-3E8ED9C1BB05): 2
LogDevObjectVersion:   Dev-ReflectionCapture (6B266CEC-1EC7-4B8F-A30B-E4D90942FC07): 1
LogDevObjectVersion:   Dev-Automation (0DF73D61-A23F-47EA-B727-89E90C41499A): 1
LogDevObjectVersion:   FortniteMain (601D1886-AC64-4F84-AA16-D3DE0DEAC7D6): 25
LogDevObjectVersion:   Dev-Enterprise (9DFFBCD6-494F-0158-E221-12823C92A888): 6
LogDevObjectVersion:   Dev-Niagara (F2AED0AC-9AFE-416F-8664-AA7FFA26D6FC): 1
LogDevObjectVersion:   Dev-Destruction (174F1F0B-B4C6-45A5-B13F-2EE8D0FB917D): 2
LogInit: Presizing for max 16777216 objects, including 0 objects not considered by GC, pre-allocating 0 bytes for permanent pool.
LogInit: Object subsystem initialized
LogConfig: Setting CVar [[con.DebugEarlyDefault:1]]
LogConfig: Setting CVar [[r.setres:1280x720]]
[2019.11.09-03.44.41:713][  0]LogConfig: Setting CVar [[r.VSync:0]]
[2019.11.09-03.44.41:713][  0]LogConfig: Setting CVar [[r.RHICmdBypass:0]]
[2019.11.09-03.44.41:713][  0]LogConfig: Applying CVar settings from Section [/Script/Engine.RendererSettings] File [C:/Users/danny/Desktop/Systems_Sandbox/Mechanics_Sandbox/Saved/Config/Windows/Engine.ini]
[2019.11.09-03.44.41:713][  0]LogConfig: Setting CVar [[r.GPUCrashDebugging:0]]
[2019.11.09-03.44.41:713][  0]LogConfig: Applying CVar settings from Section [/Script/Engine.RendererOverrideSettings] File [C:/Users/danny/Desktop/Systems_Sandbox/Mechanics_Sandbox/Saved/Config/Windows/Engine.ini]
[2019.11.09-03.44.41:713][  0]LogConfig: Applying CVar settings from Section [/Script/Engine.StreamingSettings] File [C:/Users/danny/Desktop/Systems_Sandbox/Mechanics_Sandbox/Saved/Config/Windows/Engine.ini]
[2019.11.09-03.44.41:713][  0]LogConfig: Setting CVar [[s.MinBulkDataSizeForAsyncLoading:131072]]
[2019.11.09-03.44.41:713][  0]LogConfig: Setting CVar [[s.AsyncLoadingThreadEnabled:0]]
[2019.11.09-03.44.41:713][  0]LogConfig: Setting CVar [[s.EventDrivenLoaderEnabled:1]]
[2019.11.09-03.44.41:713][  0]LogConfig: Setting CVar [[s.WarnIfTimeLimitExceeded:0]]
[2019.11.09-03.44.41:713][  0]LogConfig: Setting CVar [[s.TimeLimitExceededMultiplier:1.5]]
[2019.11.09-03.44.41:713][  0]LogConfig: Setting CVar [[s.TimeLimitExceededMinTime:0.005]]
[2019.11.09-03.44.41:713][  0]LogConfig: Setting CVar [[s.UseBackgroundLevelStreaming:1]]
[2019.11.09-03.44.41:713][  0]LogConfig: Setting CVar [[s.PriorityAsyncLoadingExtraTime:15.0]]
[2019.11.09-03.44.41:713][  0]LogConfig: Setting CVar [[s.LevelStreamingActorsUpdateTimeLimit:5.0]]
[2019.11.09-03.44.41:714][  0]LogConfig: Setting CVar [[s.PriorityLevelStreamingActorsUpdateExtraTime:5.0]]
[2019.11.09-03.44.41:714][  0]LogConfig: Setting CVar [[s.LevelStreamingComponentsRegistrationGranularity:10]]
[2019.11.09-03.44.41:714][  0]LogConfig: Setting CVar [[s.UnregisterComponentsTimeLimit:1.0]]
[2019.11.09-03.44.41:714][  0]LogConfig: Setting CVar [[s.LevelStreamingComponentsUnregistrationGranularity:5]]
[2019.11.09-03.44.41:714][  0]LogConfig: Applying CVar settings from Section [/Script/Engine.GarbageCollectionSettings] File [C:/Users/danny/Desktop/Systems_Sandbox/Mechanics_Sandbox/Saved/Config/Windows/Engine.ini]
[2019.11.09-03.44.41:714][  0]LogConfig: Setting CVar [[gc.MaxObjectsNotConsideredByGC:1]]
[2019.11.09-03.44.41:714][  0]LogConfig: Setting CVar [[gc.SizeOfPermanentObjectPool:0]]
[2019.11.09-03.44.41:714][  0]LogConfig: Setting CVar [[gc.FlushStreamingOnGC:0]]
[2019.11.09-03.44.41:714][  0]LogConfig: Setting CVar [[gc.NumRetriesBeforeForcingGC:10]]
[2019.11.09-03.44.41:714][  0]LogConfig: Setting CVar [[gc.AllowParallelGC:1]]
[2019.11.09-03.44.41:714][  0]LogConfig: Setting CVar [[gc.TimeBetweenPurgingPendingKillObjects:61.1]]
[2019.11.09-03.44.41:714][  0]LogConfig: Setting CVar [[gc.MaxObjectsInEditor:16777216]]
[2019.11.09-03.44.41:714][  0]LogConfig: Setting CVar [[gc.IncrementalBeginDestroyEnabled:1]]
[2019.11.09-03.44.41:714][  0]LogConfig: Setting CVar [[gc.CreateGCClusters:1]]
[2019.11.09-03.44.41:714][  0]LogConfig: Setting CVar [[gc.MinGCClusterSize:5]]
[2019.11.09-03.44.41:715][  0]LogConfig: Setting CVar [[gc.ActorClusteringEnabled:0]]
[2019.11.09-03.44.41:715][  0]LogConfig: Setting CVar [[gc.BlueprintClusteringEnabled:0]]
[2019.11.09-03.44.41:715][  0]LogConfig: Setting CVar [[gc.UseDisregardForGCOnDedicatedServers:0]]
[2019.11.09-03.44.41:715][  0]LogConfig: Applying CVar settings from Section [/Script/Engine.NetworkSettings] File [C:/Users/danny/Desktop/Systems_Sandbox/Mechanics_Sandbox/Saved/Config/Windows/Engine.ini]
[2019.11.09-03.44.41:715][  0]LogConfig: Applying CVar settings from Section [/Script/UnrealEd.CookerSettings] File [C:/Users/danny/Desktop/Systems_Sandbox/Mechanics_Sandbox/Saved/Config/Windows/Engine.ini]
[2019.11.09-03.44.41:730][  0]LogConfig: Applying CVar settings from Section [ViewDistanceQuality@3] File [C:/Users/danny/Desktop/Systems_Sandbox/Mechanics_Sandbox/Saved/Config/Windows/Scalability.ini]
[2019.11.09-03.44.41:730][  0]LogConfig: Setting CVar [[r.SkeletalMeshLODBias:0]]
[2019.11.09-03.44.41:730][  0]LogConfig: Setting CVar [[r.ViewDistanceScale:1.0]]
[2019.11.09-03.44.41:730][  0]LogConfig: Applying CVar settings from Section [AntiAliasingQuality@3] File [C:/Users/danny/Desktop/Systems_Sandbox/Mechanics_Sandbox/Saved/Config/Windows/Scalability.ini]
[2019.11.09-03.44.41:730][  0]LogConfig: Setting CVar [[r.PostProcessAAQuality:4]]
[2019.11.09-03.44.41:730][  0]LogConfig: Applying CVar settings from Section [ShadowQuality@3] File [C:/Users/danny/Desktop/Systems_Sandbox/Mechanics_Sandbox/Saved/Config/Windows/Scalability.ini]
[2019.11.09-03.44.41:730][  0]LogConfig: Setting CVar [[r.LightFunctionQuality:1]]
[2019.11.09-03.44.41:730][  0]LogConfig: Setting CVar [[r.ShadowQuality:5]]
[2019.11.09-03.44.41:730][  0]LogConfig: Setting CVar [[r.Shadow.CSM.MaxCascades:10]]
[2019.11.09-03.44.41:730][  0]LogConfig: Setting CVar [[r.Shadow.MaxResolution:2048]]
[2019.11.09-03.44.41:730][  0]LogConfig: Setting CVar [[r.Shadow.MaxCSMResolution:2048]]
[2019.11.09-03.44.41:730][  0]LogConfig: Setting CVar [[r.Shadow.RadiusThreshold:0.01]]
[2019.11.09-03.44.41:730][  0]LogConfig: Setting CVar [[r.Shadow.DistanceScale:1.0]]
[2019.11.09-03.44.41:730][  0]LogConfig: Setting CVar [[r.Shadow.CSM.TransitionScale:1.0]]
[2019.11.09-03.44.41:731][  0]LogConfig: Setting CVar [[r.Shadow.PreShadowResolutionFactor:1.0]]
[2019.11.09-03.44.41:731][  0]LogConfig: Setting CVar [[r.DistanceFieldShadowing:1]]
[2019.11.09-03.44.41:731][  0]LogConfig: Setting CVar [[r.DistanceFieldAO:1]]
[2019.11.09-03.44.41:731][  0]LogConfig: Setting CVar [[r.AOQuality:2]]
[2019.11.09-03.44.41:731][  0]LogConfig: Setting CVar [[r.VolumetricFog:1]]
[2019.11.09-03.44.41:731][  0]LogConfig: Setting CVar [[r.VolumetricFog.GridPixelSize:8]]
[2019.11.09-03.44.41:731][  0]LogConfig: Setting CVar [[r.VolumetricFog.GridSizeZ:128]]
[2019.11.09-03.44.41:731][  0]LogConfig: Setting CVar [[r.VolumetricFog.HistoryMissSupersampleCount:4]]
[2019.11.09-03.44.41:731][  0]LogConfig: Setting CVar [[r.LightMaxDrawDistanceScale:1]]
[2019.11.09-03.44.41:731][  0]LogConfig: Setting CVar [[r.CapsuleShadows:1]]
[2019.11.09-03.44.41:731][  0]LogConfig: Applying CVar settings from Section [PostProcessQuality@3] File [C:/Users/danny/Desktop/Systems_Sandbox/Mechanics_Sandbox/Saved/Config/Windows/Scalability.ini]
[2019.11.09-03.44.41:731][  0]LogConfig: Setting CVar [[r.MotionBlurQuality:4]]
[2019.11.09-03.44.41:731][  0]LogConfig: Setting CVar [[r.AmbientOcclusionMipLevelFactor:0.4]]
[2019.11.09-03.44.41:731][  0]LogConfig: Setting CVar [[r.AmbientOcclusionMaxQuality:100]]
[2019.11.09-03.44.41:731][  0]LogConfig: Setting CVar [[r.AmbientOcclusionLevels:-1]]
[2019.11.09-03.44.41:731][  0]LogConfig: Setting CVar [[r.AmbientOcclusionRadiusScale:1.0]]
[2019.11.09-03.44.41:731][  0]LogConfig: Setting CVar [[r.DepthOfFieldQuality:2]]
[2019.11.09-03.44.41:731][  0]LogConfig: Setting CVar [[r.RenderTargetPoolMin:400]]
[2019.11.09-03.44.41:731][  0]LogConfig: Setting CVar [[r.LensFlareQuality:2]]
[2019.11.09-03.44.41:732][  0]LogConfig: Setting CVar [[r.SceneColorFringeQuality:1]]
[2019.11.09-03.44.41:732][  0]LogConfig: Setting CVar [[r.EyeAdaptationQuality:2]]
[2019.11.09-03.44.41:732][  0]LogConfig: Setting CVar [[r.BloomQuality:5]]
[2019.11.09-03.44.41:732][  0]LogConfig: Setting CVar [[r.FastBlurThreshold:100]]
[2019.11.09-03.44.41:732][  0]LogConfig: Setting CVar [[r.Upscale.Quality:3]]
[2019.11.09-03.44.41:732][  0]LogConfig: Setting CVar [[r.Tonemapper.GrainQuantization:1]]
[2019.11.09-03.44.41:732][  0]LogConfig: Setting CVar [[r.LightShaftQuality:1]]
[2019.11.09-03.44.41:732][  0]LogConfig: Setting CVar [[r.Filter.SizeScale:1]]
[2019.11.09-03.44.41:732][  0]LogConfig: Setting CVar [[r.Tonemapper.Quality:5]]
[2019.11.09-03.44.41:732][  0]LogConfig: Setting CVar [[r.DOF.Gather.AccumulatorQuality:1        ; higher gathering accumulator quality]]
[2019.11.09-03.44.41:732][  0]LogConfig: Setting CVar [[r.DOF.Gather.PostfilterMethod:1          ; Median3x3 postfilering method]]
[2019.11.09-03.44.41:732][  0]LogConfig: Setting CVar [[r.DOF.Gather.EnableBokehSettings:0       ; no bokeh simulation when gathering]]
[2019.11.09-03.44.41:732][  0]LogConfig: Setting CVar [[r.DOF.Gather.RingCount:4                 ; medium number of samples when gathering]]
[2019.11.09-03.44.41:732][  0]LogConfig: Setting CVar [[r.DOF.Scatter.ForegroundCompositing:1    ; additive foreground scattering]]
[2019.11.09-03.44.41:732][  0]LogConfig: Setting CVar [[r.DOF.Scatter.BackgroundCompositing:2    ; additive background scattering]]
[2019.11.09-03.44.41:732][  0]LogConfig: Setting CVar [[r.DOF.Scatter.EnableBokehSettings:1      ; bokeh simulation when scattering]]
[2019.11.09-03.44.41:732][  0]LogConfig: Setting CVar [[r.DOF.Scatter.MaxSpriteRatio:0.1         ; only a maximum of 10% of scattered bokeh]]
[2019.11.09-03.44.41:732][  0]LogConfig: Setting CVar [[r.DOF.Recombine.Quality:1                ; cheap slight out of focus]]
[2019.11.09-03.44.41:732][  0]LogConfig: Setting CVar [[r.DOF.Recombine.EnableBokehSettings:0    ; no bokeh simulation on slight out of focus]]
[2019.11.09-03.44.41:732][  0]LogConfig: Setting CVar [[r.DOF.TemporalAAQuality:1                ; more stable temporal accumulation]]
[2019.11.09-03.44.41:733][  0]LogConfig: Setting CVar [[r.DOF.Kernel.MaxForegroundRadius:0.025]]
[2019.11.09-03.44.41:733][  0]LogConfig: Setting CVar [[r.DOF.Kernel.MaxBackgroundRadius:0.025]]
[2019.11.09-03.44.41:733][  0]LogConfig: Applying CVar settings from Section [TextureQuality@3] File [C:/Users/danny/Desktop/Systems_Sandbox/Mechanics_Sandbox/Saved/Config/Windows/Scalability.ini]
[2019.11.09-03.44.41:733][  0]LogConfig: Setting CVar [[r.Streaming.MipBias:0]]
[2019.11.09-03.44.41:733][  0]LogConfig: Setting CVar [[r.Streaming.AmortizeCPUToGPUCopy:0]]
[2019.11.09-03.44.41:733][  0]LogConfig: Setting CVar [[r.Streaming.MaxNumTexturesToStreamPerFrame:0]]
[2019.11.09-03.44.41:733][  0]LogConfig: Setting CVar [[r.Streaming.Boost:1]]
[2019.11.09-03.44.41:733][  0]LogConfig: Setting CVar [[r.MaxAnisotropy:8]]
[2019.11.09-03.44.41:733][  0]LogConfig: Setting CVar [[r.Streaming.LimitPoolSizeToVRAM:0]]
[2019.11.09-03.44.41:733][  0]LogConfig: Setting CVar [[r.Streaming.PoolSize:1000]]
[2019.11.09-03.44.41:733][  0]LogConfig: Setting CVar [[r.Streaming.MaxEffectiveScreenSize:0]]
[2019.11.09-03.44.41:733][  0]LogConfig: Applying CVar settings from Section [EffectsQuality@3] File [C:/Users/danny/Desktop/Systems_Sandbox/Mechanics_Sandbox/Saved/Config/Windows/Scalability.ini]
[2019.11.09-03.44.41:733][  0]LogConfig: Setting CVar [[r.TranslucencyLightingVolumeDim:64]]
[2019.11.09-03.44.41:733][  0]LogConfig: Setting CVar [[r.RefractionQuality:2]]
[2019.11.09-03.44.41:733][  0]LogConfig: Setting CVar [[r.SSR.Quality:3]]
[2019.11.09-03.44.41:733][  0]LogConfig: Setting CVar [[r.SceneColorFormat:4]]
[2019.11.09-03.44.41:733][  0]LogConfig: Setting CVar [[r.DetailMode:2]]
[2019.11.09-03.44.41:734][  0]LogConfig: Setting CVar [[r.TranslucencyVolumeBlur:1]]
[2019.11.09-03.44.41:734][  0]LogConfig: Setting CVar [[r.MaterialQualityLevel:1 ; High quality]]
[2019.11.09-03.44.41:734][  0]LogConfig: Setting CVar [[r.SSS.Scale:1]]
[2019.11.09-03.44.41:734][  0]LogConfig: Setting CVar [[r.SSS.SampleSet:2]]
[2019.11.09-03.44.41:734][  0]LogConfig: Setting CVar [[r.SSS.Quality:1]]
[2019.11.09-03.44.41:734][  0]LogConfig: Setting CVar [[r.SSS.HalfRes:1]]
[2019.11.09-03.44.41:734][  0]LogConfig: Setting CVar [[r.EmitterSpawnRateScale:1.0]]
[2019.11.09-03.44.41:734][  0]LogConfig: Setting CVar [[r.ParticleLightQuality:2]]
[2019.11.09-03.44.41:734][  0]LogConfig: Applying CVar settings from Section [FoliageQuality@3] File [C:/Users/danny/Desktop/Systems_Sandbox/Mechanics_Sandbox/Saved/Config/Windows/Scalability.ini]
[2019.11.09-03.44.41:734][  0]LogConfig: Setting CVar [[foliage.DensityScale:1.0]]
[2019.11.09-03.44.41:734][  0]LogConfig: Setting CVar [[grass.DensityScale:1.0]]
[2019.11.09-03.44.41:734][  0]LogInit: Selected Device Profile: [Windows]
[2019.11.09-03.44.41:734][  0]LogInit: Applying CVar settings loaded from the selected device profile: [Windows]
[2019.11.09-03.44.41:831][  0]LogHAL: Display: Platform has ~ 16 GB [17059446784 / 17179869184 / 16], which maps to Larger [LargestMinGB=32, LargerMinGB=12, DefaultMinGB=8, SmallerMinGB=6, SmallestMinGB=0)
[2019.11.09-03.44.41:831][  0]LogConfig: Setting CVar [[r.Vulkan.UseRealUBs:0		; Required until we fix HLR fall-out]]
[2019.11.09-03.44.41:831][  0]LogInit: Going up to parent DeviceProfile []
[2019.11.09-03.44.41:831][  0]LogConfig: Applying CVar settings from Section [ViewDistanceQuality@3] File [C:/Users/danny/Desktop/Systems_Sandbox/Mechanics_Sandbox/Saved/Config/Windows/Scalability.ini]
[2019.11.09-03.44.41:831][  0]LogConfig: Setting CVar [[r.SkeletalMeshLODBias:0]]
[2019.11.09-03.44.41:831][  0]LogConfig: Setting CVar [[r.ViewDistanceScale:1.0]]
[2019.11.09-03.44.41:831][  0]LogConfig: Applying CVar settings from Section [AntiAliasingQuality@3] File [C:/Users/danny/Desktop/Systems_Sandbox/Mechanics_Sandbox/Saved/Config/Windows/Scalability.ini]
[2019.11.09-03.44.41:831][  0]LogConfig: Setting CVar [[r.PostProcessAAQuality:4]]
[2019.11.09-03.44.41:832][  0]LogConfig: Applying CVar settings from Section [ShadowQuality@3] File [C:/Users/danny/Desktop/Systems_Sandbox/Mechanics_Sandbox/Saved/Config/Windows/Scalability.ini]
[2019.11.09-03.44.41:832][  0]LogConfig: Setting CVar [[r.LightFunctionQuality:1]]
[2019.11.09-03.44.41:832][  0]LogConfig: Setting CVar [[r.ShadowQuality:5]]
[2019.11.09-03.44.41:832][  0]LogConfig: Setting CVar [[r.Shadow.CSM.MaxCascades:10]]
[2019.11.09-03.44.41:832][  0]LogConfig: Setting CVar [[r.Shadow.MaxResolution:2048]]
[2019.11.09-03.44.41:832][  0]LogConfig: Setting CVar [[r.Shadow.MaxCSMResolution:2048]]
[2019.11.09-03.44.41:832][  0]LogConfig: Setting CVar [[r.Shadow.RadiusThreshold:0.01]]
[2019.11.09-03.44.41:832][  0]LogConfig: Setting CVar [[r.Shadow.DistanceScale:1.0]]
[2019.11.09-03.44.41:832][  0]LogConfig: Setting CVar [[r.Shadow.CSM.TransitionScale:1.0]]
[2019.11.09-03.44.41:832][  0]LogConfig: Setting CVar [[r.Shadow.PreShadowResolutionFactor:1.0]]
[2019.11.09-03.44.41:832][  0]LogConfig: Setting CVar [[r.DistanceFieldShadowing:1]]
[2019.11.09-03.44.41:832][  0]LogConfig: Setting CVar [[r.DistanceFieldAO:1]]
[2019.11.09-03.44.41:832][  0]LogConfig: Setting CVar [[r.AOQuality:2]]
[2019.11.09-03.44.41:832][  0]LogConfig: Setting CVar [[r.VolumetricFog:1]]
[2019.11.09-03.44.41:832][  0]LogConfig: Setting CVar [[r.VolumetricFog.GridPixelSize:8]]
[2019.11.09-03.44.41:832][  0]LogConfig: Setting CVar [[r.VolumetricFog.GridSizeZ:128]]
[2019.11.09-03.44.41:832][  0]LogConfig: Setting CVar [[r.VolumetricFog.HistoryMissSupersampleCount:4]]
[2019.11.09-03.44.41:832][  0]LogConfig: Setting CVar [[r.LightMaxDrawDistanceScale:1]]
[2019.11.09-03.44.41:833][  0]LogConfig: Setting CVar [[r.CapsuleShadows:1]]
[2019.11.09-03.44.41:833][  0]LogConfig: Applying CVar settings from Section [PostProcessQuality@3] File [C:/Users/danny/Desktop/Systems_Sandbox/Mechanics_Sandbox/Saved/Config/Windows/Scalability.ini]
[2019.11.09-03.44.41:833][  0]LogConfig: Setting CVar [[r.MotionBlurQuality:4]]
[2019.11.09-03.44.41:833][  0]LogConfig: Setting CVar [[r.AmbientOcclusionMipLevelFactor:0.4]]
[2019.11.09-03.44.41:833][  0]LogConfig: Setting CVar [[r.AmbientOcclusionMaxQuality:100]]
[2019.11.09-03.44.41:833][  0]LogConfig: Setting CVar [[r.AmbientOcclusionLevels:-1]]
[2019.11.09-03.44.41:833][  0]LogConfig: Setting CVar [[r.AmbientOcclusionRadiusScale:1.0]]
[2019.11.09-03.44.41:833][  0]LogConfig: Setting CVar [[r.DepthOfFieldQuality:2]]
[2019.11.09-03.44.41:833][  0]LogConfig: Setting CVar [[r.RenderTargetPoolMin:400]]
[2019.11.09-03.44.41:833][  0]LogConfig: Setting CVar [[r.LensFlareQuality:2]]
[2019.11.09-03.44.41:833][  0]LogConfig: Setting CVar [[r.SceneColorFringeQuality:1]]
[2019.11.09-03.44.41:833][  0]LogConfig: Setting CVar [[r.EyeAdaptationQuality:2]]
[2019.11.09-03.44.41:833][  0]LogConfig: Setting CVar [[r.BloomQuality:5]]
[2019.11.09-03.44.41:833][  0]LogConfig: Setting CVar [[r.FastBlurThreshold:100]]
[2019.11.09-03.44.41:833][  0]LogConfig: Setting CVar [[r.Upscale.Quality:3]]
[2019.11.09-03.44.41:833][  0]LogConfig: Setting CVar [[r.Tonemapper.GrainQuantization:1]]
[2019.11.09-03.44.41:833][  0]LogConfig: Setting CVar [[r.LightShaftQuality:1]]
[2019.11.09-03.44.41:834][  0]LogConfig: Setting CVar [[r.Filter.SizeScale:1]]
[2019.11.09-03.44.41:834][  0]LogConfig: Setting CVar [[r.Tonemapper.Quality:5]]
[2019.11.09-03.44.41:834][  0]LogConfig: Setting CVar [[r.DOF.Gather.AccumulatorQuality:1        ; higher gathering accumulator quality]]
[2019.11.09-03.44.41:834][  0]LogConfig: Setting CVar [[r.DOF.Gather.PostfilterMethod:1          ; Median3x3 postfilering method]]
[2019.11.09-03.44.41:834][  0]LogConfig: Setting CVar [[r.DOF.Gather.EnableBokehSettings:0       ; no bokeh simulation when gathering]]
[2019.11.09-03.44.41:834][  0]LogConfig: Setting CVar [[r.DOF.Gather.RingCount:4                 ; medium number of samples when gathering]]
[2019.11.09-03.44.41:834][  0]LogConfig: Setting CVar [[r.DOF.Scatter.ForegroundCompositing:1    ; additive foreground scattering]]
[2019.11.09-03.44.41:834][  0]LogConfig: Setting CVar [[r.DOF.Scatter.BackgroundCompositing:2    ; additive background scattering]]
[2019.11.09-03.44.41:834][  0]LogConfig: Setting CVar [[r.DOF.Scatter.EnableBokehSettings:1      ; bokeh simulation when scattering]]
[2019.11.09-03.44.41:834][  0]LogConfig: Setting CVar [[r.DOF.Scatter.MaxSpriteRatio:0.1         ; only a maximum of 10% of scattered bokeh]]
[2019.11.09-03.44.41:834][  0]LogConfig: Setting CVar [[r.DOF.Recombine.Quality:1                ; cheap slight out of focus]]
[2019.11.09-03.44.41:834][  0]LogConfig: Setting CVar [[r.DOF.Recombine.EnableBokehSettings:0    ; no bokeh simulation on slight out of focus]]
[2019.11.09-03.44.41:834][  0]LogConfig: Setting CVar [[r.DOF.TemporalAAQuality:1                ; more stable temporal accumulation]]
[2019.11.09-03.44.41:834][  0]LogConfig: Setting CVar [[r.DOF.Kernel.MaxForegroundRadius:0.025]]
[2019.11.09-03.44.41:834][  0]LogConfig: Setting CVar [[r.DOF.Kernel.MaxBackgroundRadius:0.025]]
[2019.11.09-03.44.41:834][  0]LogConfig: Applying CVar settings from Section [TextureQuality@3] File [C:/Users/danny/Desktop/Systems_Sandbox/Mechanics_Sandbox/Saved/Config/Windows/Scalability.ini]
[2019.11.09-03.44.41:835][  0]LogConfig: Setting CVar [[r.Streaming.MipBias:0]]
[2019.11.09-03.44.41:835][  0]LogConfig: Setting CVar [[r.Streaming.AmortizeCPUToGPUCopy:0]]
[2019.11.09-03.44.41:835][  0]LogConfig: Setting CVar [[r.Streaming.MaxNumTexturesToStreamPerFrame:0]]
[2019.11.09-03.44.41:835][  0]LogConfig: Setting CVar [[r.Streaming.Boost:1]]
[2019.11.09-03.44.41:835][  0]LogConfig: Setting CVar [[r.MaxAnisotropy:8]]
[2019.11.09-03.44.41:835][  0]LogConfig: Setting CVar [[r.Streaming.LimitPoolSizeToVRAM:0]]
[2019.11.09-03.44.41:835][  0]LogConfig: Setting CVar [[r.Streaming.PoolSize:1000]]
[2019.11.09-03.44.41:835][  0]LogConfig: Setting CVar [[r.Streaming.MaxEffectiveScreenSize:0]]
[2019.11.09-03.44.41:835][  0]LogConfig: Applying CVar settings from Section [EffectsQuality@3] File [C:/Users/danny/Desktop/Systems_Sandbox/Mechanics_Sandbox/Saved/Config/Windows/Scalability.ini]
[2019.11.09-03.44.41:835][  0]LogConfig: Setting CVar [[r.TranslucencyLightingVolumeDim:64]]
[2019.11.09-03.44.41:835][  0]LogConfig: Setting CVar [[r.RefractionQuality:2]]
[2019.11.09-03.44.41:835][  0]LogConfig: Setting CVar [[r.SSR.Quality:3]]
[2019.11.09-03.44.41:835][  0]LogConfig: Setting CVar [[r.SceneColorFormat:4]]
[2019.11.09-03.44.41:835][  0]LogConfig: Setting CVar [[r.DetailMode:2]]
[2019.11.09-03.44.41:835][  0]LogConfig: Setting CVar [[r.TranslucencyVolumeBlur:1]]
[2019.11.09-03.44.41:835][  0]LogConfig: Setting CVar [[r.MaterialQualityLevel:1 ; High quality]]
[2019.11.09-03.44.41:836][  0]LogConfig: Setting CVar [[r.SSS.Scale:1]]
[2019.11.09-03.44.41:836][  0]LogConfig: Setting CVar [[r.SSS.SampleSet:2]]
[2019.11.09-03.44.41:836][  0]LogConfig: Setting CVar [[r.SSS.Quality:1]]
[2019.11.09-03.44.41:836][  0]LogConfig: Setting CVar [[r.SSS.HalfRes:1]]
[2019.11.09-03.44.41:836][  0]LogConfig: Setting CVar [[r.EmitterSpawnRateScale:1.0]]
[2019.11.09-03.44.41:836][  0]LogConfig: Setting CVar [[r.ParticleLightQuality:2]]
[2019.11.09-03.44.41:836][  0]LogConfig: Applying CVar settings from Section [FoliageQuality@3] File [C:/Users/danny/Desktop/Systems_Sandbox/Mechanics_Sandbox/Saved/Config/Windows/Scalability.ini]
[2019.11.09-03.44.41:836][  0]LogConfig: Setting CVar [[foliage.DensityScale:1.0]]
[2019.11.09-03.44.41:836][  0]LogConfig: Setting CVar [[grass.DensityScale:1.0]]
[2019.11.09-03.44.41:836][  0]LogConfig: Applying CVar settings from Section [Startup] File [../../../Engine/Config/ConsoleVariables.ini]
[2019.11.09-03.44.41:857][  0]LogConfig: Setting CVar [[net.UseAdaptiveNetUpdateFrequency:0]]
[2019.11.09-03.44.41:857][  0]LogConfig: Setting CVar [[p.chaos.AllowCreatePhysxBodies:1]]
[2019.11.09-03.44.41:857][  0]LogConfig: Applying CVar settings from Section [ConsoleVariables] File [C:/Users/danny/Desktop/Systems_Sandbox/Mechanics_Sandbox/Saved/Config/Windows/Engine.ini]
[2019.11.09-03.44.41:857][  0]LogInit: Computer: MIMSI
[2019.11.09-03.44.41:857][  0]LogInit: User: danny
[2019.11.09-03.44.41:857][  0]LogInit: CPU Page size=4096, Cores=4
[2019.11.09-03.44.41:857][  0]LogInit: High frequency timer resolution =10.000000 MHz
[2019.11.09-03.44.41:858][  0]LogMemory: Memory total: Physical=15.9GB (16GB approx)
[2019.11.09-03.44.41:858][  0]LogMemory: Platform Memory Stats for Windows
[2019.11.09-03.44.41:858][  0]LogMemory: Process Physical Memory: 98.22 MB used, 98.23 MB peak
[2019.11.09-03.44.41:858][  0]LogMemory: Process Virtual Memory: 97.75 MB used, 97.75 MB peak
[2019.11.09-03.44.41:858][  0]LogMemory: Physical Memory: 7379.25 MB used,  8889.90 MB free, 16269.16 MB total
[2019.11.09-03.44.41:858][  0]LogMemory: Virtual Memory: 4650.84 MB used,  134213080.00 MB free, 134217728.00 MB total
[2019.11.09-03.44.42:406][  0]LogInit: Using OS detected language (en-US).
[2019.11.09-03.44.42:406][  0]LogInit: Using OS detected locale (en-US).
[2019.11.09-03.44.42:410][  0]LogTextLocalizationManager: No specific localization for 'en-US' exists, so the 'en' localization will be used.
[2019.11.09-03.44.43:682][  0]LogSlate: New Slate User Created.  User Index 0, Is Virtual User: 0
[2019.11.09-03.44.43:682][  0]LogSlate: Slate User Registered.  User Index 0, Is Virtual User: 0
[2019.11.09-03.44.49:871][  0]LogHMD: Failed to initialize OpenVR with code 100
[2019.11.09-03.44.49:871][  0]LogD3D11RHI: D3D11 adapters:
[2019.11.09-03.44.50:100][  0]LogD3D11RHI:    0. 'NVIDIA GeForce GTX 1070' (Feature Level 11_0)
[2019.11.09-03.44.50:100][  0]LogD3D11RHI:       8082/0/8134 MB DedicatedVideo/DedicatedSystem/SharedSystem, Outputs:2, VendorId:0x10de
[2019.11.09-03.44.50:132][  0]LogD3D11RHI:    1. 'Intel(R) HD Graphics 630' (Feature Level 11_0)
[2019.11.09-03.44.50:132][  0]LogD3D11RHI:       128/0/8134 MB DedicatedVideo/DedicatedSystem/SharedSystem, Outputs:0, VendorId:0x8086
[2019.11.09-03.44.50:140][  0]LogD3D11RHI:    2. 'Microsoft Basic Render Driver' (Feature Level 11_0)
[2019.11.09-03.44.50:140][  0]LogD3D11RHI:       0/0/8134 MB DedicatedVideo/DedicatedSystem/SharedSystem, Outputs:0, VendorId:0x1414
[2019.11.09-03.44.50:140][  0]LogD3D11RHI: Chosen D3D11 Adapter: 0
[2019.11.09-03.44.50:228][  0]LogD3D11RHI: Creating new Direct3DDevice
[2019.11.09-03.44.50:228][  0]LogD3D11RHI:     GPU DeviceId: 0x1ba1 (for the marketing name, search the web for "GPU Device Id")
[2019.11.09-03.44.50:228][  0]LogWindows: EnumDisplayDevices:
[2019.11.09-03.44.50:229][  0]LogWindows:    0. 'Intel(R) HD Graphics 630' (P:1 D:1)
[2019.11.09-03.44.50:230][  0]LogWindows:    1. 'Intel(R) HD Graphics 630' (P:0 D:0)
[2019.11.09-03.44.50:230][  0]LogWindows:    2. 'Intel(R) HD Graphics 630' (P:0 D:0)
[2019.11.09-03.44.50:231][  0]LogWindows:    3. 'NVIDIA GeForce GTX 1070' (P:0 D:1)
[2019.11.09-03.44.50:232][  0]LogWindows:    4. 'NVIDIA GeForce GTX 1070' (P:0 D:0)
[2019.11.09-03.44.50:232][  0]LogWindows:    5. 'NVIDIA GeForce GTX 1070' (P:0 D:0)
[2019.11.09-03.44.50:233][  0]LogWindows:    6. 'NVIDIA GeForce GTX 1070' (P:0 D:0)
[2019.11.09-03.44.50:234][  0]LogWindows: DebugString: PrimaryIsNotTheChoosenAdapter PrimaryIsNotTheChoosenAdapter PrimaryIsNotTheChoosenAdapter FoundDriverCount:4 
[2019.11.09-03.44.50:234][  0]LogD3D11RHI:     Adapter Name: NVIDIA GeForce GTX 1070
[2019.11.09-03.44.50:234][  0]LogD3D11RHI:   Driver Version: 440.97 (internal:26.21.14.4097, unified:440.97)
[2019.11.09-03.44.50:234][  0]LogD3D11RHI:      Driver Date: 10-16-2019
[2019.11.09-03.44.50:234][  0]LogRHI: Texture pool is 5657 MB (70% of 8082 MB)
[2019.11.09-03.44.50:369][  0]LogD3D11RHI: Async texture creation enabled
[2019.11.09-03.44.50:386][  0]LogRendererCore: FGlobalReadBuffer::InitRHI
[2019.11.09-03.44.50:387][  0]LogRendererCore: FGlobalReadBuffer::InitRHI
[2019.11.09-03.44.50:387][  0]LogRendererCore: FGlobalReadBuffer::InitRHI
[2019.11.09-03.44.50:398][  0]LogD3D11RHI: GPU Timing Frequency: 1000.000000 (Debug: 2 1)
[2019.11.09-03.44.52:200][  0]LogTemp: Display: Module 'AllDesktopTargetPlatform' loaded TargetPlatform 'AllDesktop'
[2019.11.09-03.44.52:300][  0]LogTemp: Display: Module 'MacClientTargetPlatform' loaded TargetPlatform 'MacClient'
[2019.11.09-03.44.52:415][  0]LogTemp: Display: Module 'MacNoEditorTargetPlatform' loaded TargetPlatform 'MacNoEditor'
[2019.11.09-03.44.52:504][  0]LogTemp: Display: Module 'MacServerTargetPlatform' loaded TargetPlatform 'MacServer'
[2019.11.09-03.44.52:596][  0]LogTemp: Display: Module 'MacTargetPlatform' loaded TargetPlatform 'Mac'
[2019.11.09-03.44.52:671][  0]LogTemp: Display: Module 'WindowsClientTargetPlatform' loaded TargetPlatform 'WindowsClient'
[2019.11.09-03.44.52:763][  0]LogTemp: Display: Module 'WindowsNoEditorTargetPlatform' loaded TargetPlatform 'WindowsNoEditor'
[2019.11.09-03.44.52:858][  0]LogTemp: Display: Module 'WindowsServerTargetPlatform' loaded TargetPlatform 'WindowsServer'
[2019.11.09-03.44.52:934][  0]LogTemp: Display: Module 'WindowsTargetPlatform' loaded TargetPlatform 'Windows'
[2019.11.09-03.44.53:252][  0]LogTemp: Display: Module 'AndroidTargetPlatform' loaded TargetPlatform 'Android'
[2019.11.09-03.44.53:252][  0]LogTemp: Display: Module 'AndroidTargetPlatform' loaded TargetPlatform 'Android_ASTC'
[2019.11.09-03.44.53:252][  0]LogTemp: Display: Module 'AndroidTargetPlatform' loaded TargetPlatform 'Android_ATC'
[2019.11.09-03.44.53:252][  0]LogTemp: Display: Module 'AndroidTargetPlatform' loaded TargetPlatform 'Android_DXT'
[2019.11.09-03.44.53:252][  0]LogTemp: Display: Module 'AndroidTargetPlatform' loaded TargetPlatform 'Android_ETC1'
[2019.11.09-03.44.53:252][  0]LogTemp: Display: Module 'AndroidTargetPlatform' loaded TargetPlatform 'Android_ETC1a'
[2019.11.09-03.44.53:252][  0]LogTemp: Display: Module 'AndroidTargetPlatform' loaded TargetPlatform 'Android_ETC2'
[2019.11.09-03.44.53:252][  0]LogTemp: Display: Module 'AndroidTargetPlatform' loaded TargetPlatform 'Android_PVRTC'
[2019.11.09-03.44.53:252][  0]LogTemp: Display: Module 'AndroidTargetPlatform' loaded TargetPlatform 'AndroidClient'
[2019.11.09-03.44.53:252][  0]LogTemp: Display: Module 'AndroidTargetPlatform' loaded TargetPlatform 'Android_ASTCClient'
[2019.11.09-03.44.53:252][  0]LogTemp: Display: Module 'AndroidTargetPlatform' loaded TargetPlatform 'Android_ATCClient'
[2019.11.09-03.44.53:252][  0]LogTemp: Display: Module 'AndroidTargetPlatform' loaded TargetPlatform 'Android_DXTClient'
[2019.11.09-03.44.53:252][  0]LogTemp: Display: Module 'AndroidTargetPlatform' loaded TargetPlatform 'Android_ETC1Client'
[2019.11.09-03.44.53:252][  0]LogTemp: Display: Module 'AndroidTargetPlatform' loaded TargetPlatform 'Android_ETC1aClient'
[2019.11.09-03.44.53:253][  0]LogTemp: Display: Module 'AndroidTargetPlatform' loaded TargetPlatform 'Android_ETC2Client'
[2019.11.09-03.44.53:253][  0]LogTemp: Display: Module 'AndroidTargetPlatform' loaded TargetPlatform 'Android_PVRTCClient'
[2019.11.09-03.44.53:253][  0]LogTemp: Display: Module 'AndroidTargetPlatform' loaded TargetPlatform 'Android_Multi'
[2019.11.09-03.44.53:253][  0]LogTemp: Display: Module 'AndroidTargetPlatform' loaded TargetPlatform 'Android_MultiClient'
[2019.11.09-03.44.53:294][  0]LogTemp: Display: Module 'HTML5TargetPlatform' loaded TargetPlatform 'HTML5'
[2019.11.09-03.44.53:564][  0]LogTemp: Display: Module 'IOSTargetPlatform' loaded TargetPlatform 'IOSClient'
[2019.11.09-03.44.53:564][  0]LogTemp: Display: Module 'IOSTargetPlatform' loaded TargetPlatform 'IOS'
[2019.11.09-03.44.53:677][  0]LogTemp: Display: Module 'TVOSTargetPlatform' loaded TargetPlatform 'TVOSClient'
[2019.11.09-03.44.53:678][  0]LogTemp: Display: Module 'TVOSTargetPlatform' loaded TargetPlatform 'TVOS'
[2019.11.09-03.44.53:759][  0]LogTemp: Display: Module 'LinuxClientTargetPlatform' loaded TargetPlatform 'LinuxClient'
[2019.11.09-03.44.53:849][  0]LogTemp: Display: Module 'LinuxNoEditorTargetPlatform' loaded TargetPlatform 'LinuxNoEditor'
[2019.11.09-03.44.53:928][  0]LogTemp: Display: Module 'LinuxServerTargetPlatform' loaded TargetPlatform 'LinuxServer'
[2019.11.09-03.44.54:039][  0]LogTemp: Display: Module 'LinuxTargetPlatform' loaded TargetPlatform 'Linux'
[2019.11.09-03.44.54:254][  0]LogTemp: Display: Module 'LuminTargetPlatform' loaded TargetPlatform 'Lumin'
[2019.11.09-03.44.54:254][  0]LogTemp: Display: Module 'LuminTargetPlatform' loaded TargetPlatform 'LuminClient'
[2019.11.09-03.44.54:254][  0]LogTargetPlatformManager: Display: Building Assets For Windows
[2019.11.09-03.44.54:444][  0]LogAudioDebug: Display: Lib vorbis DLL was dynamically loaded.
[2019.11.09-03.44.55:208][  0]LogShaderCompilers: Guid format shader working directory is -11 characters bigger than the processId version (C:/Users/danny/Desktop/Systems_Sandbox/Mechanics_Sandbox/Intermediate/Shaders/WorkingDirectory/13928/).
[2019.11.09-03.44.55:209][  0]LogShaderCompilers: Cleaned the shader compiler working directory 'C:/Users/danny/AppData/Local/Temp/UnrealShaderWorkingDir/FD8D9E1547DD85F96E961D891863054B/'.
[2019.11.09-03.44.55:214][  0]LogXGEController: Cannot use XGE Controller as Incredibuild is not installed on this machine.
[2019.11.09-03.44.55:215][  0]LogShaderCompilers: Cannot use XGE Shader Compiler as Incredibuild is not installed on this machine.
[2019.11.09-03.44.55:215][  0]LogShaderCompilers: Display: Using Local Shader Compiler.
[2019.11.09-03.45.01:862][  0]LogDerivedDataCache: Display: Max Cache Size: 512 MB
[2019.11.09-03.45.01:989][  0]LogDerivedDataCache: Loaded boot cache 0.13s 71MB C:/Users/danny/AppData/Local/UnrealEngine/4.22/DerivedDataCache/Boot.ddc.
[2019.11.09-03.45.01:989][  0]LogDerivedDataCache: Display: Loaded Boot cache: C:/Users/danny/AppData/Local/UnrealEngine/4.22/DerivedDataCache/Boot.ddc
[2019.11.09-03.45.01:989][  0]LogDerivedDataCache: FDerivedDataBackendGraph:  Pak pak cache file C:/Users/danny/Desktop/Systems_Sandbox/Mechanics_Sandbox/DerivedDataCache/DDC.ddp not found, will not use a pak cache.
[2019.11.09-03.45.01:989][  0]LogDerivedDataCache: Unable to find inner node Pak for hierarchical cache Hierarchy.
[2019.11.09-03.45.01:990][  0]LogDerivedDataCache: FDerivedDataBackendGraph:  CompressedPak pak cache file C:/Users/danny/Desktop/Systems_Sandbox/Mechanics_Sandbox/DerivedDataCache/Compressed.ddp not found, will not use a pak cache.
[2019.11.09-03.45.01:990][  0]LogDerivedDataCache: Unable to find inner node CompressedPak for hierarchical cache Hierarchy.
[2019.11.09-03.45.02:041][  0]LogDerivedDataCache: Display: Pak cache opened for reading ../../../Engine/DerivedDataCache/Compressed.ddp.
[2019.11.09-03.45.02:041][  0]LogDerivedDataCache: FDerivedDataBackendGraph:  EnterprisePak pak cache file ../../../Enterprise/DerivedDataCache/Compressed.ddp not found, will not use a pak cache.
[2019.11.09-03.45.02:041][  0]LogDerivedDataCache: Unable to find inner node EnterprisePak for hierarchical cache Hierarchy.
[2019.11.09-03.45.02:055][  0]LogDerivedDataCache: Using Local data cache path C:/Users/danny/AppData/Local/UnrealEngine/Common/DerivedDataCache: Writable
[2019.11.09-03.45.02:055][  0]LogDerivedDataCache: Shared data cache path not found in *engine.ini, will not use an Shared cache.
[2019.11.09-03.45.02:055][  0]LogDerivedDataCache: Unable to find inner node Shared for hierarchical cache Hierarchy.
[2019.11.09-03.45.02:133][  0]LogMaterial: Verifying Global Shaders for PCD3D_SM5
[2019.11.09-03.45.02:137][  0]LogSlate: Using FreeType 2.6.0
[2019.11.09-03.45.02:186][  0]LogSlate: SlateFontServices - WITH_FREETYPE: 1, WITH_HARFBUZZ: 1
[2019.11.09-03.45.02:452][  0]LogAssetRegistry: FAssetRegistry took 0.0624 seconds to start up
[2019.11.09-03.45.03:662][  0]LogInit: Selected Device Profile: [Windows]
[2019.11.09-03.45.04:132][  0]LogMeshReduction: Using QuadricMeshReduction for automatic static mesh reduction
[2019.11.09-03.45.04:133][  0]LogMeshReduction: Using SimplygonMeshReduction for automatic skeletal mesh reduction
[2019.11.09-03.45.04:133][  0]LogMeshReduction: Using ProxyLODMeshReduction for automatic mesh merging
[2019.11.09-03.45.04:133][  0]LogMeshReduction: No distributed automatic mesh merging module available
[2019.11.09-03.45.04:133][  0]LogMeshMerging: No distributed automatic mesh merging module available
[2019.11.09-03.45.04:204][  0]LogNetVersion: Mechanics_Sandbox 1.0.0, NetCL: 5660361, EngineNetVer: 10, GameNetVer: 0 (Checksum: 3413983669)
[2019.11.09-03.45.05:580][  0]LogPackageLocalizationCache: Processed 10 localized package path(s) for 1 prioritized culture(s) in 0.167747 seconds
[2019.11.09-03.45.05:604][  0]LogUObjectArray: 42205 objects as part of root set at end of initial load.
[2019.11.09-03.45.05:604][  0]LogUObjectAllocator: 7325032 out of 0 bytes used by permanent object pool.
[2019.11.09-03.45.05:604][  0]LogUObjectArray: CloseDisregardForGC: 0/0 objects in disregard for GC pool
[2019.11.09-03.45.09:266][  0]LogTcpMessaging: Initializing TcpMessaging bridge
[2019.11.09-03.45.09:288][  0]LogUdpMessaging: Initializing bridge on interface 0.0.0.0:0 to multicast group 230.0.0.1:6666.
[2019.11.09-03.45.10:033][  0]SourceControl: Source control is disabled
[2019.11.09-03.45.10:033][  0]SourceControl: Source control is disabled
[2019.11.09-03.45.10:038][  0]SourceControl: Source control is disabled
[2019.11.09-03.45.10:042][  0]SourceControl: Source control is disabled
[2019.11.09-03.45.10:350][  0]LogAndroidPermission: UAndroidPermissionCallbackProxy::GetInstance
[2019.11.09-03.45.10:813][  0]LogOcInput: OculusInput pre-init called
[2019.11.09-03.45.13:899][  0]LogEngine: Initializing Engine...
[2019.11.09-03.45.13:903][  0]LogHMD: Failed to initialize OpenVR with code 100
[2019.11.09-03.45.13:907][  0]LogStats: UGameplayTagsManager::InitializeManager -  0.000 s
[2019.11.09-03.45.14:894][  0]LogInit: Initializing FReadOnlyCVARCache
[2019.11.09-03.45.15:002][  0]LogAIModule: Creating AISystem for world Untitled
[2019.11.09-03.45.15:100][  0]LogInit: XAudio2 using 'Headset Earphone (SteelSeries Arctis 5 Chat)' : 2 channels at 48 kHz using 16 bits per sample (channel mask 0x3)
[2019.11.09-03.45.15:205][  0]LogInit: FAudioDevice initialized.
[2019.11.09-03.45.15:205][  0]LogNetVersion: Set ProjectVersion to 1.0.0.0. Version Checksum will be recalculated on next use.
[2019.11.09-03.45.15:343][  0]LogDerivedDataCache: Saved boot cache 0.14s 71MB C:/Users/danny/AppData/Local/UnrealEngine/4.22/DerivedDataCache/Boot.ddc.
[2019.11.09-03.45.15:373][  0]LogInit: Texture streaming: Enabled
[2019.11.09-03.45.15:418][  0]LogEngineSessionManager: EngineSessionManager initialized
[2019.11.09-03.45.15:532][  0]LogInit: Transaction tracking system initialized
[2019.11.09-03.45.15:597][  0]BlueprintLog: New page: Editor Load
[2019.11.09-03.45.15:817][  0]LocalizationService: Localization service is disabled
[2019.11.09-03.45.16:919][  0]LogFileCache: Scanning file cache for directory 'C:/Users/danny/Desktop/Systems_Sandbox/Mechanics_Sandbox/Content/' took 0.04s
[2019.11.09-03.45.16:919][  0]LogCook: Display: Max memory allowance for cook 16384mb min free memory 0mb
[2019.11.09-03.45.16:920][  0]LogCook: Display: Mobile HDR setting 1
[2019.11.09-03.45.17:551][  0]SourceControl: Source control is disabled
[2019.11.09-03.45.17:551][  0]Cmd: MAP LOAD FILE="C:/Users/danny/Desktop/Systems_Sandbox/Mechanics_Sandbox/Content/FirstPersonBP/Maps/FirstPersonExampleMap.umap" TEMPLATE=0 SHOWPROGRESS=1 FEATURELEVEL=3
[2019.11.09-03.45.17:553][  0]LightingResults: New page: Lighting Build
[2019.11.09-03.45.17:560][  0]MapCheck: New page: Map Check
[2019.11.09-03.45.17:560][  0]LightingResults: New page: Lighting Build
[2019.11.09-03.45.17:637][  0]LogUObjectHash: Compacting FUObjectHashTables data took   5.52ms
[2019.11.09-03.45.22:961][  0]LogAIModule: Creating AISystem for world FirstPersonExampleMap
[2019.11.09-03.45.23:147][  0]LogEditorServer: Finished looking for orphan Actors (0.000 secs)
[2019.11.09-03.45.23:241][  0]LogUObjectHash: Compacting FUObjectHashTables data took   7.32ms
[2019.11.09-03.45.23:242][  0]Cmd: MAP CHECKDEP NOCLEARLOG
[2019.11.09-03.45.23:242][  0]MapCheck: Map check complete: 0 Error(s), 0 Warning(s), took 0.301ms to complete.
[2019.11.09-03.45.23:242][  0]LogFileHelpers: Loading map 'FirstPersonExampleMap' took 5.691
[2019.11.09-03.45.23:901][  0]LogCollectionManager: Loaded 0 collections in 0.002359 seconds
[2019.11.09-03.45.23:950][  0]LogFileCache: Scanning file cache for directory 'C:/Users/danny/Desktop/Systems_Sandbox/Mechanics_Sandbox/Saved/Collections/' took 0.01s
[2019.11.09-03.45.23:950][  0]LogFileCache: Scanning file cache for directory 'C:/Users/danny/Desktop/Systems_Sandbox/Mechanics_Sandbox/Content/Developers/danny/Collections/' took 0.00s
[2019.11.09-03.45.23:950][  0]LogFileCache: Scanning file cache for directory 'C:/Users/danny/Desktop/Systems_Sandbox/Mechanics_Sandbox/Content/Collections/' took 0.00s
[2019.11.09-03.45.23:950][  0]LogCollectionManager: Rebuilt the GUID cache for 0 collections in 0.000001 seconds
[2019.11.09-03.45.23:974][  0]LogContentBrowser: Native class hierarchy populated in 0.0226 seconds. Added 2742 classes and 666 folders.
[2019.11.09-03.45.24:017][  0]LogContentBrowser: Native class hierarchy updated for 'WidgetCarousel' in 0.0007 seconds. Added 0 classes and 0 folders.
[2019.11.09-03.45.24:098][  0]LogPakFile: Registered encryption key '00000000000000000000000000000000': 0 pak files mounted, 0 remain pending
[2019.11.09-03.45.24:152][  0]LogPakFile: Registered encryption key '00000000000000000000000000000000': 0 pak files mounted, 0 remain pending
[2019.11.09-03.45.24:200][  0]LogPakFile: Registered encryption key '00000000000000000000000000000000': 0 pak files mounted, 0 remain pending
[2019.11.09-03.45.24:224][  0]LogPakFile: Registered encryption key '00000000000000000000000000000000': 0 pak files mounted, 0 remain pending
[2019.11.09-03.45.24:243][  0]LogPakFile: Registered encryption key '00000000000000000000000000000000': 0 pak files mounted, 0 remain pending
[2019.11.09-03.45.24:266][  0]LogPakFile: Registered encryption key '00000000000000000000000000000000': 0 pak files mounted, 0 remain pending
[2019.11.09-03.45.24:282][  0]LogPakFile: Registered encryption key '00000000000000000000000000000000': 0 pak files mounted, 0 remain pending
[2019.11.09-03.45.24:296][  0]LogPakFile: Registered encryption key '00000000000000000000000000000000': 0 pak files mounted, 0 remain pending
[2019.11.09-03.45.24:312][  0]LogPakFile: Registered encryption key '00000000000000000000000000000000': 0 pak files mounted, 0 remain pending
[2019.11.09-03.45.24:339][  0]LogPakFile: Registered encryption key '00000000000000000000000000000000': 0 pak files mounted, 0 remain pending
[2019.11.09-03.45.24:355][  0]LogPakFile: Registered encryption key '00000000000000000000000000000000': 0 pak files mounted, 0 remain pending
[2019.11.09-03.45.24:370][  0]LogPakFile: Registered encryption key '00000000000000000000000000000000': 0 pak files mounted, 0 remain pending
[2019.11.09-03.45.24:387][  0]LogPakFile: Registered encryption key '00000000000000000000000000000000': 0 pak files mounted, 0 remain pending
[2019.11.09-03.45.24:403][  0]LogPakFile: Registered encryption key '00000000000000000000000000000000': 0 pak files mounted, 0 remain pending
[2019.11.09-03.45.24:420][  0]LogPakFile: Registered encryption key '00000000000000000000000000000000': 0 pak files mounted, 0 remain pending
[2019.11.09-03.45.24:437][  0]LogPakFile: Registered encryption key '00000000000000000000000000000000': 0 pak files mounted, 0 remain pending
[2019.11.09-03.45.24:534][  0]LogPakFile: Registered encryption key '00000000000000000000000000000000': 0 pak files mounted, 0 remain pending
[2019.11.09-03.45.24:549][  0]LogPakFile: Registered encryption key '00000000000000000000000000000000': 0 pak files mounted, 0 remain pending
[2019.11.09-03.45.24:565][  0]LogPakFile: Registered encryption key '00000000000000000000000000000000': 0 pak files mounted, 0 remain pending
[2019.11.09-03.45.24:581][  0]LogPakFile: Registered encryption key '00000000000000000000000000000000': 0 pak files mounted, 0 remain pending
[2019.11.09-03.45.24:599][  0]LogPakFile: Registered encryption key '00000000000000000000000000000000': 0 pak files mounted, 0 remain pending
[2019.11.09-03.45.24:613][  0]LogPakFile: Registered encryption key '00000000000000000000000000000000': 0 pak files mounted, 0 remain pending
[2019.11.09-03.45.24:628][  0]LogPakFile: Registered encryption key '00000000000000000000000000000000': 0 pak files mounted, 0 remain pending
[2019.11.09-03.45.24:643][  0]LogPakFile: Registered encryption key '00000000000000000000000000000000': 0 pak files mounted, 0 remain pending
[2019.11.09-03.45.24:660][  0]LogPakFile: Registered encryption key '00000000000000000000000000000000': 0 pak files mounted, 0 remain pending
[2019.11.09-03.45.24:674][  0]LogPakFile: Registered encryption key '00000000000000000000000000000000': 0 pak files mounted, 0 remain pending
[2019.11.09-03.45.25:651][  0]LogContentBrowser: Native class hierarchy updated for 'AddContentDialog' in 0.0008 seconds. Added 0 classes and 0 folders.
[2019.11.09-03.45.26:301][  0]LogSlate: Updating window title bar state: overlay mode, drag disabled, window buttons hidden, title bar hidden
[2019.11.09-03.45.26:334][  0]LogSlate: Updating window title bar state: overlay mode, drag disabled, window buttons hidden, title bar hidden
[2019.11.09-03.45.26:355][  0]LogSlate: Updating window title bar state: overlay mode, drag disabled, window buttons hidden, title bar hidden
[2019.11.09-03.45.26:376][  0]LogSlate: Updating window title bar state: overlay mode, drag disabled, window buttons hidden, title bar hidden
[2019.11.09-03.45.26:470][  0]LogContentBrowser: Native class hierarchy updated for 'HierarchicalLODOutliner' in 0.0011 seconds. Added 0 classes and 0 folders.
[2019.11.09-03.45.26:471][  0]LogLoad: (Engine Initialization) Total time: 56.22 seconds
[2019.11.09-03.45.26:471][  0]LogLoad: (Engine Initialization) Total Blueprint compile time: 0.00 seconds
[2019.11.09-03.45.26:758][  0]LogContentStreaming: Texture pool size now 1000 MB
[2019.11.09-03.45.26:763][  0]LogSlate: Took 0.000675 seconds to synchronously load lazily loaded font '../../../Engine/Content/Slate/Fonts/Roboto-Regular.ttf' (155K)
[2019.11.09-03.45.26:809][  0]LogSlate: Took 0.027208 seconds to synchronously load lazily loaded font '../../../Engine/Content/Editor/Slate/Fonts/FontAwesome.ttf' (139K)
[2019.11.09-03.45.26:820][  0]LogSlate: Took 0.000433 seconds to synchronously load lazily loaded font '../../../Engine/Content/Slate/Fonts/Roboto-Bold.ttf' (160K)
[2019.11.09-03.45.26:867][  0]LogSlate: Took 0.046422 seconds to synchronously load lazily loaded font '../../../Engine/Content/Slate/Fonts/DroidSansMono.ttf' (77K)
[2019.11.09-03.45.27:624][  2]LogRenderer: Reallocating scene render targets to support 748x888 Format 10 NumSamples 1 (Frame:1).
[2019.11.09-03.45.28:088][  3]LogSlate: Took 0.030263 seconds to synchronously load lazily loaded font '../../../Engine/Content/Slate/Fonts/Roboto-Light.ttf' (167K)
[2019.11.09-03.45.28:092][  3]LogSlate: FSceneViewport::OnFocusLost() reason 2
[2019.11.09-03.45.28:146][  3]LogAssetEditorManager: Opening Asset editor for Blueprint /Game/ExplosivePB/ImpactGrenade.ImpactGrenade
[2019.11.09-03.45.29:406][  3]LogContentBrowser: Native class hierarchy updated for 'BlueprintGraph' in 0.0013 seconds. Added 121 classes and 0 folders.
[2019.11.09-03.45.32:816][  3]LogAssetEditorManager: Opening Asset editor for Blueprint /Game/ExplosivePB/Grenade.Grenade
[2019.11.09-03.45.33:912][  3]LogAssetEditorManager: Opening Asset editor for Blueprint /Game/ExplosivePB/Explosive.Explosive
[2019.11.09-03.45.34:967][  3]LogAssetEditorManager: Opening Asset editor for Blueprint /Game/ExplosivePB/FuzeGrenadeProjectile.FuzeGrenadeProjectile
[2019.11.09-03.45.35:982][  3]LogAssetEditorManager: Opening Asset editor for Blueprint /Game/ExplosivePB/ImpactGrenadeProjectile.ImpactGrenadeProjectile
[2019.11.09-03.45.37:035][  3]LogAssetEditorManager: Opening Asset editor for Blueprint /Game/FirstPersonBP/Blueprints/FirstPersonCharacter.FirstPersonCharacter
[2019.11.09-03.45.38:103][  3]LogAssetEditorManager: Opening Asset editor for Blueprint /Game/ExplosivePB/RadiusMine.RadiusMine
[2019.11.09-03.45.39:080][  3]LogAssetEditorManager: Opening Asset editor for Blueprint /Game/ExplosivePB/FuzeGrenade.FuzeGrenade
[2019.11.09-03.45.40:175][  3]LogAssetEditorManager: Opening Asset editor for Blueprint /Game/ExplosivePB/Simple_Explosion.Simple_Explosion
[2019.11.09-03.45.41:280][  3]LogAssetEditorManager: Opening Asset editor for Blueprint /Game/ExplosivePB/StickyGrenade.StickyGrenade
[2019.11.09-03.45.42:343][  3]LogAssetEditorManager: Opening Asset editor for Blueprint /Game/FirstPersonBP/Blueprints/FirstPersonProjectile.FirstPersonProjectile
[2019.11.09-03.45.43:470][  3]LogAssetEditorManager: Opening Asset editor for Blueprint /Game/ExplosivePB/StickyGrenadeProjectile.StickyGrenadeProjectile
[2019.11.09-03.45.44:559][  3]LogAssetEditorManager: Opening Asset editor for Blueprint /Game/ExplosivePB/Halo_FragGrenade.Halo_FragGrenade
[2019.11.09-03.45.45:910][  3]LogSlate: Took 0.027925 seconds to synchronously load lazily loaded font '../../../Engine/Content/Slate/Fonts/Roboto-BoldCondensed.ttf' (158K)
[2019.11.09-03.45.46:723][  4]LogSlate: Took 0.017911 seconds to synchronously load lazily loaded font '../../../Engine/Content/Slate/Fonts/Roboto-Italic.ttf' (157K)
[2019.11.09-03.45.48:411][ 13]LogAssetRegistry: Asset discovery search completed in 45.9830 seconds
[2019.11.09-03.45.48:417][ 13]LogCollectionManager: Rebuilt the object cache for 0 collections in 0.000000 seconds (found 0 objects)
[2019.11.09-03.45.48:418][ 13]LogCollectionManager: Fixed up redirectors for 0 collections in 0.000573 seconds (updated 0 objects)
[2019.11.09-03.56.45:259][556]LogSlate: FSceneViewport::OnFocusLost() reason 0
[2019.11.09-03.56.45:335][556]LogSlate: Took 0.000491 seconds to synchronously load lazily loaded font '../../../Engine/Content/Slate/Fonts/Roboto-Light.ttf' (167K)
[2019.11.09-03.57.59:794][810]LogSlate: Window 'Pick Parent Class' being destroyed
[2019.11.09-03.58.11:032][165]LogAssetEditorManager: Opening Asset editor for Blueprint /Game/Teleporter/Teleporter.Teleporter
[2019.11.09-03.58.12:836][166]LogRenderer: Reallocating scene render targets to support 956x888 Format 10 NumSamples 1 (Frame:1).
[2019.11.09-03.58.18:347][340]BlueprintLog: New page: Compile Teleporter
[2019.11.09-03.58.19:053][340]LogUObjectHash: Compacting FUObjectHashTables data took  11.93ms
[2019.11.09-03.58.41:737][244]BlueprintLog: New page: Compile Teleporter
[2019.11.09-03.58.42:225][244]LogUObjectHash: Compacting FUObjectHashTables data took   7.29ms
[2019.11.09-03.59.16:725][775]BlueprintLog: New page: Compile Teleporter
[2019.11.09-03.59.17:248][775]LogUObjectHash: Compacting FUObjectHashTables data took   7.15ms
[2019.11.09-03.59.20:636][890]LogSlate: Took 0.053418 seconds to synchronously load lazily loaded font '../../../Engine/Content/Slate/Fonts/Roboto-BoldCondensedItalic.ttf' (160K)
[2019.11.09-03.59.29:334][262]BlueprintLog: New page: Compile Teleporter
[2019.11.09-03.59.29:847][262]LogUObjectHash: Compacting FUObjectHashTables data took   8.06ms
[2019.11.09-03.59.57:300][386]BlueprintLog: New page: Compile Teleporter
[2019.11.09-03.59.57:813][386]LogUObjectHash: Compacting FUObjectHashTables data took   8.08ms
[2019.11.09-04.01.00:234][828]BlueprintLog: New page: Compile Teleporter
[2019.11.09-04.01.00:754][828]LogUObjectHash: Compacting FUObjectHashTables data took   8.59ms
[2019.11.09-04.01.26:665][807]BlueprintLog: New page: Compile Teleporter
[2019.11.09-04.01.27:224][807]LogUObjectHash: Compacting FUObjectHashTables data took   7.57ms
[2019.11.09-04.01.34:588][ 53]LogSlate: FSceneViewport::OnFocusLost() reason 0
[2019.11.09-04.01.36:331][101]LogActorComponent: UnregisterComponent: (/Engine/Transient.EditorFloorComp) Not registered. Aborting.
[2019.11.09-04.01.38:298][153]LogActorComponent: UnregisterComponent: (/Engine/Transient.EditorFloorComp) Not registered. Aborting.
[2019.11.09-04.01.40:155][212]LogActorComponent: UnregisterComponent: (/Engine/Transient.EditorFloorComp) Not registered. Aborting.
[2019.11.09-04.01.41:203][241]LogActorComponent: UnregisterComponent: (/Engine/Transient.EditorFloorComp) Not registered. Aborting.
[2019.11.09-04.01.44:330][295]LogActorComponent: UnregisterComponent: (/Engine/Transient.EditorFloorComp) Not registered. Aborting.
[2019.11.09-04.01.45:589][327]LogActorComponent: UnregisterComponent: (/Engine/Transient.EditorFloorComp) Not registered. Aborting.
[2019.11.09-04.01.47:798][387]LogActorComponent: UnregisterComponent: (/Engine/Transient.EditorFloorComp) Not registered. Aborting.
[2019.11.09-04.01.49:064][419]LogActorComponent: UnregisterComponent: (/Engine/Transient.EditorFloorComp) Not registered. Aborting.
[2019.11.09-04.01.50:923][468]LogActorComponent: UnregisterComponent: (/Engine/Transient.EditorFloorComp) Not registered. Aborting.
[2019.11.09-04.01.51:736][488]LogActorComponent: UnregisterComponent: (/Engine/Transient.EditorFloorComp) Not registered. Aborting.
[2019.11.09-04.01.54:396][568]Cmd: OBJ SAVEPACKAGE PACKAGE="/Game/Teleporter/Teleporter" FILE="C:/Users/danny/Desktop/Systems_Sandbox/Mechanics_Sandbox/Content/Teleporter/Teleporter.uasset" SILENT=true
[2019.11.09-04.01.54:453][568]LogSavePackage: Moving 'C:/Users/danny/Desktop/Systems_Sandbox/Mechanics_Sandbox/Saved/Teleporter5A17EC01423339FB8534DCB1E17D98A5.tmp' to 'C:/Users/danny/Desktop/Systems_Sandbox/Mechanics_Sandbox/Content/Teleporter/Teleporter.uasset'
[2019.11.09-04.02.14:094][287]LogEditorTransaction: Undo Remove Variable
[2019.11.09-04.02.16:148][364]LogEditorTransaction: Undo Add Component
[2019.11.09-04.02.17:704][417]LogEditorTransaction: Redo Add Component
[2019.11.09-04.02.33:126][ 54]BlueprintLog: New page: Compile Teleporter
[2019.11.09-04.02.33:663][ 54]LogUObjectHash: Compacting FUObjectHashTables data took   8.00ms
[2019.11.09-04.02.36:943][179]Cmd: OBJ SAVEPACKAGE PACKAGE="/Game/Teleporter/Teleporter" FILE="C:/Users/danny/Desktop/Systems_Sandbox/Mechanics_Sandbox/Content/Teleporter/Teleporter.uasset" SILENT=true
[2019.11.09-04.02.37:038][179]LogSavePackage: Moving 'C:/Users/danny/Desktop/Systems_Sandbox/Mechanics_Sandbox/Saved/Teleporter52D9BF36454D455E671681B96529B4C8.tmp' to 'C:/Users/danny/Desktop/Systems_Sandbox/Mechanics_Sandbox/Content/Teleporter/Teleporter.uasset'
[2019.11.09-04.03.21:791][909]LogSlate: Window 'Pick Parent Class' being destroyed
[2019.11.09-04.03.41:895][707]LogAssetEditorManager: Opening Asset editor for Blueprint /Game/Teleporter/TeleportationPad.TeleportationPad
[2019.11.09-04.04.40:540][ 83]BlueprintLog: New page: Compile TeleportationPad
[2019.11.09-04.04.41:062][ 83]LogUObjectHash: Compacting FUObjectHashTables data took   9.89ms
[2019.11.09-04.04.44:030][171]Cmd: OBJ SAVEPACKAGE PACKAGE="/Game/Teleporter/TeleportationPad" FILE="C:/Users/danny/Desktop/Systems_Sandbox/Mechanics_Sandbox/Content/Teleporter/TeleportationPad.uasset" SILENT=true
[2019.11.09-04.04.44:074][171]LogSavePackage: Moving 'C:/Users/danny/Desktop/Systems_Sandbox/Mechanics_Sandbox/Saved/TeleportationPadD2F961744537535A32C081ADACA9E387.tmp' to 'C:/Users/danny/Desktop/Systems_Sandbox/Mechanics_Sandbox/Content/Teleporter/TeleportationPad.uasset'
[2019.11.09-04.05.40:637][244]LogSlate: FSceneViewport::OnFocusLost() reason 2
[2019.11.09-04.06.17:672][543]LogSlate: FSceneViewport::OnFocusLost() reason 0
[2019.11.09-04.06.17:785][548]BlueprintLog: New page: Compile TeleportationPad
[2019.11.09-04.06.18:266][548]LogUObjectHash: Compacting FUObjectHashTables data took   9.26ms
[2019.11.09-04.06.19:752][593]Cmd: OBJ SAVEPACKAGE PACKAGE="/Game/Teleporter/TeleportationPad" FILE="C:/Users/danny/Desktop/Systems_Sandbox/Mechanics_Sandbox/Content/Teleporter/TeleportationPad.uasset" SILENT=true
[2019.11.09-04.06.20:136][593]LogSavePackage: Moving 'C:/Users/danny/Desktop/Systems_Sandbox/Mechanics_Sandbox/Saved/TeleportationPadBB060AEC4B4B3FACF4D8AF9CA2F3910E.tmp' to 'C:/Users/danny/Desktop/Systems_Sandbox/Mechanics_Sandbox/Content/Teleporter/TeleportationPad.uasset'
[2019.11.09-04.07.28:213][188]LogSlate: FSceneViewport::OnFocusLost() reason 0
[2019.11.09-04.08.05:605][792]BlueprintLog: New page: Compile Teleporter
[2019.11.09-04.08.06:087][792]LogUObjectHash: Compacting FUObjectHashTables data took  10.08ms
[2019.11.09-04.08.12:331][ 48]BlueprintLog: New page: Compile Teleporter
[2019.11.09-04.08.12:792][ 48]LogUObjectHash: Compacting FUObjectHashTables data took   9.83ms
[2019.11.09-04.08.13:437][ 72]Cmd: OBJ SAVEPACKAGE PACKAGE="/Game/Teleporter/Teleporter" FILE="C:/Users/danny/Desktop/Systems_Sandbox/Mechanics_Sandbox/Content/Teleporter/Teleporter.uasset" SILENT=true
[2019.11.09-04.08.13:517][ 72]LogSavePackage: Moving 'C:/Users/danny/Desktop/Systems_Sandbox/Mechanics_Sandbox/Saved/Teleporter2CBBAB394A31E01D736219AF9470BDCB.tmp' to 'C:/Users/danny/Desktop/Systems_Sandbox/Mechanics_Sandbox/Content/Teleporter/Teleporter.uasset'
[2019.11.09-04.08.49:577][672]BlueprintLog: New page: Compile Teleporter
[2019.11.09-04.08.50:039][672]LogUObjectHash: Compacting FUObjectHashTables data took   8.30ms
[2019.11.09-04.09.44:865][999]BlueprintLog: New page: Compile Teleporter
[2019.11.09-04.09.45:345][999]LogUObjectHash: Compacting FUObjectHashTables data took   7.74ms
[2019.11.09-04.11.00:157][297]LogUObjectHash: Compacting FUObjectHashTables data took   8.61ms
[2019.11.09-04.11.00:158][297]LogFileHelpers: Editor autosave (incl. sublevels) for '/Game/FirstPersonBP/Maps/FirstPersonExampleMap' took 0.100
[2019.11.09-04.11.00:163][297]OBJ SavePackage: Generating thumbnails for [0] asset(s) in package [/Game/Teleporter/Teleporter] ([1] browsable assets)...
[2019.11.09-04.11.00:164][297]OBJ SavePackage: Finished generating thumbnails for package [/Game/Teleporter/Teleporter]
[2019.11.09-04.11.00:233][297]LogSavePackage: Moving 'C:/Users/danny/Desktop/Systems_Sandbox/Mechanics_Sandbox/Saved/Teleporter_Auto1F4ECD14D497363EADD79F58FB0DE724F.tmp' to 'C:/Users/danny/Desktop/Systems_Sandbox/Mechanics_Sandbox/Saved/Autosaves/Game/Teleporter/Teleporter_Auto1.uasset'
[2019.11.09-04.11.00:238][297]LogFileHelpers: Auto-saving content packages took 0.076
[2019.11.09-04.11.10:995][727]BlueprintLog: New page: Compile Teleporter
[2019.11.09-04.11.11:461][727]LogUObjectHash: Compacting FUObjectHashTables data took   5.95ms
[2019.11.09-04.11.12:101][748]Cmd: OBJ SAVEPACKAGE PACKAGE="/Game/Teleporter/Teleporter" FILE="C:/Users/danny/Desktop/Systems_Sandbox/Mechanics_Sandbox/Content/Teleporter/Teleporter.uasset" SILENT=true
[2019.11.09-04.11.12:177][748]LogSavePackage: Moving 'C:/Users/danny/Desktop/Systems_Sandbox/Mechanics_Sandbox/Saved/Teleporter25485D8245DD21E991577E801A5BB245.tmp' to 'C:/Users/danny/Desktop/Systems_Sandbox/Mechanics_Sandbox/Content/Teleporter/Teleporter.uasset'
[2019.11.09-04.11.47:791][144]Cmd: OBJ SAVEPACKAGE PACKAGE="/Game/Teleporter/Teleporter" FILE="C:/Users/danny/Desktop/Systems_Sandbox/Mechanics_Sandbox/Content/Teleporter/Teleporter.uasset" SILENT=true
[2019.11.09-04.11.47:871][144]LogSavePackage: Moving 'C:/Users/danny/Desktop/Systems_Sandbox/Mechanics_Sandbox/Saved/TeleporterB23B64684E12664F9119CFB016BF4A4D.tmp' to 'C:/Users/danny/Desktop/Systems_Sandbox/Mechanics_Sandbox/Content/Teleporter/Teleporter.uasset'
[2019.11.09-04.13.14:304][613]BlueprintLog: New page: Compile Teleporter
[2019.11.09-04.13.14:796][613]LogUObjectHash: Compacting FUObjectHashTables data took  10.69ms
[2019.11.09-04.13.15:479][638]Cmd: OBJ SAVEPACKAGE PACKAGE="/Game/Teleporter/Teleporter" FILE="C:/Users/danny/Desktop/Systems_Sandbox/Mechanics_Sandbox/Content/Teleporter/Teleporter.uasset" SILENT=true
[2019.11.09-04.13.15:560][638]LogSavePackage: Moving 'C:/Users/danny/Desktop/Systems_Sandbox/Mechanics_Sandbox/Saved/Teleporter43C9D20D4F5580BE247C83816EA74B9C.tmp' to 'C:/Users/danny/Desktop/Systems_Sandbox/Mechanics_Sandbox/Content/Teleporter/Teleporter.uasset'
[2019.11.09-04.14.55:308][817]BlueprintLog: New page: Compile Teleporter
[2019.11.09-04.14.55:786][817]LogUObjectHash: Compacting FUObjectHashTables data took   7.89ms
[2019.11.09-04.15.27:168][ 66]Cmd: OBJ SAVEPACKAGE PACKAGE="/Game/Teleporter/Teleporter" FILE="C:/Users/danny/Desktop/Systems_Sandbox/Mechanics_Sandbox/Content/Teleporter/Teleporter.uasset" SILENT=true
[2019.11.09-04.15.27:247][ 66]LogSavePackage: Moving 'C:/Users/danny/Desktop/Systems_Sandbox/Mechanics_Sandbox/Saved/Teleporter40F7DFD04EE288DE6FAF2FBB3790189A.tmp' to 'C:/Users/danny/Desktop/Systems_Sandbox/Mechanics_Sandbox/Content/Teleporter/Teleporter.uasset'
[2019.11.09-04.16.15:358][923]BlueprintLog: New page: Compile Teleporter
[2019.11.09-04.16.15:828][923]LogUObjectHash: Compacting FUObjectHashTables data took   7.07ms
[2019.11.09-04.16.18:499][ 19]Cmd: OBJ SAVEPACKAGE PACKAGE="/Game/Teleporter/Teleporter" FILE="C:/Users/danny/Desktop/Systems_Sandbox/Mechanics_Sandbox/Content/Teleporter/Teleporter.uasset" SILENT=true
[2019.11.09-04.16.18:571][ 19]LogSavePackage: Moving 'C:/Users/danny/Desktop/Systems_Sandbox/Mechanics_Sandbox/Saved/Teleporter49ABF5FA41046BEEA540F092A4BE2716.tmp' to 'C:/Users/danny/Desktop/Systems_Sandbox/Mechanics_Sandbox/Content/Teleporter/Teleporter.uasset'
[2019.11.09-04.16.21:355][103]LogUObjectHash: Compacting FUObjectHashTables data took   8.83ms
[2019.11.09-04.16.31:999][466]LogSlate: FSceneViewport::OnFocusLost() reason 0
[2019.11.09-04.16.48:152][ 99]Cmd: TRANSACTION UNDO
[2019.11.09-04.16.48:152][ 99]LogEditorTransaction: Undo Add New Function
[2019.11.09-04.17.15:593][192]BlueprintLog: New page: Compile Teleporter
[2019.11.09-04.17.16:124][192]LogUObjectHash: Compacting FUObjectHashTables data took   8.61ms
[2019.11.09-04.17.34:192][990]BlueprintLog: New page: Compile Teleporter
[2019.11.09-04.17.34:678][990]LogUObjectHash: Compacting FUObjectHashTables data took   7.09ms
[2019.11.09-04.17.35:293][ 11]Cmd: OBJ SAVEPACKAGE PACKAGE="/Game/Teleporter/Teleporter" FILE="C:/Users/danny/Desktop/Systems_Sandbox/Mechanics_Sandbox/Content/Teleporter/Teleporter.uasset" SILENT=true
[2019.11.09-04.17.35:366][ 11]LogSavePackage: Moving 'C:/Users/danny/Desktop/Systems_Sandbox/Mechanics_Sandbox/Saved/TeleporterA4DCFFDF400B767B62887C8BC2067982.tmp' to 'C:/Users/danny/Desktop/Systems_Sandbox/Mechanics_Sandbox/Content/Teleporter/Teleporter.uasset'
[2019.11.09-04.18.00:631][ 23]BlueprintLog: New page: Compile Teleporter
[2019.11.09-04.18.01:108][ 23]LogUObjectHash: Compacting FUObjectHashTables data took   7.88ms
[2019.11.09-04.19.10:339][829]BlueprintLog: New page: Compile Teleporter
[2019.11.09-04.19.10:816][829]LogUObjectHash: Compacting FUObjectHashTables data took   7.71ms
[2019.11.09-04.19.16:561][ 29]Cmd: OBJ SAVEPACKAGE PACKAGE="/Game/Teleporter/Teleporter" FILE="C:/Users/danny/Desktop/Systems_Sandbox/Mechanics_Sandbox/Content/Teleporter/Teleporter.uasset" SILENT=true
[2019.11.09-04.19.16:650][ 29]LogSavePackage: Moving 'C:/Users/danny/Desktop/Systems_Sandbox/Mechanics_Sandbox/Saved/TeleporterDA6406AB4399142403E46DAD02FF795A.tmp' to 'C:/Users/danny/Desktop/Systems_Sandbox/Mechanics_Sandbox/Content/Teleporter/Teleporter.uasset'
[2019.11.09-04.19.59:456][785]BlueprintLog: New page: Compile Teleporter
[2019.11.09-04.19.59:925][785]LogUObjectHash: Compacting FUObjectHashTables data took   7.66ms
[2019.11.09-04.20.26:218][853]LogEditorTransaction: Undo Move Node
[2019.11.09-04.20.31:464][ 79]BlueprintLog: New page: Compile Teleporter
[2019.11.09-04.20.31:953][ 79]LogUObjectHash: Compacting FUObjectHashTables data took   7.92ms
[2019.11.09-04.20.33:274][132]LogTemp: Repeating last play command: New Editor Window (PIE)
[2019.11.09-04.20.33:339][132]LogBlueprintUserMessages: Early PlayInEditor Detection: Level '/Game/FirstPersonBP/Maps/FirstPersonExampleMap.FirstPersonExampleMap:PersistentLevel' has LevelScriptBlueprint '/Game/FirstPersonBP/Maps/FirstPersonExampleMap.FirstPersonExampleMap:PersistentLevel.FirstPersonExampleMap' with GeneratedClass '/Game/FirstPersonBP/Maps/FirstPersonExampleMap.FirstPersonExampleMap_C' with ClassGeneratedBy '/Game/FirstPersonBP/Maps/FirstPersonExampleMap.FirstPersonExampleMap:PersistentLevel.FirstPersonExampleMap'
[2019.11.09-04.20.33:624][132]LogPlayLevel: PlayLevel: No blueprints needed recompiling
[2019.11.09-04.20.33:646][132]PIE: New page: PIE session: FirstPersonExampleMap (Nov 8, 2019, 12:20:33 PM)
[2019.11.09-04.20.33:669][132]LogPlayLevel: Creating play world package: /Game/FirstPersonBP/Maps/UEDPIE_0_FirstPersonExampleMap
[2019.11.09-04.20.33:718][132]LogPlayLevel: PIE: StaticDuplicateObject took: (0.047408s)
[2019.11.09-04.20.33:720][132]LogAIModule: Creating AISystem for world FirstPersonExampleMap
[2019.11.09-04.20.33:721][132]LogPlayLevel: PIE: World Init took: (0.002121s)
[2019.11.09-04.20.33:721][132]LogPlayLevel: PIE: Created PIE world by copying editor world from /Game/FirstPersonBP/Maps/FirstPersonExampleMap.FirstPersonExampleMap to /Game/FirstPersonBP/Maps/UEDPIE_0_FirstPersonExampleMap.FirstPersonExampleMap (0.051486s)
[2019.11.09-04.20.33:821][132]LogUObjectHash: Compacting FUObjectHashTables data took   6.99ms
[2019.11.09-04.20.33:935][132]LogInit: XAudio2 using 'Headset Earphone (SteelSeries Arctis 5 Chat)' : 2 channels at 48 kHz using 16 bits per sample (channel mask 0x3)
[2019.11.09-04.20.33:977][132]LogInit: FAudioDevice initialized.
[2019.11.09-04.20.33:997][132]LogSlate: Updating window title bar state: overlay mode, drag disabled, window buttons hidden, title bar hidden
[2019.11.09-04.20.34:059][132]LogLoad: Game class is 'FirstPersonGameMode_C'
[2019.11.09-04.20.34:118][132]LogWorld: Bringing World /Game/FirstPersonBP/Maps/UEDPIE_0_FirstPersonExampleMap.FirstPersonExampleMap up for play (max tick rate 60) at 2019.11.08-20.20.34
[2019.11.09-04.20.34:158][132]LogWorld: Bringing up level for play took: 0.084840
[2019.11.09-04.20.34:263][132]LogBlueprintActionDatabase: Requesting refresh due to module change: Voice (loaded)
[2019.11.09-04.20.34:273][132]LogBlueprintActionDatabase: Requesting refresh due to module change: MovieSceneCapture (loaded)
[2019.11.09-04.20.34:275][132]LogContentBrowser: Native class hierarchy updated for 'MovieSceneCapture' in 0.0009 seconds. Added 20 classes and 0 folders.
[2019.11.09-04.20.34:308][132]PIE: Play in editor start time for /Game/FirstPersonBP/Maps/UEDPIE_0_FirstPersonExampleMap 1.254
[2019.11.09-04.20.34:319][132]LogBlueprintUserMessages: Late PlayInEditor Detection: Level '/Game/FirstPersonBP/Maps/FirstPersonExampleMap.FirstPersonExampleMap:PersistentLevel' has LevelScriptBlueprint '/Game/FirstPersonBP/Maps/FirstPersonExampleMap.FirstPersonExampleMap:PersistentLevel.FirstPersonExampleMap' with GeneratedClass '/Game/FirstPersonBP/Maps/FirstPersonExampleMap.FirstPersonExampleMap_C' with ClassGeneratedBy '/Game/FirstPersonBP/Maps/FirstPersonExampleMap.FirstPersonExampleMap:PersistentLevel.FirstPersonExampleMap'
[2019.11.09-04.20.34:523][133]LogRenderer: Reallocating scene render targets to support 1272x888 Format 10 NumSamples 1 (Frame:1).
[2019.11.09-04.20.36:425][162]LogBlueprintUserMessages: Early EndPlayMap Detection: Level '/Game/FirstPersonBP/Maps/FirstPersonExampleMap.FirstPersonExampleMap:PersistentLevel' has LevelScriptBlueprint '/Game/FirstPersonBP/Maps/FirstPersonExampleMap.FirstPersonExampleMap:PersistentLevel.FirstPersonExampleMap' with GeneratedClass '/Game/FirstPersonBP/Maps/FirstPersonExampleMap.FirstPersonExampleMap_C' with ClassGeneratedBy '/Game/FirstPersonBP/Maps/FirstPersonExampleMap.FirstPersonExampleMap:PersistentLevel.FirstPersonExampleMap'
[2019.11.09-04.20.36:427][162]LogSlate: Updating window title bar state: overlay mode, drag disabled, window buttons hidden, title bar hidden
[2019.11.09-04.20.36:476][162]LogSlate: Window 'Mechanics_Sandbox Game Preview Standalone (64-bit/PCD3D_SM5)' being destroyed
[2019.11.09-04.20.36:597][162]LogPlayLevel: Display: Shutting down PIE online subsystems
[2019.11.09-04.20.36:598][162]LogBlueprintUserMessages: Late EndPlayMap Detection: Level '/Game/FirstPersonBP/Maps/FirstPersonExampleMap.FirstPersonExampleMap:PersistentLevel' has LevelScriptBlueprint '/Game/FirstPersonBP/Maps/FirstPersonExampleMap.FirstPersonExampleMap:PersistentLevel.FirstPersonExampleMap' with GeneratedClass '/Game/FirstPersonBP/Maps/FirstPersonExampleMap.FirstPersonExampleMap_C' with ClassGeneratedBy '/Game/FirstPersonBP/Maps/FirstPersonExampleMap.FirstPersonExampleMap:PersistentLevel.FirstPersonExampleMap'
[2019.11.09-04.20.36:813][162]LogUObjectHash: Compacting FUObjectHashTables data took  11.67ms
[2019.11.09-04.20.36:917][163]LogPlayLevel: Display: Destroying online subsystem :Context_29
[2019.11.09-04.20.43:251][422]Cmd: OBJ SAVEPACKAGE PACKAGE="/Game/Teleporter/Teleporter" FILE="C:/Users/danny/Desktop/Systems_Sandbox/Mechanics_Sandbox/Content/Teleporter/Teleporter.uasset" SILENT=true
[2019.11.09-04.20.43:336][422]LogSavePackage: Moving 'C:/Users/danny/Desktop/Systems_Sandbox/Mechanics_Sandbox/Saved/TeleporterD1E89D36441B146A7C32018750B32289.tmp' to 'C:/Users/danny/Desktop/Systems_Sandbox/Mechanics_Sandbox/Content/Teleporter/Teleporter.uasset'
[2019.11.09-04.21.19:482][856]LogSlate: FSceneViewport::OnFocusLost() reason 0
[2019.11.09-04.21.23:335][987]Cmd: CAMERA ALIGN ACTIVEVIEWPORTONLY
[2019.11.09-04.21.33:534][396]LogSlate: FSceneViewport::OnFocusLost() reason 0
[2019.11.09-04.21.40:832][689]LogEditorViewport: Clicking on Actor (LMB): StaticMeshActor (Wall1)
[2019.11.09-04.21.42:126][726]LogEditorViewport: Clicking on Actor (LMB): TeleportationPad_C (TeleportationPad)
[2019.11.09-04.21.42:996][760]Cmd: DELETE
[2019.11.09-04.21.42:996][760]Cmd: ACTOR DELETE
[2019.11.09-04.21.43:332][760]LogEditorActor: Deleted Actor: TeleportationPad_C
[2019.11.09-04.21.43:443][760]LogUObjectHash: Compacting FUObjectHashTables data took   7.44ms
[2019.11.09-04.21.43:444][760]LogEditorActor: Deleted 1 Actors (0.131 secs)
[2019.11.09-04.21.44:877][809]LogSlate: FSceneViewport::OnFocusLost() reason 0
[2019.11.09-04.21.50:941][ 52]LogSlate: FSceneViewport::OnFocusLost() reason 2
[2019.11.09-04.22.06:969][632]LogSlate: FSceneViewport::OnFocusLost() reason 2
[2019.11.09-04.22.14:855][886]LogSlate: FSceneViewport::OnFocusLost() reason 2
[2019.11.09-04.22.26:096][249]LogSlate: FSceneViewport::OnFocusLost() reason 2
[2019.11.09-04.22.30:285][391]LogSlate: FSceneViewport::OnFocusLost() reason 0
[2019.11.09-04.22.38:879][692]LogSlate: FSceneViewport::OnFocusLost() reason 0
[2019.11.09-04.22.52:651][164]LogSlate: FSceneViewport::OnFocusLost() reason 2
[2019.11.09-04.22.55:543][256]LogSlate: FSceneViewport::OnFocusLost() reason 2
[2019.11.09-04.22.58:828][364]LogSlate: FSceneViewport::OnFocusLost() reason 2
[2019.11.09-04.23.02:486][509]LogSlate: FSceneViewport::OnFocusLost() reason 2
[2019.11.09-04.23.14:252][893]LogSlate: FSceneViewport::OnFocusLost() reason 0
[2019.11.09-04.23.43:924][830]LogEditorTransaction: Undo Modify Component(s)
[2019.11.09-04.23.45:609][890]LogSlate: FSceneViewport::OnFocusLost() reason 0
[2019.11.09-04.23.49:142][996]LogEditorTransaction: Undo Modify Component(s)
[2019.11.09-04.24.15:217][831]LogSlate: FSceneViewport::OnFocusLost() reason 0
[2019.11.09-04.24.15:318][835]BlueprintLog: New page: Compile Teleporter
[2019.11.09-04.24.16:085][835]LogUObjectHash: Compacting FUObjectHashTables data took  10.39ms
[2019.11.09-04.24.46:054][847]LogUObjectHash: Compacting FUObjectHashTables data took  12.64ms
[2019.11.09-04.24.46:068][847]LogSlate: FSceneViewport::OnFocusLost() reason 2
[2019.11.09-04.24.46:213][847]LogUObjectHash: Compacting FUObjectHashTables data took   2.27ms
[2019.11.09-04.24.47:186][847]LogSavePackage: Moving 'C:/Users/danny/Desktop/Systems_Sandbox/Mechanics_Sandbox/Saved/FirstPersonExampleMap6FC65F0E42AEEB3548BED09C2A1985B1.tmp' to 'C:/Users/danny/Desktop/Systems_Sandbox/Mechanics_Sandbox/Content/FirstPersonBP/Maps/FirstPersonExampleMap.umap'
[2019.11.09-04.24.47:326][847]LogFileHelpers: Saving map 'FirstPersonExampleMap' took 1.222
[2019.11.09-04.24.47:371][847]Cmd: OBJ SAVEPACKAGE PACKAGE="/Game/Teleporter/Teleporter" FILE="C:/Users/danny/Desktop/Systems_Sandbox/Mechanics_Sandbox/Content/Teleporter/Teleporter.uasset" SILENT=true
[2019.11.09-04.24.47:512][847]LogSavePackage: Moving 'C:/Users/danny/Desktop/Systems_Sandbox/Mechanics_Sandbox/Saved/TeleporterE2D6A3E44B6D06D46A8B8AABD1626634.tmp' to 'C:/Users/danny/Desktop/Systems_Sandbox/Mechanics_Sandbox/Content/Teleporter/Teleporter.uasset'
[2019.11.09-04.24.55:559][ 55]Cmd: CAMERA ALIGN ACTIVEVIEWPORTONLY
[2019.11.09-04.25.11:776][596]LogSlate: FSceneViewport::OnFocusLost() reason 0
[2019.11.09-04.25.13:925][652]LogEditorViewport: Clicking on Actor (LMB): Teleporter_C (Teleporter)
[2019.11.09-04.25.20:981][845]LogEditorViewport: Clicking on Actor (LMB): Teleporter_C (Teleporter2)
[2019.11.09-04.25.26:898][ 19]LogSlate: FSceneViewport::OnFocusLost() reason 0
[2019.11.09-04.26.07:554][264]BlueprintLog: New page: Compile Teleporter
[2019.11.09-04.26.08:200][264]LogUObjectHash: Compacting FUObjectHashTables data took  10.35ms
[2019.11.09-04.26.08:796][276]Cmd: OBJ SAVEPACKAGE PACKAGE="/Game/Teleporter/Teleporter" FILE="C:/Users/danny/Desktop/Systems_Sandbox/Mechanics_Sandbox/Content/Teleporter/Teleporter.uasset" SILENT=true
[2019.11.09-04.26.08:929][276]LogSavePackage: Moving 'C:/Users/danny/Desktop/Systems_Sandbox/Mechanics_Sandbox/Saved/Teleporter10E2C3144EBC0DA8C7AD8D8F7FAB4547.tmp' to 'C:/Users/danny/Desktop/Systems_Sandbox/Mechanics_Sandbox/Content/Teleporter/Teleporter.uasset'
[2019.11.09-04.26.22:692][697]LogSlate: FSceneViewport::OnFocusLost() reason 0
[2019.11.09-04.26.23:933][731]BlueprintLog: New page: Compile Teleporter
[2019.11.09-04.26.24:550][731]LogUObjectHash: Compacting FUObjectHashTables data took   9.90ms
[2019.11.09-04.26.35:195][ 34]LogConsoleManager: Warning: Console object named 'ActorComponents.Enable' already exists but is being registered again, but we weren't expected it to be! (FConsoleManager::AddConsoleObject)
[2019.11.09-04.26.48:762][474]LogEditorViewport: Clicking on Actor (LMB): Teleporter_C (Teleporter)
[2019.11.09-04.26.50:019][507]LogSlate: FSceneViewport::OnFocusLost() reason 2
[2019.11.09-04.26.53:280][602]LogUObjectHash: Compacting FUObjectHashTables data took  10.91ms
[2019.11.09-04.26.53:292][602]LogSlate: FSceneViewport::OnFocusLost() reason 2
[2019.11.09-04.26.53:419][602]LogUObjectHash: Compacting FUObjectHashTables data took   1.65ms
[2019.11.09-04.26.54:221][602]LogSavePackage: Moving 'C:/Users/danny/Desktop/Systems_Sandbox/Mechanics_Sandbox/Saved/FirstPersonExampleMapBF4EDC464F4FF40328E4F7BD7EE01BD6.tmp' to 'C:/Users/danny/Desktop/Systems_Sandbox/Mechanics_Sandbox/Content/FirstPersonBP/Maps/FirstPersonExampleMap.umap'
[2019.11.09-04.26.54:327][602]LogFileHelpers: Saving map 'FirstPersonExampleMap' took 1.003
[2019.11.09-04.26.54:362][602]Cmd: OBJ SAVEPACKAGE PACKAGE="/Game/Teleporter/Teleporter" FILE="C:/Users/danny/Desktop/Systems_Sandbox/Mechanics_Sandbox/Content/Teleporter/Teleporter.uasset" SILENT=true
[2019.11.09-04.26.54:493][602]LogSavePackage: Moving 'C:/Users/danny/Desktop/Systems_Sandbox/Mechanics_Sandbox/Saved/TeleporterE88BA0514742CE23D3DFA89995C41DA1.tmp' to 'C:/Users/danny/Desktop/Systems_Sandbox/Mechanics_Sandbox/Content/Teleporter/Teleporter.uasset'
[2019.11.09-04.27.18:162][259]LogSlate: FSceneViewport::OnFocusLost() reason 0
[2019.11.09-04.29.27:725][448]BlueprintLog: New page: Compile Teleporter
[2019.11.09-04.29.28:339][448]LogUObjectHash: Compacting FUObjectHashTables data took   9.99ms
[2019.11.09-04.29.30:205][494]Cmd: OBJ SAVEPACKAGE PACKAGE="/Game/Teleporter/Teleporter" FILE="C:/Users/danny/Desktop/Systems_Sandbox/Mechanics_Sandbox/Content/Teleporter/Teleporter.uasset" SILENT=true
[2019.11.09-04.29.30:335][494]LogSavePackage: Moving 'C:/Users/danny/Desktop/Systems_Sandbox/Mechanics_Sandbox/Saved/Teleporter55224A254E2EC7A934F45E92E62E7BA0.tmp' to 'C:/Users/danny/Desktop/Systems_Sandbox/Mechanics_Sandbox/Content/Teleporter/Teleporter.uasset'
[2019.11.09-04.29.38:175][731]LogSlate: FSceneViewport::OnFocusLost() reason 0
[2019.11.09-04.30.21:587][134]BlueprintLog: New page: Compile Teleporter
[2019.11.09-04.30.22:187][134]LogUObjectHash: Compacting FUObjectHashTables data took  10.41ms
[2019.11.09-04.30.22:971][154]Cmd: OBJ SAVEPACKAGE PACKAGE="/Game/Teleporter/Teleporter" FILE="C:/Users/danny/Desktop/Systems_Sandbox/Mechanics_Sandbox/Content/Teleporter/Teleporter.uasset" SILENT=true
[2019.11.09-04.30.23:121][154]LogSavePackage: Moving 'C:/Users/danny/Desktop/Systems_Sandbox/Mechanics_Sandbox/Saved/Teleporter129EE6184AC24EAE1E1F8DBB4CBEAD56.tmp' to 'C:/Users/danny/Desktop/Systems_Sandbox/Mechanics_Sandbox/Content/Teleporter/Teleporter.uasset'
[2019.11.09-04.30.23:689][167]LogSlate: FSceneViewport::OnFocusLost() reason 0
[2019.11.09-04.30.43:653][820]LogTemp: Repeating last play command: New Editor Window (PIE)
[2019.11.09-04.30.43:728][820]LogBlueprintUserMessages: Early PlayInEditor Detection: Level '/Game/FirstPersonBP/Maps/FirstPersonExampleMap.FirstPersonExampleMap:PersistentLevel' has LevelScriptBlueprint '/Game/FirstPersonBP/Maps/FirstPersonExampleMap.FirstPersonExampleMap:PersistentLevel.FirstPersonExampleMap' with GeneratedClass '/Game/FirstPersonBP/Maps/FirstPersonExampleMap.FirstPersonExampleMap_C' with ClassGeneratedBy '/Game/FirstPersonBP/Maps/FirstPersonExampleMap.FirstPersonExampleMap:PersistentLevel.FirstPersonExampleMap'
[2019.11.09-04.30.43:729][820]LogPlayLevel: PlayLevel: No blueprints needed recompiling
[2019.11.09-04.30.43:730][820]PIE: New page: PIE session: FirstPersonExampleMap (Nov 8, 2019, 12:30:43 PM)
[2019.11.09-04.30.43:730][820]LogPlayLevel: Creating play world package: /Game/FirstPersonBP/Maps/UEDPIE_0_FirstPersonExampleMap
[2019.11.09-04.30.43:776][820]LogPlayLevel: PIE: StaticDuplicateObject took: (0.044984s)
[2019.11.09-04.30.43:779][820]LogAIModule: Creating AISystem for world FirstPersonExampleMap
[2019.11.09-04.30.43:780][820]LogPlayLevel: PIE: World Init took: (0.003119s)
[2019.11.09-04.30.43:780][820]LogPlayLevel: PIE: Created PIE world by copying editor world from /Game/FirstPersonBP/Maps/FirstPersonExampleMap.FirstPersonExampleMap to /Game/FirstPersonBP/Maps/UEDPIE_0_FirstPersonExampleMap.FirstPersonExampleMap (0.049805s)
[2019.11.09-04.30.43:895][820]LogUObjectHash: Compacting FUObjectHashTables data took   9.57ms
[2019.11.09-04.30.43:964][820]LogInit: XAudio2 using 'Headset Earphone (SteelSeries Arctis 5 Chat)' : 2 channels at 48 kHz using 16 bits per sample (channel mask 0x3)
[2019.11.09-04.30.44:007][820]LogInit: FAudioDevice initialized.
[2019.11.09-04.30.44:027][820]LogSlate: Updating window title bar state: overlay mode, drag disabled, window buttons hidden, title bar hidden
[2019.11.09-04.30.44:069][820]LogLoad: Game class is 'FirstPersonGameMode_C'
[2019.11.09-04.30.44:085][820]LogWorld: Bringing World /Game/FirstPersonBP/Maps/UEDPIE_0_FirstPersonExampleMap.FirstPersonExampleMap up for play (max tick rate 60) at 2019.11.08-20.30.44
[2019.11.09-04.30.44:090][820]LogWorld: Bringing up level for play took: 0.019228
[2019.11.09-04.30.44:112][820]PIE: Play in editor start time for /Game/FirstPersonBP/Maps/UEDPIE_0_FirstPersonExampleMap 1.059
[2019.11.09-04.30.44:395][820]LogBlueprintUserMessages: Late PlayInEditor Detection: Level '/Game/FirstPersonBP/Maps/FirstPersonExampleMap.FirstPersonExampleMap:PersistentLevel' has LevelScriptBlueprint '/Game/FirstPersonBP/Maps/FirstPersonExampleMap.FirstPersonExampleMap:PersistentLevel.FirstPersonExampleMap' with GeneratedClass '/Game/FirstPersonBP/Maps/FirstPersonExampleMap.FirstPersonExampleMap_C' with ClassGeneratedBy '/Game/FirstPersonBP/Maps/FirstPersonExampleMap.FirstPersonExampleMap:PersistentLevel.FirstPersonExampleMap'
[2019.11.09-04.30.51:515][  4]LogBlueprintUserMessages: Early EndPlayMap Detection: Level '/Game/FirstPersonBP/Maps/FirstPersonExampleMap.FirstPersonExampleMap:PersistentLevel' has LevelScriptBlueprint '/Game/FirstPersonBP/Maps/FirstPersonExampleMap.FirstPersonExampleMap:PersistentLevel.FirstPersonExampleMap' with GeneratedClass '/Game/FirstPersonBP/Maps/FirstPersonExampleMap.FirstPersonExampleMap_C' with ClassGeneratedBy '/Game/FirstPersonBP/Maps/FirstPersonExampleMap.FirstPersonExampleMap:PersistentLevel.FirstPersonExampleMap'
[2019.11.09-04.30.51:517][  4]LogSlate: Updating window title bar state: overlay mode, drag disabled, window buttons hidden, title bar hidden
[2019.11.09-04.30.51:559][  4]LogSlate: Window 'Mechanics_Sandbox Game Preview Standalone (64-bit/PCD3D_SM5)' being destroyed
[2019.11.09-04.30.51:630][  4]LogPlayLevel: Display: Shutting down PIE online subsystems
[2019.11.09-04.30.51:631][  4]LogBlueprintUserMessages: Late EndPlayMap Detection: Level '/Game/FirstPersonBP/Maps/FirstPersonExampleMap.FirstPersonExampleMap:PersistentLevel' has LevelScriptBlueprint '/Game/FirstPersonBP/Maps/FirstPersonExampleMap.FirstPersonExampleMap:PersistentLevel.FirstPersonExampleMap' with GeneratedClass '/Game/FirstPersonBP/Maps/FirstPersonExampleMap.FirstPersonExampleMap_C' with ClassGeneratedBy '/Game/FirstPersonBP/Maps/FirstPersonExampleMap.FirstPersonExampleMap:PersistentLevel.FirstPersonExampleMap'
[2019.11.09-04.30.51:765][  4]LogUObjectHash: Compacting FUObjectHashTables data took  11.19ms
[2019.11.09-04.30.51:941][  5]LogPlayLevel: Display: Destroying online subsystem :Context_31
[2019.11.09-04.31.04:079][376]LogSlate: FSceneViewport::OnFocusLost() reason 0
[2019.11.09-04.31.08:082][506]BlueprintLog: New page: Compile Teleporter
[2019.11.09-04.31.08:679][506]LogUObjectHash: Compacting FUObjectHashTables data took   7.94ms
[2019.11.09-04.32.05:346][588]BlueprintLog: New page: Compile Teleporter
[2019.11.09-04.32.05:946][588]LogUObjectHash: Compacting FUObjectHashTables data took  12.36ms
[2019.11.09-04.32.34:338][579]BlueprintLog: New page: Compile Teleporter
[2019.11.09-04.32.34:940][579]LogUObjectHash: Compacting FUObjectHashTables data took  11.55ms
[2019.11.09-04.32.57:674][374]BlueprintLog: New page: Compile Teleporter
[2019.11.09-04.32.57:684][374]LogClass: Warning: Property FacingDest of FacingDest has a struct type mismatch (tag Vector != prop Rotator) in package:  FObjectReader. If that struct got renamed, add an entry to ActiveStructRedirects.
[2019.11.09-04.32.58:260][374]LogUObjectHash: Compacting FUObjectHashTables data took   9.60ms
[2019.11.09-04.33.05:564][592]BlueprintLog: New page: Compile Teleporter
[2019.11.09-04.33.06:170][592]LogUObjectHash: Compacting FUObjectHashTables data took   9.50ms
[2019.11.09-04.33.13:319][823]BlueprintLog: New page: Compile Teleporter
[2019.11.09-04.33.13:926][823]LogUObjectHash: Compacting FUObjectHashTables data took  10.29ms
[2019.11.09-04.34.42:928][100]BlueprintLog: New page: Compile Teleporter
[2019.11.09-04.34.43:522][100]LogUObjectHash: Compacting FUObjectHashTables data took  10.17ms
[2019.11.09-04.35.10:238][111]BlueprintLog: New page: Compile Teleporter
[2019.11.09-04.35.10:856][111]LogUObjectHash: Compacting FUObjectHashTables data took  10.95ms
[2019.11.09-04.36.36:332][269]LogEditorTransaction: Undo Move Node
[2019.11.09-04.37.58:807][354]BlueprintLog: New page: Compile Teleporter
[2019.11.09-04.37.59:441][354]LogUObjectHash: Compacting FUObjectHashTables data took   9.97ms
[2019.11.09-04.38.11:983][792]LogSlate: FSceneViewport::OnFocusLost() reason 0
[2019.11.09-04.38.23:363][164]LogEditorTransaction: Undo Modify Component(s)
[2019.11.09-04.38.25:555][237]LogSlate: FSceneViewport::OnFocusLost() reason 0
[2019.11.09-04.38.40:019][692]LogEditorViewport: Clicking on Actor (LMB): Teleporter_C (Teleporter2)
[2019.11.09-04.38.44:908][835]LogSlate: FSceneViewport::OnFocusLost() reason 0
[2019.11.09-04.39.05:656][256]LogEditorViewport: Clicking on Actor (LMB): StaticMeshActor (Floor)
[2019.11.09-04.39.06:434][275]LogEditorViewport: Clicking on Actor (LMB): Teleporter_C (Teleporter2)
[2019.11.09-04.39.06:705][280]Cmd: CAMERA ALIGN ACTIVEVIEWPORTONLY
[2019.11.09-04.39.09:655][357]LogSlate: FSceneViewport::OnFocusLost() reason 0
[2019.11.09-04.39.45:651][439]BlueprintLog: New page: Compile Teleporter
[2019.11.09-04.39.46:648][439]LogUObjectHash: Compacting FUObjectHashTables data took  10.35ms
[2019.11.09-04.39.47:661][467]LogTemp: Repeating last play command: New Editor Window (PIE)
[2019.11.09-04.39.47:737][467]LogBlueprintUserMessages: Early PlayInEditor Detection: Level '/Game/FirstPersonBP/Maps/FirstPersonExampleMap.FirstPersonExampleMap:PersistentLevel' has LevelScriptBlueprint '/Game/FirstPersonBP/Maps/FirstPersonExampleMap.FirstPersonExampleMap:PersistentLevel.FirstPersonExampleMap' with GeneratedClass '/Game/FirstPersonBP/Maps/FirstPersonExampleMap.FirstPersonExampleMap_C' with ClassGeneratedBy '/Game/FirstPersonBP/Maps/FirstPersonExampleMap.FirstPersonExampleMap:PersistentLevel.FirstPersonExampleMap'
[2019.11.09-04.39.47:738][467]LogPlayLevel: PlayLevel: No blueprints needed recompiling
[2019.11.09-04.39.47:739][467]PIE: New page: PIE session: FirstPersonExampleMap (Nov 8, 2019, 12:39:47 PM)
[2019.11.09-04.39.47:739][467]LogPlayLevel: Creating play world package: /Game/FirstPersonBP/Maps/UEDPIE_0_FirstPersonExampleMap
[2019.11.09-04.39.47:783][467]LogPlayLevel: PIE: StaticDuplicateObject took: (0.042930s)
[2019.11.09-04.39.47:786][467]LogAIModule: Creating AISystem for world FirstPersonExampleMap
[2019.11.09-04.39.47:787][467]LogPlayLevel: PIE: World Init took: (0.002766s)
[2019.11.09-04.39.47:787][467]LogPlayLevel: PIE: Created PIE world by copying editor world from /Game/FirstPersonBP/Maps/FirstPersonExampleMap.FirstPersonExampleMap to /Game/FirstPersonBP/Maps/UEDPIE_0_FirstPersonExampleMap.FirstPersonExampleMap (0.047698s)
[2019.11.09-04.39.47:907][467]LogUObjectHash: Compacting FUObjectHashTables data took   9.37ms
[2019.11.09-04.39.47:983][467]LogInit: XAudio2 using 'Headset Earphone (SteelSeries Arctis 5 Chat)' : 2 channels at 48 kHz using 16 bits per sample (channel mask 0x3)
[2019.11.09-04.39.48:025][467]LogInit: FAudioDevice initialized.
[2019.11.09-04.39.48:045][467]LogSlate: Updating window title bar state: overlay mode, drag disabled, window buttons hidden, title bar hidden
[2019.11.09-04.39.48:093][467]LogLoad: Game class is 'FirstPersonGameMode_C'
[2019.11.09-04.39.48:107][467]LogWorld: Bringing World /Game/FirstPersonBP/Maps/UEDPIE_0_FirstPersonExampleMap.FirstPersonExampleMap up for play (max tick rate 60) at 2019.11.08-20.39.48
[2019.11.09-04.39.48:110][467]LogWorld: Bringing up level for play took: 0.014105
[2019.11.09-04.39.48:137][467]PIE: Play in editor start time for /Game/FirstPersonBP/Maps/UEDPIE_0_FirstPersonExampleMap 1.083
[2019.11.09-04.39.48:138][467]LogBlueprintUserMessages: Late PlayInEditor Detection: Level '/Game/FirstPersonBP/Maps/FirstPersonExampleMap.FirstPersonExampleMap:PersistentLevel' has LevelScriptBlueprint '/Game/FirstPersonBP/Maps/FirstPersonExampleMap.FirstPersonExampleMap:PersistentLevel.FirstPersonExampleMap' with GeneratedClass '/Game/FirstPersonBP/Maps/FirstPersonExampleMap.FirstPersonExampleMap_C' with ClassGeneratedBy '/Game/FirstPersonBP/Maps/FirstPersonExampleMap.FirstPersonExampleMap:PersistentLevel.FirstPersonExampleMap'
[2019.11.09-04.39.50:612][526]LogBlueprintUserMessages: [FirstPersonCharacter_C_1] Hit By Explosive
[2019.11.09-04.39.51:869][553]LogScript: Warning: Infinite script recursion (250 calls) detected - see log for stack trace
	Teleporter_C /Game/FirstPersonBP/Maps/UEDPIE_0_FirstPersonExampleMap.FirstPersonExampleMap:PersistentLevel.Teleporter2
	Function /Game/Teleporter/Teleporter.Teleporter_C:ExecuteUbergraph_Teleporter:0000
[2019.11.09-04.39.51:870][553]PIE: Error: Infinite loop detected. Blueprint:  Teleporter Function:  Teleport Call Stack:  Show
[2019.11.09-04.39.51:878][553]LogBlueprintUserMessages: Early EndPlayMap Detection: Level '/Game/FirstPersonBP/Maps/FirstPersonExampleMap.FirstPersonExampleMap:PersistentLevel' has LevelScriptBlueprint '/Game/FirstPersonBP/Maps/FirstPersonExampleMap.FirstPersonExampleMap:PersistentLevel.FirstPersonExampleMap' with GeneratedClass '/Game/FirstPersonBP/Maps/FirstPersonExampleMap.FirstPersonExampleMap_C' with ClassGeneratedBy '/Game/FirstPersonBP/Maps/FirstPersonExampleMap.FirstPersonExampleMap:PersistentLevel.FirstPersonExampleMap'
[2019.11.09-04.39.51:881][553]LogSlate: Updating window title bar state: overlay mode, drag disabled, window buttons hidden, title bar hidden
[2019.11.09-04.39.51:926][553]LogSlate: Window 'Mechanics_Sandbox Game Preview Standalone (64-bit/PCD3D_SM5)' being destroyed
[2019.11.09-04.39.52:005][553]LogPlayLevel: Display: Shutting down PIE online subsystems
[2019.11.09-04.39.52:006][553]LogBlueprintUserMessages: Late EndPlayMap Detection: Level '/Game/FirstPersonBP/Maps/FirstPersonExampleMap.FirstPersonExampleMap:PersistentLevel' has LevelScriptBlueprint '/Game/FirstPersonBP/Maps/FirstPersonExampleMap.FirstPersonExampleMap:PersistentLevel.FirstPersonExampleMap' with GeneratedClass '/Game/FirstPersonBP/Maps/FirstPersonExampleMap.FirstPersonExampleMap_C' with ClassGeneratedBy '/Game/FirstPersonBP/Maps/FirstPersonExampleMap.FirstPersonExampleMap:PersistentLevel.FirstPersonExampleMap'
[2019.11.09-04.39.52:138][553]LogUObjectHash: Compacting FUObjectHashTables data took   6.18ms
[2019.11.09-04.39.52:325][554]LogPlayLevel: Display: Destroying online subsystem :Context_32
[2019.11.09-04.40.55:388][897]BlueprintLog: New page: Compile Teleporter
[2019.11.09-04.40.55:975][897]LogUObjectHash: Compacting FUObjectHashTables data took   8.61ms
[2019.11.09-04.40.56:560][916]LogTemp: Repeating last play command: New Editor Window (PIE)
[2019.11.09-04.40.56:640][916]LogBlueprintUserMessages: Early PlayInEditor Detection: Level '/Game/FirstPersonBP/Maps/FirstPersonExampleMap.FirstPersonExampleMap:PersistentLevel' has LevelScriptBlueprint '/Game/FirstPersonBP/Maps/FirstPersonExampleMap.FirstPersonExampleMap:PersistentLevel.FirstPersonExampleMap' with GeneratedClass '/Game/FirstPersonBP/Maps/FirstPersonExampleMap.FirstPersonExampleMap_C' with ClassGeneratedBy '/Game/FirstPersonBP/Maps/FirstPersonExampleMap.FirstPersonExampleMap:PersistentLevel.FirstPersonExampleMap'
[2019.11.09-04.40.56:641][916]LogPlayLevel: PlayLevel: No blueprints needed recompiling
[2019.11.09-04.40.56:641][916]PIE: New page: PIE session: FirstPersonExampleMap (Nov 8, 2019, 12:40:56 PM)
[2019.11.09-04.40.56:642][916]LogPlayLevel: Creating play world package: /Game/FirstPersonBP/Maps/UEDPIE_0_FirstPersonExampleMap
[2019.11.09-04.40.56:684][916]LogPlayLevel: PIE: StaticDuplicateObject took: (0.041283s)
[2019.11.09-04.40.56:686][916]LogAIModule: Creating AISystem for world FirstPersonExampleMap
[2019.11.09-04.40.56:687][916]LogPlayLevel: PIE: World Init took: (0.002581s)
[2019.11.09-04.40.56:688][916]LogPlayLevel: PIE: Created PIE world by copying editor world from /Game/FirstPersonBP/Maps/FirstPersonExampleMap.FirstPersonExampleMap to /Game/FirstPersonBP/Maps/UEDPIE_0_FirstPersonExampleMap.FirstPersonExampleMap (0.045522s)
[2019.11.09-04.40.56:813][916]LogUObjectHash: Compacting FUObjectHashTables data took  10.09ms
[2019.11.09-04.40.56:880][916]LogInit: XAudio2 using 'Headset Earphone (SteelSeries Arctis 5 Chat)' : 2 channels at 48 kHz using 16 bits per sample (channel mask 0x3)
[2019.11.09-04.40.56:922][916]LogInit: FAudioDevice initialized.
[2019.11.09-04.40.56:939][916]LogSlate: Updating window title bar state: overlay mode, drag disabled, window buttons hidden, title bar hidden
[2019.11.09-04.40.56:983][916]LogLoad: Game class is 'FirstPersonGameMode_C'
[2019.11.09-04.40.56:998][916]LogWorld: Bringing World /Game/FirstPersonBP/Maps/UEDPIE_0_FirstPersonExampleMap.FirstPersonExampleMap up for play (max tick rate 60) at 2019.11.08-20.40.56
[2019.11.09-04.40.57:000][916]LogWorld: Bringing up level for play took: 0.015272
[2019.11.09-04.40.57:022][916]PIE: Play in editor start time for /Game/FirstPersonBP/Maps/UEDPIE_0_FirstPersonExampleMap -0.031
[2019.11.09-04.40.57:023][916]LogBlueprintUserMessages: Late PlayInEditor Detection: Level '/Game/FirstPersonBP/Maps/FirstPersonExampleMap.FirstPersonExampleMap:PersistentLevel' has LevelScriptBlueprint '/Game/FirstPersonBP/Maps/FirstPersonExampleMap.FirstPersonExampleMap:PersistentLevel.FirstPersonExampleMap' with GeneratedClass '/Game/FirstPersonBP/Maps/FirstPersonExampleMap.FirstPersonExampleMap_C' with ClassGeneratedBy '/Game/FirstPersonBP/Maps/FirstPersonExampleMap.FirstPersonExampleMap:PersistentLevel.FirstPersonExampleMap'
[2019.11.09-04.41.01:535][ 42]LogSlate: FSceneViewport::OnFocusLost() reason 2
[2019.11.09-04.41.04:732][127]LogScript: Warning: Infinite script recursion (250 calls) detected - see log for stack trace
	Teleporter_C /Game/FirstPersonBP/Maps/UEDPIE_0_FirstPersonExampleMap.FirstPersonExampleMap:PersistentLevel.Teleporter2
	Function /Game/Teleporter/Teleporter.Teleporter_C:ExecuteUbergraph_Teleporter:0000
[2019.11.09-04.41.04:733][127]PIE: Error: Infinite loop detected. Blueprint:  Teleporter Function:  Teleport Call Stack:  Show
[2019.11.09-04.41.04:743][127]LogBlueprintUserMessages: Early EndPlayMap Detection: Level '/Game/FirstPersonBP/Maps/FirstPersonExampleMap.FirstPersonExampleMap:PersistentLevel' has LevelScriptBlueprint '/Game/FirstPersonBP/Maps/FirstPersonExampleMap.FirstPersonExampleMap:PersistentLevel.FirstPersonExampleMap' with GeneratedClass '/Game/FirstPersonBP/Maps/FirstPersonExampleMap.FirstPersonExampleMap_C' with ClassGeneratedBy '/Game/FirstPersonBP/Maps/FirstPersonExampleMap.FirstPersonExampleMap:PersistentLevel.FirstPersonExampleMap'
[2019.11.09-04.41.04:745][127]LogSlate: Updating window title bar state: overlay mode, drag disabled, window buttons hidden, title bar hidden
[2019.11.09-04.41.04:789][127]LogSlate: Window 'Mechanics_Sandbox Game Preview Standalone (64-bit/PCD3D_SM5)' being destroyed
[2019.11.09-04.41.04:872][127]LogPlayLevel: Display: Shutting down PIE online subsystems
[2019.11.09-04.41.04:873][127]LogBlueprintUserMessages: Late EndPlayMap Detection: Level '/Game/FirstPersonBP/Maps/FirstPersonExampleMap.FirstPersonExampleMap:PersistentLevel' has LevelScriptBlueprint '/Game/FirstPersonBP/Maps/FirstPersonExampleMap.FirstPersonExampleMap:PersistentLevel.FirstPersonExampleMap' with GeneratedClass '/Game/FirstPersonBP/Maps/FirstPersonExampleMap.FirstPersonExampleMap_C' with ClassGeneratedBy '/Game/FirstPersonBP/Maps/FirstPersonExampleMap.FirstPersonExampleMap:PersistentLevel.FirstPersonExampleMap'
[2019.11.09-04.41.05:001][127]LogUObjectHash: Compacting FUObjectHashTables data took   6.31ms
[2019.11.09-04.41.05:184][128]LogPlayLevel: Display: Destroying online subsystem :Context_33
[2019.11.09-04.41.40:880][442]BlueprintLog: New page: Compile Teleporter
[2019.11.09-04.41.41:501][442]LogUObjectHash: Compacting FUObjectHashTables data took   8.95ms
[2019.11.09-04.41.41:986][457]LogTemp: Repeating last play command: New Editor Window (PIE)
[2019.11.09-04.41.42:063][457]LogBlueprintUserMessages: Early PlayInEditor Detection: Level '/Game/FirstPersonBP/Maps/FirstPersonExampleMap.FirstPersonExampleMap:PersistentLevel' has LevelScriptBlueprint '/Game/FirstPersonBP/Maps/FirstPersonExampleMap.FirstPersonExampleMap:PersistentLevel.FirstPersonExampleMap' with GeneratedClass '/Game/FirstPersonBP/Maps/FirstPersonExampleMap.FirstPersonExampleMap_C' with ClassGeneratedBy '/Game/FirstPersonBP/Maps/FirstPersonExampleMap.FirstPersonExampleMap:PersistentLevel.FirstPersonExampleMap'
[2019.11.09-04.41.42:065][457]LogPlayLevel: PlayLevel: No blueprints needed recompiling
[2019.11.09-04.41.42:065][457]PIE: New page: PIE session: FirstPersonExampleMap (Nov 8, 2019, 12:41:42 PM)
[2019.11.09-04.41.42:066][457]LogPlayLevel: Creating play world package: /Game/FirstPersonBP/Maps/UEDPIE_0_FirstPersonExampleMap
[2019.11.09-04.41.42:108][457]LogPlayLevel: PIE: StaticDuplicateObject took: (0.041489s)
[2019.11.09-04.41.42:109][457]LogAIModule: Creating AISystem for world FirstPersonExampleMap
[2019.11.09-04.41.42:110][457]LogPlayLevel: PIE: World Init took: (0.002009s)
[2019.11.09-04.41.42:111][457]LogPlayLevel: PIE: Created PIE world by copying editor world from /Game/FirstPersonBP/Maps/FirstPersonExampleMap.FirstPersonExampleMap to /Game/FirstPersonBP/Maps/UEDPIE_0_FirstPersonExampleMap.FirstPersonExampleMap (0.045219s)
[2019.11.09-04.41.42:224][457]LogUObjectHash: Compacting FUObjectHashTables data took  10.99ms
[2019.11.09-04.41.42:291][457]LogInit: XAudio2 using 'Headset Earphone (SteelSeries Arctis 5 Chat)' : 2 channels at 48 kHz using 16 bits per sample (channel mask 0x3)
[2019.11.09-04.41.42:333][457]LogInit: FAudioDevice initialized.
[2019.11.09-04.41.42:350][457]LogSlate: Updating window title bar state: overlay mode, drag disabled, window buttons hidden, title bar hidden
[2019.11.09-04.41.42:390][457]LogLoad: Game class is 'FirstPersonGameMode_C'
[2019.11.09-04.41.42:406][457]LogWorld: Bringing World /Game/FirstPersonBP/Maps/UEDPIE_0_FirstPersonExampleMap.FirstPersonExampleMap up for play (max tick rate 60) at 2019.11.08-20.41.42
[2019.11.09-04.41.42:408][457]LogWorld: Bringing up level for play took: 0.015548
[2019.11.09-04.41.42:431][457]PIE: Play in editor start time for /Game/FirstPersonBP/Maps/UEDPIE_0_FirstPersonExampleMap 1.377
[2019.11.09-04.41.42:432][457]LogBlueprintUserMessages: Late PlayInEditor Detection: Level '/Game/FirstPersonBP/Maps/FirstPersonExampleMap.FirstPersonExampleMap:PersistentLevel' has LevelScriptBlueprint '/Game/FirstPersonBP/Maps/FirstPersonExampleMap.FirstPersonExampleMap:PersistentLevel.FirstPersonExampleMap' with GeneratedClass '/Game/FirstPersonBP/Maps/FirstPersonExampleMap.FirstPersonExampleMap_C' with ClassGeneratedBy '/Game/FirstPersonBP/Maps/FirstPersonExampleMap.FirstPersonExampleMap:PersistentLevel.FirstPersonExampleMap'
[2019.11.09-04.41.44:585][509]LogSlate: FSceneViewport::OnFocusLost() reason 2
[2019.11.09-04.41.47:206][574]LogScript: Warning: Infinite script recursion (250 calls) detected - see log for stack trace
	Teleporter_C /Game/FirstPersonBP/Maps/UEDPIE_0_FirstPersonExampleMap.FirstPersonExampleMap:PersistentLevel.Teleporter2
	Function /Game/Teleporter/Teleporter.Teleporter_C:ExecuteUbergraph_Teleporter:0000
[2019.11.09-04.41.47:207][574]PIE: Error: Infinite loop detected. Blueprint:  Teleporter Function:  SetDestReceiver Call Stack:  Show
[2019.11.09-04.41.47:215][574]LogBlueprintUserMessages: Early EndPlayMap Detection: Level '/Game/FirstPersonBP/Maps/FirstPersonExampleMap.FirstPersonExampleMap:PersistentLevel' has LevelScriptBlueprint '/Game/FirstPersonBP/Maps/FirstPersonExampleMap.FirstPersonExampleMap:PersistentLevel.FirstPersonExampleMap' with GeneratedClass '/Game/FirstPersonBP/Maps/FirstPersonExampleMap.FirstPersonExampleMap_C' with ClassGeneratedBy '/Game/FirstPersonBP/Maps/FirstPersonExampleMap.FirstPersonExampleMap:PersistentLevel.FirstPersonExampleMap'
[2019.11.09-04.41.47:217][574]LogSlate: Updating window title bar state: overlay mode, drag disabled, window buttons hidden, title bar hidden
[2019.11.09-04.41.47:264][574]LogSlate: Window 'Mechanics_Sandbox Game Preview Standalone (64-bit/PCD3D_SM5)' being destroyed
[2019.11.09-04.41.47:355][574]LogPlayLevel: Display: Shutting down PIE online subsystems
[2019.11.09-04.41.47:356][574]LogBlueprintUserMessages: Late EndPlayMap Detection: Level '/Game/FirstPersonBP/Maps/FirstPersonExampleMap.FirstPersonExampleMap:PersistentLevel' has LevelScriptBlueprint '/Game/FirstPersonBP/Maps/FirstPersonExampleMap.FirstPersonExampleMap:PersistentLevel.FirstPersonExampleMap' with GeneratedClass '/Game/FirstPersonBP/Maps/FirstPersonExampleMap.FirstPersonExampleMap_C' with ClassGeneratedBy '/Game/FirstPersonBP/Maps/FirstPersonExampleMap.FirstPersonExampleMap:PersistentLevel.FirstPersonExampleMap'
[2019.11.09-04.41.47:500][574]LogUObjectHash: Compacting FUObjectHashTables data took   8.34ms
[2019.11.09-04.41.47:670][575]LogPlayLevel: Display: Destroying online subsystem :Context_34
[2019.11.09-04.41.54:786][768]Cmd: OBJ SAVEPACKAGE PACKAGE="/Game/Teleporter/Teleporter" FILE="C:/Users/danny/Desktop/Systems_Sandbox/Mechanics_Sandbox/Content/Teleporter/Teleporter.uasset" SILENT=true
[2019.11.09-04.41.54:978][768]LogSavePackage: Moving 'C:/Users/danny/Desktop/Systems_Sandbox/Mechanics_Sandbox/Saved/Teleporter7BE662A34632DA820CFB29B89A7C14A0.tmp' to 'C:/Users/danny/Desktop/Systems_Sandbox/Mechanics_Sandbox/Content/Teleporter/Teleporter.uasset'
[2019.11.09-04.42.56:207][142]Cmd: OBJ SAVEPACKAGE PACKAGE="/Game/Teleporter/Teleporter" FILE="C:/Users/danny/Desktop/Systems_Sandbox/Mechanics_Sandbox/Content/Teleporter/Teleporter.uasset" SILENT=true
[2019.11.09-04.42.56:327][142]LogSavePackage: Moving 'C:/Users/danny/Desktop/Systems_Sandbox/Mechanics_Sandbox/Saved/Teleporter94A7A7DC41D52FC07D981EBEFE475C9C.tmp' to 'C:/Users/danny/Desktop/Systems_Sandbox/Mechanics_Sandbox/Content/Teleporter/Teleporter.uasset'
[2019.11.09-04.43.19:990][ 32]Cmd: OBJ SAVEPACKAGE PACKAGE="/Game/Teleporter/Teleporter" FILE="C:/Users/danny/Desktop/Systems_Sandbox/Mechanics_Sandbox/Content/Teleporter/Teleporter.uasset" SILENT=true
[2019.11.09-04.43.20:116][ 32]LogSavePackage: Moving 'C:/Users/danny/Desktop/Systems_Sandbox/Mechanics_Sandbox/Saved/TeleporterA576FE81446FF3F6D6F179AD7F4590F1.tmp' to 'C:/Users/danny/Desktop/Systems_Sandbox/Mechanics_Sandbox/Content/Teleporter/Teleporter.uasset'
[2019.11.09-04.43.39:494][721]Cmd: OBJ SAVEPACKAGE PACKAGE="/Game/Teleporter/Teleporter" FILE="C:/Users/danny/Desktop/Systems_Sandbox/Mechanics_Sandbox/Content/Teleporter/Teleporter.uasset" SILENT=true
[2019.11.09-04.43.39:609][721]LogSavePackage: Moving 'C:/Users/danny/Desktop/Systems_Sandbox/Mechanics_Sandbox/Saved/Teleporter1D1A99AA4136AD37A9CB21BB52EFC7FF.tmp' to 'C:/Users/danny/Desktop/Systems_Sandbox/Mechanics_Sandbox/Content/Teleporter/Teleporter.uasset'
[2019.11.09-04.43.56:463][348]Cmd: OBJ SAVEPACKAGE PACKAGE="/Game/Teleporter/Teleporter" FILE="C:/Users/danny/Desktop/Systems_Sandbox/Mechanics_Sandbox/Content/Teleporter/Teleporter.uasset" SILENT=true
[2019.11.09-04.43.56:586][348]LogSavePackage: Moving 'C:/Users/danny/Desktop/Systems_Sandbox/Mechanics_Sandbox/Saved/Teleporter175D5D694764B1E069F464950F2C4BBF.tmp' to 'C:/Users/danny/Desktop/Systems_Sandbox/Mechanics_Sandbox/Content/Teleporter/Teleporter.uasset'
[2019.11.09-04.44.53:754][349]BlueprintLog: New page: Compile Teleporter
[2019.11.09-04.44.54:371][349]LogUObjectHash: Compacting FUObjectHashTables data took  10.39ms
[2019.11.09-04.45.59:572][648]BlueprintLog: New page: Compile Teleporter
[2019.11.09-04.46.00:222][648]LogUObjectHash: Compacting FUObjectHashTables data took  14.27ms
[2019.11.09-04.46.06:150][833]BlueprintLog: New page: Compile Teleporter
[2019.11.09-04.46.06:751][833]LogUObjectHash: Compacting FUObjectHashTables data took   9.79ms
[2019.11.09-04.46.09:557][927]LogTemp: Repeating last play command: New Editor Window (PIE)
[2019.11.09-04.46.09:638][927]LogBlueprintUserMessages: Early PlayInEditor Detection: Level '/Game/FirstPersonBP/Maps/FirstPersonExampleMap.FirstPersonExampleMap:PersistentLevel' has LevelScriptBlueprint '/Game/FirstPersonBP/Maps/FirstPersonExampleMap.FirstPersonExampleMap:PersistentLevel.FirstPersonExampleMap' with GeneratedClass '/Game/FirstPersonBP/Maps/FirstPersonExampleMap.FirstPersonExampleMap_C' with ClassGeneratedBy '/Game/FirstPersonBP/Maps/FirstPersonExampleMap.FirstPersonExampleMap:PersistentLevel.FirstPersonExampleMap'
[2019.11.09-04.46.09:640][927]LogPlayLevel: PlayLevel: No blueprints needed recompiling
[2019.11.09-04.46.09:640][927]PIE: New page: PIE session: FirstPersonExampleMap (Nov 8, 2019, 12:46:09 PM)
[2019.11.09-04.46.09:641][927]LogPlayLevel: Creating play world package: /Game/FirstPersonBP/Maps/UEDPIE_0_FirstPersonExampleMap
[2019.11.09-04.46.09:682][927]LogPlayLevel: PIE: StaticDuplicateObject took: (0.040713s)
[2019.11.09-04.46.09:684][927]LogAIModule: Creating AISystem for world FirstPersonExampleMap
[2019.11.09-04.46.09:685][927]LogPlayLevel: PIE: World Init took: (0.002734s)
[2019.11.09-04.46.09:686][927]LogPlayLevel: PIE: Created PIE world by copying editor world from /Game/FirstPersonBP/Maps/FirstPersonExampleMap.FirstPersonExampleMap to /Game/FirstPersonBP/Maps/UEDPIE_0_FirstPersonExampleMap.FirstPersonExampleMap (0.045103s)
[2019.11.09-04.46.09:799][927]LogUObjectHash: Compacting FUObjectHashTables data took   8.89ms
[2019.11.09-04.46.09:862][927]LogInit: XAudio2 using 'Headset Earphone (SteelSeries Arctis 5 Chat)' : 2 channels at 48 kHz using 16 bits per sample (channel mask 0x3)
[2019.11.09-04.46.09:903][927]LogInit: FAudioDevice initialized.
[2019.11.09-04.46.09:923][927]LogSlate: Updating window title bar state: overlay mode, drag disabled, window buttons hidden, title bar hidden
[2019.11.09-04.46.09:962][927]LogLoad: Game class is 'FirstPersonGameMode_C'
[2019.11.09-04.46.09:978][927]LogWorld: Bringing World /Game/FirstPersonBP/Maps/UEDPIE_0_FirstPersonExampleMap.FirstPersonExampleMap up for play (max tick rate 60) at 2019.11.08-20.46.09
[2019.11.09-04.46.09:981][927]LogWorld: Bringing up level for play took: 0.016590
[2019.11.09-04.46.10:004][927]PIE: Play in editor start time for /Game/FirstPersonBP/Maps/UEDPIE_0_FirstPersonExampleMap 0.95
[2019.11.09-04.46.10:005][927]LogBlueprintUserMessages: Late PlayInEditor Detection: Level '/Game/FirstPersonBP/Maps/FirstPersonExampleMap.FirstPersonExampleMap:PersistentLevel' has LevelScriptBlueprint '/Game/FirstPersonBP/Maps/FirstPersonExampleMap.FirstPersonExampleMap:PersistentLevel.FirstPersonExampleMap' with GeneratedClass '/Game/FirstPersonBP/Maps/FirstPersonExampleMap.FirstPersonExampleMap_C' with ClassGeneratedBy '/Game/FirstPersonBP/Maps/FirstPersonExampleMap.FirstPersonExampleMap:PersistentLevel.FirstPersonExampleMap'
[2019.11.09-04.46.12:777][996]LogScript: Warning: Infinite script recursion (250 calls) detected - see log for stack trace
	Teleporter_C /Game/FirstPersonBP/Maps/UEDPIE_0_FirstPersonExampleMap.FirstPersonExampleMap:PersistentLevel.Teleporter2
	Function /Game/Teleporter/Teleporter.Teleporter_C:ExecuteUbergraph_Teleporter:0000
[2019.11.09-04.46.12:779][996]PIE: Error: Infinite loop detected. Blueprint:  Teleporter Function:  SetDestReceiver Call Stack:  Show
[2019.11.09-04.46.12:792][996]LogBlueprintUserMessages: Early EndPlayMap Detection: Level '/Game/FirstPersonBP/Maps/FirstPersonExampleMap.FirstPersonExampleMap:PersistentLevel' has LevelScriptBlueprint '/Game/FirstPersonBP/Maps/FirstPersonExampleMap.FirstPersonExampleMap:PersistentLevel.FirstPersonExampleMap' with GeneratedClass '/Game/FirstPersonBP/Maps/FirstPersonExampleMap.FirstPersonExampleMap_C' with ClassGeneratedBy '/Game/FirstPersonBP/Maps/FirstPersonExampleMap.FirstPersonExampleMap:PersistentLevel.FirstPersonExampleMap'
[2019.11.09-04.46.12:794][996]LogSlate: Updating window title bar state: overlay mode, drag disabled, window buttons hidden, title bar hidden
[2019.11.09-04.46.12:838][996]LogSlate: Window 'Mechanics_Sandbox Game Preview Standalone (64-bit/PCD3D_SM5)' being destroyed
[2019.11.09-04.46.12:915][996]LogPlayLevel: Display: Shutting down PIE online subsystems
[2019.11.09-04.46.12:916][996]LogBlueprintUserMessages: Late EndPlayMap Detection: Level '/Game/FirstPersonBP/Maps/FirstPersonExampleMap.FirstPersonExampleMap:PersistentLevel' has LevelScriptBlueprint '/Game/FirstPersonBP/Maps/FirstPersonExampleMap.FirstPersonExampleMap:PersistentLevel.FirstPersonExampleMap' with GeneratedClass '/Game/FirstPersonBP/Maps/FirstPersonExampleMap.FirstPersonExampleMap_C' with ClassGeneratedBy '/Game/FirstPersonBP/Maps/FirstPersonExampleMap.FirstPersonExampleMap:PersistentLevel.FirstPersonExampleMap'
[2019.11.09-04.46.13:045][996]LogUObjectHash: Compacting FUObjectHashTables data took   7.83ms
[2019.11.09-04.46.13:218][997]LogPlayLevel: Display: Destroying online subsystem :Context_35
[2019.11.09-04.46.18:504][172]LogTemp: Repeating last play command: New Editor Window (PIE)
[2019.11.09-04.46.18:569][172]LogBlueprintUserMessages: Early PlayInEditor Detection: Level '/Game/FirstPersonBP/Maps/FirstPersonExampleMap.FirstPersonExampleMap:PersistentLevel' has LevelScriptBlueprint '/Game/FirstPersonBP/Maps/FirstPersonExampleMap.FirstPersonExampleMap:PersistentLevel.FirstPersonExampleMap' with GeneratedClass '/Game/FirstPersonBP/Maps/FirstPersonExampleMap.FirstPersonExampleMap_C' with ClassGeneratedBy '/Game/FirstPersonBP/Maps/FirstPersonExampleMap.FirstPersonExampleMap:PersistentLevel.FirstPersonExampleMap'
[2019.11.09-04.46.18:571][172]LogPlayLevel: PlayLevel: No blueprints needed recompiling
[2019.11.09-04.46.18:571][172]PIE: New page: PIE session: FirstPersonExampleMap (Nov 8, 2019, 12:46:18 PM)
[2019.11.09-04.46.18:572][172]LogPlayLevel: Creating play world package: /Game/FirstPersonBP/Maps/UEDPIE_0_FirstPersonExampleMap
[2019.11.09-04.46.18:612][172]LogPlayLevel: PIE: StaticDuplicateObject took: (0.039641s)
[2019.11.09-04.46.18:615][172]LogAIModule: Creating AISystem for world FirstPersonExampleMap
[2019.11.09-04.46.18:616][172]LogPlayLevel: PIE: World Init took: (0.003405s)
[2019.11.09-04.46.18:616][172]LogPlayLevel: PIE: Created PIE world by copying editor world from /Game/FirstPersonBP/Maps/FirstPersonExampleMap.FirstPersonExampleMap to /Game/FirstPersonBP/Maps/UEDPIE_0_FirstPersonExampleMap.FirstPersonExampleMap (0.044686s)
[2019.11.09-04.46.18:732][172]LogUObjectHash: Compacting FUObjectHashTables data took   4.63ms
[2019.11.09-04.46.18:802][172]LogInit: XAudio2 using 'Headset Earphone (SteelSeries Arctis 5 Chat)' : 2 channels at 48 kHz using 16 bits per sample (channel mask 0x3)
[2019.11.09-04.46.18:844][172]LogInit: FAudioDevice initialized.
[2019.11.09-04.46.18:865][172]LogSlate: Updating window title bar state: overlay mode, drag disabled, window buttons hidden, title bar hidden
[2019.11.09-04.46.18:911][172]LogLoad: Game class is 'FirstPersonGameMode_C'
[2019.11.09-04.46.18:928][172]LogWorld: Bringing World /Game/FirstPersonBP/Maps/UEDPIE_0_FirstPersonExampleMap.FirstPersonExampleMap up for play (max tick rate 60) at 2019.11.08-20.46.18
[2019.11.09-04.46.18:932][172]LogWorld: Bringing up level for play took: 0.018207
[2019.11.09-04.46.18:955][172]PIE: Play in editor start time for /Game/FirstPersonBP/Maps/UEDPIE_0_FirstPersonExampleMap -0.099
[2019.11.09-04.46.18:956][172]LogBlueprintUserMessages: Late PlayInEditor Detection: Level '/Game/FirstPersonBP/Maps/FirstPersonExampleMap.FirstPersonExampleMap:PersistentLevel' has LevelScriptBlueprint '/Game/FirstPersonBP/Maps/FirstPersonExampleMap.FirstPersonExampleMap:PersistentLevel.FirstPersonExampleMap' with GeneratedClass '/Game/FirstPersonBP/Maps/FirstPersonExampleMap.FirstPersonExampleMap_C' with ClassGeneratedBy '/Game/FirstPersonBP/Maps/FirstPersonExampleMap.FirstPersonExampleMap:PersistentLevel.FirstPersonExampleMap'
[2019.11.09-04.46.22:458][263]LogScript: Warning: Infinite script recursion (250 calls) detected - see log for stack trace
	Teleporter_C /Game/FirstPersonBP/Maps/UEDPIE_0_FirstPersonExampleMap.FirstPersonExampleMap:PersistentLevel.Teleporter2
	Function /Game/Teleporter/Teleporter.Teleporter_C:ExecuteUbergraph_Teleporter:0000
[2019.11.09-04.46.22:459][263]PIE: Error: Infinite loop detected. Blueprint:  Teleporter Function:  SetDestReceiver Call Stack:  Show
[2019.11.09-04.46.22:468][263]LogBlueprintUserMessages: Early EndPlayMap Detection: Level '/Game/FirstPersonBP/Maps/FirstPersonExampleMap.FirstPersonExampleMap:PersistentLevel' has LevelScriptBlueprint '/Game/FirstPersonBP/Maps/FirstPersonExampleMap.FirstPersonExampleMap:PersistentLevel.FirstPersonExampleMap' with GeneratedClass '/Game/FirstPersonBP/Maps/FirstPersonExampleMap.FirstPersonExampleMap_C' with ClassGeneratedBy '/Game/FirstPersonBP/Maps/FirstPersonExampleMap.FirstPersonExampleMap:PersistentLevel.FirstPersonExampleMap'
[2019.11.09-04.46.22:470][263]LogSlate: Updating window title bar state: overlay mode, drag disabled, window buttons hidden, title bar hidden
[2019.11.09-04.46.22:515][263]LogSlate: Window 'Mechanics_Sandbox Game Preview Standalone (64-bit/PCD3D_SM5)' being destroyed
[2019.11.09-04.46.22:599][263]LogPlayLevel: Display: Shutting down PIE online subsystems
[2019.11.09-04.46.22:599][263]LogBlueprintUserMessages: Late EndPlayMap Detection: Level '/Game/FirstPersonBP/Maps/FirstPersonExampleMap.FirstPersonExampleMap:PersistentLevel' has LevelScriptBlueprint '/Game/FirstPersonBP/Maps/FirstPersonExampleMap.FirstPersonExampleMap:PersistentLevel.FirstPersonExampleMap' with GeneratedClass '/Game/FirstPersonBP/Maps/FirstPersonExampleMap.FirstPersonExampleMap_C' with ClassGeneratedBy '/Game/FirstPersonBP/Maps/FirstPersonExampleMap.FirstPersonExampleMap:PersistentLevel.FirstPersonExampleMap'
[2019.11.09-04.46.22:732][263]LogUObjectHash: Compacting FUObjectHashTables data took   4.96ms
[2019.11.09-04.46.22:902][264]LogPlayLevel: Display: Destroying online subsystem :Context_36
[2019.11.09-04.46.36:371][774]LogTemp: Repeating last play command: New Editor Window (PIE)
[2019.11.09-04.46.36:429][774]LogBlueprintUserMessages: Early PlayInEditor Detection: Level '/Game/FirstPersonBP/Maps/FirstPersonExampleMap.FirstPersonExampleMap:PersistentLevel' has LevelScriptBlueprint '/Game/FirstPersonBP/Maps/FirstPersonExampleMap.FirstPersonExampleMap:PersistentLevel.FirstPersonExampleMap' with GeneratedClass '/Game/FirstPersonBP/Maps/FirstPersonExampleMap.FirstPersonExampleMap_C' with ClassGeneratedBy '/Game/FirstPersonBP/Maps/FirstPersonExampleMap.FirstPersonExampleMap:PersistentLevel.FirstPersonExampleMap'
[2019.11.09-04.46.36:430][774]LogPlayLevel: PlayLevel: No blueprints needed recompiling
[2019.11.09-04.46.36:431][774]PIE: New page: PIE session: FirstPersonExampleMap (Nov 8, 2019, 12:46:36 PM)
[2019.11.09-04.46.36:431][774]LogPlayLevel: Creating play world package: /Game/FirstPersonBP/Maps/UEDPIE_0_FirstPersonExampleMap
[2019.11.09-04.46.36:470][774]LogPlayLevel: PIE: StaticDuplicateObject took: (0.038103s)
[2019.11.09-04.46.36:472][774]LogAIModule: Creating AISystem for world FirstPersonExampleMap
[2019.11.09-04.46.36:473][774]LogPlayLevel: PIE: World Init took: (0.002457s)
[2019.11.09-04.46.36:474][774]LogPlayLevel: PIE: Created PIE world by copying editor world from /Game/FirstPersonBP/Maps/FirstPersonExampleMap.FirstPersonExampleMap to /Game/FirstPersonBP/Maps/UEDPIE_0_FirstPersonExampleMap.FirstPersonExampleMap (0.042332s)
[2019.11.09-04.46.36:581][774]LogUObjectHash: Compacting FUObjectHashTables data took   5.15ms
[2019.11.09-04.46.36:648][774]LogInit: XAudio2 using 'Headset Earphone (SteelSeries Arctis 5 Chat)' : 2 channels at 48 kHz using 16 bits per sample (channel mask 0x3)
[2019.11.09-04.46.36:687][774]LogInit: FAudioDevice initialized.
[2019.11.09-04.46.36:705][774]LogSlate: Updating window title bar state: overlay mode, drag disabled, window buttons hidden, title bar hidden
[2019.11.09-04.46.36:744][774]LogLoad: Game class is 'FirstPersonGameMode_C'
[2019.11.09-04.46.36:760][774]LogWorld: Bringing World /Game/FirstPersonBP/Maps/UEDPIE_0_FirstPersonExampleMap.FirstPersonExampleMap up for play (max tick rate 60) at 2019.11.08-20.46.36
[2019.11.09-04.46.36:763][774]LogWorld: Bringing up level for play took: 0.016526
[2019.11.09-04.46.36:785][774]PIE: Play in editor start time for /Game/FirstPersonBP/Maps/UEDPIE_0_FirstPersonExampleMap -0.269
[2019.11.09-04.46.36:786][774]LogBlueprintUserMessages: Late PlayInEditor Detection: Level '/Game/FirstPersonBP/Maps/FirstPersonExampleMap.FirstPersonExampleMap:PersistentLevel' has LevelScriptBlueprint '/Game/FirstPersonBP/Maps/FirstPersonExampleMap.FirstPersonExampleMap:PersistentLevel.FirstPersonExampleMap' with GeneratedClass '/Game/FirstPersonBP/Maps/FirstPersonExampleMap.FirstPersonExampleMap_C' with ClassGeneratedBy '/Game/FirstPersonBP/Maps/FirstPersonExampleMap.FirstPersonExampleMap:PersistentLevel.FirstPersonExampleMap'
[2019.11.09-04.46.39:954][861]LogScript: Warning: Infinite script recursion (250 calls) detected - see log for stack trace
	Teleporter_C /Game/FirstPersonBP/Maps/UEDPIE_0_FirstPersonExampleMap.FirstPersonExampleMap:PersistentLevel.Teleporter2
	Function /Game/Teleporter/Teleporter.Teleporter_C:ExecuteUbergraph_Teleporter:0000
[2019.11.09-04.46.39:955][861]PIE: Error: Infinite loop detected. Blueprint:  Teleporter Function:  SetDestReceiver Call Stack:  Show
[2019.11.09-04.46.39:963][861]LogBlueprintUserMessages: Early EndPlayMap Detection: Level '/Game/FirstPersonBP/Maps/FirstPersonExampleMap.FirstPersonExampleMap:PersistentLevel' has LevelScriptBlueprint '/Game/FirstPersonBP/Maps/FirstPersonExampleMap.FirstPersonExampleMap:PersistentLevel.FirstPersonExampleMap' with GeneratedClass '/Game/FirstPersonBP/Maps/FirstPersonExampleMap.FirstPersonExampleMap_C' with ClassGeneratedBy '/Game/FirstPersonBP/Maps/FirstPersonExampleMap.FirstPersonExampleMap:PersistentLevel.FirstPersonExampleMap'
[2019.11.09-04.46.39:966][861]LogSlate: Updating window title bar state: overlay mode, drag disabled, window buttons hidden, title bar hidden
[2019.11.09-04.46.40:012][861]LogSlate: Window 'Mechanics_Sandbox Game Preview Standalone (64-bit/PCD3D_SM5)' being destroyed
[2019.11.09-04.46.40:094][861]LogPlayLevel: Display: Shutting down PIE online subsystems
[2019.11.09-04.46.40:095][861]LogBlueprintUserMessages: Late EndPlayMap Detection: Level '/Game/FirstPersonBP/Maps/FirstPersonExampleMap.FirstPersonExampleMap:PersistentLevel' has LevelScriptBlueprint '/Game/FirstPersonBP/Maps/FirstPersonExampleMap.FirstPersonExampleMap:PersistentLevel.FirstPersonExampleMap' with GeneratedClass '/Game/FirstPersonBP/Maps/FirstPersonExampleMap.FirstPersonExampleMap_C' with ClassGeneratedBy '/Game/FirstPersonBP/Maps/FirstPersonExampleMap.FirstPersonExampleMap:PersistentLevel.FirstPersonExampleMap'
[2019.11.09-04.46.40:213][861]LogUObjectHash: Compacting FUObjectHashTables data took   6.08ms
[2019.11.09-04.46.40:378][862]LogPlayLevel: Display: Destroying online subsystem :Context_37
[2019.11.09-04.46.47:167][ 97]LogTemp: Repeating last play command: New Editor Window (PIE)
[2019.11.09-04.46.47:232][ 97]LogBlueprintUserMessages: Early PlayInEditor Detection: Level '/Game/FirstPersonBP/Maps/FirstPersonExampleMap.FirstPersonExampleMap:PersistentLevel' has LevelScriptBlueprint '/Game/FirstPersonBP/Maps/FirstPersonExampleMap.FirstPersonExampleMap:PersistentLevel.FirstPersonExampleMap' with GeneratedClass '/Game/FirstPersonBP/Maps/FirstPersonExampleMap.FirstPersonExampleMap_C' with ClassGeneratedBy '/Game/FirstPersonBP/Maps/FirstPersonExampleMap.FirstPersonExampleMap:PersistentLevel.FirstPersonExampleMap'
[2019.11.09-04.46.47:234][ 97]LogPlayLevel: PlayLevel: No blueprints needed recompiling
[2019.11.09-04.46.47:235][ 97]PIE: New page: PIE session: FirstPersonExampleMap (Nov 8, 2019, 12:46:47 PM)
[2019.11.09-04.46.47:235][ 97]LogPlayLevel: Creating play world package: /Game/FirstPersonBP/Maps/UEDPIE_0_FirstPersonExampleMap
[2019.11.09-04.46.47:276][ 97]LogPlayLevel: PIE: StaticDuplicateObject took: (0.040432s)
[2019.11.09-04.46.47:277][ 97]LogAIModule: Creating AISystem for world FirstPersonExampleMap
[2019.11.09-04.46.47:279][ 97]LogPlayLevel: PIE: World Init took: (0.002214s)
[2019.11.09-04.46.47:279][ 97]LogPlayLevel: PIE: Created PIE world by copying editor world from /Game/FirstPersonBP/Maps/FirstPersonExampleMap.FirstPersonExampleMap to /Game/FirstPersonBP/Maps/UEDPIE_0_FirstPersonExampleMap.FirstPersonExampleMap (0.044315s)
[2019.11.09-04.46.47:396][ 97]LogUObjectHash: Compacting FUObjectHashTables data took   5.47ms
[2019.11.09-04.46.47:472][ 97]LogInit: XAudio2 using 'Headset Earphone (SteelSeries Arctis 5 Chat)' : 2 channels at 48 kHz using 16 bits per sample (channel mask 0x3)
[2019.11.09-04.46.47:521][ 97]LogInit: FAudioDevice initialized.
[2019.11.09-04.46.47:546][ 97]LogSlate: Updating window title bar state: overlay mode, drag disabled, window buttons hidden, title bar hidden
[2019.11.09-04.46.47:587][ 97]LogLoad: Game class is 'FirstPersonGameMode_C'
[2019.11.09-04.46.47:600][ 97]LogWorld: Bringing World /Game/FirstPersonBP/Maps/UEDPIE_0_FirstPersonExampleMap.FirstPersonExampleMap up for play (max tick rate 60) at 2019.11.08-20.46.47
[2019.11.09-04.46.47:603][ 97]LogWorld: Bringing up level for play took: 0.012955
[2019.11.09-04.46.47:627][ 97]PIE: Play in editor start time for /Game/FirstPersonBP/Maps/UEDPIE_0_FirstPersonExampleMap 0.573
[2019.11.09-04.46.47:628][ 97]LogBlueprintUserMessages: Late PlayInEditor Detection: Level '/Game/FirstPersonBP/Maps/FirstPersonExampleMap.FirstPersonExampleMap:PersistentLevel' has LevelScriptBlueprint '/Game/FirstPersonBP/Maps/FirstPersonExampleMap.FirstPersonExampleMap:PersistentLevel.FirstPersonExampleMap' with GeneratedClass '/Game/FirstPersonBP/Maps/FirstPersonExampleMap.FirstPersonExampleMap_C' with ClassGeneratedBy '/Game/FirstPersonBP/Maps/FirstPersonExampleMap.FirstPersonExampleMap:PersistentLevel.FirstPersonExampleMap'
[2019.11.09-04.46.49:914][148]LogBlueprintDebug: Warning: Hit breakpoint on node 'K2Node_Event', from offset 0
[2019.11.09-04.46.49:915][148]LogBlueprintDebug: 
Script call stack:
	Function /Game/Teleporter/Teleporter.Teleporter_C:ReceiveActorBeginOverlap

[2019.11.09-04.46.49:925][148]LogSlate: FSceneViewport::OnFocusLost() reason 2
[2019.11.09-04.46.59:686][148]LogBlueprintDebug: Warning: Hit breakpoint on node 'K2Node_Event', from offset 0
[2019.11.09-04.46.59:687][148]LogBlueprintDebug: 
Script call stack:
	Function /Game/Teleporter/Teleporter.Teleporter_C:ReceiveActorBeginOverlap

[2019.11.09-04.47.07:828][148]LogBlueprintDebug: Warning: Hit breakpoint on node 'K2Node_Event', from offset 0
[2019.11.09-04.47.07:828][148]LogBlueprintDebug: 
Script call stack:
	Function /Game/Teleporter/Teleporter.Teleporter_C:ReceiveActorBeginOverlap

[2019.11.09-04.47.14:301][148]LogBlueprintDebug: Warning: Hit breakpoint on node 'K2Node_Event', from offset 0
[2019.11.09-04.47.14:302][148]LogBlueprintDebug: 
Script call stack:
	Function /Game/Teleporter/Teleporter.Teleporter_C:ReceiveActorBeginOverlap

[2019.11.09-04.47.49:489][148]LogBlueprintDebug: Warning: Hit breakpoint on node 'K2Node_Event', from offset 0
[2019.11.09-04.47.49:490][148]LogBlueprintDebug: 
Script call stack:
	Function /Game/Teleporter/Teleporter.Teleporter_C:ReceiveActorBeginOverlap

[2019.11.09-04.47.50:244][148]LogBlueprintDebug: Warning: Hit breakpoint on node 'K2Node_Event', from offset 0
[2019.11.09-04.47.50:244][148]LogBlueprintDebug: 
Script call stack:
	Function /Game/Teleporter/Teleporter.Teleporter_C:ReceiveActorBeginOverlap

[2019.11.09-04.47.50:764][148]LogBlueprintDebug: Warning: Hit breakpoint on node 'K2Node_Event', from offset 0
[2019.11.09-04.47.50:765][148]LogBlueprintDebug: 
Script call stack:
	Function /Game/Teleporter/Teleporter.Teleporter_C:ReceiveActorBeginOverlap

[2019.11.09-04.47.51:287][148]LogBlueprintDebug: Warning: Hit breakpoint on node 'K2Node_Event', from offset 0
[2019.11.09-04.47.51:287][148]LogBlueprintDebug: 
Script call stack:
	Function /Game/Teleporter/Teleporter.Teleporter_C:ReceiveActorBeginOverlap

[2019.11.09-04.47.51:919][148]LogBlueprintDebug: Warning: Hit breakpoint on node 'K2Node_Event', from offset 0
[2019.11.09-04.47.51:920][148]LogBlueprintDebug: 
Script call stack:
	Function /Game/Teleporter/Teleporter.Teleporter_C:ReceiveActorBeginOverlap

[2019.11.09-04.47.52:762][148]LogBlueprintDebug: Warning: Hit breakpoint on node 'K2Node_Event', from offset 0
[2019.11.09-04.47.52:762][148]LogBlueprintDebug: 
Script call stack:
	Function /Game/Teleporter/Teleporter.Teleporter_C:ReceiveActorBeginOverlap

[2019.11.09-04.47.56:595][148]LogBlueprintDebug: Warning: Hit breakpoint on node 'K2Node_Event', from offset 0
[2019.11.09-04.47.56:596][148]LogBlueprintDebug: 
Script call stack:
	Function /Game/Teleporter/Teleporter.Teleporter_C:ReceiveActorBeginOverlap

[2019.11.09-04.47.58:322][148]LogScript: Warning: Infinite script recursion (250 calls) detected - see log for stack trace
	Teleporter_C /Game/FirstPersonBP/Maps/UEDPIE_0_FirstPersonExampleMap.FirstPersonExampleMap:PersistentLevel.Teleporter2
	Function /Game/Teleporter/Teleporter.Teleporter_C:ExecuteUbergraph_Teleporter:0000
[2019.11.09-04.47.58:323][148]PIE: Error: Infinite loop detected. Blueprint:  Teleporter Function:  SetDestReceiver Call Stack:  Show
[2019.11.09-04.47.58:332][148]LogBlueprintUserMessages: Early EndPlayMap Detection: Level '/Game/FirstPersonBP/Maps/FirstPersonExampleMap.FirstPersonExampleMap:PersistentLevel' has LevelScriptBlueprint '/Game/FirstPersonBP/Maps/FirstPersonExampleMap.FirstPersonExampleMap:PersistentLevel.FirstPersonExampleMap' with GeneratedClass '/Game/FirstPersonBP/Maps/FirstPersonExampleMap.FirstPersonExampleMap_C' with ClassGeneratedBy '/Game/FirstPersonBP/Maps/FirstPersonExampleMap.FirstPersonExampleMap:PersistentLevel.FirstPersonExampleMap'
[2019.11.09-04.47.58:334][148]LogSlate: Updating window title bar state: overlay mode, drag disabled, window buttons hidden, title bar hidden
[2019.11.09-04.47.58:377][148]LogSlate: Window 'Mechanics_Sandbox Game Preview Standalone (64-bit/PCD3D_SM5)' being destroyed
[2019.11.09-04.47.58:446][148]LogPlayLevel: Display: Shutting down PIE online subsystems
[2019.11.09-04.47.58:447][148]LogBlueprintUserMessages: Late EndPlayMap Detection: Level '/Game/FirstPersonBP/Maps/FirstPersonExampleMap.FirstPersonExampleMap:PersistentLevel' has LevelScriptBlueprint '/Game/FirstPersonBP/Maps/FirstPersonExampleMap.FirstPersonExampleMap:PersistentLevel.FirstPersonExampleMap' with GeneratedClass '/Game/FirstPersonBP/Maps/FirstPersonExampleMap.FirstPersonExampleMap_C' with ClassGeneratedBy '/Game/FirstPersonBP/Maps/FirstPersonExampleMap.FirstPersonExampleMap:PersistentLevel.FirstPersonExampleMap'
[2019.11.09-04.47.58:597][148]LogUObjectHash: Compacting FUObjectHashTables data took   7.53ms
[2019.11.09-04.47.58:772][149]LogPlayLevel: Display: Destroying online subsystem :Context_38
[2019.11.09-04.48.04:940][359]LogUObjectHash: Compacting FUObjectHashTables data took   1.90ms
[2019.11.09-04.48.05:928][359]LogSavePackage: Moving 'C:/Users/danny/Desktop/Systems_Sandbox/Mechanics_Sandbox/Saved/FirstPersonExampleMap_Auto2FC1FD11F4800ED57ABD797A7D7A21308.tmp' to 'C:/Users/danny/Desktop/Systems_Sandbox/Mechanics_Sandbox/Saved/Autosaves/Game/FirstPersonBP/Maps/FirstPersonExampleMap_Auto2.umap'
[2019.11.09-04.48.05:937][359]LogFileHelpers: Editor autosave (incl. sublevels) for '/Game/FirstPersonBP/Maps/FirstPersonExampleMap' took 1.088
[2019.11.09-04.48.05:938][359]LogFileHelpers: Editor autosave (incl. sublevels) for all levels took 1.088
[2019.11.09-04.48.05:943][359]OBJ SavePackage: Generating thumbnails for [1] asset(s) in package [/Game/Teleporter/Teleporter] ([1] browsable assets)...
[2019.11.09-04.48.05:980][359]OBJ SavePackage:     Rendered thumbnail for [Blueprint /Game/Teleporter/Teleporter.Teleporter]
[2019.11.09-04.48.05:981][359]OBJ SavePackage: Finished generating thumbnails for package [/Game/Teleporter/Teleporter]
[2019.11.09-04.48.06:155][359]LogSavePackage: Moving 'C:/Users/danny/Desktop/Systems_Sandbox/Mechanics_Sandbox/Saved/Teleporter_Auto21C534E484CE17C26058EF79A80E35175.tmp' to 'C:/Users/danny/Desktop/Systems_Sandbox/Mechanics_Sandbox/Saved/Autosaves/Game/Teleporter/Teleporter_Auto2.uasset'
[2019.11.09-04.48.06:158][359]LogFileHelpers: Auto-saving content packages took 0.216
[2019.11.09-04.48.26:510][100]LogUnrealEdMisc: Warning: Heartbeat event firing too frequently (27.737 sec). This should never happen. Something is wrong with the timer delegate!
[2019.11.09-04.48.28:050][155]BlueprintLog: New page: Compile Teleporter
[2019.11.09-04.48.28:675][155]LogUObjectHash: Compacting FUObjectHashTables data took   8.31ms
[2019.11.09-04.48.50:581][951]Cmd: OBJ SAVEPACKAGE PACKAGE="/Game/Teleporter/Teleporter" FILE="C:/Users/danny/Desktop/Systems_Sandbox/Mechanics_Sandbox/Content/Teleporter/Teleporter.uasset" SILENT=true
[2019.11.09-04.48.50:742][951]LogSavePackage: Moving 'C:/Users/danny/Desktop/Systems_Sandbox/Mechanics_Sandbox/Saved/TeleporterFDBC22C0488F1351FC63278A7544A9A6.tmp' to 'C:/Users/danny/Desktop/Systems_Sandbox/Mechanics_Sandbox/Content/Teleporter/Teleporter.uasset'
[2019.11.09-04.49.05:429][430]BlueprintLog: New page: Compile Teleporter
[2019.11.09-04.49.06:065][430]LogUObjectHash: Compacting FUObjectHashTables data took  10.75ms
[2019.11.09-04.49.26:239][117]BlueprintLog: New page: Compile Teleporter
[2019.11.09-04.49.26:865][117]LogUObjectHash: Compacting FUObjectHashTables data took  12.41ms
[2019.11.09-04.49.54:220][112]BlueprintLog: New page: Compile Teleporter
[2019.11.09-04.49.54:852][112]LogUObjectHash: Compacting FUObjectHashTables data took   9.36ms
[2019.11.09-04.50.01:020][332]Cmd: OBJ SAVEPACKAGE PACKAGE="/Game/Teleporter/Teleporter" FILE="C:/Users/danny/Desktop/Systems_Sandbox/Mechanics_Sandbox/Content/Teleporter/Teleporter.uasset" SILENT=true
[2019.11.09-04.50.01:162][332]LogSavePackage: Moving 'C:/Users/danny/Desktop/Systems_Sandbox/Mechanics_Sandbox/Saved/Teleporter07B74949457F0478FB9E319156D095EF.tmp' to 'C:/Users/danny/Desktop/Systems_Sandbox/Mechanics_Sandbox/Content/Teleporter/Teleporter.uasset'
[2019.11.09-04.50.09:909][628]Cmd: OBJ SAVEPACKAGE PACKAGE="/Game/Teleporter/Teleporter" FILE="C:/Users/danny/Desktop/Systems_Sandbox/Mechanics_Sandbox/Content/Teleporter/Teleporter.uasset" SILENT=true
[2019.11.09-04.50.10:034][628]LogSavePackage: Moving 'C:/Users/danny/Desktop/Systems_Sandbox/Mechanics_Sandbox/Saved/Teleporter5B88BF87412EA1176FFBE99BA0062E07.tmp' to 'C:/Users/danny/Desktop/Systems_Sandbox/Mechanics_Sandbox/Content/Teleporter/Teleporter.uasset'
[2019.11.09-04.50.24:586][123]BlueprintLog: New page: Compile Teleporter
[2019.11.09-04.50.25:213][123]LogUObjectHash: Compacting FUObjectHashTables data took  11.56ms
[2019.11.09-04.50.48:998][977]BlueprintLog: New page: Compile Teleporter
[2019.11.09-04.50.49:639][977]LogUObjectHash: Compacting FUObjectHashTables data took   9.92ms
[2019.11.09-04.50.50:434][998]LogTemp: Repeating last play command: New Editor Window (PIE)
[2019.11.09-04.50.50:511][998]LogBlueprintUserMessages: Early PlayInEditor Detection: Level '/Game/FirstPersonBP/Maps/FirstPersonExampleMap.FirstPersonExampleMap:PersistentLevel' has LevelScriptBlueprint '/Game/FirstPersonBP/Maps/FirstPersonExampleMap.FirstPersonExampleMap:PersistentLevel.FirstPersonExampleMap' with GeneratedClass '/Game/FirstPersonBP/Maps/FirstPersonExampleMap.FirstPersonExampleMap_C' with ClassGeneratedBy '/Game/FirstPersonBP/Maps/FirstPersonExampleMap.FirstPersonExampleMap:PersistentLevel.FirstPersonExampleMap'
[2019.11.09-04.50.50:512][998]LogPlayLevel: PlayLevel: No blueprints needed recompiling
[2019.11.09-04.50.50:513][998]PIE: New page: PIE session: FirstPersonExampleMap (Nov 8, 2019, 12:50:50 PM)
[2019.11.09-04.50.50:513][998]LogPlayLevel: Creating play world package: /Game/FirstPersonBP/Maps/UEDPIE_0_FirstPersonExampleMap
[2019.11.09-04.50.50:557][998]LogPlayLevel: PIE: StaticDuplicateObject took: (0.043136s)
[2019.11.09-04.50.50:559][998]LogAIModule: Creating AISystem for world FirstPersonExampleMap
[2019.11.09-04.50.50:560][998]LogPlayLevel: PIE: World Init took: (0.002331s)
[2019.11.09-04.50.50:560][998]LogPlayLevel: PIE: Created PIE world by copying editor world from /Game/FirstPersonBP/Maps/FirstPersonExampleMap.FirstPersonExampleMap to /Game/FirstPersonBP/Maps/UEDPIE_0_FirstPersonExampleMap.FirstPersonExampleMap (0.046715s)
[2019.11.09-04.50.50:674][998]LogUObjectHash: Compacting FUObjectHashTables data took   9.56ms
[2019.11.09-04.50.50:739][998]LogInit: XAudio2 using 'Headset Earphone (SteelSeries Arctis 5 Chat)' : 2 channels at 48 kHz using 16 bits per sample (channel mask 0x3)
[2019.11.09-04.50.50:776][998]LogInit: FAudioDevice initialized.
[2019.11.09-04.50.50:794][998]LogSlate: Updating window title bar state: overlay mode, drag disabled, window buttons hidden, title bar hidden
[2019.11.09-04.50.50:835][998]LogLoad: Game class is 'FirstPersonGameMode_C'
[2019.11.09-04.50.50:852][998]LogWorld: Bringing World /Game/FirstPersonBP/Maps/UEDPIE_0_FirstPersonExampleMap.FirstPersonExampleMap up for play (max tick rate 60) at 2019.11.08-20.50.50
[2019.11.09-04.50.50:854][998]LogWorld: Bringing up level for play took: 0.016495
[2019.11.09-04.50.50:879][998]PIE: Play in editor start time for /Game/FirstPersonBP/Maps/UEDPIE_0_FirstPersonExampleMap -0.175
[2019.11.09-04.50.50:880][998]LogBlueprintUserMessages: Late PlayInEditor Detection: Level '/Game/FirstPersonBP/Maps/FirstPersonExampleMap.FirstPersonExampleMap:PersistentLevel' has LevelScriptBlueprint '/Game/FirstPersonBP/Maps/FirstPersonExampleMap.FirstPersonExampleMap:PersistentLevel.FirstPersonExampleMap' with GeneratedClass '/Game/FirstPersonBP/Maps/FirstPersonExampleMap.FirstPersonExampleMap_C' with ClassGeneratedBy '/Game/FirstPersonBP/Maps/FirstPersonExampleMap.FirstPersonExampleMap:PersistentLevel.FirstPersonExampleMap'
[2019.11.09-04.50.53:531][ 57]LogBlueprintDebug: Warning: Hit breakpoint on node 'K2Node_Event', from offset 0
[2019.11.09-04.50.53:531][ 57]LogBlueprintDebug: 
Script call stack:
	Function /Game/Teleporter/Teleporter.Teleporter_C:ReceiveActorBeginOverlap

[2019.11.09-04.50.53:543][ 57]LogSlate: FSceneViewport::OnFocusLost() reason 2
[2019.11.09-04.50.58:556][ 57]LogBlueprintDebug: Warning: Hit breakpoint on node 'K2Node_Event', from offset 0
[2019.11.09-04.50.58:556][ 57]LogBlueprintDebug: 
Script call stack:
	Function /Game/Teleporter/Teleporter.Teleporter_C:ReceiveActorBeginOverlap

[2019.11.09-04.51.03:510][ 57]LogBlueprintDebug: Warning: Hit breakpoint on node 'K2Node_Event', from offset 0
[2019.11.09-04.51.03:510][ 57]LogBlueprintDebug: 
Script call stack:
	Function /Game/Teleporter/Teleporter.Teleporter_C:ReceiveActorBeginOverlap

[2019.11.09-04.51.04:440][ 57]LogBlueprintDebug: Warning: Hit breakpoint on node 'K2Node_Event', from offset 0
[2019.11.09-04.51.04:440][ 57]LogBlueprintDebug: 
Script call stack:
	Function /Game/Teleporter/Teleporter.Teleporter_C:ReceiveActorBeginOverlap

[2019.11.09-04.51.04:861][ 57]LogBlueprintDebug: Warning: Hit breakpoint on node 'K2Node_Event', from offset 0
[2019.11.09-04.51.04:861][ 57]LogBlueprintDebug: 
Script call stack:
	Function /Game/Teleporter/Teleporter.Teleporter_C:ReceiveActorBeginOverlap

[2019.11.09-04.51.05:311][ 57]LogBlueprintDebug: Warning: Hit breakpoint on node 'K2Node_Event', from offset 0
[2019.11.09-04.51.05:311][ 57]LogBlueprintDebug: 
Script call stack:
	Function /Game/Teleporter/Teleporter.Teleporter_C:ReceiveActorBeginOverlap

[2019.11.09-04.51.05:661][ 57]LogBlueprintDebug: Warning: Hit breakpoint on node 'K2Node_Event', from offset 0
[2019.11.09-04.51.05:662][ 57]LogBlueprintDebug: 
Script call stack:
	Function /Game/Teleporter/Teleporter.Teleporter_C:ReceiveActorBeginOverlap

[2019.11.09-04.51.06:059][ 57]LogBlueprintDebug: Warning: Hit breakpoint on node 'K2Node_Event', from offset 0
[2019.11.09-04.51.06:059][ 57]LogBlueprintDebug: 
Script call stack:
	Function /Game/Teleporter/Teleporter.Teleporter_C:ReceiveActorBeginOverlap

[2019.11.09-04.51.06:431][ 57]LogBlueprintDebug: Warning: Hit breakpoint on node 'K2Node_Event', from offset 0
[2019.11.09-04.51.06:432][ 57]LogBlueprintDebug: 
Script call stack:
	Function /Game/Teleporter/Teleporter.Teleporter_C:ReceiveActorBeginOverlap

[2019.11.09-04.51.06:834][ 57]LogBlueprintDebug: Warning: Hit breakpoint on node 'K2Node_Event', from offset 0
[2019.11.09-04.51.06:834][ 57]LogBlueprintDebug: 
Script call stack:
	Function /Game/Teleporter/Teleporter.Teleporter_C:ReceiveActorBeginOverlap

[2019.11.09-04.51.07:217][ 57]LogBlueprintDebug: Warning: Hit breakpoint on node 'K2Node_Event', from offset 0
[2019.11.09-04.51.07:217][ 57]LogBlueprintDebug: 
Script call stack:
	Function /Game/Teleporter/Teleporter.Teleporter_C:ReceiveActorBeginOverlap

[2019.11.09-04.51.07:621][ 57]LogBlueprintDebug: Warning: Hit breakpoint on node 'K2Node_Event', from offset 0
[2019.11.09-04.51.07:621][ 57]LogBlueprintDebug: 
Script call stack:
	Function /Game/Teleporter/Teleporter.Teleporter_C:ReceiveActorBeginOverlap

[2019.11.09-04.51.07:995][ 57]LogBlueprintDebug: Warning: Hit breakpoint on node 'K2Node_Event', from offset 0
[2019.11.09-04.51.07:995][ 57]LogBlueprintDebug: 
Script call stack:
	Function /Game/Teleporter/Teleporter.Teleporter_C:ReceiveActorBeginOverlap

[2019.11.09-04.51.08:405][ 57]LogBlueprintDebug: Warning: Hit breakpoint on node 'K2Node_Event', from offset 0
[2019.11.09-04.51.08:405][ 57]LogBlueprintDebug: 
Script call stack:
	Function /Game/Teleporter/Teleporter.Teleporter_C:ReceiveActorBeginOverlap

[2019.11.09-04.51.08:810][ 57]LogBlueprintDebug: Warning: Hit breakpoint on node 'K2Node_Event', from offset 0
[2019.11.09-04.51.08:811][ 57]LogBlueprintDebug: 
Script call stack:
	Function /Game/Teleporter/Teleporter.Teleporter_C:ReceiveActorBeginOverlap

[2019.11.09-04.51.11:314][ 57]LogBlueprintDebug: Warning: Hit breakpoint on node 'K2Node_Event', from offset 0
[2019.11.09-04.51.11:314][ 57]LogBlueprintDebug: 
Script call stack:
	Function /Game/Teleporter/Teleporter.Teleporter_C:ReceiveActorBeginOverlap

[2019.11.09-04.51.12:774][ 57]LogScript: Warning: Infinite script recursion (250 calls) detected - see log for stack trace
	Teleporter_C /Game/FirstPersonBP/Maps/UEDPIE_0_FirstPersonExampleMap.FirstPersonExampleMap:PersistentLevel.Teleporter2
	Function /Game/Teleporter/Teleporter.Teleporter_C:ExecuteUbergraph_Teleporter:0000
[2019.11.09-04.51.12:775][ 57]PIE: Error: Infinite loop detected. Blueprint:  Teleporter Function:  SetDestReceiver Call Stack:  Show
[2019.11.09-04.51.12:785][ 57]LogBlueprintUserMessages: Early EndPlayMap Detection: Level '/Game/FirstPersonBP/Maps/FirstPersonExampleMap.FirstPersonExampleMap:PersistentLevel' has LevelScriptBlueprint '/Game/FirstPersonBP/Maps/FirstPersonExampleMap.FirstPersonExampleMap:PersistentLevel.FirstPersonExampleMap' with GeneratedClass '/Game/FirstPersonBP/Maps/FirstPersonExampleMap.FirstPersonExampleMap_C' with ClassGeneratedBy '/Game/FirstPersonBP/Maps/FirstPersonExampleMap.FirstPersonExampleMap:PersistentLevel.FirstPersonExampleMap'
[2019.11.09-04.51.12:787][ 57]LogSlate: Updating window title bar state: overlay mode, drag disabled, window buttons hidden, title bar hidden
[2019.11.09-04.51.12:832][ 57]LogSlate: Window 'Mechanics_Sandbox Game Preview Standalone (64-bit/PCD3D_SM5)' being destroyed
[2019.11.09-04.51.12:907][ 57]LogPlayLevel: Display: Shutting down PIE online subsystems
[2019.11.09-04.51.12:907][ 57]LogBlueprintUserMessages: Late EndPlayMap Detection: Level '/Game/FirstPersonBP/Maps/FirstPersonExampleMap.FirstPersonExampleMap:PersistentLevel' has LevelScriptBlueprint '/Game/FirstPersonBP/Maps/FirstPersonExampleMap.FirstPersonExampleMap:PersistentLevel.FirstPersonExampleMap' with GeneratedClass '/Game/FirstPersonBP/Maps/FirstPersonExampleMap.FirstPersonExampleMap_C' with ClassGeneratedBy '/Game/FirstPersonBP/Maps/FirstPersonExampleMap.FirstPersonExampleMap:PersistentLevel.FirstPersonExampleMap'
[2019.11.09-04.51.13:036][ 57]LogUObjectHash: Compacting FUObjectHashTables data took   7.59ms
[2019.11.09-04.51.13:221][ 58]LogPlayLevel: Display: Destroying online subsystem :Context_39
[2019.11.09-04.51.59:219][741]LogPhysics: Warning: PopulatePhysXGeometryAndTransform(Convex): ConvexElem has invalid transform
[2019.11.09-04.51.59:220][741]LogPhysics: Warning: ForeachShape(Convex): ScaledElem[0] invalid
[2019.11.09-04.51.59:223][741]LogPhysics: Warning: PopulatePhysXGeometryAndTransform(Convex): ConvexElem has invalid transform
[2019.11.09-04.51.59:223][741]LogPhysics: Warning: ForeachShape(Convex): ScaledElem[0] invalid
[2019.11.09-04.51.59:224][741]LogPhysics: Warning: PopulatePhysXGeometryAndTransform(Convex): ConvexElem has invalid transform
[2019.11.09-04.51.59:225][741]LogPhysics: Warning: ForeachShape(Convex): ScaledElem[0] invalid
[2019.11.09-04.51.59:227][741]LogPhysics: Warning: PopulatePhysXGeometryAndTransform(Convex): ConvexElem has invalid transform
[2019.11.09-04.51.59:227][741]LogPhysics: Warning: ForeachShape(Convex): ScaledElem[0] invalid
[2019.11.09-04.51.59:228][741]LogPhysics: Warning: PopulatePhysXGeometryAndTransform(Convex): ConvexElem has invalid transform
[2019.11.09-04.51.59:228][741]LogPhysics: Warning: ForeachShape(Convex): ScaledElem[0] invalid
[2019.11.09-04.51.59:229][741]LogPhysics: Warning: PopulatePhysXGeometryAndTransform(Convex): ConvexElem has invalid transform
[2019.11.09-04.51.59:229][741]LogPhysics: Warning: ForeachShape(Convex): ScaledElem[0] invalid
[2019.11.09-04.51.59:231][741]LogPhysics: Warning: PopulatePhysXGeometryAndTransform(Convex): ConvexElem has invalid transform
[2019.11.09-04.51.59:232][741]LogPhysics: Warning: ForeachShape(Convex): ScaledElem[0] invalid
[2019.11.09-04.51.59:232][741]LogPhysics: Warning: PopulatePhysXGeometryAndTransform(Convex): ConvexElem has invalid transform
[2019.11.09-04.51.59:233][741]LogPhysics: Warning: ForeachShape(Convex): ScaledElem[0] invalid
[2019.11.09-04.51.59:234][741]LogPhysics: Warning: PopulatePhysXGeometryAndTransform(Convex): ConvexElem has invalid transform
[2019.11.09-04.51.59:234][741]LogPhysics: Warning: ForeachShape(Convex): ScaledElem[0] invalid
[2019.11.09-04.51.59:236][741]LogPhysics: Warning: PopulatePhysXGeometryAndTransform(Convex): ConvexElem has invalid transform
[2019.11.09-04.51.59:237][741]LogPhysics: Warning: ForeachShape(Convex): ScaledElem[0] invalid
[2019.11.09-04.51.59:238][741]LogPhysics: Warning: PopulatePhysXGeometryAndTransform(Convex): ConvexElem has invalid transform
[2019.11.09-04.51.59:238][741]LogPhysics: Warning: ForeachShape(Convex): ScaledElem[0] invalid
[2019.11.09-04.51.59:239][741]LogPhysics: Warning: PopulatePhysXGeometryAndTransform(Convex): ConvexElem has invalid transform
[2019.11.09-04.51.59:240][741]LogPhysics: Warning: ForeachShape(Convex): ScaledElem[0] invalid
[2019.11.09-04.52.01:077][802]LogPhysics: Warning: PopulatePhysXGeometryAndTransform(Convex): ConvexElem has invalid transform
[2019.11.09-04.52.01:078][802]LogPhysics: Warning: ForeachShape(Convex): ScaledElem[0] invalid
[2019.11.09-04.52.01:080][802]LogPhysics: Warning: PopulatePhysXGeometryAndTransform(Convex): ConvexElem has invalid transform
[2019.11.09-04.52.01:081][802]LogPhysics: Warning: ForeachShape(Convex): ScaledElem[0] invalid
[2019.11.09-04.52.01:082][802]LogPhysics: Warning: PopulatePhysXGeometryAndTransform(Convex): ConvexElem has invalid transform
[2019.11.09-04.52.01:082][802]LogPhysics: Warning: ForeachShape(Convex): ScaledElem[0] invalid
[2019.11.09-04.52.01:084][802]LogPhysics: Warning: PopulatePhysXGeometryAndTransform(Convex): ConvexElem has invalid transform
[2019.11.09-04.52.01:084][802]LogPhysics: Warning: ForeachShape(Convex): ScaledElem[0] invalid
[2019.11.09-04.52.01:086][802]LogPhysics: Warning: PopulatePhysXGeometryAndTransform(Convex): ConvexElem has invalid transform
[2019.11.09-04.52.01:086][802]LogPhysics: Warning: ForeachShape(Convex): ScaledElem[0] invalid
[2019.11.09-04.52.01:088][802]LogPhysics: Warning: PopulatePhysXGeometryAndTransform(Convex): ConvexElem has invalid transform
[2019.11.09-04.52.01:088][802]LogPhysics: Warning: ForeachShape(Convex): ScaledElem[0] invalid
[2019.11.09-04.52.01:090][802]LogPhysics: Warning: PopulatePhysXGeometryAndTransform(Convex): ConvexElem has invalid transform
[2019.11.09-04.52.01:090][802]LogPhysics: Warning: ForeachShape(Convex): ScaledElem[0] invalid
[2019.11.09-04.52.01:091][802]LogPhysics: Warning: PopulatePhysXGeometryAndTransform(Convex): ConvexElem has invalid transform
[2019.11.09-04.52.01:092][802]LogPhysics: Warning: ForeachShape(Convex): ScaledElem[0] invalid
[2019.11.09-04.52.01:093][802]LogPhysics: Warning: PopulatePhysXGeometryAndTransform(Convex): ConvexElem has invalid transform
[2019.11.09-04.52.01:093][802]LogPhysics: Warning: ForeachShape(Convex): ScaledElem[0] invalid
[2019.11.09-04.52.11:179][163]LogPhysics: Warning: PopulatePhysXGeometryAndTransform(Convex): ConvexElem has invalid transform
[2019.11.09-04.52.11:180][163]LogPhysics: Warning: ForeachShape(Convex): ScaledElem[0] invalid
[2019.11.09-04.52.11:181][163]LogPhysics: Warning: PopulatePhysXGeometryAndTransform(Convex): ConvexElem has invalid transform
[2019.11.09-04.52.11:182][163]LogPhysics: Warning: ForeachShape(Convex): ScaledElem[0] invalid
[2019.11.09-04.52.11:183][163]LogPhysics: Warning: PopulatePhysXGeometryAndTransform(Convex): ConvexElem has invalid transform
[2019.11.09-04.52.11:183][163]LogPhysics: Warning: ForeachShape(Convex): ScaledElem[0] invalid
[2019.11.09-04.52.11:185][163]LogPhysics: Warning: PopulatePhysXGeometryAndTransform(Convex): ConvexElem has invalid transform
[2019.11.09-04.52.11:185][163]LogPhysics: Warning: ForeachShape(Convex): ScaledElem[0] invalid
[2019.11.09-04.52.11:187][163]LogPhysics: Warning: PopulatePhysXGeometryAndTransform(Convex): ConvexElem has invalid transform
[2019.11.09-04.52.11:187][163]LogPhysics: Warning: ForeachShape(Convex): ScaledElem[0] invalid
[2019.11.09-04.52.11:188][163]LogPhysics: Warning: PopulatePhysXGeometryAndTransform(Convex): ConvexElem has invalid transform
[2019.11.09-04.52.11:189][163]LogPhysics: Warning: ForeachShape(Convex): ScaledElem[0] invalid
[2019.11.09-04.52.11:190][163]LogPhysics: Warning: PopulatePhysXGeometryAndTransform(Convex): ConvexElem has invalid transform
[2019.11.09-04.52.11:191][163]LogPhysics: Warning: ForeachShape(Convex): ScaledElem[0] invalid
[2019.11.09-04.52.11:192][163]LogPhysics: Warning: PopulatePhysXGeometryAndTransform(Convex): ConvexElem has invalid transform
[2019.11.09-04.52.11:193][163]LogPhysics: Warning: ForeachShape(Convex): ScaledElem[0] invalid
[2019.11.09-04.52.11:193][163]LogPhysics: Warning: PopulatePhysXGeometryAndTransform(Convex): ConvexElem has invalid transform
[2019.11.09-04.52.11:194][163]LogPhysics: Warning: ForeachShape(Convex): ScaledElem[0] invalid
[2019.11.09-04.52.14:941][294]LogPhysics: Warning: PopulatePhysXGeometryAndTransform(Convex): ConvexElem has invalid transform
[2019.11.09-04.52.14:941][294]LogPhysics: Warning: ForeachShape(Convex): ScaledElem[0] invalid
[2019.11.09-04.52.14:942][294]LogPhysics: Warning: PopulatePhysXGeometryAndTransform(Convex): ConvexElem has invalid transform
[2019.11.09-04.52.14:943][294]LogPhysics: Warning: ForeachShape(Convex): ScaledElem[0] invalid
[2019.11.09-04.52.14:945][294]LogPhysics: Warning: PopulatePhysXGeometryAndTransform(Convex): ConvexElem has invalid transform
[2019.11.09-04.52.14:945][294]LogPhysics: Warning: ForeachShape(Convex): ScaledElem[0] invalid
[2019.11.09-04.52.14:946][294]LogPhysics: Warning: PopulatePhysXGeometryAndTransform(Convex): ConvexElem has invalid transform
[2019.11.09-04.52.14:946][294]LogPhysics: Warning: ForeachShape(Convex): ScaledElem[0] invalid
[2019.11.09-04.52.14:947][294]LogPhysics: Warning: PopulatePhysXGeometryAndTransform(Convex): ConvexElem has invalid transform
[2019.11.09-04.52.14:947][294]LogPhysics: Warning: ForeachShape(Convex): ScaledElem[0] invalid
[2019.11.09-04.52.14:948][294]LogPhysics: Warning: PopulatePhysXGeometryAndTransform(Convex): ConvexElem has invalid transform
[2019.11.09-04.52.14:948][294]LogPhysics: Warning: ForeachShape(Convex): ScaledElem[0] invalid
[2019.11.09-04.52.14:950][294]LogPhysics: Warning: PopulatePhysXGeometryAndTransform(Convex): ConvexElem has invalid transform
[2019.11.09-04.52.14:950][294]LogPhysics: Warning: ForeachShape(Convex): ScaledElem[0] invalid
[2019.11.09-04.52.14:951][294]LogPhysics: Warning: PopulatePhysXGeometryAndTransform(Convex): ConvexElem has invalid transform
[2019.11.09-04.52.14:951][294]LogPhysics: Warning: ForeachShape(Convex): ScaledElem[0] invalid
[2019.11.09-04.52.14:952][294]LogPhysics: Warning: PopulatePhysXGeometryAndTransform(Convex): ConvexElem has invalid transform
[2019.11.09-04.52.14:952][294]LogPhysics: Warning: ForeachShape(Convex): ScaledElem[0] invalid
[2019.11.09-04.52.14:954][294]LogPhysics: Warning: PopulatePhysXGeometryAndTransform(Convex): ConvexElem has invalid transform
[2019.11.09-04.52.14:955][294]LogPhysics: Warning: ForeachShape(Convex): ScaledElem[0] invalid
[2019.11.09-04.52.14:956][294]LogPhysics: Warning: PopulatePhysXGeometryAndTransform(Convex): ConvexElem has invalid transform
[2019.11.09-04.52.14:956][294]LogPhysics: Warning: ForeachShape(Convex): ScaledElem[0] invalid
[2019.11.09-04.52.14:957][294]LogPhysics: Warning: PopulatePhysXGeometryAndTransform(Convex): ConvexElem has invalid transform
[2019.11.09-04.52.14:957][294]LogPhysics: Warning: ForeachShape(Convex): ScaledElem[0] invalid
[2019.11.09-04.52.14:960][294]LogPhysics: Warning: PopulatePhysXGeometryAndTransform(Convex): ConvexElem has invalid transform
[2019.11.09-04.52.14:960][294]LogPhysics: Warning: ForeachShape(Convex): ScaledElem[0] invalid
[2019.11.09-04.52.14:963][294]LogPhysics: Warning: PopulatePhysXGeometryAndTransform(Convex): ConvexElem has invalid transform
[2019.11.09-04.52.14:964][294]LogPhysics: Warning: ForeachShape(Convex): ScaledElem[0] invalid
[2019.11.09-04.52.14:966][294]LogPhysics: Warning: PopulatePhysXGeometryAndTransform(Convex): ConvexElem has invalid transform
[2019.11.09-04.52.14:966][294]LogPhysics: Warning: ForeachShape(Convex): ScaledElem[0] invalid
[2019.11.09-04.52.21:026][507]LogPhysics: Warning: PopulatePhysXGeometryAndTransform(Convex): ConvexElem has invalid transform
[2019.11.09-04.52.21:026][507]LogPhysics: Warning: ForeachShape(Convex): ScaledElem[0] invalid
[2019.11.09-04.52.21:028][507]LogPhysics: Warning: PopulatePhysXGeometryAndTransform(Convex): ConvexElem has invalid transform
[2019.11.09-04.52.21:028][507]LogPhysics: Warning: ForeachShape(Convex): ScaledElem[0] invalid
[2019.11.09-04.52.21:029][507]LogPhysics: Warning: PopulatePhysXGeometryAndTransform(Convex): ConvexElem has invalid transform
[2019.11.09-04.52.21:030][507]LogPhysics: Warning: ForeachShape(Convex): ScaledElem[0] invalid
[2019.11.09-04.52.21:032][507]LogPhysics: Warning: PopulatePhysXGeometryAndTransform(Convex): ConvexElem has invalid transform
[2019.11.09-04.52.21:033][507]LogPhysics: Warning: ForeachShape(Convex): ScaledElem[0] invalid
[2019.11.09-04.52.21:034][507]LogPhysics: Warning: PopulatePhysXGeometryAndTransform(Convex): ConvexElem has invalid transform
[2019.11.09-04.52.21:034][507]LogPhysics: Warning: ForeachShape(Convex): ScaledElem[0] invalid
[2019.11.09-04.52.21:035][507]LogPhysics: Warning: PopulatePhysXGeometryAndTransform(Convex): ConvexElem has invalid transform
[2019.11.09-04.52.21:035][507]LogPhysics: Warning: ForeachShape(Convex): ScaledElem[0] invalid
[2019.11.09-04.52.21:039][507]LogPhysics: Warning: PopulatePhysXGeometryAndTransform(Convex): ConvexElem has invalid transform
[2019.11.09-04.52.21:040][507]LogPhysics: Warning: ForeachShape(Convex): ScaledElem[0] invalid
[2019.11.09-04.52.21:041][507]LogPhysics: Warning: PopulatePhysXGeometryAndTransform(Convex): ConvexElem has invalid transform
[2019.11.09-04.52.21:041][507]LogPhysics: Warning: ForeachShape(Convex): ScaledElem[0] invalid
[2019.11.09-04.52.21:042][507]LogPhysics: Warning: PopulatePhysXGeometryAndTransform(Convex): ConvexElem has invalid transform
[2019.11.09-04.52.21:042][507]LogPhysics: Warning: ForeachShape(Convex): ScaledElem[0] invalid
[2019.11.09-04.52.22:481][551]BlueprintLog: New page: Compile Teleporter
[2019.11.09-04.52.22:506][551]LogPhysics: Warning: PopulatePhysXGeometryAndTransform(Convex): ConvexElem has invalid transform
[2019.11.09-04.52.22:506][551]LogPhysics: Warning: ForeachShape(Convex): ScaledElem[0] invalid
[2019.11.09-04.52.22:507][551]LogPhysics: Warning: PopulatePhysXGeometryAndTransform(Convex): ConvexElem has invalid transform
[2019.11.09-04.52.22:507][551]LogPhysics: Warning: ForeachShape(Convex): ScaledElem[0] invalid
[2019.11.09-04.52.22:509][551]LogPhysics: Warning: PopulatePhysXGeometryAndTransform(Convex): ConvexElem has invalid transform
[2019.11.09-04.52.22:509][551]LogPhysics: Warning: ForeachShape(Convex): ScaledElem[0] invalid
[2019.11.09-04.52.22:510][551]LogPhysics: Warning: PopulatePhysXGeometryAndTransform(Convex): ConvexElem has invalid transform
[2019.11.09-04.52.22:511][551]LogPhysics: Warning: ForeachShape(Convex): ScaledElem[0] invalid
[2019.11.09-04.52.22:512][551]LogPhysics: Warning: PopulatePhysXGeometryAndTransform(Convex): ConvexElem has invalid transform
[2019.11.09-04.52.22:513][551]LogPhysics: Warning: ForeachShape(Convex): ScaledElem[0] invalid
[2019.11.09-04.52.22:513][551]LogPhysics: Warning: PopulatePhysXGeometryAndTransform(Convex): ConvexElem has invalid transform
[2019.11.09-04.52.22:514][551]LogPhysics: Warning: ForeachShape(Convex): ScaledElem[0] invalid
[2019.11.09-04.52.23:103][551]LogUObjectHash: Compacting FUObjectHashTables data took   9.30ms
[2019.11.09-04.52.23:108][551]LogPhysics: Warning: PopulatePhysXGeometryAndTransform(Convex): ConvexElem has invalid transform
[2019.11.09-04.52.23:109][551]LogPhysics: Warning: ForeachShape(Convex): ScaledElem[0] invalid
[2019.11.09-04.52.23:110][551]LogPhysics: Warning: PopulatePhysXGeometryAndTransform(Convex): ConvexElem has invalid transform
[2019.11.09-04.52.23:111][551]LogPhysics: Warning: ForeachShape(Convex): ScaledElem[0] invalid
[2019.11.09-04.52.23:112][551]LogPhysics: Warning: PopulatePhysXGeometryAndTransform(Convex): ConvexElem has invalid transform
[2019.11.09-04.52.23:113][551]LogPhysics: Warning: ForeachShape(Convex): ScaledElem[0] invalid
[2019.11.09-04.52.23:115][551]LogPhysics: Warning: PopulatePhysXGeometryAndTransform(Convex): ConvexElem has invalid transform
[2019.11.09-04.52.23:116][551]LogPhysics: Warning: ForeachShape(Convex): ScaledElem[0] invalid
[2019.11.09-04.52.23:116][551]LogPhysics: Warning: PopulatePhysXGeometryAndTransform(Convex): ConvexElem has invalid transform
[2019.11.09-04.52.23:117][551]LogPhysics: Warning: ForeachShape(Convex): ScaledElem[0] invalid
[2019.11.09-04.52.23:118][551]LogPhysics: Warning: PopulatePhysXGeometryAndTransform(Convex): ConvexElem has invalid transform
[2019.11.09-04.52.23:118][551]LogPhysics: Warning: ForeachShape(Convex): ScaledElem[0] invalid
[2019.11.09-04.52.23:120][551]LogPhysics: Warning: PopulatePhysXGeometryAndTransform(Convex): ConvexElem has invalid transform
[2019.11.09-04.52.23:121][551]LogPhysics: Warning: ForeachShape(Convex): ScaledElem[0] invalid
[2019.11.09-04.52.23:122][551]LogPhysics: Warning: PopulatePhysXGeometryAndTransform(Convex): ConvexElem has invalid transform
[2019.11.09-04.52.23:122][551]LogPhysics: Warning: ForeachShape(Convex): ScaledElem[0] invalid
[2019.11.09-04.52.23:123][551]LogPhysics: Warning: PopulatePhysXGeometryAndTransform(Convex): ConvexElem has invalid transform
[2019.11.09-04.52.23:123][551]LogPhysics: Warning: ForeachShape(Convex): ScaledElem[0] invalid
[2019.11.09-04.52.23:143][551]LogPhysics: Warning: PopulatePhysXGeometryAndTransform(Convex): ConvexElem has invalid transform
[2019.11.09-04.52.23:143][551]LogPhysics: Warning: ForeachShape(Convex): ScaledElem[0] invalid
[2019.11.09-04.52.23:144][551]LogPhysics: Warning: PopulatePhysXGeometryAndTransform(Convex): ConvexElem has invalid transform
[2019.11.09-04.52.23:144][551]LogPhysics: Warning: ForeachShape(Convex): ScaledElem[0] invalid
[2019.11.09-04.52.23:145][551]LogPhysics: Warning: PopulatePhysXGeometryAndTransform(Convex): ConvexElem has invalid transform
[2019.11.09-04.52.23:145][551]LogPhysics: Warning: ForeachShape(Convex): ScaledElem[0] invalid
[2019.11.09-04.52.23:147][551]LogPhysics: Warning: PopulatePhysXGeometryAndTransform(Convex): ConvexElem has invalid transform
[2019.11.09-04.52.23:147][551]LogPhysics: Warning: ForeachShape(Convex): ScaledElem[0] invalid
[2019.11.09-04.52.23:148][551]LogPhysics: Warning: PopulatePhysXGeometryAndTransform(Convex): ConvexElem has invalid transform
[2019.11.09-04.52.23:148][551]LogPhysics: Warning: ForeachShape(Convex): ScaledElem[0] invalid
[2019.11.09-04.52.23:149][551]LogPhysics: Warning: PopulatePhysXGeometryAndTransform(Convex): ConvexElem has invalid transform
[2019.11.09-04.52.23:150][551]LogPhysics: Warning: ForeachShape(Convex): ScaledElem[0] invalid
[2019.11.09-04.52.23:152][551]LogPhysics: Warning: PopulatePhysXGeometryAndTransform(Convex): ConvexElem has invalid transform
[2019.11.09-04.52.23:153][551]LogPhysics: Warning: ForeachShape(Convex): ScaledElem[0] invalid
[2019.11.09-04.52.23:154][551]LogPhysics: Warning: PopulatePhysXGeometryAndTransform(Convex): ConvexElem has invalid transform
[2019.11.09-04.52.23:154][551]LogPhysics: Warning: ForeachShape(Convex): ScaledElem[0] invalid
[2019.11.09-04.52.23:155][551]LogPhysics: Warning: PopulatePhysXGeometryAndTransform(Convex): ConvexElem has invalid transform
[2019.11.09-04.52.23:156][551]LogPhysics: Warning: ForeachShape(Convex): ScaledElem[0] invalid
[2019.11.09-04.56.56:929][835]LogSlate: FSceneViewport::OnFocusLost() reason 0
[2019.11.09-04.57.00:205][951]LogPhysics: Warning: PopulatePhysXGeometryAndTransform(Convex): ConvexElem has invalid transform
[2019.11.09-04.57.00:205][951]LogPhysics: Warning: ForeachShape(Convex): ScaledElem[0] invalid
[2019.11.09-04.57.00:206][951]LogPhysics: Warning: PopulatePhysXGeometryAndTransform(Convex): ConvexElem has invalid transform
[2019.11.09-04.57.00:207][951]LogPhysics: Warning: ForeachShape(Convex): ScaledElem[0] invalid
[2019.11.09-04.57.00:208][951]LogPhysics: Warning: PopulatePhysXGeometryAndTransform(Convex): ConvexElem has invalid transform
[2019.11.09-04.57.00:209][951]LogPhysics: Warning: ForeachShape(Convex): ScaledElem[0] invalid
[2019.11.09-04.57.00:211][951]LogPhysics: Warning: PopulatePhysXGeometryAndTransform(Convex): ConvexElem has invalid transform
[2019.11.09-04.57.00:211][951]LogPhysics: Warning: ForeachShape(Convex): ScaledElem[0] invalid
[2019.11.09-04.57.00:212][951]LogPhysics: Warning: PopulatePhysXGeometryAndTransform(Convex): ConvexElem has invalid transform
[2019.11.09-04.57.00:213][951]LogPhysics: Warning: ForeachShape(Convex): ScaledElem[0] invalid
[2019.11.09-04.57.00:214][951]LogPhysics: Warning: PopulatePhysXGeometryAndTransform(Convex): ConvexElem has invalid transform
[2019.11.09-04.57.00:215][951]LogPhysics: Warning: ForeachShape(Convex): ScaledElem[0] invalid
[2019.11.09-04.57.00:217][951]LogPhysics: Warning: PopulatePhysXGeometryAndTransform(Convex): ConvexElem has invalid transform
[2019.11.09-04.57.00:217][951]LogPhysics: Warning: ForeachShape(Convex): ScaledElem[0] invalid
[2019.11.09-04.57.00:218][951]LogPhysics: Warning: PopulatePhysXGeometryAndTransform(Convex): ConvexElem has invalid transform
[2019.11.09-04.57.00:218][951]LogPhysics: Warning: ForeachShape(Convex): ScaledElem[0] invalid
[2019.11.09-04.57.00:219][951]LogPhysics: Warning: PopulatePhysXGeometryAndTransform(Convex): ConvexElem has invalid transform
[2019.11.09-04.57.00:220][951]LogPhysics: Warning: ForeachShape(Convex): ScaledElem[0] invalid
[2019.11.09-04.57.04:342][ 96]LogPhysics: Warning: PopulatePhysXGeometryAndTransform(Convex): ConvexElem has invalid transform
[2019.11.09-04.57.04:342][ 96]LogPhysics: Warning: ForeachShape(Convex): ScaledElem[0] invalid
[2019.11.09-04.57.04:343][ 96]LogPhysics: Warning: PopulatePhysXGeometryAndTransform(Convex): ConvexElem has invalid transform
[2019.11.09-04.57.04:344][ 96]LogPhysics: Warning: ForeachShape(Convex): ScaledElem[0] invalid
[2019.11.09-04.57.04:345][ 96]LogPhysics: Warning: PopulatePhysXGeometryAndTransform(Convex): ConvexElem has invalid transform
[2019.11.09-04.57.04:345][ 96]LogPhysics: Warning: ForeachShape(Convex): ScaledElem[0] invalid
[2019.11.09-04.57.04:349][ 96]LogPhysics: Warning: PopulatePhysXGeometryAndTransform(Convex): ConvexElem has invalid transform
[2019.11.09-04.57.04:350][ 96]LogPhysics: Warning: ForeachShape(Convex): ScaledElem[0] invalid
[2019.11.09-04.57.04:351][ 96]LogPhysics: Warning: PopulatePhysXGeometryAndTransform(Convex): ConvexElem has invalid transform
[2019.11.09-04.57.04:352][ 96]LogPhysics: Warning: ForeachShape(Convex): ScaledElem[0] invalid
[2019.11.09-04.57.04:353][ 96]LogPhysics: Warning: PopulatePhysXGeometryAndTransform(Convex): ConvexElem has invalid transform
[2019.11.09-04.57.04:353][ 96]LogPhysics: Warning: ForeachShape(Convex): ScaledElem[0] invalid
[2019.11.09-04.57.04:355][ 96]LogPhysics: Warning: PopulatePhysXGeometryAndTransform(Convex): ConvexElem has invalid transform
[2019.11.09-04.57.04:356][ 96]LogPhysics: Warning: ForeachShape(Convex): ScaledElem[0] invalid
[2019.11.09-04.57.04:356][ 96]LogPhysics: Warning: PopulatePhysXGeometryAndTransform(Convex): ConvexElem has invalid transform
[2019.11.09-04.57.04:357][ 96]LogPhysics: Warning: ForeachShape(Convex): ScaledElem[0] invalid
[2019.11.09-04.57.04:357][ 96]LogPhysics: Warning: PopulatePhysXGeometryAndTransform(Convex): ConvexElem has invalid transform
[2019.11.09-04.57.04:358][ 96]LogPhysics: Warning: ForeachShape(Convex): ScaledElem[0] invalid
[2019.11.09-04.57.06:867][182]LogPhysics: Warning: PopulatePhysXGeometryAndTransform(Convex): ConvexElem has invalid transform
[2019.11.09-04.57.06:867][182]LogPhysics: Warning: ForeachShape(Convex): ScaledElem[0] invalid
[2019.11.09-04.57.06:868][182]LogPhysics: Warning: PopulatePhysXGeometryAndTransform(Convex): ConvexElem has invalid transform
[2019.11.09-04.57.06:869][182]LogPhysics: Warning: ForeachShape(Convex): ScaledElem[0] invalid
[2019.11.09-04.57.06:869][182]LogPhysics: Warning: PopulatePhysXGeometryAndTransform(Convex): ConvexElem has invalid transform
[2019.11.09-04.57.06:870][182]LogPhysics: Warning: ForeachShape(Convex): ScaledElem[0] invalid
[2019.11.09-04.57.06:873][182]LogPhysics: Warning: PopulatePhysXGeometryAndTransform(Convex): ConvexElem has invalid transform
[2019.11.09-04.57.06:874][182]LogPhysics: Warning: ForeachShape(Convex): ScaledElem[0] invalid
[2019.11.09-04.57.06:875][182]LogPhysics: Warning: PopulatePhysXGeometryAndTransform(Convex): ConvexElem has invalid transform
[2019.11.09-04.57.06:875][182]LogPhysics: Warning: ForeachShape(Convex): ScaledElem[0] invalid
[2019.11.09-04.57.06:876][182]LogPhysics: Warning: PopulatePhysXGeometryAndTransform(Convex): ConvexElem has invalid transform
[2019.11.09-04.57.06:877][182]LogPhysics: Warning: ForeachShape(Convex): ScaledElem[0] invalid
[2019.11.09-04.57.06:880][182]LogPhysics: Warning: PopulatePhysXGeometryAndTransform(Convex): ConvexElem has invalid transform
[2019.11.09-04.57.06:880][182]LogPhysics: Warning: ForeachShape(Convex): ScaledElem[0] invalid
[2019.11.09-04.57.06:881][182]LogPhysics: Warning: PopulatePhysXGeometryAndTransform(Convex): ConvexElem has invalid transform
[2019.11.09-04.57.06:882][182]LogPhysics: Warning: ForeachShape(Convex): ScaledElem[0] invalid
[2019.11.09-04.57.06:883][182]LogPhysics: Warning: PopulatePhysXGeometryAndTransform(Convex): ConvexElem has invalid transform
[2019.11.09-04.57.06:883][182]LogPhysics: Warning: ForeachShape(Convex): ScaledElem[0] invalid
[2019.11.09-04.57.09:245][266]LogPhysics: Warning: PopulatePhysXGeometryAndTransform(Convex): ConvexElem has invalid transform
[2019.11.09-04.57.09:246][266]LogPhysics: Warning: ForeachShape(Convex): ScaledElem[0] invalid
[2019.11.09-04.57.09:247][266]LogPhysics: Warning: PopulatePhysXGeometryAndTransform(Convex): ConvexElem has invalid transform
[2019.11.09-04.57.09:247][266]LogPhysics: Warning: ForeachShape(Convex): ScaledElem[0] invalid
[2019.11.09-04.57.09:248][266]LogPhysics: Warning: PopulatePhysXGeometryAndTransform(Convex): ConvexElem has invalid transform
[2019.11.09-04.57.09:248][266]LogPhysics: Warning: ForeachShape(Convex): ScaledElem[0] invalid
[2019.11.09-04.57.09:250][266]LogPhysics: Warning: PopulatePhysXGeometryAndTransform(Convex): ConvexElem has invalid transform
[2019.11.09-04.57.09:251][266]LogPhysics: Warning: ForeachShape(Convex): ScaledElem[0] invalid
[2019.11.09-04.57.09:252][266]LogPhysics: Warning: PopulatePhysXGeometryAndTransform(Convex): ConvexElem has invalid transform
[2019.11.09-04.57.09:252][266]LogPhysics: Warning: ForeachShape(Convex): ScaledElem[0] invalid
[2019.11.09-04.57.09:254][266]LogPhysics: Warning: PopulatePhysXGeometryAndTransform(Convex): ConvexElem has invalid transform
[2019.11.09-04.57.09:254][266]LogPhysics: Warning: ForeachShape(Convex): ScaledElem[0] invalid
[2019.11.09-04.57.09:256][266]LogPhysics: Warning: PopulatePhysXGeometryAndTransform(Convex): ConvexElem has invalid transform
[2019.11.09-04.57.09:257][266]LogPhysics: Warning: ForeachShape(Convex): ScaledElem[0] invalid
[2019.11.09-04.57.09:257][266]LogPhysics: Warning: PopulatePhysXGeometryAndTransform(Convex): ConvexElem has invalid transform
[2019.11.09-04.57.09:258][266]LogPhysics: Warning: ForeachShape(Convex): ScaledElem[0] invalid
[2019.11.09-04.57.09:259][266]LogPhysics: Warning: PopulatePhysXGeometryAndTransform(Convex): ConvexElem has invalid transform
[2019.11.09-04.57.09:259][266]LogPhysics: Warning: ForeachShape(Convex): ScaledElem[0] invalid
[2019.11.09-04.57.12:758][380]BlueprintLog: New page: Compile Teleporter
[2019.11.09-04.57.12:783][380]LogPhysics: Warning: PopulatePhysXGeometryAndTransform(Convex): ConvexElem has invalid transform
[2019.11.09-04.57.12:784][380]LogPhysics: Warning: ForeachShape(Convex): ScaledElem[0] invalid
[2019.11.09-04.57.12:784][380]LogPhysics: Warning: PopulatePhysXGeometryAndTransform(Convex): ConvexElem has invalid transform
[2019.11.09-04.57.12:785][380]LogPhysics: Warning: ForeachShape(Convex): ScaledElem[0] invalid
[2019.11.09-04.57.12:786][380]LogPhysics: Warning: PopulatePhysXGeometryAndTransform(Convex): ConvexElem has invalid transform
[2019.11.09-04.57.12:787][380]LogPhysics: Warning: ForeachShape(Convex): ScaledElem[0] invalid
[2019.11.09-04.57.12:788][380]LogPhysics: Warning: PopulatePhysXGeometryAndTransform(Convex): ConvexElem has invalid transform
[2019.11.09-04.57.12:789][380]LogPhysics: Warning: ForeachShape(Convex): ScaledElem[0] invalid
[2019.11.09-04.57.12:790][380]LogPhysics: Warning: PopulatePhysXGeometryAndTransform(Convex): ConvexElem has invalid transform
[2019.11.09-04.57.12:791][380]LogPhysics: Warning: ForeachShape(Convex): ScaledElem[0] invalid
[2019.11.09-04.57.12:792][380]LogPhysics: Warning: PopulatePhysXGeometryAndTransform(Convex): ConvexElem has invalid transform
[2019.11.09-04.57.12:792][380]LogPhysics: Warning: ForeachShape(Convex): ScaledElem[0] invalid
[2019.11.09-04.57.13:391][380]LogUObjectHash: Compacting FUObjectHashTables data took  11.19ms
[2019.11.09-04.57.13:395][380]LogPhysics: Warning: PopulatePhysXGeometryAndTransform(Convex): ConvexElem has invalid transform
[2019.11.09-04.57.13:396][380]LogPhysics: Warning: ForeachShape(Convex): ScaledElem[0] invalid
[2019.11.09-04.57.13:397][380]LogPhysics: Warning: PopulatePhysXGeometryAndTransform(Convex): ConvexElem has invalid transform
[2019.11.09-04.57.13:398][380]LogPhysics: Warning: ForeachShape(Convex): ScaledElem[0] invalid
[2019.11.09-04.57.13:399][380]LogPhysics: Warning: PopulatePhysXGeometryAndTransform(Convex): ConvexElem has invalid transform
[2019.11.09-04.57.13:399][380]LogPhysics: Warning: ForeachShape(Convex): ScaledElem[0] invalid
[2019.11.09-04.57.13:402][380]LogPhysics: Warning: PopulatePhysXGeometryAndTransform(Convex): ConvexElem has invalid transform
[2019.11.09-04.57.13:402][380]LogPhysics: Warning: ForeachShape(Convex): ScaledElem[0] invalid
[2019.11.09-04.57.13:404][380]LogPhysics: Warning: PopulatePhysXGeometryAndTransform(Convex): ConvexElem has invalid transform
[2019.11.09-04.57.13:404][380]LogPhysics: Warning: ForeachShape(Convex): ScaledElem[0] invalid
[2019.11.09-04.57.13:406][380]LogPhysics: Warning: PopulatePhysXGeometryAndTransform(Convex): ConvexElem has invalid transform
[2019.11.09-04.57.13:406][380]LogPhysics: Warning: ForeachShape(Convex): ScaledElem[0] invalid
[2019.11.09-04.57.13:409][380]LogPhysics: Warning: PopulatePhysXGeometryAndTransform(Convex): ConvexElem has invalid transform
[2019.11.09-04.57.13:410][380]LogPhysics: Warning: ForeachShape(Convex): ScaledElem[0] invalid
[2019.11.09-04.57.13:411][380]LogPhysics: Warning: PopulatePhysXGeometryAndTransform(Convex): ConvexElem has invalid transform
[2019.11.09-04.57.13:411][380]LogPhysics: Warning: ForeachShape(Convex): ScaledElem[0] invalid
[2019.11.09-04.57.13:412][380]LogPhysics: Warning: PopulatePhysXGeometryAndTransform(Convex): ConvexElem has invalid transform
[2019.11.09-04.57.13:413][380]LogPhysics: Warning: ForeachShape(Convex): ScaledElem[0] invalid
[2019.11.09-04.57.13:432][380]LogPhysics: Warning: PopulatePhysXGeometryAndTransform(Convex): ConvexElem has invalid transform
[2019.11.09-04.57.13:433][380]LogPhysics: Warning: ForeachShape(Convex): ScaledElem[0] invalid
[2019.11.09-04.57.13:434][380]LogPhysics: Warning: PopulatePhysXGeometryAndTransform(Convex): ConvexElem has invalid transform
[2019.11.09-04.57.13:435][380]LogPhysics: Warning: ForeachShape(Convex): ScaledElem[0] invalid
[2019.11.09-04.57.13:436][380]LogPhysics: Warning: PopulatePhysXGeometryAndTransform(Convex): ConvexElem has invalid transform
[2019.11.09-04.57.13:437][380]LogPhysics: Warning: ForeachShape(Convex): ScaledElem[0] invalid
[2019.11.09-04.57.13:440][380]LogPhysics: Warning: PopulatePhysXGeometryAndTransform(Convex): ConvexElem has invalid transform
[2019.11.09-04.57.13:440][380]LogPhysics: Warning: ForeachShape(Convex): ScaledElem[0] invalid
[2019.11.09-04.57.13:441][380]LogPhysics: Warning: PopulatePhysXGeometryAndTransform(Convex): ConvexElem has invalid transform
[2019.11.09-04.57.13:442][380]LogPhysics: Warning: ForeachShape(Convex): ScaledElem[0] invalid
[2019.11.09-04.57.13:443][380]LogPhysics: Warning: PopulatePhysXGeometryAndTransform(Convex): ConvexElem has invalid transform
[2019.11.09-04.57.13:443][380]LogPhysics: Warning: ForeachShape(Convex): ScaledElem[0] invalid
[2019.11.09-04.57.13:445][380]LogPhysics: Warning: PopulatePhysXGeometryAndTransform(Convex): ConvexElem has invalid transform
[2019.11.09-04.57.13:446][380]LogPhysics: Warning: ForeachShape(Convex): ScaledElem[0] invalid
[2019.11.09-04.57.13:447][380]LogPhysics: Warning: PopulatePhysXGeometryAndTransform(Convex): ConvexElem has invalid transform
[2019.11.09-04.57.13:447][380]LogPhysics: Warning: ForeachShape(Convex): ScaledElem[0] invalid
[2019.11.09-04.57.13:448][380]LogPhysics: Warning: PopulatePhysXGeometryAndTransform(Convex): ConvexElem has invalid transform
[2019.11.09-04.57.13:448][380]LogPhysics: Warning: ForeachShape(Convex): ScaledElem[0] invalid
[2019.11.09-04.57.17:169][503]LogSlate: FSceneViewport::OnFocusLost() reason 0
[2019.11.09-04.57.23:167][699]LogPhysics: Warning: PopulatePhysXGeometryAndTransform(Convex): ConvexElem has invalid transform
[2019.11.09-04.57.23:168][699]LogPhysics: Warning: ForeachShape(Convex): ScaledElem[0] invalid
[2019.11.09-04.57.23:169][699]LogPhysics: Warning: PopulatePhysXGeometryAndTransform(Convex): ConvexElem has invalid transform
[2019.11.09-04.57.23:170][699]LogPhysics: Warning: ForeachShape(Convex): ScaledElem[0] invalid
[2019.11.09-04.57.23:172][699]LogPhysics: Warning: PopulatePhysXGeometryAndTransform(Convex): ConvexElem has invalid transform
[2019.11.09-04.57.23:173][699]LogPhysics: Warning: ForeachShape(Convex): ScaledElem[0] invalid
[2019.11.09-04.57.23:174][699]LogPhysics: Warning: PopulatePhysXGeometryAndTransform(Convex): ConvexElem has invalid transform
[2019.11.09-04.57.23:174][699]LogPhysics: Warning: ForeachShape(Convex): ScaledElem[0] invalid
[2019.11.09-04.57.23:177][699]LogPhysics: Warning: PopulatePhysXGeometryAndTransform(Convex): ConvexElem has invalid transform
[2019.11.09-04.57.23:177][699]LogPhysics: Warning: ForeachShape(Convex): ScaledElem[0] invalid
[2019.11.09-04.57.23:178][699]LogPhysics: Warning: PopulatePhysXGeometryAndTransform(Convex): ConvexElem has invalid transform
[2019.11.09-04.57.23:178][699]LogPhysics: Warning: ForeachShape(Convex): ScaledElem[0] invalid
[2019.11.09-04.57.23:182][699]LogPhysics: Warning: PopulatePhysXGeometryAndTransform(Convex): ConvexElem has invalid transform
[2019.11.09-04.57.23:183][699]LogPhysics: Warning: ForeachShape(Convex): ScaledElem[0] invalid
[2019.11.09-04.57.23:184][699]LogPhysics: Warning: PopulatePhysXGeometryAndTransform(Convex): ConvexElem has invalid transform
[2019.11.09-04.57.23:184][699]LogPhysics: Warning: ForeachShape(Convex): ScaledElem[0] invalid
[2019.11.09-04.57.23:185][699]LogPhysics: Warning: PopulatePhysXGeometryAndTransform(Convex): ConvexElem has invalid transform
[2019.11.09-04.57.23:186][699]LogPhysics: Warning: ForeachShape(Convex): ScaledElem[0] invalid
[2019.11.09-04.57.23:188][699]LogPhysics: Warning: PopulatePhysXGeometryAndTransform(Convex): ConvexElem has invalid transform
[2019.11.09-04.57.23:189][699]LogPhysics: Warning: ForeachShape(Convex): ScaledElem[0] invalid
[2019.11.09-04.57.23:190][699]LogPhysics: Warning: PopulatePhysXGeometryAndTransform(Convex): ConvexElem has invalid transform
[2019.11.09-04.57.23:190][699]LogPhysics: Warning: ForeachShape(Convex): ScaledElem[0] invalid
[2019.11.09-04.57.23:191][699]LogPhysics: Warning: PopulatePhysXGeometryAndTransform(Convex): ConvexElem has invalid transform
[2019.11.09-04.57.23:191][699]LogPhysics: Warning: ForeachShape(Convex): ScaledElem[0] invalid
[2019.11.09-04.57.23:195][699]LogPhysics: Warning: PopulatePhysXGeometryAndTransform(Convex): ConvexElem has invalid transform
[2019.11.09-04.57.23:196][699]LogPhysics: Warning: ForeachShape(Convex): ScaledElem[0] invalid
[2019.11.09-04.57.23:197][699]LogPhysics: Warning: PopulatePhysXGeometryAndTransform(Convex): ConvexElem has invalid transform
[2019.11.09-04.57.23:198][699]LogPhysics: Warning: ForeachShape(Convex): ScaledElem[0] invalid
[2019.11.09-04.57.23:199][699]LogPhysics: Warning: PopulatePhysXGeometryAndTransform(Convex): ConvexElem has invalid transform
[2019.11.09-04.57.23:199][699]LogPhysics: Warning: ForeachShape(Convex): ScaledElem[0] invalid
[2019.11.09-04.57.25:103][760]BlueprintLog: New page: Compile Teleporter
[2019.11.09-04.57.25:125][760]LogPhysics: Warning: PopulatePhysXGeometryAndTransform(Convex): ConvexElem has invalid transform
[2019.11.09-04.57.25:126][760]LogPhysics: Warning: ForeachShape(Convex): ScaledElem[0] invalid
[2019.11.09-04.57.25:127][760]LogPhysics: Warning: PopulatePhysXGeometryAndTransform(Convex): ConvexElem has invalid transform
[2019.11.09-04.57.25:127][760]LogPhysics: Warning: ForeachShape(Convex): ScaledElem[0] invalid
[2019.11.09-04.57.25:129][760]LogPhysics: Warning: PopulatePhysXGeometryAndTransform(Convex): ConvexElem has invalid transform
[2019.11.09-04.57.25:129][760]LogPhysics: Warning: ForeachShape(Convex): ScaledElem[0] invalid
[2019.11.09-04.57.25:130][760]LogPhysics: Warning: PopulatePhysXGeometryAndTransform(Convex): ConvexElem has invalid transform
[2019.11.09-04.57.25:130][760]LogPhysics: Warning: ForeachShape(Convex): ScaledElem[0] invalid
[2019.11.09-04.57.25:132][760]LogPhysics: Warning: PopulatePhysXGeometryAndTransform(Convex): ConvexElem has invalid transform
[2019.11.09-04.57.25:132][760]LogPhysics: Warning: ForeachShape(Convex): ScaledElem[0] invalid
[2019.11.09-04.57.25:133][760]LogPhysics: Warning: PopulatePhysXGeometryAndTransform(Convex): ConvexElem has invalid transform
[2019.11.09-04.57.25:133][760]LogPhysics: Warning: ForeachShape(Convex): ScaledElem[0] invalid
[2019.11.09-04.57.25:743][760]LogUObjectHash: Compacting FUObjectHashTables data took  10.16ms
[2019.11.09-04.57.25:748][760]LogPhysics: Warning: PopulatePhysXGeometryAndTransform(Convex): ConvexElem has invalid transform
[2019.11.09-04.57.25:749][760]LogPhysics: Warning: ForeachShape(Convex): ScaledElem[0] invalid
[2019.11.09-04.57.25:750][760]LogPhysics: Warning: PopulatePhysXGeometryAndTransform(Convex): ConvexElem has invalid transform
[2019.11.09-04.57.25:750][760]LogPhysics: Warning: ForeachShape(Convex): ScaledElem[0] invalid
[2019.11.09-04.57.25:751][760]LogPhysics: Warning: PopulatePhysXGeometryAndTransform(Convex): ConvexElem has invalid transform
[2019.11.09-04.57.25:751][760]LogPhysics: Warning: ForeachShape(Convex): ScaledElem[0] invalid
[2019.11.09-04.57.25:753][760]LogPhysics: Warning: PopulatePhysXGeometryAndTransform(Convex): ConvexElem has invalid transform
[2019.11.09-04.57.25:754][760]LogPhysics: Warning: ForeachShape(Convex): ScaledElem[0] invalid
[2019.11.09-04.57.25:755][760]LogPhysics: Warning: PopulatePhysXGeometryAndTransform(Convex): ConvexElem has invalid transform
[2019.11.09-04.57.25:756][760]LogPhysics: Warning: ForeachShape(Convex): ScaledElem[0] invalid
[2019.11.09-04.57.25:757][760]LogPhysics: Warning: PopulatePhysXGeometryAndTransform(Convex): ConvexElem has invalid transform
[2019.11.09-04.57.25:757][760]LogPhysics: Warning: ForeachShape(Convex): ScaledElem[0] invalid
[2019.11.09-04.57.25:759][760]LogPhysics: Warning: PopulatePhysXGeometryAndTransform(Convex): ConvexElem has invalid transform
[2019.11.09-04.57.25:760][760]LogPhysics: Warning: ForeachShape(Convex): ScaledElem[0] invalid
[2019.11.09-04.57.25:761][760]LogPhysics: Warning: PopulatePhysXGeometryAndTransform(Convex): ConvexElem has invalid transform
[2019.11.09-04.57.25:762][760]LogPhysics: Warning: ForeachShape(Convex): ScaledElem[0] invalid
[2019.11.09-04.57.25:764][760]LogPhysics: Warning: PopulatePhysXGeometryAndTransform(Convex): ConvexElem has invalid transform
[2019.11.09-04.57.25:764][760]LogPhysics: Warning: ForeachShape(Convex): ScaledElem[0] invalid
[2019.11.09-04.57.25:781][760]LogPhysics: Warning: PopulatePhysXGeometryAndTransform(Convex): ConvexElem has invalid transform
[2019.11.09-04.57.25:782][760]LogPhysics: Warning: ForeachShape(Convex): ScaledElem[0] invalid
[2019.11.09-04.57.25:783][760]LogPhysics: Warning: PopulatePhysXGeometryAndTransform(Convex): ConvexElem has invalid transform
[2019.11.09-04.57.25:783][760]LogPhysics: Warning: ForeachShape(Convex): ScaledElem[0] invalid
[2019.11.09-04.57.25:784][760]LogPhysics: Warning: PopulatePhysXGeometryAndTransform(Convex): ConvexElem has invalid transform
[2019.11.09-04.57.25:785][760]LogPhysics: Warning: ForeachShape(Convex): ScaledElem[0] invalid
[2019.11.09-04.57.25:786][760]LogPhysics: Warning: PopulatePhysXGeometryAndTransform(Convex): ConvexElem has invalid transform
[2019.11.09-04.57.25:787][760]LogPhysics: Warning: ForeachShape(Convex): ScaledElem[0] invalid
[2019.11.09-04.57.25:788][760]LogPhysics: Warning: PopulatePhysXGeometryAndTransform(Convex): ConvexElem has invalid transform
[2019.11.09-04.57.25:788][760]LogPhysics: Warning: ForeachShape(Convex): ScaledElem[0] invalid
[2019.11.09-04.57.25:789][760]LogPhysics: Warning: PopulatePhysXGeometryAndTransform(Convex): ConvexElem has invalid transform
[2019.11.09-04.57.25:789][760]LogPhysics: Warning: ForeachShape(Convex): ScaledElem[0] invalid
[2019.11.09-04.57.25:791][760]LogPhysics: Warning: PopulatePhysXGeometryAndTransform(Convex): ConvexElem has invalid transform
[2019.11.09-04.57.25:792][760]LogPhysics: Warning: ForeachShape(Convex): ScaledElem[0] invalid
[2019.11.09-04.57.25:793][760]LogPhysics: Warning: PopulatePhysXGeometryAndTransform(Convex): ConvexElem has invalid transform
[2019.11.09-04.57.25:793][760]LogPhysics: Warning: ForeachShape(Convex): ScaledElem[0] invalid
[2019.11.09-04.57.25:796][760]LogPhysics: Warning: PopulatePhysXGeometryAndTransform(Convex): ConvexElem has invalid transform
[2019.11.09-04.57.25:796][760]LogPhysics: Warning: ForeachShape(Convex): ScaledElem[0] invalid
[2019.11.09-04.57.38:384][109]LogSlate: FSceneViewport::OnFocusLost() reason 0
[2019.11.09-04.57.42:113][219]LogSlate: FSceneViewport::OnFocusLost() reason 0
[2019.11.09-04.57.51:155][497]LogSlate: FSceneViewport::OnFocusLost() reason 0
[2019.11.09-04.57.59:717][772]LogSlate: FSceneViewport::OnFocusLost() reason 0
[2019.11.09-04.58.13:483][202]LogSlate: FSceneViewport::OnFocusLost() reason 0
[2019.11.09-04.58.17:999][355]LogSlate: FSceneViewport::OnFocusLost() reason 0
[2019.11.09-04.58.18:110][360]BlueprintLog: New page: Compile Teleporter
[2019.11.09-04.58.18:776][360]LogUObjectHash: Compacting FUObjectHashTables data took   9.95ms
[2019.11.09-04.58.21:562][439]LogEditorViewport: Clicking on Actor (LMB): StaticMeshActor (Floor)
[2019.11.09-04.58.22:559][462]LogEditorViewport: Clicking on Actor (LMB): Teleporter_C (Teleporter2)
[2019.11.09-04.58.29:896][671]Cmd: CAMERA ALIGN ACTIVEVIEWPORTONLY
[2019.11.09-04.58.31:471][718]LogEditorViewport: Clicking on Actor (LMB): Teleporter_C (Teleporter)
[2019.11.09-04.59.01:450][661]LogSlate: FSceneViewport::OnFocusLost() reason 2
[2019.11.09-04.59.01:667][661]LogUObjectHash: Compacting FUObjectHashTables data took  11.97ms
[2019.11.09-04.59.02:644][661]LogSavePackage: Moving 'C:/Users/danny/Desktop/Systems_Sandbox/Mechanics_Sandbox/Saved/FirstPersonExampleMap_Auto39AABE6A74962D7B71819DA90177FD0DC.tmp' to 'C:/Users/danny/Desktop/Systems_Sandbox/Mechanics_Sandbox/Saved/Autosaves/Game/FirstPersonBP/Maps/FirstPersonExampleMap_Auto3.umap'
[2019.11.09-04.59.02:656][661]LogFileHelpers: Editor autosave (incl. sublevels) for '/Game/FirstPersonBP/Maps/FirstPersonExampleMap' took 1.117
[2019.11.09-04.59.02:656][661]LogFileHelpers: Editor autosave (incl. sublevels) for all levels took 1.117
[2019.11.09-04.59.02:660][661]OBJ SavePackage: Generating thumbnails for [1] asset(s) in package [/Game/Teleporter/Teleporter] ([1] browsable assets)...
[2019.11.09-04.59.02:696][661]OBJ SavePackage:     Rendered thumbnail for [Blueprint /Game/Teleporter/Teleporter.Teleporter]
[2019.11.09-04.59.02:696][661]OBJ SavePackage: Finished generating thumbnails for package [/Game/Teleporter/Teleporter]
[2019.11.09-04.59.02:878][661]LogSavePackage: Moving 'C:/Users/danny/Desktop/Systems_Sandbox/Mechanics_Sandbox/Saved/Teleporter_Auto3359F81C84B8085A03D6A3FBFFD86BABF.tmp' to 'C:/Users/danny/Desktop/Systems_Sandbox/Mechanics_Sandbox/Saved/Autosaves/Game/Teleporter/Teleporter_Auto3.uasset'
[2019.11.09-04.59.02:881][661]LogFileHelpers: Auto-saving content packages took 0.222
[2019.11.09-05.00.19:205][ 73]LogTemp: Repeating last play command: New Editor Window (PIE)
[2019.11.09-05.00.19:273][ 73]LogBlueprintUserMessages: Early PlayInEditor Detection: Level '/Game/FirstPersonBP/Maps/FirstPersonExampleMap.FirstPersonExampleMap:PersistentLevel' has LevelScriptBlueprint '/Game/FirstPersonBP/Maps/FirstPersonExampleMap.FirstPersonExampleMap:PersistentLevel.FirstPersonExampleMap' with GeneratedClass '/Game/FirstPersonBP/Maps/FirstPersonExampleMap.FirstPersonExampleMap_C' with ClassGeneratedBy '/Game/FirstPersonBP/Maps/FirstPersonExampleMap.FirstPersonExampleMap:PersistentLevel.FirstPersonExampleMap'
[2019.11.09-05.00.19:275][ 73]LogPlayLevel: PlayLevel: No blueprints needed recompiling
[2019.11.09-05.00.19:275][ 73]PIE: New page: PIE session: FirstPersonExampleMap (Nov 8, 2019, 1:00:19 PM)
[2019.11.09-05.00.19:276][ 73]LogPlayLevel: Creating play world package: /Game/FirstPersonBP/Maps/UEDPIE_0_FirstPersonExampleMap
[2019.11.09-05.00.19:317][ 73]LogPlayLevel: PIE: StaticDuplicateObject took: (0.039955s)
[2019.11.09-05.00.19:320][ 73]LogAIModule: Creating AISystem for world FirstPersonExampleMap
[2019.11.09-05.00.19:323][ 73]LogPlayLevel: PIE: World Init took: (0.004900s)
[2019.11.09-05.00.19:323][ 73]LogPlayLevel: PIE: Created PIE world by copying editor world from /Game/FirstPersonBP/Maps/FirstPersonExampleMap.FirstPersonExampleMap to /Game/FirstPersonBP/Maps/UEDPIE_0_FirstPersonExampleMap.FirstPersonExampleMap (0.046633s)
[2019.11.09-05.00.19:436][ 73]LogUObjectHash: Compacting FUObjectHashTables data took   6.96ms
[2019.11.09-05.00.19:505][ 73]LogInit: XAudio2 using 'Headset Earphone (SteelSeries Arctis 5 Chat)' : 2 channels at 48 kHz using 16 bits per sample (channel mask 0x3)
[2019.11.09-05.00.19:547][ 73]LogInit: FAudioDevice initialized.
[2019.11.09-05.00.19:567][ 73]LogSlate: Updating window title bar state: overlay mode, drag disabled, window buttons hidden, title bar hidden
[2019.11.09-05.00.19:610][ 73]LogLoad: Game class is 'FirstPersonGameMode_C'
[2019.11.09-05.00.19:624][ 73]LogWorld: Bringing World /Game/FirstPersonBP/Maps/UEDPIE_0_FirstPersonExampleMap.FirstPersonExampleMap up for play (max tick rate 60) at 2019.11.08-21.00.19
[2019.11.09-05.00.19:627][ 73]LogWorld: Bringing up level for play took: 0.014401
[2019.11.09-05.00.19:653][ 73]PIE: Play in editor start time for /Game/FirstPersonBP/Maps/UEDPIE_0_FirstPersonExampleMap 0.599
[2019.11.09-05.00.19:654][ 73]LogBlueprintUserMessages: Late PlayInEditor Detection: Level '/Game/FirstPersonBP/Maps/FirstPersonExampleMap.FirstPersonExampleMap:PersistentLevel' has LevelScriptBlueprint '/Game/FirstPersonBP/Maps/FirstPersonExampleMap.FirstPersonExampleMap:PersistentLevel.FirstPersonExampleMap' with GeneratedClass '/Game/FirstPersonBP/Maps/FirstPersonExampleMap.FirstPersonExampleMap_C' with ClassGeneratedBy '/Game/FirstPersonBP/Maps/FirstPersonExampleMap.FirstPersonExampleMap:PersistentLevel.FirstPersonExampleMap'
[2019.11.09-05.00.22:052][136]LogBlueprintDebug: Warning: Hit breakpoint on node 'K2Node_Event', from offset 0
[2019.11.09-05.00.22:053][136]LogBlueprintDebug: 
Script call stack:
	Function /Game/Teleporter/Teleporter.Teleporter_C:ReceiveActorBeginOverlap

[2019.11.09-05.00.23:177][136]LogSlate: FSceneViewport::OnFocusLost() reason 2
[2019.11.09-05.00.43:172][504]LogScript: Warning: Infinite script recursion (250 calls) detected - see log for stack trace
	Teleporter_C /Game/FirstPersonBP/Maps/UEDPIE_0_FirstPersonExampleMap.FirstPersonExampleMap:PersistentLevel.Teleporter2
	Function /Game/Teleporter/Teleporter.Teleporter_C:ExecuteUbergraph_Teleporter:0000
[2019.11.09-05.00.43:174][504]PIE: Error: Infinite loop detected. Blueprint:  Teleporter Function:  SetDestReceiver Call Stack:  Show
[2019.11.09-05.00.43:183][504]LogBlueprintUserMessages: Early EndPlayMap Detection: Level '/Game/FirstPersonBP/Maps/FirstPersonExampleMap.FirstPersonExampleMap:PersistentLevel' has LevelScriptBlueprint '/Game/FirstPersonBP/Maps/FirstPersonExampleMap.FirstPersonExampleMap:PersistentLevel.FirstPersonExampleMap' with GeneratedClass '/Game/FirstPersonBP/Maps/FirstPersonExampleMap.FirstPersonExampleMap_C' with ClassGeneratedBy '/Game/FirstPersonBP/Maps/FirstPersonExampleMap.FirstPersonExampleMap:PersistentLevel.FirstPersonExampleMap'
[2019.11.09-05.00.43:185][504]LogSlate: Updating window title bar state: overlay mode, drag disabled, window buttons hidden, title bar hidden
[2019.11.09-05.00.43:229][504]LogSlate: Window 'Mechanics_Sandbox Game Preview Standalone (64-bit/PCD3D_SM5)' being destroyed
[2019.11.09-05.00.43:314][504]LogPlayLevel: Display: Shutting down PIE online subsystems
[2019.11.09-05.00.43:315][504]LogBlueprintUserMessages: Late EndPlayMap Detection: Level '/Game/FirstPersonBP/Maps/FirstPersonExampleMap.FirstPersonExampleMap:PersistentLevel' has LevelScriptBlueprint '/Game/FirstPersonBP/Maps/FirstPersonExampleMap.FirstPersonExampleMap:PersistentLevel.FirstPersonExampleMap' with GeneratedClass '/Game/FirstPersonBP/Maps/FirstPersonExampleMap.FirstPersonExampleMap_C' with ClassGeneratedBy '/Game/FirstPersonBP/Maps/FirstPersonExampleMap.FirstPersonExampleMap:PersistentLevel.FirstPersonExampleMap'
[2019.11.09-05.00.43:439][504]LogUObjectHash: Compacting FUObjectHashTables data took   6.76ms
[2019.11.09-05.00.43:608][505]LogPlayLevel: Display: Destroying online subsystem :Context_40
[2019.11.09-05.00.52:390][534]LogEditorViewport: Clicking on Actor (LMB): Teleporter_C (Teleporter)
[2019.11.09-05.01.02:675][856]LogSlate: FSceneViewport::OnFocusLost() reason 0
[2019.11.09-05.02.18:167][438]BlueprintLog: New page: Compile Teleporter
[2019.11.09-05.02.18:820][438]LogUObjectHash: Compacting FUObjectHashTables data took   9.98ms
[2019.11.09-05.02.20:617][485]BlueprintLog: New page: Compile Teleporter
[2019.11.09-05.02.21:228][485]LogUObjectHash: Compacting FUObjectHashTables data took  12.33ms
[2019.11.09-05.02.22:051][502]Cmd: OBJ SAVEPACKAGE PACKAGE="/Game/Teleporter/Teleporter" FILE="C:/Users/danny/Desktop/Systems_Sandbox/Mechanics_Sandbox/Content/Teleporter/Teleporter.uasset" SILENT=true
[2019.11.09-05.02.22:200][502]LogSavePackage: Moving 'C:/Users/danny/Desktop/Systems_Sandbox/Mechanics_Sandbox/Saved/Teleporter9363143F45919AA9D77F1488A1ABD748.tmp' to 'C:/Users/danny/Desktop/Systems_Sandbox/Mechanics_Sandbox/Content/Teleporter/Teleporter.uasset'
[2019.11.09-05.03.55:809][457]LogSlate: FSceneViewport::OnFocusLost() reason 0
[2019.11.09-05.04.02:671][698]BlueprintLog: New page: Compile Teleporter
[2019.11.09-05.04.03:311][698]LogUObjectHash: Compacting FUObjectHashTables data took   8.99ms
[2019.11.09-05.04.07:708][818]LogSlate: FSceneViewport::OnFocusLost() reason 0
[2019.11.09-05.04.10:233][887]LogSlate: FSceneViewport::OnFocusLost() reason 0
[2019.11.09-05.04.15:086][ 20]LogSlate: FSceneViewport::OnFocusLost() reason 0
[2019.11.09-05.04.15:196][ 24]BlueprintLog: New page: Compile Teleporter
[2019.11.09-05.04.15:846][ 24]LogUObjectHash: Compacting FUObjectHashTables data took  10.11ms
[2019.11.09-05.04.16:933][ 50]LogTemp: Repeating last play command: New Editor Window (PIE)
[2019.11.09-05.04.17:000][ 50]LogBlueprintUserMessages: Early PlayInEditor Detection: Level '/Game/FirstPersonBP/Maps/FirstPersonExampleMap.FirstPersonExampleMap:PersistentLevel' has LevelScriptBlueprint '/Game/FirstPersonBP/Maps/FirstPersonExampleMap.FirstPersonExampleMap:PersistentLevel.FirstPersonExampleMap' with GeneratedClass '/Game/FirstPersonBP/Maps/FirstPersonExampleMap.FirstPersonExampleMap_C' with ClassGeneratedBy '/Game/FirstPersonBP/Maps/FirstPersonExampleMap.FirstPersonExampleMap:PersistentLevel.FirstPersonExampleMap'
[2019.11.09-05.04.17:002][ 50]LogPlayLevel: PlayLevel: No blueprints needed recompiling
[2019.11.09-05.04.17:002][ 50]PIE: New page: PIE session: FirstPersonExampleMap (Nov 8, 2019, 1:04:17 PM)
[2019.11.09-05.04.17:003][ 50]LogPlayLevel: Creating play world package: /Game/FirstPersonBP/Maps/UEDPIE_0_FirstPersonExampleMap
[2019.11.09-05.04.17:043][ 50]LogPlayLevel: PIE: StaticDuplicateObject took: (0.039476s)
[2019.11.09-05.04.17:046][ 50]LogAIModule: Creating AISystem for world FirstPersonExampleMap
[2019.11.09-05.04.17:048][ 50]LogPlayLevel: PIE: World Init took: (0.003981s)
[2019.11.09-05.04.17:048][ 50]LogPlayLevel: PIE: Created PIE world by copying editor world from /Game/FirstPersonBP/Maps/FirstPersonExampleMap.FirstPersonExampleMap to /Game/FirstPersonBP/Maps/UEDPIE_0_FirstPersonExampleMap.FirstPersonExampleMap (0.045205s)
[2019.11.09-05.04.17:170][ 50]LogUObjectHash: Compacting FUObjectHashTables data took   8.63ms
[2019.11.09-05.04.17:233][ 50]LogInit: XAudio2 using 'Headset Earphone (SteelSeries Arctis 5 Chat)' : 2 channels at 48 kHz using 16 bits per sample (channel mask 0x3)
[2019.11.09-05.04.17:278][ 50]LogInit: FAudioDevice initialized.
[2019.11.09-05.04.17:296][ 50]LogSlate: Updating window title bar state: overlay mode, drag disabled, window buttons hidden, title bar hidden
[2019.11.09-05.04.17:335][ 50]LogLoad: Game class is 'FirstPersonGameMode_C'
[2019.11.09-05.04.17:352][ 50]LogWorld: Bringing World /Game/FirstPersonBP/Maps/UEDPIE_0_FirstPersonExampleMap.FirstPersonExampleMap up for play (max tick rate 60) at 2019.11.08-21.04.17
[2019.11.09-05.04.17:354][ 50]LogWorld: Bringing up level for play took: 0.016299
[2019.11.09-05.04.17:375][ 50]PIE: Play in editor start time for /Game/FirstPersonBP/Maps/UEDPIE_0_FirstPersonExampleMap 0.321
[2019.11.09-05.04.17:376][ 50]LogBlueprintUserMessages: Late PlayInEditor Detection: Level '/Game/FirstPersonBP/Maps/FirstPersonExampleMap.FirstPersonExampleMap:PersistentLevel' has LevelScriptBlueprint '/Game/FirstPersonBP/Maps/FirstPersonExampleMap.FirstPersonExampleMap:PersistentLevel.FirstPersonExampleMap' with GeneratedClass '/Game/FirstPersonBP/Maps/FirstPersonExampleMap.FirstPersonExampleMap_C' with ClassGeneratedBy '/Game/FirstPersonBP/Maps/FirstPersonExampleMap.FirstPersonExampleMap:PersistentLevel.FirstPersonExampleMap'
[2019.11.09-05.04.19:996][118]LogScript: Warning: Infinite script recursion (250 calls) detected - see log for stack trace
	Teleporter_C /Game/FirstPersonBP/Maps/UEDPIE_0_FirstPersonExampleMap.FirstPersonExampleMap:PersistentLevel.Teleporter2
	Function /Game/Teleporter/Teleporter.Teleporter_C:ExecuteUbergraph_Teleporter:0000
[2019.11.09-05.04.19:997][118]PIE: Error: Infinite loop detected. Blueprint:  Teleporter Function:  SetDestReceiver Call Stack:  Show
[2019.11.09-05.04.20:005][118]LogBlueprintUserMessages: Early EndPlayMap Detection: Level '/Game/FirstPersonBP/Maps/FirstPersonExampleMap.FirstPersonExampleMap:PersistentLevel' has LevelScriptBlueprint '/Game/FirstPersonBP/Maps/FirstPersonExampleMap.FirstPersonExampleMap:PersistentLevel.FirstPersonExampleMap' with GeneratedClass '/Game/FirstPersonBP/Maps/FirstPersonExampleMap.FirstPersonExampleMap_C' with ClassGeneratedBy '/Game/FirstPersonBP/Maps/FirstPersonExampleMap.FirstPersonExampleMap:PersistentLevel.FirstPersonExampleMap'
[2019.11.09-05.04.20:007][118]LogSlate: Updating window title bar state: overlay mode, drag disabled, window buttons hidden, title bar hidden
[2019.11.09-05.04.20:050][118]LogSlate: Window 'Mechanics_Sandbox Game Preview Standalone (64-bit/PCD3D_SM5)' being destroyed
[2019.11.09-05.04.20:120][118]LogPlayLevel: Display: Shutting down PIE online subsystems
[2019.11.09-05.04.20:121][118]LogBlueprintUserMessages: Late EndPlayMap Detection: Level '/Game/FirstPersonBP/Maps/FirstPersonExampleMap.FirstPersonExampleMap:PersistentLevel' has LevelScriptBlueprint '/Game/FirstPersonBP/Maps/FirstPersonExampleMap.FirstPersonExampleMap:PersistentLevel.FirstPersonExampleMap' with GeneratedClass '/Game/FirstPersonBP/Maps/FirstPersonExampleMap.FirstPersonExampleMap_C' with ClassGeneratedBy '/Game/FirstPersonBP/Maps/FirstPersonExampleMap.FirstPersonExampleMap:PersistentLevel.FirstPersonExampleMap'
[2019.11.09-05.04.20:253][118]LogUObjectHash: Compacting FUObjectHashTables data took   7.08ms
[2019.11.09-05.04.20:430][119]LogPlayLevel: Display: Destroying online subsystem :Context_41
[2019.11.09-05.04.27:706][367]LogSlate: FSceneViewport::OnFocusLost() reason 0
[2019.11.09-05.04.27:834][372]BlueprintLog: New page: Compile Teleporter
[2019.11.09-05.04.28:437][372]LogUObjectHash: Compacting FUObjectHashTables data took   8.42ms
[2019.11.09-05.04.43:254][903]BlueprintLog: New page: Compile Teleporter
[2019.11.09-05.04.43:868][903]LogUObjectHash: Compacting FUObjectHashTables data took  10.42ms
[2019.11.09-05.05.19:194][180]BlueprintLog: New page: Compile Teleporter
[2019.11.09-05.05.19:864][180]LogUObjectHash: Compacting FUObjectHashTables data took  12.62ms
[2019.11.09-05.05.48:425][262]BlueprintLog: New page: Compile Teleporter
[2019.11.09-05.05.49:042][262]LogUObjectHash: Compacting FUObjectHashTables data took  11.39ms
[2019.11.09-05.05.49:507][274]LogTemp: Repeating last play command: New Editor Window (PIE)
[2019.11.09-05.05.49:587][274]LogBlueprintUserMessages: Early PlayInEditor Detection: Level '/Game/FirstPersonBP/Maps/FirstPersonExampleMap.FirstPersonExampleMap:PersistentLevel' has LevelScriptBlueprint '/Game/FirstPersonBP/Maps/FirstPersonExampleMap.FirstPersonExampleMap:PersistentLevel.FirstPersonExampleMap' with GeneratedClass '/Game/FirstPersonBP/Maps/FirstPersonExampleMap.FirstPersonExampleMap_C' with ClassGeneratedBy '/Game/FirstPersonBP/Maps/FirstPersonExampleMap.FirstPersonExampleMap:PersistentLevel.FirstPersonExampleMap'
[2019.11.09-05.05.49:589][274]LogPlayLevel: PlayLevel: No blueprints needed recompiling
[2019.11.09-05.05.49:589][274]PIE: New page: PIE session: FirstPersonExampleMap (Nov 8, 2019, 1:05:49 PM)
[2019.11.09-05.05.49:589][274]LogPlayLevel: Creating play world package: /Game/FirstPersonBP/Maps/UEDPIE_0_FirstPersonExampleMap
[2019.11.09-05.05.49:632][274]LogPlayLevel: PIE: StaticDuplicateObject took: (0.041703s)
[2019.11.09-05.05.49:633][274]LogAIModule: Creating AISystem for world FirstPersonExampleMap
[2019.11.09-05.05.49:635][274]LogPlayLevel: PIE: World Init took: (0.002500s)
[2019.11.09-05.05.49:635][274]LogPlayLevel: PIE: Created PIE world by copying editor world from /Game/FirstPersonBP/Maps/FirstPersonExampleMap.FirstPersonExampleMap to /Game/FirstPersonBP/Maps/UEDPIE_0_FirstPersonExampleMap.FirstPersonExampleMap (0.045521s)
[2019.11.09-05.05.49:757][274]LogUObjectHash: Compacting FUObjectHashTables data took  11.09ms
[2019.11.09-05.05.49:825][274]LogInit: XAudio2 using 'Headset Earphone (SteelSeries Arctis 5 Chat)' : 2 channels at 48 kHz using 16 bits per sample (channel mask 0x3)
[2019.11.09-05.05.49:866][274]LogInit: FAudioDevice initialized.
[2019.11.09-05.05.49:887][274]LogSlate: Updating window title bar state: overlay mode, drag disabled, window buttons hidden, title bar hidden
[2019.11.09-05.05.49:931][274]LogLoad: Game class is 'FirstPersonGameMode_C'
[2019.11.09-05.05.49:946][274]LogWorld: Bringing World /Game/FirstPersonBP/Maps/UEDPIE_0_FirstPersonExampleMap.FirstPersonExampleMap up for play (max tick rate 60) at 2019.11.08-21.05.49
[2019.11.09-05.05.49:949][274]LogWorld: Bringing up level for play took: 0.015478
[2019.11.09-05.05.49:973][274]PIE: Play in editor start time for /Game/FirstPersonBP/Maps/UEDPIE_0_FirstPersonExampleMap 0.919
[2019.11.09-05.05.49:974][274]LogBlueprintUserMessages: Late PlayInEditor Detection: Level '/Game/FirstPersonBP/Maps/FirstPersonExampleMap.FirstPersonExampleMap:PersistentLevel' has LevelScriptBlueprint '/Game/FirstPersonBP/Maps/FirstPersonExampleMap.FirstPersonExampleMap:PersistentLevel.FirstPersonExampleMap' with GeneratedClass '/Game/FirstPersonBP/Maps/FirstPersonExampleMap.FirstPersonExampleMap_C' with ClassGeneratedBy '/Game/FirstPersonBP/Maps/FirstPersonExampleMap.FirstPersonExampleMap:PersistentLevel.FirstPersonExampleMap'
[2019.11.09-05.05.52:112][328]LogScript: Warning: Infinite script recursion (250 calls) detected - see log for stack trace
	Teleporter_C /Game/FirstPersonBP/Maps/UEDPIE_0_FirstPersonExampleMap.FirstPersonExampleMap:PersistentLevel.Teleporter2
	Function /Game/Teleporter/Teleporter.Teleporter_C:ExecuteUbergraph_Teleporter:0000
[2019.11.09-05.05.52:113][328]PIE: Error: Infinite loop detected. Blueprint:  Teleporter Function:  SetDestReceiver Call Stack:  Show
[2019.11.09-05.05.52:122][328]LogBlueprintUserMessages: Early EndPlayMap Detection: Level '/Game/FirstPersonBP/Maps/FirstPersonExampleMap.FirstPersonExampleMap:PersistentLevel' has LevelScriptBlueprint '/Game/FirstPersonBP/Maps/FirstPersonExampleMap.FirstPersonExampleMap:PersistentLevel.FirstPersonExampleMap' with GeneratedClass '/Game/FirstPersonBP/Maps/FirstPersonExampleMap.FirstPersonExampleMap_C' with ClassGeneratedBy '/Game/FirstPersonBP/Maps/FirstPersonExampleMap.FirstPersonExampleMap:PersistentLevel.FirstPersonExampleMap'
[2019.11.09-05.05.52:124][328]LogSlate: Updating window title bar state: overlay mode, drag disabled, window buttons hidden, title bar hidden
[2019.11.09-05.05.52:166][328]LogSlate: Window 'Mechanics_Sandbox Game Preview Standalone (64-bit/PCD3D_SM5)' being destroyed
[2019.11.09-05.05.52:234][328]LogPlayLevel: Display: Shutting down PIE online subsystems
[2019.11.09-05.05.52:235][328]LogBlueprintUserMessages: Late EndPlayMap Detection: Level '/Game/FirstPersonBP/Maps/FirstPersonExampleMap.FirstPersonExampleMap:PersistentLevel' has LevelScriptBlueprint '/Game/FirstPersonBP/Maps/FirstPersonExampleMap.FirstPersonExampleMap:PersistentLevel.FirstPersonExampleMap' with GeneratedClass '/Game/FirstPersonBP/Maps/FirstPersonExampleMap.FirstPersonExampleMap_C' with ClassGeneratedBy '/Game/FirstPersonBP/Maps/FirstPersonExampleMap.FirstPersonExampleMap:PersistentLevel.FirstPersonExampleMap'
[2019.11.09-05.05.52:374][328]LogUObjectHash: Compacting FUObjectHashTables data took   6.61ms
[2019.11.09-05.05.52:559][329]LogPlayLevel: Display: Destroying online subsystem :Context_42
[2019.11.09-05.06.19:793][329]LogEditorTransaction: Undo Move Node
[2019.11.09-05.06.20:359][342]LogEditorTransaction: Undo Move Node
[2019.11.09-05.06.20:857][356]LogEditorTransaction: Undo Delete current selection
[2019.11.09-05.06.21:435][372]LogEditorTransaction: Undo Create Pin Link
[2019.11.09-05.06.22:101][393]LogEditorTransaction: Undo Add Node
[2019.11.09-05.06.22:756][414]LogEditorTransaction: Undo Move Node
[2019.11.09-05.06.23:477][437]LogEditorTransaction: Undo Delete current selection
[2019.11.09-05.06.24:309][464]LogEditorTransaction: Undo Add Component Nodes
[2019.11.09-05.06.24:805][479]LogEditorTransaction: Undo Delete current selection
[2019.11.09-05.06.25:342][495]LogEditorTransaction: Undo Modify Component(s)
[2019.11.09-05.06.25:821][509]LogEditorTransaction: Undo Modify Component(s)
[2019.11.09-05.06.26:321][524]LogEditorTransaction: Undo Reset Location
[2019.11.09-05.06.27:531][567]LogEditorTransaction: Redo Reset Location
[2019.11.09-05.06.27:764][571]LogEditorTransaction: Redo Modify Component(s)
[2019.11.09-05.06.27:972][574]LogEditorTransaction: Redo Modify Component(s)
[2019.11.09-05.06.28:232][579]LogEditorTransaction: Redo Delete current selection
[2019.11.09-05.06.28:542][585]LogEditorTransaction: Redo Add Component Nodes
[2019.11.09-05.06.28:832][591]LogEditorTransaction: Redo Delete current selection
[2019.11.09-05.06.33:131][744]BlueprintLog: New page: Compile Teleporter
[2019.11.09-05.06.33:782][744]LogUObjectHash: Compacting FUObjectHashTables data took   9.76ms
[2019.11.09-05.07.38:498][261]BlueprintLog: New page: Compile Teleporter
[2019.11.09-05.07.39:104][261]LogUObjectHash: Compacting FUObjectHashTables data took   9.62ms
[2019.11.09-05.07.42:080][357]Cmd: OBJ SAVEPACKAGE PACKAGE="/Game/Teleporter/Teleporter" FILE="C:/Users/danny/Desktop/Systems_Sandbox/Mechanics_Sandbox/Content/Teleporter/Teleporter.uasset" SILENT=true
[2019.11.09-05.07.42:254][357]LogSavePackage: Moving 'C:/Users/danny/Desktop/Systems_Sandbox/Mechanics_Sandbox/Saved/Teleporter862ABA414818345E717BE9BEB2F04CF9.tmp' to 'C:/Users/danny/Desktop/Systems_Sandbox/Mechanics_Sandbox/Content/Teleporter/Teleporter.uasset'
[2019.11.09-05.07.48:138][556]Cmd: OBJ SAVEPACKAGE PACKAGE="/Game/Teleporter/Teleporter" FILE="C:/Users/danny/Desktop/Systems_Sandbox/Mechanics_Sandbox/Content/Teleporter/Teleporter.uasset" SILENT=true
[2019.11.09-05.07.48:267][556]LogSavePackage: Moving 'C:/Users/danny/Desktop/Systems_Sandbox/Mechanics_Sandbox/Saved/Teleporter599AE9EA4331809EC44A26829AFAE44A.tmp' to 'C:/Users/danny/Desktop/Systems_Sandbox/Mechanics_Sandbox/Content/Teleporter/Teleporter.uasset'
[2019.11.09-05.09.12:977][660]BlueprintLog: New page: Compile Teleporter
[2019.11.09-05.09.13:593][660]LogUObjectHash: Compacting FUObjectHashTables data took   9.68ms
[2019.11.09-05.09.15:867][726]LogTemp: Repeating last play command: New Editor Window (PIE)
[2019.11.09-05.09.15:949][726]LogBlueprintUserMessages: Early PlayInEditor Detection: Level '/Game/FirstPersonBP/Maps/FirstPersonExampleMap.FirstPersonExampleMap:PersistentLevel' has LevelScriptBlueprint '/Game/FirstPersonBP/Maps/FirstPersonExampleMap.FirstPersonExampleMap:PersistentLevel.FirstPersonExampleMap' with GeneratedClass '/Game/FirstPersonBP/Maps/FirstPersonExampleMap.FirstPersonExampleMap_C' with ClassGeneratedBy '/Game/FirstPersonBP/Maps/FirstPersonExampleMap.FirstPersonExampleMap:PersistentLevel.FirstPersonExampleMap'
[2019.11.09-05.09.15:951][726]LogPlayLevel: PlayLevel: No blueprints needed recompiling
[2019.11.09-05.09.15:951][726]PIE: New page: PIE session: FirstPersonExampleMap (Nov 8, 2019, 1:09:15 PM)
[2019.11.09-05.09.15:952][726]LogPlayLevel: Creating play world package: /Game/FirstPersonBP/Maps/UEDPIE_0_FirstPersonExampleMap
[2019.11.09-05.09.15:995][726]LogPlayLevel: PIE: StaticDuplicateObject took: (0.042304s)
[2019.11.09-05.09.15:997][726]LogAIModule: Creating AISystem for world FirstPersonExampleMap
[2019.11.09-05.09.15:998][726]LogPlayLevel: PIE: World Init took: (0.002613s)
[2019.11.09-05.09.15:998][726]LogPlayLevel: PIE: Created PIE world by copying editor world from /Game/FirstPersonBP/Maps/FirstPersonExampleMap.FirstPersonExampleMap to /Game/FirstPersonBP/Maps/UEDPIE_0_FirstPersonExampleMap.FirstPersonExampleMap (0.046598s)
[2019.11.09-05.09.16:112][726]LogUObjectHash: Compacting FUObjectHashTables data took   8.98ms
[2019.11.09-05.09.16:177][726]LogInit: XAudio2 using 'Headset Earphone (SteelSeries Arctis 5 Chat)' : 2 channels at 48 kHz using 16 bits per sample (channel mask 0x3)
[2019.11.09-05.09.16:221][726]LogInit: FAudioDevice initialized.
[2019.11.09-05.09.16:240][726]LogSlate: Updating window title bar state: overlay mode, drag disabled, window buttons hidden, title bar hidden
[2019.11.09-05.09.16:280][726]LogLoad: Game class is 'FirstPersonGameMode_C'
[2019.11.09-05.09.16:295][726]LogWorld: Bringing World /Game/FirstPersonBP/Maps/UEDPIE_0_FirstPersonExampleMap.FirstPersonExampleMap up for play (max tick rate 60) at 2019.11.08-21.09.16
[2019.11.09-05.09.16:297][726]LogWorld: Bringing up level for play took: 0.014708
[2019.11.09-05.09.16:324][726]PIE: Play in editor start time for /Game/FirstPersonBP/Maps/UEDPIE_0_FirstPersonExampleMap 1.27
[2019.11.09-05.09.16:325][726]LogBlueprintUserMessages: Late PlayInEditor Detection: Level '/Game/FirstPersonBP/Maps/FirstPersonExampleMap.FirstPersonExampleMap:PersistentLevel' has LevelScriptBlueprint '/Game/FirstPersonBP/Maps/FirstPersonExampleMap.FirstPersonExampleMap:PersistentLevel.FirstPersonExampleMap' with GeneratedClass '/Game/FirstPersonBP/Maps/FirstPersonExampleMap.FirstPersonExampleMap_C' with ClassGeneratedBy '/Game/FirstPersonBP/Maps/FirstPersonExampleMap.FirstPersonExampleMap:PersistentLevel.FirstPersonExampleMap'
[2019.11.09-05.09.18:711][779]LogScript: Warning: Infinite script recursion (250 calls) detected - see log for stack trace
	Teleporter_C /Game/FirstPersonBP/Maps/UEDPIE_0_FirstPersonExampleMap.FirstPersonExampleMap:PersistentLevel.Teleporter2
	Function /Game/Teleporter/Teleporter.Teleporter_C:ExecuteUbergraph_Teleporter:0000
[2019.11.09-05.09.18:713][779]PIE: Error: Infinite loop detected. Blueprint:  Teleporter Function:  SetDestReceiver Call Stack:  Show
[2019.11.09-05.09.18:721][779]LogBlueprintUserMessages: Early EndPlayMap Detection: Level '/Game/FirstPersonBP/Maps/FirstPersonExampleMap.FirstPersonExampleMap:PersistentLevel' has LevelScriptBlueprint '/Game/FirstPersonBP/Maps/FirstPersonExampleMap.FirstPersonExampleMap:PersistentLevel.FirstPersonExampleMap' with GeneratedClass '/Game/FirstPersonBP/Maps/FirstPersonExampleMap.FirstPersonExampleMap_C' with ClassGeneratedBy '/Game/FirstPersonBP/Maps/FirstPersonExampleMap.FirstPersonExampleMap:PersistentLevel.FirstPersonExampleMap'
[2019.11.09-05.09.18:723][779]LogSlate: Updating window title bar state: overlay mode, drag disabled, window buttons hidden, title bar hidden
[2019.11.09-05.09.18:768][779]LogSlate: Window 'Mechanics_Sandbox Game Preview Standalone (64-bit/PCD3D_SM5)' being destroyed
[2019.11.09-05.09.18:843][779]LogPlayLevel: Display: Shutting down PIE online subsystems
[2019.11.09-05.09.18:844][779]LogBlueprintUserMessages: Late EndPlayMap Detection: Level '/Game/FirstPersonBP/Maps/FirstPersonExampleMap.FirstPersonExampleMap:PersistentLevel' has LevelScriptBlueprint '/Game/FirstPersonBP/Maps/FirstPersonExampleMap.FirstPersonExampleMap:PersistentLevel.FirstPersonExampleMap' with GeneratedClass '/Game/FirstPersonBP/Maps/FirstPersonExampleMap.FirstPersonExampleMap_C' with ClassGeneratedBy '/Game/FirstPersonBP/Maps/FirstPersonExampleMap.FirstPersonExampleMap:PersistentLevel.FirstPersonExampleMap'
[2019.11.09-05.09.18:972][779]LogUObjectHash: Compacting FUObjectHashTables data took   5.89ms
[2019.11.09-05.09.19:169][780]LogPlayLevel: Display: Destroying online subsystem :Context_43
[2019.11.09-05.09.45:181][637]LogTemp: Repeating last play command: New Editor Window (PIE)
[2019.11.09-05.09.45:254][637]LogBlueprintUserMessages: Early PlayInEditor Detection: Level '/Game/FirstPersonBP/Maps/FirstPersonExampleMap.FirstPersonExampleMap:PersistentLevel' has LevelScriptBlueprint '/Game/FirstPersonBP/Maps/FirstPersonExampleMap.FirstPersonExampleMap:PersistentLevel.FirstPersonExampleMap' with GeneratedClass '/Game/FirstPersonBP/Maps/FirstPersonExampleMap.FirstPersonExampleMap_C' with ClassGeneratedBy '/Game/FirstPersonBP/Maps/FirstPersonExampleMap.FirstPersonExampleMap:PersistentLevel.FirstPersonExampleMap'
[2019.11.09-05.09.45:255][637]LogPlayLevel: PlayLevel: No blueprints needed recompiling
[2019.11.09-05.09.45:256][637]PIE: New page: PIE session: FirstPersonExampleMap (Nov 8, 2019, 1:09:45 PM)
[2019.11.09-05.09.45:256][637]LogPlayLevel: Creating play world package: /Game/FirstPersonBP/Maps/UEDPIE_0_FirstPersonExampleMap
[2019.11.09-05.09.45:300][637]LogPlayLevel: PIE: StaticDuplicateObject took: (0.042985s)
[2019.11.09-05.09.45:302][637]LogAIModule: Creating AISystem for world FirstPersonExampleMap
[2019.11.09-05.09.45:303][637]LogPlayLevel: PIE: World Init took: (0.003013s)
[2019.11.09-05.09.45:304][637]LogPlayLevel: PIE: Created PIE world by copying editor world from /Game/FirstPersonBP/Maps/FirstPersonExampleMap.FirstPersonExampleMap to /Game/FirstPersonBP/Maps/UEDPIE_0_FirstPersonExampleMap.FirstPersonExampleMap (0.047846s)
[2019.11.09-05.09.45:420][637]LogUObjectHash: Compacting FUObjectHashTables data took   5.75ms
[2019.11.09-05.09.45:488][637]LogInit: XAudio2 using 'Headset Earphone (SteelSeries Arctis 5 Chat)' : 2 channels at 48 kHz using 16 bits per sample (channel mask 0x3)
[2019.11.09-05.09.45:531][637]LogInit: FAudioDevice initialized.
[2019.11.09-05.09.45:551][637]LogSlate: Updating window title bar state: overlay mode, drag disabled, window buttons hidden, title bar hidden
[2019.11.09-05.09.45:591][637]LogLoad: Game class is 'FirstPersonGameMode_C'
[2019.11.09-05.09.45:606][637]LogWorld: Bringing World /Game/FirstPersonBP/Maps/UEDPIE_0_FirstPersonExampleMap.FirstPersonExampleMap up for play (max tick rate 60) at 2019.11.08-21.09.45
[2019.11.09-05.09.45:608][637]LogWorld: Bringing up level for play took: 0.015563
[2019.11.09-05.09.45:631][637]PIE: Play in editor start time for /Game/FirstPersonBP/Maps/UEDPIE_0_FirstPersonExampleMap 0.577
[2019.11.09-05.09.45:632][637]LogBlueprintUserMessages: Late PlayInEditor Detection: Level '/Game/FirstPersonBP/Maps/FirstPersonExampleMap.FirstPersonExampleMap:PersistentLevel' has LevelScriptBlueprint '/Game/FirstPersonBP/Maps/FirstPersonExampleMap.FirstPersonExampleMap:PersistentLevel.FirstPersonExampleMap' with GeneratedClass '/Game/FirstPersonBP/Maps/FirstPersonExampleMap.FirstPersonExampleMap_C' with ClassGeneratedBy '/Game/FirstPersonBP/Maps/FirstPersonExampleMap.FirstPersonExampleMap:PersistentLevel.FirstPersonExampleMap'
[2019.11.09-05.09.47:845][684]LogScript: Warning: Infinite script recursion (250 calls) detected - see log for stack trace
	Teleporter_C /Game/FirstPersonBP/Maps/UEDPIE_0_FirstPersonExampleMap.FirstPersonExampleMap:PersistentLevel.Teleporter2
	Function /Game/Teleporter/Teleporter.Teleporter_C:ExecuteUbergraph_Teleporter:0000
[2019.11.09-05.09.47:846][684]PIE: Error: Infinite loop detected. Blueprint:  Teleporter Function:  SetDestReceiver Call Stack:  Show
[2019.11.09-05.09.47:854][684]LogBlueprintUserMessages: Early EndPlayMap Detection: Level '/Game/FirstPersonBP/Maps/FirstPersonExampleMap.FirstPersonExampleMap:PersistentLevel' has LevelScriptBlueprint '/Game/FirstPersonBP/Maps/FirstPersonExampleMap.FirstPersonExampleMap:PersistentLevel.FirstPersonExampleMap' with GeneratedClass '/Game/FirstPersonBP/Maps/FirstPersonExampleMap.FirstPersonExampleMap_C' with ClassGeneratedBy '/Game/FirstPersonBP/Maps/FirstPersonExampleMap.FirstPersonExampleMap:PersistentLevel.FirstPersonExampleMap'
[2019.11.09-05.09.47:856][684]LogSlate: Updating window title bar state: overlay mode, drag disabled, window buttons hidden, title bar hidden
[2019.11.09-05.09.47:902][684]LogSlate: Window 'Mechanics_Sandbox Game Preview Standalone (64-bit/PCD3D_SM5)' being destroyed
[2019.11.09-05.09.47:989][684]LogPlayLevel: Display: Shutting down PIE online subsystems
[2019.11.09-05.09.47:989][684]LogBlueprintUserMessages: Late EndPlayMap Detection: Level '/Game/FirstPersonBP/Maps/FirstPersonExampleMap.FirstPersonExampleMap:PersistentLevel' has LevelScriptBlueprint '/Game/FirstPersonBP/Maps/FirstPersonExampleMap.FirstPersonExampleMap:PersistentLevel.FirstPersonExampleMap' with GeneratedClass '/Game/FirstPersonBP/Maps/FirstPersonExampleMap.FirstPersonExampleMap_C' with ClassGeneratedBy '/Game/FirstPersonBP/Maps/FirstPersonExampleMap.FirstPersonExampleMap:PersistentLevel.FirstPersonExampleMap'
[2019.11.09-05.09.48:117][684]LogUObjectHash: Compacting FUObjectHashTables data took   6.30ms
[2019.11.09-05.09.48:300][685]LogPlayLevel: Display: Destroying online subsystem :Context_44
[2019.11.09-05.09.58:064][ 11]LogEditorViewport: Clicking on Actor (LMB): Teleporter_C (Teleporter)
[2019.11.09-05.09.59:644][ 56]LogEditorViewport: Clicking on Actor (LMB): Teleporter_C (Teleporter2)
[2019.11.09-05.10.00:867][ 90]LogEditorViewport: Clicking on Actor (LMB): Teleporter_C (Teleporter)
[2019.11.09-05.10.03:329][156]LogEditorViewport: Clicking on Actor (LMB): Teleporter_C (Teleporter2)
[2019.11.09-05.10.04:504][185]LogSlate: FSceneViewport::OnFocusLost() reason 2
[2019.11.09-05.10.10:476][364]LogSlate: FSceneViewport::OnFocusLost() reason 0
[2019.11.09-05.10.10:565][367]LogTemp: Repeating last play command: New Editor Window (PIE)
[2019.11.09-05.10.10:627][367]LogBlueprintUserMessages: Early PlayInEditor Detection: Level '/Game/FirstPersonBP/Maps/FirstPersonExampleMap.FirstPersonExampleMap:PersistentLevel' has LevelScriptBlueprint '/Game/FirstPersonBP/Maps/FirstPersonExampleMap.FirstPersonExampleMap:PersistentLevel.FirstPersonExampleMap' with GeneratedClass '/Game/FirstPersonBP/Maps/FirstPersonExampleMap.FirstPersonExampleMap_C' with ClassGeneratedBy '/Game/FirstPersonBP/Maps/FirstPersonExampleMap.FirstPersonExampleMap:PersistentLevel.FirstPersonExampleMap'
[2019.11.09-05.10.10:629][367]LogPlayLevel: PlayLevel: No blueprints needed recompiling
[2019.11.09-05.10.10:630][367]PIE: New page: PIE session: FirstPersonExampleMap (Nov 8, 2019, 1:10:10 PM)
[2019.11.09-05.10.10:630][367]LogPlayLevel: Creating play world package: /Game/FirstPersonBP/Maps/UEDPIE_0_FirstPersonExampleMap
[2019.11.09-05.10.10:670][367]LogPlayLevel: PIE: StaticDuplicateObject took: (0.039109s)
[2019.11.09-05.10.10:672][367]LogAIModule: Creating AISystem for world FirstPersonExampleMap
[2019.11.09-05.10.10:673][367]LogPlayLevel: PIE: World Init took: (0.002234s)
[2019.11.09-05.10.10:673][367]LogPlayLevel: PIE: Created PIE world by copying editor world from /Game/FirstPersonBP/Maps/FirstPersonExampleMap.FirstPersonExampleMap to /Game/FirstPersonBP/Maps/UEDPIE_0_FirstPersonExampleMap.FirstPersonExampleMap (0.042856s)
[2019.11.09-05.10.10:785][367]LogUObjectHash: Compacting FUObjectHashTables data took   6.53ms
[2019.11.09-05.10.10:850][367]LogInit: XAudio2 using 'Headset Earphone (SteelSeries Arctis 5 Chat)' : 2 channels at 48 kHz using 16 bits per sample (channel mask 0x3)
[2019.11.09-05.10.10:889][367]LogInit: FAudioDevice initialized.
[2019.11.09-05.10.10:909][367]LogSlate: Updating window title bar state: overlay mode, drag disabled, window buttons hidden, title bar hidden
[2019.11.09-05.10.10:947][367]LogLoad: Game class is 'FirstPersonGameMode_C'
[2019.11.09-05.10.10:964][367]LogWorld: Bringing World /Game/FirstPersonBP/Maps/UEDPIE_0_FirstPersonExampleMap.FirstPersonExampleMap up for play (max tick rate 60) at 2019.11.08-21.10.10
[2019.11.09-05.10.10:968][367]LogWorld: Bringing up level for play took: 0.019064
[2019.11.09-05.10.10:991][367]PIE: Play in editor start time for /Game/FirstPersonBP/Maps/UEDPIE_0_FirstPersonExampleMap -0.064
[2019.11.09-05.10.10:991][367]LogBlueprintUserMessages: Late PlayInEditor Detection: Level '/Game/FirstPersonBP/Maps/FirstPersonExampleMap.FirstPersonExampleMap:PersistentLevel' has LevelScriptBlueprint '/Game/FirstPersonBP/Maps/FirstPersonExampleMap.FirstPersonExampleMap:PersistentLevel.FirstPersonExampleMap' with GeneratedClass '/Game/FirstPersonBP/Maps/FirstPersonExampleMap.FirstPersonExampleMap_C' with ClassGeneratedBy '/Game/FirstPersonBP/Maps/FirstPersonExampleMap.FirstPersonExampleMap:PersistentLevel.FirstPersonExampleMap'
[2019.11.09-05.10.31:980][928]LogBlueprintUserMessages: Early EndPlayMap Detection: Level '/Game/FirstPersonBP/Maps/FirstPersonExampleMap.FirstPersonExampleMap:PersistentLevel' has LevelScriptBlueprint '/Game/FirstPersonBP/Maps/FirstPersonExampleMap.FirstPersonExampleMap:PersistentLevel.FirstPersonExampleMap' with GeneratedClass '/Game/FirstPersonBP/Maps/FirstPersonExampleMap.FirstPersonExampleMap_C' with ClassGeneratedBy '/Game/FirstPersonBP/Maps/FirstPersonExampleMap.FirstPersonExampleMap:PersistentLevel.FirstPersonExampleMap'
[2019.11.09-05.10.31:984][928]LogSlate: Updating window title bar state: overlay mode, drag disabled, window buttons hidden, title bar hidden
[2019.11.09-05.10.32:040][928]LogSlate: Window 'Mechanics_Sandbox Game Preview Standalone (64-bit/PCD3D_SM5)' being destroyed
[2019.11.09-05.10.32:126][928]LogPlayLevel: Display: Shutting down PIE online subsystems
[2019.11.09-05.10.32:127][928]LogBlueprintUserMessages: Late EndPlayMap Detection: Level '/Game/FirstPersonBP/Maps/FirstPersonExampleMap.FirstPersonExampleMap:PersistentLevel' has LevelScriptBlueprint '/Game/FirstPersonBP/Maps/FirstPersonExampleMap.FirstPersonExampleMap:PersistentLevel.FirstPersonExampleMap' with GeneratedClass '/Game/FirstPersonBP/Maps/FirstPersonExampleMap.FirstPersonExampleMap_C' with ClassGeneratedBy '/Game/FirstPersonBP/Maps/FirstPersonExampleMap.FirstPersonExampleMap:PersistentLevel.FirstPersonExampleMap'
[2019.11.09-05.10.32:290][928]LogUObjectHash: Compacting FUObjectHashTables data took   7.58ms
[2019.11.09-05.10.32:486][929]LogPlayLevel: Display: Destroying online subsystem :Context_45
[2019.11.09-05.10.36:783][ 53]LogSlate: FSceneViewport::OnFocusLost() reason 0
[2019.11.09-05.10.41:066][189]BlueprintLog: New page: Compile Teleporter
[2019.11.09-05.10.41:724][189]LogUObjectHash: Compacting FUObjectHashTables data took   8.78ms
[2019.11.09-05.10.51:361][477]LogSlate: FSceneViewport::OnFocusLost() reason 0
[2019.11.09-05.10.57:122][660]LogSlate: FSceneViewport::OnFocusLost() reason 0
[2019.11.09-05.10.58:727][710]BlueprintLog: New page: Compile Teleporter
[2019.11.09-05.10.59:410][710]LogUObjectHash: Compacting FUObjectHashTables data took  11.32ms
[2019.11.09-05.11.03:511][828]LogSlate: FSceneViewport::OnFocusLost() reason 0
[2019.11.09-05.11.12:602][127]BlueprintLog: New page: Compile Teleporter
[2019.11.09-05.11.13:205][127]LogUObjectHash: Compacting FUObjectHashTables data took  13.12ms
[2019.11.09-05.12.18:709][367]LogSelectionDetails: Warning: NavigateToFunctionSource:  Unable to find symbols for 'UKismetSystemLibrary::IsValid' [Element not found.]
[2019.11.09-05.13.43:704][640]BlueprintLog: New page: Compile Teleporter
[2019.11.09-05.13.44:336][640]LogUObjectHash: Compacting FUObjectHashTables data took  11.32ms
[2019.11.09-05.13.55:118][ 37]LogTemp: Repeating last play command: New Editor Window (PIE)
[2019.11.09-05.13.55:204][ 37]LogBlueprintUserMessages: Early PlayInEditor Detection: Level '/Game/FirstPersonBP/Maps/FirstPersonExampleMap.FirstPersonExampleMap:PersistentLevel' has LevelScriptBlueprint '/Game/FirstPersonBP/Maps/FirstPersonExampleMap.FirstPersonExampleMap:PersistentLevel.FirstPersonExampleMap' with GeneratedClass '/Game/FirstPersonBP/Maps/FirstPersonExampleMap.FirstPersonExampleMap_C' with ClassGeneratedBy '/Game/FirstPersonBP/Maps/FirstPersonExampleMap.FirstPersonExampleMap:PersistentLevel.FirstPersonExampleMap'
[2019.11.09-05.13.55:205][ 37]LogPlayLevel: PlayLevel: No blueprints needed recompiling
[2019.11.09-05.13.55:205][ 37]PIE: New page: PIE session: FirstPersonExampleMap (Nov 8, 2019, 1:13:55 PM)
[2019.11.09-05.13.55:206][ 37]LogPlayLevel: Creating play world package: /Game/FirstPersonBP/Maps/UEDPIE_0_FirstPersonExampleMap
[2019.11.09-05.13.55:252][ 37]LogPlayLevel: PIE: StaticDuplicateObject took: (0.045925s)
[2019.11.09-05.13.55:256][ 37]LogAIModule: Creating AISystem for world FirstPersonExampleMap
[2019.11.09-05.13.55:257][ 37]LogPlayLevel: PIE: World Init took: (0.003229s)
[2019.11.09-05.13.55:257][ 37]LogPlayLevel: PIE: Created PIE world by copying editor world from /Game/FirstPersonBP/Maps/FirstPersonExampleMap.FirstPersonExampleMap to /Game/FirstPersonBP/Maps/UEDPIE_0_FirstPersonExampleMap.FirstPersonExampleMap (0.050874s)
[2019.11.09-05.13.55:383][ 37]LogUObjectHash: Compacting FUObjectHashTables data took   9.38ms
[2019.11.09-05.13.55:454][ 37]LogInit: XAudio2 using 'Headset Earphone (SteelSeries Arctis 5 Chat)' : 2 channels at 48 kHz using 16 bits per sample (channel mask 0x3)
[2019.11.09-05.13.55:496][ 37]LogInit: FAudioDevice initialized.
[2019.11.09-05.13.55:514][ 37]LogSlate: Updating window title bar state: overlay mode, drag disabled, window buttons hidden, title bar hidden
[2019.11.09-05.13.55:561][ 37]LogLoad: Game class is 'FirstPersonGameMode_C'
[2019.11.09-05.13.55:577][ 37]LogWorld: Bringing World /Game/FirstPersonBP/Maps/UEDPIE_0_FirstPersonExampleMap.FirstPersonExampleMap up for play (max tick rate 60) at 2019.11.08-21.13.55
[2019.11.09-05.13.55:579][ 37]LogWorld: Bringing up level for play took: 0.015085
[2019.11.09-05.13.55:604][ 37]PIE: Play in editor start time for /Game/FirstPersonBP/Maps/UEDPIE_0_FirstPersonExampleMap 0.551
[2019.11.09-05.13.55:605][ 37]LogBlueprintUserMessages: Late PlayInEditor Detection: Level '/Game/FirstPersonBP/Maps/FirstPersonExampleMap.FirstPersonExampleMap:PersistentLevel' has LevelScriptBlueprint '/Game/FirstPersonBP/Maps/FirstPersonExampleMap.FirstPersonExampleMap:PersistentLevel.FirstPersonExampleMap' with GeneratedClass '/Game/FirstPersonBP/Maps/FirstPersonExampleMap.FirstPersonExampleMap_C' with ClassGeneratedBy '/Game/FirstPersonBP/Maps/FirstPersonExampleMap.FirstPersonExampleMap:PersistentLevel.FirstPersonExampleMap'
[2019.11.09-05.14.02:933][235]LogBlueprintUserMessages: Early EndPlayMap Detection: Level '/Game/FirstPersonBP/Maps/FirstPersonExampleMap.FirstPersonExampleMap:PersistentLevel' has LevelScriptBlueprint '/Game/FirstPersonBP/Maps/FirstPersonExampleMap.FirstPersonExampleMap:PersistentLevel.FirstPersonExampleMap' with GeneratedClass '/Game/FirstPersonBP/Maps/FirstPersonExampleMap.FirstPersonExampleMap_C' with ClassGeneratedBy '/Game/FirstPersonBP/Maps/FirstPersonExampleMap.FirstPersonExampleMap:PersistentLevel.FirstPersonExampleMap'
[2019.11.09-05.14.02:935][235]LogSlate: Updating window title bar state: overlay mode, drag disabled, window buttons hidden, title bar hidden
[2019.11.09-05.14.02:980][235]LogSlate: Window 'Mechanics_Sandbox Game Preview Standalone (64-bit/PCD3D_SM5)' being destroyed
[2019.11.09-05.14.03:059][235]LogPlayLevel: Display: Shutting down PIE online subsystems
[2019.11.09-05.14.03:060][235]LogBlueprintUserMessages: Late EndPlayMap Detection: Level '/Game/FirstPersonBP/Maps/FirstPersonExampleMap.FirstPersonExampleMap:PersistentLevel' has LevelScriptBlueprint '/Game/FirstPersonBP/Maps/FirstPersonExampleMap.FirstPersonExampleMap:PersistentLevel.FirstPersonExampleMap' with GeneratedClass '/Game/FirstPersonBP/Maps/FirstPersonExampleMap.FirstPersonExampleMap_C' with ClassGeneratedBy '/Game/FirstPersonBP/Maps/FirstPersonExampleMap.FirstPersonExampleMap:PersistentLevel.FirstPersonExampleMap'
[2019.11.09-05.14.03:195][235]LogUObjectHash: Compacting FUObjectHashTables data took   9.91ms
[2019.11.09-05.14.03:390][236]LogPlayLevel: Display: Destroying online subsystem :Context_46
[2019.11.09-05.15.09:187][478]LogEditorTransaction: Undo Move Node
[2019.11.09-05.17.50:101][898]BlueprintLog: New page: Compile Teleporter
[2019.11.09-05.17.50:752][898]LogUObjectHash: Compacting FUObjectHashTables data took   9.27ms
[2019.11.09-05.17.52:679][954]LogTemp: Repeating last play command: New Editor Window (PIE)
[2019.11.09-05.17.52:770][954]LogBlueprintUserMessages: Early PlayInEditor Detection: Level '/Game/FirstPersonBP/Maps/FirstPersonExampleMap.FirstPersonExampleMap:PersistentLevel' has LevelScriptBlueprint '/Game/FirstPersonBP/Maps/FirstPersonExampleMap.FirstPersonExampleMap:PersistentLevel.FirstPersonExampleMap' with GeneratedClass '/Game/FirstPersonBP/Maps/FirstPersonExampleMap.FirstPersonExampleMap_C' with ClassGeneratedBy '/Game/FirstPersonBP/Maps/FirstPersonExampleMap.FirstPersonExampleMap:PersistentLevel.FirstPersonExampleMap'
[2019.11.09-05.17.52:772][954]LogPlayLevel: PlayLevel: No blueprints needed recompiling
[2019.11.09-05.17.52:773][954]PIE: New page: PIE session: FirstPersonExampleMap (Nov 8, 2019, 1:17:52 PM)
[2019.11.09-05.17.52:773][954]LogPlayLevel: Creating play world package: /Game/FirstPersonBP/Maps/UEDPIE_0_FirstPersonExampleMap
[2019.11.09-05.17.52:817][954]LogPlayLevel: PIE: StaticDuplicateObject took: (0.043166s)
[2019.11.09-05.17.52:819][954]LogAIModule: Creating AISystem for world FirstPersonExampleMap
[2019.11.09-05.17.52:820][954]LogPlayLevel: PIE: World Init took: (0.002645s)
[2019.11.09-05.17.52:821][954]LogPlayLevel: PIE: Created PIE world by copying editor world from /Game/FirstPersonBP/Maps/FirstPersonExampleMap.FirstPersonExampleMap to /Game/FirstPersonBP/Maps/UEDPIE_0_FirstPersonExampleMap.FirstPersonExampleMap (0.047568s)
[2019.11.09-05.17.52:947][954]LogUObjectHash: Compacting FUObjectHashTables data took   9.36ms
[2019.11.09-05.17.53:011][954]LogInit: XAudio2 using 'Headset Earphone (SteelSeries Arctis 5 Chat)' : 2 channels at 48 kHz using 16 bits per sample (channel mask 0x3)
[2019.11.09-05.17.53:056][954]LogInit: FAudioDevice initialized.
[2019.11.09-05.17.53:076][954]LogSlate: Updating window title bar state: overlay mode, drag disabled, window buttons hidden, title bar hidden
[2019.11.09-05.17.53:117][954]LogLoad: Game class is 'FirstPersonGameMode_C'
[2019.11.09-05.17.53:133][954]LogWorld: Bringing World /Game/FirstPersonBP/Maps/UEDPIE_0_FirstPersonExampleMap.FirstPersonExampleMap up for play (max tick rate 60) at 2019.11.08-21.17.53
[2019.11.09-05.17.53:135][954]LogWorld: Bringing up level for play took: 0.017012
[2019.11.09-05.17.53:162][954]PIE: Play in editor start time for /Game/FirstPersonBP/Maps/UEDPIE_0_FirstPersonExampleMap 0.109
[2019.11.09-05.17.53:163][954]LogBlueprintUserMessages: Late PlayInEditor Detection: Level '/Game/FirstPersonBP/Maps/FirstPersonExampleMap.FirstPersonExampleMap:PersistentLevel' has LevelScriptBlueprint '/Game/FirstPersonBP/Maps/FirstPersonExampleMap.FirstPersonExampleMap:PersistentLevel.FirstPersonExampleMap' with GeneratedClass '/Game/FirstPersonBP/Maps/FirstPersonExampleMap.FirstPersonExampleMap_C' with ClassGeneratedBy '/Game/FirstPersonBP/Maps/FirstPersonExampleMap.FirstPersonExampleMap:PersistentLevel.FirstPersonExampleMap'
[2019.11.09-05.18.07:387][318]LogBlueprintUserMessages: Early EndPlayMap Detection: Level '/Game/FirstPersonBP/Maps/FirstPersonExampleMap.FirstPersonExampleMap:PersistentLevel' has LevelScriptBlueprint '/Game/FirstPersonBP/Maps/FirstPersonExampleMap.FirstPersonExampleMap:PersistentLevel.FirstPersonExampleMap' with GeneratedClass '/Game/FirstPersonBP/Maps/FirstPersonExampleMap.FirstPersonExampleMap_C' with ClassGeneratedBy '/Game/FirstPersonBP/Maps/FirstPersonExampleMap.FirstPersonExampleMap:PersistentLevel.FirstPersonExampleMap'
[2019.11.09-05.18.07:390][318]LogSlate: Updating window title bar state: overlay mode, drag disabled, window buttons hidden, title bar hidden
[2019.11.09-05.18.07:433][318]LogSlate: Window 'Mechanics_Sandbox Game Preview Standalone (64-bit/PCD3D_SM5)' being destroyed
[2019.11.09-05.18.07:527][318]LogPlayLevel: Display: Shutting down PIE online subsystems
[2019.11.09-05.18.07:528][318]LogBlueprintUserMessages: Late EndPlayMap Detection: Level '/Game/FirstPersonBP/Maps/FirstPersonExampleMap.FirstPersonExampleMap:PersistentLevel' has LevelScriptBlueprint '/Game/FirstPersonBP/Maps/FirstPersonExampleMap.FirstPersonExampleMap:PersistentLevel.FirstPersonExampleMap' with GeneratedClass '/Game/FirstPersonBP/Maps/FirstPersonExampleMap.FirstPersonExampleMap_C' with ClassGeneratedBy '/Game/FirstPersonBP/Maps/FirstPersonExampleMap.FirstPersonExampleMap:PersistentLevel.FirstPersonExampleMap'
[2019.11.09-05.18.07:651][318]LogUObjectHash: Compacting FUObjectHashTables data took   8.35ms
[2019.11.09-05.18.07:835][319]LogPlayLevel: Display: Destroying online subsystem :Context_47
[2019.11.09-05.20.01:047][451]LogUObjectHash: Compacting FUObjectHashTables data took   4.46ms
[2019.11.09-05.20.01:930][451]LogSavePackage: Moving 'C:/Users/danny/Desktop/Systems_Sandbox/Mechanics_Sandbox/Saved/FirstPersonExampleMap_Auto41721BB564DAFA5F4CD0860A9C6B44BA7.tmp' to 'C:/Users/danny/Desktop/Systems_Sandbox/Mechanics_Sandbox/Saved/Autosaves/Game/FirstPersonBP/Maps/FirstPersonExampleMap_Auto4.umap'
[2019.11.09-05.20.01:942][451]LogFileHelpers: Editor autosave (incl. sublevels) for '/Game/FirstPersonBP/Maps/FirstPersonExampleMap' took 0.999
[2019.11.09-05.20.01:943][451]LogFileHelpers: Editor autosave (incl. sublevels) for all levels took 0.999
[2019.11.09-05.20.01:948][451]OBJ SavePackage: Generating thumbnails for [1] asset(s) in package [/Game/Teleporter/Teleporter] ([1] browsable assets)...
[2019.11.09-05.20.01:989][451]OBJ SavePackage:     Rendered thumbnail for [Blueprint /Game/Teleporter/Teleporter.Teleporter]
[2019.11.09-05.20.01:989][451]OBJ SavePackage: Finished generating thumbnails for package [/Game/Teleporter/Teleporter]
[2019.11.09-05.20.02:243][451]LogSavePackage: Moving 'C:/Users/danny/Desktop/Systems_Sandbox/Mechanics_Sandbox/Saved/Teleporter_Auto4ACCA5B3049E17B1F7ED723907037F1E7.tmp' to 'C:/Users/danny/Desktop/Systems_Sandbox/Mechanics_Sandbox/Saved/Autosaves/Game/Teleporter/Teleporter_Auto4.uasset'
[2019.11.09-05.20.02:247][451]LogFileHelpers: Auto-saving content packages took 0.300
[2019.11.09-05.43.08:957][752]LogSlate: FSceneViewport::OnFocusLost() reason 2
[2019.11.09-05.44.19:915][769]BlueprintLog: New page: Compile Teleporter
[2019.11.09-05.44.20:623][769]LogUObjectHash: Compacting FUObjectHashTables data took   9.85ms
[2019.11.09-05.45.13:748][216]BlueprintLog: New page: Compile Teleporter
[2019.11.09-05.45.14:519][216]LogUObjectHash: Compacting FUObjectHashTables data took  12.21ms
[2019.11.09-05.45.15:260][231]LogTemp: Repeating last play command: New Editor Window (PIE)
[2019.11.09-05.45.15:367][231]LogBlueprintUserMessages: Early PlayInEditor Detection: Level '/Game/FirstPersonBP/Maps/FirstPersonExampleMap.FirstPersonExampleMap:PersistentLevel' has LevelScriptBlueprint '/Game/FirstPersonBP/Maps/FirstPersonExampleMap.FirstPersonExampleMap:PersistentLevel.FirstPersonExampleMap' with GeneratedClass '/Game/FirstPersonBP/Maps/FirstPersonExampleMap.FirstPersonExampleMap_C' with ClassGeneratedBy '/Game/FirstPersonBP/Maps/FirstPersonExampleMap.FirstPersonExampleMap:PersistentLevel.FirstPersonExampleMap'
[2019.11.09-05.45.15:369][231]LogPlayLevel: PlayLevel: No blueprints needed recompiling
[2019.11.09-05.45.15:369][231]PIE: New page: PIE session: FirstPersonExampleMap (Nov 8, 2019, 1:45:15 PM)
[2019.11.09-05.45.15:370][231]LogPlayLevel: Creating play world package: /Game/FirstPersonBP/Maps/UEDPIE_0_FirstPersonExampleMap
[2019.11.09-05.45.15:424][231]LogPlayLevel: PIE: StaticDuplicateObject took: (0.053773s)
[2019.11.09-05.45.15:426][231]LogAIModule: Creating AISystem for world FirstPersonExampleMap
[2019.11.09-05.45.15:427][231]LogPlayLevel: PIE: World Init took: (0.002392s)
[2019.11.09-05.45.15:428][231]LogPlayLevel: PIE: Created PIE world by copying editor world from /Game/FirstPersonBP/Maps/FirstPersonExampleMap.FirstPersonExampleMap to /Game/FirstPersonBP/Maps/UEDPIE_0_FirstPersonExampleMap.FirstPersonExampleMap (0.057762s)
[2019.11.09-05.45.15:548][231]LogUObjectHash: Compacting FUObjectHashTables data took  11.16ms
[2019.11.09-05.45.15:628][231]LogInit: XAudio2 using 'Headset Earphone (SteelSeries Arctis 5 Chat)' : 2 channels at 48 kHz using 16 bits per sample (channel mask 0x3)
[2019.11.09-05.45.15:672][231]LogInit: FAudioDevice initialized.
[2019.11.09-05.45.15:698][231]LogSlate: Updating window title bar state: overlay mode, drag disabled, window buttons hidden, title bar hidden
[2019.11.09-05.45.15:745][231]LogLoad: Game class is 'FirstPersonGameMode_C'
[2019.11.09-05.45.15:770][231]LogWorld: Bringing World /Game/FirstPersonBP/Maps/UEDPIE_0_FirstPersonExampleMap.FirstPersonExampleMap up for play (max tick rate 60) at 2019.11.08-21.45.15
[2019.11.09-05.45.15:773][231]LogWorld: Bringing up level for play took: 0.024119
[2019.11.09-05.45.15:800][231]PIE: Play in editor start time for /Game/FirstPersonBP/Maps/UEDPIE_0_FirstPersonExampleMap 0.747
[2019.11.09-05.45.15:802][231]LogBlueprintUserMessages: Late PlayInEditor Detection: Level '/Game/FirstPersonBP/Maps/FirstPersonExampleMap.FirstPersonExampleMap:PersistentLevel' has LevelScriptBlueprint '/Game/FirstPersonBP/Maps/FirstPersonExampleMap.FirstPersonExampleMap:PersistentLevel.FirstPersonExampleMap' with GeneratedClass '/Game/FirstPersonBP/Maps/FirstPersonExampleMap.FirstPersonExampleMap_C' with ClassGeneratedBy '/Game/FirstPersonBP/Maps/FirstPersonExampleMap.FirstPersonExampleMap:PersistentLevel.FirstPersonExampleMap'
[2019.11.09-05.45.22:428][374]LogBlueprintUserMessages: Early EndPlayMap Detection: Level '/Game/FirstPersonBP/Maps/FirstPersonExampleMap.FirstPersonExampleMap:PersistentLevel' has LevelScriptBlueprint '/Game/FirstPersonBP/Maps/FirstPersonExampleMap.FirstPersonExampleMap:PersistentLevel.FirstPersonExampleMap' with GeneratedClass '/Game/FirstPersonBP/Maps/FirstPersonExampleMap.FirstPersonExampleMap_C' with ClassGeneratedBy '/Game/FirstPersonBP/Maps/FirstPersonExampleMap.FirstPersonExampleMap:PersistentLevel.FirstPersonExampleMap'
[2019.11.09-05.45.22:430][374]LogSlate: Updating window title bar state: overlay mode, drag disabled, window buttons hidden, title bar hidden
[2019.11.09-05.45.22:476][374]LogSlate: Window 'Mechanics_Sandbox Game Preview Standalone (64-bit/PCD3D_SM5)' being destroyed
[2019.11.09-05.45.22:582][374]LogPlayLevel: Display: Shutting down PIE online subsystems
[2019.11.09-05.45.22:583][374]LogBlueprintUserMessages: Late EndPlayMap Detection: Level '/Game/FirstPersonBP/Maps/FirstPersonExampleMap.FirstPersonExampleMap:PersistentLevel' has LevelScriptBlueprint '/Game/FirstPersonBP/Maps/FirstPersonExampleMap.FirstPersonExampleMap:PersistentLevel.FirstPersonExampleMap' with GeneratedClass '/Game/FirstPersonBP/Maps/FirstPersonExampleMap.FirstPersonExampleMap_C' with ClassGeneratedBy '/Game/FirstPersonBP/Maps/FirstPersonExampleMap.FirstPersonExampleMap:PersistentLevel.FirstPersonExampleMap'
[2019.11.09-05.45.22:739][374]LogUObjectHash: Compacting FUObjectHashTables data took  11.01ms
[2019.11.09-05.45.22:996][375]LogPlayLevel: Display: Destroying online subsystem :Context_48
[2019.11.09-05.45.25:073][425]LogEditorViewport: Clicking on Actor (LMB): Teleporter_C (Teleporter)
[2019.11.09-05.45.34:689][674]LogEditorViewport: Clicking on Actor (LMB): Teleporter_C (Teleporter2)
[2019.11.09-05.45.36:155][702]LogSlate: FSceneViewport::OnFocusLost() reason 2
[2019.11.09-05.46.02:664][816]LogUObjectHash: Compacting FUObjectHashTables data took   5.72ms
[2019.11.09-05.46.04:009][816]LogSavePackage: Moving 'C:/Users/danny/Desktop/Systems_Sandbox/Mechanics_Sandbox/Saved/FirstPersonExampleMap_Auto5FEA5AB2B4CDE183AC60192A94821845A.tmp' to 'C:/Users/danny/Desktop/Systems_Sandbox/Mechanics_Sandbox/Saved/Autosaves/Game/FirstPersonBP/Maps/FirstPersonExampleMap_Auto5.umap'
[2019.11.09-05.46.04:022][816]LogFileHelpers: Editor autosave (incl. sublevels) for '/Game/FirstPersonBP/Maps/FirstPersonExampleMap' took 1.470
[2019.11.09-05.46.04:023][816]LogFileHelpers: Editor autosave (incl. sublevels) for all levels took 1.470
[2019.11.09-05.46.04:039][816]OBJ SavePackage: Generating thumbnails for [1] asset(s) in package [/Game/Teleporter/Teleporter] ([1] browsable assets)...
[2019.11.09-05.46.04:077][816]OBJ SavePackage:     Rendered thumbnail for [Blueprint /Game/Teleporter/Teleporter.Teleporter]
[2019.11.09-05.46.04:078][816]OBJ SavePackage: Finished generating thumbnails for package [/Game/Teleporter/Teleporter]
[2019.11.09-05.46.04:349][816]LogSavePackage: Moving 'C:/Users/danny/Desktop/Systems_Sandbox/Mechanics_Sandbox/Saved/Teleporter_Auto56EF000CB4431E8E339FDFD82918B5329.tmp' to 'C:/Users/danny/Desktop/Systems_Sandbox/Mechanics_Sandbox/Saved/Autosaves/Game/Teleporter/Teleporter_Auto5.uasset'
[2019.11.09-05.46.04:354][816]LogFileHelpers: Auto-saving content packages took 0.315
[2019.11.09-05.46.07:534][834]LogSlate: FSceneViewport::OnFocusLost() reason 2
[2019.11.09-05.46.10:151][880]LogTemp: Repeating last play command: New Editor Window (PIE)
[2019.11.09-05.46.10:233][880]LogBlueprintUserMessages: Early PlayInEditor Detection: Level '/Game/FirstPersonBP/Maps/FirstPersonExampleMap.FirstPersonExampleMap:PersistentLevel' has LevelScriptBlueprint '/Game/FirstPersonBP/Maps/FirstPersonExampleMap.FirstPersonExampleMap:PersistentLevel.FirstPersonExampleMap' with GeneratedClass '/Game/FirstPersonBP/Maps/FirstPersonExampleMap.FirstPersonExampleMap_C' with ClassGeneratedBy '/Game/FirstPersonBP/Maps/FirstPersonExampleMap.FirstPersonExampleMap:PersistentLevel.FirstPersonExampleMap'
[2019.11.09-05.46.10:235][880]LogPlayLevel: PlayLevel: No blueprints needed recompiling
[2019.11.09-05.46.10:236][880]PIE: New page: PIE session: FirstPersonExampleMap (Nov 8, 2019, 1:46:10 PM)
[2019.11.09-05.46.10:237][880]LogPlayLevel: Creating play world package: /Game/FirstPersonBP/Maps/UEDPIE_0_FirstPersonExampleMap
[2019.11.09-05.46.10:301][880]LogPlayLevel: PIE: StaticDuplicateObject took: (0.063317s)
[2019.11.09-05.46.10:303][880]LogAIModule: Creating AISystem for world FirstPersonExampleMap
[2019.11.09-05.46.10:304][880]LogPlayLevel: PIE: World Init took: (0.002907s)
[2019.11.09-05.46.10:305][880]LogPlayLevel: PIE: Created PIE world by copying editor world from /Game/FirstPersonBP/Maps/FirstPersonExampleMap.FirstPersonExampleMap to /Game/FirstPersonBP/Maps/UEDPIE_0_FirstPersonExampleMap.FirstPersonExampleMap (0.068245s)
[2019.11.09-05.46.10:436][880]LogUObjectHash: Compacting FUObjectHashTables data took  12.22ms
[2019.11.09-05.46.10:529][880]LogInit: XAudio2 using 'Headset Earphone (SteelSeries Arctis 5 Chat)' : 2 channels at 48 kHz using 16 bits per sample (channel mask 0x3)
[2019.11.09-05.46.10:574][880]LogInit: FAudioDevice initialized.
[2019.11.09-05.46.10:598][880]LogSlate: Updating window title bar state: overlay mode, drag disabled, window buttons hidden, title bar hidden
[2019.11.09-05.46.10:642][880]LogLoad: Game class is 'FirstPersonGameMode_C'
[2019.11.09-05.46.10:664][880]LogWorld: Bringing World /Game/FirstPersonBP/Maps/UEDPIE_0_FirstPersonExampleMap.FirstPersonExampleMap up for play (max tick rate 60) at 2019.11.08-21.46.10
[2019.11.09-05.46.10:668][880]LogWorld: Bringing up level for play took: 0.022983
[2019.11.09-05.46.10:738][880]PIE: Play in editor start time for /Game/FirstPersonBP/Maps/UEDPIE_0_FirstPersonExampleMap -0.316
[2019.11.09-05.46.10:740][880]LogBlueprintUserMessages: Late PlayInEditor Detection: Level '/Game/FirstPersonBP/Maps/FirstPersonExampleMap.FirstPersonExampleMap:PersistentLevel' has LevelScriptBlueprint '/Game/FirstPersonBP/Maps/FirstPersonExampleMap.FirstPersonExampleMap:PersistentLevel.FirstPersonExampleMap' with GeneratedClass '/Game/FirstPersonBP/Maps/FirstPersonExampleMap.FirstPersonExampleMap_C' with ClassGeneratedBy '/Game/FirstPersonBP/Maps/FirstPersonExampleMap.FirstPersonExampleMap:PersistentLevel.FirstPersonExampleMap'
[2019.11.09-05.46.13:004][926]LogScript: Warning: Infinite script recursion (250 calls) detected - see log for stack trace
	Teleporter_C /Game/FirstPersonBP/Maps/UEDPIE_0_FirstPersonExampleMap.FirstPersonExampleMap:PersistentLevel.Teleporter2
	Function /Game/Teleporter/Teleporter.Teleporter_C:ExecuteUbergraph_Teleporter:0000
[2019.11.09-05.46.13:005][926]PIE: Error: Infinite loop detected. Blueprint:  Teleporter Function:  Branch Call Stack:  Show
[2019.11.09-05.46.13:022][926]LogBlueprintUserMessages: Early EndPlayMap Detection: Level '/Game/FirstPersonBP/Maps/FirstPersonExampleMap.FirstPersonExampleMap:PersistentLevel' has LevelScriptBlueprint '/Game/FirstPersonBP/Maps/FirstPersonExampleMap.FirstPersonExampleMap:PersistentLevel.FirstPersonExampleMap' with GeneratedClass '/Game/FirstPersonBP/Maps/FirstPersonExampleMap.FirstPersonExampleMap_C' with ClassGeneratedBy '/Game/FirstPersonBP/Maps/FirstPersonExampleMap.FirstPersonExampleMap:PersistentLevel.FirstPersonExampleMap'
[2019.11.09-05.46.13:024][926]LogSlate: Updating window title bar state: overlay mode, drag disabled, window buttons hidden, title bar hidden
[2019.11.09-05.46.13:078][926]LogSlate: Window 'Mechanics_Sandbox Game Preview Standalone (64-bit/PCD3D_SM5)' being destroyed
[2019.11.09-05.46.13:185][926]LogPlayLevel: Display: Shutting down PIE online subsystems
[2019.11.09-05.46.13:186][926]LogBlueprintUserMessages: Late EndPlayMap Detection: Level '/Game/FirstPersonBP/Maps/FirstPersonExampleMap.FirstPersonExampleMap:PersistentLevel' has LevelScriptBlueprint '/Game/FirstPersonBP/Maps/FirstPersonExampleMap.FirstPersonExampleMap:PersistentLevel.FirstPersonExampleMap' with GeneratedClass '/Game/FirstPersonBP/Maps/FirstPersonExampleMap.FirstPersonExampleMap_C' with ClassGeneratedBy '/Game/FirstPersonBP/Maps/FirstPersonExampleMap.FirstPersonExampleMap:PersistentLevel.FirstPersonExampleMap'
[2019.11.09-05.46.13:340][926]LogUObjectHash: Compacting FUObjectHashTables data took   8.77ms
[2019.11.09-05.46.13:583][927]LogPlayLevel: Display: Destroying online subsystem :Context_49
[2019.11.09-05.47.19:917][451]LogTemp: Repeating last play command: New Editor Window (PIE)
[2019.11.09-05.47.19:986][451]LogBlueprintUserMessages: Early PlayInEditor Detection: Level '/Game/FirstPersonBP/Maps/FirstPersonExampleMap.FirstPersonExampleMap:PersistentLevel' has LevelScriptBlueprint '/Game/FirstPersonBP/Maps/FirstPersonExampleMap.FirstPersonExampleMap:PersistentLevel.FirstPersonExampleMap' with GeneratedClass '/Game/FirstPersonBP/Maps/FirstPersonExampleMap.FirstPersonExampleMap_C' with ClassGeneratedBy '/Game/FirstPersonBP/Maps/FirstPersonExampleMap.FirstPersonExampleMap:PersistentLevel.FirstPersonExampleMap'
[2019.11.09-05.47.19:988][451]LogPlayLevel: PlayLevel: No blueprints needed recompiling
[2019.11.09-05.47.19:989][451]PIE: New page: PIE session: FirstPersonExampleMap (Nov 8, 2019, 1:47:19 PM)
[2019.11.09-05.47.19:989][451]LogPlayLevel: Creating play world package: /Game/FirstPersonBP/Maps/UEDPIE_0_FirstPersonExampleMap
[2019.11.09-05.47.20:038][451]LogPlayLevel: PIE: StaticDuplicateObject took: (0.047434s)
[2019.11.09-05.47.20:040][451]LogAIModule: Creating AISystem for world FirstPersonExampleMap
[2019.11.09-05.47.20:041][451]LogPlayLevel: PIE: World Init took: (0.002725s)
[2019.11.09-05.47.20:042][451]LogPlayLevel: PIE: Created PIE world by copying editor world from /Game/FirstPersonBP/Maps/FirstPersonExampleMap.FirstPersonExampleMap to /Game/FirstPersonBP/Maps/UEDPIE_0_FirstPersonExampleMap.FirstPersonExampleMap (0.052186s)
[2019.11.09-05.47.20:175][451]LogUObjectHash: Compacting FUObjectHashTables data took   8.05ms
[2019.11.09-05.47.20:258][451]LogInit: XAudio2 using 'Headset Earphone (SteelSeries Arctis 5 Chat)' : 2 channels at 48 kHz using 16 bits per sample (channel mask 0x3)
[2019.11.09-05.47.20:298][451]LogInit: FAudioDevice initialized.
[2019.11.09-05.47.20:319][451]LogSlate: Updating window title bar state: overlay mode, drag disabled, window buttons hidden, title bar hidden
[2019.11.09-05.47.20:365][451]LogLoad: Game class is 'FirstPersonGameMode_C'
[2019.11.09-05.47.20:385][451]LogWorld: Bringing World /Game/FirstPersonBP/Maps/UEDPIE_0_FirstPersonExampleMap.FirstPersonExampleMap up for play (max tick rate 60) at 2019.11.08-21.47.20
[2019.11.09-05.47.20:388][451]LogWorld: Bringing up level for play took: 0.020726
[2019.11.09-05.47.20:416][451]PIE: Play in editor start time for /Game/FirstPersonBP/Maps/UEDPIE_0_FirstPersonExampleMap 1.362
[2019.11.09-05.47.20:417][451]LogBlueprintUserMessages: Late PlayInEditor Detection: Level '/Game/FirstPersonBP/Maps/FirstPersonExampleMap.FirstPersonExampleMap:PersistentLevel' has LevelScriptBlueprint '/Game/FirstPersonBP/Maps/FirstPersonExampleMap.FirstPersonExampleMap:PersistentLevel.FirstPersonExampleMap' with GeneratedClass '/Game/FirstPersonBP/Maps/FirstPersonExampleMap.FirstPersonExampleMap_C' with ClassGeneratedBy '/Game/FirstPersonBP/Maps/FirstPersonExampleMap.FirstPersonExampleMap:PersistentLevel.FirstPersonExampleMap'
[2019.11.09-05.47.22:657][495]LogBlueprintDebug: Warning: Hit breakpoint on node 'K2Node_Event', from offset 0
[2019.11.09-05.47.22:658][495]LogBlueprintDebug: 
Script call stack:
	Function /Game/Teleporter/Teleporter.Teleporter_C:ReceiveActorBeginOverlap

[2019.11.09-05.47.22:669][495]LogSlate: FSceneViewport::OnFocusLost() reason 2
[2019.11.09-05.47.38:208][495]LogBlueprintDebug: Warning: Hit breakpoint on node 'K2Node_Event', from offset 0
[2019.11.09-05.47.38:208][495]LogBlueprintDebug: 
Script call stack:
	Function /Game/Teleporter/Teleporter.Teleporter_C:ReceiveActorBeginOverlap

[2019.11.09-05.47.44:051][495]LogScript: Warning: Infinite script recursion (250 calls) detected - see log for stack trace
	Teleporter_C /Game/FirstPersonBP/Maps/UEDPIE_0_FirstPersonExampleMap.FirstPersonExampleMap:PersistentLevel.Teleporter2
	Function /Game/Teleporter/Teleporter.Teleporter_C:ExecuteUbergraph_Teleporter:0000
[2019.11.09-05.47.44:053][495]PIE: Error: Infinite loop detected. Blueprint:  Teleporter Function:  Branch Call Stack:  Show
[2019.11.09-05.47.44:072][495]LogBlueprintUserMessages: Early EndPlayMap Detection: Level '/Game/FirstPersonBP/Maps/FirstPersonExampleMap.FirstPersonExampleMap:PersistentLevel' has LevelScriptBlueprint '/Game/FirstPersonBP/Maps/FirstPersonExampleMap.FirstPersonExampleMap:PersistentLevel.FirstPersonExampleMap' with GeneratedClass '/Game/FirstPersonBP/Maps/FirstPersonExampleMap.FirstPersonExampleMap_C' with ClassGeneratedBy '/Game/FirstPersonBP/Maps/FirstPersonExampleMap.FirstPersonExampleMap:PersistentLevel.FirstPersonExampleMap'
[2019.11.09-05.47.44:075][495]LogSlate: Updating window title bar state: overlay mode, drag disabled, window buttons hidden, title bar hidden
[2019.11.09-05.47.44:128][495]LogSlate: Window 'Mechanics_Sandbox Game Preview Standalone (64-bit/PCD3D_SM5)' being destroyed
[2019.11.09-05.47.44:212][495]LogPlayLevel: Display: Shutting down PIE online subsystems
[2019.11.09-05.47.44:213][495]LogBlueprintUserMessages: Late EndPlayMap Detection: Level '/Game/FirstPersonBP/Maps/FirstPersonExampleMap.FirstPersonExampleMap:PersistentLevel' has LevelScriptBlueprint '/Game/FirstPersonBP/Maps/FirstPersonExampleMap.FirstPersonExampleMap:PersistentLevel.FirstPersonExampleMap' with GeneratedClass '/Game/FirstPersonBP/Maps/FirstPersonExampleMap.FirstPersonExampleMap_C' with ClassGeneratedBy '/Game/FirstPersonBP/Maps/FirstPersonExampleMap.FirstPersonExampleMap:PersistentLevel.FirstPersonExampleMap'
[2019.11.09-05.47.44:371][495]LogUObjectHash: Compacting FUObjectHashTables data took  10.28ms
[2019.11.09-05.47.44:630][496]LogPlayLevel: Display: Destroying online subsystem :Context_50
[2019.11.09-05.47.48:733][622]BlueprintLog: New page: Compile Teleporter
[2019.11.09-05.47.49:451][622]LogUObjectHash: Compacting FUObjectHashTables data took  11.59ms
[2019.11.09-05.47.50:277][641]LogTemp: Repeating last play command: New Editor Window (PIE)
[2019.11.09-05.47.50:374][641]LogBlueprintUserMessages: Early PlayInEditor Detection: Level '/Game/FirstPersonBP/Maps/FirstPersonExampleMap.FirstPersonExampleMap:PersistentLevel' has LevelScriptBlueprint '/Game/FirstPersonBP/Maps/FirstPersonExampleMap.FirstPersonExampleMap:PersistentLevel.FirstPersonExampleMap' with GeneratedClass '/Game/FirstPersonBP/Maps/FirstPersonExampleMap.FirstPersonExampleMap_C' with ClassGeneratedBy '/Game/FirstPersonBP/Maps/FirstPersonExampleMap.FirstPersonExampleMap:PersistentLevel.FirstPersonExampleMap'
[2019.11.09-05.47.50:376][641]LogPlayLevel: PlayLevel: No blueprints needed recompiling
[2019.11.09-05.47.50:376][641]PIE: New page: PIE session: FirstPersonExampleMap (Nov 8, 2019, 1:47:50 PM)
[2019.11.09-05.47.50:377][641]LogPlayLevel: Creating play world package: /Game/FirstPersonBP/Maps/UEDPIE_0_FirstPersonExampleMap
[2019.11.09-05.47.50:431][641]LogPlayLevel: PIE: StaticDuplicateObject took: (0.052233s)
[2019.11.09-05.47.50:432][641]LogAIModule: Creating AISystem for world FirstPersonExampleMap
[2019.11.09-05.47.50:433][641]LogPlayLevel: PIE: World Init took: (0.001995s)
[2019.11.09-05.47.50:434][641]LogPlayLevel: PIE: Created PIE world by copying editor world from /Game/FirstPersonBP/Maps/FirstPersonExampleMap.FirstPersonExampleMap to /Game/FirstPersonBP/Maps/UEDPIE_0_FirstPersonExampleMap.FirstPersonExampleMap (0.056060s)
[2019.11.09-05.47.50:568][641]LogUObjectHash: Compacting FUObjectHashTables data took  11.81ms
[2019.11.09-05.47.50:643][641]LogInit: XAudio2 using 'Headset Earphone (SteelSeries Arctis 5 Chat)' : 2 channels at 48 kHz using 16 bits per sample (channel mask 0x3)
[2019.11.09-05.47.50:690][641]LogInit: FAudioDevice initialized.
[2019.11.09-05.47.50:714][641]LogSlate: Updating window title bar state: overlay mode, drag disabled, window buttons hidden, title bar hidden
[2019.11.09-05.47.50:758][641]LogLoad: Game class is 'FirstPersonGameMode_C'
[2019.11.09-05.47.50:779][641]LogWorld: Bringing World /Game/FirstPersonBP/Maps/UEDPIE_0_FirstPersonExampleMap.FirstPersonExampleMap up for play (max tick rate 60) at 2019.11.08-21.47.50
[2019.11.09-05.47.50:782][641]LogWorld: Bringing up level for play took: 0.020974
[2019.11.09-05.47.50:817][641]PIE: Play in editor start time for /Game/FirstPersonBP/Maps/UEDPIE_0_FirstPersonExampleMap -0.237
[2019.11.09-05.47.50:818][641]LogBlueprintUserMessages: Late PlayInEditor Detection: Level '/Game/FirstPersonBP/Maps/FirstPersonExampleMap.FirstPersonExampleMap:PersistentLevel' has LevelScriptBlueprint '/Game/FirstPersonBP/Maps/FirstPersonExampleMap.FirstPersonExampleMap:PersistentLevel.FirstPersonExampleMap' with GeneratedClass '/Game/FirstPersonBP/Maps/FirstPersonExampleMap.FirstPersonExampleMap_C' with ClassGeneratedBy '/Game/FirstPersonBP/Maps/FirstPersonExampleMap.FirstPersonExampleMap:PersistentLevel.FirstPersonExampleMap'
[2019.11.09-05.47.53:097][689]LogBlueprintDebug: Warning: Hit breakpoint on node 'K2Node_Event', from offset 0
[2019.11.09-05.47.53:097][689]LogBlueprintDebug: 
Script call stack:
	Function /Game/Teleporter/Teleporter.Teleporter_C:ReceiveActorBeginOverlap

[2019.11.09-05.47.53:112][689]LogSlate: FSceneViewport::OnFocusLost() reason 2
[2019.11.09-05.47.58:549][731]LogBlueprintUserMessages: Early EndPlayMap Detection: Level '/Game/FirstPersonBP/Maps/FirstPersonExampleMap.FirstPersonExampleMap:PersistentLevel' has LevelScriptBlueprint '/Game/FirstPersonBP/Maps/FirstPersonExampleMap.FirstPersonExampleMap:PersistentLevel.FirstPersonExampleMap' with GeneratedClass '/Game/FirstPersonBP/Maps/FirstPersonExampleMap.FirstPersonExampleMap_C' with ClassGeneratedBy '/Game/FirstPersonBP/Maps/FirstPersonExampleMap.FirstPersonExampleMap:PersistentLevel.FirstPersonExampleMap'
[2019.11.09-05.47.58:552][731]LogSlate: Updating window title bar state: overlay mode, drag disabled, window buttons hidden, title bar hidden
[2019.11.09-05.47.58:599][731]LogSlate: Window 'Mechanics_Sandbox Game Preview Standalone (64-bit/PCD3D_SM5)' being destroyed
[2019.11.09-05.47.58:706][731]LogPlayLevel: Display: Shutting down PIE online subsystems
[2019.11.09-05.47.58:707][731]LogBlueprintUserMessages: Late EndPlayMap Detection: Level '/Game/FirstPersonBP/Maps/FirstPersonExampleMap.FirstPersonExampleMap:PersistentLevel' has LevelScriptBlueprint '/Game/FirstPersonBP/Maps/FirstPersonExampleMap.FirstPersonExampleMap:PersistentLevel.FirstPersonExampleMap' with GeneratedClass '/Game/FirstPersonBP/Maps/FirstPersonExampleMap.FirstPersonExampleMap_C' with ClassGeneratedBy '/Game/FirstPersonBP/Maps/FirstPersonExampleMap.FirstPersonExampleMap:PersistentLevel.FirstPersonExampleMap'
[2019.11.09-05.47.58:850][731]LogUObjectHash: Compacting FUObjectHashTables data took  14.66ms
[2019.11.09-05.47.59:061][732]LogPlayLevel: Display: Destroying online subsystem :Context_51
[2019.11.09-05.48.01:624][810]LogTemp: Repeating last play command: New Editor Window (PIE)
[2019.11.09-05.48.01:707][810]LogBlueprintUserMessages: Early PlayInEditor Detection: Level '/Game/FirstPersonBP/Maps/FirstPersonExampleMap.FirstPersonExampleMap:PersistentLevel' has LevelScriptBlueprint '/Game/FirstPersonBP/Maps/FirstPersonExampleMap.FirstPersonExampleMap:PersistentLevel.FirstPersonExampleMap' with GeneratedClass '/Game/FirstPersonBP/Maps/FirstPersonExampleMap.FirstPersonExampleMap_C' with ClassGeneratedBy '/Game/FirstPersonBP/Maps/FirstPersonExampleMap.FirstPersonExampleMap:PersistentLevel.FirstPersonExampleMap'
[2019.11.09-05.48.01:709][810]LogPlayLevel: PlayLevel: No blueprints needed recompiling
[2019.11.09-05.48.01:709][810]PIE: New page: PIE session: FirstPersonExampleMap (Nov 8, 2019, 1:48:01 PM)
[2019.11.09-05.48.01:710][810]LogPlayLevel: Creating play world package: /Game/FirstPersonBP/Maps/UEDPIE_0_FirstPersonExampleMap
[2019.11.09-05.48.01:769][810]LogPlayLevel: PIE: StaticDuplicateObject took: (0.057762s)
[2019.11.09-05.48.01:771][810]LogAIModule: Creating AISystem for world FirstPersonExampleMap
[2019.11.09-05.48.01:772][810]LogPlayLevel: PIE: World Init took: (0.002365s)
[2019.11.09-05.48.01:772][810]LogPlayLevel: PIE: Created PIE world by copying editor world from /Game/FirstPersonBP/Maps/FirstPersonExampleMap.FirstPersonExampleMap to /Game/FirstPersonBP/Maps/UEDPIE_0_FirstPersonExampleMap.FirstPersonExampleMap (0.061880s)
[2019.11.09-05.48.01:901][810]LogUObjectHash: Compacting FUObjectHashTables data took   6.20ms
[2019.11.09-05.48.01:972][810]LogInit: XAudio2 using 'Headset Earphone (SteelSeries Arctis 5 Chat)' : 2 channels at 48 kHz using 16 bits per sample (channel mask 0x3)
[2019.11.09-05.48.02:011][810]LogInit: FAudioDevice initialized.
[2019.11.09-05.48.02:034][810]LogSlate: Updating window title bar state: overlay mode, drag disabled, window buttons hidden, title bar hidden
[2019.11.09-05.48.02:082][810]LogLoad: Game class is 'FirstPersonGameMode_C'
[2019.11.09-05.48.02:102][810]LogWorld: Bringing World /Game/FirstPersonBP/Maps/UEDPIE_0_FirstPersonExampleMap.FirstPersonExampleMap up for play (max tick rate 60) at 2019.11.08-21.48.02
[2019.11.09-05.48.02:105][810]LogWorld: Bringing up level for play took: 0.019988
[2019.11.09-05.48.02:132][810]PIE: Play in editor start time for /Game/FirstPersonBP/Maps/UEDPIE_0_FirstPersonExampleMap 1.078
[2019.11.09-05.48.02:132][810]LogBlueprintUserMessages: Late PlayInEditor Detection: Level '/Game/FirstPersonBP/Maps/FirstPersonExampleMap.FirstPersonExampleMap:PersistentLevel' has LevelScriptBlueprint '/Game/FirstPersonBP/Maps/FirstPersonExampleMap.FirstPersonExampleMap:PersistentLevel.FirstPersonExampleMap' with GeneratedClass '/Game/FirstPersonBP/Maps/FirstPersonExampleMap.FirstPersonExampleMap_C' with ClassGeneratedBy '/Game/FirstPersonBP/Maps/FirstPersonExampleMap.FirstPersonExampleMap:PersistentLevel.FirstPersonExampleMap'
[2019.11.09-05.48.06:668][925]LogBlueprintUserMessages: Early EndPlayMap Detection: Level '/Game/FirstPersonBP/Maps/FirstPersonExampleMap.FirstPersonExampleMap:PersistentLevel' has LevelScriptBlueprint '/Game/FirstPersonBP/Maps/FirstPersonExampleMap.FirstPersonExampleMap:PersistentLevel.FirstPersonExampleMap' with GeneratedClass '/Game/FirstPersonBP/Maps/FirstPersonExampleMap.FirstPersonExampleMap_C' with ClassGeneratedBy '/Game/FirstPersonBP/Maps/FirstPersonExampleMap.FirstPersonExampleMap:PersistentLevel.FirstPersonExampleMap'
[2019.11.09-05.48.06:671][925]LogSlate: Updating window title bar state: overlay mode, drag disabled, window buttons hidden, title bar hidden
[2019.11.09-05.48.06:724][925]LogSlate: Window 'Mechanics_Sandbox Game Preview Standalone (64-bit/PCD3D_SM5)' being destroyed
[2019.11.09-05.48.06:828][925]LogPlayLevel: Display: Shutting down PIE online subsystems
[2019.11.09-05.48.06:828][925]LogBlueprintUserMessages: Late EndPlayMap Detection: Level '/Game/FirstPersonBP/Maps/FirstPersonExampleMap.FirstPersonExampleMap:PersistentLevel' has LevelScriptBlueprint '/Game/FirstPersonBP/Maps/FirstPersonExampleMap.FirstPersonExampleMap:PersistentLevel.FirstPersonExampleMap' with GeneratedClass '/Game/FirstPersonBP/Maps/FirstPersonExampleMap.FirstPersonExampleMap_C' with ClassGeneratedBy '/Game/FirstPersonBP/Maps/FirstPersonExampleMap.FirstPersonExampleMap:PersistentLevel.FirstPersonExampleMap'
[2019.11.09-05.48.06:971][925]LogUObjectHash: Compacting FUObjectHashTables data took   6.96ms
[2019.11.09-05.48.07:176][926]LogPlayLevel: Display: Destroying online subsystem :Context_52
[2019.11.09-05.48.11:477][ 65]LogTemp: Repeating last play command: New Editor Window (PIE)
[2019.11.09-05.48.11:557][ 65]LogBlueprintUserMessages: Early PlayInEditor Detection: Level '/Game/FirstPersonBP/Maps/FirstPersonExampleMap.FirstPersonExampleMap:PersistentLevel' has LevelScriptBlueprint '/Game/FirstPersonBP/Maps/FirstPersonExampleMap.FirstPersonExampleMap:PersistentLevel.FirstPersonExampleMap' with GeneratedClass '/Game/FirstPersonBP/Maps/FirstPersonExampleMap.FirstPersonExampleMap_C' with ClassGeneratedBy '/Game/FirstPersonBP/Maps/FirstPersonExampleMap.FirstPersonExampleMap:PersistentLevel.FirstPersonExampleMap'
[2019.11.09-05.48.11:558][ 65]LogPlayLevel: PlayLevel: No blueprints needed recompiling
[2019.11.09-05.48.11:559][ 65]PIE: New page: PIE session: FirstPersonExampleMap (Nov 8, 2019, 1:48:11 PM)
[2019.11.09-05.48.11:559][ 65]LogPlayLevel: Creating play world package: /Game/FirstPersonBP/Maps/UEDPIE_0_FirstPersonExampleMap
[2019.11.09-05.48.11:618][ 65]LogPlayLevel: PIE: StaticDuplicateObject took: (0.057726s)
[2019.11.09-05.48.11:621][ 65]LogAIModule: Creating AISystem for world FirstPersonExampleMap
[2019.11.09-05.48.11:622][ 65]LogPlayLevel: PIE: World Init took: (0.003703s)
[2019.11.09-05.48.11:623][ 65]LogPlayLevel: PIE: Created PIE world by copying editor world from /Game/FirstPersonBP/Maps/FirstPersonExampleMap.FirstPersonExampleMap to /Game/FirstPersonBP/Maps/UEDPIE_0_FirstPersonExampleMap.FirstPersonExampleMap (0.063530s)
[2019.11.09-05.48.11:744][ 65]LogUObjectHash: Compacting FUObjectHashTables data took   6.05ms
[2019.11.09-05.48.11:817][ 65]LogInit: XAudio2 using 'Headset Earphone (SteelSeries Arctis 5 Chat)' : 2 channels at 48 kHz using 16 bits per sample (channel mask 0x3)
[2019.11.09-05.48.11:857][ 65]LogInit: FAudioDevice initialized.
[2019.11.09-05.48.11:881][ 65]LogSlate: Updating window title bar state: overlay mode, drag disabled, window buttons hidden, title bar hidden
[2019.11.09-05.48.11:929][ 65]LogLoad: Game class is 'FirstPersonGameMode_C'
[2019.11.09-05.48.11:948][ 65]LogWorld: Bringing World /Game/FirstPersonBP/Maps/UEDPIE_0_FirstPersonExampleMap.FirstPersonExampleMap up for play (max tick rate 60) at 2019.11.08-21.48.11
[2019.11.09-05.48.11:950][ 65]LogWorld: Bringing up level for play took: 0.017740
[2019.11.09-05.48.11:979][ 65]PIE: Play in editor start time for /Game/FirstPersonBP/Maps/UEDPIE_0_FirstPersonExampleMap 0.926
[2019.11.09-05.48.11:980][ 65]LogBlueprintUserMessages: Late PlayInEditor Detection: Level '/Game/FirstPersonBP/Maps/FirstPersonExampleMap.FirstPersonExampleMap:PersistentLevel' has LevelScriptBlueprint '/Game/FirstPersonBP/Maps/FirstPersonExampleMap.FirstPersonExampleMap:PersistentLevel.FirstPersonExampleMap' with GeneratedClass '/Game/FirstPersonBP/Maps/FirstPersonExampleMap.FirstPersonExampleMap_C' with ClassGeneratedBy '/Game/FirstPersonBP/Maps/FirstPersonExampleMap.FirstPersonExampleMap:PersistentLevel.FirstPersonExampleMap'
[2019.11.09-05.48.16:728][171]LogBlueprintUserMessages: Early EndPlayMap Detection: Level '/Game/FirstPersonBP/Maps/FirstPersonExampleMap.FirstPersonExampleMap:PersistentLevel' has LevelScriptBlueprint '/Game/FirstPersonBP/Maps/FirstPersonExampleMap.FirstPersonExampleMap:PersistentLevel.FirstPersonExampleMap' with GeneratedClass '/Game/FirstPersonBP/Maps/FirstPersonExampleMap.FirstPersonExampleMap_C' with ClassGeneratedBy '/Game/FirstPersonBP/Maps/FirstPersonExampleMap.FirstPersonExampleMap:PersistentLevel.FirstPersonExampleMap'
[2019.11.09-05.48.16:730][171]LogSlate: Updating window title bar state: overlay mode, drag disabled, window buttons hidden, title bar hidden
[2019.11.09-05.48.16:776][171]LogSlate: Window 'Mechanics_Sandbox Game Preview Standalone (64-bit/PCD3D_SM5)' being destroyed
[2019.11.09-05.48.16:878][171]LogPlayLevel: Display: Shutting down PIE online subsystems
[2019.11.09-05.48.16:879][171]LogBlueprintUserMessages: Late EndPlayMap Detection: Level '/Game/FirstPersonBP/Maps/FirstPersonExampleMap.FirstPersonExampleMap:PersistentLevel' has LevelScriptBlueprint '/Game/FirstPersonBP/Maps/FirstPersonExampleMap.FirstPersonExampleMap:PersistentLevel.FirstPersonExampleMap' with GeneratedClass '/Game/FirstPersonBP/Maps/FirstPersonExampleMap.FirstPersonExampleMap_C' with ClassGeneratedBy '/Game/FirstPersonBP/Maps/FirstPersonExampleMap.FirstPersonExampleMap:PersistentLevel.FirstPersonExampleMap'
[2019.11.09-05.48.17:030][171]LogUObjectHash: Compacting FUObjectHashTables data took   7.16ms
[2019.11.09-05.48.17:369][172]LogPlayLevel: Display: Destroying online subsystem :Context_53
[2019.11.09-05.48.26:517][412]LogUnrealEdMisc: Warning: Heartbeat event firing too frequently (41.886 sec). This should never happen. Something is wrong with the timer delegate!
[2019.11.09-05.48.28:036][456]LogSlate: FSceneViewport::OnFocusLost() reason 0
[2019.11.09-05.48.28:116][459]LogTemp: Repeating last play command: New Editor Window (PIE)
[2019.11.09-05.48.28:182][459]LogBlueprintUserMessages: Early PlayInEditor Detection: Level '/Game/FirstPersonBP/Maps/FirstPersonExampleMap.FirstPersonExampleMap:PersistentLevel' has LevelScriptBlueprint '/Game/FirstPersonBP/Maps/FirstPersonExampleMap.FirstPersonExampleMap:PersistentLevel.FirstPersonExampleMap' with GeneratedClass '/Game/FirstPersonBP/Maps/FirstPersonExampleMap.FirstPersonExampleMap_C' with ClassGeneratedBy '/Game/FirstPersonBP/Maps/FirstPersonExampleMap.FirstPersonExampleMap:PersistentLevel.FirstPersonExampleMap'
[2019.11.09-05.48.28:184][459]BlueprintLog: New page: Pre-Play auto-recompile
[2019.11.09-05.48.28:187][459]LogPlayLevel: [PlayLevel] Compiling Teleporter before play...
[2019.11.09-05.48.28:950][459]LogUObjectHash: Compacting FUObjectHashTables data took  11.16ms
[2019.11.09-05.48.28:951][459]LogPlayLevel: PlayLevel: Blueprint regeneration took 766 ms (1 blueprints)
[2019.11.09-05.48.28:951][459]PIE: New page: PIE session: FirstPersonExampleMap (Nov 8, 2019, 1:48:28 PM)
[2019.11.09-05.48.28:952][459]LogPlayLevel: Creating play world package: /Game/FirstPersonBP/Maps/UEDPIE_0_FirstPersonExampleMap
[2019.11.09-05.48.28:998][459]LogPlayLevel: PIE: StaticDuplicateObject took: (0.045211s)
[2019.11.09-05.48.29:001][459]LogAIModule: Creating AISystem for world FirstPersonExampleMap
[2019.11.09-05.48.29:002][459]LogPlayLevel: PIE: World Init took: (0.002476s)
[2019.11.09-05.48.29:002][459]LogPlayLevel: PIE: Created PIE world by copying editor world from /Game/FirstPersonBP/Maps/FirstPersonExampleMap.FirstPersonExampleMap to /Game/FirstPersonBP/Maps/UEDPIE_0_FirstPersonExampleMap.FirstPersonExampleMap (0.049558s)
[2019.11.09-05.48.29:121][459]LogUObjectHash: Compacting FUObjectHashTables data took   7.33ms
[2019.11.09-05.48.29:202][459]LogInit: XAudio2 using 'Headset Earphone (SteelSeries Arctis 5 Chat)' : 2 channels at 48 kHz using 16 bits per sample (channel mask 0x3)
[2019.11.09-05.48.29:244][459]LogInit: FAudioDevice initialized.
[2019.11.09-05.48.29:268][459]LogSlate: Updating window title bar state: overlay mode, drag disabled, window buttons hidden, title bar hidden
[2019.11.09-05.48.29:310][459]LogLoad: Game class is 'FirstPersonGameMode_C'
[2019.11.09-05.48.29:326][459]LogWorld: Bringing World /Game/FirstPersonBP/Maps/UEDPIE_0_FirstPersonExampleMap.FirstPersonExampleMap up for play (max tick rate 60) at 2019.11.08-21.48.29
[2019.11.09-05.48.29:330][459]LogWorld: Bringing up level for play took: 0.017429
[2019.11.09-05.48.29:359][459]PIE: Play in editor start time for /Game/FirstPersonBP/Maps/UEDPIE_0_FirstPersonExampleMap 0.305
[2019.11.09-05.48.29:360][459]LogBlueprintUserMessages: Late PlayInEditor Detection: Level '/Game/FirstPersonBP/Maps/FirstPersonExampleMap.FirstPersonExampleMap:PersistentLevel' has LevelScriptBlueprint '/Game/FirstPersonBP/Maps/FirstPersonExampleMap.FirstPersonExampleMap:PersistentLevel.FirstPersonExampleMap' with GeneratedClass '/Game/FirstPersonBP/Maps/FirstPersonExampleMap.FirstPersonExampleMap_C' with ClassGeneratedBy '/Game/FirstPersonBP/Maps/FirstPersonExampleMap.FirstPersonExampleMap:PersistentLevel.FirstPersonExampleMap'
[2019.11.09-05.48.35:551][604]LogBlueprintUserMessages: Early EndPlayMap Detection: Level '/Game/FirstPersonBP/Maps/FirstPersonExampleMap.FirstPersonExampleMap:PersistentLevel' has LevelScriptBlueprint '/Game/FirstPersonBP/Maps/FirstPersonExampleMap.FirstPersonExampleMap:PersistentLevel.FirstPersonExampleMap' with GeneratedClass '/Game/FirstPersonBP/Maps/FirstPersonExampleMap.FirstPersonExampleMap_C' with ClassGeneratedBy '/Game/FirstPersonBP/Maps/FirstPersonExampleMap.FirstPersonExampleMap:PersistentLevel.FirstPersonExampleMap'
[2019.11.09-05.48.35:553][604]LogSlate: Updating window title bar state: overlay mode, drag disabled, window buttons hidden, title bar hidden
[2019.11.09-05.48.35:606][604]LogSlate: Window 'Mechanics_Sandbox Game Preview Standalone (64-bit/PCD3D_SM5)' being destroyed
[2019.11.09-05.48.35:673][604]LogPlayLevel: Display: Shutting down PIE online subsystems
[2019.11.09-05.48.35:674][604]LogBlueprintUserMessages: Late EndPlayMap Detection: Level '/Game/FirstPersonBP/Maps/FirstPersonExampleMap.FirstPersonExampleMap:PersistentLevel' has LevelScriptBlueprint '/Game/FirstPersonBP/Maps/FirstPersonExampleMap.FirstPersonExampleMap:PersistentLevel.FirstPersonExampleMap' with GeneratedClass '/Game/FirstPersonBP/Maps/FirstPersonExampleMap.FirstPersonExampleMap_C' with ClassGeneratedBy '/Game/FirstPersonBP/Maps/FirstPersonExampleMap.FirstPersonExampleMap:PersistentLevel.FirstPersonExampleMap'
[2019.11.09-05.48.35:809][604]LogUObjectHash: Compacting FUObjectHashTables data took   8.07ms
[2019.11.09-05.48.35:936][605]LogPlayLevel: Display: Destroying online subsystem :Context_54
[2019.11.09-05.48.45:557][849]LogSlate: FSceneViewport::OnFocusLost() reason 0
[2019.11.09-05.48.45:666][853]LogTemp: Repeating last play command: New Editor Window (PIE)
[2019.11.09-05.48.45:766][853]LogBlueprintUserMessages: Early PlayInEditor Detection: Level '/Game/FirstPersonBP/Maps/FirstPersonExampleMap.FirstPersonExampleMap:PersistentLevel' has LevelScriptBlueprint '/Game/FirstPersonBP/Maps/FirstPersonExampleMap.FirstPersonExampleMap:PersistentLevel.FirstPersonExampleMap' with GeneratedClass '/Game/FirstPersonBP/Maps/FirstPersonExampleMap.FirstPersonExampleMap_C' with ClassGeneratedBy '/Game/FirstPersonBP/Maps/FirstPersonExampleMap.FirstPersonExampleMap:PersistentLevel.FirstPersonExampleMap'
[2019.11.09-05.48.45:769][853]BlueprintLog: New page: Pre-Play auto-recompile
[2019.11.09-05.48.45:771][853]LogPlayLevel: [PlayLevel] Compiling Teleporter before play...
[2019.11.09-05.48.46:553][853]LogUObjectHash: Compacting FUObjectHashTables data took   9.56ms
[2019.11.09-05.48.46:554][853]LogPlayLevel: PlayLevel: Blueprint regeneration took 785 ms (1 blueprints)
[2019.11.09-05.48.46:554][853]PIE: New page: PIE session: FirstPersonExampleMap (Nov 8, 2019, 1:48:46 PM)
[2019.11.09-05.48.46:555][853]LogPlayLevel: Creating play world package: /Game/FirstPersonBP/Maps/UEDPIE_0_FirstPersonExampleMap
[2019.11.09-05.48.46:598][853]LogPlayLevel: PIE: StaticDuplicateObject took: (0.042302s)
[2019.11.09-05.48.46:600][853]LogAIModule: Creating AISystem for world FirstPersonExampleMap
[2019.11.09-05.48.46:601][853]LogPlayLevel: PIE: World Init took: (0.002111s)
[2019.11.09-05.48.46:601][853]LogPlayLevel: PIE: Created PIE world by copying editor world from /Game/FirstPersonBP/Maps/FirstPersonExampleMap.FirstPersonExampleMap to /Game/FirstPersonBP/Maps/UEDPIE_0_FirstPersonExampleMap.FirstPersonExampleMap (0.046308s)
[2019.11.09-05.48.46:723][853]LogUObjectHash: Compacting FUObjectHashTables data took   7.37ms
[2019.11.09-05.48.46:800][853]LogInit: XAudio2 using 'Headset Earphone (SteelSeries Arctis 5 Chat)' : 2 channels at 48 kHz using 16 bits per sample (channel mask 0x3)
[2019.11.09-05.48.46:840][853]LogInit: FAudioDevice initialized.
[2019.11.09-05.48.46:858][853]LogSlate: Updating window title bar state: overlay mode, drag disabled, window buttons hidden, title bar hidden
[2019.11.09-05.48.46:903][853]LogLoad: Game class is 'FirstPersonGameMode_C'
[2019.11.09-05.48.46:921][853]LogWorld: Bringing World /Game/FirstPersonBP/Maps/UEDPIE_0_FirstPersonExampleMap.FirstPersonExampleMap up for play (max tick rate 60) at 2019.11.08-21.48.46
[2019.11.09-05.48.46:924][853]LogWorld: Bringing up level for play took: 0.016877
[2019.11.09-05.48.46:948][853]PIE: Play in editor start time for /Game/FirstPersonBP/Maps/UEDPIE_0_FirstPersonExampleMap 1.894
[2019.11.09-05.48.46:949][853]LogBlueprintUserMessages: Late PlayInEditor Detection: Level '/Game/FirstPersonBP/Maps/FirstPersonExampleMap.FirstPersonExampleMap:PersistentLevel' has LevelScriptBlueprint '/Game/FirstPersonBP/Maps/FirstPersonExampleMap.FirstPersonExampleMap:PersistentLevel.FirstPersonExampleMap' with GeneratedClass '/Game/FirstPersonBP/Maps/FirstPersonExampleMap.FirstPersonExampleMap_C' with ClassGeneratedBy '/Game/FirstPersonBP/Maps/FirstPersonExampleMap.FirstPersonExampleMap:PersistentLevel.FirstPersonExampleMap'
[2019.11.09-05.48.49:945][917]LogBlueprintUserMessages: Early EndPlayMap Detection: Level '/Game/FirstPersonBP/Maps/FirstPersonExampleMap.FirstPersonExampleMap:PersistentLevel' has LevelScriptBlueprint '/Game/FirstPersonBP/Maps/FirstPersonExampleMap.FirstPersonExampleMap:PersistentLevel.FirstPersonExampleMap' with GeneratedClass '/Game/FirstPersonBP/Maps/FirstPersonExampleMap.FirstPersonExampleMap_C' with ClassGeneratedBy '/Game/FirstPersonBP/Maps/FirstPersonExampleMap.FirstPersonExampleMap:PersistentLevel.FirstPersonExampleMap'
[2019.11.09-05.48.49:947][917]LogSlate: Updating window title bar state: overlay mode, drag disabled, window buttons hidden, title bar hidden
[2019.11.09-05.48.49:993][917]LogSlate: Window 'Mechanics_Sandbox Game Preview Standalone (64-bit/PCD3D_SM5)' being destroyed
[2019.11.09-05.48.50:065][917]LogPlayLevel: Display: Shutting down PIE online subsystems
[2019.11.09-05.48.50:066][917]LogBlueprintUserMessages: Late EndPlayMap Detection: Level '/Game/FirstPersonBP/Maps/FirstPersonExampleMap.FirstPersonExampleMap:PersistentLevel' has LevelScriptBlueprint '/Game/FirstPersonBP/Maps/FirstPersonExampleMap.FirstPersonExampleMap:PersistentLevel.FirstPersonExampleMap' with GeneratedClass '/Game/FirstPersonBP/Maps/FirstPersonExampleMap.FirstPersonExampleMap_C' with ClassGeneratedBy '/Game/FirstPersonBP/Maps/FirstPersonExampleMap.FirstPersonExampleMap:PersistentLevel.FirstPersonExampleMap'
[2019.11.09-05.48.50:212][917]LogUObjectHash: Compacting FUObjectHashTables data took   5.35ms
[2019.11.09-05.48.50:340][918]LogPlayLevel: Display: Destroying online subsystem :Context_55
[2019.11.09-05.48.52:256][965]LogSlate: FSceneViewport::OnFocusLost() reason 0
[2019.11.09-05.50.14:608][282]LogTemp: Repeating last play command: New Editor Window (PIE)
[2019.11.09-05.50.14:731][282]LogBlueprintUserMessages: Early PlayInEditor Detection: Level '/Game/FirstPersonBP/Maps/FirstPersonExampleMap.FirstPersonExampleMap:PersistentLevel' has LevelScriptBlueprint '/Game/FirstPersonBP/Maps/FirstPersonExampleMap.FirstPersonExampleMap:PersistentLevel.FirstPersonExampleMap' with GeneratedClass '/Game/FirstPersonBP/Maps/FirstPersonExampleMap.FirstPersonExampleMap_C' with ClassGeneratedBy '/Game/FirstPersonBP/Maps/FirstPersonExampleMap.FirstPersonExampleMap:PersistentLevel.FirstPersonExampleMap'
[2019.11.09-05.50.14:732][282]BlueprintLog: New page: Pre-Play auto-recompile
[2019.11.09-05.50.14:735][282]LogPlayLevel: [PlayLevel] Compiling Teleporter before play...
[2019.11.09-05.50.15:509][282]LogUObjectHash: Compacting FUObjectHashTables data took  10.83ms
[2019.11.09-05.50.15:510][282]LogPlayLevel: PlayLevel: Blueprint regeneration took 777 ms (1 blueprints)
[2019.11.09-05.50.15:510][282]PIE: New page: PIE session: FirstPersonExampleMap (Nov 8, 2019, 1:50:15 PM)
[2019.11.09-05.50.15:511][282]LogPlayLevel: Creating play world package: /Game/FirstPersonBP/Maps/UEDPIE_0_FirstPersonExampleMap
[2019.11.09-05.50.15:559][282]LogPlayLevel: PIE: StaticDuplicateObject took: (0.047028s)
[2019.11.09-05.50.15:561][282]LogAIModule: Creating AISystem for world FirstPersonExampleMap
[2019.11.09-05.50.15:562][282]LogPlayLevel: PIE: World Init took: (0.002360s)
[2019.11.09-05.50.15:562][282]LogPlayLevel: PIE: Created PIE world by copying editor world from /Game/FirstPersonBP/Maps/FirstPersonExampleMap.FirstPersonExampleMap to /Game/FirstPersonBP/Maps/UEDPIE_0_FirstPersonExampleMap.FirstPersonExampleMap (0.050952s)
[2019.11.09-05.50.15:677][282]LogUObjectHash: Compacting FUObjectHashTables data took   5.30ms
[2019.11.09-05.50.15:751][282]LogInit: XAudio2 using 'Headset Earphone (SteelSeries Arctis 5 Chat)' : 2 channels at 48 kHz using 16 bits per sample (channel mask 0x3)
[2019.11.09-05.50.15:795][282]LogInit: FAudioDevice initialized.
[2019.11.09-05.50.15:815][282]LogSlate: Updating window title bar state: overlay mode, drag disabled, window buttons hidden, title bar hidden
[2019.11.09-05.50.15:857][282]LogLoad: Game class is 'FirstPersonGameMode_C'
[2019.11.09-05.50.15:873][282]LogWorld: Bringing World /Game/FirstPersonBP/Maps/UEDPIE_0_FirstPersonExampleMap.FirstPersonExampleMap up for play (max tick rate 60) at 2019.11.08-21.50.15
[2019.11.09-05.50.15:876][282]LogWorld: Bringing up level for play took: 0.015892
[2019.11.09-05.50.15:903][282]PIE: Play in editor start time for /Game/FirstPersonBP/Maps/UEDPIE_0_FirstPersonExampleMap 0.849
[2019.11.09-05.50.15:905][282]LogBlueprintUserMessages: Late PlayInEditor Detection: Level '/Game/FirstPersonBP/Maps/FirstPersonExampleMap.FirstPersonExampleMap:PersistentLevel' has LevelScriptBlueprint '/Game/FirstPersonBP/Maps/FirstPersonExampleMap.FirstPersonExampleMap:PersistentLevel.FirstPersonExampleMap' with GeneratedClass '/Game/FirstPersonBP/Maps/FirstPersonExampleMap.FirstPersonExampleMap_C' with ClassGeneratedBy '/Game/FirstPersonBP/Maps/FirstPersonExampleMap.FirstPersonExampleMap:PersistentLevel.FirstPersonExampleMap'
[2019.11.09-05.50.19:658][359]LogBlueprintUserMessages: Early EndPlayMap Detection: Level '/Game/FirstPersonBP/Maps/FirstPersonExampleMap.FirstPersonExampleMap:PersistentLevel' has LevelScriptBlueprint '/Game/FirstPersonBP/Maps/FirstPersonExampleMap.FirstPersonExampleMap:PersistentLevel.FirstPersonExampleMap' with GeneratedClass '/Game/FirstPersonBP/Maps/FirstPersonExampleMap.FirstPersonExampleMap_C' with ClassGeneratedBy '/Game/FirstPersonBP/Maps/FirstPersonExampleMap.FirstPersonExampleMap:PersistentLevel.FirstPersonExampleMap'
[2019.11.09-05.50.19:660][359]LogSlate: Updating window title bar state: overlay mode, drag disabled, window buttons hidden, title bar hidden
[2019.11.09-05.50.19:712][359]LogSlate: Window 'Mechanics_Sandbox Game Preview Standalone (64-bit/PCD3D_SM5)' being destroyed
[2019.11.09-05.50.19:776][359]LogPlayLevel: Display: Shutting down PIE online subsystems
[2019.11.09-05.50.19:777][359]LogBlueprintUserMessages: Late EndPlayMap Detection: Level '/Game/FirstPersonBP/Maps/FirstPersonExampleMap.FirstPersonExampleMap:PersistentLevel' has LevelScriptBlueprint '/Game/FirstPersonBP/Maps/FirstPersonExampleMap.FirstPersonExampleMap:PersistentLevel.FirstPersonExampleMap' with GeneratedClass '/Game/FirstPersonBP/Maps/FirstPersonExampleMap.FirstPersonExampleMap_C' with ClassGeneratedBy '/Game/FirstPersonBP/Maps/FirstPersonExampleMap.FirstPersonExampleMap:PersistentLevel.FirstPersonExampleMap'
[2019.11.09-05.50.19:912][359]LogUObjectHash: Compacting FUObjectHashTables data took   7.02ms
[2019.11.09-05.50.20:067][360]LogPlayLevel: Display: Destroying online subsystem :Context_56
[2019.11.09-05.50.37:060][841]LogTemp: Repeating last play command: New Editor Window (PIE)
[2019.11.09-05.50.37:170][841]LogBlueprintUserMessages: Early PlayInEditor Detection: Level '/Game/FirstPersonBP/Maps/FirstPersonExampleMap.FirstPersonExampleMap:PersistentLevel' has LevelScriptBlueprint '/Game/FirstPersonBP/Maps/FirstPersonExampleMap.FirstPersonExampleMap:PersistentLevel.FirstPersonExampleMap' with GeneratedClass '/Game/FirstPersonBP/Maps/FirstPersonExampleMap.FirstPersonExampleMap_C' with ClassGeneratedBy '/Game/FirstPersonBP/Maps/FirstPersonExampleMap.FirstPersonExampleMap:PersistentLevel.FirstPersonExampleMap'
[2019.11.09-05.50.37:172][841]BlueprintLog: New page: Pre-Play auto-recompile
[2019.11.09-05.50.37:174][841]LogPlayLevel: [PlayLevel] Compiling Teleporter before play...
[2019.11.09-05.50.37:919][841]LogUObjectHash: Compacting FUObjectHashTables data took  14.80ms
[2019.11.09-05.50.37:920][841]LogPlayLevel: PlayLevel: Blueprint regeneration took 747 ms (1 blueprints)
[2019.11.09-05.50.37:920][841]PIE: New page: PIE session: FirstPersonExampleMap (Nov 8, 2019, 1:50:37 PM)
[2019.11.09-05.50.37:921][841]LogPlayLevel: Creating play world package: /Game/FirstPersonBP/Maps/UEDPIE_0_FirstPersonExampleMap
[2019.11.09-05.50.37:967][841]LogPlayLevel: PIE: StaticDuplicateObject took: (0.045038s)
[2019.11.09-05.50.37:969][841]LogAIModule: Creating AISystem for world FirstPersonExampleMap
[2019.11.09-05.50.37:970][841]LogPlayLevel: PIE: World Init took: (0.002397s)
[2019.11.09-05.50.37:970][841]LogPlayLevel: PIE: Created PIE world by copying editor world from /Game/FirstPersonBP/Maps/FirstPersonExampleMap.FirstPersonExampleMap to /Game/FirstPersonBP/Maps/UEDPIE_0_FirstPersonExampleMap.FirstPersonExampleMap (0.048882s)
[2019.11.09-05.50.38:090][841]LogUObjectHash: Compacting FUObjectHashTables data took   6.82ms
[2019.11.09-05.50.38:173][841]LogInit: XAudio2 using 'Headset Earphone (SteelSeries Arctis 5 Chat)' : 2 channels at 48 kHz using 16 bits per sample (channel mask 0x3)
[2019.11.09-05.50.38:215][841]LogInit: FAudioDevice initialized.
[2019.11.09-05.50.38:237][841]LogSlate: Updating window title bar state: overlay mode, drag disabled, window buttons hidden, title bar hidden
[2019.11.09-05.50.38:283][841]LogLoad: Game class is 'FirstPersonGameMode_C'
[2019.11.09-05.50.38:300][841]LogWorld: Bringing World /Game/FirstPersonBP/Maps/UEDPIE_0_FirstPersonExampleMap.FirstPersonExampleMap up for play (max tick rate 60) at 2019.11.08-21.50.38
[2019.11.09-05.50.38:303][841]LogWorld: Bringing up level for play took: 0.017877
[2019.11.09-05.50.38:329][841]PIE: Play in editor start time for /Game/FirstPersonBP/Maps/UEDPIE_0_FirstPersonExampleMap 1.276
[2019.11.09-05.50.38:332][841]LogBlueprintUserMessages: Late PlayInEditor Detection: Level '/Game/FirstPersonBP/Maps/FirstPersonExampleMap.FirstPersonExampleMap:PersistentLevel' has LevelScriptBlueprint '/Game/FirstPersonBP/Maps/FirstPersonExampleMap.FirstPersonExampleMap:PersistentLevel.FirstPersonExampleMap' with GeneratedClass '/Game/FirstPersonBP/Maps/FirstPersonExampleMap.FirstPersonExampleMap_C' with ClassGeneratedBy '/Game/FirstPersonBP/Maps/FirstPersonExampleMap.FirstPersonExampleMap:PersistentLevel.FirstPersonExampleMap'
[2019.11.09-05.50.44:381][976]LogBlueprintUserMessages: Early EndPlayMap Detection: Level '/Game/FirstPersonBP/Maps/FirstPersonExampleMap.FirstPersonExampleMap:PersistentLevel' has LevelScriptBlueprint '/Game/FirstPersonBP/Maps/FirstPersonExampleMap.FirstPersonExampleMap:PersistentLevel.FirstPersonExampleMap' with GeneratedClass '/Game/FirstPersonBP/Maps/FirstPersonExampleMap.FirstPersonExampleMap_C' with ClassGeneratedBy '/Game/FirstPersonBP/Maps/FirstPersonExampleMap.FirstPersonExampleMap:PersistentLevel.FirstPersonExampleMap'
[2019.11.09-05.50.44:384][976]LogSlate: Updating window title bar state: overlay mode, drag disabled, window buttons hidden, title bar hidden
[2019.11.09-05.50.44:432][976]LogSlate: Window 'Mechanics_Sandbox Game Preview Standalone (64-bit/PCD3D_SM5)' being destroyed
[2019.11.09-05.50.44:506][976]LogPlayLevel: Display: Shutting down PIE online subsystems
[2019.11.09-05.50.44:507][976]LogBlueprintUserMessages: Late EndPlayMap Detection: Level '/Game/FirstPersonBP/Maps/FirstPersonExampleMap.FirstPersonExampleMap:PersistentLevel' has LevelScriptBlueprint '/Game/FirstPersonBP/Maps/FirstPersonExampleMap.FirstPersonExampleMap:PersistentLevel.FirstPersonExampleMap' with GeneratedClass '/Game/FirstPersonBP/Maps/FirstPersonExampleMap.FirstPersonExampleMap_C' with ClassGeneratedBy '/Game/FirstPersonBP/Maps/FirstPersonExampleMap.FirstPersonExampleMap:PersistentLevel.FirstPersonExampleMap'
[2019.11.09-05.50.44:662][976]LogUObjectHash: Compacting FUObjectHashTables data took   8.35ms
[2019.11.09-05.50.44:766][977]LogPlayLevel: Display: Destroying online subsystem :Context_57
[2019.11.09-05.50.51:600][163]LogSlate: FSceneViewport::OnFocusLost() reason 0
[2019.11.09-05.50.59:603][380]LogSlate: FSceneViewport::OnFocusLost() reason 0
[2019.11.09-05.51.06:185][568]BlueprintLog: New page: Compile Teleporter
[2019.11.09-05.51.06:964][568]LogUObjectHash: Compacting FUObjectHashTables data took  10.02ms
[2019.11.09-05.51.07:570][581]LogTemp: Repeating last play command: New Editor Window (PIE)
[2019.11.09-05.51.07:647][581]LogBlueprintUserMessages: Early PlayInEditor Detection: Level '/Game/FirstPersonBP/Maps/FirstPersonExampleMap.FirstPersonExampleMap:PersistentLevel' has LevelScriptBlueprint '/Game/FirstPersonBP/Maps/FirstPersonExampleMap.FirstPersonExampleMap:PersistentLevel.FirstPersonExampleMap' with GeneratedClass '/Game/FirstPersonBP/Maps/FirstPersonExampleMap.FirstPersonExampleMap_C' with ClassGeneratedBy '/Game/FirstPersonBP/Maps/FirstPersonExampleMap.FirstPersonExampleMap:PersistentLevel.FirstPersonExampleMap'
[2019.11.09-05.51.07:649][581]LogPlayLevel: PlayLevel: No blueprints needed recompiling
[2019.11.09-05.51.07:650][581]PIE: New page: PIE session: FirstPersonExampleMap (Nov 8, 2019, 1:51:07 PM)
[2019.11.09-05.51.07:650][581]LogPlayLevel: Creating play world package: /Game/FirstPersonBP/Maps/UEDPIE_0_FirstPersonExampleMap
[2019.11.09-05.51.07:687][581]LogPlayLevel: PIE: StaticDuplicateObject took: (0.036182s)
[2019.11.09-05.51.07:690][581]LogAIModule: Creating AISystem for world FirstPersonExampleMap
[2019.11.09-05.51.07:691][581]LogPlayLevel: PIE: World Init took: (0.002535s)
[2019.11.09-05.51.07:691][581]LogPlayLevel: PIE: Created PIE world by copying editor world from /Game/FirstPersonBP/Maps/FirstPersonExampleMap.FirstPersonExampleMap to /Game/FirstPersonBP/Maps/UEDPIE_0_FirstPersonExampleMap.FirstPersonExampleMap (0.040621s)
[2019.11.09-05.51.07:821][581]LogUObjectHash: Compacting FUObjectHashTables data took  11.23ms
[2019.11.09-05.51.07:897][581]LogInit: XAudio2 using 'Headset Earphone (SteelSeries Arctis 5 Chat)' : 2 channels at 48 kHz using 16 bits per sample (channel mask 0x3)
[2019.11.09-05.51.07:937][581]LogInit: FAudioDevice initialized.
[2019.11.09-05.51.07:961][581]LogSlate: Updating window title bar state: overlay mode, drag disabled, window buttons hidden, title bar hidden
[2019.11.09-05.51.08:003][581]LogLoad: Game class is 'FirstPersonGameMode_C'
[2019.11.09-05.51.08:019][581]LogWorld: Bringing World /Game/FirstPersonBP/Maps/UEDPIE_0_FirstPersonExampleMap.FirstPersonExampleMap up for play (max tick rate 60) at 2019.11.08-21.51.08
[2019.11.09-05.51.08:022][581]LogWorld: Bringing up level for play took: 0.016862
[2019.11.09-05.51.08:049][581]PIE: Play in editor start time for /Game/FirstPersonBP/Maps/UEDPIE_0_FirstPersonExampleMap 0.995
[2019.11.09-05.51.08:050][581]LogBlueprintUserMessages: Late PlayInEditor Detection: Level '/Game/FirstPersonBP/Maps/FirstPersonExampleMap.FirstPersonExampleMap:PersistentLevel' has LevelScriptBlueprint '/Game/FirstPersonBP/Maps/FirstPersonExampleMap.FirstPersonExampleMap:PersistentLevel.FirstPersonExampleMap' with GeneratedClass '/Game/FirstPersonBP/Maps/FirstPersonExampleMap.FirstPersonExampleMap_C' with ClassGeneratedBy '/Game/FirstPersonBP/Maps/FirstPersonExampleMap.FirstPersonExampleMap:PersistentLevel.FirstPersonExampleMap'
[2019.11.09-05.51.17:177][797]LogBlueprintUserMessages: Early EndPlayMap Detection: Level '/Game/FirstPersonBP/Maps/FirstPersonExampleMap.FirstPersonExampleMap:PersistentLevel' has LevelScriptBlueprint '/Game/FirstPersonBP/Maps/FirstPersonExampleMap.FirstPersonExampleMap:PersistentLevel.FirstPersonExampleMap' with GeneratedClass '/Game/FirstPersonBP/Maps/FirstPersonExampleMap.FirstPersonExampleMap_C' with ClassGeneratedBy '/Game/FirstPersonBP/Maps/FirstPersonExampleMap.FirstPersonExampleMap:PersistentLevel.FirstPersonExampleMap'
[2019.11.09-05.51.17:179][797]LogSlate: Updating window title bar state: overlay mode, drag disabled, window buttons hidden, title bar hidden
[2019.11.09-05.51.17:228][797]LogSlate: Window 'Mechanics_Sandbox Game Preview Standalone (64-bit/PCD3D_SM5)' being destroyed
[2019.11.09-05.51.17:305][797]LogPlayLevel: Display: Shutting down PIE online subsystems
[2019.11.09-05.51.17:305][797]LogBlueprintUserMessages: Late EndPlayMap Detection: Level '/Game/FirstPersonBP/Maps/FirstPersonExampleMap.FirstPersonExampleMap:PersistentLevel' has LevelScriptBlueprint '/Game/FirstPersonBP/Maps/FirstPersonExampleMap.FirstPersonExampleMap:PersistentLevel.FirstPersonExampleMap' with GeneratedClass '/Game/FirstPersonBP/Maps/FirstPersonExampleMap.FirstPersonExampleMap_C' with ClassGeneratedBy '/Game/FirstPersonBP/Maps/FirstPersonExampleMap.FirstPersonExampleMap:PersistentLevel.FirstPersonExampleMap'
[2019.11.09-05.51.17:461][797]LogUObjectHash: Compacting FUObjectHashTables data took   9.27ms
[2019.11.09-05.51.17:628][798]LogPlayLevel: Display: Destroying online subsystem :Context_58
[2019.11.09-05.51.19:265][835]LogEditorViewport: Clicking on Actor (LMB): Teleporter_C (Teleporter2)
[2019.11.09-05.51.27:881][ 29]LogSlate: FSceneViewport::OnFocusLost() reason 0
[2019.11.09-05.54.13:952][701]BlueprintLog: New page: Compile Teleporter
[2019.11.09-05.54.14:736][701]LogUObjectHash: Compacting FUObjectHashTables data took  16.98ms
[2019.11.09-05.54.22:478][855]LogTemp: Repeating last play command: New Editor Window (PIE)
[2019.11.09-05.54.22:592][855]LogBlueprintUserMessages: Early PlayInEditor Detection: Level '/Game/FirstPersonBP/Maps/FirstPersonExampleMap.FirstPersonExampleMap:PersistentLevel' has LevelScriptBlueprint '/Game/FirstPersonBP/Maps/FirstPersonExampleMap.FirstPersonExampleMap:PersistentLevel.FirstPersonExampleMap' with GeneratedClass '/Game/FirstPersonBP/Maps/FirstPersonExampleMap.FirstPersonExampleMap_C' with ClassGeneratedBy '/Game/FirstPersonBP/Maps/FirstPersonExampleMap.FirstPersonExampleMap:PersistentLevel.FirstPersonExampleMap'
[2019.11.09-05.54.22:594][855]LogPlayLevel: PlayLevel: No blueprints needed recompiling
[2019.11.09-05.54.22:595][855]PIE: New page: PIE session: FirstPersonExampleMap (Nov 8, 2019, 1:54:22 PM)
[2019.11.09-05.54.22:596][855]LogPlayLevel: Creating play world package: /Game/FirstPersonBP/Maps/UEDPIE_0_FirstPersonExampleMap
[2019.11.09-05.54.22:647][855]LogPlayLevel: PIE: StaticDuplicateObject took: (0.051103s)
[2019.11.09-05.54.22:650][855]LogAIModule: Creating AISystem for world FirstPersonExampleMap
[2019.11.09-05.54.22:651][855]LogPlayLevel: PIE: World Init took: (0.003399s)
[2019.11.09-05.54.22:652][855]LogPlayLevel: PIE: Created PIE world by copying editor world from /Game/FirstPersonBP/Maps/FirstPersonExampleMap.FirstPersonExampleMap to /Game/FirstPersonBP/Maps/UEDPIE_0_FirstPersonExampleMap.FirstPersonExampleMap (0.056094s)
[2019.11.09-05.54.22:777][855]LogUObjectHash: Compacting FUObjectHashTables data took  13.39ms
[2019.11.09-05.54.22:851][855]LogInit: XAudio2 using 'Headset Earphone (SteelSeries Arctis 5 Chat)' : 2 channels at 48 kHz using 16 bits per sample (channel mask 0x3)
[2019.11.09-05.54.22:904][855]LogInit: FAudioDevice initialized.
[2019.11.09-05.54.22:924][855]LogSlate: Updating window title bar state: overlay mode, drag disabled, window buttons hidden, title bar hidden
[2019.11.09-05.54.22:972][855]LogLoad: Game class is 'FirstPersonGameMode_C'
[2019.11.09-05.54.22:997][855]LogWorld: Bringing World /Game/FirstPersonBP/Maps/UEDPIE_0_FirstPersonExampleMap.FirstPersonExampleMap up for play (max tick rate 60) at 2019.11.08-21.54.22
[2019.11.09-05.54.23:001][855]LogWorld: Bringing up level for play took: 0.025293
[2019.11.09-05.54.23:027][855]PIE: Play in editor start time for /Game/FirstPersonBP/Maps/UEDPIE_0_FirstPersonExampleMap -0.027
[2019.11.09-05.54.23:028][855]LogBlueprintUserMessages: Late PlayInEditor Detection: Level '/Game/FirstPersonBP/Maps/FirstPersonExampleMap.FirstPersonExampleMap:PersistentLevel' has LevelScriptBlueprint '/Game/FirstPersonBP/Maps/FirstPersonExampleMap.FirstPersonExampleMap:PersistentLevel.FirstPersonExampleMap' with GeneratedClass '/Game/FirstPersonBP/Maps/FirstPersonExampleMap.FirstPersonExampleMap_C' with ClassGeneratedBy '/Game/FirstPersonBP/Maps/FirstPersonExampleMap.FirstPersonExampleMap:PersistentLevel.FirstPersonExampleMap'
[2019.11.09-05.54.48:421][304]LogBlueprintUserMessages: Early EndPlayMap Detection: Level '/Game/FirstPersonBP/Maps/FirstPersonExampleMap.FirstPersonExampleMap:PersistentLevel' has LevelScriptBlueprint '/Game/FirstPersonBP/Maps/FirstPersonExampleMap.FirstPersonExampleMap:PersistentLevel.FirstPersonExampleMap' with GeneratedClass '/Game/FirstPersonBP/Maps/FirstPersonExampleMap.FirstPersonExampleMap_C' with ClassGeneratedBy '/Game/FirstPersonBP/Maps/FirstPersonExampleMap.FirstPersonExampleMap:PersistentLevel.FirstPersonExampleMap'
[2019.11.09-05.54.48:423][304]LogSlate: Updating window title bar state: overlay mode, drag disabled, window buttons hidden, title bar hidden
[2019.11.09-05.54.48:480][304]LogSlate: Window 'Mechanics_Sandbox Game Preview Standalone (64-bit/PCD3D_SM5)' being destroyed
[2019.11.09-05.54.48:608][304]LogPlayLevel: Display: Shutting down PIE online subsystems
[2019.11.09-05.54.48:609][304]LogBlueprintUserMessages: Late EndPlayMap Detection: Level '/Game/FirstPersonBP/Maps/FirstPersonExampleMap.FirstPersonExampleMap:PersistentLevel' has LevelScriptBlueprint '/Game/FirstPersonBP/Maps/FirstPersonExampleMap.FirstPersonExampleMap:PersistentLevel.FirstPersonExampleMap' with GeneratedClass '/Game/FirstPersonBP/Maps/FirstPersonExampleMap.FirstPersonExampleMap_C' with ClassGeneratedBy '/Game/FirstPersonBP/Maps/FirstPersonExampleMap.FirstPersonExampleMap:PersistentLevel.FirstPersonExampleMap'
[2019.11.09-05.54.48:777][304]LogUObjectHash: Compacting FUObjectHashTables data took   8.27ms
[2019.11.09-05.54.49:061][305]LogPlayLevel: Display: Destroying online subsystem :Context_59
[2019.11.09-05.54.50:903][338]LogEditorViewport: Clicking on Actor (LMB): Teleporter_C (Teleporter2)
[2019.11.09-05.54.53:680][386]LogEditorViewport: Clicking on Actor (LMB): Teleporter_C (Teleporter)
[2019.11.09-05.54.58:039][466]LogEditorViewport: Clicking on Actor (LMB): Teleporter_C (Teleporter2)
[2019.11.09-05.55.02:532][546]LogSlate: FSceneViewport::OnFocusLost() reason 0
[2019.11.09-05.56.59:890][275]BlueprintLog: New page: Compile Teleporter
[2019.11.09-05.57.00:703][275]LogUObjectHash: Compacting FUObjectHashTables data took  13.55ms
[2019.11.09-05.57.23:950][537]Cmd: OBJ SAVEPACKAGE PACKAGE="/Game/Teleporter/Teleporter" FILE="C:/Users/danny/Desktop/Systems_Sandbox/Mechanics_Sandbox/Content/Teleporter/Teleporter.uasset" SILENT=true
[2019.11.09-05.57.24:209][537]LogSavePackage: Moving 'C:/Users/danny/Desktop/Systems_Sandbox/Mechanics_Sandbox/Saved/Teleporter5C2C658F49A9FC0E8AA8C096A65B3135.tmp' to 'C:/Users/danny/Desktop/Systems_Sandbox/Mechanics_Sandbox/Content/Teleporter/Teleporter.uasset'
[2019.11.09-05.57.24:873][546]LogSlate: FSceneViewport::OnFocusLost() reason 0
[2019.11.09-05.58.08:101][470]BlueprintLog: New page: Compile Teleporter
[2019.11.09-05.58.08:864][470]LogUObjectHash: Compacting FUObjectHashTables data took  12.40ms
[2019.11.09-05.58.09:832][483]Cmd: OBJ SAVEPACKAGE PACKAGE="/Game/Teleporter/Teleporter" FILE="C:/Users/danny/Desktop/Systems_Sandbox/Mechanics_Sandbox/Content/Teleporter/Teleporter.uasset" SILENT=true
[2019.11.09-05.58.10:068][483]LogSavePackage: Moving 'C:/Users/danny/Desktop/Systems_Sandbox/Mechanics_Sandbox/Saved/TeleporterDEE6DE994CBA86D42E8663911993AC4F.tmp' to 'C:/Users/danny/Desktop/Systems_Sandbox/Mechanics_Sandbox/Content/Teleporter/Teleporter.uasset'
[2019.11.09-05.58.10:745][492]LogSlate: FSceneViewport::OnFocusLost() reason 0
[2019.11.09-05.58.17:343][615]Cmd: OBJ SAVEPACKAGE PACKAGE="/Game/Teleporter/Teleporter" FILE="C:/Users/danny/Desktop/Systems_Sandbox/Mechanics_Sandbox/Content/Teleporter/Teleporter.uasset" SILENT=true
[2019.11.09-05.58.17:537][615]LogSavePackage: Moving 'C:/Users/danny/Desktop/Systems_Sandbox/Mechanics_Sandbox/Saved/TeleporterD7032F0F4324DBBA83475DA9C54913A1.tmp' to 'C:/Users/danny/Desktop/Systems_Sandbox/Mechanics_Sandbox/Content/Teleporter/Teleporter.uasset'
[2019.11.09-05.58.18:911][638]LogSlate: FSceneViewport::OnFocusLost() reason 0
[2019.11.09-05.58.19:529][650]Cmd: OBJ SAVEPACKAGE PACKAGE="/Game/Teleporter/Teleporter" FILE="C:/Users/danny/Desktop/Systems_Sandbox/Mechanics_Sandbox/Content/Teleporter/Teleporter.uasset" SILENT=true
[2019.11.09-05.58.19:721][650]LogSavePackage: Moving 'C:/Users/danny/Desktop/Systems_Sandbox/Mechanics_Sandbox/Saved/TeleporterD833211E44BAE8B09439948826BD9395.tmp' to 'C:/Users/danny/Desktop/Systems_Sandbox/Mechanics_Sandbox/Content/Teleporter/Teleporter.uasset'
[2019.11.09-05.58.21:140][669]LogSlate: FSceneViewport::OnFocusLost() reason 2
[2019.11.09-05.58.21:321][669]LogUObjectHash: Compacting FUObjectHashTables data took  12.86ms
[2019.11.09-05.58.22:407][669]LogSavePackage: Moving 'C:/Users/danny/Desktop/Systems_Sandbox/Mechanics_Sandbox/Saved/FirstPersonExampleMap9B0C30904991654C5A23B58C6274CA48.tmp' to 'C:/Users/danny/Desktop/Systems_Sandbox/Mechanics_Sandbox/Content/FirstPersonBP/Maps/FirstPersonExampleMap.umap'
[2019.11.09-05.58.27:019][669]LogSavePackage: Moving 'C:/Users/danny/Desktop/Systems_Sandbox/Mechanics_Sandbox/Saved/FirstPersonExampleMap_BuiltData3EAACFB8485E1403F080D49A416870D0.tmp' to 'C:/Users/danny/Desktop/Systems_Sandbox/Mechanics_Sandbox/Content/FirstPersonBP/Maps/FirstPersonExampleMap_BuiltData.uasset'
[2019.11.09-05.58.28:563][694]LogUObjectHash: Compacting FUObjectHashTables data took  10.77ms
[2019.11.09-05.58.29:941][718]LogSlate: FSceneViewport::OnFocusLost() reason 0
[2019.11.09-06.03.22:221][312]LogTemp: Repeating last play command: New Editor Window (PIE)
[2019.11.09-06.03.22:330][312]LogBlueprintUserMessages: Early PlayInEditor Detection: Level '/Game/FirstPersonBP/Maps/FirstPersonExampleMap.FirstPersonExampleMap:PersistentLevel' has LevelScriptBlueprint '/Game/FirstPersonBP/Maps/FirstPersonExampleMap.FirstPersonExampleMap:PersistentLevel.FirstPersonExampleMap' with GeneratedClass '/Game/FirstPersonBP/Maps/FirstPersonExampleMap.FirstPersonExampleMap_C' with ClassGeneratedBy '/Game/FirstPersonBP/Maps/FirstPersonExampleMap.FirstPersonExampleMap:PersistentLevel.FirstPersonExampleMap'
[2019.11.09-06.03.22:332][312]LogPlayLevel: PlayLevel: No blueprints needed recompiling
[2019.11.09-06.03.22:332][312]PIE: New page: PIE session: FirstPersonExampleMap (Nov 8, 2019, 2:03:22 PM)
[2019.11.09-06.03.22:333][312]LogPlayLevel: Creating play world package: /Game/FirstPersonBP/Maps/UEDPIE_0_FirstPersonExampleMap
[2019.11.09-06.03.22:399][312]LogPlayLevel: PIE: StaticDuplicateObject took: (0.065673s)
[2019.11.09-06.03.22:402][312]LogAIModule: Creating AISystem for world FirstPersonExampleMap
[2019.11.09-06.03.22:404][312]LogPlayLevel: PIE: World Init took: (0.004148s)
[2019.11.09-06.03.22:405][312]LogPlayLevel: PIE: Created PIE world by copying editor world from /Game/FirstPersonBP/Maps/FirstPersonExampleMap.FirstPersonExampleMap to /Game/FirstPersonBP/Maps/UEDPIE_0_FirstPersonExampleMap.FirstPersonExampleMap (0.071389s)
[2019.11.09-06.03.22:542][312]LogUObjectHash: Compacting FUObjectHashTables data took   7.19ms
[2019.11.09-06.03.22:621][312]LogInit: XAudio2 using 'Headset Earphone (SteelSeries Arctis 5 Chat)' : 2 channels at 48 kHz using 16 bits per sample (channel mask 0x3)
[2019.11.09-06.03.22:673][312]LogInit: FAudioDevice initialized.
[2019.11.09-06.03.22:701][312]LogSlate: Updating window title bar state: overlay mode, drag disabled, window buttons hidden, title bar hidden
[2019.11.09-06.03.22:744][312]LogLoad: Game class is 'FirstPersonGameMode_C'
[2019.11.09-06.03.22:761][312]LogWorld: Bringing World /Game/FirstPersonBP/Maps/UEDPIE_0_FirstPersonExampleMap.FirstPersonExampleMap up for play (max tick rate 60) at 2019.11.08-22.03.22
[2019.11.09-06.03.22:765][312]LogWorld: Bringing up level for play took: 0.017758
[2019.11.09-06.03.22:793][312]PIE: Play in editor start time for /Game/FirstPersonBP/Maps/UEDPIE_0_FirstPersonExampleMap -0.262
[2019.11.09-06.03.22:794][312]LogBlueprintUserMessages: Late PlayInEditor Detection: Level '/Game/FirstPersonBP/Maps/FirstPersonExampleMap.FirstPersonExampleMap:PersistentLevel' has LevelScriptBlueprint '/Game/FirstPersonBP/Maps/FirstPersonExampleMap.FirstPersonExampleMap:PersistentLevel.FirstPersonExampleMap' with GeneratedClass '/Game/FirstPersonBP/Maps/FirstPersonExampleMap.FirstPersonExampleMap_C' with ClassGeneratedBy '/Game/FirstPersonBP/Maps/FirstPersonExampleMap.FirstPersonExampleMap:PersistentLevel.FirstPersonExampleMap'
[2019.11.09-06.03.32:346][510]LogBlueprintUserMessages: Early EndPlayMap Detection: Level '/Game/FirstPersonBP/Maps/FirstPersonExampleMap.FirstPersonExampleMap:PersistentLevel' has LevelScriptBlueprint '/Game/FirstPersonBP/Maps/FirstPersonExampleMap.FirstPersonExampleMap:PersistentLevel.FirstPersonExampleMap' with GeneratedClass '/Game/FirstPersonBP/Maps/FirstPersonExampleMap.FirstPersonExampleMap_C' with ClassGeneratedBy '/Game/FirstPersonBP/Maps/FirstPersonExampleMap.FirstPersonExampleMap:PersistentLevel.FirstPersonExampleMap'
[2019.11.09-06.03.32:349][510]LogSlate: Updating window title bar state: overlay mode, drag disabled, window buttons hidden, title bar hidden
[2019.11.09-06.03.32:401][510]LogSlate: Window 'Mechanics_Sandbox Game Preview Standalone (64-bit/PCD3D_SM5)' being destroyed
[2019.11.09-06.03.32:504][510]LogPlayLevel: Display: Shutting down PIE online subsystems
[2019.11.09-06.03.32:505][510]LogBlueprintUserMessages: Late EndPlayMap Detection: Level '/Game/FirstPersonBP/Maps/FirstPersonExampleMap.FirstPersonExampleMap:PersistentLevel' has LevelScriptBlueprint '/Game/FirstPersonBP/Maps/FirstPersonExampleMap.FirstPersonExampleMap:PersistentLevel.FirstPersonExampleMap' with GeneratedClass '/Game/FirstPersonBP/Maps/FirstPersonExampleMap.FirstPersonExampleMap_C' with ClassGeneratedBy '/Game/FirstPersonBP/Maps/FirstPersonExampleMap.FirstPersonExampleMap:PersistentLevel.FirstPersonExampleMap'
[2019.11.09-06.03.32:648][510]LogUObjectHash: Compacting FUObjectHashTables data took   6.67ms
[2019.11.09-06.03.32:857][511]LogPlayLevel: Display: Destroying online subsystem :Context_60
[2019.11.09-06.03.34:261][544]LogEditorViewport: Clicking on Actor (LMB): Teleporter_C (Teleporter2)
[2019.11.09-06.03.39:601][675]LogEditorViewport: Clicking on Actor (LMB): Teleporter_C (Teleporter)
[2019.11.09-06.03.42:344][737]LogSlate: FSceneViewport::OnFocusLost() reason 0
[2019.11.09-06.03.45:197][797]LogEditorViewport: Clicking on Actor (LMB): Teleporter_C (Teleporter2)
[2019.11.09-06.03.46:464][821]LogSlate: FSceneViewport::OnFocusLost() reason 0
[2019.11.09-06.04.12:033][358]LogSlate: Window 'Delete Variable' being destroyed
[2019.11.09-06.04.12:406][364]Cmd: DELETE
[2019.11.09-06.04.12:406][364]Cmd: ACTOR DELETE
[2019.11.09-06.04.12:415][364]LogEditorActor: Actor Teleporter2 is referenced by Teleporter.
[2019.11.09-06.04.12:700][364]LogSlate: FSceneViewport::OnFocusLost() reason 2
[2019.11.09-06.04.14:791][364]LogSlate: Window 'Message' being destroyed
[2019.11.09-06.04.14:923][364]LogUObjectHash: Compacting FUObjectHashTables data took   4.37ms
[2019.11.09-06.04.14:925][364]LogEditorActor: Deleted 0 Actors (2.518 secs)
[2019.11.09-06.04.16:048][386]LogSlate: FSceneViewport::OnFocusLost() reason 0
[2019.11.09-06.06.50:484][ 19]BlueprintLog: New page: Compile Teleporter
[2019.11.09-06.06.51:226][ 19]LogUObjectHash: Compacting FUObjectHashTables data took  13.21ms
[2019.11.09-06.07.04:720][200]LogSlate: Window 'Delete Variable' being destroyed
[2019.11.09-06.07.05:548][217]LogSlate: FSceneViewport::OnFocusLost() reason 0
[2019.11.09-06.08.31:678][493]LogUObjectHash: Compacting FUObjectHashTables data took  11.52ms
[2019.11.09-06.08.32:923][493]LogSavePackage: Moving 'C:/Users/danny/Desktop/Systems_Sandbox/Mechanics_Sandbox/Saved/FirstPersonExampleMap_Auto6DDFA248642B757A282EDD9A78A0AC9B9.tmp' to 'C:/Users/danny/Desktop/Systems_Sandbox/Mechanics_Sandbox/Saved/Autosaves/Game/FirstPersonBP/Maps/FirstPersonExampleMap_Auto6.umap'
[2019.11.09-06.08.32:935][493]LogFileHelpers: Editor autosave (incl. sublevels) for '/Game/FirstPersonBP/Maps/FirstPersonExampleMap' took 1.376
[2019.11.09-06.08.32:936][493]LogFileHelpers: Editor autosave (incl. sublevels) for all levels took 1.376
[2019.11.09-06.08.32:940][493]OBJ SavePackage: Generating thumbnails for [1] asset(s) in package [/Game/Teleporter/Teleporter] ([1] browsable assets)...
[2019.11.09-06.08.32:980][493]OBJ SavePackage:     Rendered thumbnail for [Blueprint /Game/Teleporter/Teleporter.Teleporter]
[2019.11.09-06.08.32:981][493]OBJ SavePackage: Finished generating thumbnails for package [/Game/Teleporter/Teleporter]
[2019.11.09-06.08.33:228][493]LogSavePackage: Moving 'C:/Users/danny/Desktop/Systems_Sandbox/Mechanics_Sandbox/Saved/Teleporter_Auto6319E86FA42D20BBCD9C3F98424EF2CE9.tmp' to 'C:/Users/danny/Desktop/Systems_Sandbox/Mechanics_Sandbox/Saved/Autosaves/Game/Teleporter/Teleporter_Auto6.uasset'
[2019.11.09-06.08.33:232][493]LogFileHelpers: Auto-saving content packages took 0.293
[2019.11.09-06.21.07:942][308]LogSlate: Window 'Delete Variable' being destroyed
[2019.11.09-06.21.09:393][332]LogSlate: FSceneViewport::OnFocusLost() reason 0
[2019.11.09-06.21.09:543][336]BlueprintLog: New page: Compile Teleporter
[2019.11.09-06.21.10:295][336]LogUObjectHash: Compacting FUObjectHashTables data took  14.58ms
[2019.11.09-06.21.47:973][386]BlueprintLog: New page: Compile Teleporter
[2019.11.09-06.21.48:716][386]LogUObjectHash: Compacting FUObjectHashTables data took  12.25ms
[2019.11.09-06.22.15:197][111]Cmd: OBJ SAVEPACKAGE PACKAGE="/Game/Teleporter/Teleporter" FILE="C:/Users/danny/Desktop/Systems_Sandbox/Mechanics_Sandbox/Content/Teleporter/Teleporter.uasset" SILENT=true
[2019.11.09-06.22.15:435][111]LogSavePackage: Moving 'C:/Users/danny/Desktop/Systems_Sandbox/Mechanics_Sandbox/Saved/Teleporter0F903BB549D92FEB80E65586B897F342.tmp' to 'C:/Users/danny/Desktop/Systems_Sandbox/Mechanics_Sandbox/Content/Teleporter/Teleporter.uasset'
[2019.11.09-06.22.17:018][149]LogSlate: FSceneViewport::OnFocusLost() reason 0
[2019.11.09-06.22.21:644][273]LogUObjectHash: Compacting FUObjectHashTables data took  13.00ms
[2019.11.09-06.22.22:827][273]LogSavePackage: Moving 'C:/Users/danny/Desktop/Systems_Sandbox/Mechanics_Sandbox/Saved/FirstPersonExampleMap_Auto7CE042A674F8459344D7F128E6AE6F75F.tmp' to 'C:/Users/danny/Desktop/Systems_Sandbox/Mechanics_Sandbox/Saved/Autosaves/Game/FirstPersonBP/Maps/FirstPersonExampleMap_Auto7.umap'
[2019.11.09-06.22.22:847][273]LogFileHelpers: Editor autosave (incl. sublevels) for '/Game/FirstPersonBP/Maps/FirstPersonExampleMap' took 1.327
[2019.11.09-06.22.22:848][273]LogFileHelpers: Editor autosave (incl. sublevels) for all levels took 1.327
[2019.11.09-06.22.23:355][283]LogSlate: FSceneViewport::OnFocusLost() reason 0
[2019.11.09-06.22.29:811][420]BlueprintLog: New page: Compile Teleporter
[2019.11.09-06.22.30:642][420]LogUObjectHash: Compacting FUObjectHashTables data took  13.55ms
[2019.11.09-06.25.00:008][356]LogEditorTransaction: Undo Delete current selection
[2019.11.09-06.25.00:619][364]LogEditorTransaction: Undo Delete current selection
[2019.11.09-06.25.01:180][373]LogEditorTransaction: Undo Move Nodes
[2019.11.09-06.25.02:588][403]LogEditorTransaction: Undo Move Nodes
[2019.11.09-06.25.03:368][417]LogEditorTransaction: Undo Remove Variable
[2019.11.09-06.25.04:594][441]LogEditorTransaction: Undo Create Pin Link
[2019.11.09-06.25.06:685][496]LogEditorTransaction: Redo Create Pin Link
[2019.11.09-06.25.10:814][609]LogEditorTransaction: Redo Remove Variable
[2019.11.09-06.25.11:655][626]LogEditorTransaction: Redo Move Nodes
[2019.11.09-06.25.12:370][640]LogEditorTransaction: Redo Move Nodes
[2019.11.09-06.25.13:424][663]LogEditorTransaction: Redo Delete current selection
[2019.11.09-06.25.14:184][675]LogEditorTransaction: Undo Delete current selection
[2019.11.09-06.25.17:781][760]BlueprintLog: New page: Compile Teleporter
[2019.11.09-06.25.18:562][760]LogUObjectHash: Compacting FUObjectHashTables data took  13.38ms
[2019.11.09-06.26.09:579][112]BlueprintLog: New page: Compile Teleporter
[2019.11.09-06.26.10:251][112]LogUObjectHash: Compacting FUObjectHashTables data took  13.05ms
[2019.11.09-06.28.27:032][542]BlueprintLog: New page: Compile Teleporter
[2019.11.09-06.28.27:733][542]LogUObjectHash: Compacting FUObjectHashTables data took  10.35ms
[2019.11.09-06.29.21:163][992]BlueprintLog: New page: Compile Teleporter
[2019.11.09-06.29.21:843][992]LogUObjectHash: Compacting FUObjectHashTables data took  10.89ms
[2019.11.09-06.29.35:201][345]Cmd: OBJ SAVEPACKAGE PACKAGE="/Game/Teleporter/Teleporter" FILE="C:/Users/danny/Desktop/Systems_Sandbox/Mechanics_Sandbox/Content/Teleporter/Teleporter.uasset" SILENT=true
[2019.11.09-06.29.35:403][345]LogSavePackage: Moving 'C:/Users/danny/Desktop/Systems_Sandbox/Mechanics_Sandbox/Saved/TeleporterE14AC21B48395EAAC40198AC1A3BE132.tmp' to 'C:/Users/danny/Desktop/Systems_Sandbox/Mechanics_Sandbox/Content/Teleporter/Teleporter.uasset'
[2019.11.09-06.29.36:368][365]LogTemp: Repeating last play command: New Editor Window (PIE)
[2019.11.09-06.29.36:478][365]LogBlueprintUserMessages: Early PlayInEditor Detection: Level '/Game/FirstPersonBP/Maps/FirstPersonExampleMap.FirstPersonExampleMap:PersistentLevel' has LevelScriptBlueprint '/Game/FirstPersonBP/Maps/FirstPersonExampleMap.FirstPersonExampleMap:PersistentLevel.FirstPersonExampleMap' with GeneratedClass '/Game/FirstPersonBP/Maps/FirstPersonExampleMap.FirstPersonExampleMap_C' with ClassGeneratedBy '/Game/FirstPersonBP/Maps/FirstPersonExampleMap.FirstPersonExampleMap:PersistentLevel.FirstPersonExampleMap'
[2019.11.09-06.29.36:479][365]LogPlayLevel: PlayLevel: No blueprints needed recompiling
[2019.11.09-06.29.36:479][365]PIE: New page: PIE session: FirstPersonExampleMap (Nov 8, 2019, 2:29:36 PM)
[2019.11.09-06.29.36:480][365]LogPlayLevel: Creating play world package: /Game/FirstPersonBP/Maps/UEDPIE_0_FirstPersonExampleMap
[2019.11.09-06.29.36:539][365]LogPlayLevel: PIE: StaticDuplicateObject took: (0.058228s)
[2019.11.09-06.29.36:542][365]LogAIModule: Creating AISystem for world FirstPersonExampleMap
[2019.11.09-06.29.36:543][365]LogPlayLevel: PIE: World Init took: (0.003449s)
[2019.11.09-06.29.36:545][365]LogPlayLevel: PIE: Created PIE world by copying editor world from /Game/FirstPersonBP/Maps/FirstPersonExampleMap.FirstPersonExampleMap to /Game/FirstPersonBP/Maps/UEDPIE_0_FirstPersonExampleMap.FirstPersonExampleMap (0.064649s)
[2019.11.09-06.29.36:678][365]LogUObjectHash: Compacting FUObjectHashTables data took  11.95ms
[2019.11.09-06.29.36:750][365]LogInit: XAudio2 using 'Headset Earphone (SteelSeries Arctis 5 Chat)' : 2 channels at 48 kHz using 16 bits per sample (channel mask 0x3)
[2019.11.09-06.29.36:790][365]LogInit: FAudioDevice initialized.
[2019.11.09-06.29.36:814][365]LogSlate: Updating window title bar state: overlay mode, drag disabled, window buttons hidden, title bar hidden
[2019.11.09-06.29.36:857][365]LogLoad: Game class is 'FirstPersonGameMode_C'
[2019.11.09-06.29.36:877][365]LogWorld: Bringing World /Game/FirstPersonBP/Maps/UEDPIE_0_FirstPersonExampleMap.FirstPersonExampleMap up for play (max tick rate 60) at 2019.11.08-22.29.36
[2019.11.09-06.29.36:881][365]LogWorld: Bringing up level for play took: 0.021481
[2019.11.09-06.29.36:911][365]PIE: Play in editor start time for /Game/FirstPersonBP/Maps/UEDPIE_0_FirstPersonExampleMap -0.143
[2019.11.09-06.29.36:912][365]LogBlueprintUserMessages: Late PlayInEditor Detection: Level '/Game/FirstPersonBP/Maps/FirstPersonExampleMap.FirstPersonExampleMap:PersistentLevel' has LevelScriptBlueprint '/Game/FirstPersonBP/Maps/FirstPersonExampleMap.FirstPersonExampleMap:PersistentLevel.FirstPersonExampleMap' with GeneratedClass '/Game/FirstPersonBP/Maps/FirstPersonExampleMap.FirstPersonExampleMap_C' with ClassGeneratedBy '/Game/FirstPersonBP/Maps/FirstPersonExampleMap.FirstPersonExampleMap:PersistentLevel.FirstPersonExampleMap'
[2019.11.09-06.29.48:420][618]LogBlueprintUserMessages: Early EndPlayMap Detection: Level '/Game/FirstPersonBP/Maps/FirstPersonExampleMap.FirstPersonExampleMap:PersistentLevel' has LevelScriptBlueprint '/Game/FirstPersonBP/Maps/FirstPersonExampleMap.FirstPersonExampleMap:PersistentLevel.FirstPersonExampleMap' with GeneratedClass '/Game/FirstPersonBP/Maps/FirstPersonExampleMap.FirstPersonExampleMap_C' with ClassGeneratedBy '/Game/FirstPersonBP/Maps/FirstPersonExampleMap.FirstPersonExampleMap:PersistentLevel.FirstPersonExampleMap'
[2019.11.09-06.29.48:423][618]LogSlate: Updating window title bar state: overlay mode, drag disabled, window buttons hidden, title bar hidden
[2019.11.09-06.29.48:479][618]LogSlate: Window 'Mechanics_Sandbox Game Preview Standalone (64-bit/PCD3D_SM5)' being destroyed
[2019.11.09-06.29.48:602][618]LogPlayLevel: Display: Shutting down PIE online subsystems
[2019.11.09-06.29.48:603][618]LogBlueprintUserMessages: Late EndPlayMap Detection: Level '/Game/FirstPersonBP/Maps/FirstPersonExampleMap.FirstPersonExampleMap:PersistentLevel' has LevelScriptBlueprint '/Game/FirstPersonBP/Maps/FirstPersonExampleMap.FirstPersonExampleMap:PersistentLevel.FirstPersonExampleMap' with GeneratedClass '/Game/FirstPersonBP/Maps/FirstPersonExampleMap.FirstPersonExampleMap_C' with ClassGeneratedBy '/Game/FirstPersonBP/Maps/FirstPersonExampleMap.FirstPersonExampleMap:PersistentLevel.FirstPersonExampleMap'
[2019.11.09-06.29.48:763][618]LogUObjectHash: Compacting FUObjectHashTables data took  11.71ms
[2019.11.09-06.29.48:977][619]LogPlayLevel: Display: Destroying online subsystem :Context_61
[2019.11.09-06.32.45:419][819]BlueprintLog: New page: Compile Teleporter
[2019.11.09-06.32.46:115][819]LogUObjectHash: Compacting FUObjectHashTables data took  12.86ms
[2019.11.09-06.32.54:054][ 43]LogTemp: Repeating last play command: New Editor Window (PIE)
[2019.11.09-06.32.54:155][ 43]LogBlueprintUserMessages: Early PlayInEditor Detection: Level '/Game/FirstPersonBP/Maps/FirstPersonExampleMap.FirstPersonExampleMap:PersistentLevel' has LevelScriptBlueprint '/Game/FirstPersonBP/Maps/FirstPersonExampleMap.FirstPersonExampleMap:PersistentLevel.FirstPersonExampleMap' with GeneratedClass '/Game/FirstPersonBP/Maps/FirstPersonExampleMap.FirstPersonExampleMap_C' with ClassGeneratedBy '/Game/FirstPersonBP/Maps/FirstPersonExampleMap.FirstPersonExampleMap:PersistentLevel.FirstPersonExampleMap'
[2019.11.09-06.32.54:157][ 43]LogPlayLevel: PlayLevel: No blueprints needed recompiling
[2019.11.09-06.32.54:157][ 43]PIE: New page: PIE session: FirstPersonExampleMap (Nov 8, 2019, 2:32:54 PM)
[2019.11.09-06.32.54:158][ 43]LogPlayLevel: Creating play world package: /Game/FirstPersonBP/Maps/UEDPIE_0_FirstPersonExampleMap
[2019.11.09-06.32.54:207][ 43]LogPlayLevel: PIE: StaticDuplicateObject took: (0.049793s)
[2019.11.09-06.32.54:210][ 43]LogAIModule: Creating AISystem for world FirstPersonExampleMap
[2019.11.09-06.32.54:211][ 43]LogPlayLevel: PIE: World Init took: (0.002714s)
[2019.11.09-06.32.54:211][ 43]LogPlayLevel: PIE: Created PIE world by copying editor world from /Game/FirstPersonBP/Maps/FirstPersonExampleMap.FirstPersonExampleMap to /Game/FirstPersonBP/Maps/UEDPIE_0_FirstPersonExampleMap.FirstPersonExampleMap (0.053965s)
[2019.11.09-06.32.54:332][ 43]LogUObjectHash: Compacting FUObjectHashTables data took  10.40ms
[2019.11.09-06.32.54:405][ 43]LogInit: XAudio2 using 'Headset Earphone (SteelSeries Arctis 5 Chat)' : 2 channels at 48 kHz using 16 bits per sample (channel mask 0x3)
[2019.11.09-06.32.54:445][ 43]LogInit: FAudioDevice initialized.
[2019.11.09-06.32.54:466][ 43]LogSlate: Updating window title bar state: overlay mode, drag disabled, window buttons hidden, title bar hidden
[2019.11.09-06.32.54:514][ 43]LogLoad: Game class is 'FirstPersonGameMode_C'
[2019.11.09-06.32.54:533][ 43]LogWorld: Bringing World /Game/FirstPersonBP/Maps/UEDPIE_0_FirstPersonExampleMap.FirstPersonExampleMap up for play (max tick rate 60) at 2019.11.08-22.32.54
[2019.11.09-06.32.54:536][ 43]LogWorld: Bringing up level for play took: 0.018110
[2019.11.09-06.32.54:559][ 43]PIE: Play in editor start time for /Game/FirstPersonBP/Maps/UEDPIE_0_FirstPersonExampleMap -0.496
[2019.11.09-06.32.54:560][ 43]LogBlueprintUserMessages: Late PlayInEditor Detection: Level '/Game/FirstPersonBP/Maps/FirstPersonExampleMap.FirstPersonExampleMap:PersistentLevel' has LevelScriptBlueprint '/Game/FirstPersonBP/Maps/FirstPersonExampleMap.FirstPersonExampleMap:PersistentLevel.FirstPersonExampleMap' with GeneratedClass '/Game/FirstPersonBP/Maps/FirstPersonExampleMap.FirstPersonExampleMap_C' with ClassGeneratedBy '/Game/FirstPersonBP/Maps/FirstPersonExampleMap.FirstPersonExampleMap:PersistentLevel.FirstPersonExampleMap'
[2019.11.09-06.33.03:910][245]LogBlueprintUserMessages: Early EndPlayMap Detection: Level '/Game/FirstPersonBP/Maps/FirstPersonExampleMap.FirstPersonExampleMap:PersistentLevel' has LevelScriptBlueprint '/Game/FirstPersonBP/Maps/FirstPersonExampleMap.FirstPersonExampleMap:PersistentLevel.FirstPersonExampleMap' with GeneratedClass '/Game/FirstPersonBP/Maps/FirstPersonExampleMap.FirstPersonExampleMap_C' with ClassGeneratedBy '/Game/FirstPersonBP/Maps/FirstPersonExampleMap.FirstPersonExampleMap:PersistentLevel.FirstPersonExampleMap'
[2019.11.09-06.33.03:913][245]LogSlate: Updating window title bar state: overlay mode, drag disabled, window buttons hidden, title bar hidden
[2019.11.09-06.33.03:961][245]LogSlate: Window 'Mechanics_Sandbox Game Preview Standalone (64-bit/PCD3D_SM5)' being destroyed
[2019.11.09-06.33.04:058][245]LogPlayLevel: Display: Shutting down PIE online subsystems
[2019.11.09-06.33.04:059][245]LogBlueprintUserMessages: Late EndPlayMap Detection: Level '/Game/FirstPersonBP/Maps/FirstPersonExampleMap.FirstPersonExampleMap:PersistentLevel' has LevelScriptBlueprint '/Game/FirstPersonBP/Maps/FirstPersonExampleMap.FirstPersonExampleMap:PersistentLevel.FirstPersonExampleMap' with GeneratedClass '/Game/FirstPersonBP/Maps/FirstPersonExampleMap.FirstPersonExampleMap_C' with ClassGeneratedBy '/Game/FirstPersonBP/Maps/FirstPersonExampleMap.FirstPersonExampleMap:PersistentLevel.FirstPersonExampleMap'
[2019.11.09-06.33.04:190][245]LogUObjectHash: Compacting FUObjectHashTables data took   6.60ms
[2019.11.09-06.33.04:390][246]LogPlayLevel: Display: Destroying online subsystem :Context_62
[2019.11.09-06.33.48:183][478]LogTemp: Repeating last play command: New Editor Window (PIE)
[2019.11.09-06.33.48:252][478]LogBlueprintUserMessages: Early PlayInEditor Detection: Level '/Game/FirstPersonBP/Maps/FirstPersonExampleMap.FirstPersonExampleMap:PersistentLevel' has LevelScriptBlueprint '/Game/FirstPersonBP/Maps/FirstPersonExampleMap.FirstPersonExampleMap:PersistentLevel.FirstPersonExampleMap' with GeneratedClass '/Game/FirstPersonBP/Maps/FirstPersonExampleMap.FirstPersonExampleMap_C' with ClassGeneratedBy '/Game/FirstPersonBP/Maps/FirstPersonExampleMap.FirstPersonExampleMap:PersistentLevel.FirstPersonExampleMap'
[2019.11.09-06.33.48:254][478]BlueprintLog: New page: Pre-Play auto-recompile
[2019.11.09-06.33.48:256][478]LogPlayLevel: [PlayLevel] Compiling Teleporter before play...
[2019.11.09-06.33.49:035][478]LogUObjectHash: Compacting FUObjectHashTables data took   8.92ms
[2019.11.09-06.33.49:035][478]LogPlayLevel: PlayLevel: Blueprint regeneration took 781 ms (1 blueprints)
[2019.11.09-06.33.49:036][478]PIE: New page: PIE session: FirstPersonExampleMap (Nov 8, 2019, 2:33:49 PM)
[2019.11.09-06.33.49:037][478]LogPlayLevel: Creating play world package: /Game/FirstPersonBP/Maps/UEDPIE_0_FirstPersonExampleMap
[2019.11.09-06.33.49:078][478]LogPlayLevel: PIE: StaticDuplicateObject took: (0.041015s)
[2019.11.09-06.33.49:080][478]LogAIModule: Creating AISystem for world FirstPersonExampleMap
[2019.11.09-06.33.49:081][478]LogPlayLevel: PIE: World Init took: (0.002582s)
[2019.11.09-06.33.49:082][478]LogPlayLevel: PIE: Created PIE world by copying editor world from /Game/FirstPersonBP/Maps/FirstPersonExampleMap.FirstPersonExampleMap to /Game/FirstPersonBP/Maps/UEDPIE_0_FirstPersonExampleMap.FirstPersonExampleMap (0.045203s)
[2019.11.09-06.33.49:197][478]LogUObjectHash: Compacting FUObjectHashTables data took   6.54ms
[2019.11.09-06.33.49:271][478]LogInit: XAudio2 using 'Headset Earphone (SteelSeries Arctis 5 Chat)' : 2 channels at 48 kHz using 16 bits per sample (channel mask 0x3)
[2019.11.09-06.33.49:310][478]LogInit: FAudioDevice initialized.
[2019.11.09-06.33.49:328][478]LogSlate: Updating window title bar state: overlay mode, drag disabled, window buttons hidden, title bar hidden
[2019.11.09-06.33.49:369][478]LogLoad: Game class is 'FirstPersonGameMode_C'
[2019.11.09-06.33.49:385][478]LogWorld: Bringing World /Game/FirstPersonBP/Maps/UEDPIE_0_FirstPersonExampleMap.FirstPersonExampleMap up for play (max tick rate 60) at 2019.11.08-22.33.49
[2019.11.09-06.33.49:388][478]LogWorld: Bringing up level for play took: 0.017244
[2019.11.09-06.33.49:417][478]PIE: Play in editor start time for /Game/FirstPersonBP/Maps/UEDPIE_0_FirstPersonExampleMap 0.363
[2019.11.09-06.33.49:418][478]LogBlueprintUserMessages: Late PlayInEditor Detection: Level '/Game/FirstPersonBP/Maps/FirstPersonExampleMap.FirstPersonExampleMap:PersistentLevel' has LevelScriptBlueprint '/Game/FirstPersonBP/Maps/FirstPersonExampleMap.FirstPersonExampleMap:PersistentLevel.FirstPersonExampleMap' with GeneratedClass '/Game/FirstPersonBP/Maps/FirstPersonExampleMap.FirstPersonExampleMap_C' with ClassGeneratedBy '/Game/FirstPersonBP/Maps/FirstPersonExampleMap.FirstPersonExampleMap:PersistentLevel.FirstPersonExampleMap'
[2019.11.09-06.34.06:182][893]LogBlueprintUserMessages: Early EndPlayMap Detection: Level '/Game/FirstPersonBP/Maps/FirstPersonExampleMap.FirstPersonExampleMap:PersistentLevel' has LevelScriptBlueprint '/Game/FirstPersonBP/Maps/FirstPersonExampleMap.FirstPersonExampleMap:PersistentLevel.FirstPersonExampleMap' with GeneratedClass '/Game/FirstPersonBP/Maps/FirstPersonExampleMap.FirstPersonExampleMap_C' with ClassGeneratedBy '/Game/FirstPersonBP/Maps/FirstPersonExampleMap.FirstPersonExampleMap:PersistentLevel.FirstPersonExampleMap'
[2019.11.09-06.34.06:184][893]LogSlate: Updating window title bar state: overlay mode, drag disabled, window buttons hidden, title bar hidden
[2019.11.09-06.34.06:235][893]LogSlate: Window 'Mechanics_Sandbox Game Preview Standalone (64-bit/PCD3D_SM5)' being destroyed
[2019.11.09-06.34.06:311][893]LogPlayLevel: Display: Shutting down PIE online subsystems
[2019.11.09-06.34.06:312][893]LogBlueprintUserMessages: Late EndPlayMap Detection: Level '/Game/FirstPersonBP/Maps/FirstPersonExampleMap.FirstPersonExampleMap:PersistentLevel' has LevelScriptBlueprint '/Game/FirstPersonBP/Maps/FirstPersonExampleMap.FirstPersonExampleMap:PersistentLevel.FirstPersonExampleMap' with GeneratedClass '/Game/FirstPersonBP/Maps/FirstPersonExampleMap.FirstPersonExampleMap_C' with ClassGeneratedBy '/Game/FirstPersonBP/Maps/FirstPersonExampleMap.FirstPersonExampleMap:PersistentLevel.FirstPersonExampleMap'
[2019.11.09-06.34.06:460][893]LogUObjectHash: Compacting FUObjectHashTables data took   7.42ms
[2019.11.09-06.34.06:584][894]LogPlayLevel: Display: Destroying online subsystem :Context_63
[2019.11.09-06.34.41:531][961]BlueprintLog: New page: Compile Teleporter
[2019.11.09-06.34.42:178][961]LogUObjectHash: Compacting FUObjectHashTables data took   8.36ms
[2019.11.09-06.34.43:457][988]LogTemp: Repeating last play command: New Editor Window (PIE)
[2019.11.09-06.34.43:563][988]LogBlueprintUserMessages: Early PlayInEditor Detection: Level '/Game/FirstPersonBP/Maps/FirstPersonExampleMap.FirstPersonExampleMap:PersistentLevel' has LevelScriptBlueprint '/Game/FirstPersonBP/Maps/FirstPersonExampleMap.FirstPersonExampleMap:PersistentLevel.FirstPersonExampleMap' with GeneratedClass '/Game/FirstPersonBP/Maps/FirstPersonExampleMap.FirstPersonExampleMap_C' with ClassGeneratedBy '/Game/FirstPersonBP/Maps/FirstPersonExampleMap.FirstPersonExampleMap:PersistentLevel.FirstPersonExampleMap'
[2019.11.09-06.34.43:564][988]LogPlayLevel: PlayLevel: No blueprints needed recompiling
[2019.11.09-06.34.43:565][988]PIE: New page: PIE session: FirstPersonExampleMap (Nov 8, 2019, 2:34:43 PM)
[2019.11.09-06.34.43:565][988]LogPlayLevel: Creating play world package: /Game/FirstPersonBP/Maps/UEDPIE_0_FirstPersonExampleMap
[2019.11.09-06.34.43:627][988]LogPlayLevel: PIE: StaticDuplicateObject took: (0.061415s)
[2019.11.09-06.34.43:629][988]LogAIModule: Creating AISystem for world FirstPersonExampleMap
[2019.11.09-06.34.43:630][988]LogPlayLevel: PIE: World Init took: (0.001709s)
[2019.11.09-06.34.43:630][988]LogPlayLevel: PIE: Created PIE world by copying editor world from /Game/FirstPersonBP/Maps/FirstPersonExampleMap.FirstPersonExampleMap to /Game/FirstPersonBP/Maps/UEDPIE_0_FirstPersonExampleMap.FirstPersonExampleMap (0.064305s)
[2019.11.09-06.34.43:767][988]LogUObjectHash: Compacting FUObjectHashTables data took  15.79ms
[2019.11.09-06.34.43:843][988]LogInit: XAudio2 using 'Headset Earphone (SteelSeries Arctis 5 Chat)' : 2 channels at 48 kHz using 16 bits per sample (channel mask 0x3)
[2019.11.09-06.34.43:879][988]LogInit: FAudioDevice initialized.
[2019.11.09-06.34.43:901][988]LogSlate: Updating window title bar state: overlay mode, drag disabled, window buttons hidden, title bar hidden
[2019.11.09-06.34.43:948][988]LogLoad: Game class is 'FirstPersonGameMode_C'
[2019.11.09-06.34.43:968][988]LogWorld: Bringing World /Game/FirstPersonBP/Maps/UEDPIE_0_FirstPersonExampleMap.FirstPersonExampleMap up for play (max tick rate 60) at 2019.11.08-22.34.43
[2019.11.09-06.34.43:971][988]LogWorld: Bringing up level for play took: 0.019811
[2019.11.09-06.34.43:997][988]PIE: Play in editor start time for /Game/FirstPersonBP/Maps/UEDPIE_0_FirstPersonExampleMap 0.943
[2019.11.09-06.34.43:998][988]LogBlueprintUserMessages: Late PlayInEditor Detection: Level '/Game/FirstPersonBP/Maps/FirstPersonExampleMap.FirstPersonExampleMap:PersistentLevel' has LevelScriptBlueprint '/Game/FirstPersonBP/Maps/FirstPersonExampleMap.FirstPersonExampleMap:PersistentLevel.FirstPersonExampleMap' with GeneratedClass '/Game/FirstPersonBP/Maps/FirstPersonExampleMap.FirstPersonExampleMap_C' with ClassGeneratedBy '/Game/FirstPersonBP/Maps/FirstPersonExampleMap.FirstPersonExampleMap:PersistentLevel.FirstPersonExampleMap'
[2019.11.09-06.36.22:276][204]LogBlueprintUserMessages: Early EndPlayMap Detection: Level '/Game/FirstPersonBP/Maps/FirstPersonExampleMap.FirstPersonExampleMap:PersistentLevel' has LevelScriptBlueprint '/Game/FirstPersonBP/Maps/FirstPersonExampleMap.FirstPersonExampleMap:PersistentLevel.FirstPersonExampleMap' with GeneratedClass '/Game/FirstPersonBP/Maps/FirstPersonExampleMap.FirstPersonExampleMap_C' with ClassGeneratedBy '/Game/FirstPersonBP/Maps/FirstPersonExampleMap.FirstPersonExampleMap:PersistentLevel.FirstPersonExampleMap'
[2019.11.09-06.36.22:278][204]LogSlate: Updating window title bar state: overlay mode, drag disabled, window buttons hidden, title bar hidden
[2019.11.09-06.36.22:332][204]LogSlate: Window 'Mechanics_Sandbox Game Preview Standalone (64-bit/PCD3D_SM5)' being destroyed
[2019.11.09-06.36.22:437][204]LogPlayLevel: Display: Shutting down PIE online subsystems
[2019.11.09-06.36.22:439][204]LogBlueprintUserMessages: Late EndPlayMap Detection: Level '/Game/FirstPersonBP/Maps/FirstPersonExampleMap.FirstPersonExampleMap:PersistentLevel' has LevelScriptBlueprint '/Game/FirstPersonBP/Maps/FirstPersonExampleMap.FirstPersonExampleMap:PersistentLevel.FirstPersonExampleMap' with GeneratedClass '/Game/FirstPersonBP/Maps/FirstPersonExampleMap.FirstPersonExampleMap_C' with ClassGeneratedBy '/Game/FirstPersonBP/Maps/FirstPersonExampleMap.FirstPersonExampleMap:PersistentLevel.FirstPersonExampleMap'
[2019.11.09-06.36.22:592][204]LogUObjectHash: Compacting FUObjectHashTables data took   8.99ms
[2019.11.09-06.36.22:807][205]LogPlayLevel: Display: Destroying online subsystem :Context_64
[2019.11.09-06.36.27:270][325]LogTemp: Repeating last play command: New Editor Window (PIE)
[2019.11.09-06.36.27:332][325]LogBlueprintUserMessages: Early PlayInEditor Detection: Level '/Game/FirstPersonBP/Maps/FirstPersonExampleMap.FirstPersonExampleMap:PersistentLevel' has LevelScriptBlueprint '/Game/FirstPersonBP/Maps/FirstPersonExampleMap.FirstPersonExampleMap:PersistentLevel.FirstPersonExampleMap' with GeneratedClass '/Game/FirstPersonBP/Maps/FirstPersonExampleMap.FirstPersonExampleMap_C' with ClassGeneratedBy '/Game/FirstPersonBP/Maps/FirstPersonExampleMap.FirstPersonExampleMap:PersistentLevel.FirstPersonExampleMap'
[2019.11.09-06.36.27:334][325]BlueprintLog: New page: Pre-Play auto-recompile
[2019.11.09-06.36.27:337][325]LogPlayLevel: [PlayLevel] Compiling Teleporter before play...
[2019.11.09-06.36.28:091][325]LogUObjectHash: Compacting FUObjectHashTables data took  11.15ms
[2019.11.09-06.36.28:092][325]LogPlayLevel: PlayLevel: Blueprint regeneration took 757 ms (1 blueprints)
[2019.11.09-06.36.28:092][325]PIE: New page: PIE session: FirstPersonExampleMap (Nov 8, 2019, 2:36:28 PM)
[2019.11.09-06.36.28:093][325]LogPlayLevel: Creating play world package: /Game/FirstPersonBP/Maps/UEDPIE_0_FirstPersonExampleMap
[2019.11.09-06.36.28:135][325]LogPlayLevel: PIE: StaticDuplicateObject took: (0.042579s)
[2019.11.09-06.36.28:138][325]LogAIModule: Creating AISystem for world FirstPersonExampleMap
[2019.11.09-06.36.28:139][325]LogPlayLevel: PIE: World Init took: (0.003235s)
[2019.11.09-06.36.28:140][325]LogPlayLevel: PIE: Created PIE world by copying editor world from /Game/FirstPersonBP/Maps/FirstPersonExampleMap.FirstPersonExampleMap to /Game/FirstPersonBP/Maps/UEDPIE_0_FirstPersonExampleMap.FirstPersonExampleMap (0.047585s)
[2019.11.09-06.36.28:250][325]LogUObjectHash: Compacting FUObjectHashTables data took   7.11ms
[2019.11.09-06.36.28:318][325]LogInit: XAudio2 using 'Headset Earphone (SteelSeries Arctis 5 Chat)' : 2 channels at 48 kHz using 16 bits per sample (channel mask 0x3)
[2019.11.09-06.36.28:362][325]LogInit: FAudioDevice initialized.
[2019.11.09-06.36.28:386][325]LogSlate: Updating window title bar state: overlay mode, drag disabled, window buttons hidden, title bar hidden
[2019.11.09-06.36.28:437][325]LogLoad: Game class is 'FirstPersonGameMode_C'
[2019.11.09-06.36.28:459][325]LogWorld: Bringing World /Game/FirstPersonBP/Maps/UEDPIE_0_FirstPersonExampleMap.FirstPersonExampleMap up for play (max tick rate 60) at 2019.11.08-22.36.28
[2019.11.09-06.36.28:463][325]LogWorld: Bringing up level for play took: 0.022596
[2019.11.09-06.36.28:494][325]PIE: Play in editor start time for /Game/FirstPersonBP/Maps/UEDPIE_0_FirstPersonExampleMap 1.44
[2019.11.09-06.36.28:495][325]LogBlueprintUserMessages: Late PlayInEditor Detection: Level '/Game/FirstPersonBP/Maps/FirstPersonExampleMap.FirstPersonExampleMap:PersistentLevel' has LevelScriptBlueprint '/Game/FirstPersonBP/Maps/FirstPersonExampleMap.FirstPersonExampleMap:PersistentLevel.FirstPersonExampleMap' with GeneratedClass '/Game/FirstPersonBP/Maps/FirstPersonExampleMap.FirstPersonExampleMap_C' with ClassGeneratedBy '/Game/FirstPersonBP/Maps/FirstPersonExampleMap.FirstPersonExampleMap:PersistentLevel.FirstPersonExampleMap'
[2019.11.09-06.36.40:903][607]LogBlueprintUserMessages: Early EndPlayMap Detection: Level '/Game/FirstPersonBP/Maps/FirstPersonExampleMap.FirstPersonExampleMap:PersistentLevel' has LevelScriptBlueprint '/Game/FirstPersonBP/Maps/FirstPersonExampleMap.FirstPersonExampleMap:PersistentLevel.FirstPersonExampleMap' with GeneratedClass '/Game/FirstPersonBP/Maps/FirstPersonExampleMap.FirstPersonExampleMap_C' with ClassGeneratedBy '/Game/FirstPersonBP/Maps/FirstPersonExampleMap.FirstPersonExampleMap:PersistentLevel.FirstPersonExampleMap'
[2019.11.09-06.36.40:905][607]LogSlate: Updating window title bar state: overlay mode, drag disabled, window buttons hidden, title bar hidden
[2019.11.09-06.36.40:954][607]LogSlate: Window 'Mechanics_Sandbox Game Preview Standalone (64-bit/PCD3D_SM5)' being destroyed
[2019.11.09-06.36.41:034][607]LogPlayLevel: Display: Shutting down PIE online subsystems
[2019.11.09-06.36.41:035][607]LogBlueprintUserMessages: Late EndPlayMap Detection: Level '/Game/FirstPersonBP/Maps/FirstPersonExampleMap.FirstPersonExampleMap:PersistentLevel' has LevelScriptBlueprint '/Game/FirstPersonBP/Maps/FirstPersonExampleMap.FirstPersonExampleMap:PersistentLevel.FirstPersonExampleMap' with GeneratedClass '/Game/FirstPersonBP/Maps/FirstPersonExampleMap.FirstPersonExampleMap_C' with ClassGeneratedBy '/Game/FirstPersonBP/Maps/FirstPersonExampleMap.FirstPersonExampleMap:PersistentLevel.FirstPersonExampleMap'
[2019.11.09-06.36.41:192][607]LogUObjectHash: Compacting FUObjectHashTables data took   7.84ms
[2019.11.09-06.36.41:340][608]LogPlayLevel: Display: Destroying online subsystem :Context_65
[2019.11.09-06.37.27:917][868]LogTemp: Repeating last play command: New Editor Window (PIE)
[2019.11.09-06.37.28:049][868]LogBlueprintUserMessages: Early PlayInEditor Detection: Level '/Game/FirstPersonBP/Maps/FirstPersonExampleMap.FirstPersonExampleMap:PersistentLevel' has LevelScriptBlueprint '/Game/FirstPersonBP/Maps/FirstPersonExampleMap.FirstPersonExampleMap:PersistentLevel.FirstPersonExampleMap' with GeneratedClass '/Game/FirstPersonBP/Maps/FirstPersonExampleMap.FirstPersonExampleMap_C' with ClassGeneratedBy '/Game/FirstPersonBP/Maps/FirstPersonExampleMap.FirstPersonExampleMap:PersistentLevel.FirstPersonExampleMap'
[2019.11.09-06.37.28:051][868]BlueprintLog: New page: Pre-Play auto-recompile
[2019.11.09-06.37.28:053][868]LogPlayLevel: [PlayLevel] Compiling Teleporter before play...
[2019.11.09-06.37.28:890][868]LogUObjectHash: Compacting FUObjectHashTables data took  10.21ms
[2019.11.09-06.37.28:891][868]LogPlayLevel: PlayLevel: Blueprint regeneration took 840 ms (1 blueprints)
[2019.11.09-06.37.28:891][868]PIE: New page: PIE session: FirstPersonExampleMap (Nov 8, 2019, 2:37:28 PM)
[2019.11.09-06.37.28:892][868]LogPlayLevel: Creating play world package: /Game/FirstPersonBP/Maps/UEDPIE_0_FirstPersonExampleMap
[2019.11.09-06.37.28:933][868]LogPlayLevel: PIE: StaticDuplicateObject took: (0.041139s)
[2019.11.09-06.37.28:935][868]LogAIModule: Creating AISystem for world FirstPersonExampleMap
[2019.11.09-06.37.28:935][868]LogPlayLevel: PIE: World Init took: (0.001779s)
[2019.11.09-06.37.28:936][868]LogPlayLevel: PIE: Created PIE world by copying editor world from /Game/FirstPersonBP/Maps/FirstPersonExampleMap.FirstPersonExampleMap to /Game/FirstPersonBP/Maps/UEDPIE_0_FirstPersonExampleMap.FirstPersonExampleMap (0.044266s)
[2019.11.09-06.37.29:058][868]LogUObjectHash: Compacting FUObjectHashTables data took   6.72ms
[2019.11.09-06.37.29:134][868]LogInit: XAudio2 using 'Headset Earphone (SteelSeries Arctis 5 Chat)' : 2 channels at 48 kHz using 16 bits per sample (channel mask 0x3)
[2019.11.09-06.37.29:173][868]LogInit: FAudioDevice initialized.
[2019.11.09-06.37.29:192][868]LogSlate: Updating window title bar state: overlay mode, drag disabled, window buttons hidden, title bar hidden
[2019.11.09-06.37.29:234][868]LogLoad: Game class is 'FirstPersonGameMode_C'
[2019.11.09-06.37.29:251][868]LogWorld: Bringing World /Game/FirstPersonBP/Maps/UEDPIE_0_FirstPersonExampleMap.FirstPersonExampleMap up for play (max tick rate 60) at 2019.11.08-22.37.29
[2019.11.09-06.37.29:254][868]LogWorld: Bringing up level for play took: 0.017363
[2019.11.09-06.37.29:276][868]PIE: Play in editor start time for /Game/FirstPersonBP/Maps/UEDPIE_0_FirstPersonExampleMap 2.222
[2019.11.09-06.37.29:277][868]LogBlueprintUserMessages: Late PlayInEditor Detection: Level '/Game/FirstPersonBP/Maps/FirstPersonExampleMap.FirstPersonExampleMap:PersistentLevel' has LevelScriptBlueprint '/Game/FirstPersonBP/Maps/FirstPersonExampleMap.FirstPersonExampleMap:PersistentLevel.FirstPersonExampleMap' with GeneratedClass '/Game/FirstPersonBP/Maps/FirstPersonExampleMap.FirstPersonExampleMap_C' with ClassGeneratedBy '/Game/FirstPersonBP/Maps/FirstPersonExampleMap.FirstPersonExampleMap:PersistentLevel.FirstPersonExampleMap'
[2019.11.09-06.37.36:698][ 42]LogBlueprintUserMessages: Early EndPlayMap Detection: Level '/Game/FirstPersonBP/Maps/FirstPersonExampleMap.FirstPersonExampleMap:PersistentLevel' has LevelScriptBlueprint '/Game/FirstPersonBP/Maps/FirstPersonExampleMap.FirstPersonExampleMap:PersistentLevel.FirstPersonExampleMap' with GeneratedClass '/Game/FirstPersonBP/Maps/FirstPersonExampleMap.FirstPersonExampleMap_C' with ClassGeneratedBy '/Game/FirstPersonBP/Maps/FirstPersonExampleMap.FirstPersonExampleMap:PersistentLevel.FirstPersonExampleMap'
[2019.11.09-06.37.36:700][ 42]LogSlate: Updating window title bar state: overlay mode, drag disabled, window buttons hidden, title bar hidden
[2019.11.09-06.37.36:750][ 42]LogSlate: Window 'Mechanics_Sandbox Game Preview Standalone (64-bit/PCD3D_SM5)' being destroyed
[2019.11.09-06.37.36:816][ 42]LogPlayLevel: Display: Shutting down PIE online subsystems
[2019.11.09-06.37.36:817][ 42]LogBlueprintUserMessages: Late EndPlayMap Detection: Level '/Game/FirstPersonBP/Maps/FirstPersonExampleMap.FirstPersonExampleMap:PersistentLevel' has LevelScriptBlueprint '/Game/FirstPersonBP/Maps/FirstPersonExampleMap.FirstPersonExampleMap:PersistentLevel.FirstPersonExampleMap' with GeneratedClass '/Game/FirstPersonBP/Maps/FirstPersonExampleMap.FirstPersonExampleMap_C' with ClassGeneratedBy '/Game/FirstPersonBP/Maps/FirstPersonExampleMap.FirstPersonExampleMap:PersistentLevel.FirstPersonExampleMap'
[2019.11.09-06.37.36:965][ 42]LogUObjectHash: Compacting FUObjectHashTables data took   6.95ms
[2019.11.09-06.37.37:101][ 43]LogPlayLevel: Display: Destroying online subsystem :Context_66
[2019.11.09-06.37.40:309][134]LogTemp: Repeating last play command: New Editor Window (PIE)
[2019.11.09-06.37.40:414][134]LogBlueprintUserMessages: Early PlayInEditor Detection: Level '/Game/FirstPersonBP/Maps/FirstPersonExampleMap.FirstPersonExampleMap:PersistentLevel' has LevelScriptBlueprint '/Game/FirstPersonBP/Maps/FirstPersonExampleMap.FirstPersonExampleMap:PersistentLevel.FirstPersonExampleMap' with GeneratedClass '/Game/FirstPersonBP/Maps/FirstPersonExampleMap.FirstPersonExampleMap_C' with ClassGeneratedBy '/Game/FirstPersonBP/Maps/FirstPersonExampleMap.FirstPersonExampleMap:PersistentLevel.FirstPersonExampleMap'
[2019.11.09-06.37.40:415][134]LogPlayLevel: PlayLevel: No blueprints needed recompiling
[2019.11.09-06.37.40:416][134]PIE: New page: PIE session: FirstPersonExampleMap (Nov 8, 2019, 2:37:40 PM)
[2019.11.09-06.37.40:416][134]LogPlayLevel: Creating play world package: /Game/FirstPersonBP/Maps/UEDPIE_0_FirstPersonExampleMap
[2019.11.09-06.37.40:459][134]LogPlayLevel: PIE: StaticDuplicateObject took: (0.042456s)
[2019.11.09-06.37.40:461][134]LogAIModule: Creating AISystem for world FirstPersonExampleMap
[2019.11.09-06.37.40:462][134]LogPlayLevel: PIE: World Init took: (0.002187s)
[2019.11.09-06.37.40:463][134]LogPlayLevel: PIE: Created PIE world by copying editor world from /Game/FirstPersonBP/Maps/FirstPersonExampleMap.FirstPersonExampleMap to /Game/FirstPersonBP/Maps/UEDPIE_0_FirstPersonExampleMap.FirstPersonExampleMap (0.046108s)
[2019.11.09-06.37.40:574][134]LogUObjectHash: Compacting FUObjectHashTables data took   5.43ms
[2019.11.09-06.37.40:645][134]LogInit: XAudio2 using 'Headset Earphone (SteelSeries Arctis 5 Chat)' : 2 channels at 48 kHz using 16 bits per sample (channel mask 0x3)
[2019.11.09-06.37.40:682][134]LogInit: FAudioDevice initialized.
[2019.11.09-06.37.40:702][134]LogSlate: Updating window title bar state: overlay mode, drag disabled, window buttons hidden, title bar hidden
[2019.11.09-06.37.40:742][134]LogLoad: Game class is 'FirstPersonGameMode_C'
[2019.11.09-06.37.40:757][134]LogWorld: Bringing World /Game/FirstPersonBP/Maps/UEDPIE_0_FirstPersonExampleMap.FirstPersonExampleMap up for play (max tick rate 60) at 2019.11.08-22.37.40
[2019.11.09-06.37.40:760][134]LogWorld: Bringing up level for play took: 0.014692
[2019.11.09-06.37.40:785][134]PIE: Play in editor start time for /Game/FirstPersonBP/Maps/UEDPIE_0_FirstPersonExampleMap -0.269
[2019.11.09-06.37.40:786][134]LogBlueprintUserMessages: Late PlayInEditor Detection: Level '/Game/FirstPersonBP/Maps/FirstPersonExampleMap.FirstPersonExampleMap:PersistentLevel' has LevelScriptBlueprint '/Game/FirstPersonBP/Maps/FirstPersonExampleMap.FirstPersonExampleMap:PersistentLevel.FirstPersonExampleMap' with GeneratedClass '/Game/FirstPersonBP/Maps/FirstPersonExampleMap.FirstPersonExampleMap_C' with ClassGeneratedBy '/Game/FirstPersonBP/Maps/FirstPersonExampleMap.FirstPersonExampleMap:PersistentLevel.FirstPersonExampleMap'
[2019.11.09-06.38.05:918][722]LogBlueprintUserMessages: Early EndPlayMap Detection: Level '/Game/FirstPersonBP/Maps/FirstPersonExampleMap.FirstPersonExampleMap:PersistentLevel' has LevelScriptBlueprint '/Game/FirstPersonBP/Maps/FirstPersonExampleMap.FirstPersonExampleMap:PersistentLevel.FirstPersonExampleMap' with GeneratedClass '/Game/FirstPersonBP/Maps/FirstPersonExampleMap.FirstPersonExampleMap_C' with ClassGeneratedBy '/Game/FirstPersonBP/Maps/FirstPersonExampleMap.FirstPersonExampleMap:PersistentLevel.FirstPersonExampleMap'
[2019.11.09-06.38.05:921][722]LogSlate: Updating window title bar state: overlay mode, drag disabled, window buttons hidden, title bar hidden
[2019.11.09-06.38.05:978][722]LogSlate: Window 'Mechanics_Sandbox Game Preview Standalone (64-bit/PCD3D_SM5)' being destroyed
[2019.11.09-06.38.06:069][722]LogPlayLevel: Display: Shutting down PIE online subsystems
[2019.11.09-06.38.06:070][722]LogBlueprintUserMessages: Late EndPlayMap Detection: Level '/Game/FirstPersonBP/Maps/FirstPersonExampleMap.FirstPersonExampleMap:PersistentLevel' has LevelScriptBlueprint '/Game/FirstPersonBP/Maps/FirstPersonExampleMap.FirstPersonExampleMap:PersistentLevel.FirstPersonExampleMap' with GeneratedClass '/Game/FirstPersonBP/Maps/FirstPersonExampleMap.FirstPersonExampleMap_C' with ClassGeneratedBy '/Game/FirstPersonBP/Maps/FirstPersonExampleMap.FirstPersonExampleMap:PersistentLevel.FirstPersonExampleMap'
[2019.11.09-06.38.06:221][722]LogUObjectHash: Compacting FUObjectHashTables data took  12.82ms
[2019.11.09-06.38.06:417][723]LogPlayLevel: Display: Destroying online subsystem :Context_67
[2019.11.09-06.38.30:411][391]LogSlate: Window 'Delete Variable' being destroyed
[2019.11.09-06.38.36:872][567]BlueprintLog: New page: Compile Teleporter
[2019.11.09-06.38.37:542][567]LogUObjectHash: Compacting FUObjectHashTables data took   9.73ms
[2019.11.09-06.38.51:343][972]LogTemp: Repeating last play command: New Editor Window (PIE)
[2019.11.09-06.38.51:422][972]LogBlueprintUserMessages: Early PlayInEditor Detection: Level '/Game/FirstPersonBP/Maps/FirstPersonExampleMap.FirstPersonExampleMap:PersistentLevel' has LevelScriptBlueprint '/Game/FirstPersonBP/Maps/FirstPersonExampleMap.FirstPersonExampleMap:PersistentLevel.FirstPersonExampleMap' with GeneratedClass '/Game/FirstPersonBP/Maps/FirstPersonExampleMap.FirstPersonExampleMap_C' with ClassGeneratedBy '/Game/FirstPersonBP/Maps/FirstPersonExampleMap.FirstPersonExampleMap:PersistentLevel.FirstPersonExampleMap'
[2019.11.09-06.38.51:424][972]BlueprintLog: New page: Pre-Play auto-recompile
[2019.11.09-06.38.51:426][972]LogPlayLevel: [PlayLevel] Compiling Teleporter before play...
[2019.11.09-06.38.52:138][972]LogUObjectHash: Compacting FUObjectHashTables data took   9.17ms
[2019.11.09-06.38.52:139][972]LogPlayLevel: PlayLevel: Blueprint regeneration took 715 ms (1 blueprints)
[2019.11.09-06.38.52:140][972]PIE: New page: PIE session: FirstPersonExampleMap (Nov 8, 2019, 2:38:52 PM)
[2019.11.09-06.38.52:140][972]LogPlayLevel: Creating play world package: /Game/FirstPersonBP/Maps/UEDPIE_0_FirstPersonExampleMap
[2019.11.09-06.38.52:182][972]LogPlayLevel: PIE: StaticDuplicateObject took: (0.041013s)
[2019.11.09-06.38.52:184][972]LogAIModule: Creating AISystem for world FirstPersonExampleMap
[2019.11.09-06.38.52:185][972]LogPlayLevel: PIE: World Init took: (0.001993s)
[2019.11.09-06.38.52:185][972]LogPlayLevel: PIE: Created PIE world by copying editor world from /Game/FirstPersonBP/Maps/FirstPersonExampleMap.FirstPersonExampleMap to /Game/FirstPersonBP/Maps/UEDPIE_0_FirstPersonExampleMap.FirstPersonExampleMap (0.044497s)
[2019.11.09-06.38.52:293][972]LogUObjectHash: Compacting FUObjectHashTables data took   5.72ms
[2019.11.09-06.38.52:362][972]LogInit: XAudio2 using 'Headset Earphone (SteelSeries Arctis 5 Chat)' : 2 channels at 48 kHz using 16 bits per sample (channel mask 0x3)
[2019.11.09-06.38.52:402][972]LogInit: FAudioDevice initialized.
[2019.11.09-06.38.52:425][972]LogSlate: Updating window title bar state: overlay mode, drag disabled, window buttons hidden, title bar hidden
[2019.11.09-06.38.52:470][972]LogLoad: Game class is 'FirstPersonGameMode_C'
[2019.11.09-06.38.52:488][972]LogWorld: Bringing World /Game/FirstPersonBP/Maps/UEDPIE_0_FirstPersonExampleMap.FirstPersonExampleMap up for play (max tick rate 60) at 2019.11.08-22.38.52
[2019.11.09-06.38.52:492][972]LogWorld: Bringing up level for play took: 0.017291
[2019.11.09-06.38.52:519][972]PIE: Play in editor start time for /Game/FirstPersonBP/Maps/UEDPIE_0_FirstPersonExampleMap 1.465
[2019.11.09-06.38.52:520][972]LogBlueprintUserMessages: Late PlayInEditor Detection: Level '/Game/FirstPersonBP/Maps/FirstPersonExampleMap.FirstPersonExampleMap:PersistentLevel' has LevelScriptBlueprint '/Game/FirstPersonBP/Maps/FirstPersonExampleMap.FirstPersonExampleMap:PersistentLevel.FirstPersonExampleMap' with GeneratedClass '/Game/FirstPersonBP/Maps/FirstPersonExampleMap.FirstPersonExampleMap_C' with ClassGeneratedBy '/Game/FirstPersonBP/Maps/FirstPersonExampleMap.FirstPersonExampleMap:PersistentLevel.FirstPersonExampleMap'
[2019.11.09-06.38.56:354][ 60]LogBlueprintUserMessages: Early EndPlayMap Detection: Level '/Game/FirstPersonBP/Maps/FirstPersonExampleMap.FirstPersonExampleMap:PersistentLevel' has LevelScriptBlueprint '/Game/FirstPersonBP/Maps/FirstPersonExampleMap.FirstPersonExampleMap:PersistentLevel.FirstPersonExampleMap' with GeneratedClass '/Game/FirstPersonBP/Maps/FirstPersonExampleMap.FirstPersonExampleMap_C' with ClassGeneratedBy '/Game/FirstPersonBP/Maps/FirstPersonExampleMap.FirstPersonExampleMap:PersistentLevel.FirstPersonExampleMap'
[2019.11.09-06.38.56:357][ 60]LogSlate: Updating window title bar state: overlay mode, drag disabled, window buttons hidden, title bar hidden
[2019.11.09-06.38.56:407][ 60]LogSlate: Window 'Mechanics_Sandbox Game Preview Standalone (64-bit/PCD3D_SM5)' being destroyed
[2019.11.09-06.38.56:479][ 60]LogPlayLevel: Display: Shutting down PIE online subsystems
[2019.11.09-06.38.56:480][ 60]LogBlueprintUserMessages: Late EndPlayMap Detection: Level '/Game/FirstPersonBP/Maps/FirstPersonExampleMap.FirstPersonExampleMap:PersistentLevel' has LevelScriptBlueprint '/Game/FirstPersonBP/Maps/FirstPersonExampleMap.FirstPersonExampleMap:PersistentLevel.FirstPersonExampleMap' with GeneratedClass '/Game/FirstPersonBP/Maps/FirstPersonExampleMap.FirstPersonExampleMap_C' with ClassGeneratedBy '/Game/FirstPersonBP/Maps/FirstPersonExampleMap.FirstPersonExampleMap:PersistentLevel.FirstPersonExampleMap'
[2019.11.09-06.38.56:627][ 60]LogUObjectHash: Compacting FUObjectHashTables data took   6.22ms
[2019.11.09-06.38.56:761][ 61]LogPlayLevel: Display: Destroying online subsystem :Context_68
[2019.11.09-06.39.16:335][663]LogEditorTransaction: Undo Remove Execution Pin
[2019.11.09-06.39.16:626][666]LogEditorTransaction: Undo Delete current selection
[2019.11.09-06.39.16:875][668]LogEditorTransaction: Undo Delete current selection
[2019.11.09-06.39.17:221][674]LogEditorTransaction: Undo Remove Variable
[2019.11.09-06.39.17:476][676]LogEditorTransaction: Undo Break Pin Link
[2019.11.09-06.39.17:743][678]LogEditorTransaction: Undo Break Pin Link
[2019.11.09-06.39.18:046][682]LogEditorTransaction: Undo Create Pin Link
[2019.11.09-06.39.18:659][694]LogEditorTransaction: Undo Move Node
[2019.11.09-06.39.20:457][742]LogEditorTransaction: Redo Move Node
[2019.11.09-06.39.20:693][744]LogEditorTransaction: Redo Create Pin Link
[2019.11.09-06.39.20:965][747]LogEditorTransaction: Redo Break Pin Link
[2019.11.09-06.39.21:239][750]LogEditorTransaction: Redo Break Pin Link
[2019.11.09-06.39.21:531][754]LogEditorTransaction: Redo Remove Variable
[2019.11.09-06.39.21:776][756]LogEditorTransaction: Redo Delete current selection
[2019.11.09-06.39.22:011][758]LogEditorTransaction: Redo Delete current selection
[2019.11.09-06.39.22:300][762]LogEditorTransaction: Redo Remove Execution Pin
[2019.11.09-06.39.30:989][974]LogSlate: Window 'Delete Variable' being destroyed
[2019.11.09-06.39.34:989][ 76]BlueprintLog: New page: Compile Teleporter
[2019.11.09-06.39.35:683][ 76]LogUObjectHash: Compacting FUObjectHashTables data took  11.21ms
[2019.11.09-06.39.41:668][243]LogTemp: Repeating last play command: New Editor Window (PIE)
[2019.11.09-06.39.41:744][243]LogBlueprintUserMessages: Early PlayInEditor Detection: Level '/Game/FirstPersonBP/Maps/FirstPersonExampleMap.FirstPersonExampleMap:PersistentLevel' has LevelScriptBlueprint '/Game/FirstPersonBP/Maps/FirstPersonExampleMap.FirstPersonExampleMap:PersistentLevel.FirstPersonExampleMap' with GeneratedClass '/Game/FirstPersonBP/Maps/FirstPersonExampleMap.FirstPersonExampleMap_C' with ClassGeneratedBy '/Game/FirstPersonBP/Maps/FirstPersonExampleMap.FirstPersonExampleMap:PersistentLevel.FirstPersonExampleMap'
[2019.11.09-06.39.41:746][243]BlueprintLog: New page: Pre-Play auto-recompile
[2019.11.09-06.39.41:750][243]LogPlayLevel: [PlayLevel] Compiling Teleporter before play...
[2019.11.09-06.39.42:460][243]LogUObjectHash: Compacting FUObjectHashTables data took  10.29ms
[2019.11.09-06.39.42:460][243]LogPlayLevel: PlayLevel: Blueprint regeneration took 714 ms (1 blueprints)
[2019.11.09-06.39.42:461][243]PIE: New page: PIE session: FirstPersonExampleMap (Nov 8, 2019, 2:39:42 PM)
[2019.11.09-06.39.42:461][243]LogPlayLevel: Creating play world package: /Game/FirstPersonBP/Maps/UEDPIE_0_FirstPersonExampleMap
[2019.11.09-06.39.42:503][243]LogPlayLevel: PIE: StaticDuplicateObject took: (0.041155s)
[2019.11.09-06.39.42:505][243]LogAIModule: Creating AISystem for world FirstPersonExampleMap
[2019.11.09-06.39.42:506][243]LogPlayLevel: PIE: World Init took: (0.003067s)
[2019.11.09-06.39.42:507][243]LogPlayLevel: PIE: Created PIE world by copying editor world from /Game/FirstPersonBP/Maps/FirstPersonExampleMap.FirstPersonExampleMap to /Game/FirstPersonBP/Maps/UEDPIE_0_FirstPersonExampleMap.FirstPersonExampleMap (0.045411s)
[2019.11.09-06.39.42:618][243]LogUObjectHash: Compacting FUObjectHashTables data took   6.07ms
[2019.11.09-06.39.42:687][243]LogInit: XAudio2 using 'Headset Earphone (SteelSeries Arctis 5 Chat)' : 2 channels at 48 kHz using 16 bits per sample (channel mask 0x3)
[2019.11.09-06.39.42:727][243]LogInit: FAudioDevice initialized.
[2019.11.09-06.39.42:758][243]LogSlate: Updating window title bar state: overlay mode, drag disabled, window buttons hidden, title bar hidden
[2019.11.09-06.39.42:801][243]LogLoad: Game class is 'FirstPersonGameMode_C'
[2019.11.09-06.39.42:817][243]LogWorld: Bringing World /Game/FirstPersonBP/Maps/UEDPIE_0_FirstPersonExampleMap.FirstPersonExampleMap up for play (max tick rate 60) at 2019.11.08-22.39.42
[2019.11.09-06.39.42:821][243]LogWorld: Bringing up level for play took: 0.016699
[2019.11.09-06.39.42:843][243]PIE: Play in editor start time for /Game/FirstPersonBP/Maps/UEDPIE_0_FirstPersonExampleMap 1.789
[2019.11.09-06.39.42:845][243]LogBlueprintUserMessages: Late PlayInEditor Detection: Level '/Game/FirstPersonBP/Maps/FirstPersonExampleMap.FirstPersonExampleMap:PersistentLevel' has LevelScriptBlueprint '/Game/FirstPersonBP/Maps/FirstPersonExampleMap.FirstPersonExampleMap:PersistentLevel.FirstPersonExampleMap' with GeneratedClass '/Game/FirstPersonBP/Maps/FirstPersonExampleMap.FirstPersonExampleMap_C' with ClassGeneratedBy '/Game/FirstPersonBP/Maps/FirstPersonExampleMap.FirstPersonExampleMap:PersistentLevel.FirstPersonExampleMap'
[2019.11.09-06.39.48:268][378]LogBlueprintUserMessages: Early EndPlayMap Detection: Level '/Game/FirstPersonBP/Maps/FirstPersonExampleMap.FirstPersonExampleMap:PersistentLevel' has LevelScriptBlueprint '/Game/FirstPersonBP/Maps/FirstPersonExampleMap.FirstPersonExampleMap:PersistentLevel.FirstPersonExampleMap' with GeneratedClass '/Game/FirstPersonBP/Maps/FirstPersonExampleMap.FirstPersonExampleMap_C' with ClassGeneratedBy '/Game/FirstPersonBP/Maps/FirstPersonExampleMap.FirstPersonExampleMap:PersistentLevel.FirstPersonExampleMap'
[2019.11.09-06.39.48:271][378]LogSlate: Updating window title bar state: overlay mode, drag disabled, window buttons hidden, title bar hidden
[2019.11.09-06.39.48:323][378]LogSlate: Window 'Mechanics_Sandbox Game Preview Standalone (64-bit/PCD3D_SM5)' being destroyed
[2019.11.09-06.39.48:403][378]LogPlayLevel: Display: Shutting down PIE online subsystems
[2019.11.09-06.39.48:404][378]LogBlueprintUserMessages: Late EndPlayMap Detection: Level '/Game/FirstPersonBP/Maps/FirstPersonExampleMap.FirstPersonExampleMap:PersistentLevel' has LevelScriptBlueprint '/Game/FirstPersonBP/Maps/FirstPersonExampleMap.FirstPersonExampleMap:PersistentLevel.FirstPersonExampleMap' with GeneratedClass '/Game/FirstPersonBP/Maps/FirstPersonExampleMap.FirstPersonExampleMap_C' with ClassGeneratedBy '/Game/FirstPersonBP/Maps/FirstPersonExampleMap.FirstPersonExampleMap:PersistentLevel.FirstPersonExampleMap'
[2019.11.09-06.39.48:572][378]LogUObjectHash: Compacting FUObjectHashTables data took  10.96ms
[2019.11.09-06.39.48:730][379]LogPlayLevel: Display: Destroying online subsystem :Context_69
[2019.11.09-06.39.50:563][432]BlueprintLog: New page: Compile Teleporter
[2019.11.09-06.39.51:209][432]LogUObjectHash: Compacting FUObjectHashTables data took   9.48ms
[2019.11.09-06.39.51:947][447]LogUObjectHash: Compacting FUObjectHashTables data took  10.38ms
[2019.11.09-06.39.52:091][447]LogUObjectHash: Compacting FUObjectHashTables data took   2.64ms
[2019.11.09-06.39.53:190][447]LogSavePackage: Moving 'C:/Users/danny/Desktop/Systems_Sandbox/Mechanics_Sandbox/Saved/FirstPersonExampleMap56331F0E4109159AB891E08DBDE18FF5.tmp' to 'C:/Users/danny/Desktop/Systems_Sandbox/Mechanics_Sandbox/Content/FirstPersonBP/Maps/FirstPersonExampleMap.umap'
[2019.11.09-06.39.53:323][447]LogFileHelpers: Saving map 'FirstPersonExampleMap' took 1.339
[2019.11.09-06.39.53:378][447]Cmd: OBJ SAVEPACKAGE PACKAGE="/Game/Teleporter/Teleporter" FILE="C:/Users/danny/Desktop/Systems_Sandbox/Mechanics_Sandbox/Content/Teleporter/Teleporter.uasset" SILENT=true
[2019.11.09-06.39.53:591][447]LogSavePackage: Moving 'C:/Users/danny/Desktop/Systems_Sandbox/Mechanics_Sandbox/Saved/Teleporter5477F45C4FFD1D34118B7DB74619F345.tmp' to 'C:/Users/danny/Desktop/Systems_Sandbox/Mechanics_Sandbox/Content/Teleporter/Teleporter.uasset'
[2019.11.09-06.40.18:126][ 82]LogSlate: FSceneViewport::OnFocusLost() reason 0
[2019.11.09-06.40.29:882][403]BlueprintLog: New page: Compile Teleporter
[2019.11.09-06.40.30:532][403]LogUObjectHash: Compacting FUObjectHashTables data took  11.38ms
[2019.11.09-06.42.12:948][488]BlueprintLog: New page: Compile Teleporter
[2019.11.09-06.42.13:682][488]LogUObjectHash: Compacting FUObjectHashTables data took  11.51ms
[2019.11.09-06.42.14:683][512]LogTemp: Repeating last play command: New Editor Window (PIE)
[2019.11.09-06.42.14:779][512]LogBlueprintUserMessages: Early PlayInEditor Detection: Level '/Game/FirstPersonBP/Maps/FirstPersonExampleMap.FirstPersonExampleMap:PersistentLevel' has LevelScriptBlueprint '/Game/FirstPersonBP/Maps/FirstPersonExampleMap.FirstPersonExampleMap:PersistentLevel.FirstPersonExampleMap' with GeneratedClass '/Game/FirstPersonBP/Maps/FirstPersonExampleMap.FirstPersonExampleMap_C' with ClassGeneratedBy '/Game/FirstPersonBP/Maps/FirstPersonExampleMap.FirstPersonExampleMap:PersistentLevel.FirstPersonExampleMap'
[2019.11.09-06.42.14:781][512]LogPlayLevel: PlayLevel: No blueprints needed recompiling
[2019.11.09-06.42.14:781][512]PIE: New page: PIE session: FirstPersonExampleMap (Nov 8, 2019, 2:42:14 PM)
[2019.11.09-06.42.14:782][512]LogPlayLevel: Creating play world package: /Game/FirstPersonBP/Maps/UEDPIE_0_FirstPersonExampleMap
[2019.11.09-06.42.14:820][512]LogPlayLevel: PIE: StaticDuplicateObject took: (0.038416s)
[2019.11.09-06.42.14:822][512]LogAIModule: Creating AISystem for world FirstPersonExampleMap
[2019.11.09-06.42.14:823][512]LogPlayLevel: PIE: World Init took: (0.001976s)
[2019.11.09-06.42.14:823][512]LogPlayLevel: PIE: Created PIE world by copying editor world from /Game/FirstPersonBP/Maps/FirstPersonExampleMap.FirstPersonExampleMap to /Game/FirstPersonBP/Maps/UEDPIE_0_FirstPersonExampleMap.FirstPersonExampleMap (0.041625s)
[2019.11.09-06.42.14:939][512]LogUObjectHash: Compacting FUObjectHashTables data took  10.39ms
[2019.11.09-06.42.15:007][512]LogInit: XAudio2 using 'Headset Earphone (SteelSeries Arctis 5 Chat)' : 2 channels at 48 kHz using 16 bits per sample (channel mask 0x3)
[2019.11.09-06.42.15:046][512]LogInit: FAudioDevice initialized.
[2019.11.09-06.42.15:066][512]LogSlate: Updating window title bar state: overlay mode, drag disabled, window buttons hidden, title bar hidden
[2019.11.09-06.42.15:110][512]LogLoad: Game class is 'FirstPersonGameMode_C'
[2019.11.09-06.42.15:125][512]LogWorld: Bringing World /Game/FirstPersonBP/Maps/UEDPIE_0_FirstPersonExampleMap.FirstPersonExampleMap up for play (max tick rate 60) at 2019.11.08-22.42.15
[2019.11.09-06.42.15:128][512]LogWorld: Bringing up level for play took: 0.016402
[2019.11.09-06.42.15:155][512]PIE: Play in editor start time for /Game/FirstPersonBP/Maps/UEDPIE_0_FirstPersonExampleMap 0.101
[2019.11.09-06.42.15:157][512]LogBlueprintUserMessages: Late PlayInEditor Detection: Level '/Game/FirstPersonBP/Maps/FirstPersonExampleMap.FirstPersonExampleMap:PersistentLevel' has LevelScriptBlueprint '/Game/FirstPersonBP/Maps/FirstPersonExampleMap.FirstPersonExampleMap:PersistentLevel.FirstPersonExampleMap' with GeneratedClass '/Game/FirstPersonBP/Maps/FirstPersonExampleMap.FirstPersonExampleMap_C' with ClassGeneratedBy '/Game/FirstPersonBP/Maps/FirstPersonExampleMap.FirstPersonExampleMap:PersistentLevel.FirstPersonExampleMap'
[2019.11.09-06.42.26:122][740]LogBlueprintUserMessages: Early EndPlayMap Detection: Level '/Game/FirstPersonBP/Maps/FirstPersonExampleMap.FirstPersonExampleMap:PersistentLevel' has LevelScriptBlueprint '/Game/FirstPersonBP/Maps/FirstPersonExampleMap.FirstPersonExampleMap:PersistentLevel.FirstPersonExampleMap' with GeneratedClass '/Game/FirstPersonBP/Maps/FirstPersonExampleMap.FirstPersonExampleMap_C' with ClassGeneratedBy '/Game/FirstPersonBP/Maps/FirstPersonExampleMap.FirstPersonExampleMap:PersistentLevel.FirstPersonExampleMap'
[2019.11.09-06.42.26:124][740]LogSlate: Updating window title bar state: overlay mode, drag disabled, window buttons hidden, title bar hidden
[2019.11.09-06.42.26:179][740]LogSlate: Window 'Mechanics_Sandbox Game Preview Standalone (64-bit/PCD3D_SM5)' being destroyed
[2019.11.09-06.42.26:276][740]LogPlayLevel: Display: Shutting down PIE online subsystems
[2019.11.09-06.42.26:277][740]LogBlueprintUserMessages: Late EndPlayMap Detection: Level '/Game/FirstPersonBP/Maps/FirstPersonExampleMap.FirstPersonExampleMap:PersistentLevel' has LevelScriptBlueprint '/Game/FirstPersonBP/Maps/FirstPersonExampleMap.FirstPersonExampleMap:PersistentLevel.FirstPersonExampleMap' with GeneratedClass '/Game/FirstPersonBP/Maps/FirstPersonExampleMap.FirstPersonExampleMap_C' with ClassGeneratedBy '/Game/FirstPersonBP/Maps/FirstPersonExampleMap.FirstPersonExampleMap:PersistentLevel.FirstPersonExampleMap'
[2019.11.09-06.42.26:419][740]LogUObjectHash: Compacting FUObjectHashTables data took  12.20ms
[2019.11.09-06.42.26:626][741]LogPlayLevel: Display: Destroying online subsystem :Context_70
[2019.11.09-06.42.53:158][453]BlueprintLog: New page: Compile Teleporter
[2019.11.09-06.42.53:898][453]LogUObjectHash: Compacting FUObjectHashTables data took   9.01ms
[2019.11.09-06.42.54:498][465]LogTemp: Repeating last play command: New Editor Window (PIE)
[2019.11.09-06.42.54:590][465]LogBlueprintUserMessages: Early PlayInEditor Detection: Level '/Game/FirstPersonBP/Maps/FirstPersonExampleMap.FirstPersonExampleMap:PersistentLevel' has LevelScriptBlueprint '/Game/FirstPersonBP/Maps/FirstPersonExampleMap.FirstPersonExampleMap:PersistentLevel.FirstPersonExampleMap' with GeneratedClass '/Game/FirstPersonBP/Maps/FirstPersonExampleMap.FirstPersonExampleMap_C' with ClassGeneratedBy '/Game/FirstPersonBP/Maps/FirstPersonExampleMap.FirstPersonExampleMap:PersistentLevel.FirstPersonExampleMap'
[2019.11.09-06.42.54:591][465]LogPlayLevel: PlayLevel: No blueprints needed recompiling
[2019.11.09-06.42.54:592][465]PIE: New page: PIE session: FirstPersonExampleMap (Nov 8, 2019, 2:42:54 PM)
[2019.11.09-06.42.54:592][465]LogPlayLevel: Creating play world package: /Game/FirstPersonBP/Maps/UEDPIE_0_FirstPersonExampleMap
[2019.11.09-06.42.54:633][465]LogPlayLevel: PIE: StaticDuplicateObject took: (0.041257s)
[2019.11.09-06.42.54:635][465]LogAIModule: Creating AISystem for world FirstPersonExampleMap
[2019.11.09-06.42.54:636][465]LogPlayLevel: PIE: World Init took: (0.002269s)
[2019.11.09-06.42.54:636][465]LogPlayLevel: PIE: Created PIE world by copying editor world from /Game/FirstPersonBP/Maps/FirstPersonExampleMap.FirstPersonExampleMap to /Game/FirstPersonBP/Maps/UEDPIE_0_FirstPersonExampleMap.FirstPersonExampleMap (0.044818s)
[2019.11.09-06.42.54:749][465]LogUObjectHash: Compacting FUObjectHashTables data took   9.84ms
[2019.11.09-06.42.54:815][465]LogInit: XAudio2 using 'Headset Earphone (SteelSeries Arctis 5 Chat)' : 2 channels at 48 kHz using 16 bits per sample (channel mask 0x3)
[2019.11.09-06.42.54:854][465]LogInit: FAudioDevice initialized.
[2019.11.09-06.42.54:877][465]LogSlate: Updating window title bar state: overlay mode, drag disabled, window buttons hidden, title bar hidden
[2019.11.09-06.42.54:921][465]LogLoad: Game class is 'FirstPersonGameMode_C'
[2019.11.09-06.42.54:940][465]LogWorld: Bringing World /Game/FirstPersonBP/Maps/UEDPIE_0_FirstPersonExampleMap.FirstPersonExampleMap up for play (max tick rate 60) at 2019.11.08-22.42.54
[2019.11.09-06.42.54:944][465]LogWorld: Bringing up level for play took: 0.020766
[2019.11.09-06.42.54:967][465]PIE: Play in editor start time for /Game/FirstPersonBP/Maps/UEDPIE_0_FirstPersonExampleMap -0.087
[2019.11.09-06.42.54:968][465]LogBlueprintUserMessages: Late PlayInEditor Detection: Level '/Game/FirstPersonBP/Maps/FirstPersonExampleMap.FirstPersonExampleMap:PersistentLevel' has LevelScriptBlueprint '/Game/FirstPersonBP/Maps/FirstPersonExampleMap.FirstPersonExampleMap:PersistentLevel.FirstPersonExampleMap' with GeneratedClass '/Game/FirstPersonBP/Maps/FirstPersonExampleMap.FirstPersonExampleMap_C' with ClassGeneratedBy '/Game/FirstPersonBP/Maps/FirstPersonExampleMap.FirstPersonExampleMap:PersistentLevel.FirstPersonExampleMap'
[2019.11.09-06.43.01:864][608]LogBlueprintUserMessages: Early EndPlayMap Detection: Level '/Game/FirstPersonBP/Maps/FirstPersonExampleMap.FirstPersonExampleMap:PersistentLevel' has LevelScriptBlueprint '/Game/FirstPersonBP/Maps/FirstPersonExampleMap.FirstPersonExampleMap:PersistentLevel.FirstPersonExampleMap' with GeneratedClass '/Game/FirstPersonBP/Maps/FirstPersonExampleMap.FirstPersonExampleMap_C' with ClassGeneratedBy '/Game/FirstPersonBP/Maps/FirstPersonExampleMap.FirstPersonExampleMap:PersistentLevel.FirstPersonExampleMap'
[2019.11.09-06.43.01:867][608]LogSlate: Updating window title bar state: overlay mode, drag disabled, window buttons hidden, title bar hidden
[2019.11.09-06.43.01:918][608]LogSlate: Window 'Mechanics_Sandbox Game Preview Standalone (64-bit/PCD3D_SM5)' being destroyed
[2019.11.09-06.43.02:015][608]LogPlayLevel: Display: Shutting down PIE online subsystems
[2019.11.09-06.43.02:016][608]LogBlueprintUserMessages: Late EndPlayMap Detection: Level '/Game/FirstPersonBP/Maps/FirstPersonExampleMap.FirstPersonExampleMap:PersistentLevel' has LevelScriptBlueprint '/Game/FirstPersonBP/Maps/FirstPersonExampleMap.FirstPersonExampleMap:PersistentLevel.FirstPersonExampleMap' with GeneratedClass '/Game/FirstPersonBP/Maps/FirstPersonExampleMap.FirstPersonExampleMap_C' with ClassGeneratedBy '/Game/FirstPersonBP/Maps/FirstPersonExampleMap.FirstPersonExampleMap:PersistentLevel.FirstPersonExampleMap'
[2019.11.09-06.43.02:166][608]LogUObjectHash: Compacting FUObjectHashTables data took   7.88ms
[2019.11.09-06.43.02:383][609]LogPlayLevel: Display: Destroying online subsystem :Context_71
[2019.11.09-06.45.33:106][691]LogEditorViewport: Clicking on Actor (LMB): Teleporter_C (Teleporter)
[2019.11.09-06.45.34:949][737]LogEditorViewport: Clicking on Actor (LMB): Teleporter_C (Teleporter2)
[2019.11.09-06.45.55:169][300]LogSlate: FSceneViewport::OnFocusLost() reason 0
[2019.11.09-06.48.14:589][142]LogTemp: Repeating last play command: New Editor Window (PIE)
[2019.11.09-06.48.14:653][142]LogBlueprintUserMessages: Early PlayInEditor Detection: Level '/Game/FirstPersonBP/Maps/FirstPersonExampleMap.FirstPersonExampleMap:PersistentLevel' has LevelScriptBlueprint '/Game/FirstPersonBP/Maps/FirstPersonExampleMap.FirstPersonExampleMap:PersistentLevel.FirstPersonExampleMap' with GeneratedClass '/Game/FirstPersonBP/Maps/FirstPersonExampleMap.FirstPersonExampleMap_C' with ClassGeneratedBy '/Game/FirstPersonBP/Maps/FirstPersonExampleMap.FirstPersonExampleMap:PersistentLevel.FirstPersonExampleMap'
[2019.11.09-06.48.14:655][142]BlueprintLog: New page: Pre-Play auto-recompile
[2019.11.09-06.48.14:657][142]LogPlayLevel: [PlayLevel] Compiling Teleporter before play...
[2019.11.09-06.48.15:407][142]LogUObjectHash: Compacting FUObjectHashTables data took   9.19ms
[2019.11.09-06.48.15:408][142]LogPlayLevel: PlayLevel: Blueprint regeneration took 753 ms (1 blueprints)
[2019.11.09-06.48.15:408][142]PIE: New page: PIE session: FirstPersonExampleMap (Nov 8, 2019, 2:48:15 PM)
[2019.11.09-06.48.15:409][142]LogPlayLevel: Creating play world package: /Game/FirstPersonBP/Maps/UEDPIE_0_FirstPersonExampleMap
[2019.11.09-06.48.15:455][142]LogPlayLevel: PIE: StaticDuplicateObject took: (0.045767s)
[2019.11.09-06.48.15:458][142]LogAIModule: Creating AISystem for world FirstPersonExampleMap
[2019.11.09-06.48.15:459][142]LogPlayLevel: PIE: World Init took: (0.002981s)
[2019.11.09-06.48.15:459][142]LogPlayLevel: PIE: Created PIE world by copying editor world from /Game/FirstPersonBP/Maps/FirstPersonExampleMap.FirstPersonExampleMap to /Game/FirstPersonBP/Maps/UEDPIE_0_FirstPersonExampleMap.FirstPersonExampleMap (0.050405s)
[2019.11.09-06.48.15:567][142]LogUObjectHash: Compacting FUObjectHashTables data took   5.91ms
[2019.11.09-06.48.15:631][142]LogInit: XAudio2 using 'Headset Earphone (SteelSeries Arctis 5 Chat)' : 2 channels at 48 kHz using 16 bits per sample (channel mask 0x3)
[2019.11.09-06.48.15:668][142]LogInit: FAudioDevice initialized.
[2019.11.09-06.48.15:688][142]LogSlate: Updating window title bar state: overlay mode, drag disabled, window buttons hidden, title bar hidden
[2019.11.09-06.48.15:738][142]LogLoad: Game class is 'FirstPersonGameMode_C'
[2019.11.09-06.48.15:756][142]LogWorld: Bringing World /Game/FirstPersonBP/Maps/UEDPIE_0_FirstPersonExampleMap.FirstPersonExampleMap up for play (max tick rate 60) at 2019.11.08-22.48.15
[2019.11.09-06.48.15:760][142]LogWorld: Bringing up level for play took: 0.018613
[2019.11.09-06.48.15:786][142]PIE: Play in editor start time for /Game/FirstPersonBP/Maps/UEDPIE_0_FirstPersonExampleMap 0.732
[2019.11.09-06.48.15:787][142]LogBlueprintUserMessages: Late PlayInEditor Detection: Level '/Game/FirstPersonBP/Maps/FirstPersonExampleMap.FirstPersonExampleMap:PersistentLevel' has LevelScriptBlueprint '/Game/FirstPersonBP/Maps/FirstPersonExampleMap.FirstPersonExampleMap:PersistentLevel.FirstPersonExampleMap' with GeneratedClass '/Game/FirstPersonBP/Maps/FirstPersonExampleMap.FirstPersonExampleMap_C' with ClassGeneratedBy '/Game/FirstPersonBP/Maps/FirstPersonExampleMap.FirstPersonExampleMap:PersistentLevel.FirstPersonExampleMap'
[2019.11.09-06.48.28:921][464]LogBlueprintUserMessages: Early EndPlayMap Detection: Level '/Game/FirstPersonBP/Maps/FirstPersonExampleMap.FirstPersonExampleMap:PersistentLevel' has LevelScriptBlueprint '/Game/FirstPersonBP/Maps/FirstPersonExampleMap.FirstPersonExampleMap:PersistentLevel.FirstPersonExampleMap' with GeneratedClass '/Game/FirstPersonBP/Maps/FirstPersonExampleMap.FirstPersonExampleMap_C' with ClassGeneratedBy '/Game/FirstPersonBP/Maps/FirstPersonExampleMap.FirstPersonExampleMap:PersistentLevel.FirstPersonExampleMap'
[2019.11.09-06.48.28:923][464]LogSlate: Updating window title bar state: overlay mode, drag disabled, window buttons hidden, title bar hidden
[2019.11.09-06.48.28:968][464]LogSlate: Window 'Mechanics_Sandbox Game Preview Standalone (64-bit/PCD3D_SM5)' being destroyed
[2019.11.09-06.48.29:038][464]LogPlayLevel: Display: Shutting down PIE online subsystems
[2019.11.09-06.48.29:039][464]LogBlueprintUserMessages: Late EndPlayMap Detection: Level '/Game/FirstPersonBP/Maps/FirstPersonExampleMap.FirstPersonExampleMap:PersistentLevel' has LevelScriptBlueprint '/Game/FirstPersonBP/Maps/FirstPersonExampleMap.FirstPersonExampleMap:PersistentLevel.FirstPersonExampleMap' with GeneratedClass '/Game/FirstPersonBP/Maps/FirstPersonExampleMap.FirstPersonExampleMap_C' with ClassGeneratedBy '/Game/FirstPersonBP/Maps/FirstPersonExampleMap.FirstPersonExampleMap:PersistentLevel.FirstPersonExampleMap'
[2019.11.09-06.48.29:181][464]LogUObjectHash: Compacting FUObjectHashTables data took   5.53ms
[2019.11.09-06.48.29:305][465]LogPlayLevel: Display: Destroying online subsystem :Context_72
[2019.11.09-06.48.34:633][649]LogTemp: Repeating last play command: New Editor Window (PIE)
[2019.11.09-06.48.34:726][649]LogBlueprintUserMessages: Early PlayInEditor Detection: Level '/Game/FirstPersonBP/Maps/FirstPersonExampleMap.FirstPersonExampleMap:PersistentLevel' has LevelScriptBlueprint '/Game/FirstPersonBP/Maps/FirstPersonExampleMap.FirstPersonExampleMap:PersistentLevel.FirstPersonExampleMap' with GeneratedClass '/Game/FirstPersonBP/Maps/FirstPersonExampleMap.FirstPersonExampleMap_C' with ClassGeneratedBy '/Game/FirstPersonBP/Maps/FirstPersonExampleMap.FirstPersonExampleMap:PersistentLevel.FirstPersonExampleMap'
[2019.11.09-06.48.34:728][649]BlueprintLog: New page: Pre-Play auto-recompile
[2019.11.09-06.48.34:729][649]LogPlayLevel: [PlayLevel] Compiling Teleporter before play...
[2019.11.09-06.48.35:372][649]LogUObjectHash: Compacting FUObjectHashTables data took   8.30ms
[2019.11.09-06.48.35:372][649]LogPlayLevel: PlayLevel: Blueprint regeneration took 644 ms (1 blueprints)
[2019.11.09-06.48.35:373][649]PIE: New page: PIE session: FirstPersonExampleMap (Nov 8, 2019, 2:48:35 PM)
[2019.11.09-06.48.35:373][649]LogPlayLevel: Creating play world package: /Game/FirstPersonBP/Maps/UEDPIE_0_FirstPersonExampleMap
[2019.11.09-06.48.35:410][649]LogPlayLevel: PIE: StaticDuplicateObject took: (0.035917s)
[2019.11.09-06.48.35:411][649]LogAIModule: Creating AISystem for world FirstPersonExampleMap
[2019.11.09-06.48.35:412][649]LogPlayLevel: PIE: World Init took: (0.001552s)
[2019.11.09-06.48.35:412][649]LogPlayLevel: PIE: Created PIE world by copying editor world from /Game/FirstPersonBP/Maps/FirstPersonExampleMap.FirstPersonExampleMap to /Game/FirstPersonBP/Maps/UEDPIE_0_FirstPersonExampleMap.FirstPersonExampleMap (0.038658s)
[2019.11.09-06.48.35:524][649]LogUObjectHash: Compacting FUObjectHashTables data took   4.95ms
[2019.11.09-06.48.35:589][649]LogInit: XAudio2 using 'Headset Earphone (SteelSeries Arctis 5 Chat)' : 2 channels at 48 kHz using 16 bits per sample (channel mask 0x3)
[2019.11.09-06.48.35:623][649]LogInit: FAudioDevice initialized.
[2019.11.09-06.48.35:641][649]LogSlate: Updating window title bar state: overlay mode, drag disabled, window buttons hidden, title bar hidden
[2019.11.09-06.48.35:687][649]LogLoad: Game class is 'FirstPersonGameMode_C'
[2019.11.09-06.48.35:701][649]LogWorld: Bringing World /Game/FirstPersonBP/Maps/UEDPIE_0_FirstPersonExampleMap.FirstPersonExampleMap up for play (max tick rate 60) at 2019.11.08-22.48.35
[2019.11.09-06.48.35:705][649]LogWorld: Bringing up level for play took: 0.014138
[2019.11.09-06.48.35:731][649]PIE: Play in editor start time for /Game/FirstPersonBP/Maps/UEDPIE_0_FirstPersonExampleMap 0.677
[2019.11.09-06.48.35:732][649]LogBlueprintUserMessages: Late PlayInEditor Detection: Level '/Game/FirstPersonBP/Maps/FirstPersonExampleMap.FirstPersonExampleMap:PersistentLevel' has LevelScriptBlueprint '/Game/FirstPersonBP/Maps/FirstPersonExampleMap.FirstPersonExampleMap:PersistentLevel.FirstPersonExampleMap' with GeneratedClass '/Game/FirstPersonBP/Maps/FirstPersonExampleMap.FirstPersonExampleMap_C' with ClassGeneratedBy '/Game/FirstPersonBP/Maps/FirstPersonExampleMap.FirstPersonExampleMap:PersistentLevel.FirstPersonExampleMap'
[2019.11.09-06.48.39:393][746]LogBlueprintUserMessages: Early EndPlayMap Detection: Level '/Game/FirstPersonBP/Maps/FirstPersonExampleMap.FirstPersonExampleMap:PersistentLevel' has LevelScriptBlueprint '/Game/FirstPersonBP/Maps/FirstPersonExampleMap.FirstPersonExampleMap:PersistentLevel.FirstPersonExampleMap' with GeneratedClass '/Game/FirstPersonBP/Maps/FirstPersonExampleMap.FirstPersonExampleMap_C' with ClassGeneratedBy '/Game/FirstPersonBP/Maps/FirstPersonExampleMap.FirstPersonExampleMap:PersistentLevel.FirstPersonExampleMap'
[2019.11.09-06.48.39:396][746]LogSlate: Updating window title bar state: overlay mode, drag disabled, window buttons hidden, title bar hidden
[2019.11.09-06.48.39:439][746]LogSlate: Window 'Mechanics_Sandbox Game Preview Standalone (64-bit/PCD3D_SM5)' being destroyed
[2019.11.09-06.48.39:509][746]LogPlayLevel: Display: Shutting down PIE online subsystems
[2019.11.09-06.48.39:510][746]LogBlueprintUserMessages: Late EndPlayMap Detection: Level '/Game/FirstPersonBP/Maps/FirstPersonExampleMap.FirstPersonExampleMap:PersistentLevel' has LevelScriptBlueprint '/Game/FirstPersonBP/Maps/FirstPersonExampleMap.FirstPersonExampleMap:PersistentLevel.FirstPersonExampleMap' with GeneratedClass '/Game/FirstPersonBP/Maps/FirstPersonExampleMap.FirstPersonExampleMap_C' with ClassGeneratedBy '/Game/FirstPersonBP/Maps/FirstPersonExampleMap.FirstPersonExampleMap:PersistentLevel.FirstPersonExampleMap'
[2019.11.09-06.48.39:645][746]LogUObjectHash: Compacting FUObjectHashTables data took   9.16ms
[2019.11.09-06.48.39:789][747]LogPlayLevel: Display: Destroying online subsystem :Context_73
[2019.11.09-06.48.43:642][885]LogTemp: Repeating last play command: New Editor Window (PIE)
[2019.11.09-06.48.43:739][885]LogBlueprintUserMessages: Early PlayInEditor Detection: Level '/Game/FirstPersonBP/Maps/FirstPersonExampleMap.FirstPersonExampleMap:PersistentLevel' has LevelScriptBlueprint '/Game/FirstPersonBP/Maps/FirstPersonExampleMap.FirstPersonExampleMap:PersistentLevel.FirstPersonExampleMap' with GeneratedClass '/Game/FirstPersonBP/Maps/FirstPersonExampleMap.FirstPersonExampleMap_C' with ClassGeneratedBy '/Game/FirstPersonBP/Maps/FirstPersonExampleMap.FirstPersonExampleMap:PersistentLevel.FirstPersonExampleMap'
[2019.11.09-06.48.43:741][885]BlueprintLog: New page: Pre-Play auto-recompile
[2019.11.09-06.48.43:743][885]LogPlayLevel: [PlayLevel] Compiling Teleporter before play...
[2019.11.09-06.48.44:381][885]LogUObjectHash: Compacting FUObjectHashTables data took   9.49ms
[2019.11.09-06.48.44:381][885]LogPlayLevel: PlayLevel: Blueprint regeneration took 640 ms (1 blueprints)
[2019.11.09-06.48.44:382][885]PIE: New page: PIE session: FirstPersonExampleMap (Nov 8, 2019, 2:48:44 PM)
[2019.11.09-06.48.44:382][885]LogPlayLevel: Creating play world package: /Game/FirstPersonBP/Maps/UEDPIE_0_FirstPersonExampleMap
[2019.11.09-06.48.44:417][885]LogPlayLevel: PIE: StaticDuplicateObject took: (0.034371s)
[2019.11.09-06.48.44:420][885]LogAIModule: Creating AISystem for world FirstPersonExampleMap
[2019.11.09-06.48.44:421][885]LogPlayLevel: PIE: World Init took: (0.002389s)
[2019.11.09-06.48.44:421][885]LogPlayLevel: PIE: Created PIE world by copying editor world from /Game/FirstPersonBP/Maps/FirstPersonExampleMap.FirstPersonExampleMap to /Game/FirstPersonBP/Maps/UEDPIE_0_FirstPersonExampleMap.FirstPersonExampleMap (0.038210s)
[2019.11.09-06.48.44:524][885]LogUObjectHash: Compacting FUObjectHashTables data took   5.33ms
[2019.11.09-06.48.44:587][885]LogInit: XAudio2 using 'Headset Earphone (SteelSeries Arctis 5 Chat)' : 2 channels at 48 kHz using 16 bits per sample (channel mask 0x3)
[2019.11.09-06.48.44:621][885]LogInit: FAudioDevice initialized.
[2019.11.09-06.48.44:638][885]LogSlate: Updating window title bar state: overlay mode, drag disabled, window buttons hidden, title bar hidden
[2019.11.09-06.48.44:680][885]LogLoad: Game class is 'FirstPersonGameMode_C'
[2019.11.09-06.48.44:699][885]LogWorld: Bringing World /Game/FirstPersonBP/Maps/UEDPIE_0_FirstPersonExampleMap.FirstPersonExampleMap up for play (max tick rate 60) at 2019.11.08-22.48.44
[2019.11.09-06.48.44:702][885]LogWorld: Bringing up level for play took: 0.019224
[2019.11.09-06.48.44:727][885]PIE: Play in editor start time for /Game/FirstPersonBP/Maps/UEDPIE_0_FirstPersonExampleMap 1.673
[2019.11.09-06.48.44:728][885]LogBlueprintUserMessages: Late PlayInEditor Detection: Level '/Game/FirstPersonBP/Maps/FirstPersonExampleMap.FirstPersonExampleMap:PersistentLevel' has LevelScriptBlueprint '/Game/FirstPersonBP/Maps/FirstPersonExampleMap.FirstPersonExampleMap:PersistentLevel.FirstPersonExampleMap' with GeneratedClass '/Game/FirstPersonBP/Maps/FirstPersonExampleMap.FirstPersonExampleMap_C' with ClassGeneratedBy '/Game/FirstPersonBP/Maps/FirstPersonExampleMap.FirstPersonExampleMap:PersistentLevel.FirstPersonExampleMap'
[2019.11.09-06.48.51:627][ 72]LogBlueprintUserMessages: Early EndPlayMap Detection: Level '/Game/FirstPersonBP/Maps/FirstPersonExampleMap.FirstPersonExampleMap:PersistentLevel' has LevelScriptBlueprint '/Game/FirstPersonBP/Maps/FirstPersonExampleMap.FirstPersonExampleMap:PersistentLevel.FirstPersonExampleMap' with GeneratedClass '/Game/FirstPersonBP/Maps/FirstPersonExampleMap.FirstPersonExampleMap_C' with ClassGeneratedBy '/Game/FirstPersonBP/Maps/FirstPersonExampleMap.FirstPersonExampleMap:PersistentLevel.FirstPersonExampleMap'
[2019.11.09-06.48.51:629][ 72]LogSlate: Updating window title bar state: overlay mode, drag disabled, window buttons hidden, title bar hidden
[2019.11.09-06.48.51:675][ 72]LogSlate: Window 'Mechanics_Sandbox Game Preview Standalone (64-bit/PCD3D_SM5)' being destroyed
[2019.11.09-06.48.51:746][ 72]LogPlayLevel: Display: Shutting down PIE online subsystems
[2019.11.09-06.48.51:747][ 72]LogBlueprintUserMessages: Late EndPlayMap Detection: Level '/Game/FirstPersonBP/Maps/FirstPersonExampleMap.FirstPersonExampleMap:PersistentLevel' has LevelScriptBlueprint '/Game/FirstPersonBP/Maps/FirstPersonExampleMap.FirstPersonExampleMap:PersistentLevel.FirstPersonExampleMap' with GeneratedClass '/Game/FirstPersonBP/Maps/FirstPersonExampleMap.FirstPersonExampleMap_C' with ClassGeneratedBy '/Game/FirstPersonBP/Maps/FirstPersonExampleMap.FirstPersonExampleMap:PersistentLevel.FirstPersonExampleMap'
[2019.11.09-06.48.51:884][ 72]LogUObjectHash: Compacting FUObjectHashTables data took   8.16ms
[2019.11.09-06.48.52:023][ 73]LogPlayLevel: Display: Destroying online subsystem :Context_74
[2019.11.09-06.49.18:636][ 32]LogTemp: Repeating last play command: New Editor Window (PIE)
[2019.11.09-06.49.18:728][ 32]LogBlueprintUserMessages: Early PlayInEditor Detection: Level '/Game/FirstPersonBP/Maps/FirstPersonExampleMap.FirstPersonExampleMap:PersistentLevel' has LevelScriptBlueprint '/Game/FirstPersonBP/Maps/FirstPersonExampleMap.FirstPersonExampleMap:PersistentLevel.FirstPersonExampleMap' with GeneratedClass '/Game/FirstPersonBP/Maps/FirstPersonExampleMap.FirstPersonExampleMap_C' with ClassGeneratedBy '/Game/FirstPersonBP/Maps/FirstPersonExampleMap.FirstPersonExampleMap:PersistentLevel.FirstPersonExampleMap'
[2019.11.09-06.49.18:729][ 32]BlueprintLog: New page: Pre-Play auto-recompile
[2019.11.09-06.49.18:731][ 32]LogPlayLevel: [PlayLevel] Compiling Teleporter before play...
[2019.11.09-06.49.19:404][ 32]LogUObjectHash: Compacting FUObjectHashTables data took   9.24ms
[2019.11.09-06.49.19:405][ 32]LogPlayLevel: PlayLevel: Blueprint regeneration took 675 ms (1 blueprints)
[2019.11.09-06.49.19:405][ 32]PIE: New page: PIE session: FirstPersonExampleMap (Nov 8, 2019, 2:49:19 PM)
[2019.11.09-06.49.19:406][ 32]LogPlayLevel: Creating play world package: /Game/FirstPersonBP/Maps/UEDPIE_0_FirstPersonExampleMap
[2019.11.09-06.49.19:443][ 32]LogPlayLevel: PIE: StaticDuplicateObject took: (0.036768s)
[2019.11.09-06.49.19:445][ 32]LogAIModule: Creating AISystem for world FirstPersonExampleMap
[2019.11.09-06.49.19:446][ 32]LogPlayLevel: PIE: World Init took: (0.002379s)
[2019.11.09-06.49.19:446][ 32]LogPlayLevel: PIE: Created PIE world by copying editor world from /Game/FirstPersonBP/Maps/FirstPersonExampleMap.FirstPersonExampleMap to /Game/FirstPersonBP/Maps/UEDPIE_0_FirstPersonExampleMap.FirstPersonExampleMap (0.040327s)
[2019.11.09-06.49.19:556][ 32]LogUObjectHash: Compacting FUObjectHashTables data took   6.64ms
[2019.11.09-06.49.19:625][ 32]LogInit: XAudio2 using 'Headset Earphone (SteelSeries Arctis 5 Chat)' : 2 channels at 48 kHz using 16 bits per sample (channel mask 0x3)
[2019.11.09-06.49.19:659][ 32]LogInit: FAudioDevice initialized.
[2019.11.09-06.49.19:682][ 32]LogSlate: Updating window title bar state: overlay mode, drag disabled, window buttons hidden, title bar hidden
[2019.11.09-06.49.19:727][ 32]LogLoad: Game class is 'FirstPersonGameMode_C'
[2019.11.09-06.49.19:747][ 32]LogWorld: Bringing World /Game/FirstPersonBP/Maps/UEDPIE_0_FirstPersonExampleMap.FirstPersonExampleMap up for play (max tick rate 60) at 2019.11.08-22.49.19
[2019.11.09-06.49.19:751][ 32]LogWorld: Bringing up level for play took: 0.020650
[2019.11.09-06.49.19:775][ 32]PIE: Play in editor start time for /Game/FirstPersonBP/Maps/UEDPIE_0_FirstPersonExampleMap 0.721
[2019.11.09-06.49.19:776][ 32]LogBlueprintUserMessages: Late PlayInEditor Detection: Level '/Game/FirstPersonBP/Maps/FirstPersonExampleMap.FirstPersonExampleMap:PersistentLevel' has LevelScriptBlueprint '/Game/FirstPersonBP/Maps/FirstPersonExampleMap.FirstPersonExampleMap:PersistentLevel.FirstPersonExampleMap' with GeneratedClass '/Game/FirstPersonBP/Maps/FirstPersonExampleMap.FirstPersonExampleMap_C' with ClassGeneratedBy '/Game/FirstPersonBP/Maps/FirstPersonExampleMap.FirstPersonExampleMap:PersistentLevel.FirstPersonExampleMap'
[2019.11.09-06.49.25:099][175]LogBlueprintUserMessages: Early EndPlayMap Detection: Level '/Game/FirstPersonBP/Maps/FirstPersonExampleMap.FirstPersonExampleMap:PersistentLevel' has LevelScriptBlueprint '/Game/FirstPersonBP/Maps/FirstPersonExampleMap.FirstPersonExampleMap:PersistentLevel.FirstPersonExampleMap' with GeneratedClass '/Game/FirstPersonBP/Maps/FirstPersonExampleMap.FirstPersonExampleMap_C' with ClassGeneratedBy '/Game/FirstPersonBP/Maps/FirstPersonExampleMap.FirstPersonExampleMap:PersistentLevel.FirstPersonExampleMap'
[2019.11.09-06.49.25:101][175]LogSlate: Updating window title bar state: overlay mode, drag disabled, window buttons hidden, title bar hidden
[2019.11.09-06.49.25:150][175]LogSlate: Window 'Mechanics_Sandbox Game Preview Standalone (64-bit/PCD3D_SM5)' being destroyed
[2019.11.09-06.49.25:215][175]LogPlayLevel: Display: Shutting down PIE online subsystems
[2019.11.09-06.49.25:216][175]LogBlueprintUserMessages: Late EndPlayMap Detection: Level '/Game/FirstPersonBP/Maps/FirstPersonExampleMap.FirstPersonExampleMap:PersistentLevel' has LevelScriptBlueprint '/Game/FirstPersonBP/Maps/FirstPersonExampleMap.FirstPersonExampleMap:PersistentLevel.FirstPersonExampleMap' with GeneratedClass '/Game/FirstPersonBP/Maps/FirstPersonExampleMap.FirstPersonExampleMap_C' with ClassGeneratedBy '/Game/FirstPersonBP/Maps/FirstPersonExampleMap.FirstPersonExampleMap:PersistentLevel.FirstPersonExampleMap'
[2019.11.09-06.49.25:369][175]LogUObjectHash: Compacting FUObjectHashTables data took   7.58ms
[2019.11.09-06.49.25:511][176]LogPlayLevel: Display: Destroying online subsystem :Context_75
[2019.11.09-06.49.29:770][325]LogTemp: Repeating last play command: New Editor Window (PIE)
[2019.11.09-06.49.29:861][325]LogBlueprintUserMessages: Early PlayInEditor Detection: Level '/Game/FirstPersonBP/Maps/FirstPersonExampleMap.FirstPersonExampleMap:PersistentLevel' has LevelScriptBlueprint '/Game/FirstPersonBP/Maps/FirstPersonExampleMap.FirstPersonExampleMap:PersistentLevel.FirstPersonExampleMap' with GeneratedClass '/Game/FirstPersonBP/Maps/FirstPersonExampleMap.FirstPersonExampleMap_C' with ClassGeneratedBy '/Game/FirstPersonBP/Maps/FirstPersonExampleMap.FirstPersonExampleMap:PersistentLevel.FirstPersonExampleMap'
[2019.11.09-06.49.29:863][325]BlueprintLog: New page: Pre-Play auto-recompile
[2019.11.09-06.49.29:865][325]LogPlayLevel: [PlayLevel] Compiling Teleporter before play...
[2019.11.09-06.49.30:507][325]LogUObjectHash: Compacting FUObjectHashTables data took   8.66ms
[2019.11.09-06.49.30:507][325]LogPlayLevel: PlayLevel: Blueprint regeneration took 644 ms (1 blueprints)
[2019.11.09-06.49.30:508][325]PIE: New page: PIE session: FirstPersonExampleMap (Nov 8, 2019, 2:49:30 PM)
[2019.11.09-06.49.30:508][325]LogPlayLevel: Creating play world package: /Game/FirstPersonBP/Maps/UEDPIE_0_FirstPersonExampleMap
[2019.11.09-06.49.30:544][325]LogPlayLevel: PIE: StaticDuplicateObject took: (0.035473s)
[2019.11.09-06.49.30:546][325]LogAIModule: Creating AISystem for world FirstPersonExampleMap
[2019.11.09-06.49.30:547][325]LogPlayLevel: PIE: World Init took: (0.002663s)
[2019.11.09-06.49.30:548][325]LogPlayLevel: PIE: Created PIE world by copying editor world from /Game/FirstPersonBP/Maps/FirstPersonExampleMap.FirstPersonExampleMap to /Game/FirstPersonBP/Maps/UEDPIE_0_FirstPersonExampleMap.FirstPersonExampleMap (0.039571s)
[2019.11.09-06.49.30:649][325]LogUObjectHash: Compacting FUObjectHashTables data took   4.92ms
[2019.11.09-06.49.30:714][325]LogInit: XAudio2 using 'Headset Earphone (SteelSeries Arctis 5 Chat)' : 2 channels at 48 kHz using 16 bits per sample (channel mask 0x3)
[2019.11.09-06.49.30:748][325]LogInit: FAudioDevice initialized.
[2019.11.09-06.49.30:765][325]LogSlate: Updating window title bar state: overlay mode, drag disabled, window buttons hidden, title bar hidden
[2019.11.09-06.49.30:810][325]LogLoad: Game class is 'FirstPersonGameMode_C'
[2019.11.09-06.49.30:828][325]LogWorld: Bringing World /Game/FirstPersonBP/Maps/UEDPIE_0_FirstPersonExampleMap.FirstPersonExampleMap up for play (max tick rate 60) at 2019.11.08-22.49.30
[2019.11.09-06.49.30:831][325]LogWorld: Bringing up level for play took: 0.016743
[2019.11.09-06.49.30:856][325]PIE: Play in editor start time for /Game/FirstPersonBP/Maps/UEDPIE_0_FirstPersonExampleMap 1.802
[2019.11.09-06.49.30:857][325]LogBlueprintUserMessages: Late PlayInEditor Detection: Level '/Game/FirstPersonBP/Maps/FirstPersonExampleMap.FirstPersonExampleMap:PersistentLevel' has LevelScriptBlueprint '/Game/FirstPersonBP/Maps/FirstPersonExampleMap.FirstPersonExampleMap:PersistentLevel.FirstPersonExampleMap' with GeneratedClass '/Game/FirstPersonBP/Maps/FirstPersonExampleMap.FirstPersonExampleMap_C' with ClassGeneratedBy '/Game/FirstPersonBP/Maps/FirstPersonExampleMap.FirstPersonExampleMap:PersistentLevel.FirstPersonExampleMap'
[2019.11.09-06.49.49:559][834]LogBlueprintUserMessages: Early EndPlayMap Detection: Level '/Game/FirstPersonBP/Maps/FirstPersonExampleMap.FirstPersonExampleMap:PersistentLevel' has LevelScriptBlueprint '/Game/FirstPersonBP/Maps/FirstPersonExampleMap.FirstPersonExampleMap:PersistentLevel.FirstPersonExampleMap' with GeneratedClass '/Game/FirstPersonBP/Maps/FirstPersonExampleMap.FirstPersonExampleMap_C' with ClassGeneratedBy '/Game/FirstPersonBP/Maps/FirstPersonExampleMap.FirstPersonExampleMap:PersistentLevel.FirstPersonExampleMap'
[2019.11.09-06.49.49:562][834]LogSlate: Updating window title bar state: overlay mode, drag disabled, window buttons hidden, title bar hidden
[2019.11.09-06.49.49:610][834]LogSlate: Window 'Mechanics_Sandbox Game Preview Standalone (64-bit/PCD3D_SM5)' being destroyed
[2019.11.09-06.49.49:683][834]LogPlayLevel: Display: Shutting down PIE online subsystems
[2019.11.09-06.49.49:684][834]LogBlueprintUserMessages: Late EndPlayMap Detection: Level '/Game/FirstPersonBP/Maps/FirstPersonExampleMap.FirstPersonExampleMap:PersistentLevel' has LevelScriptBlueprint '/Game/FirstPersonBP/Maps/FirstPersonExampleMap.FirstPersonExampleMap:PersistentLevel.FirstPersonExampleMap' with GeneratedClass '/Game/FirstPersonBP/Maps/FirstPersonExampleMap.FirstPersonExampleMap_C' with ClassGeneratedBy '/Game/FirstPersonBP/Maps/FirstPersonExampleMap.FirstPersonExampleMap:PersistentLevel.FirstPersonExampleMap'
[2019.11.09-06.49.49:815][834]LogUObjectHash: Compacting FUObjectHashTables data took   8.28ms
[2019.11.09-06.49.49:937][835]LogPlayLevel: Display: Destroying online subsystem :Context_76
[2019.11.09-06.50.03:608][320]LogSelectionDetails: Warning: NavigateToFunctionSource:  Unable to find symbols for 'AActor::K2_TeleportTo' [Element not found.]
[2019.11.09-06.52.03:509][469]LogTemp: Repeating last play command: New Editor Window (PIE)
[2019.11.09-06.52.03:610][469]LogBlueprintUserMessages: Early PlayInEditor Detection: Level '/Game/FirstPersonBP/Maps/FirstPersonExampleMap.FirstPersonExampleMap:PersistentLevel' has LevelScriptBlueprint '/Game/FirstPersonBP/Maps/FirstPersonExampleMap.FirstPersonExampleMap:PersistentLevel.FirstPersonExampleMap' with GeneratedClass '/Game/FirstPersonBP/Maps/FirstPersonExampleMap.FirstPersonExampleMap_C' with ClassGeneratedBy '/Game/FirstPersonBP/Maps/FirstPersonExampleMap.FirstPersonExampleMap:PersistentLevel.FirstPersonExampleMap'
[2019.11.09-06.52.03:611][469]BlueprintLog: New page: Pre-Play auto-recompile
[2019.11.09-06.52.03:614][469]LogPlayLevel: [PlayLevel] Compiling Teleporter before play...
[2019.11.09-06.52.04:320][469]LogUObjectHash: Compacting FUObjectHashTables data took  10.43ms
[2019.11.09-06.52.04:321][469]LogPlayLevel: PlayLevel: Blueprint regeneration took 708 ms (1 blueprints)
[2019.11.09-06.52.04:322][469]PIE: New page: PIE session: FirstPersonExampleMap (Nov 8, 2019, 2:52:04 PM)
[2019.11.09-06.52.04:322][469]LogPlayLevel: Creating play world package: /Game/FirstPersonBP/Maps/UEDPIE_0_FirstPersonExampleMap
[2019.11.09-06.52.04:358][469]LogPlayLevel: PIE: StaticDuplicateObject took: (0.035314s)
[2019.11.09-06.52.04:360][469]LogAIModule: Creating AISystem for world FirstPersonExampleMap
[2019.11.09-06.52.04:361][469]LogPlayLevel: PIE: World Init took: (0.002492s)
[2019.11.09-06.52.04:362][469]LogPlayLevel: PIE: Created PIE world by copying editor world from /Game/FirstPersonBP/Maps/FirstPersonExampleMap.FirstPersonExampleMap to /Game/FirstPersonBP/Maps/UEDPIE_0_FirstPersonExampleMap.FirstPersonExampleMap (0.039392s)
[2019.11.09-06.52.04:467][469]LogUObjectHash: Compacting FUObjectHashTables data took   5.29ms
[2019.11.09-06.52.04:531][469]LogInit: XAudio2 using 'Headset Earphone (SteelSeries Arctis 5 Chat)' : 2 channels at 48 kHz using 16 bits per sample (channel mask 0x3)
[2019.11.09-06.52.04:573][469]LogInit: FAudioDevice initialized.
[2019.11.09-06.52.04:593][469]LogSlate: Updating window title bar state: overlay mode, drag disabled, window buttons hidden, title bar hidden
[2019.11.09-06.52.04:634][469]LogLoad: Game class is 'FirstPersonGameMode_C'
[2019.11.09-06.52.04:653][469]LogWorld: Bringing World /Game/FirstPersonBP/Maps/UEDPIE_0_FirstPersonExampleMap.FirstPersonExampleMap up for play (max tick rate 60) at 2019.11.08-22.52.04
[2019.11.09-06.52.04:655][469]LogWorld: Bringing up level for play took: 0.018552
[2019.11.09-06.52.04:679][469]PIE: Play in editor start time for /Game/FirstPersonBP/Maps/UEDPIE_0_FirstPersonExampleMap 1.625
[2019.11.09-06.52.04:680][469]LogBlueprintUserMessages: Late PlayInEditor Detection: Level '/Game/FirstPersonBP/Maps/FirstPersonExampleMap.FirstPersonExampleMap:PersistentLevel' has LevelScriptBlueprint '/Game/FirstPersonBP/Maps/FirstPersonExampleMap.FirstPersonExampleMap:PersistentLevel.FirstPersonExampleMap' with GeneratedClass '/Game/FirstPersonBP/Maps/FirstPersonExampleMap.FirstPersonExampleMap_C' with ClassGeneratedBy '/Game/FirstPersonBP/Maps/FirstPersonExampleMap.FirstPersonExampleMap:PersistentLevel.FirstPersonExampleMap'
[2019.11.09-06.52.08:308][554]LogBlueprintUserMessages: Early EndPlayMap Detection: Level '/Game/FirstPersonBP/Maps/FirstPersonExampleMap.FirstPersonExampleMap:PersistentLevel' has LevelScriptBlueprint '/Game/FirstPersonBP/Maps/FirstPersonExampleMap.FirstPersonExampleMap:PersistentLevel.FirstPersonExampleMap' with GeneratedClass '/Game/FirstPersonBP/Maps/FirstPersonExampleMap.FirstPersonExampleMap_C' with ClassGeneratedBy '/Game/FirstPersonBP/Maps/FirstPersonExampleMap.FirstPersonExampleMap:PersistentLevel.FirstPersonExampleMap'
[2019.11.09-06.52.08:310][554]LogSlate: Updating window title bar state: overlay mode, drag disabled, window buttons hidden, title bar hidden
[2019.11.09-06.52.08:355][554]LogSlate: Window 'Mechanics_Sandbox Game Preview Standalone (64-bit/PCD3D_SM5)' being destroyed
[2019.11.09-06.52.08:431][554]LogPlayLevel: Display: Shutting down PIE online subsystems
[2019.11.09-06.52.08:432][554]LogBlueprintUserMessages: Late EndPlayMap Detection: Level '/Game/FirstPersonBP/Maps/FirstPersonExampleMap.FirstPersonExampleMap:PersistentLevel' has LevelScriptBlueprint '/Game/FirstPersonBP/Maps/FirstPersonExampleMap.FirstPersonExampleMap:PersistentLevel.FirstPersonExampleMap' with GeneratedClass '/Game/FirstPersonBP/Maps/FirstPersonExampleMap.FirstPersonExampleMap_C' with ClassGeneratedBy '/Game/FirstPersonBP/Maps/FirstPersonExampleMap.FirstPersonExampleMap:PersistentLevel.FirstPersonExampleMap'
[2019.11.09-06.52.08:569][554]LogUObjectHash: Compacting FUObjectHashTables data took   6.19ms
[2019.11.09-06.52.08:711][555]LogPlayLevel: Display: Destroying online subsystem :Context_77
[2019.11.09-06.52.54:783][ 54]LogTemp: Repeating last play command: New Editor Window (PIE)
[2019.11.09-06.52.54:877][ 54]LogBlueprintUserMessages: Early PlayInEditor Detection: Level '/Game/FirstPersonBP/Maps/FirstPersonExampleMap.FirstPersonExampleMap:PersistentLevel' has LevelScriptBlueprint '/Game/FirstPersonBP/Maps/FirstPersonExampleMap.FirstPersonExampleMap:PersistentLevel.FirstPersonExampleMap' with GeneratedClass '/Game/FirstPersonBP/Maps/FirstPersonExampleMap.FirstPersonExampleMap_C' with ClassGeneratedBy '/Game/FirstPersonBP/Maps/FirstPersonExampleMap.FirstPersonExampleMap:PersistentLevel.FirstPersonExampleMap'
[2019.11.09-06.52.54:879][ 54]BlueprintLog: New page: Pre-Play auto-recompile
[2019.11.09-06.52.54:881][ 54]LogPlayLevel: [PlayLevel] Compiling Teleporter before play...
[2019.11.09-06.52.55:555][ 54]LogUObjectHash: Compacting FUObjectHashTables data took   9.99ms
[2019.11.09-06.52.55:556][ 54]LogPlayLevel: PlayLevel: Blueprint regeneration took 677 ms (1 blueprints)
[2019.11.09-06.52.55:556][ 54]PIE: New page: PIE session: FirstPersonExampleMap (Nov 8, 2019, 2:52:55 PM)
[2019.11.09-06.52.55:556][ 54]LogPlayLevel: Creating play world package: /Game/FirstPersonBP/Maps/UEDPIE_0_FirstPersonExampleMap
[2019.11.09-06.52.55:591][ 54]LogPlayLevel: PIE: StaticDuplicateObject took: (0.033952s)
[2019.11.09-06.52.55:593][ 54]LogAIModule: Creating AISystem for world FirstPersonExampleMap
[2019.11.09-06.52.55:594][ 54]LogPlayLevel: PIE: World Init took: (0.002983s)
[2019.11.09-06.52.55:595][ 54]LogPlayLevel: PIE: Created PIE world by copying editor world from /Game/FirstPersonBP/Maps/FirstPersonExampleMap.FirstPersonExampleMap to /Game/FirstPersonBP/Maps/UEDPIE_0_FirstPersonExampleMap.FirstPersonExampleMap (0.038555s)
[2019.11.09-06.52.55:701][ 54]LogUObjectHash: Compacting FUObjectHashTables data took   7.83ms
[2019.11.09-06.52.55:764][ 54]LogInit: XAudio2 using 'Headset Earphone (SteelSeries Arctis 5 Chat)' : 2 channels at 48 kHz using 16 bits per sample (channel mask 0x3)
[2019.11.09-06.52.55:799][ 54]LogInit: FAudioDevice initialized.
[2019.11.09-06.52.55:823][ 54]LogSlate: Updating window title bar state: overlay mode, drag disabled, window buttons hidden, title bar hidden
[2019.11.09-06.52.55:872][ 54]LogLoad: Game class is 'FirstPersonGameMode_C'
[2019.11.09-06.52.55:886][ 54]LogWorld: Bringing World /Game/FirstPersonBP/Maps/UEDPIE_0_FirstPersonExampleMap.FirstPersonExampleMap up for play (max tick rate 60) at 2019.11.08-22.52.55
[2019.11.09-06.52.55:888][ 54]LogWorld: Bringing up level for play took: 0.013805
[2019.11.09-06.52.55:915][ 54]PIE: Play in editor start time for /Game/FirstPersonBP/Maps/UEDPIE_0_FirstPersonExampleMap 0.861
[2019.11.09-06.52.55:916][ 54]LogBlueprintUserMessages: Late PlayInEditor Detection: Level '/Game/FirstPersonBP/Maps/FirstPersonExampleMap.FirstPersonExampleMap:PersistentLevel' has LevelScriptBlueprint '/Game/FirstPersonBP/Maps/FirstPersonExampleMap.FirstPersonExampleMap:PersistentLevel.FirstPersonExampleMap' with GeneratedClass '/Game/FirstPersonBP/Maps/FirstPersonExampleMap.FirstPersonExampleMap_C' with ClassGeneratedBy '/Game/FirstPersonBP/Maps/FirstPersonExampleMap.FirstPersonExampleMap:PersistentLevel.FirstPersonExampleMap'
[2019.11.09-06.53.01:162][185]LogBlueprintUserMessages: Early EndPlayMap Detection: Level '/Game/FirstPersonBP/Maps/FirstPersonExampleMap.FirstPersonExampleMap:PersistentLevel' has LevelScriptBlueprint '/Game/FirstPersonBP/Maps/FirstPersonExampleMap.FirstPersonExampleMap:PersistentLevel.FirstPersonExampleMap' with GeneratedClass '/Game/FirstPersonBP/Maps/FirstPersonExampleMap.FirstPersonExampleMap_C' with ClassGeneratedBy '/Game/FirstPersonBP/Maps/FirstPersonExampleMap.FirstPersonExampleMap:PersistentLevel.FirstPersonExampleMap'
[2019.11.09-06.53.01:164][185]LogSlate: Updating window title bar state: overlay mode, drag disabled, window buttons hidden, title bar hidden
[2019.11.09-06.53.01:212][185]LogSlate: Window 'Mechanics_Sandbox Game Preview Standalone (64-bit/PCD3D_SM5)' being destroyed
[2019.11.09-06.53.01:283][185]LogPlayLevel: Display: Shutting down PIE online subsystems
[2019.11.09-06.53.01:284][185]LogBlueprintUserMessages: Late EndPlayMap Detection: Level '/Game/FirstPersonBP/Maps/FirstPersonExampleMap.FirstPersonExampleMap:PersistentLevel' has LevelScriptBlueprint '/Game/FirstPersonBP/Maps/FirstPersonExampleMap.FirstPersonExampleMap:PersistentLevel.FirstPersonExampleMap' with GeneratedClass '/Game/FirstPersonBP/Maps/FirstPersonExampleMap.FirstPersonExampleMap_C' with ClassGeneratedBy '/Game/FirstPersonBP/Maps/FirstPersonExampleMap.FirstPersonExampleMap:PersistentLevel.FirstPersonExampleMap'
[2019.11.09-06.53.01:411][185]LogUObjectHash: Compacting FUObjectHashTables data took   5.28ms
[2019.11.09-06.53.01:550][186]LogPlayLevel: Display: Destroying online subsystem :Context_78
[2019.11.09-06.53.10:566][471]LogTemp: Repeating last play command: New Editor Window (PIE)
[2019.11.09-06.53.10:667][471]LogBlueprintUserMessages: Early PlayInEditor Detection: Level '/Game/FirstPersonBP/Maps/FirstPersonExampleMap.FirstPersonExampleMap:PersistentLevel' has LevelScriptBlueprint '/Game/FirstPersonBP/Maps/FirstPersonExampleMap.FirstPersonExampleMap:PersistentLevel.FirstPersonExampleMap' with GeneratedClass '/Game/FirstPersonBP/Maps/FirstPersonExampleMap.FirstPersonExampleMap_C' with ClassGeneratedBy '/Game/FirstPersonBP/Maps/FirstPersonExampleMap.FirstPersonExampleMap:PersistentLevel.FirstPersonExampleMap'
[2019.11.09-06.53.10:669][471]BlueprintLog: New page: Pre-Play auto-recompile
[2019.11.09-06.53.10:671][471]LogPlayLevel: [PlayLevel] Compiling Teleporter before play...
[2019.11.09-06.53.11:353][471]LogUObjectHash: Compacting FUObjectHashTables data took   8.62ms
[2019.11.09-06.53.11:354][471]LogPlayLevel: PlayLevel: Blueprint regeneration took 684 ms (1 blueprints)
[2019.11.09-06.53.11:354][471]PIE: New page: PIE session: FirstPersonExampleMap (Nov 8, 2019, 2:53:11 PM)
[2019.11.09-06.53.11:355][471]LogPlayLevel: Creating play world package: /Game/FirstPersonBP/Maps/UEDPIE_0_FirstPersonExampleMap
[2019.11.09-06.53.11:393][471]LogPlayLevel: PIE: StaticDuplicateObject took: (0.037886s)
[2019.11.09-06.53.11:395][471]LogAIModule: Creating AISystem for world FirstPersonExampleMap
[2019.11.09-06.53.11:396][471]LogPlayLevel: PIE: World Init took: (0.002541s)
[2019.11.09-06.53.11:396][471]LogPlayLevel: PIE: Created PIE world by copying editor world from /Game/FirstPersonBP/Maps/FirstPersonExampleMap.FirstPersonExampleMap to /Game/FirstPersonBP/Maps/UEDPIE_0_FirstPersonExampleMap.FirstPersonExampleMap (0.041565s)
[2019.11.09-06.53.11:507][471]LogUObjectHash: Compacting FUObjectHashTables data took   7.50ms
[2019.11.09-06.53.11:572][471]LogInit: XAudio2 using 'Headset Earphone (SteelSeries Arctis 5 Chat)' : 2 channels at 48 kHz using 16 bits per sample (channel mask 0x3)
[2019.11.09-06.53.11:607][471]LogInit: FAudioDevice initialized.
[2019.11.09-06.53.11:631][471]LogSlate: Updating window title bar state: overlay mode, drag disabled, window buttons hidden, title bar hidden
[2019.11.09-06.53.11:674][471]LogLoad: Game class is 'FirstPersonGameMode_C'
[2019.11.09-06.53.11:694][471]LogWorld: Bringing World /Game/FirstPersonBP/Maps/UEDPIE_0_FirstPersonExampleMap.FirstPersonExampleMap up for play (max tick rate 60) at 2019.11.08-22.53.11
[2019.11.09-06.53.11:697][471]LogWorld: Bringing up level for play took: 0.018635
[2019.11.09-06.53.11:720][471]PIE: Play in editor start time for /Game/FirstPersonBP/Maps/UEDPIE_0_FirstPersonExampleMap 0.666
[2019.11.09-06.53.11:721][471]LogBlueprintUserMessages: Late PlayInEditor Detection: Level '/Game/FirstPersonBP/Maps/FirstPersonExampleMap.FirstPersonExampleMap:PersistentLevel' has LevelScriptBlueprint '/Game/FirstPersonBP/Maps/FirstPersonExampleMap.FirstPersonExampleMap:PersistentLevel.FirstPersonExampleMap' with GeneratedClass '/Game/FirstPersonBP/Maps/FirstPersonExampleMap.FirstPersonExampleMap_C' with ClassGeneratedBy '/Game/FirstPersonBP/Maps/FirstPersonExampleMap.FirstPersonExampleMap:PersistentLevel.FirstPersonExampleMap'
[2019.11.09-06.53.16:525][589]LogBlueprintUserMessages: Early EndPlayMap Detection: Level '/Game/FirstPersonBP/Maps/FirstPersonExampleMap.FirstPersonExampleMap:PersistentLevel' has LevelScriptBlueprint '/Game/FirstPersonBP/Maps/FirstPersonExampleMap.FirstPersonExampleMap:PersistentLevel.FirstPersonExampleMap' with GeneratedClass '/Game/FirstPersonBP/Maps/FirstPersonExampleMap.FirstPersonExampleMap_C' with ClassGeneratedBy '/Game/FirstPersonBP/Maps/FirstPersonExampleMap.FirstPersonExampleMap:PersistentLevel.FirstPersonExampleMap'
[2019.11.09-06.53.16:527][589]LogSlate: Updating window title bar state: overlay mode, drag disabled, window buttons hidden, title bar hidden
[2019.11.09-06.53.16:573][589]LogSlate: Window 'Mechanics_Sandbox Game Preview Standalone (64-bit/PCD3D_SM5)' being destroyed
[2019.11.09-06.53.16:645][589]LogPlayLevel: Display: Shutting down PIE online subsystems
[2019.11.09-06.53.16:646][589]LogBlueprintUserMessages: Late EndPlayMap Detection: Level '/Game/FirstPersonBP/Maps/FirstPersonExampleMap.FirstPersonExampleMap:PersistentLevel' has LevelScriptBlueprint '/Game/FirstPersonBP/Maps/FirstPersonExampleMap.FirstPersonExampleMap:PersistentLevel.FirstPersonExampleMap' with GeneratedClass '/Game/FirstPersonBP/Maps/FirstPersonExampleMap.FirstPersonExampleMap_C' with ClassGeneratedBy '/Game/FirstPersonBP/Maps/FirstPersonExampleMap.FirstPersonExampleMap:PersistentLevel.FirstPersonExampleMap'
[2019.11.09-06.53.16:775][589]LogUObjectHash: Compacting FUObjectHashTables data took   5.66ms
[2019.11.09-06.53.16:914][590]LogPlayLevel: Display: Destroying online subsystem :Context_79
[2019.11.09-06.54.48:547][743]BlueprintLog: New page: Compile Teleporter
[2019.11.09-06.54.49:160][743]LogUObjectHash: Compacting FUObjectHashTables data took  10.98ms
[2019.11.09-06.56.56:955][158]LogEditorTransaction: Undo Move Node
[2019.11.09-06.58.40:930][637]BlueprintLog: New page: Compile Teleporter
[2019.11.09-06.58.41:585][637]LogUObjectHash: Compacting FUObjectHashTables data took  12.94ms
[2019.11.09-06.59.27:962][299]LogTemp: Repeating last play command: New Editor Window (PIE)
[2019.11.09-06.59.28:061][299]LogBlueprintUserMessages: Early PlayInEditor Detection: Level '/Game/FirstPersonBP/Maps/FirstPersonExampleMap.FirstPersonExampleMap:PersistentLevel' has LevelScriptBlueprint '/Game/FirstPersonBP/Maps/FirstPersonExampleMap.FirstPersonExampleMap:PersistentLevel.FirstPersonExampleMap' with GeneratedClass '/Game/FirstPersonBP/Maps/FirstPersonExampleMap.FirstPersonExampleMap_C' with ClassGeneratedBy '/Game/FirstPersonBP/Maps/FirstPersonExampleMap.FirstPersonExampleMap:PersistentLevel.FirstPersonExampleMap'
[2019.11.09-06.59.28:063][299]BlueprintLog: New page: Pre-Play auto-recompile
[2019.11.09-06.59.28:064][299]LogPlayLevel: [PlayLevel] Compiling Teleporter before play...
[2019.11.09-06.59.28:746][299]LogUObjectHash: Compacting FUObjectHashTables data took   9.28ms
[2019.11.09-06.59.28:747][299]LogPlayLevel: PlayLevel: Blueprint regeneration took 684 ms (1 blueprints)
[2019.11.09-06.59.28:748][299]PIE: New page: PIE session: FirstPersonExampleMap (Nov 8, 2019, 2:59:28 PM)
[2019.11.09-06.59.28:748][299]LogPlayLevel: Creating play world package: /Game/FirstPersonBP/Maps/UEDPIE_0_FirstPersonExampleMap
[2019.11.09-06.59.28:791][299]LogPlayLevel: PIE: StaticDuplicateObject took: (0.042008s)
[2019.11.09-06.59.28:793][299]LogAIModule: Creating AISystem for world FirstPersonExampleMap
[2019.11.09-06.59.28:795][299]LogPlayLevel: PIE: World Init took: (0.003373s)
[2019.11.09-06.59.28:796][299]LogPlayLevel: PIE: Created PIE world by copying editor world from /Game/FirstPersonBP/Maps/FirstPersonExampleMap.FirstPersonExampleMap to /Game/FirstPersonBP/Maps/UEDPIE_0_FirstPersonExampleMap.FirstPersonExampleMap (0.047007s)
[2019.11.09-06.59.28:905][299]LogUObjectHash: Compacting FUObjectHashTables data took   6.49ms
[2019.11.09-06.59.28:969][299]LogInit: XAudio2 using 'Headset Earphone (SteelSeries Arctis 5 Chat)' : 2 channels at 48 kHz using 16 bits per sample (channel mask 0x3)
[2019.11.09-06.59.29:010][299]LogInit: FAudioDevice initialized.
[2019.11.09-06.59.29:030][299]LogSlate: Updating window title bar state: overlay mode, drag disabled, window buttons hidden, title bar hidden
[2019.11.09-06.59.29:074][299]LogLoad: Game class is 'FirstPersonGameMode_C'
[2019.11.09-06.59.29:095][299]LogWorld: Bringing World /Game/FirstPersonBP/Maps/UEDPIE_0_FirstPersonExampleMap.FirstPersonExampleMap up for play (max tick rate 60) at 2019.11.08-22.59.29
[2019.11.09-06.59.29:099][299]LogWorld: Bringing up level for play took: 0.022246
[2019.11.09-06.59.29:126][299]PIE: Play in editor start time for /Game/FirstPersonBP/Maps/UEDPIE_0_FirstPersonExampleMap 2.072
[2019.11.09-06.59.29:128][299]LogBlueprintUserMessages: Late PlayInEditor Detection: Level '/Game/FirstPersonBP/Maps/FirstPersonExampleMap.FirstPersonExampleMap:PersistentLevel' has LevelScriptBlueprint '/Game/FirstPersonBP/Maps/FirstPersonExampleMap.FirstPersonExampleMap:PersistentLevel.FirstPersonExampleMap' with GeneratedClass '/Game/FirstPersonBP/Maps/FirstPersonExampleMap.FirstPersonExampleMap_C' with ClassGeneratedBy '/Game/FirstPersonBP/Maps/FirstPersonExampleMap.FirstPersonExampleMap:PersistentLevel.FirstPersonExampleMap'
[2019.11.09-06.59.39:345][569]LogBlueprintUserMessages: Early EndPlayMap Detection: Level '/Game/FirstPersonBP/Maps/FirstPersonExampleMap.FirstPersonExampleMap:PersistentLevel' has LevelScriptBlueprint '/Game/FirstPersonBP/Maps/FirstPersonExampleMap.FirstPersonExampleMap:PersistentLevel.FirstPersonExampleMap' with GeneratedClass '/Game/FirstPersonBP/Maps/FirstPersonExampleMap.FirstPersonExampleMap_C' with ClassGeneratedBy '/Game/FirstPersonBP/Maps/FirstPersonExampleMap.FirstPersonExampleMap:PersistentLevel.FirstPersonExampleMap'
[2019.11.09-06.59.39:348][569]LogSlate: Updating window title bar state: overlay mode, drag disabled, window buttons hidden, title bar hidden
[2019.11.09-06.59.39:394][569]LogSlate: Window 'Mechanics_Sandbox Game Preview Standalone (64-bit/PCD3D_SM5)' being destroyed
[2019.11.09-06.59.39:463][569]LogPlayLevel: Display: Shutting down PIE online subsystems
[2019.11.09-06.59.39:463][569]LogBlueprintUserMessages: Late EndPlayMap Detection: Level '/Game/FirstPersonBP/Maps/FirstPersonExampleMap.FirstPersonExampleMap:PersistentLevel' has LevelScriptBlueprint '/Game/FirstPersonBP/Maps/FirstPersonExampleMap.FirstPersonExampleMap:PersistentLevel.FirstPersonExampleMap' with GeneratedClass '/Game/FirstPersonBP/Maps/FirstPersonExampleMap.FirstPersonExampleMap_C' with ClassGeneratedBy '/Game/FirstPersonBP/Maps/FirstPersonExampleMap.FirstPersonExampleMap:PersistentLevel.FirstPersonExampleMap'
[2019.11.09-06.59.39:601][569]LogUObjectHash: Compacting FUObjectHashTables data took   6.40ms
[2019.11.09-06.59.39:750][570]LogPlayLevel: Display: Destroying online subsystem :Context_80
[2019.11.09-07.00.52:532][ 86]BlueprintLog: New page: Compile Teleporter
[2019.11.09-07.00.53:179][ 86]LogUObjectHash: Compacting FUObjectHashTables data took   8.64ms
[2019.11.09-07.00.53:714][ 99]LogTemp: Repeating last play command: New Editor Window (PIE)
[2019.11.09-07.00.53:804][ 99]LogBlueprintUserMessages: Early PlayInEditor Detection: Level '/Game/FirstPersonBP/Maps/FirstPersonExampleMap.FirstPersonExampleMap:PersistentLevel' has LevelScriptBlueprint '/Game/FirstPersonBP/Maps/FirstPersonExampleMap.FirstPersonExampleMap:PersistentLevel.FirstPersonExampleMap' with GeneratedClass '/Game/FirstPersonBP/Maps/FirstPersonExampleMap.FirstPersonExampleMap_C' with ClassGeneratedBy '/Game/FirstPersonBP/Maps/FirstPersonExampleMap.FirstPersonExampleMap:PersistentLevel.FirstPersonExampleMap'
[2019.11.09-07.00.53:806][ 99]LogPlayLevel: PlayLevel: No blueprints needed recompiling
[2019.11.09-07.00.53:806][ 99]PIE: New page: PIE session: FirstPersonExampleMap (Nov 8, 2019, 3:00:53 PM)
[2019.11.09-07.00.53:807][ 99]LogPlayLevel: Creating play world package: /Game/FirstPersonBP/Maps/UEDPIE_0_FirstPersonExampleMap
[2019.11.09-07.00.53:849][ 99]LogPlayLevel: PIE: StaticDuplicateObject took: (0.041855s)
[2019.11.09-07.00.53:850][ 99]LogAIModule: Creating AISystem for world FirstPersonExampleMap
[2019.11.09-07.00.53:851][ 99]LogPlayLevel: PIE: World Init took: (0.001656s)
[2019.11.09-07.00.53:852][ 99]LogPlayLevel: PIE: Created PIE world by copying editor world from /Game/FirstPersonBP/Maps/FirstPersonExampleMap.FirstPersonExampleMap to /Game/FirstPersonBP/Maps/UEDPIE_0_FirstPersonExampleMap.FirstPersonExampleMap (0.044924s)
[2019.11.09-07.00.53:971][ 99]LogUObjectHash: Compacting FUObjectHashTables data took  11.92ms
[2019.11.09-07.00.54:038][ 99]LogInit: XAudio2 using 'Headset Earphone (SteelSeries Arctis 5 Chat)' : 2 channels at 48 kHz using 16 bits per sample (channel mask 0x3)
[2019.11.09-07.00.54:076][ 99]LogInit: FAudioDevice initialized.
[2019.11.09-07.00.54:098][ 99]LogSlate: Updating window title bar state: overlay mode, drag disabled, window buttons hidden, title bar hidden
[2019.11.09-07.00.54:139][ 99]LogLoad: Game class is 'FirstPersonGameMode_C'
[2019.11.09-07.00.54:156][ 99]LogWorld: Bringing World /Game/FirstPersonBP/Maps/UEDPIE_0_FirstPersonExampleMap.FirstPersonExampleMap up for play (max tick rate 60) at 2019.11.08-23.00.54
[2019.11.09-07.00.54:162][ 99]LogWorld: Bringing up level for play took: 0.018919
[2019.11.09-07.00.54:185][ 99]PIE: Play in editor start time for /Game/FirstPersonBP/Maps/UEDPIE_0_FirstPersonExampleMap 1.131
[2019.11.09-07.00.54:186][ 99]LogBlueprintUserMessages: Late PlayInEditor Detection: Level '/Game/FirstPersonBP/Maps/FirstPersonExampleMap.FirstPersonExampleMap:PersistentLevel' has LevelScriptBlueprint '/Game/FirstPersonBP/Maps/FirstPersonExampleMap.FirstPersonExampleMap:PersistentLevel.FirstPersonExampleMap' with GeneratedClass '/Game/FirstPersonBP/Maps/FirstPersonExampleMap.FirstPersonExampleMap_C' with ClassGeneratedBy '/Game/FirstPersonBP/Maps/FirstPersonExampleMap.FirstPersonExampleMap:PersistentLevel.FirstPersonExampleMap'
[2019.11.09-07.01.05:190][380]LogBlueprintUserMessages: Early EndPlayMap Detection: Level '/Game/FirstPersonBP/Maps/FirstPersonExampleMap.FirstPersonExampleMap:PersistentLevel' has LevelScriptBlueprint '/Game/FirstPersonBP/Maps/FirstPersonExampleMap.FirstPersonExampleMap:PersistentLevel.FirstPersonExampleMap' with GeneratedClass '/Game/FirstPersonBP/Maps/FirstPersonExampleMap.FirstPersonExampleMap_C' with ClassGeneratedBy '/Game/FirstPersonBP/Maps/FirstPersonExampleMap.FirstPersonExampleMap:PersistentLevel.FirstPersonExampleMap'
[2019.11.09-07.01.05:193][380]LogSlate: Updating window title bar state: overlay mode, drag disabled, window buttons hidden, title bar hidden
[2019.11.09-07.01.05:238][380]LogSlate: Window 'Mechanics_Sandbox Game Preview Standalone (64-bit/PCD3D_SM5)' being destroyed
[2019.11.09-07.01.05:335][380]LogPlayLevel: Display: Shutting down PIE online subsystems
[2019.11.09-07.01.05:336][380]LogBlueprintUserMessages: Late EndPlayMap Detection: Level '/Game/FirstPersonBP/Maps/FirstPersonExampleMap.FirstPersonExampleMap:PersistentLevel' has LevelScriptBlueprint '/Game/FirstPersonBP/Maps/FirstPersonExampleMap.FirstPersonExampleMap:PersistentLevel.FirstPersonExampleMap' with GeneratedClass '/Game/FirstPersonBP/Maps/FirstPersonExampleMap.FirstPersonExampleMap_C' with ClassGeneratedBy '/Game/FirstPersonBP/Maps/FirstPersonExampleMap.FirstPersonExampleMap:PersistentLevel.FirstPersonExampleMap'
[2019.11.09-07.01.05:468][380]LogUObjectHash: Compacting FUObjectHashTables data took   9.02ms
[2019.11.09-07.01.05:637][381]LogPlayLevel: Display: Destroying online subsystem :Context_81
[2019.11.09-07.01.40:451][617]LogTemp: Repeating last play command: New Editor Window (PIE)
[2019.11.09-07.01.40:518][617]LogBlueprintUserMessages: Early PlayInEditor Detection: Level '/Game/FirstPersonBP/Maps/FirstPersonExampleMap.FirstPersonExampleMap:PersistentLevel' has LevelScriptBlueprint '/Game/FirstPersonBP/Maps/FirstPersonExampleMap.FirstPersonExampleMap:PersistentLevel.FirstPersonExampleMap' with GeneratedClass '/Game/FirstPersonBP/Maps/FirstPersonExampleMap.FirstPersonExampleMap_C' with ClassGeneratedBy '/Game/FirstPersonBP/Maps/FirstPersonExampleMap.FirstPersonExampleMap:PersistentLevel.FirstPersonExampleMap'
[2019.11.09-07.01.40:520][617]BlueprintLog: New page: Pre-Play auto-recompile
[2019.11.09-07.01.40:522][617]LogPlayLevel: [PlayLevel] Compiling Teleporter before play...
[2019.11.09-07.01.41:210][617]LogUObjectHash: Compacting FUObjectHashTables data took  10.35ms
[2019.11.09-07.01.41:211][617]LogPlayLevel: PlayLevel: Blueprint regeneration took 691 ms (1 blueprints)
[2019.11.09-07.01.41:212][617]PIE: New page: PIE session: FirstPersonExampleMap (Nov 8, 2019, 3:01:41 PM)
[2019.11.09-07.01.41:213][617]LogPlayLevel: Creating play world package: /Game/FirstPersonBP/Maps/UEDPIE_0_FirstPersonExampleMap
[2019.11.09-07.01.41:252][617]LogPlayLevel: PIE: StaticDuplicateObject took: (0.038069s)
[2019.11.09-07.01.41:254][617]LogAIModule: Creating AISystem for world FirstPersonExampleMap
[2019.11.09-07.01.41:255][617]LogPlayLevel: PIE: World Init took: (0.002361s)
[2019.11.09-07.01.41:255][617]LogPlayLevel: PIE: Created PIE world by copying editor world from /Game/FirstPersonBP/Maps/FirstPersonExampleMap.FirstPersonExampleMap to /Game/FirstPersonBP/Maps/UEDPIE_0_FirstPersonExampleMap.FirstPersonExampleMap (0.042531s)
[2019.11.09-07.01.41:363][617]LogUObjectHash: Compacting FUObjectHashTables data took   6.21ms
[2019.11.09-07.01.41:425][617]LogInit: XAudio2 using 'Headset Earphone (SteelSeries Arctis 5 Chat)' : 2 channels at 48 kHz using 16 bits per sample (channel mask 0x3)
[2019.11.09-07.01.41:462][617]LogInit: FAudioDevice initialized.
[2019.11.09-07.01.41:480][617]LogSlate: Updating window title bar state: overlay mode, drag disabled, window buttons hidden, title bar hidden
[2019.11.09-07.01.41:523][617]LogLoad: Game class is 'FirstPersonGameMode_C'
[2019.11.09-07.01.41:544][617]LogWorld: Bringing World /Game/FirstPersonBP/Maps/UEDPIE_0_FirstPersonExampleMap.FirstPersonExampleMap up for play (max tick rate 60) at 2019.11.08-23.01.41
[2019.11.09-07.01.41:547][617]LogWorld: Bringing up level for play took: 0.020762
[2019.11.09-07.01.41:568][617]PIE: Play in editor start time for /Game/FirstPersonBP/Maps/UEDPIE_0_FirstPersonExampleMap 0.514
[2019.11.09-07.01.41:570][617]LogBlueprintUserMessages: Late PlayInEditor Detection: Level '/Game/FirstPersonBP/Maps/FirstPersonExampleMap.FirstPersonExampleMap:PersistentLevel' has LevelScriptBlueprint '/Game/FirstPersonBP/Maps/FirstPersonExampleMap.FirstPersonExampleMap:PersistentLevel.FirstPersonExampleMap' with GeneratedClass '/Game/FirstPersonBP/Maps/FirstPersonExampleMap.FirstPersonExampleMap_C' with ClassGeneratedBy '/Game/FirstPersonBP/Maps/FirstPersonExampleMap.FirstPersonExampleMap:PersistentLevel.FirstPersonExampleMap'
[2019.11.09-07.01.59:232][ 87]LogBlueprintUserMessages: Early EndPlayMap Detection: Level '/Game/FirstPersonBP/Maps/FirstPersonExampleMap.FirstPersonExampleMap:PersistentLevel' has LevelScriptBlueprint '/Game/FirstPersonBP/Maps/FirstPersonExampleMap.FirstPersonExampleMap:PersistentLevel.FirstPersonExampleMap' with GeneratedClass '/Game/FirstPersonBP/Maps/FirstPersonExampleMap.FirstPersonExampleMap_C' with ClassGeneratedBy '/Game/FirstPersonBP/Maps/FirstPersonExampleMap.FirstPersonExampleMap:PersistentLevel.FirstPersonExampleMap'
[2019.11.09-07.01.59:233][ 87]LogSlate: Updating window title bar state: overlay mode, drag disabled, window buttons hidden, title bar hidden
[2019.11.09-07.01.59:280][ 87]LogSlate: Window 'Mechanics_Sandbox Game Preview Standalone (64-bit/PCD3D_SM5)' being destroyed
[2019.11.09-07.01.59:349][ 87]LogPlayLevel: Display: Shutting down PIE online subsystems
[2019.11.09-07.01.59:350][ 87]LogBlueprintUserMessages: Late EndPlayMap Detection: Level '/Game/FirstPersonBP/Maps/FirstPersonExampleMap.FirstPersonExampleMap:PersistentLevel' has LevelScriptBlueprint '/Game/FirstPersonBP/Maps/FirstPersonExampleMap.FirstPersonExampleMap:PersistentLevel.FirstPersonExampleMap' with GeneratedClass '/Game/FirstPersonBP/Maps/FirstPersonExampleMap.FirstPersonExampleMap_C' with ClassGeneratedBy '/Game/FirstPersonBP/Maps/FirstPersonExampleMap.FirstPersonExampleMap:PersistentLevel.FirstPersonExampleMap'
[2019.11.09-07.01.59:486][ 87]LogUObjectHash: Compacting FUObjectHashTables data took   5.37ms
[2019.11.09-07.01.59:628][ 88]LogPlayLevel: Display: Destroying online subsystem :Context_82
[2019.11.09-07.02.10:686][449]LogTemp: Repeating last play command: New Editor Window (PIE)
[2019.11.09-07.02.10:777][449]LogBlueprintUserMessages: Early PlayInEditor Detection: Level '/Game/FirstPersonBP/Maps/FirstPersonExampleMap.FirstPersonExampleMap:PersistentLevel' has LevelScriptBlueprint '/Game/FirstPersonBP/Maps/FirstPersonExampleMap.FirstPersonExampleMap:PersistentLevel.FirstPersonExampleMap' with GeneratedClass '/Game/FirstPersonBP/Maps/FirstPersonExampleMap.FirstPersonExampleMap_C' with ClassGeneratedBy '/Game/FirstPersonBP/Maps/FirstPersonExampleMap.FirstPersonExampleMap:PersistentLevel.FirstPersonExampleMap'
[2019.11.09-07.02.10:779][449]BlueprintLog: New page: Pre-Play auto-recompile
[2019.11.09-07.02.10:781][449]LogPlayLevel: [PlayLevel] Compiling Teleporter before play...
[2019.11.09-07.02.11:462][449]LogUObjectHash: Compacting FUObjectHashTables data took   9.34ms
[2019.11.09-07.02.11:463][449]LogPlayLevel: PlayLevel: Blueprint regeneration took 683 ms (1 blueprints)
[2019.11.09-07.02.11:463][449]PIE: New page: PIE session: FirstPersonExampleMap (Nov 8, 2019, 3:02:11 PM)
[2019.11.09-07.02.11:464][449]LogPlayLevel: Creating play world package: /Game/FirstPersonBP/Maps/UEDPIE_0_FirstPersonExampleMap
[2019.11.09-07.02.11:500][449]LogPlayLevel: PIE: StaticDuplicateObject took: (0.035707s)
[2019.11.09-07.02.11:502][449]LogAIModule: Creating AISystem for world FirstPersonExampleMap
[2019.11.09-07.02.11:503][449]LogPlayLevel: PIE: World Init took: (0.002151s)
[2019.11.09-07.02.11:503][449]LogPlayLevel: PIE: Created PIE world by copying editor world from /Game/FirstPersonBP/Maps/FirstPersonExampleMap.FirstPersonExampleMap to /Game/FirstPersonBP/Maps/UEDPIE_0_FirstPersonExampleMap.FirstPersonExampleMap (0.039203s)
[2019.11.09-07.02.11:625][449]LogUObjectHash: Compacting FUObjectHashTables data took   7.26ms
[2019.11.09-07.02.11:692][449]LogInit: XAudio2 using 'Headset Earphone (SteelSeries Arctis 5 Chat)' : 2 channels at 48 kHz using 16 bits per sample (channel mask 0x3)
[2019.11.09-07.02.11:730][449]LogInit: FAudioDevice initialized.
[2019.11.09-07.02.11:751][449]LogSlate: Updating window title bar state: overlay mode, drag disabled, window buttons hidden, title bar hidden
[2019.11.09-07.02.11:795][449]LogLoad: Game class is 'FirstPersonGameMode_C'
[2019.11.09-07.02.11:815][449]LogWorld: Bringing World /Game/FirstPersonBP/Maps/UEDPIE_0_FirstPersonExampleMap.FirstPersonExampleMap up for play (max tick rate 60) at 2019.11.08-23.02.11
[2019.11.09-07.02.11:818][449]LogWorld: Bringing up level for play took: 0.021364
[2019.11.09-07.02.11:844][449]PIE: Play in editor start time for /Game/FirstPersonBP/Maps/UEDPIE_0_FirstPersonExampleMap 0.79
[2019.11.09-07.02.11:845][449]LogBlueprintUserMessages: Late PlayInEditor Detection: Level '/Game/FirstPersonBP/Maps/FirstPersonExampleMap.FirstPersonExampleMap:PersistentLevel' has LevelScriptBlueprint '/Game/FirstPersonBP/Maps/FirstPersonExampleMap.FirstPersonExampleMap:PersistentLevel.FirstPersonExampleMap' with GeneratedClass '/Game/FirstPersonBP/Maps/FirstPersonExampleMap.FirstPersonExampleMap_C' with ClassGeneratedBy '/Game/FirstPersonBP/Maps/FirstPersonExampleMap.FirstPersonExampleMap:PersistentLevel.FirstPersonExampleMap'
[2019.11.09-07.02.14:029][500]LogBlueprintUserMessages: [FirstPersonCharacter_C_1] I got shot
[2019.11.09-07.02.15:573][542]LogBlueprintDebug: Warning: Hit breakpoint on node 'K2Node_Event', from offset 0
[2019.11.09-07.02.15:574][542]LogBlueprintDebug: 
Script call stack:
	Function /Game/Teleporter/Teleporter.Teleporter_C:ReceiveActorBeginOverlap

[2019.11.09-07.02.15:585][542]LogSlate: FSceneViewport::OnFocusLost() reason 2
[2019.11.09-07.02.54:893][542]LogBlueprintUserMessages: Early EndPlayMap Detection: Level '/Game/FirstPersonBP/Maps/FirstPersonExampleMap.FirstPersonExampleMap:PersistentLevel' has LevelScriptBlueprint '/Game/FirstPersonBP/Maps/FirstPersonExampleMap.FirstPersonExampleMap:PersistentLevel.FirstPersonExampleMap' with GeneratedClass '/Game/FirstPersonBP/Maps/FirstPersonExampleMap.FirstPersonExampleMap_C' with ClassGeneratedBy '/Game/FirstPersonBP/Maps/FirstPersonExampleMap.FirstPersonExampleMap:PersistentLevel.FirstPersonExampleMap'
[2019.11.09-07.02.54:895][542]LogSlate: Updating window title bar state: overlay mode, drag disabled, window buttons hidden, title bar hidden
[2019.11.09-07.02.54:948][542]LogSlate: Window 'Mechanics_Sandbox Game Preview Standalone (64-bit/PCD3D_SM5)' being destroyed
[2019.11.09-07.02.55:003][542]LogPlayLevel: Display: Shutting down PIE online subsystems
[2019.11.09-07.02.55:004][542]LogBlueprintUserMessages: Late EndPlayMap Detection: Level '/Game/FirstPersonBP/Maps/FirstPersonExampleMap.FirstPersonExampleMap:PersistentLevel' has LevelScriptBlueprint '/Game/FirstPersonBP/Maps/FirstPersonExampleMap.FirstPersonExampleMap:PersistentLevel.FirstPersonExampleMap' with GeneratedClass '/Game/FirstPersonBP/Maps/FirstPersonExampleMap.FirstPersonExampleMap_C' with ClassGeneratedBy '/Game/FirstPersonBP/Maps/FirstPersonExampleMap.FirstPersonExampleMap:PersistentLevel.FirstPersonExampleMap'
[2019.11.09-07.02.55:137][542]LogUObjectHash: Compacting FUObjectHashTables data took   9.07ms
[2019.11.09-07.02.55:245][543]LogPlayLevel: Display: Destroying online subsystem :Context_83
[2019.11.09-07.02.58:414][641]LogUObjectHash: Compacting FUObjectHashTables data took   2.33ms
[2019.11.09-07.02.59:288][641]LogSavePackage: Moving 'C:/Users/danny/Desktop/Systems_Sandbox/Mechanics_Sandbox/Saved/FirstPersonExampleMap_Auto85F0916494AA5ABC0977DCB8E65BCF7DC.tmp' to 'C:/Users/danny/Desktop/Systems_Sandbox/Mechanics_Sandbox/Saved/Autosaves/Game/FirstPersonBP/Maps/FirstPersonExampleMap_Auto8.umap'
[2019.11.09-07.02.59:298][641]LogFileHelpers: Editor autosave (incl. sublevels) for '/Game/FirstPersonBP/Maps/FirstPersonExampleMap' took 0.984
[2019.11.09-07.02.59:299][641]LogFileHelpers: Editor autosave (incl. sublevels) for all levels took 0.984
[2019.11.09-07.02.59:306][641]OBJ SavePackage: Generating thumbnails for [1] asset(s) in package [/Game/Teleporter/Teleporter] ([1] browsable assets)...
[2019.11.09-07.02.59:342][641]OBJ SavePackage:     Rendered thumbnail for [Blueprint /Game/Teleporter/Teleporter.Teleporter]
[2019.11.09-07.02.59:343][641]OBJ SavePackage: Finished generating thumbnails for package [/Game/Teleporter/Teleporter]
[2019.11.09-07.02.59:525][641]LogSavePackage: Moving 'C:/Users/danny/Desktop/Systems_Sandbox/Mechanics_Sandbox/Saved/Teleporter_Auto85542FBEF46A6D83B88AA5381159022C7.tmp' to 'C:/Users/danny/Desktop/Systems_Sandbox/Mechanics_Sandbox/Saved/Autosaves/Game/Teleporter/Teleporter_Auto8.uasset'
[2019.11.09-07.02.59:529][641]LogFileHelpers: Auto-saving content packages took 0.224
[2019.11.09-07.03.03:623][767]LogTemp: Repeating last play command: New Editor Window (PIE)
[2019.11.09-07.03.03:722][767]LogBlueprintUserMessages: Early PlayInEditor Detection: Level '/Game/FirstPersonBP/Maps/FirstPersonExampleMap.FirstPersonExampleMap:PersistentLevel' has LevelScriptBlueprint '/Game/FirstPersonBP/Maps/FirstPersonExampleMap.FirstPersonExampleMap:PersistentLevel.FirstPersonExampleMap' with GeneratedClass '/Game/FirstPersonBP/Maps/FirstPersonExampleMap.FirstPersonExampleMap_C' with ClassGeneratedBy '/Game/FirstPersonBP/Maps/FirstPersonExampleMap.FirstPersonExampleMap:PersistentLevel.FirstPersonExampleMap'
[2019.11.09-07.03.03:724][767]BlueprintLog: New page: Pre-Play auto-recompile
[2019.11.09-07.03.03:725][767]LogPlayLevel: [PlayLevel] Compiling Teleporter before play...
[2019.11.09-07.03.04:500][767]LogUObjectHash: Compacting FUObjectHashTables data took   9.68ms
[2019.11.09-07.03.04:500][767]LogPlayLevel: PlayLevel: Blueprint regeneration took 777 ms (1 blueprints)
[2019.11.09-07.03.04:501][767]PIE: New page: PIE session: FirstPersonExampleMap (Nov 8, 2019, 3:03:04 PM)
[2019.11.09-07.03.04:501][767]LogPlayLevel: Creating play world package: /Game/FirstPersonBP/Maps/UEDPIE_0_FirstPersonExampleMap
[2019.11.09-07.03.04:545][767]LogPlayLevel: PIE: StaticDuplicateObject took: (0.043210s)
[2019.11.09-07.03.04:547][767]LogAIModule: Creating AISystem for world FirstPersonExampleMap
[2019.11.09-07.03.04:549][767]LogPlayLevel: PIE: World Init took: (0.002807s)
[2019.11.09-07.03.04:549][767]LogPlayLevel: PIE: Created PIE world by copying editor world from /Game/FirstPersonBP/Maps/FirstPersonExampleMap.FirstPersonExampleMap to /Game/FirstPersonBP/Maps/UEDPIE_0_FirstPersonExampleMap.FirstPersonExampleMap (0.047878s)
[2019.11.09-07.03.04:672][767]LogUObjectHash: Compacting FUObjectHashTables data took   6.48ms
[2019.11.09-07.03.04:747][767]LogInit: XAudio2 using 'Headset Earphone (SteelSeries Arctis 5 Chat)' : 2 channels at 48 kHz using 16 bits per sample (channel mask 0x3)
[2019.11.09-07.03.04:784][767]LogInit: FAudioDevice initialized.
[2019.11.09-07.03.04:803][767]LogSlate: Updating window title bar state: overlay mode, drag disabled, window buttons hidden, title bar hidden
[2019.11.09-07.03.04:846][767]LogLoad: Game class is 'FirstPersonGameMode_C'
[2019.11.09-07.03.04:864][767]LogWorld: Bringing World /Game/FirstPersonBP/Maps/UEDPIE_0_FirstPersonExampleMap.FirstPersonExampleMap up for play (max tick rate 60) at 2019.11.08-23.03.04
[2019.11.09-07.03.04:866][767]LogWorld: Bringing up level for play took: 0.017684
[2019.11.09-07.03.04:890][767]PIE: Play in editor start time for /Game/FirstPersonBP/Maps/UEDPIE_0_FirstPersonExampleMap 1.837
[2019.11.09-07.03.04:891][767]LogBlueprintUserMessages: Late PlayInEditor Detection: Level '/Game/FirstPersonBP/Maps/FirstPersonExampleMap.FirstPersonExampleMap:PersistentLevel' has LevelScriptBlueprint '/Game/FirstPersonBP/Maps/FirstPersonExampleMap.FirstPersonExampleMap:PersistentLevel.FirstPersonExampleMap' with GeneratedClass '/Game/FirstPersonBP/Maps/FirstPersonExampleMap.FirstPersonExampleMap_C' with ClassGeneratedBy '/Game/FirstPersonBP/Maps/FirstPersonExampleMap.FirstPersonExampleMap:PersistentLevel.FirstPersonExampleMap'
[2019.11.09-07.03.06:744][811]LogBlueprintDebug: Warning: Hit breakpoint on node 'K2Node_Event', from offset 0
[2019.11.09-07.03.06:744][811]LogBlueprintDebug: 
Script call stack:
	Function /Game/Teleporter/Teleporter.Teleporter_C:ReceiveActorBeginOverlap

[2019.11.09-07.03.06:755][811]LogSlate: FSceneViewport::OnFocusLost() reason 2
[2019.11.09-07.03.26:539][150]LogUnrealEdMisc: Warning: Heartbeat event firing too frequently (31.294 sec). This should never happen. Something is wrong with the timer delegate!
[2019.11.09-07.03.28:799][204]LogSpawn: Warning: SpawnActor failed because of collision at the spawn location [X=1662.104 Y=-1190.530 Z=301.566] for [FirstPersonProjectile_C]
[2019.11.09-07.03.29:078][210]LogSpawn: Warning: SpawnActor failed because of collision at the spawn location [X=1656.031 Y=-1262.960 Z=303.356] for [FirstPersonProjectile_C]
[2019.11.09-07.03.40:587][508]LogBlueprintUserMessages: Early EndPlayMap Detection: Level '/Game/FirstPersonBP/Maps/FirstPersonExampleMap.FirstPersonExampleMap:PersistentLevel' has LevelScriptBlueprint '/Game/FirstPersonBP/Maps/FirstPersonExampleMap.FirstPersonExampleMap:PersistentLevel.FirstPersonExampleMap' with GeneratedClass '/Game/FirstPersonBP/Maps/FirstPersonExampleMap.FirstPersonExampleMap_C' with ClassGeneratedBy '/Game/FirstPersonBP/Maps/FirstPersonExampleMap.FirstPersonExampleMap:PersistentLevel.FirstPersonExampleMap'
[2019.11.09-07.03.40:590][508]LogSlate: Updating window title bar state: overlay mode, drag disabled, window buttons hidden, title bar hidden
[2019.11.09-07.03.40:634][508]LogSlate: Window 'Mechanics_Sandbox Game Preview Standalone (64-bit/PCD3D_SM5)' being destroyed
[2019.11.09-07.03.40:703][508]LogPlayLevel: Display: Shutting down PIE online subsystems
[2019.11.09-07.03.40:704][508]LogBlueprintUserMessages: Late EndPlayMap Detection: Level '/Game/FirstPersonBP/Maps/FirstPersonExampleMap.FirstPersonExampleMap:PersistentLevel' has LevelScriptBlueprint '/Game/FirstPersonBP/Maps/FirstPersonExampleMap.FirstPersonExampleMap:PersistentLevel.FirstPersonExampleMap' with GeneratedClass '/Game/FirstPersonBP/Maps/FirstPersonExampleMap.FirstPersonExampleMap_C' with ClassGeneratedBy '/Game/FirstPersonBP/Maps/FirstPersonExampleMap.FirstPersonExampleMap:PersistentLevel.FirstPersonExampleMap'
[2019.11.09-07.03.40:840][508]LogUObjectHash: Compacting FUObjectHashTables data took   7.15ms
[2019.11.09-07.03.40:957][509]LogPlayLevel: Display: Destroying online subsystem :Context_84
[2019.11.09-07.04.54:241][920]BlueprintLog: New page: Compile Teleporter
[2019.11.09-07.04.54:879][920]LogUObjectHash: Compacting FUObjectHashTables data took   8.78ms
[2019.11.09-07.04.55:723][937]LogTemp: Repeating last play command: New Editor Window (PIE)
[2019.11.09-07.04.55:818][937]LogBlueprintUserMessages: Early PlayInEditor Detection: Level '/Game/FirstPersonBP/Maps/FirstPersonExampleMap.FirstPersonExampleMap:PersistentLevel' has LevelScriptBlueprint '/Game/FirstPersonBP/Maps/FirstPersonExampleMap.FirstPersonExampleMap:PersistentLevel.FirstPersonExampleMap' with GeneratedClass '/Game/FirstPersonBP/Maps/FirstPersonExampleMap.FirstPersonExampleMap_C' with ClassGeneratedBy '/Game/FirstPersonBP/Maps/FirstPersonExampleMap.FirstPersonExampleMap:PersistentLevel.FirstPersonExampleMap'
[2019.11.09-07.04.55:821][937]LogPlayLevel: PlayLevel: No blueprints needed recompiling
[2019.11.09-07.04.55:821][937]PIE: New page: PIE session: FirstPersonExampleMap (Nov 8, 2019, 3:04:55 PM)
[2019.11.09-07.04.55:822][937]LogPlayLevel: Creating play world package: /Game/FirstPersonBP/Maps/UEDPIE_0_FirstPersonExampleMap
[2019.11.09-07.04.55:861][937]LogPlayLevel: PIE: StaticDuplicateObject took: (0.038782s)
[2019.11.09-07.04.55:863][937]LogAIModule: Creating AISystem for world FirstPersonExampleMap
[2019.11.09-07.04.55:864][937]LogPlayLevel: PIE: World Init took: (0.002428s)
[2019.11.09-07.04.55:864][937]LogPlayLevel: PIE: Created PIE world by copying editor world from /Game/FirstPersonBP/Maps/FirstPersonExampleMap.FirstPersonExampleMap to /Game/FirstPersonBP/Maps/UEDPIE_0_FirstPersonExampleMap.FirstPersonExampleMap (0.042463s)
[2019.11.09-07.04.55:977][937]LogUObjectHash: Compacting FUObjectHashTables data took  10.67ms
[2019.11.09-07.04.56:044][937]LogInit: XAudio2 using 'Headset Earphone (SteelSeries Arctis 5 Chat)' : 2 channels at 48 kHz using 16 bits per sample (channel mask 0x3)
[2019.11.09-07.04.56:084][937]LogInit: FAudioDevice initialized.
[2019.11.09-07.04.56:103][937]LogSlate: Updating window title bar state: overlay mode, drag disabled, window buttons hidden, title bar hidden
[2019.11.09-07.04.56:143][937]LogLoad: Game class is 'FirstPersonGameMode_C'
[2019.11.09-07.04.56:160][937]LogWorld: Bringing World /Game/FirstPersonBP/Maps/UEDPIE_0_FirstPersonExampleMap.FirstPersonExampleMap up for play (max tick rate 60) at 2019.11.08-23.04.56
[2019.11.09-07.04.56:165][937]LogWorld: Bringing up level for play took: 0.019734
[2019.11.09-07.04.56:188][937]PIE: Play in editor start time for /Game/FirstPersonBP/Maps/UEDPIE_0_FirstPersonExampleMap 1.134
[2019.11.09-07.04.56:189][937]LogBlueprintUserMessages: Late PlayInEditor Detection: Level '/Game/FirstPersonBP/Maps/FirstPersonExampleMap.FirstPersonExampleMap:PersistentLevel' has LevelScriptBlueprint '/Game/FirstPersonBP/Maps/FirstPersonExampleMap.FirstPersonExampleMap:PersistentLevel.FirstPersonExampleMap' with GeneratedClass '/Game/FirstPersonBP/Maps/FirstPersonExampleMap.FirstPersonExampleMap_C' with ClassGeneratedBy '/Game/FirstPersonBP/Maps/FirstPersonExampleMap.FirstPersonExampleMap:PersistentLevel.FirstPersonExampleMap'
[2019.11.09-07.05.01:241][ 54]LogBlueprintUserMessages: [FirstPersonCharacter_C_1] I got shot
[2019.11.09-07.05.13:632][345]LogBlueprintUserMessages: [FirstPersonCharacter_C_1] I got shot
[2019.11.09-07.05.15:345][381]LogBlueprintUserMessages: [FirstPersonCharacter_C_1] I got shot
[2019.11.09-07.05.15:610][387]LogBlueprintUserMessages: [FirstPersonCharacter_C_1] I got shot
[2019.11.09-07.05.17:075][420]LogBlueprintUserMessages: [FirstPersonCharacter_C_1] I got shot
[2019.11.09-07.05.17:364][426]LogBlueprintUserMessages: [FirstPersonCharacter_C_1] I got shot
[2019.11.09-07.05.17:757][435]LogBlueprintUserMessages: [FirstPersonCharacter_C_1] I got shot
[2019.11.09-07.05.18:031][441]LogBlueprintUserMessages: [FirstPersonCharacter_C_1] I got shot
[2019.11.09-07.05.18:279][446]LogBlueprintUserMessages: [FirstPersonCharacter_C_1] I got shot
[2019.11.09-07.05.18:726][456]LogBlueprintUserMessages: [FirstPersonCharacter_C_1] I got shot
[2019.11.09-07.05.19:222][467]LogBlueprintUserMessages: [FirstPersonCharacter_C_1] I got shot
[2019.11.09-07.05.19:447][472]LogBlueprintUserMessages: [FirstPersonCharacter_C_1] I got shot
[2019.11.09-07.05.19:964][484]LogBlueprintUserMessages: [FirstPersonCharacter_C_1] I got shot
[2019.11.09-07.05.24:536][585]LogBlueprintUserMessages: Early EndPlayMap Detection: Level '/Game/FirstPersonBP/Maps/FirstPersonExampleMap.FirstPersonExampleMap:PersistentLevel' has LevelScriptBlueprint '/Game/FirstPersonBP/Maps/FirstPersonExampleMap.FirstPersonExampleMap:PersistentLevel.FirstPersonExampleMap' with GeneratedClass '/Game/FirstPersonBP/Maps/FirstPersonExampleMap.FirstPersonExampleMap_C' with ClassGeneratedBy '/Game/FirstPersonBP/Maps/FirstPersonExampleMap.FirstPersonExampleMap:PersistentLevel.FirstPersonExampleMap'
[2019.11.09-07.05.24:539][585]LogSlate: Updating window title bar state: overlay mode, drag disabled, window buttons hidden, title bar hidden
[2019.11.09-07.05.24:592][585]LogSlate: Window 'Mechanics_Sandbox Game Preview Standalone (64-bit/PCD3D_SM5)' being destroyed
[2019.11.09-07.05.24:699][585]LogPlayLevel: Display: Shutting down PIE online subsystems
[2019.11.09-07.05.24:700][585]LogBlueprintUserMessages: Late EndPlayMap Detection: Level '/Game/FirstPersonBP/Maps/FirstPersonExampleMap.FirstPersonExampleMap:PersistentLevel' has LevelScriptBlueprint '/Game/FirstPersonBP/Maps/FirstPersonExampleMap.FirstPersonExampleMap:PersistentLevel.FirstPersonExampleMap' with GeneratedClass '/Game/FirstPersonBP/Maps/FirstPersonExampleMap.FirstPersonExampleMap_C' with ClassGeneratedBy '/Game/FirstPersonBP/Maps/FirstPersonExampleMap.FirstPersonExampleMap:PersistentLevel.FirstPersonExampleMap'
[2019.11.09-07.05.24:859][585]LogUObjectHash: Compacting FUObjectHashTables data took   7.11ms
[2019.11.09-07.05.25:147][586]LogPlayLevel: Display: Destroying online subsystem :Context_85
[2019.11.09-07.05.48:710][333]LogTemp: Repeating last play command: New Editor Window (PIE)
[2019.11.09-07.05.48:775][333]LogBlueprintUserMessages: Early PlayInEditor Detection: Level '/Game/FirstPersonBP/Maps/FirstPersonExampleMap.FirstPersonExampleMap:PersistentLevel' has LevelScriptBlueprint '/Game/FirstPersonBP/Maps/FirstPersonExampleMap.FirstPersonExampleMap:PersistentLevel.FirstPersonExampleMap' with GeneratedClass '/Game/FirstPersonBP/Maps/FirstPersonExampleMap.FirstPersonExampleMap_C' with ClassGeneratedBy '/Game/FirstPersonBP/Maps/FirstPersonExampleMap.FirstPersonExampleMap:PersistentLevel.FirstPersonExampleMap'
[2019.11.09-07.05.48:777][333]BlueprintLog: New page: Pre-Play auto-recompile
[2019.11.09-07.05.48:780][333]LogPlayLevel: [PlayLevel] Compiling Teleporter before play...
[2019.11.09-07.05.49:477][333]LogUObjectHash: Compacting FUObjectHashTables data took   8.73ms
[2019.11.09-07.05.49:478][333]LogPlayLevel: PlayLevel: Blueprint regeneration took 700 ms (1 blueprints)
[2019.11.09-07.05.49:479][333]PIE: New page: PIE session: FirstPersonExampleMap (Nov 8, 2019, 3:05:49 PM)
[2019.11.09-07.05.49:479][333]LogPlayLevel: Creating play world package: /Game/FirstPersonBP/Maps/UEDPIE_0_FirstPersonExampleMap
[2019.11.09-07.05.49:524][333]LogPlayLevel: PIE: StaticDuplicateObject took: (0.044132s)
[2019.11.09-07.05.49:526][333]LogAIModule: Creating AISystem for world FirstPersonExampleMap
[2019.11.09-07.05.49:526][333]LogPlayLevel: PIE: World Init took: (0.001930s)
[2019.11.09-07.05.49:527][333]LogPlayLevel: PIE: Created PIE world by copying editor world from /Game/FirstPersonBP/Maps/FirstPersonExampleMap.FirstPersonExampleMap to /Game/FirstPersonBP/Maps/UEDPIE_0_FirstPersonExampleMap.FirstPersonExampleMap (0.047663s)
[2019.11.09-07.05.49:637][333]LogUObjectHash: Compacting FUObjectHashTables data took   4.89ms
[2019.11.09-07.05.49:705][333]LogInit: XAudio2 using 'Headset Earphone (SteelSeries Arctis 5 Chat)' : 2 channels at 48 kHz using 16 bits per sample (channel mask 0x3)
[2019.11.09-07.05.49:738][333]LogInit: FAudioDevice initialized.
[2019.11.09-07.05.49:761][333]LogSlate: Updating window title bar state: overlay mode, drag disabled, window buttons hidden, title bar hidden
[2019.11.09-07.05.49:798][333]LogLoad: Game class is 'FirstPersonGameMode_C'
[2019.11.09-07.05.49:812][333]LogWorld: Bringing World /Game/FirstPersonBP/Maps/UEDPIE_0_FirstPersonExampleMap.FirstPersonExampleMap up for play (max tick rate 60) at 2019.11.08-23.05.49
[2019.11.09-07.05.49:815][333]LogWorld: Bringing up level for play took: 0.014236
[2019.11.09-07.05.49:840][333]PIE: Play in editor start time for /Game/FirstPersonBP/Maps/UEDPIE_0_FirstPersonExampleMap 0.786
[2019.11.09-07.05.49:841][333]LogBlueprintUserMessages: Late PlayInEditor Detection: Level '/Game/FirstPersonBP/Maps/FirstPersonExampleMap.FirstPersonExampleMap:PersistentLevel' has LevelScriptBlueprint '/Game/FirstPersonBP/Maps/FirstPersonExampleMap.FirstPersonExampleMap:PersistentLevel.FirstPersonExampleMap' with GeneratedClass '/Game/FirstPersonBP/Maps/FirstPersonExampleMap.FirstPersonExampleMap_C' with ClassGeneratedBy '/Game/FirstPersonBP/Maps/FirstPersonExampleMap.FirstPersonExampleMap:PersistentLevel.FirstPersonExampleMap'
[2019.11.09-07.05.50:455][339]LogBlueprintUserMessages: [FirstPersonCharacter_C_1] I got shot
[2019.11.09-07.06.24:147][138]LogBlueprintUserMessages: [FirstPersonCharacter_C_1] I got shot
[2019.11.09-07.06.26:833][202]LogBlueprintUserMessages: Early EndPlayMap Detection: Level '/Game/FirstPersonBP/Maps/FirstPersonExampleMap.FirstPersonExampleMap:PersistentLevel' has LevelScriptBlueprint '/Game/FirstPersonBP/Maps/FirstPersonExampleMap.FirstPersonExampleMap:PersistentLevel.FirstPersonExampleMap' with GeneratedClass '/Game/FirstPersonBP/Maps/FirstPersonExampleMap.FirstPersonExampleMap_C' with ClassGeneratedBy '/Game/FirstPersonBP/Maps/FirstPersonExampleMap.FirstPersonExampleMap:PersistentLevel.FirstPersonExampleMap'
[2019.11.09-07.06.26:835][202]LogSlate: Updating window title bar state: overlay mode, drag disabled, window buttons hidden, title bar hidden
[2019.11.09-07.06.26:886][202]LogSlate: Window 'Mechanics_Sandbox Game Preview Standalone (64-bit/PCD3D_SM5)' being destroyed
[2019.11.09-07.06.26:957][202]LogPlayLevel: Display: Shutting down PIE online subsystems
[2019.11.09-07.06.26:958][202]LogBlueprintUserMessages: Late EndPlayMap Detection: Level '/Game/FirstPersonBP/Maps/FirstPersonExampleMap.FirstPersonExampleMap:PersistentLevel' has LevelScriptBlueprint '/Game/FirstPersonBP/Maps/FirstPersonExampleMap.FirstPersonExampleMap:PersistentLevel.FirstPersonExampleMap' with GeneratedClass '/Game/FirstPersonBP/Maps/FirstPersonExampleMap.FirstPersonExampleMap_C' with ClassGeneratedBy '/Game/FirstPersonBP/Maps/FirstPersonExampleMap.FirstPersonExampleMap:PersistentLevel.FirstPersonExampleMap'
[2019.11.09-07.06.27:110][202]LogUObjectHash: Compacting FUObjectHashTables data took   7.55ms
[2019.11.09-07.06.27:212][203]LogPlayLevel: Display: Destroying online subsystem :Context_86
[2019.11.09-07.06.44:759][768]BlueprintLog: New page: Compile Teleporter
[2019.11.09-07.06.45:380][768]LogUObjectHash: Compacting FUObjectHashTables data took   8.64ms
[2019.11.09-07.06.55:750][121]LogTemp: Repeating last play command: New Editor Window (PIE)
[2019.11.09-07.06.55:840][121]LogBlueprintUserMessages: Early PlayInEditor Detection: Level '/Game/FirstPersonBP/Maps/FirstPersonExampleMap.FirstPersonExampleMap:PersistentLevel' has LevelScriptBlueprint '/Game/FirstPersonBP/Maps/FirstPersonExampleMap.FirstPersonExampleMap:PersistentLevel.FirstPersonExampleMap' with GeneratedClass '/Game/FirstPersonBP/Maps/FirstPersonExampleMap.FirstPersonExampleMap_C' with ClassGeneratedBy '/Game/FirstPersonBP/Maps/FirstPersonExampleMap.FirstPersonExampleMap:PersistentLevel.FirstPersonExampleMap'
[2019.11.09-07.06.55:842][121]LogPlayLevel: PlayLevel: No blueprints needed recompiling
[2019.11.09-07.06.55:842][121]PIE: New page: PIE session: FirstPersonExampleMap (Nov 8, 2019, 3:06:55 PM)
[2019.11.09-07.06.55:842][121]LogPlayLevel: Creating play world package: /Game/FirstPersonBP/Maps/UEDPIE_0_FirstPersonExampleMap
[2019.11.09-07.06.55:879][121]LogPlayLevel: PIE: StaticDuplicateObject took: (0.036018s)
[2019.11.09-07.06.55:880][121]LogAIModule: Creating AISystem for world FirstPersonExampleMap
[2019.11.09-07.06.55:881][121]LogPlayLevel: PIE: World Init took: (0.001905s)
[2019.11.09-07.06.55:882][121]LogPlayLevel: PIE: Created PIE world by copying editor world from /Game/FirstPersonBP/Maps/FirstPersonExampleMap.FirstPersonExampleMap to /Game/FirstPersonBP/Maps/UEDPIE_0_FirstPersonExampleMap.FirstPersonExampleMap (0.039260s)
[2019.11.09-07.06.55:999][121]LogUObjectHash: Compacting FUObjectHashTables data took   9.64ms
[2019.11.09-07.06.56:065][121]LogInit: XAudio2 using 'Headset Earphone (SteelSeries Arctis 5 Chat)' : 2 channels at 48 kHz using 16 bits per sample (channel mask 0x3)
[2019.11.09-07.06.56:098][121]LogInit: FAudioDevice initialized.
[2019.11.09-07.06.56:118][121]LogSlate: Updating window title bar state: overlay mode, drag disabled, window buttons hidden, title bar hidden
[2019.11.09-07.06.56:162][121]LogLoad: Game class is 'FirstPersonGameMode_C'
[2019.11.09-07.06.56:178][121]LogWorld: Bringing World /Game/FirstPersonBP/Maps/UEDPIE_0_FirstPersonExampleMap.FirstPersonExampleMap up for play (max tick rate 60) at 2019.11.08-23.06.56
[2019.11.09-07.06.56:182][121]LogWorld: Bringing up level for play took: 0.016287
[2019.11.09-07.06.56:208][121]PIE: Play in editor start time for /Game/FirstPersonBP/Maps/UEDPIE_0_FirstPersonExampleMap 1.154
[2019.11.09-07.06.56:210][121]LogBlueprintUserMessages: Late PlayInEditor Detection: Level '/Game/FirstPersonBP/Maps/FirstPersonExampleMap.FirstPersonExampleMap:PersistentLevel' has LevelScriptBlueprint '/Game/FirstPersonBP/Maps/FirstPersonExampleMap.FirstPersonExampleMap:PersistentLevel.FirstPersonExampleMap' with GeneratedClass '/Game/FirstPersonBP/Maps/FirstPersonExampleMap.FirstPersonExampleMap_C' with ClassGeneratedBy '/Game/FirstPersonBP/Maps/FirstPersonExampleMap.FirstPersonExampleMap:PersistentLevel.FirstPersonExampleMap'
[2019.11.09-07.07.12:203][516]LogBlueprintUserMessages: [FirstPersonCharacter_C_1] Hit By Explosive
[2019.11.09-07.07.35:092][ 67]LogBlueprintUserMessages: [FirstPersonCharacter_C_1] I got shot
[2019.11.09-07.07.44:310][314]LogBlueprintUserMessages: Early EndPlayMap Detection: Level '/Game/FirstPersonBP/Maps/FirstPersonExampleMap.FirstPersonExampleMap:PersistentLevel' has LevelScriptBlueprint '/Game/FirstPersonBP/Maps/FirstPersonExampleMap.FirstPersonExampleMap:PersistentLevel.FirstPersonExampleMap' with GeneratedClass '/Game/FirstPersonBP/Maps/FirstPersonExampleMap.FirstPersonExampleMap_C' with ClassGeneratedBy '/Game/FirstPersonBP/Maps/FirstPersonExampleMap.FirstPersonExampleMap:PersistentLevel.FirstPersonExampleMap'
[2019.11.09-07.07.44:312][314]LogSlate: Updating window title bar state: overlay mode, drag disabled, window buttons hidden, title bar hidden
[2019.11.09-07.07.44:359][314]LogSlate: Window 'Mechanics_Sandbox Game Preview Standalone (64-bit/PCD3D_SM5)' being destroyed
[2019.11.09-07.07.44:453][314]LogPlayLevel: Display: Shutting down PIE online subsystems
[2019.11.09-07.07.44:454][314]LogBlueprintUserMessages: Late EndPlayMap Detection: Level '/Game/FirstPersonBP/Maps/FirstPersonExampleMap.FirstPersonExampleMap:PersistentLevel' has LevelScriptBlueprint '/Game/FirstPersonBP/Maps/FirstPersonExampleMap.FirstPersonExampleMap:PersistentLevel.FirstPersonExampleMap' with GeneratedClass '/Game/FirstPersonBP/Maps/FirstPersonExampleMap.FirstPersonExampleMap_C' with ClassGeneratedBy '/Game/FirstPersonBP/Maps/FirstPersonExampleMap.FirstPersonExampleMap:PersistentLevel.FirstPersonExampleMap'
[2019.11.09-07.07.44:608][314]LogUObjectHash: Compacting FUObjectHashTables data took   9.11ms
[2019.11.09-07.07.44:784][315]LogPlayLevel: Display: Destroying online subsystem :Context_87
[2019.11.09-07.07.49:374][462]LogUObjectHash: Compacting FUObjectHashTables data took   1.69ms
[2019.11.09-07.07.49:512][462]LogUObjectHash: Compacting FUObjectHashTables data took   2.49ms
[2019.11.09-07.07.50:356][462]LogSavePackage: Moving 'C:/Users/danny/Desktop/Systems_Sandbox/Mechanics_Sandbox/Saved/FirstPersonExampleMapF715643A47BE6A99ED5E72B73F9E012A.tmp' to 'C:/Users/danny/Desktop/Systems_Sandbox/Mechanics_Sandbox/Content/FirstPersonBP/Maps/FirstPersonExampleMap.umap'
[2019.11.09-07.07.50:485][462]LogFileHelpers: Saving map 'FirstPersonExampleMap' took 1.076
[2019.11.09-07.07.50:541][462]Cmd: OBJ SAVEPACKAGE PACKAGE="/Game/Teleporter/Teleporter" FILE="C:/Users/danny/Desktop/Systems_Sandbox/Mechanics_Sandbox/Content/Teleporter/Teleporter.uasset" SILENT=true
[2019.11.09-07.07.50:708][462]LogSavePackage: Moving 'C:/Users/danny/Desktop/Systems_Sandbox/Mechanics_Sandbox/Saved/TeleporterB3E1050141C9FB07D2D9239C9089253F.tmp' to 'C:/Users/danny/Desktop/Systems_Sandbox/Mechanics_Sandbox/Content/Teleporter/Teleporter.uasset'
[2019.11.09-07.09.09:468][790]LogSlate: FSceneViewport::OnFocusLost() reason 2
[2019.11.09-07.09.14:758][989]LogBlueprintUserMessages: Early PlayInEditor Detection: Level '/Game/FirstPersonBP/Maps/FirstPersonExampleMap.FirstPersonExampleMap:PersistentLevel' has LevelScriptBlueprint '/Game/FirstPersonBP/Maps/FirstPersonExampleMap.FirstPersonExampleMap:PersistentLevel.FirstPersonExampleMap' with GeneratedClass '/Game/FirstPersonBP/Maps/FirstPersonExampleMap.FirstPersonExampleMap_C' with ClassGeneratedBy '/Game/FirstPersonBP/Maps/FirstPersonExampleMap.FirstPersonExampleMap:PersistentLevel.FirstPersonExampleMap'
[2019.11.09-07.09.14:760][989]LogPlayLevel: PlayLevel: No blueprints needed recompiling
[2019.11.09-07.09.14:761][989]PIE: New page: PIE session: FirstPersonExampleMap (Nov 8, 2019, 3:09:14 PM)
[2019.11.09-07.09.14:762][989]LogPlayLevel: Creating play world package: /Game/FirstPersonBP/Maps/UEDPIE_0_FirstPersonExampleMap
[2019.11.09-07.09.14:801][989]LogPlayLevel: PIE: StaticDuplicateObject took: (0.038497s)
[2019.11.09-07.09.14:803][989]LogAIModule: Creating AISystem for world FirstPersonExampleMap
[2019.11.09-07.09.14:804][989]LogPlayLevel: PIE: World Init took: (0.002209s)
[2019.11.09-07.09.14:804][989]LogPlayLevel: PIE: Created PIE world by copying editor world from /Game/FirstPersonBP/Maps/FirstPersonExampleMap.FirstPersonExampleMap to /Game/FirstPersonBP/Maps/UEDPIE_0_FirstPersonExampleMap.FirstPersonExampleMap (0.042134s)
[2019.11.09-07.09.14:940][989]LogUObjectHash: Compacting FUObjectHashTables data took  12.26ms
[2019.11.09-07.09.15:022][989]LogInit: XAudio2 using 'Headset Earphone (SteelSeries Arctis 5 Chat)' : 2 channels at 48 kHz using 16 bits per sample (channel mask 0x3)
[2019.11.09-07.09.15:075][989]LogInit: FAudioDevice initialized.
[2019.11.09-07.09.15:112][989]LogSlate: Updating window title bar state: overlay mode, drag disabled, window buttons hidden, title bar hidden
[2019.11.09-07.09.15:162][989]LogLoad: Game class is 'FirstPersonGameMode_C'
[2019.11.09-07.09.15:188][989]LogWorld: Bringing World /Game/FirstPersonBP/Maps/UEDPIE_0_FirstPersonExampleMap.FirstPersonExampleMap up for play (max tick rate 60) at 2019.11.08-23.09.15
[2019.11.09-07.09.15:191][989]LogWorld: Bringing up level for play took: 0.025011
[2019.11.09-07.09.15:227][989]PIE: Play in editor start time for /Game/FirstPersonBP/Maps/UEDPIE_0_FirstPersonExampleMap 0.173
[2019.11.09-07.09.15:228][989]LogBlueprintUserMessages: Late PlayInEditor Detection: Level '/Game/FirstPersonBP/Maps/FirstPersonExampleMap.FirstPersonExampleMap:PersistentLevel' has LevelScriptBlueprint '/Game/FirstPersonBP/Maps/FirstPersonExampleMap.FirstPersonExampleMap:PersistentLevel.FirstPersonExampleMap' with GeneratedClass '/Game/FirstPersonBP/Maps/FirstPersonExampleMap.FirstPersonExampleMap_C' with ClassGeneratedBy '/Game/FirstPersonBP/Maps/FirstPersonExampleMap.FirstPersonExampleMap:PersistentLevel.FirstPersonExampleMap'
[2019.11.09-07.09.20:740][ 65]LogRenderer: Reallocating scene render targets to support 1280x888 Format 10 NumSamples 1 (Frame:78).
[2019.11.09-07.09.20:854][ 65]LogRenderer: Reallocating scene render targets to support 1332x888 Format 10 NumSamples 1 (Frame:79).
[2019.11.09-07.09.20:984][ 65]LogRenderer: Reallocating scene render targets to support 1360x888 Format 10 NumSamples 1 (Frame:80).
[2019.11.09-07.09.21:137][ 65]LogRenderer: Reallocating scene render targets to support 1364x888 Format 10 NumSamples 1 (Frame:82).
[2019.11.09-07.09.21:475][ 65]LogRenderer: Reallocating scene render targets to support 1380x888 Format 10 NumSamples 1 (Frame:85).
[2019.11.09-07.09.21:571][ 65]LogRenderer: Reallocating scene render targets to support 1384x888 Format 10 NumSamples 1 (Frame:86).
[2019.11.09-07.09.24:015][ 99]LogRenderer: Reallocating scene render targets to support 1600x888 Format 10 NumSamples 1 (Frame:121).
[2019.11.09-07.09.50:831][487]LogSlate: FSceneViewport::OnFocusLost() reason 2
[2019.11.09-07.10.46:023][798]LogSlate: FSceneViewport::OnFocusLost() reason 2
[2019.11.09-07.11.15:655][530]LogSlate: FSceneViewport::OnFocusLost() reason 2
[2019.11.09-07.15.52:252][169]LogBlueprintUserMessages: Early EndPlayMap Detection: Level '/Game/FirstPersonBP/Maps/FirstPersonExampleMap.FirstPersonExampleMap:PersistentLevel' has LevelScriptBlueprint '/Game/FirstPersonBP/Maps/FirstPersonExampleMap.FirstPersonExampleMap:PersistentLevel.FirstPersonExampleMap' with GeneratedClass '/Game/FirstPersonBP/Maps/FirstPersonExampleMap.FirstPersonExampleMap_C' with ClassGeneratedBy '/Game/FirstPersonBP/Maps/FirstPersonExampleMap.FirstPersonExampleMap:PersistentLevel.FirstPersonExampleMap'
[2019.11.09-07.15.52:255][169]LogSlate: Updating window title bar state: overlay mode, drag disabled, window buttons hidden, title bar hidden
[2019.11.09-07.15.52:311][169]LogSlate: Window 'Mechanics_Sandbox Game Preview Standalone (64-bit/PCD3D_SM5)' being destroyed
[2019.11.09-07.15.52:434][169]LogPlayLevel: Display: Shutting down PIE online subsystems
[2019.11.09-07.15.52:435][169]LogBlueprintUserMessages: Late EndPlayMap Detection: Level '/Game/FirstPersonBP/Maps/FirstPersonExampleMap.FirstPersonExampleMap:PersistentLevel' has LevelScriptBlueprint '/Game/FirstPersonBP/Maps/FirstPersonExampleMap.FirstPersonExampleMap:PersistentLevel.FirstPersonExampleMap' with GeneratedClass '/Game/FirstPersonBP/Maps/FirstPersonExampleMap.FirstPersonExampleMap_C' with ClassGeneratedBy '/Game/FirstPersonBP/Maps/FirstPersonExampleMap.FirstPersonExampleMap:PersistentLevel.FirstPersonExampleMap'
[2019.11.09-07.15.52:596][169]LogUObjectHash: Compacting FUObjectHashTables data took   8.34ms
[2019.11.09-07.15.52:696][170]LogPlayLevel: Display: Destroying online subsystem :Context_88
[2019.11.09-07.24.37:164][820]LogUObjectHash: Compacting FUObjectHashTables data took   3.24ms
[2019.11.09-07.24.38:325][820]LogActorComponent: UnregisterComponent: (/Engine/Transient.EditorFloorComp) Not registered. Aborting.
[2019.11.09-07.24.38:632][820]LogActorComponent: UnregisterComponent: (/Engine/Transient.EditorFloorComp) Not registered. Aborting.
[2019.11.09-07.24.38:982][820]LogSlate: Window 'Teleporter' being destroyed
[2019.11.09-07.24.39:016][820]LogActorComponent: UnregisterComponent: (/Engine/Transient.EditorFloorComp) Not registered. Aborting.
[2019.11.09-07.24.39:274][820]LogSlate: Window 'Viewport 1' being destroyed
[2019.11.09-07.24.39:518][820]LogSlate: Window 'Mechanics_Sandbox - Unreal Editor' being destroyed
[2019.11.09-07.24.39:521][820]LogWindowsTextInputMethodSystem: Display: IME system now deactivated.
[2019.11.09-07.24.40:523][821]Cmd: QUIT_EDITOR
[2019.11.09-07.24.40:908][821]LogExit: Preparing to exit.
[2019.11.09-07.24.42:210][821]LogExit: Editor shut down
[2019.11.09-07.24.42:214][821]LogExit: Transaction tracking system shut down
[2019.11.09-07.24.43:620][821]LogExit: Object subsystem successfully closed.
[2019.11.09-07.24.43:785][821]LogShaderCompilers: Display: Shaders left to compile 0
[2019.11.09-07.24.44:394][821]LogD3D11RHI: Shutdown
[2019.11.09-07.24.44:394][821]LogD3D11RHI: CleanupD3DDevice
[2019.11.09-07.24.44:407][821]LogRendererCore: FGlobalReadBuffer::ReleaseRHI
[2019.11.09-07.24.44:407][821]LogRendererCore: FGlobalDynamicReadBuffer::Cleanup()
[2019.11.09-07.24.44:407][821]LogRendererCore: FGlobalReadBuffer::ReleaseRHI
[2019.11.09-07.24.44:407][821]LogRendererCore: FGlobalDynamicReadBuffer::Cleanup()
[2019.11.09-07.24.44:407][821]LogRendererCore: FGlobalReadBuffer::ReleaseRHI
[2019.11.09-07.24.44:407][821]LogRendererCore: FGlobalDynamicReadBuffer::Cleanup()
[2019.11.09-07.24.45:870][821]LogD3D11RHI: ~FD3D11DynamicRHI
[2019.11.09-07.24.46:197][821]LogModuleManager: Shutting down and abandoning module MovieSceneCapture (652)
[2019.11.09-07.24.46:197][821]LogModuleManager: Shutting down and abandoning module Voice (650)
[2019.11.09-07.24.46:203][821]LogModuleManager: Shutting down and abandoning module BlueprintGraph (648)
[2019.11.09-07.24.46:204][821]LogModuleManager: Shutting down and abandoning module HierarchicalLODOutliner (646)
[2019.11.09-07.24.46:204][821]LogModuleManager: Shutting down and abandoning module AddContentDialog (644)
[2019.11.09-07.24.46:232][821]LogModuleManager: Shutting down and abandoning module WidgetCarousel (643)
[2019.11.09-07.24.46:232][821]LogModuleManager: Shutting down and abandoning module CollectionManager (640)
[2019.11.09-07.24.46:233][821]LogModuleManager: Shutting down and abandoning module EditorWidgets (638)
[2019.11.09-07.24.46:233][821]LogModuleManager: Shutting down and abandoning module SceneOutliner (636)
[2019.11.09-07.24.46:233][821]LogModuleManager: Shutting down and abandoning module StatsViewer (634)
[2019.11.09-07.24.46:233][821]LogModuleManager: Shutting down and abandoning module FoliageEdit (632)
[2019.11.09-07.24.46:233][821]LogModuleManager: Shutting down and abandoning module LandscapeEditor (630)
[2019.11.09-07.24.46:234][821]LogModuleManager: Shutting down and abandoning module MeshPaintMode (628)
[2019.11.09-07.24.46:234][821]LogModuleManager: Shutting down and abandoning module SceneDepthPickerMode (626)
[2019.11.09-07.24.46:234][821]LogModuleManager: Shutting down and abandoning module ActorPickerMode (624)
[2019.11.09-07.24.46:234][821]LogModuleManager: Shutting down and abandoning module GeometryMode (622)
[2019.11.09-07.24.46:234][821]LogModuleManager: Shutting down and abandoning module TextureAlignMode (620)
[2019.11.09-07.24.46:234][821]LogModuleManager: Shutting down and abandoning module BspMode (618)
[2019.11.09-07.24.46:234][821]LogModuleManager: Shutting down and abandoning module PIEPreviewDeviceProfileSelector (616)
[2019.11.09-07.24.46:235][821]LogModuleManager: Shutting down and abandoning module SequenceRecorderSections (614)
[2019.11.09-07.24.46:235][821]LogModuleManager: Shutting down and abandoning module AutomationWorker (612)
[2019.11.09-07.24.46:235][821]LogModuleManager: Shutting down and abandoning module OculusMR (610)
[2019.11.09-07.24.46:235][821]LogModuleManager: Shutting down and abandoning module AudioCaptureEditor (608)
[2019.11.09-07.24.46:235][821]LogModuleManager: Shutting down and abandoning module MatineeToLevelSequence (606)
[2019.11.09-07.24.46:235][821]LogModuleManager: Shutting down and abandoning module LevelSequenceEditor (604)
[2019.11.09-07.24.46:235][821]LogModuleManager: Shutting down and abandoning module PlacementMode (603)
[2019.11.09-07.24.46:235][821]LogModuleManager: Shutting down and abandoning module MaterialEditor (602)
[2019.11.09-07.24.46:235][821]LogModuleManager: Shutting down and abandoning module ActorSequenceEditor (598)
[2019.11.09-07.24.46:235][821]LogModuleManager: Shutting down and abandoning module WmfMediaFactory (596)
[2019.11.09-07.24.46:235][821]LogModuleManager: Shutting down and abandoning module WmfMediaEditor (594)
[2019.11.09-07.24.46:236][821]LogModuleManager: Shutting down and abandoning module WebMMediaFactory (592)
[2019.11.09-07.24.46:236][821]LogModuleManager: Shutting down and abandoning module WebMMediaEditor (590)
[2019.11.09-07.24.46:236][821]LogModuleManager: Shutting down and abandoning module WebMMedia (588)
[2019.11.09-07.24.46:236][821]LogModuleManager: Shutting down and abandoning module MediaPlayerEditor (586)
[2019.11.09-07.24.46:236][821]LogModuleManager: Shutting down and abandoning module MediaCompositingEditor (584)
[2019.11.09-07.24.46:236][821]LogModuleManager: Shutting down and abandoning module SequenceRecorder (583)
[2019.11.09-07.24.46:236][821]LogModuleManager: Shutting down and abandoning module OpenExrWrapper (580)
[2019.11.09-07.24.46:236][821]LogModuleManager: Shutting down and abandoning module ImgMediaFactory (578)
[2019.11.09-07.24.46:236][821]LogModuleManager: Shutting down and abandoning module ImgMediaEditor (576)
[2019.11.09-07.24.46:236][821]LogModuleManager: Shutting down and abandoning module AvfMediaFactory (574)
[2019.11.09-07.24.46:236][821]LogModuleManager: Shutting down and abandoning module AvfMediaEditor (572)
[2019.11.09-07.24.46:236][821]LogModuleManager: Shutting down and abandoning module AndroidMediaFactory (570)
[2019.11.09-07.24.46:237][821]LogModuleManager: Shutting down and abandoning module AndroidMediaEditor (568)
[2019.11.09-07.24.46:237][821]LogModuleManager: Shutting down and abandoning module MagicLeapCameraPreviewFactory (566)
[2019.11.09-07.24.46:237][821]LogModuleManager: Shutting down and abandoning module MagicLeapMediaCodecFactory (564)
[2019.11.09-07.24.46:237][821]LogModuleManager: Shutting down and abandoning module MagicLeapMediaFactory (562)
[2019.11.09-07.24.46:237][821]LogModuleManager: Shutting down and abandoning module MagicLeapMediaEditor (560)
[2019.11.09-07.24.46:237][821]LogModuleManager: Shutting down and abandoning module CharacterAI (558)
[2019.11.09-07.24.46:237][821]LogModuleManager: Shutting down and abandoning module SmartSnapping (556)
[2019.11.09-07.24.46:237][821]LogModuleManager: Shutting down and abandoning module SessionServices (554)
[2019.11.09-07.24.46:237][821]LogModuleManager: Shutting down and abandoning module MeshPaint (552)
[2019.11.09-07.24.46:238][821]LogModuleManager: Shutting down and abandoning module ViewportSnapping (550)
[2019.11.09-07.24.46:238][821]LogModuleManager: Shutting down and abandoning module ViewportInteraction (548)
[2019.11.09-07.24.46:238][821]LogModuleManager: Shutting down and abandoning module ClothPainter (546)
[2019.11.09-07.24.46:238][821]LogModuleManager: Shutting down and abandoning module SkeletalMeshEditor (545)
[2019.11.09-07.24.46:238][821]LogModuleManager: Shutting down and abandoning module LogVisualizer (542)
[2019.11.09-07.24.46:239][821]LogModuleManager: Shutting down and abandoning module IntroTutorials (540)
[2019.11.09-07.24.46:251][821]LogModuleManager: Shutting down and abandoning module GameProjectGeneration (539)
[2019.11.09-07.24.46:251][821]LogModuleManager: Shutting down and abandoning module LuminPlatformEditor (536)
[2019.11.09-07.24.46:251][821]LogModuleManager: Shutting down and abandoning module IOSPlatformEditor (534)
[2019.11.09-07.24.46:251][821]LogModuleManager: Shutting down and abandoning module HTML5PlatformEditor (532)
[2019.11.09-07.24.46:252][821]LogModuleManager: Shutting down and abandoning module AndroidPlatformEditor (530)
[2019.11.09-07.24.46:252][821]LogModuleManager: Shutting down and abandoning module AndroidDeviceDetection (529)
[2019.11.09-07.24.46:514][821]LogModuleManager: Shutting down and abandoning module WindowsPlatformEditor (526)
[2019.11.09-07.24.46:514][821]LogModuleManager: Shutting down and abandoning module LuminRuntimeSettings (524)
[2019.11.09-07.24.46:518][821]LogModuleManager: Shutting down and abandoning module IOSRuntimeSettings (522)
[2019.11.09-07.24.46:523][821]LogModuleManager: Shutting down and abandoning module AndroidRuntimeSettings (520)
[2019.11.09-07.24.46:524][821]LogModuleManager: Shutting down and abandoning module TimeManagementEditor (518)
[2019.11.09-07.24.46:524][821]LogModuleManager: Shutting down and abandoning module InputBindingEditor (516)
[2019.11.09-07.24.46:524][821]LogModuleManager: Shutting down and abandoning module MergeActors (514)
[2019.11.09-07.24.46:524][821]LogModuleManager: Shutting down and abandoning module LocalizationDashboard (512)
[2019.11.09-07.24.46:524][821]LogModuleManager: Shutting down and abandoning module LocalizationService (511)
[2019.11.09-07.24.46:524][821]LogModuleManager: Shutting down and abandoning module HardwareTargeting (508)
[2019.11.09-07.24.46:524][821]LogModuleManager: Shutting down and abandoning module DeviceProfileEditor (506)
[2019.11.09-07.24.46:525][821]LogModuleManager: Shutting down and abandoning module UndoHistory (504)
[2019.11.09-07.24.46:525][821]LogModuleManager: Shutting down and abandoning module XmlParser (502)
[2019.11.09-07.24.46:527][821]LogModuleManager: Shutting down and abandoning module Blutility (500)
[2019.11.09-07.24.46:527][821]LogModuleManager: Shutting down and abandoning module ProjectSettingsViewer (498)
[2019.11.09-07.24.46:528][821]LogModuleManager: Shutting down and abandoning module ProjectTargetPlatformEditor (497)
[2019.11.09-07.24.46:529][821]LogModuleManager: Shutting down and abandoning module EditorSettingsViewer (494)
[2019.11.09-07.24.46:530][821]LogModuleManager: Shutting down and abandoning module SettingsEditor (492)
[2019.11.09-07.24.46:530][821]LogModuleManager: Shutting down and abandoning module ProjectLauncher (490)
[2019.11.09-07.24.46:530][821]LogModuleManager: Shutting down and abandoning module SessionFrontend (488)
[2019.11.09-07.24.46:530][821]LogModuleManager: Shutting down and abandoning module ProfilerClient (486)
[2019.11.09-07.24.46:530][821]LogModuleManager: Shutting down and abandoning module DeviceManager (484)
[2019.11.09-07.24.46:530][821]LogModuleManager: Shutting down and abandoning module TargetDeviceServices (483)
[2019.11.09-07.24.46:589][821]LogModuleManager: Shutting down and abandoning module AutomationController (480)
[2019.11.09-07.24.46:590][821]LogModuleManager: Shutting down and abandoning module AutomationWindow (478)
[2019.11.09-07.24.46:591][821]LogModuleManager: Shutting down and abandoning module Layers (476)
[2019.11.09-07.24.46:591][821]LogModuleManager: Shutting down and abandoning module ComponentVisualizers (474)
[2019.11.09-07.24.46:591][821]LogModuleManager: Shutting down and abandoning module DetailCustomizations (472)
[2019.11.09-07.24.46:592][821]LogModuleManager: Shutting down and abandoning module PackagesDialog (470)
[2019.11.09-07.24.46:593][821]LogModuleManager: Shutting down and abandoning module AnimationBlueprintEditor (468)
[2019.11.09-07.24.46:594][821]LogModuleManager: Shutting down and abandoning module Persona (466)
[2019.11.09-07.24.46:594][821]LogModuleManager: Shutting down and abandoning module AdvancedPreviewScene (465)
[2019.11.09-07.24.46:594][821]LogModuleManager: Shutting down and abandoning module AnimGraph (463)
[2019.11.09-07.24.46:594][821]LogModuleManager: Shutting down and abandoning module Kismet (460)
[2019.11.09-07.24.46:721][821]LogModuleManager: Shutting down and abandoning module GraphEditor (458)
[2019.11.09-07.24.46:725][821]LogModuleManager: Shutting down and abandoning module ClassViewer (456)
[2019.11.09-07.24.46:738][821]LogModuleManager: Shutting down and abandoning module Toolbox (454)
[2019.11.09-07.24.46:738][821]LogModuleManager: Shutting down and abandoning module ModuleUI (452)
[2019.11.09-07.24.46:739][821]LogModuleManager: Shutting down and abandoning module MovieSceneTools (450)
[2019.11.09-07.24.46:739][821]LogModuleManager: Shutting down and abandoning module OutputLog (448)
[2019.11.09-07.24.46:740][821]LogModuleManager: Shutting down and abandoning module GammaUI (446)
[2019.11.09-07.24.46:740][821]LogModuleManager: Shutting down and abandoning module Documentation (444)
[2019.11.09-07.24.46:752][821]LogModuleManager: Shutting down and abandoning module LiveCoding (442)
[2019.11.09-07.24.46:753][821]LogModuleManager: Shutting down and abandoning module LevelSequence (440)
[2019.11.09-07.24.46:753][821]LogModuleManager: Shutting down and abandoning module MovieSceneTracks (438)
[2019.11.09-07.24.46:753][821]LogModuleManager: Shutting down and abandoning module MovieScene (436)
[2019.11.09-07.24.46:753][821]LogModuleManager: Shutting down and abandoning module StreamingPauseRendering (434)
[2019.11.09-07.24.46:753][821]LogModuleManager: Shutting down and abandoning module LauncherPlatform (432)
[2019.11.09-07.24.46:753][821]LogModuleManager: Shutting down and abandoning module AnalyticsET (430)
[2019.11.09-07.24.46:753][821]LogModuleManager: Shutting down and abandoning module PortalServices (428)
[2019.11.09-07.24.46:753][821]LogModuleManager: Shutting down and abandoning module PortalRpc (426)
[2019.11.09-07.24.46:753][821]LogModuleManager: Shutting down and abandoning module MessagingRpc (424)
[2019.11.09-07.24.46:754][821]LogModuleManager: Shutting down and abandoning module AIModule (422)
[2019.11.09-07.24.46:754][821]LogModuleManager: Shutting down and abandoning module GameplayDebugger (421)
[2019.11.09-07.24.46:754][821]LogModuleManager: Shutting down and abandoning module AITestSuite (419)
[2019.11.09-07.24.46:754][821]LogModuleManager: Shutting down and abandoning module NavigationSystem (417)
[2019.11.09-07.24.46:755][821]LogModuleManager: Shutting down and abandoning module DesktopPlatform (414)
[2019.11.09-07.24.46:755][821]LogModuleManager: Shutting down and abandoning module ImageWriteQueue (412)
[2019.11.09-07.24.46:766][821]LogModuleManager: Shutting down and abandoning module ProfilerService (410)
[2019.11.09-07.24.47:018][821]LogModuleManager: Shutting down and abandoning module TaskGraph (408)
[2019.11.09-07.24.47:018][821]LogModuleManager: Shutting down and abandoning module SteamVRController (406)
[2019.11.09-07.24.47:018][821]LogModuleManager: Shutting down and abandoning module ProceduralMeshComponentEditor (404)
[2019.11.09-07.24.47:019][821]LogModuleManager: Shutting down and abandoning module ProceduralMeshComponent (402)
[2019.11.09-07.24.47:019][821]LogModuleManager: Shutting down and abandoning module OculusEditor (400)
[2019.11.09-07.24.47:020][821]LogModuleManager: Shutting down and abandoning module OculusInput (398)
[2019.11.09-07.24.47:020][821]LogModuleManager: Shutting down and abandoning module MobilePatchingUtils (396)
[2019.11.09-07.24.47:020][821]LogModuleManager: Shutting down and abandoning module EditableMesh (394)
[2019.11.09-07.24.47:020][821]LogModuleManager: Shutting down and abandoning module CustomMeshComponent (392)
[2019.11.09-07.24.47:020][821]LogModuleManager: Shutting down and abandoning module CableComponent (390)
[2019.11.09-07.24.47:020][821]LogModuleManager: Shutting down and abandoning module AudioCapture (388)
[2019.11.09-07.24.47:020][821]LogModuleManager: Shutting down and abandoning module ArchVisCharacter (386)
[2019.11.09-07.24.47:020][821]LogModuleManager: Shutting down and abandoning module AndroidPermission (384)
[2019.11.09-07.24.47:020][821]LogModuleManager: Shutting down and abandoning module NUTUnrealEngine4 (382)
[2019.11.09-07.24.47:020][821]LogModuleManager: Shutting down and abandoning module NetcodeUnitTest (380)
[2019.11.09-07.24.47:021][821]LogModuleManager: Shutting down and abandoning module MediaCompositing (378)
[2019.11.09-07.24.47:021][821]LogModuleManager: Shutting down and abandoning module LinearTimecode (376)
[2019.11.09-07.24.47:021][821]LogModuleManager: Shutting down and abandoning module ImgMedia (374)
[2019.11.09-07.24.47:021][821]LogModuleManager: Shutting down and abandoning module MagicLeapHelperVulkan (372)
[2019.11.09-07.24.47:021][821]LogModuleManager: Shutting down and abandoning module MagicLeapHelperOpenGL (370)
[2019.11.09-07.24.47:021][821]LogModuleManager: Shutting down and abandoning module MagicLeapAudio (368)
[2019.11.09-07.24.47:021][821]LogModuleManager: Shutting down and abandoning module HTML5Networking (366)
[2019.11.09-07.24.47:021][821]LogModuleManager: Shutting down and abandoning module GeometryCacheTracks (364)
[2019.11.09-07.24.47:021][821]LogModuleManager: Shutting down and abandoning module GeometryCacheSequencer (362)
[2019.11.09-07.24.47:021][821]LogModuleManager: Shutting down and abandoning module BackChannel (360)
[2019.11.09-07.24.47:021][821]LogModuleManager: Shutting down and abandoning module AppleVision (358)
[2019.11.09-07.24.47:021][821]LogModuleManager: Shutting down and abandoning module AppleImageUtilsBlueprintSupport (356)
[2019.11.09-07.24.47:022][821]LogModuleManager: Shutting down and abandoning module AppleImageUtils (354)
[2019.11.09-07.24.47:022][821]LogModuleManager: Shutting down and abandoning module AlembicImporter (352)
[2019.11.09-07.24.47:022][821]LogModuleManager: Shutting down and abandoning module AlembicLibrary (351)
[2019.11.09-07.24.47:022][821]LogModuleManager: Shutting down and abandoning module GeometryCache (350)
[2019.11.09-07.24.47:022][821]LogModuleManager: Shutting down and abandoning module GeometryCacheEd (349)
[2019.11.09-07.24.47:022][821]LogModuleManager: Shutting down and abandoning module VariantManagerContent (344)
[2019.11.09-07.24.47:022][821]LogModuleManager: Shutting down and abandoning module DatasmithContentEditor (342)
[2019.11.09-07.24.47:022][821]LogModuleManager: Shutting down and abandoning module SpeedTreeImporter (340)
[2019.11.09-07.24.47:022][821]LogModuleManager: Shutting down and abandoning module PluginBrowser (338)
[2019.11.09-07.24.47:023][821]LogModuleManager: Shutting down and abandoning module MobileLauncherProfileWizard (336)
[2019.11.09-07.24.47:023][821]LogModuleManager: Shutting down and abandoning module MaterialAnalyzer (334)
[2019.11.09-07.24.47:023][821]LogModuleManager: Shutting down and abandoning module CryptoKeysOpenSSL (332)
[2019.11.09-07.24.47:023][821]LogModuleManager: Shutting down and abandoning module CryptoKeys (330)
[2019.11.09-07.24.47:023][821]LogModuleManager: Shutting down and abandoning module VisualStudioSourceCodeAccess (328)
[2019.11.09-07.24.47:023][821]LogModuleManager: Shutting down and abandoning module VisualStudioCodeSourceCodeAccess (326)
[2019.11.09-07.24.47:023][821]LogModuleManager: Shutting down and abandoning module UObjectPlugin (324)
[2019.11.09-07.24.47:023][821]LogModuleManager: Shutting down and abandoning module SubversionSourceControl (322)
[2019.11.09-07.24.47:023][821]LogModuleManager: Shutting down and abandoning module PerforceSourceControl (320)
[2019.11.09-07.24.47:023][821]LogModuleManager: Shutting down and abandoning module GitSourceControl (318)
[2019.11.09-07.24.47:023][821]LogModuleManager: Shutting down and abandoning module SourceControl (317)
[2019.11.09-07.24.47:024][821]LogModuleManager: Shutting down and abandoning module CLionSourceCodeAccess (314)
[2019.11.09-07.24.47:024][821]LogModuleManager: Shutting down and abandoning module AnimationSharingEd (312)
[2019.11.09-07.24.47:024][821]LogModuleManager: Shutting down and abandoning module ActorLayerUtilitiesEditor (310)
[2019.11.09-07.24.47:024][821]LogModuleManager: Shutting down and abandoning module ActorLayerUtilities (308)
[2019.11.09-07.24.47:024][821]LogModuleManager: Shutting down and abandoning module LightPropagationVolumeEditor (306)
[2019.11.09-07.24.47:024][821]LogModuleManager: Shutting down and abandoning module PaperTiledImporter (304)
[2019.11.09-07.24.47:024][821]LogModuleManager: Shutting down and abandoning module PaperSpriteSheetImporter (302)
[2019.11.09-07.24.47:024][821]LogModuleManager: Shutting down and abandoning module Paper2DEditor (300)
[2019.11.09-07.24.47:024][821]LogModuleManager: Shutting down and abandoning module SignificanceManager (298)
[2019.11.09-07.24.47:024][821]LogModuleManager: Shutting down and abandoning module RuntimePhysXCooking (296)
[2019.11.09-07.24.47:024][821]LogModuleManager: Shutting down and abandoning module PhysXVehiclesEditor (294)
[2019.11.09-07.24.47:024][821]LogModuleManager: Shutting down and abandoning module PhysXVehicles (292)
[2019.11.09-07.24.47:025][821]LogModuleManager: Shutting down and abandoning module LocationServicesBPLibrary (290)
[2019.11.09-07.24.47:025][821]LogModuleManager: Shutting down and abandoning module ApexDestructionEditor (288)
[2019.11.09-07.24.47:026][821]LogModuleManager: Shutting down and abandoning module ApexDestruction (286)
[2019.11.09-07.24.47:062][821]LogModuleManager: Shutting down and abandoning module ActorSequence (284)
[2019.11.09-07.24.47:062][821]LogModuleManager: Shutting down and abandoning module UdpMessaging (282)
[2019.11.09-07.24.47:164][821]LogModuleManager: Shutting down and abandoning module TcpMessaging (280)
[2019.11.09-07.24.47:265][821]LogModuleManager: Shutting down and abandoning module MagicLeapIdentity (278)
[2019.11.09-07.24.47:265][821]LogModuleManager: Shutting down and abandoning module MagicLeapSecureStorage (276)
[2019.11.09-07.24.47:265][821]LogModuleManager: Shutting down and abandoning module MagicLeapHandTracking (274)
[2019.11.09-07.24.47:265][821]LogModuleManager: Shutting down and abandoning module MagicLeapEyeTracker (272)
[2019.11.09-07.24.47:266][821]LogModuleManager: Shutting down and abandoning module MagicLeapController (270)
[2019.11.09-07.24.47:268][821]LogSlate: Slate User Destroyed.  User Index 0, Is Virtual User: 0
[2019.11.09-07.24.47:269][821]LogModuleManager: Shutting down and abandoning module MagicLeapAR (268)
[2019.11.09-07.24.47:270][821]LogModuleManager: Shutting down and abandoning module AugmentedReality (267)
[2019.11.09-07.24.47:270][821]LogModuleManager: Shutting down and abandoning module GameplayTagsEditor (264)
[2019.11.09-07.24.47:271][821]LogModuleManager: Shutting down and abandoning module FacialAnimationEditor (262)
[2019.11.09-07.24.47:271][821]LogModuleManager: Shutting down and abandoning module FacialAnimation (260)
[2019.11.09-07.24.47:271][821]LogModuleManager: Shutting down and abandoning module DataValidation (258)
[2019.11.09-07.24.47:271][821]LogModuleManager: Shutting down and abandoning module AssetManagerEditor (256)
[2019.11.09-07.24.47:272][821]LogModuleManager: Shutting down and abandoning module LevelEditor (255)
[2019.11.09-07.24.47:283][821]LogModuleManager: Shutting down and abandoning module PixelInspectorModule (254)
[2019.11.09-07.24.47:284][821]LogModuleManager: Shutting down and abandoning module CommonMenuExtensions (252)
[2019.11.09-07.24.47:285][821]LogModuleManager: Shutting down and abandoning module MainFrame (250)
[2019.11.09-07.24.47:285][821]LogModuleManager: Shutting down and abandoning module HotReload (249)
[2019.11.09-07.24.47:287][821]LogModuleManager: Shutting down and abandoning module ContentBrowser (245)
[2019.11.09-07.24.47:295][821]LogModuleManager: Shutting down and abandoning module TreeMap (243)
[2019.11.09-07.24.47:295][821]LogModuleManager: Shutting down and abandoning module AnimationSharing (240)
[2019.11.09-07.24.47:295][821]LogModuleManager: Shutting down and abandoning module LightPropagationVolumeRuntime (238)
[2019.11.09-07.24.47:295][821]LogModuleManager: Shutting down and abandoning module AISupportModule (236)
[2019.11.09-07.24.47:295][821]LogModuleManager: Shutting down and abandoning module Paper2D (234)
[2019.11.09-07.24.47:295][821]LogModuleManager: Shutting down and abandoning module WindowsMoviePlayer (232)
[2019.11.09-07.24.47:296][821]LogModuleManager: Shutting down and abandoning module WebMMoviePlayer (230)
[2019.11.09-07.24.47:296][821]LogModuleManager: Shutting down and abandoning module PacketHandler (228)
[2019.11.09-07.24.47:296][821]LogModuleManager: Shutting down and abandoning module ClothingSystemEditor (226)
[2019.11.09-07.24.47:296][821]LogModuleManager: Shutting down and abandoning module ClothingSystemRuntime (224)
[2019.11.09-07.24.47:296][821]LogModuleManager: Shutting down and abandoning module MediaAssets (222)
[2019.11.09-07.24.47:296][821]LogModuleManager: Shutting down and abandoning module Overlay (220)
[2019.11.09-07.24.47:296][821]LogModuleManager: Shutting down and abandoning module OverlayEditor (219)
[2019.11.09-07.24.47:296][821]LogModuleManager: Shutting down and abandoning module VREditor (216)
[2019.11.09-07.24.47:296][821]LogModuleManager: Shutting down and abandoning module StringTableEditor (214)
[2019.11.09-07.24.47:296][821]LogModuleManager: Shutting down and abandoning module GameplayTasksEditor (212)
[2019.11.09-07.24.47:297][821]LogModuleManager: Shutting down and abandoning module BehaviorTreeEditor (210)
[2019.11.09-07.24.47:297][821]LogModuleManager: Shutting down and abandoning module FunctionalTesting (208)
[2019.11.09-07.24.47:297][821]LogModuleManager: Shutting down and abandoning module CollisionAnalyzer (206)
[2019.11.09-07.24.47:297][821]LogModuleManager: Shutting down and abandoning module WorkspaceMenuStructure (205)
[2019.11.09-07.24.47:297][821]LogModuleManager: Shutting down and abandoning module UMG (202)
[2019.11.09-07.24.47:297][821]LogModuleManager: Shutting down and abandoning module UMGEditor (201)
[2019.11.09-07.24.47:297][821]LogModuleManager: Shutting down and abandoning module Sequencer (200)
[2019.11.09-07.24.47:298][821]LogModuleManager: Shutting down and abandoning module MessageLog (197)
[2019.11.09-07.24.47:298][821]LogModuleManager: Shutting down and abandoning module SlateReflector (192)
[2019.11.09-07.24.47:298][821]LogModuleManager: Shutting down and abandoning module Slate (190)
[2019.11.09-07.24.47:298][821]LogModuleManager: Shutting down and abandoning module EditorStyle (188)
[2019.11.09-07.24.47:310][821]LogModuleManager: Shutting down and abandoning module UnrealEd (186)
[2019.11.09-07.24.47:310][821]LogModuleManager: Shutting down and abandoning module MRMesh (184)
[2019.11.09-07.24.47:311][821]LogModuleManager: Shutting down and abandoning module SourceCodeAccess (182)
[2019.11.09-07.24.47:311][821]LogModuleManager: Shutting down and abandoning module HeadMountedDisplay (180)
[2019.11.09-07.24.47:311][821]LogModuleManager: Shutting down and abandoning module XAudio2 (178)
[2019.11.09-07.24.47:311][821]LogModuleManager: Shutting down and abandoning module Networking (176)
[2019.11.09-07.24.47:311][821]LogModuleManager: Shutting down and abandoning module Core (174)
[2019.11.09-07.24.47:312][821]LogModuleManager: Shutting down and abandoning module KismetCompiler (172)
[2019.11.09-07.24.47:312][821]LogModuleManager: Shutting down and abandoning module MeshUtilities (170)
[2019.11.09-07.24.47:312][821]LogModuleManager: Shutting down and abandoning module MeshMergeUtilities (169)
[2019.11.09-07.24.47:312][821]LogModuleManager: Shutting down and abandoning module MeshReductionInterface (168)
[2019.11.09-07.24.47:312][821]LogModuleManager: Shutting down and abandoning module SkeletalMeshReduction (167)
[2019.11.09-07.24.47:313][821]LogModuleManager: Shutting down and abandoning module ProxyLODMeshReduction (165)
[2019.11.09-07.24.47:313][821]LogModuleManager: Shutting down and abandoning module QuadricMeshReduction (163)
[2019.11.09-07.24.47:313][821]LogModuleManager: Shutting down and abandoning module MaterialBaking (159)
[2019.11.09-07.24.47:313][821]LogModuleManager: Shutting down and abandoning module DerivedDataCache (154)
[2019.11.09-07.24.47:335][821]LogDerivedDataCache: Shutdown
[2019.11.09-07.24.47:336][821]LogModuleManager: Shutting down and abandoning module XGEController (152)
[2019.11.09-07.24.47:341][821]LogModuleManager: Shutting down and abandoning module TargetPlatform (150)
[2019.11.09-07.24.47:342][821]LogModuleManager: Shutting down and abandoning module VulkanShaderFormat (149)
[2019.11.09-07.24.47:343][821]LogModuleManager: Shutting down and abandoning module ShaderFormatVectorVM (147)
[2019.11.09-07.24.47:345][821]LogModuleManager: Shutting down and abandoning module ShaderFormatOpenGL (145)
[2019.11.09-07.24.47:345][821]LogModuleManager: Shutting down and abandoning module ShaderFormatD3D (143)
[2019.11.09-07.24.47:345][821]LogModuleManager: Shutting down and abandoning module MetalShaderFormat (141)
[2019.11.09-07.24.47:346][821]LogModuleManager: Shutting down and abandoning module TextureFormatUncompressed (139)
[2019.11.09-07.24.47:347][821]LogModuleManager: Shutting down and abandoning module TextureFormatPVR (137)
[2019.11.09-07.24.47:347][821]LogModuleManager: Shutting down and abandoning module TextureFormatDXT (135)
[2019.11.09-07.24.47:347][821]LogModuleManager: Shutting down and abandoning module TextureFormatIntelISPCTexComp (133)
[2019.11.09-07.24.47:349][821]LogModuleManager: Shutting down and abandoning module TextureFormatASTC (131)
[2019.11.09-07.24.47:349][821]LogModuleManager: Shutting down and abandoning module ImageWrapper (130)
[2019.11.09-07.24.47:349][821]LogModuleManager: Shutting down and abandoning module TextureFormatAndroid (127)
[2019.11.09-07.24.47:351][821]LogModuleManager: Shutting down and abandoning module AudioFormatOpus (125)
[2019.11.09-07.24.47:351][821]LogModuleManager: Shutting down and abandoning module AudioFormatOgg (123)
[2019.11.09-07.24.47:351][821]LogModuleManager: Shutting down and abandoning module AudioFormatADPCM (121)
[2019.11.09-07.24.47:354][821]LogModuleManager: Shutting down and abandoning module LuminTargetPlatform (119)
[2019.11.09-07.24.47:466][821]LogModuleManager: Shutting down and abandoning module LinuxTargetPlatform (117)
[2019.11.09-07.24.47:466][821]LogModuleManager: Shutting down and abandoning module LinuxServerTargetPlatform (115)
[2019.11.09-07.24.47:466][821]LogModuleManager: Shutting down and abandoning module LinuxNoEditorTargetPlatform (113)
[2019.11.09-07.24.47:466][821]LogModuleManager: Shutting down and abandoning module LinuxClientTargetPlatform (111)
[2019.11.09-07.24.47:466][821]LogModuleManager: Shutting down and abandoning module TVOSTargetPlatform (109)
[2019.11.09-07.24.47:485][821]LogModuleManager: Shutting down and abandoning module Messaging (107)
[2019.11.09-07.24.47:485][821]LogModuleManager: Shutting down and abandoning module IOSTargetPlatform (105)
[2019.11.09-07.24.47:498][821]LogModuleManager: Shutting down and abandoning module HTML5TargetPlatform (103)
[2019.11.09-07.24.47:499][821]LogModuleManager: Shutting down and abandoning module AndroidTargetPlatform (101)
[2019.11.09-07.24.47:622][821]LogModuleManager: Shutting down and abandoning module WindowsTargetPlatform (99)
[2019.11.09-07.24.47:622][821]LogModuleManager: Shutting down and abandoning module WindowsServerTargetPlatform (97)
[2019.11.09-07.24.47:622][821]LogModuleManager: Shutting down and abandoning module WindowsNoEditorTargetPlatform (95)
[2019.11.09-07.24.47:623][821]LogModuleManager: Shutting down and abandoning module WindowsClientTargetPlatform (93)
[2019.11.09-07.24.47:623][821]LogModuleManager: Shutting down and abandoning module MacTargetPlatform (91)
[2019.11.09-07.24.47:623][821]LogModuleManager: Shutting down and abandoning module MacServerTargetPlatform (89)
[2019.11.09-07.24.47:623][821]LogModuleManager: Shutting down and abandoning module MacNoEditorTargetPlatform (87)
[2019.11.09-07.24.47:623][821]LogModuleManager: Shutting down and abandoning module MacClientTargetPlatform (85)
[2019.11.09-07.24.47:623][821]LogModuleManager: Shutting down and abandoning module AllDesktopTargetPlatform (83)
[2019.11.09-07.24.47:623][821]LogModuleManager: Shutting down and abandoning module InputCore (80)
[2019.11.09-07.24.47:623][821]LogModuleManager: Shutting down and abandoning module Settings (78)
[2019.11.09-07.24.47:624][821]LogModuleManager: Shutting down and abandoning module DirectoryWatcher (76)
[2019.11.09-07.24.47:626][821]LogModuleManager: Shutting down and abandoning module PhysXCooking (74)
[2019.11.09-07.24.47:627][821]LogModuleManager: Shutting down and abandoning module SteamVR (72)
[2019.11.09-07.24.47:627][821]LogHMD: Freeing OpenVRDLLHandle.
[2019.11.09-07.24.47:627][821]LogModuleManager: Shutting down and abandoning module OculusHMD (70)
[2019.11.09-07.24.47:627][821]LogModuleManager: Shutting down and abandoning module ExampleDeviceProfileSelector (68)
[2019.11.09-07.24.47:627][821]LogModuleManager: Shutting down and abandoning module LauncherChunkInstaller (66)
[2019.11.09-07.24.47:627][821]LogModuleManager: Shutting down and abandoning module OnlineBlueprintSupport (64)
[2019.11.09-07.24.47:627][821]LogModuleManager: Shutting down and abandoning module OnlineSubsystem (60)
[2019.11.09-07.24.47:631][821]LogModuleManager: Shutting down and abandoning module XMPP (55)
[2019.11.09-07.24.47:632][821]LogModuleManager: Shutting down and abandoning module WebSockets (54)
[2019.11.09-07.24.47:649][821]LogModuleManager: Shutting down and abandoning module HTTP (51)
[2019.11.09-07.24.47:649][821]LogHttp: Display: Http module shutting down, but needs to wait on 2 outstanding Http requests:
[2019.11.09-07.24.47:649][821]LogHttp: Display: 	verb=[POST] url=[https://datarouter.ol.epicgames.com/datarouter/api/v1/public/data?SessionID=%7BFA5DC824-4D8E-E7C4-C908-70945CEA467F%7D&AppID=UEEditor.Rocket.Release&AppVersion=4.22.3-7053642%2B%2B%2BUE4%2BRelease-4.22&UserID=00819556409e18e3f6717ab01550a1c3%7C4189fef67e57406088c8c78838cc1a4f%7Cb91a0d1d-f291-41b7-8881-48a40c55c360&AppEnvironment=datacollector-binary&UploadType=eteventstream] status=Processing
[2019.11.09-07.24.47:649][821]LogHttp: Display: 	verb=[POST] url=[https://datarouter.ol.epicgames.com/datarouter/api/v1/public/data?SessionID=%7BFA5DC824-4D8E-E7C4-C908-70945CEA467F%7D&AppID=UEEditor.Rocket.Release&AppVersion=4.22.3-7053642%2B%2B%2BUE4%2BRelease-4.22&UserID=00819556409e18e3f6717ab01550a1c3%7C4189fef67e57406088c8c78838cc1a4f%7Cb91a0d1d-f291-41b7-8881-48a40c55c360&AppEnvironment=datacollector-binary&UploadType=eteventstream] status=Processing
[2019.11.09-07.24.47:657][821]LogModuleManager: Shutting down and abandoning module SSL (50)
[2019.11.09-07.24.47:663][821]LogModuleManager: Shutting down and abandoning module WmfMedia (46)
[2019.11.09-07.24.47:667][821]LogModuleManager: Shutting down and abandoning module Media (45)
[2019.11.09-07.24.47:676][821]LogModuleManager: Shutting down and abandoning module MagicLeap (42)
[2019.11.09-07.24.47:677][821]LogModuleManager: Shutting down and abandoning module DatasmithContent (40)
[2019.11.09-07.24.47:678][821]LogModuleManager: Shutting down and abandoning module AnimationModifiers (38)
[2019.11.09-07.24.47:679][821]LogModuleManager: Shutting down and abandoning module PropertyEditor (37)
[2019.11.09-07.24.47:679][821]LogModuleManager: Shutting down and abandoning module AudioEditor (34)
[2019.11.09-07.24.47:680][821]LogModuleManager: Shutting down and abandoning module TextureCompressor (32)
[2019.11.09-07.24.47:681][821]LogModuleManager: Shutting down and abandoning module RenderCore (30)
[2019.11.09-07.24.47:681][821]LogModuleManager: Shutting down and abandoning module Landscape (28)
[2019.11.09-07.24.47:682][821]LogModuleManager: Shutting down and abandoning module SlateRHIRenderer (26)
[2019.11.09-07.24.47:688][821]LogModuleManager: Shutting down and abandoning module OpenGLDrv (24)
[2019.11.09-07.24.47:688][821]LogModuleManager: Shutting down and abandoning module D3D11RHI (22)
[2019.11.09-07.24.47:688][821]LogModuleManager: Shutting down and abandoning module AnimGraphRuntime (20)
[2019.11.09-07.24.47:688][821]LogModuleManager: Shutting down and abandoning module Renderer (18)
[2019.11.09-07.24.47:688][821]LogModuleManager: Shutting down and abandoning module Engine (16)
[2019.11.09-07.24.47:688][821]LogModuleManager: Shutting down and abandoning module CoreUObject (14)
[2019.11.09-07.24.47:688][821]LogModuleManager: Shutting down and abandoning module NetworkFile (12)
[2019.11.09-07.24.47:688][821]LogModuleManager: Shutting down and abandoning module CookedIterativeFile (10)
[2019.11.09-07.24.47:688][821]LogModuleManager: Shutting down and abandoning module StreamingFile (8)
[2019.11.09-07.24.47:688][821]LogModuleManager: Shutting down and abandoning module SandboxFile (6)
[2019.11.09-07.24.47:688][821]LogModuleManager: Shutting down and abandoning module PakFile (4)
[2019.11.09-07.24.47:688][821]LogModuleManager: Shutting down and abandoning module RSA (3)
[2019.11.09-07.24.47:722][821]LogExit: Exiting.
[2019.11.09-07.24.47:774][821]Log file closed, 11/08/19 23:24:47
