Log file open, 11/10/19 15:44:26
LogWindows: Failed to load 'aqProf.dll' (GetLastError=126)
LogWindows: File 'aqProf.dll' does not exist
LogWindows: Failed to load 'VtuneApi.dll' (GetLastError=126)
LogWindows: File 'VtuneApi.dll' does not exist
LogWindows: Failed to load 'VtuneApi32e.dll' (GetLastError=126)
LogWindows: File 'VtuneApi32e.dll' does not exist
LogConsoleResponse: Display: Failed to find resolution value strings in scalability ini. Falling back to default.
LogInit: Display: Running engine for game: Mechanics_Sandbox
LogPakFile: Registered encryption key '00000000000000000000000000000000': 0 pak files mounted, 0 remain pending
LogPlatformFile: Not using cached read wrapper
LogTaskGraph: Started task graph with 5 named threads and 23 total threads with 3 sets of task threads.
LogStats: Stats thread started at 0.532570
LogD3D11RHI: Loaded GFSDK_Aftermath_Lib.x64.dll
LogICUInternationalization: ICU TimeZone Detection - Raw Offset: -8:00, Platform Override: ''
LogPluginManager: Mounting plugin Paper2D
LogPluginManager: Mounting plugin AISupport
LogPluginManager: Mounting plugin LightPropagationVolume
LogPluginManager: Mounting plugin ActorLayerUtilities
LogPluginManager: Mounting plugin AnimationSharing
LogPluginManager: Mounting plugin CLionSourceCodeAccess
LogPluginManager: Mounting plugin CodeLiteSourceCodeAccess
LogPluginManager: Mounting plugin GitSourceControl
LogPluginManager: Mounting plugin KDevelopSourceCodeAccess
LogPluginManager: Mounting plugin NullSourceCodeAccess
LogPluginManager: Mounting plugin PerforceSourceControl
LogPluginManager: Mounting plugin SubversionSourceControl
LogPluginManager: Mounting plugin UObjectPlugin
LogPluginManager: Mounting plugin VisualStudioCodeSourceCodeAccess
LogPluginManager: Mounting plugin VisualStudioSourceCodeAccess
LogPluginManager: Mounting plugin XCodeSourceCodeAccess
LogPluginManager: Mounting plugin AssetManagerEditor
LogPluginManager: Mounting plugin CryptoKeys
LogPluginManager: Mounting plugin DataValidation
LogPluginManager: Mounting plugin FacialAnimation
LogPluginManager: Mounting plugin GameplayTagsEditor
LogPluginManager: Mounting plugin MacGraphicsSwitching
LogPluginManager: Mounting plugin MaterialAnalyzer
LogPluginManager: Mounting plugin MobileLauncherProfileWizard
LogPluginManager: Mounting plugin PluginBrowser
LogPluginManager: Mounting plugin SpeedTreeImporter
LogPluginManager: Mounting plugin DatasmithContent
LogPluginManager: Mounting plugin VariantManagerContent
LogPluginManager: Mounting plugin AlembicImporter
LogPluginManager: Mounting plugin AppleImageUtils
LogPluginManager: Mounting plugin AppleVision
LogPluginManager: Mounting plugin BackChannel
LogPluginManager: Mounting plugin CharacterAI
LogPluginManager: Mounting plugin GeometryCache
LogPluginManager: Mounting plugin HTML5Networking
LogPluginManager: Mounting plugin ProxyLODPlugin
LogPluginManager: Mounting plugin SkeletalReduction
LogPluginManager: Mounting plugin MagicLeap
LogPluginManager: Mounting plugin MagicLeapMedia
LogPluginManager: Mounting plugin AndroidMedia
LogPluginManager: Mounting plugin AvfMedia
LogPluginManager: Mounting plugin ImgMedia
LogPluginManager: Mounting plugin LinearTimecode
LogPluginManager: Mounting plugin MediaCompositing
LogPluginManager: Mounting plugin MediaPlayerEditor
LogPluginManager: Mounting plugin WebMMedia
LogPluginManager: Mounting plugin WmfMedia
LogPluginManager: Mounting plugin TcpMessaging
LogPluginManager: Mounting plugin UdpMessaging
LogPluginManager: Mounting plugin ActorSequence
LogPluginManager: Mounting plugin LevelSequenceEditor
LogPluginManager: Mounting plugin MatineeToLevelSequence
LogPluginManager: Mounting plugin NetcodeUnitTest
LogPluginManager: Mounting plugin NUTUnrealEngine4
LogPluginManager: Mounting plugin OnlineSubsystemGooglePlay
LogPluginManager: Mounting plugin OnlineSubsystemIOS
LogPluginManager: Mounting plugin OnlineSubsystem
LogPluginManager: Mounting plugin OnlineSubsystemNull
LogPluginManager: Mounting plugin OnlineSubsystemUtils
LogPluginManager: Mounting plugin LauncherChunkInstaller
LogPluginManager: Mounting plugin AndroidDeviceProfileSelector
LogPluginManager: Mounting plugin AndroidMoviePlayer
LogPluginManager: Mounting plugin AndroidPermission
LogPluginManager: Mounting plugin ApexDestruction
LogPluginManager: Mounting plugin AppleMoviePlayer
LogPluginManager: Mounting plugin ArchVisCharacter
LogPluginManager: Mounting plugin AudioCapture
LogPluginManager: Mounting plugin CableComponent
LogPluginManager: Mounting plugin CustomMeshComponent
LogPluginManager: Mounting plugin EditableMesh
LogPluginManager: Mounting plugin ExampleDeviceProfileSelector
LogPluginManager: Mounting plugin Firebase
LogPluginManager: Mounting plugin GoogleCloudMessaging
LogPluginManager: Mounting plugin IOSDeviceProfileSelector
LogPluginManager: Mounting plugin LinuxDeviceProfileSelector
LogPluginManager: Mounting plugin LocationServicesBPLibrary
LogPluginManager: Mounting plugin MobilePatchingUtils
LogPluginManager: Mounting plugin OculusVR
LogPluginManager: Mounting plugin PhysXVehicles
LogPluginManager: Mounting plugin ProceduralMeshComponent
LogPluginManager: Mounting plugin RuntimePhysXCooking
LogPluginManager: Mounting plugin SignificanceManager
LogPluginManager: Mounting plugin SteamVR
LogPluginManager: Mounting plugin WebMMoviePlayer
LogPluginManager: Mounting plugin WindowsMoviePlayer
LogInit: Using libcurl 7.55.1-DEV
LogInit:  - built for x86_64-pc-win32
LogInit:  - supports SSL with OpenSSL/1.1.1
LogInit:  - supports HTTP deflate (compression) using libz 1.2.8
LogInit:  - other features:
LogInit:      CURL_VERSION_SSL
LogInit:      CURL_VERSION_LIBZ
LogInit:      CURL_VERSION_IPV6
LogInit:      CURL_VERSION_ASYNCHDNS
LogInit:      CURL_VERSION_LARGEFILE
LogInit:      CURL_VERSION_IDN
LogInit:  CurlRequestOptions (configurable via config and command line):
LogInit:  - bVerifyPeer = true  - Libcurl will verify peer certificate
LogInit:  - bUseHttpProxy = false  - Libcurl will NOT use HTTP proxy
LogInit:  - bDontReuseConnections = false  - Libcurl will reuse connections
LogInit:  - MaxHostConnections = 16  - Libcurl will limit the number of connections to a host
LogInit:  - LocalHostAddr = Default
LogInit:  - BufferSize = 65536
LogInit: WinSock: version 1.1 (2.2), MaxSocks=32767, MaxUdp=65467
LogInit: Build: ++UE4+Release-4.22-CL-7053642
LogInit: Engine Version: 4.22.3-7053642+++UE4+Release-4.22
LogInit: Compatible Engine Version: 4.22.0-5660361+++UE4+Release-4.22
LogInit: Net CL: 5660361
LogInit: OS: Windows 10 (Release 1903) (), CPU: Intel(R) Core(TM) i7-7700HQ CPU @ 2.80GHz, GPU: Intel(R) HD Graphics 630
LogInit: Compiled (64-bit): Jun 18 2019 03:09:11
LogInit: Compiled with Visual C++: 19.16.27025.01
LogInit: Build Configuration: Development
LogInit: Branch Name: ++UE4+Release-4.22
LogInit: Command Line: 
LogInit: Base Directory: D:/EpicGames/UE_4.22/Engine/Binaries/Win64/
LogInit: Installed Engine Build: 1
LogDevObjectVersion: Number of dev versions registered: 23
LogDevObjectVersion:   Dev-Blueprints (B0D832E4-1F89-4F0D-ACCF-7EB736FD4AA2): 10
LogDevObjectVersion:   Dev-Build (E1C64328-A22C-4D53-A36C-8E866417BD8C): 0
LogDevObjectVersion:   Dev-Core (375EC13C-06E4-48FB-B500-84F0262A717E): 3
LogDevObjectVersion:   Dev-Editor (E4B068ED-F494-42E9-A231-DA0B2E46BB41): 30
LogDevObjectVersion:   Dev-Framework (CFFC743F-43B0-4480-9391-14DF171D2073): 35
LogDevObjectVersion:   Dev-Mobile (B02B49B5-BB20-44E9-A304-32B752E40360): 2
LogDevObjectVersion:   Dev-Networking (A4E4105C-59A1-49B5-A7C5-40C4547EDFEE): 0
LogDevObjectVersion:   Dev-Online (39C831C9-5AE6-47DC-9A44-9C173E1C8E7C): 0
LogDevObjectVersion:   Dev-Physics (78F01B33-EBEA-4F98-B9B4-84EACCB95AA2): 0
LogDevObjectVersion:   Dev-Platform (6631380F-2D4D-43E0-8009-CF276956A95A): 0
LogDevObjectVersion:   Dev-Rendering (12F88B9F-8875-4AFC-A67C-D90C383ABD29): 28
LogDevObjectVersion:   Dev-Sequencer (7B5AE74C-D270-4C10-A958-57980B212A5A): 11
LogDevObjectVersion:   Dev-VR (D7296918-1DD6-4BDD-9DE2-64A83CC13884): 2
LogDevObjectVersion:   Dev-LoadTimes (C2A15278-BFE7-4AFE-6C17-90FF531DF755): 1
LogDevObjectVersion:   Private-Geometry (6EACA3D4-40EC-4CC1-B786-8BED09428FC5): 3
LogDevObjectVersion:   Dev-AnimPhys (29E575DD-E0A3-4627-9D10-D276232CDCEA): 17
LogDevObjectVersion:   Dev-Anim (AF43A65D-7FD3-4947-9873-3E8ED9C1BB05): 2
LogDevObjectVersion:   Dev-ReflectionCapture (6B266CEC-1EC7-4B8F-A30B-E4D90942FC07): 1
LogDevObjectVersion:   Dev-Automation (0DF73D61-A23F-47EA-B727-89E90C41499A): 1
LogDevObjectVersion:   FortniteMain (601D1886-AC64-4F84-AA16-D3DE0DEAC7D6): 25
LogDevObjectVersion:   Dev-Enterprise (9DFFBCD6-494F-0158-E221-12823C92A888): 6
LogDevObjectVersion:   Dev-Niagara (F2AED0AC-9AFE-416F-8664-AA7FFA26D6FC): 1
LogDevObjectVersion:   Dev-Destruction (174F1F0B-B4C6-45A5-B13F-2EE8D0FB917D): 2
LogInit: Presizing for max 16777216 objects, including 0 objects not considered by GC, pre-allocating 0 bytes for permanent pool.
LogInit: Object subsystem initialized
LogConfig: Setting CVar [[con.DebugEarlyDefault:1]]
LogConfig: Setting CVar [[r.setres:1280x720]]
[2019.11.10-23.44.29:307][  0]LogConfig: Setting CVar [[r.VSync:0]]
[2019.11.10-23.44.29:307][  0]LogConfig: Setting CVar [[r.RHICmdBypass:0]]
[2019.11.10-23.44.29:308][  0]LogConfig: Applying CVar settings from Section [/Script/Engine.RendererSettings] File [C:/Users/danny/Desktop/Systems_Sandbox/Mechanics_Sandbox/Saved/Config/Windows/Engine.ini]
[2019.11.10-23.44.29:308][  0]LogConfig: Setting CVar [[r.GPUCrashDebugging:0]]
[2019.11.10-23.44.29:308][  0]LogConfig: Applying CVar settings from Section [/Script/Engine.RendererOverrideSettings] File [C:/Users/danny/Desktop/Systems_Sandbox/Mechanics_Sandbox/Saved/Config/Windows/Engine.ini]
[2019.11.10-23.44.29:308][  0]LogConfig: Applying CVar settings from Section [/Script/Engine.StreamingSettings] File [C:/Users/danny/Desktop/Systems_Sandbox/Mechanics_Sandbox/Saved/Config/Windows/Engine.ini]
[2019.11.10-23.44.29:308][  0]LogConfig: Setting CVar [[s.MinBulkDataSizeForAsyncLoading:131072]]
[2019.11.10-23.44.29:308][  0]LogConfig: Setting CVar [[s.AsyncLoadingThreadEnabled:0]]
[2019.11.10-23.44.29:308][  0]LogConfig: Setting CVar [[s.EventDrivenLoaderEnabled:1]]
[2019.11.10-23.44.29:308][  0]LogConfig: Setting CVar [[s.WarnIfTimeLimitExceeded:0]]
[2019.11.10-23.44.29:308][  0]LogConfig: Setting CVar [[s.TimeLimitExceededMultiplier:1.5]]
[2019.11.10-23.44.29:308][  0]LogConfig: Setting CVar [[s.TimeLimitExceededMinTime:0.005]]
[2019.11.10-23.44.29:308][  0]LogConfig: Setting CVar [[s.UseBackgroundLevelStreaming:1]]
[2019.11.10-23.44.29:308][  0]LogConfig: Setting CVar [[s.PriorityAsyncLoadingExtraTime:15.0]]
[2019.11.10-23.44.29:308][  0]LogConfig: Setting CVar [[s.LevelStreamingActorsUpdateTimeLimit:5.0]]
[2019.11.10-23.44.29:308][  0]LogConfig: Setting CVar [[s.PriorityLevelStreamingActorsUpdateExtraTime:5.0]]
[2019.11.10-23.44.29:308][  0]LogConfig: Setting CVar [[s.LevelStreamingComponentsRegistrationGranularity:10]]
[2019.11.10-23.44.29:308][  0]LogConfig: Setting CVar [[s.UnregisterComponentsTimeLimit:1.0]]
[2019.11.10-23.44.29:309][  0]LogConfig: Setting CVar [[s.LevelStreamingComponentsUnregistrationGranularity:5]]
[2019.11.10-23.44.29:309][  0]LogConfig: Applying CVar settings from Section [/Script/Engine.GarbageCollectionSettings] File [C:/Users/danny/Desktop/Systems_Sandbox/Mechanics_Sandbox/Saved/Config/Windows/Engine.ini]
[2019.11.10-23.44.29:309][  0]LogConfig: Setting CVar [[gc.MaxObjectsNotConsideredByGC:1]]
[2019.11.10-23.44.29:309][  0]LogConfig: Setting CVar [[gc.SizeOfPermanentObjectPool:0]]
[2019.11.10-23.44.29:309][  0]LogConfig: Setting CVar [[gc.FlushStreamingOnGC:0]]
[2019.11.10-23.44.29:309][  0]LogConfig: Setting CVar [[gc.NumRetriesBeforeForcingGC:10]]
[2019.11.10-23.44.29:309][  0]LogConfig: Setting CVar [[gc.AllowParallelGC:1]]
[2019.11.10-23.44.29:309][  0]LogConfig: Setting CVar [[gc.TimeBetweenPurgingPendingKillObjects:61.1]]
[2019.11.10-23.44.29:309][  0]LogConfig: Setting CVar [[gc.MaxObjectsInEditor:16777216]]
[2019.11.10-23.44.29:309][  0]LogConfig: Setting CVar [[gc.IncrementalBeginDestroyEnabled:1]]
[2019.11.10-23.44.29:309][  0]LogConfig: Setting CVar [[gc.CreateGCClusters:1]]
[2019.11.10-23.44.29:309][  0]LogConfig: Setting CVar [[gc.MinGCClusterSize:5]]
[2019.11.10-23.44.29:309][  0]LogConfig: Setting CVar [[gc.ActorClusteringEnabled:0]]
[2019.11.10-23.44.29:310][  0]LogConfig: Setting CVar [[gc.BlueprintClusteringEnabled:0]]
[2019.11.10-23.44.29:310][  0]LogConfig: Setting CVar [[gc.UseDisregardForGCOnDedicatedServers:0]]
[2019.11.10-23.44.29:310][  0]LogConfig: Applying CVar settings from Section [/Script/Engine.NetworkSettings] File [C:/Users/danny/Desktop/Systems_Sandbox/Mechanics_Sandbox/Saved/Config/Windows/Engine.ini]
[2019.11.10-23.44.29:310][  0]LogConfig: Applying CVar settings from Section [/Script/UnrealEd.CookerSettings] File [C:/Users/danny/Desktop/Systems_Sandbox/Mechanics_Sandbox/Saved/Config/Windows/Engine.ini]
[2019.11.10-23.44.29:321][  0]LogConfig: Applying CVar settings from Section [ViewDistanceQuality@3] File [C:/Users/danny/Desktop/Systems_Sandbox/Mechanics_Sandbox/Saved/Config/Windows/Scalability.ini]
[2019.11.10-23.44.29:321][  0]LogConfig: Setting CVar [[r.SkeletalMeshLODBias:0]]
[2019.11.10-23.44.29:321][  0]LogConfig: Setting CVar [[r.ViewDistanceScale:1.0]]
[2019.11.10-23.44.29:321][  0]LogConfig: Applying CVar settings from Section [AntiAliasingQuality@3] File [C:/Users/danny/Desktop/Systems_Sandbox/Mechanics_Sandbox/Saved/Config/Windows/Scalability.ini]
[2019.11.10-23.44.29:321][  0]LogConfig: Setting CVar [[r.PostProcessAAQuality:4]]
[2019.11.10-23.44.29:321][  0]LogConfig: Applying CVar settings from Section [ShadowQuality@3] File [C:/Users/danny/Desktop/Systems_Sandbox/Mechanics_Sandbox/Saved/Config/Windows/Scalability.ini]
[2019.11.10-23.44.29:321][  0]LogConfig: Setting CVar [[r.LightFunctionQuality:1]]
[2019.11.10-23.44.29:321][  0]LogConfig: Setting CVar [[r.ShadowQuality:5]]
[2019.11.10-23.44.29:321][  0]LogConfig: Setting CVar [[r.Shadow.CSM.MaxCascades:10]]
[2019.11.10-23.44.29:321][  0]LogConfig: Setting CVar [[r.Shadow.MaxResolution:2048]]
[2019.11.10-23.44.29:322][  0]LogConfig: Setting CVar [[r.Shadow.MaxCSMResolution:2048]]
[2019.11.10-23.44.29:322][  0]LogConfig: Setting CVar [[r.Shadow.RadiusThreshold:0.01]]
[2019.11.10-23.44.29:322][  0]LogConfig: Setting CVar [[r.Shadow.DistanceScale:1.0]]
[2019.11.10-23.44.29:322][  0]LogConfig: Setting CVar [[r.Shadow.CSM.TransitionScale:1.0]]
[2019.11.10-23.44.29:322][  0]LogConfig: Setting CVar [[r.Shadow.PreShadowResolutionFactor:1.0]]
[2019.11.10-23.44.29:322][  0]LogConfig: Setting CVar [[r.DistanceFieldShadowing:1]]
[2019.11.10-23.44.29:322][  0]LogConfig: Setting CVar [[r.DistanceFieldAO:1]]
[2019.11.10-23.44.29:322][  0]LogConfig: Setting CVar [[r.AOQuality:2]]
[2019.11.10-23.44.29:322][  0]LogConfig: Setting CVar [[r.VolumetricFog:1]]
[2019.11.10-23.44.29:322][  0]LogConfig: Setting CVar [[r.VolumetricFog.GridPixelSize:8]]
[2019.11.10-23.44.29:322][  0]LogConfig: Setting CVar [[r.VolumetricFog.GridSizeZ:128]]
[2019.11.10-23.44.29:322][  0]LogConfig: Setting CVar [[r.VolumetricFog.HistoryMissSupersampleCount:4]]
[2019.11.10-23.44.29:322][  0]LogConfig: Setting CVar [[r.LightMaxDrawDistanceScale:1]]
[2019.11.10-23.44.29:322][  0]LogConfig: Setting CVar [[r.CapsuleShadows:1]]
[2019.11.10-23.44.29:322][  0]LogConfig: Applying CVar settings from Section [PostProcessQuality@3] File [C:/Users/danny/Desktop/Systems_Sandbox/Mechanics_Sandbox/Saved/Config/Windows/Scalability.ini]
[2019.11.10-23.44.29:323][  0]LogConfig: Setting CVar [[r.MotionBlurQuality:4]]
[2019.11.10-23.44.29:323][  0]LogConfig: Setting CVar [[r.AmbientOcclusionMipLevelFactor:0.4]]
[2019.11.10-23.44.29:323][  0]LogConfig: Setting CVar [[r.AmbientOcclusionMaxQuality:100]]
[2019.11.10-23.44.29:323][  0]LogConfig: Setting CVar [[r.AmbientOcclusionLevels:-1]]
[2019.11.10-23.44.29:323][  0]LogConfig: Setting CVar [[r.AmbientOcclusionRadiusScale:1.0]]
[2019.11.10-23.44.29:323][  0]LogConfig: Setting CVar [[r.DepthOfFieldQuality:2]]
[2019.11.10-23.44.29:323][  0]LogConfig: Setting CVar [[r.RenderTargetPoolMin:400]]
[2019.11.10-23.44.29:323][  0]LogConfig: Setting CVar [[r.LensFlareQuality:2]]
[2019.11.10-23.44.29:323][  0]LogConfig: Setting CVar [[r.SceneColorFringeQuality:1]]
[2019.11.10-23.44.29:323][  0]LogConfig: Setting CVar [[r.EyeAdaptationQuality:2]]
[2019.11.10-23.44.29:323][  0]LogConfig: Setting CVar [[r.BloomQuality:5]]
[2019.11.10-23.44.29:323][  0]LogConfig: Setting CVar [[r.FastBlurThreshold:100]]
[2019.11.10-23.44.29:323][  0]LogConfig: Setting CVar [[r.Upscale.Quality:3]]
[2019.11.10-23.44.29:323][  0]LogConfig: Setting CVar [[r.Tonemapper.GrainQuantization:1]]
[2019.11.10-23.44.29:323][  0]LogConfig: Setting CVar [[r.LightShaftQuality:1]]
[2019.11.10-23.44.29:323][  0]LogConfig: Setting CVar [[r.Filter.SizeScale:1]]
[2019.11.10-23.44.29:323][  0]LogConfig: Setting CVar [[r.Tonemapper.Quality:5]]
[2019.11.10-23.44.29:324][  0]LogConfig: Setting CVar [[r.DOF.Gather.AccumulatorQuality:1        ; higher gathering accumulator quality]]
[2019.11.10-23.44.29:324][  0]LogConfig: Setting CVar [[r.DOF.Gather.PostfilterMethod:1          ; Median3x3 postfilering method]]
[2019.11.10-23.44.29:324][  0]LogConfig: Setting CVar [[r.DOF.Gather.EnableBokehSettings:0       ; no bokeh simulation when gathering]]
[2019.11.10-23.44.29:324][  0]LogConfig: Setting CVar [[r.DOF.Gather.RingCount:4                 ; medium number of samples when gathering]]
[2019.11.10-23.44.29:324][  0]LogConfig: Setting CVar [[r.DOF.Scatter.ForegroundCompositing:1    ; additive foreground scattering]]
[2019.11.10-23.44.29:324][  0]LogConfig: Setting CVar [[r.DOF.Scatter.BackgroundCompositing:2    ; additive background scattering]]
[2019.11.10-23.44.29:324][  0]LogConfig: Setting CVar [[r.DOF.Scatter.EnableBokehSettings:1      ; bokeh simulation when scattering]]
[2019.11.10-23.44.29:324][  0]LogConfig: Setting CVar [[r.DOF.Scatter.MaxSpriteRatio:0.1         ; only a maximum of 10% of scattered bokeh]]
[2019.11.10-23.44.29:324][  0]LogConfig: Setting CVar [[r.DOF.Recombine.Quality:1                ; cheap slight out of focus]]
[2019.11.10-23.44.29:324][  0]LogConfig: Setting CVar [[r.DOF.Recombine.EnableBokehSettings:0    ; no bokeh simulation on slight out of focus]]
[2019.11.10-23.44.29:324][  0]LogConfig: Setting CVar [[r.DOF.TemporalAAQuality:1                ; more stable temporal accumulation]]
[2019.11.10-23.44.29:324][  0]LogConfig: Setting CVar [[r.DOF.Kernel.MaxForegroundRadius:0.025]]
[2019.11.10-23.44.29:324][  0]LogConfig: Setting CVar [[r.DOF.Kernel.MaxBackgroundRadius:0.025]]
[2019.11.10-23.44.29:324][  0]LogConfig: Applying CVar settings from Section [TextureQuality@3] File [C:/Users/danny/Desktop/Systems_Sandbox/Mechanics_Sandbox/Saved/Config/Windows/Scalability.ini]
[2019.11.10-23.44.29:324][  0]LogConfig: Setting CVar [[r.Streaming.MipBias:0]]
[2019.11.10-23.44.29:324][  0]LogConfig: Setting CVar [[r.Streaming.AmortizeCPUToGPUCopy:0]]
[2019.11.10-23.44.29:325][  0]LogConfig: Setting CVar [[r.Streaming.MaxNumTexturesToStreamPerFrame:0]]
[2019.11.10-23.44.29:325][  0]LogConfig: Setting CVar [[r.Streaming.Boost:1]]
[2019.11.10-23.44.29:325][  0]LogConfig: Setting CVar [[r.MaxAnisotropy:8]]
[2019.11.10-23.44.29:325][  0]LogConfig: Setting CVar [[r.Streaming.LimitPoolSizeToVRAM:0]]
[2019.11.10-23.44.29:325][  0]LogConfig: Setting CVar [[r.Streaming.PoolSize:1000]]
[2019.11.10-23.44.29:325][  0]LogConfig: Setting CVar [[r.Streaming.MaxEffectiveScreenSize:0]]
[2019.11.10-23.44.29:325][  0]LogConfig: Applying CVar settings from Section [EffectsQuality@3] File [C:/Users/danny/Desktop/Systems_Sandbox/Mechanics_Sandbox/Saved/Config/Windows/Scalability.ini]
[2019.11.10-23.44.29:325][  0]LogConfig: Setting CVar [[r.TranslucencyLightingVolumeDim:64]]
[2019.11.10-23.44.29:325][  0]LogConfig: Setting CVar [[r.RefractionQuality:2]]
[2019.11.10-23.44.29:325][  0]LogConfig: Setting CVar [[r.SSR.Quality:3]]
[2019.11.10-23.44.29:325][  0]LogConfig: Setting CVar [[r.SceneColorFormat:4]]
[2019.11.10-23.44.29:325][  0]LogConfig: Setting CVar [[r.DetailMode:2]]
[2019.11.10-23.44.29:325][  0]LogConfig: Setting CVar [[r.TranslucencyVolumeBlur:1]]
[2019.11.10-23.44.29:325][  0]LogConfig: Setting CVar [[r.MaterialQualityLevel:1 ; High quality]]
[2019.11.10-23.44.29:325][  0]LogConfig: Setting CVar [[r.SSS.Scale:1]]
[2019.11.10-23.44.29:325][  0]LogConfig: Setting CVar [[r.SSS.SampleSet:2]]
[2019.11.10-23.44.29:325][  0]LogConfig: Setting CVar [[r.SSS.Quality:1]]
[2019.11.10-23.44.29:325][  0]LogConfig: Setting CVar [[r.SSS.HalfRes:1]]
[2019.11.10-23.44.29:325][  0]LogConfig: Setting CVar [[r.EmitterSpawnRateScale:1.0]]
[2019.11.10-23.44.29:325][  0]LogConfig: Setting CVar [[r.ParticleLightQuality:2]]
[2019.11.10-23.44.29:325][  0]LogConfig: Applying CVar settings from Section [FoliageQuality@3] File [C:/Users/danny/Desktop/Systems_Sandbox/Mechanics_Sandbox/Saved/Config/Windows/Scalability.ini]
[2019.11.10-23.44.29:325][  0]LogConfig: Setting CVar [[foliage.DensityScale:1.0]]
[2019.11.10-23.44.29:325][  0]LogConfig: Setting CVar [[grass.DensityScale:1.0]]
[2019.11.10-23.44.29:326][  0]LogInit: Selected Device Profile: [Windows]
[2019.11.10-23.44.29:326][  0]LogInit: Applying CVar settings loaded from the selected device profile: [Windows]
[2019.11.10-23.44.29:417][  0]LogHAL: Display: Platform has ~ 16 GB [17059446784 / 17179869184 / 16], which maps to Larger [LargestMinGB=32, LargerMinGB=12, DefaultMinGB=8, SmallerMinGB=6, SmallestMinGB=0)
[2019.11.10-23.44.29:418][  0]LogConfig: Setting CVar [[r.Vulkan.UseRealUBs:0		; Required until we fix HLR fall-out]]
[2019.11.10-23.44.29:418][  0]LogInit: Going up to parent DeviceProfile []
[2019.11.10-23.44.29:418][  0]LogConfig: Applying CVar settings from Section [ViewDistanceQuality@3] File [C:/Users/danny/Desktop/Systems_Sandbox/Mechanics_Sandbox/Saved/Config/Windows/Scalability.ini]
[2019.11.10-23.44.29:418][  0]LogConfig: Setting CVar [[r.SkeletalMeshLODBias:0]]
[2019.11.10-23.44.29:418][  0]LogConfig: Setting CVar [[r.ViewDistanceScale:1.0]]
[2019.11.10-23.44.29:418][  0]LogConfig: Applying CVar settings from Section [AntiAliasingQuality@3] File [C:/Users/danny/Desktop/Systems_Sandbox/Mechanics_Sandbox/Saved/Config/Windows/Scalability.ini]
[2019.11.10-23.44.29:418][  0]LogConfig: Setting CVar [[r.PostProcessAAQuality:4]]
[2019.11.10-23.44.29:418][  0]LogConfig: Applying CVar settings from Section [ShadowQuality@3] File [C:/Users/danny/Desktop/Systems_Sandbox/Mechanics_Sandbox/Saved/Config/Windows/Scalability.ini]
[2019.11.10-23.44.29:418][  0]LogConfig: Setting CVar [[r.LightFunctionQuality:1]]
[2019.11.10-23.44.29:418][  0]LogConfig: Setting CVar [[r.ShadowQuality:5]]
[2019.11.10-23.44.29:418][  0]LogConfig: Setting CVar [[r.Shadow.CSM.MaxCascades:10]]
[2019.11.10-23.44.29:418][  0]LogConfig: Setting CVar [[r.Shadow.MaxResolution:2048]]
[2019.11.10-23.44.29:418][  0]LogConfig: Setting CVar [[r.Shadow.MaxCSMResolution:2048]]
[2019.11.10-23.44.29:418][  0]LogConfig: Setting CVar [[r.Shadow.RadiusThreshold:0.01]]
[2019.11.10-23.44.29:418][  0]LogConfig: Setting CVar [[r.Shadow.DistanceScale:1.0]]
[2019.11.10-23.44.29:418][  0]LogConfig: Setting CVar [[r.Shadow.CSM.TransitionScale:1.0]]
[2019.11.10-23.44.29:419][  0]LogConfig: Setting CVar [[r.Shadow.PreShadowResolutionFactor:1.0]]
[2019.11.10-23.44.29:419][  0]LogConfig: Setting CVar [[r.DistanceFieldShadowing:1]]
[2019.11.10-23.44.29:419][  0]LogConfig: Setting CVar [[r.DistanceFieldAO:1]]
[2019.11.10-23.44.29:419][  0]LogConfig: Setting CVar [[r.AOQuality:2]]
[2019.11.10-23.44.29:419][  0]LogConfig: Setting CVar [[r.VolumetricFog:1]]
[2019.11.10-23.44.29:419][  0]LogConfig: Setting CVar [[r.VolumetricFog.GridPixelSize:8]]
[2019.11.10-23.44.29:419][  0]LogConfig: Setting CVar [[r.VolumetricFog.GridSizeZ:128]]
[2019.11.10-23.44.29:419][  0]LogConfig: Setting CVar [[r.VolumetricFog.HistoryMissSupersampleCount:4]]
[2019.11.10-23.44.29:419][  0]LogConfig: Setting CVar [[r.LightMaxDrawDistanceScale:1]]
[2019.11.10-23.44.29:419][  0]LogConfig: Setting CVar [[r.CapsuleShadows:1]]
[2019.11.10-23.44.29:419][  0]LogConfig: Applying CVar settings from Section [PostProcessQuality@3] File [C:/Users/danny/Desktop/Systems_Sandbox/Mechanics_Sandbox/Saved/Config/Windows/Scalability.ini]
[2019.11.10-23.44.29:419][  0]LogConfig: Setting CVar [[r.MotionBlurQuality:4]]
[2019.11.10-23.44.29:419][  0]LogConfig: Setting CVar [[r.AmbientOcclusionMipLevelFactor:0.4]]
[2019.11.10-23.44.29:419][  0]LogConfig: Setting CVar [[r.AmbientOcclusionMaxQuality:100]]
[2019.11.10-23.44.29:420][  0]LogConfig: Setting CVar [[r.AmbientOcclusionLevels:-1]]
[2019.11.10-23.44.29:420][  0]LogConfig: Setting CVar [[r.AmbientOcclusionRadiusScale:1.0]]
[2019.11.10-23.44.29:420][  0]LogConfig: Setting CVar [[r.DepthOfFieldQuality:2]]
[2019.11.10-23.44.29:420][  0]LogConfig: Setting CVar [[r.RenderTargetPoolMin:400]]
[2019.11.10-23.44.29:420][  0]LogConfig: Setting CVar [[r.LensFlareQuality:2]]
[2019.11.10-23.44.29:420][  0]LogConfig: Setting CVar [[r.SceneColorFringeQuality:1]]
[2019.11.10-23.44.29:420][  0]LogConfig: Setting CVar [[r.EyeAdaptationQuality:2]]
[2019.11.10-23.44.29:420][  0]LogConfig: Setting CVar [[r.BloomQuality:5]]
[2019.11.10-23.44.29:420][  0]LogConfig: Setting CVar [[r.FastBlurThreshold:100]]
[2019.11.10-23.44.29:420][  0]LogConfig: Setting CVar [[r.Upscale.Quality:3]]
[2019.11.10-23.44.29:420][  0]LogConfig: Setting CVar [[r.Tonemapper.GrainQuantization:1]]
[2019.11.10-23.44.29:420][  0]LogConfig: Setting CVar [[r.LightShaftQuality:1]]
[2019.11.10-23.44.29:420][  0]LogConfig: Setting CVar [[r.Filter.SizeScale:1]]
[2019.11.10-23.44.29:420][  0]LogConfig: Setting CVar [[r.Tonemapper.Quality:5]]
[2019.11.10-23.44.29:420][  0]LogConfig: Setting CVar [[r.DOF.Gather.AccumulatorQuality:1        ; higher gathering accumulator quality]]
[2019.11.10-23.44.29:420][  0]LogConfig: Setting CVar [[r.DOF.Gather.PostfilterMethod:1          ; Median3x3 postfilering method]]
[2019.11.10-23.44.29:420][  0]LogConfig: Setting CVar [[r.DOF.Gather.EnableBokehSettings:0       ; no bokeh simulation when gathering]]
[2019.11.10-23.44.29:420][  0]LogConfig: Setting CVar [[r.DOF.Gather.RingCount:4                 ; medium number of samples when gathering]]
[2019.11.10-23.44.29:421][  0]LogConfig: Setting CVar [[r.DOF.Scatter.ForegroundCompositing:1    ; additive foreground scattering]]
[2019.11.10-23.44.29:421][  0]LogConfig: Setting CVar [[r.DOF.Scatter.BackgroundCompositing:2    ; additive background scattering]]
[2019.11.10-23.44.29:421][  0]LogConfig: Setting CVar [[r.DOF.Scatter.EnableBokehSettings:1      ; bokeh simulation when scattering]]
[2019.11.10-23.44.29:421][  0]LogConfig: Setting CVar [[r.DOF.Scatter.MaxSpriteRatio:0.1         ; only a maximum of 10% of scattered bokeh]]
[2019.11.10-23.44.29:421][  0]LogConfig: Setting CVar [[r.DOF.Recombine.Quality:1                ; cheap slight out of focus]]
[2019.11.10-23.44.29:421][  0]LogConfig: Setting CVar [[r.DOF.Recombine.EnableBokehSettings:0    ; no bokeh simulation on slight out of focus]]
[2019.11.10-23.44.29:421][  0]LogConfig: Setting CVar [[r.DOF.TemporalAAQuality:1                ; more stable temporal accumulation]]
[2019.11.10-23.44.29:421][  0]LogConfig: Setting CVar [[r.DOF.Kernel.MaxForegroundRadius:0.025]]
[2019.11.10-23.44.29:421][  0]LogConfig: Setting CVar [[r.DOF.Kernel.MaxBackgroundRadius:0.025]]
[2019.11.10-23.44.29:421][  0]LogConfig: Applying CVar settings from Section [TextureQuality@3] File [C:/Users/danny/Desktop/Systems_Sandbox/Mechanics_Sandbox/Saved/Config/Windows/Scalability.ini]
[2019.11.10-23.44.29:421][  0]LogConfig: Setting CVar [[r.Streaming.MipBias:0]]
[2019.11.10-23.44.29:421][  0]LogConfig: Setting CVar [[r.Streaming.AmortizeCPUToGPUCopy:0]]
[2019.11.10-23.44.29:421][  0]LogConfig: Setting CVar [[r.Streaming.MaxNumTexturesToStreamPerFrame:0]]
[2019.11.10-23.44.29:421][  0]LogConfig: Setting CVar [[r.Streaming.Boost:1]]
[2019.11.10-23.44.29:421][  0]LogConfig: Setting CVar [[r.MaxAnisotropy:8]]
[2019.11.10-23.44.29:421][  0]LogConfig: Setting CVar [[r.Streaming.LimitPoolSizeToVRAM:0]]
[2019.11.10-23.44.29:421][  0]LogConfig: Setting CVar [[r.Streaming.PoolSize:1000]]
[2019.11.10-23.44.29:421][  0]LogConfig: Setting CVar [[r.Streaming.MaxEffectiveScreenSize:0]]
[2019.11.10-23.44.29:422][  0]LogConfig: Applying CVar settings from Section [EffectsQuality@3] File [C:/Users/danny/Desktop/Systems_Sandbox/Mechanics_Sandbox/Saved/Config/Windows/Scalability.ini]
[2019.11.10-23.44.29:422][  0]LogConfig: Setting CVar [[r.TranslucencyLightingVolumeDim:64]]
[2019.11.10-23.44.29:422][  0]LogConfig: Setting CVar [[r.RefractionQuality:2]]
[2019.11.10-23.44.29:422][  0]LogConfig: Setting CVar [[r.SSR.Quality:3]]
[2019.11.10-23.44.29:422][  0]LogConfig: Setting CVar [[r.SceneColorFormat:4]]
[2019.11.10-23.44.29:422][  0]LogConfig: Setting CVar [[r.DetailMode:2]]
[2019.11.10-23.44.29:422][  0]LogConfig: Setting CVar [[r.TranslucencyVolumeBlur:1]]
[2019.11.10-23.44.29:422][  0]LogConfig: Setting CVar [[r.MaterialQualityLevel:1 ; High quality]]
[2019.11.10-23.44.29:422][  0]LogConfig: Setting CVar [[r.SSS.Scale:1]]
[2019.11.10-23.44.29:422][  0]LogConfig: Setting CVar [[r.SSS.SampleSet:2]]
[2019.11.10-23.44.29:422][  0]LogConfig: Setting CVar [[r.SSS.Quality:1]]
[2019.11.10-23.44.29:422][  0]LogConfig: Setting CVar [[r.SSS.HalfRes:1]]
[2019.11.10-23.44.29:422][  0]LogConfig: Setting CVar [[r.EmitterSpawnRateScale:1.0]]
[2019.11.10-23.44.29:422][  0]LogConfig: Setting CVar [[r.ParticleLightQuality:2]]
[2019.11.10-23.44.29:422][  0]LogConfig: Applying CVar settings from Section [FoliageQuality@3] File [C:/Users/danny/Desktop/Systems_Sandbox/Mechanics_Sandbox/Saved/Config/Windows/Scalability.ini]
[2019.11.10-23.44.29:422][  0]LogConfig: Setting CVar [[foliage.DensityScale:1.0]]
[2019.11.10-23.44.29:422][  0]LogConfig: Setting CVar [[grass.DensityScale:1.0]]
[2019.11.10-23.44.29:422][  0]LogConfig: Applying CVar settings from Section [Startup] File [../../../Engine/Config/ConsoleVariables.ini]
[2019.11.10-23.44.29:439][  0]LogConfig: Setting CVar [[net.UseAdaptiveNetUpdateFrequency:0]]
[2019.11.10-23.44.29:439][  0]LogConfig: Setting CVar [[p.chaos.AllowCreatePhysxBodies:1]]
[2019.11.10-23.44.29:439][  0]LogConfig: Applying CVar settings from Section [ConsoleVariables] File [C:/Users/danny/Desktop/Systems_Sandbox/Mechanics_Sandbox/Saved/Config/Windows/Engine.ini]
[2019.11.10-23.44.29:439][  0]LogInit: Computer: MIMSI
[2019.11.10-23.44.29:439][  0]LogInit: User: danny
[2019.11.10-23.44.29:439][  0]LogInit: CPU Page size=4096, Cores=4
[2019.11.10-23.44.29:439][  0]LogInit: High frequency timer resolution =10.000000 MHz
[2019.11.10-23.44.29:440][  0]LogMemory: Memory total: Physical=15.9GB (16GB approx)
[2019.11.10-23.44.29:440][  0]LogMemory: Platform Memory Stats for Windows
[2019.11.10-23.44.29:440][  0]LogMemory: Process Physical Memory: 98.07 MB used, 98.07 MB peak
[2019.11.10-23.44.29:440][  0]LogMemory: Process Virtual Memory: 97.60 MB used, 97.60 MB peak
[2019.11.10-23.44.29:440][  0]LogMemory: Physical Memory: 7833.33 MB used,  8435.82 MB free, 16269.16 MB total
[2019.11.10-23.44.29:440][  0]LogMemory: Virtual Memory: 4650.84 MB used,  134213080.00 MB free, 134217728.00 MB total
[2019.11.10-23.44.30:042][  0]LogInit: Using OS detected language (en-US).
[2019.11.10-23.44.30:042][  0]LogInit: Using OS detected locale (en-US).
[2019.11.10-23.44.30:046][  0]LogTextLocalizationManager: No specific localization for 'en-US' exists, so the 'en' localization will be used.
[2019.11.10-23.44.31:085][  0]LogSlate: New Slate User Created.  User Index 0, Is Virtual User: 0
[2019.11.10-23.44.31:085][  0]LogSlate: Slate User Registered.  User Index 0, Is Virtual User: 0
[2019.11.10-23.44.39:230][  0]LogHMD: Failed to initialize OpenVR with code 100
[2019.11.10-23.44.39:230][  0]LogD3D11RHI: D3D11 adapters:
[2019.11.10-23.44.39:490][  0]LogD3D11RHI:    0. 'NVIDIA GeForce GTX 1070' (Feature Level 11_0)
[2019.11.10-23.44.39:490][  0]LogD3D11RHI:       8082/0/8134 MB DedicatedVideo/DedicatedSystem/SharedSystem, Outputs:2, VendorId:0x10de
[2019.11.10-23.44.39:527][  0]LogD3D11RHI:    1. 'Intel(R) HD Graphics 630' (Feature Level 11_0)
[2019.11.10-23.44.39:527][  0]LogD3D11RHI:       128/0/8134 MB DedicatedVideo/DedicatedSystem/SharedSystem, Outputs:0, VendorId:0x8086
[2019.11.10-23.44.39:537][  0]LogD3D11RHI:    2. 'Microsoft Basic Render Driver' (Feature Level 11_0)
[2019.11.10-23.44.39:537][  0]LogD3D11RHI:       0/0/8134 MB DedicatedVideo/DedicatedSystem/SharedSystem, Outputs:0, VendorId:0x1414
[2019.11.10-23.44.39:537][  0]LogD3D11RHI: Chosen D3D11 Adapter: 0
[2019.11.10-23.44.39:637][  0]LogD3D11RHI: Creating new Direct3DDevice
[2019.11.10-23.44.39:637][  0]LogD3D11RHI:     GPU DeviceId: 0x1ba1 (for the marketing name, search the web for "GPU Device Id")
[2019.11.10-23.44.39:637][  0]LogWindows: EnumDisplayDevices:
[2019.11.10-23.44.39:638][  0]LogWindows:    0. 'Intel(R) HD Graphics 630' (P:1 D:1)
[2019.11.10-23.44.39:639][  0]LogWindows:    1. 'Intel(R) HD Graphics 630' (P:0 D:0)
[2019.11.10-23.44.39:640][  0]LogWindows:    2. 'Intel(R) HD Graphics 630' (P:0 D:0)
[2019.11.10-23.44.39:641][  0]LogWindows:    3. 'NVIDIA GeForce GTX 1070' (P:0 D:1)
[2019.11.10-23.44.39:642][  0]LogWindows:    4. 'NVIDIA GeForce GTX 1070' (P:0 D:0)
[2019.11.10-23.44.39:643][  0]LogWindows:    5. 'NVIDIA GeForce GTX 1070' (P:0 D:0)
[2019.11.10-23.44.39:644][  0]LogWindows:    6. 'NVIDIA GeForce GTX 1070' (P:0 D:0)
[2019.11.10-23.44.39:645][  0]LogWindows: DebugString: PrimaryIsNotTheChoosenAdapter PrimaryIsNotTheChoosenAdapter PrimaryIsNotTheChoosenAdapter FoundDriverCount:4 
[2019.11.10-23.44.39:645][  0]LogD3D11RHI:     Adapter Name: NVIDIA GeForce GTX 1070
[2019.11.10-23.44.39:645][  0]LogD3D11RHI:   Driver Version: 440.97 (internal:26.21.14.4097, unified:440.97)
[2019.11.10-23.44.39:645][  0]LogD3D11RHI:      Driver Date: 10-16-2019
[2019.11.10-23.44.39:645][  0]LogRHI: Texture pool is 5657 MB (70% of 8082 MB)
[2019.11.10-23.44.39:828][  0]LogD3D11RHI: Async texture creation enabled
[2019.11.10-23.44.39:843][  0]LogRendererCore: FGlobalReadBuffer::InitRHI
[2019.11.10-23.44.39:845][  0]LogRendererCore: FGlobalReadBuffer::InitRHI
[2019.11.10-23.44.39:845][  0]LogRendererCore: FGlobalReadBuffer::InitRHI
[2019.11.10-23.44.39:864][  0]LogD3D11RHI: GPU Timing Frequency: 1000.000000 (Debug: 2 1)
[2019.11.10-23.44.42:067][  0]LogTemp: Display: Module 'AllDesktopTargetPlatform' loaded TargetPlatform 'AllDesktop'
[2019.11.10-23.44.42:197][  0]LogTemp: Display: Module 'MacClientTargetPlatform' loaded TargetPlatform 'MacClient'
[2019.11.10-23.44.42:580][  0]LogTemp: Display: Module 'MacNoEditorTargetPlatform' loaded TargetPlatform 'MacNoEditor'
[2019.11.10-23.44.42:707][  0]LogTemp: Display: Module 'MacServerTargetPlatform' loaded TargetPlatform 'MacServer'
[2019.11.10-23.44.42:834][  0]LogTemp: Display: Module 'MacTargetPlatform' loaded TargetPlatform 'Mac'
[2019.11.10-23.44.42:959][  0]LogTemp: Display: Module 'WindowsClientTargetPlatform' loaded TargetPlatform 'WindowsClient'
[2019.11.10-23.44.43:081][  0]LogTemp: Display: Module 'WindowsNoEditorTargetPlatform' loaded TargetPlatform 'WindowsNoEditor'
[2019.11.10-23.44.43:199][  0]LogTemp: Display: Module 'WindowsServerTargetPlatform' loaded TargetPlatform 'WindowsServer'
[2019.11.10-23.44.43:302][  0]LogTemp: Display: Module 'WindowsTargetPlatform' loaded TargetPlatform 'Windows'
[2019.11.10-23.44.43:790][  0]LogTemp: Display: Module 'AndroidTargetPlatform' loaded TargetPlatform 'Android'
[2019.11.10-23.44.43:790][  0]LogTemp: Display: Module 'AndroidTargetPlatform' loaded TargetPlatform 'Android_ASTC'
[2019.11.10-23.44.43:790][  0]LogTemp: Display: Module 'AndroidTargetPlatform' loaded TargetPlatform 'Android_ATC'
[2019.11.10-23.44.43:790][  0]LogTemp: Display: Module 'AndroidTargetPlatform' loaded TargetPlatform 'Android_DXT'
[2019.11.10-23.44.43:790][  0]LogTemp: Display: Module 'AndroidTargetPlatform' loaded TargetPlatform 'Android_ETC1'
[2019.11.10-23.44.43:790][  0]LogTemp: Display: Module 'AndroidTargetPlatform' loaded TargetPlatform 'Android_ETC1a'
[2019.11.10-23.44.43:790][  0]LogTemp: Display: Module 'AndroidTargetPlatform' loaded TargetPlatform 'Android_ETC2'
[2019.11.10-23.44.43:790][  0]LogTemp: Display: Module 'AndroidTargetPlatform' loaded TargetPlatform 'Android_PVRTC'
[2019.11.10-23.44.43:790][  0]LogTemp: Display: Module 'AndroidTargetPlatform' loaded TargetPlatform 'AndroidClient'
[2019.11.10-23.44.43:790][  0]LogTemp: Display: Module 'AndroidTargetPlatform' loaded TargetPlatform 'Android_ASTCClient'
[2019.11.10-23.44.43:790][  0]LogTemp: Display: Module 'AndroidTargetPlatform' loaded TargetPlatform 'Android_ATCClient'
[2019.11.10-23.44.43:791][  0]LogTemp: Display: Module 'AndroidTargetPlatform' loaded TargetPlatform 'Android_DXTClient'
[2019.11.10-23.44.43:791][  0]LogTemp: Display: Module 'AndroidTargetPlatform' loaded TargetPlatform 'Android_ETC1Client'
[2019.11.10-23.44.43:791][  0]LogTemp: Display: Module 'AndroidTargetPlatform' loaded TargetPlatform 'Android_ETC1aClient'
[2019.11.10-23.44.43:791][  0]LogTemp: Display: Module 'AndroidTargetPlatform' loaded TargetPlatform 'Android_ETC2Client'
[2019.11.10-23.44.43:791][  0]LogTemp: Display: Module 'AndroidTargetPlatform' loaded TargetPlatform 'Android_PVRTCClient'
[2019.11.10-23.44.43:791][  0]LogTemp: Display: Module 'AndroidTargetPlatform' loaded TargetPlatform 'Android_Multi'
[2019.11.10-23.44.43:791][  0]LogTemp: Display: Module 'AndroidTargetPlatform' loaded TargetPlatform 'Android_MultiClient'
[2019.11.10-23.44.43:859][  0]LogTemp: Display: Module 'HTML5TargetPlatform' loaded TargetPlatform 'HTML5'
[2019.11.10-23.44.44:276][  0]LogTemp: Display: Module 'IOSTargetPlatform' loaded TargetPlatform 'IOSClient'
[2019.11.10-23.44.44:277][  0]LogTemp: Display: Module 'IOSTargetPlatform' loaded TargetPlatform 'IOS'
[2019.11.10-23.44.44:442][  0]LogTemp: Display: Module 'TVOSTargetPlatform' loaded TargetPlatform 'TVOSClient'
[2019.11.10-23.44.44:442][  0]LogTemp: Display: Module 'TVOSTargetPlatform' loaded TargetPlatform 'TVOS'
[2019.11.10-23.44.44:544][  0]LogTemp: Display: Module 'LinuxClientTargetPlatform' loaded TargetPlatform 'LinuxClient'
[2019.11.10-23.44.44:678][  0]LogTemp: Display: Module 'LinuxNoEditorTargetPlatform' loaded TargetPlatform 'LinuxNoEditor'
[2019.11.10-23.44.44:793][  0]LogTemp: Display: Module 'LinuxServerTargetPlatform' loaded TargetPlatform 'LinuxServer'
[2019.11.10-23.44.44:926][  0]LogTemp: Display: Module 'LinuxTargetPlatform' loaded TargetPlatform 'Linux'
[2019.11.10-23.44.45:188][  0]LogTemp: Display: Module 'LuminTargetPlatform' loaded TargetPlatform 'Lumin'
[2019.11.10-23.44.45:188][  0]LogTemp: Display: Module 'LuminTargetPlatform' loaded TargetPlatform 'LuminClient'
[2019.11.10-23.44.45:189][  0]LogTargetPlatformManager: Display: Building Assets For Windows
[2019.11.10-23.44.45:450][  0]LogAudioDebug: Display: Lib vorbis DLL was dynamically loaded.
[2019.11.10-23.44.46:414][  0]LogShaderCompilers: Guid format shader working directory is -10 characters bigger than the processId version (C:/Users/danny/Desktop/Systems_Sandbox/Mechanics_Sandbox/Intermediate/Shaders/WorkingDirectory/7060/).
[2019.11.10-23.44.46:415][  0]LogShaderCompilers: Cleaned the shader compiler working directory 'C:/Users/danny/AppData/Local/Temp/UnrealShaderWorkingDir/0E3D382149F456287BC59F856AE10644/'.
[2019.11.10-23.44.46:421][  0]LogXGEController: Cannot use XGE Controller as Incredibuild is not installed on this machine.
[2019.11.10-23.44.46:421][  0]LogShaderCompilers: Cannot use XGE Shader Compiler as Incredibuild is not installed on this machine.
[2019.11.10-23.44.46:421][  0]LogShaderCompilers: Display: Using Local Shader Compiler.
[2019.11.10-23.44.54:049][  0]LogDerivedDataCache: Display: Max Cache Size: 512 MB
[2019.11.10-23.44.54:214][  0]LogDerivedDataCache: Loaded boot cache 0.16s 71MB C:/Users/danny/AppData/Local/UnrealEngine/4.22/DerivedDataCache/Boot.ddc.
[2019.11.10-23.44.54:214][  0]LogDerivedDataCache: Display: Loaded Boot cache: C:/Users/danny/AppData/Local/UnrealEngine/4.22/DerivedDataCache/Boot.ddc
[2019.11.10-23.44.54:214][  0]LogDerivedDataCache: FDerivedDataBackendGraph:  Pak pak cache file C:/Users/danny/Desktop/Systems_Sandbox/Mechanics_Sandbox/DerivedDataCache/DDC.ddp not found, will not use a pak cache.
[2019.11.10-23.44.54:215][  0]LogDerivedDataCache: Unable to find inner node Pak for hierarchical cache Hierarchy.
[2019.11.10-23.44.54:215][  0]LogDerivedDataCache: FDerivedDataBackendGraph:  CompressedPak pak cache file C:/Users/danny/Desktop/Systems_Sandbox/Mechanics_Sandbox/DerivedDataCache/Compressed.ddp not found, will not use a pak cache.
[2019.11.10-23.44.54:215][  0]LogDerivedDataCache: Unable to find inner node CompressedPak for hierarchical cache Hierarchy.
[2019.11.10-23.44.54:273][  0]LogDerivedDataCache: Display: Pak cache opened for reading ../../../Engine/DerivedDataCache/Compressed.ddp.
[2019.11.10-23.44.54:273][  0]LogDerivedDataCache: FDerivedDataBackendGraph:  EnterprisePak pak cache file ../../../Enterprise/DerivedDataCache/Compressed.ddp not found, will not use a pak cache.
[2019.11.10-23.44.54:273][  0]LogDerivedDataCache: Unable to find inner node EnterprisePak for hierarchical cache Hierarchy.
[2019.11.10-23.44.54:287][  0]LogDerivedDataCache: Using Local data cache path C:/Users/danny/AppData/Local/UnrealEngine/Common/DerivedDataCache: Writable
[2019.11.10-23.44.54:287][  0]LogDerivedDataCache: Shared data cache path not found in *engine.ini, will not use an Shared cache.
[2019.11.10-23.44.54:287][  0]LogDerivedDataCache: Unable to find inner node Shared for hierarchical cache Hierarchy.
[2019.11.10-23.44.54:373][  0]LogMaterial: Verifying Global Shaders for PCD3D_SM5
[2019.11.10-23.44.54:376][  0]LogSlate: Using FreeType 2.6.0
[2019.11.10-23.44.54:423][  0]LogSlate: SlateFontServices - WITH_FREETYPE: 1, WITH_HARFBUZZ: 1
[2019.11.10-23.44.55:289][  0]LogAssetRegistry: FAssetRegistry took 0.0602 seconds to start up
[2019.11.10-23.44.56:522][  0]LogInit: Selected Device Profile: [Windows]
[2019.11.10-23.44.57:589][  0]LogMeshReduction: Using QuadricMeshReduction for automatic static mesh reduction
[2019.11.10-23.44.57:589][  0]LogMeshReduction: Using SimplygonMeshReduction for automatic skeletal mesh reduction
[2019.11.10-23.44.57:589][  0]LogMeshReduction: Using ProxyLODMeshReduction for automatic mesh merging
[2019.11.10-23.44.57:589][  0]LogMeshReduction: No distributed automatic mesh merging module available
[2019.11.10-23.44.57:589][  0]LogMeshMerging: No distributed automatic mesh merging module available
[2019.11.10-23.44.57:690][  0]LogNetVersion: Mechanics_Sandbox 1.0.0, NetCL: 5660361, EngineNetVer: 10, GameNetVer: 0 (Checksum: 3413983669)
[2019.11.10-23.45.00:260][  0]LogPackageLocalizationCache: Processed 10 localized package path(s) for 1 prioritized culture(s) in 0.160774 seconds
[2019.11.10-23.45.00:286][  0]LogUObjectArray: 42205 objects as part of root set at end of initial load.
[2019.11.10-23.45.00:286][  0]LogUObjectAllocator: 7325032 out of 0 bytes used by permanent object pool.
[2019.11.10-23.45.00:287][  0]LogUObjectArray: CloseDisregardForGC: 0/0 objects in disregard for GC pool
[2019.11.10-23.45.09:901][  0]LogTcpMessaging: Initializing TcpMessaging bridge
[2019.11.10-23.45.09:950][  0]LogUdpMessaging: Initializing bridge on interface 0.0.0.0:0 to multicast group 230.0.0.1:6666.
[2019.11.10-23.45.11:149][  0]SourceControl: Source control is disabled
[2019.11.10-23.45.11:150][  0]SourceControl: Source control is disabled
[2019.11.10-23.45.11:189][  0]SourceControl: Source control is disabled
[2019.11.10-23.45.11:226][  0]SourceControl: Source control is disabled
[2019.11.10-23.45.12:503][  0]LogAndroidPermission: UAndroidPermissionCallbackProxy::GetInstance
[2019.11.10-23.45.13:268][  0]LogOcInput: OculusInput pre-init called
[2019.11.10-23.45.15:636][  0]LogEngine: Initializing Engine...
[2019.11.10-23.45.15:638][  0]LogHMD: Failed to initialize OpenVR with code 100
[2019.11.10-23.45.15:642][  0]LogStats: UGameplayTagsManager::InitializeManager -  0.000 s
[2019.11.10-23.45.16:602][  0]LogInit: Initializing FReadOnlyCVARCache
[2019.11.10-23.45.16:697][  0]LogAIModule: Creating AISystem for world Untitled
[2019.11.10-23.45.16:771][  0]LogInit: XAudio2 using 'Headset Earphone (SteelSeries Arctis 5 Chat)' : 2 channels at 48 kHz using 16 bits per sample (channel mask 0x3)
[2019.11.10-23.45.16:852][  0]LogInit: FAudioDevice initialized.
[2019.11.10-23.45.16:852][  0]LogNetVersion: Set ProjectVersion to 1.0.0.0. Version Checksum will be recalculated on next use.
[2019.11.10-23.45.17:003][  0]LogDerivedDataCache: Saved boot cache 0.15s 71MB C:/Users/danny/AppData/Local/UnrealEngine/4.22/DerivedDataCache/Boot.ddc.
[2019.11.10-23.45.17:028][  0]LogInit: Texture streaming: Enabled
[2019.11.10-23.45.17:180][  0]LogEngineSessionManager: EngineSessionManager initialized
[2019.11.10-23.45.17:345][  0]LogInit: Transaction tracking system initialized
[2019.11.10-23.45.17:541][  0]BlueprintLog: New page: Editor Load
[2019.11.10-23.45.18:394][  0]LocalizationService: Localization service is disabled
[2019.11.10-23.45.19:572][  0]LogFileCache: Scanning file cache for directory 'C:/Users/danny/Desktop/Systems_Sandbox/Mechanics_Sandbox/Content/' took 0.03s
[2019.11.10-23.45.19:572][  0]LogCook: Display: Max memory allowance for cook 16384mb min free memory 0mb
[2019.11.10-23.45.19:572][  0]LogCook: Display: Mobile HDR setting 1
[2019.11.10-23.45.20:021][  0]SourceControl: Source control is disabled
[2019.11.10-23.45.20:021][  0]Cmd: MAP LOAD FILE="C:/Users/danny/Desktop/Systems_Sandbox/Mechanics_Sandbox/Content/FirstPersonBP/Maps/FirstPersonExampleMap.umap" TEMPLATE=0 SHOWPROGRESS=1 FEATURELEVEL=3
[2019.11.10-23.45.20:022][  0]LightingResults: New page: Lighting Build
[2019.11.10-23.45.20:026][  0]MapCheck: New page: Map Check
[2019.11.10-23.45.20:026][  0]LightingResults: New page: Lighting Build
[2019.11.10-23.45.20:094][  0]LogUObjectHash: Compacting FUObjectHashTables data took   4.02ms
[2019.11.10-23.45.24:353][  0]LogAIModule: Creating AISystem for world FirstPersonExampleMap
[2019.11.10-23.45.24:561][  0]LogEditorServer: Finished looking for orphan Actors (0.000 secs)
[2019.11.10-23.45.24:643][  0]LogUObjectHash: Compacting FUObjectHashTables data took   5.81ms
[2019.11.10-23.45.24:643][  0]Cmd: MAP CHECKDEP NOCLEARLOG
[2019.11.10-23.45.24:644][  0]MapCheck: Map check complete: 0 Error(s), 0 Warning(s), took 0.284ms to complete.
[2019.11.10-23.45.24:644][  0]LogFileHelpers: Loading map 'FirstPersonExampleMap' took 4.623
[2019.11.10-23.45.25:242][  0]LogCollectionManager: Loaded 0 collections in 0.002159 seconds
[2019.11.10-23.45.25:294][  0]LogFileCache: Scanning file cache for directory 'C:/Users/danny/Desktop/Systems_Sandbox/Mechanics_Sandbox/Saved/Collections/' took 0.01s
[2019.11.10-23.45.25:294][  0]LogFileCache: Scanning file cache for directory 'C:/Users/danny/Desktop/Systems_Sandbox/Mechanics_Sandbox/Content/Developers/danny/Collections/' took 0.00s
[2019.11.10-23.45.25:294][  0]LogFileCache: Scanning file cache for directory 'C:/Users/danny/Desktop/Systems_Sandbox/Mechanics_Sandbox/Content/Collections/' took 0.00s
[2019.11.10-23.45.25:294][  0]LogCollectionManager: Rebuilt the GUID cache for 0 collections in 0.000000 seconds
[2019.11.10-23.45.25:315][  0]LogContentBrowser: Native class hierarchy populated in 0.0208 seconds. Added 2742 classes and 666 folders.
[2019.11.10-23.45.25:368][  0]LogContentBrowser: Native class hierarchy updated for 'WidgetCarousel' in 0.0006 seconds. Added 0 classes and 0 folders.
[2019.11.10-23.45.25:442][  0]LogPakFile: Registered encryption key '00000000000000000000000000000000': 0 pak files mounted, 0 remain pending
[2019.11.10-23.45.25:508][  0]LogPakFile: Registered encryption key '00000000000000000000000000000000': 0 pak files mounted, 0 remain pending
[2019.11.10-23.45.25:550][  0]LogPakFile: Registered encryption key '00000000000000000000000000000000': 0 pak files mounted, 0 remain pending
[2019.11.10-23.45.25:574][  0]LogPakFile: Registered encryption key '00000000000000000000000000000000': 0 pak files mounted, 0 remain pending
[2019.11.10-23.45.25:593][  0]LogPakFile: Registered encryption key '00000000000000000000000000000000': 0 pak files mounted, 0 remain pending
[2019.11.10-23.45.25:616][  0]LogPakFile: Registered encryption key '00000000000000000000000000000000': 0 pak files mounted, 0 remain pending
[2019.11.10-23.45.25:628][  0]LogPakFile: Registered encryption key '00000000000000000000000000000000': 0 pak files mounted, 0 remain pending
[2019.11.10-23.45.25:642][  0]LogPakFile: Registered encryption key '00000000000000000000000000000000': 0 pak files mounted, 0 remain pending
[2019.11.10-23.45.25:659][  0]LogPakFile: Registered encryption key '00000000000000000000000000000000': 0 pak files mounted, 0 remain pending
[2019.11.10-23.45.25:680][  0]LogPakFile: Registered encryption key '00000000000000000000000000000000': 0 pak files mounted, 0 remain pending
[2019.11.10-23.45.25:692][  0]LogPakFile: Registered encryption key '00000000000000000000000000000000': 0 pak files mounted, 0 remain pending
[2019.11.10-23.45.25:704][  0]LogPakFile: Registered encryption key '00000000000000000000000000000000': 0 pak files mounted, 0 remain pending
[2019.11.10-23.45.25:719][  0]LogPakFile: Registered encryption key '00000000000000000000000000000000': 0 pak files mounted, 0 remain pending
[2019.11.10-23.45.25:732][  0]LogPakFile: Registered encryption key '00000000000000000000000000000000': 0 pak files mounted, 0 remain pending
[2019.11.10-23.45.25:744][  0]LogPakFile: Registered encryption key '00000000000000000000000000000000': 0 pak files mounted, 0 remain pending
[2019.11.10-23.45.25:758][  0]LogPakFile: Registered encryption key '00000000000000000000000000000000': 0 pak files mounted, 0 remain pending
[2019.11.10-23.45.25:831][  0]LogPakFile: Registered encryption key '00000000000000000000000000000000': 0 pak files mounted, 0 remain pending
[2019.11.10-23.45.25:845][  0]LogPakFile: Registered encryption key '00000000000000000000000000000000': 0 pak files mounted, 0 remain pending
[2019.11.10-23.45.25:859][  0]LogPakFile: Registered encryption key '00000000000000000000000000000000': 0 pak files mounted, 0 remain pending
[2019.11.10-23.45.25:872][  0]LogPakFile: Registered encryption key '00000000000000000000000000000000': 0 pak files mounted, 0 remain pending
[2019.11.10-23.45.25:886][  0]LogPakFile: Registered encryption key '00000000000000000000000000000000': 0 pak files mounted, 0 remain pending
[2019.11.10-23.45.25:899][  0]LogPakFile: Registered encryption key '00000000000000000000000000000000': 0 pak files mounted, 0 remain pending
[2019.11.10-23.45.25:912][  0]LogPakFile: Registered encryption key '00000000000000000000000000000000': 0 pak files mounted, 0 remain pending
[2019.11.10-23.45.25:926][  0]LogPakFile: Registered encryption key '00000000000000000000000000000000': 0 pak files mounted, 0 remain pending
[2019.11.10-23.45.25:939][  0]LogPakFile: Registered encryption key '00000000000000000000000000000000': 0 pak files mounted, 0 remain pending
[2019.11.10-23.45.25:952][  0]LogPakFile: Registered encryption key '00000000000000000000000000000000': 0 pak files mounted, 0 remain pending
[2019.11.10-23.45.26:878][  0]LogContentBrowser: Native class hierarchy updated for 'AddContentDialog' in 0.0005 seconds. Added 0 classes and 0 folders.
[2019.11.10-23.45.27:495][  0]LogSlate: Updating window title bar state: overlay mode, drag disabled, window buttons hidden, title bar hidden
[2019.11.10-23.45.27:524][  0]LogSlate: Updating window title bar state: overlay mode, drag disabled, window buttons hidden, title bar hidden
[2019.11.10-23.45.27:545][  0]LogSlate: Updating window title bar state: overlay mode, drag disabled, window buttons hidden, title bar hidden
[2019.11.10-23.45.27:567][  0]LogSlate: Updating window title bar state: overlay mode, drag disabled, window buttons hidden, title bar hidden
[2019.11.10-23.45.27:652][  0]LogContentBrowser: Native class hierarchy updated for 'HierarchicalLODOutliner' in 0.0005 seconds. Added 0 classes and 0 folders.
[2019.11.10-23.45.27:652][  0]LogLoad: (Engine Initialization) Total time: 69.05 seconds
[2019.11.10-23.45.27:652][  0]LogLoad: (Engine Initialization) Total Blueprint compile time: 0.00 seconds
[2019.11.10-23.45.27:910][  0]LogContentStreaming: Texture pool size now 1000 MB
[2019.11.10-23.45.27:913][  0]LogSlate: Took 0.000496 seconds to synchronously load lazily loaded font '../../../Engine/Content/Slate/Fonts/Roboto-Regular.ttf' (155K)
[2019.11.10-23.45.27:943][  0]LogSlate: Took 0.024588 seconds to synchronously load lazily loaded font '../../../Engine/Content/Editor/Slate/Fonts/FontAwesome.ttf' (139K)
[2019.11.10-23.45.27:956][  0]LogSlate: Took 0.000863 seconds to synchronously load lazily loaded font '../../../Engine/Content/Slate/Fonts/Roboto-Bold.ttf' (160K)
[2019.11.10-23.45.28:002][  0]LogSlate: Took 0.038360 seconds to synchronously load lazily loaded font '../../../Engine/Content/Slate/Fonts/DroidSansMono.ttf' (77K)
[2019.11.10-23.45.28:279][  0]LogSlate: Took 0.019627 seconds to synchronously load lazily loaded font '../../../Engine/Content/Slate/Fonts/Roboto-Light.ttf' (167K)
[2019.11.10-23.45.28:628][  1]LogRenderer: Reallocating scene render targets to support 748x888 Format 10 NumSamples 1 (Frame:1).
[2019.11.10-23.45.29:341][  3]LogSlate: Took 0.000411 seconds to synchronously load lazily loaded font '../../../Engine/Content/Slate/Fonts/Roboto-Light.ttf' (167K)
[2019.11.10-23.45.29:350][  3]LogAssetEditorManager: Opening Asset editor for Blueprint /Game/FirstPersonBP/Blueprints/FirstPersonCharacter.FirstPersonCharacter
[2019.11.10-23.45.30:575][  3]LogContentBrowser: Native class hierarchy updated for 'BlueprintGraph' in 0.0014 seconds. Added 121 classes and 0 folders.
[2019.11.10-23.45.34:344][  3]LogSlate: FSceneViewport::OnFocusLost() reason 2
[2019.11.10-23.45.34:357][  3]LogAssetEditorManager: Opening Asset editor for Blueprint /Game/FirstPersonBP/Blueprints/FirstPersonProjectile.FirstPersonProjectile
[2019.11.10-23.45.35:401][  3]LogAssetEditorManager: Opening Asset editor for Blueprint /Game/Teleporter/TeleportationPad.TeleportationPad
[2019.11.10-23.45.36:319][  3]LogAssetEditorManager: Opening Asset editor for Blueprint /Game/Teleporter/Teleporter.Teleporter
[2019.11.10-23.45.37:434][  3]LogSlate: Took 0.024621 seconds to synchronously load lazily loaded font '../../../Engine/Content/Slate/Fonts/Roboto-BoldCondensed.ttf' (158K)
[2019.11.10-23.45.38:318][  4]LogSlate: Took 0.020788 seconds to synchronously load lazily loaded font '../../../Engine/Content/Slate/Fonts/Roboto-Italic.ttf' (157K)
[2019.11.10-23.45.39:845][ 14]LogAssetRegistry: Asset discovery search completed in 44.5792 seconds
[2019.11.10-23.45.39:857][ 14]LogCollectionManager: Rebuilt the object cache for 0 collections in 0.000001 seconds (found 0 objects)
[2019.11.10-23.45.39:858][ 14]LogCollectionManager: Fixed up redirectors for 0 collections in 0.000816 seconds (updated 0 objects)
[2019.11.11-01.56.19:192][962]LogSlate: FSceneViewport::OnFocusLost() reason 2
[2019.11.11-01.56.23:276][ 59]LogBlueprintActionDatabase: Requesting refresh due to module change: WorldBrowser (loaded)
[2019.11.11-01.56.23:277][ 59]LogContentBrowser: Native class hierarchy updated for 'WorldBrowser' in 0.0007 seconds. Added 2 classes and 3 folders.
[2019.11.11-01.57.02:099][695]LogBlueprintActionDatabase: Requesting refresh due to module change: NewLevelDialog (loaded)
[2019.11.11-01.57.07:981][695]LogSlate: Window 'New Level' being destroyed
[2019.11.11-01.57.15:691][782]LogSlate: Window 'New Level' being destroyed
[2019.11.11-01.59.48:541][556]LogSlate: Window 'Level Details' being destroyed
[2019.11.11-01.59.48:554][556]LogSlate: Window 'Level Details' being destroyed
[2019.11.11-01.59.57:125][670]LogSlate: Window 'Save Level As' being destroyed
[2019.11.11-02.00.01:819][888]LogSlate: Window 'Open Level' being destroyed
[2019.11.11-02.00.05:008][962]LogSlate: Window 'New Level' being destroyed
[2019.11.11-02.00.05:118][962]LogAIModule: Creating AISystem for world Template_Default
[2019.11.11-02.00.13:296][962]LogSlate: Window 'Save Level As' being destroyed
[2019.11.11-02.00.13:358][962]LogBlueprintActionDatabase: Requesting refresh due to module change: HierarchicalLODUtilities (loaded)
[2019.11.11-02.00.14:001][962]LogUObjectHash: Compacting FUObjectHashTables data took  16.63ms
[2019.11.11-02.00.14:664][962]LogAIModule: Creating AISystem for world Door_Kit
[2019.11.11-02.00.14:684][962]Cmd: OBJ SAVEPACKAGE PACKAGE="/Game/Maps/Door_Kit" FILE="C:/Users/danny/Desktop/Systems_Sandbox/Mechanics_Sandbox/Content/Maps/Door_Kit.umap" SILENT=true AUTOSAVING=false KEEPDIRTY=false
[2019.11.11-02.00.14:837][962]LogUObjectHash: Compacting FUObjectHashTables data took  11.00ms
[2019.11.11-02.00.15:408][962]LogSavePackage: Moving 'C:/Users/danny/Desktop/Systems_Sandbox/Mechanics_Sandbox/Saved/Door_Kit1F87F6EC49D3C22C7584EAA1A79B2219.tmp' to 'C:/Users/danny/Desktop/Systems_Sandbox/Mechanics_Sandbox/Content/Maps/Door_Kit.umap'
[2019.11.11-02.00.15:497][962]Cmd: OBJ SAVEPACKAGE PACKAGE="/Game/Maps/Door_Kit_BuiltData" FILE="C:/Users/danny/Desktop/Systems_Sandbox/Mechanics_Sandbox/Content/Maps/Door_Kit_BuiltData.uasset" SILENT=true
[2019.11.11-02.00.15:536][962]LogSavePackage: Moving 'C:/Users/danny/Desktop/Systems_Sandbox/Mechanics_Sandbox/Saved/Door_Kit_BuiltData0B73CB5941AFF4BDDD9E2BBE47C16D78.tmp' to 'C:/Users/danny/Desktop/Systems_Sandbox/Mechanics_Sandbox/Content/Maps/Door_Kit_BuiltData.uasset'
[2019.11.11-02.00.15:557][962]LogFileHelpers: Saving map 'Door_Kit' took 2.246
[2019.11.11-02.00.41:141][840]LogSlate: FSceneViewport::OnFocusLost() reason 2
[2019.11.11-02.00.50:650][  8]LogEditorViewport: Clicking on Actor (LMB): StaticMeshActor (Floor)
[2019.11.11-02.00.51:871][ 18]LogEditorViewport: Clicking on Actor (LMB): Door_C (Door3)
[2019.11.11-02.00.52:274][ 27]Cmd: CAMERA ALIGN ACTIVEVIEWPORTONLY
[2019.11.11-02.10.04:117][899]LogUObjectHash: Compacting FUObjectHashTables data took  17.45ms
[2019.11.11-02.10.05:466][899]LogSavePackage: Moving 'C:/Users/danny/Desktop/Systems_Sandbox/Mechanics_Sandbox/Saved/FirstPersonExampleMap_Auto15BE3634D4042CA297AD6DBA8277A2D93.tmp' to 'C:/Users/danny/Desktop/Systems_Sandbox/Mechanics_Sandbox/Saved/Autosaves/Game/FirstPersonBP/Maps/FirstPersonExampleMap_Auto1.umap'
[2019.11.11-02.10.05:481][899]LogFileHelpers: Editor autosave (incl. sublevels) for '/Game/FirstPersonBP/Maps/FirstPersonExampleMap' took 1.622
[2019.11.11-02.10.05:481][899]LogFileHelpers: Editor autosave (incl. sublevels) for all levels took 1.622
[2019.11.11-02.13.26:740][764]LogSlate: FSceneViewport::OnFocusLost() reason 0
[2019.11.11-02.13.38:551][ 82]LogSlate: FSceneViewport::OnFocusLost() reason 0
[2019.11.11-02.16.18:111][535]LogEditorActor: Deleted Actor: Door_C
[2019.11.11-02.16.18:113][535]LogEditorActor: Deleted Actor: Door_C
[2019.11.11-02.16.18:115][535]LogEditorActor: Deleted Actor: Door_C
[2019.11.11-02.16.18:117][535]LogEditorActor: Deleted Actor: Key_C
[2019.11.11-02.16.18:261][535]LogUObjectHash: Compacting FUObjectHashTables data took  11.43ms
[2019.11.11-02.16.18:262][535]LogEditorActor: Deleted 4 Actors (0.153 secs)
[2019.11.11-02.16.50:758][467]LogEditorActor: Deleted Actor: AtmosphericFog
[2019.11.11-02.16.50:860][467]LogUObjectHash: Compacting FUObjectHashTables data took   5.46ms
[2019.11.11-02.16.50:862][467]LogEditorActor: Deleted 1 Actors (0.106 secs)
[2019.11.11-02.17.22:437][421]Cmd: TRANSACTION UNDO
[2019.11.11-02.17.22:438][421]LogEditorTransaction: Undo Clicking on Actors
[2019.11.11-02.17.22:650][425]Cmd: TRANSACTION UNDO
[2019.11.11-02.17.22:650][425]LogEditorTransaction: Undo Clicking on Actors
[2019.11.11-02.17.22:893][429]Cmd: TRANSACTION UNDO
[2019.11.11-02.17.22:893][429]LogEditorTransaction: Undo Clicking on Actors
[2019.11.11-02.17.23:089][434]Cmd: TRANSACTION UNDO
[2019.11.11-02.17.23:089][434]LogEditorTransaction: Undo Clicking on Actors
[2019.11.11-02.17.23:327][441]Cmd: TRANSACTION UNDO
[2019.11.11-02.17.23:327][441]LogEditorTransaction: Undo Clicking on Actors
[2019.11.11-02.17.23:536][447]Cmd: TRANSACTION UNDO
[2019.11.11-02.17.23:536][447]LogEditorTransaction: Undo Clicking on Actors
[2019.11.11-02.17.23:993][459]Cmd: TRANSACTION UNDO
[2019.11.11-02.17.23:993][459]LogEditorTransaction: Undo Clicking on Actors
[2019.11.11-02.17.24:400][474]Cmd: TRANSACTION UNDO
[2019.11.11-02.17.24:400][474]LogEditorTransaction: Undo Toggle Level Visibility
[2019.11.11-02.17.24:822][474]Cmd: TRANSACTION UNDO
[2019.11.11-02.17.24:823][474]LogEditorTransaction: Undo Toggle Level Visibility
[2019.11.11-02.17.25:005][475]Cmd: TRANSACTION UNDO
[2019.11.11-02.17.25:006][475]LogEditorTransaction: Undo Toggle Level Visibility
[2019.11.11-02.17.25:750][494]Cmd: TRANSACTION UNDO
[2019.11.11-02.17.25:751][494]LogEditorTransaction: Undo Toggle Level Visibility
[2019.11.11-02.17.26:228][506]Cmd: TRANSACTION UNDO
[2019.11.11-02.17.26:228][506]LogEditorTransaction: Undo Toggle Level Visibility
[2019.11.11-02.17.26:582][514]Cmd: TRANSACTION UNDO
[2019.11.11-02.17.26:582][514]LogEditorTransaction: Undo Toggle Level Visibility
[2019.11.11-02.17.26:858][520]Cmd: TRANSACTION UNDO
[2019.11.11-02.17.26:858][520]LogEditorTransaction: Undo Toggle Level Visibility
[2019.11.11-02.17.27:242][529]Cmd: TRANSACTION UNDO
[2019.11.11-02.17.27:242][529]LogEditorTransaction: Undo Move Selected Actors to Level
[2019.11.11-02.17.27:552][534]Cmd: TRANSACTION UNDO
[2019.11.11-02.17.27:552][534]LogEditorTransaction: Undo Clicking on Actors
[2019.11.11-02.17.28:016][547]Cmd: TRANSACTION UNDO
[2019.11.11-02.17.28:016][547]LogEditorTransaction: Undo Toggle Level Visibility
[2019.11.11-02.17.28:437][558]Cmd: TRANSACTION UNDO
[2019.11.11-02.17.28:438][558]LogEditorTransaction: Undo Toggle Level Visibility
[2019.11.11-02.17.28:799][567]Cmd: TRANSACTION UNDO
[2019.11.11-02.17.28:799][567]LogEditorTransaction: Undo Toggle Level Visibility
[2019.11.11-02.17.29:127][575]Cmd: TRANSACTION UNDO
[2019.11.11-02.17.29:127][575]LogEditorTransaction: Undo Toggle Level Visibility
[2019.11.11-02.17.29:392][581]Cmd: TRANSACTION UNDO
[2019.11.11-02.17.29:392][581]LogEditorTransaction: Undo Toggle Level Visibility
[2019.11.11-02.17.29:654][587]Cmd: TRANSACTION UNDO
[2019.11.11-02.17.29:654][587]LogEditorTransaction: Undo Toggle Level Visibility
[2019.11.11-02.17.29:944][594]Cmd: TRANSACTION UNDO
[2019.11.11-02.17.29:944][594]LogEditorTransaction: Undo Toggle Level Visibility
[2019.11.11-02.17.30:286][603]Cmd: TRANSACTION UNDO
[2019.11.11-02.17.30:286][603]LogEditorTransaction: Undo Toggle Level Visibility
[2019.11.11-02.17.30:471][606]Cmd: TRANSACTION UNDO
[2019.11.11-02.17.30:472][606]LogEditorTransaction: Undo Toggle Level Visibility
[2019.11.11-02.17.30:732][612]Cmd: TRANSACTION UNDO
[2019.11.11-02.17.30:733][612]LogEditorTransaction: Undo Toggle Level Visibility
[2019.11.11-02.17.30:957][616]Cmd: TRANSACTION UNDO
[2019.11.11-02.17.30:957][616]LogEditorTransaction: Undo Toggle Level Visibility
[2019.11.11-02.17.31:219][622]Cmd: TRANSACTION UNDO
[2019.11.11-02.17.31:219][622]LogEditorTransaction: Undo Toggle Level Visibility
[2019.11.11-02.17.31:489][628]Cmd: TRANSACTION UNDO
[2019.11.11-02.17.31:489][628]LogEditorTransaction: Undo Toggle Level Visibility
[2019.11.11-02.17.31:753][634]Cmd: TRANSACTION UNDO
[2019.11.11-02.17.31:753][634]LogEditorTransaction: Undo Toggle Level Visibility
[2019.11.11-02.17.32:037][640]Cmd: TRANSACTION UNDO
[2019.11.11-02.17.32:038][640]LogEditorTransaction: Undo Move Selected Actors to Level
[2019.11.11-02.17.32:264][643]Cmd: TRANSACTION UNDO
[2019.11.11-02.17.32:264][643]LogEditorTransaction: Undo Clicking on Actors
[2019.11.11-02.17.32:733][655]Cmd: TRANSACTION UNDO
[2019.11.11-02.17.32:733][655]LogEditorTransaction: Undo Clicking on Actors
[2019.11.11-02.17.33:260][668]Cmd: TRANSACTION UNDO
[2019.11.11-02.17.33:261][668]LogEditorTransaction: Undo Clicking on Actors
[2019.11.11-02.17.33:973][686]Cmd: TRANSACTION UNDO
[2019.11.11-02.17.33:974][686]LogEditorTransaction: Undo Clicking on Actors
[2019.11.11-02.17.34:972][713]Cmd: TRANSACTION UNDO
[2019.11.11-02.17.34:972][713]LogEditorTransaction: Undo Toggle Level Visibility
[2019.11.11-02.17.35:703][733]Cmd: TRANSACTION UNDO
[2019.11.11-02.17.35:703][733]LogEditorTransaction: Undo Toggle Level Visibility
[2019.11.11-02.17.36:107][743]Cmd: TRANSACTION UNDO
[2019.11.11-02.17.36:107][743]LogEditorTransaction: Undo Toggle Level Visibility
[2019.11.11-02.17.36:480][752]Cmd: TRANSACTION UNDO
[2019.11.11-02.17.36:480][752]LogEditorTransaction: Undo Toggle Level Visibility
[2019.11.11-02.17.36:860][761]Cmd: TRANSACTION UNDO
[2019.11.11-02.17.36:860][761]LogEditorTransaction: Undo Toggle Level Visibility
[2019.11.11-02.17.37:141][767]Cmd: TRANSACTION UNDO
[2019.11.11-02.17.37:142][767]LogEditorTransaction: Undo Toggle Level Visibility
[2019.11.11-02.17.37:387][772]Cmd: TRANSACTION UNDO
[2019.11.11-02.17.37:387][772]LogEditorTransaction: Undo Toggle Level Visibility
[2019.11.11-02.17.37:646][777]Cmd: TRANSACTION UNDO
[2019.11.11-02.17.37:646][777]LogEditorTransaction: Undo Toggle Level Visibility
[2019.11.11-02.17.37:878][782]Cmd: TRANSACTION UNDO
[2019.11.11-02.17.37:878][782]LogEditorTransaction: Undo Toggle Level Visibility
[2019.11.11-02.17.38:122][787]Cmd: TRANSACTION UNDO
[2019.11.11-02.17.38:123][787]LogEditorTransaction: Undo Toggle Level Visibility
[2019.11.11-02.17.38:402][793]Cmd: TRANSACTION UNDO
[2019.11.11-02.17.38:402][793]LogEditorTransaction: Undo Toggle Level Visibility
[2019.11.11-02.17.38:578][796]Cmd: TRANSACTION UNDO
[2019.11.11-02.17.38:578][796]LogEditorTransaction: Undo Toggle Level Visibility
[2019.11.11-02.17.38:825][801]Cmd: TRANSACTION UNDO
[2019.11.11-02.17.38:826][801]LogEditorTransaction: Undo Clicking on Actors
[2019.11.11-02.17.39:058][804]Cmd: TRANSACTION UNDO
[2019.11.11-02.17.39:059][804]LogEditorTransaction: Undo Clicking on Actors
[2019.11.11-02.17.39:534][819]Cmd: TRANSACTION UNDO
[2019.11.11-02.17.39:534][819]LogEditorTransaction: Undo Toggle Level Visibility
[2019.11.11-02.17.57:392][286]LogSlate: Window 'Remove Level' being destroyed
[2019.11.11-02.17.57:577][286]LogUObjectHash: Compacting FUObjectHashTables data took   8.50ms
[2019.11.11-02.17.57:692][286]LogUObjectHash: Compacting FUObjectHashTables data took   6.50ms
[2019.11.11-02.17.57:693][286]MapCheck: New page: Map Check
[2019.11.11-02.17.57:693][286]LightingResults: New page: Lighting Build
[2019.11.11-02.17.57:781][286]LogUObjectHash: Compacting FUObjectHashTables data took   1.62ms
[2019.11.11-02.17.57:875][286]LogUObjectHash: Compacting FUObjectHashTables data took   1.63ms
[2019.11.11-02.18.01:308][390]LogUObjectHash: Compacting FUObjectHashTables data took   1.72ms
[2019.11.11-02.18.01:433][390]LogUObjectHash: Compacting FUObjectHashTables data took   2.50ms
[2019.11.11-02.18.02:243][390]LogSavePackage: Moving 'C:/Users/danny/Desktop/Systems_Sandbox/Mechanics_Sandbox/Saved/FirstPersonExampleMap916D86604DCCF83411D5C1ADEDBF4B44.tmp' to 'C:/Users/danny/Desktop/Systems_Sandbox/Mechanics_Sandbox/Content/FirstPersonBP/Maps/FirstPersonExampleMap.umap'
[2019.11.11-02.18.02:423][390]LogFileHelpers: Saving map 'FirstPersonExampleMap' took 1.083
[2019.11.11-02.18.06:305][467]LogSlate: Window 'New Level' being destroyed
[2019.11.11-02.18.06:647][467]LogPackageName: SearchForPackageOnDisk took   0.329s, but failed to resolve .
[2019.11.11-02.18.06:648][467]LogUObjectGlobals: Warning: LoadPackage can't find package .
[2019.11.11-02.18.11:778][467]LogSlate: Window 'Message' being destroyed
[2019.11.11-02.18.11:789][467]LogSlate: Window 'Save Level As' being destroyed
[2019.11.11-02.18.11:929][467]LogUObjectHash: Compacting FUObjectHashTables data took   6.95ms
[2019.11.11-02.18.11:932][467]Cmd: OBJ SAVEPACKAGE PACKAGE="/Game/Maps/Door_Kit" FILE="C:/Users/danny/Desktop/Systems_Sandbox/Mechanics_Sandbox/Content/Maps/Door_Kit.umap" SILENT=true AUTOSAVING=false KEEPDIRTY=false
[2019.11.11-02.18.12:030][467]LogUObjectHash: Compacting FUObjectHashTables data took   7.00ms
[2019.11.11-02.18.12:567][467]LogSavePackage: Moving 'C:/Users/danny/Desktop/Systems_Sandbox/Mechanics_Sandbox/Saved/Door_Kit8EB757134F9B395B1D2DA0958A4A3E18.tmp' to 'C:/Users/danny/Desktop/Systems_Sandbox/Mechanics_Sandbox/Content/Maps/Door_Kit.umap'
[2019.11.11-02.18.12:591][467]LogFileHelpers: Saving map 'Door_Kit' took 0.783
[2019.11.11-02.18.25:498][836]LogEditorActor: Deleted Actor: Door_C
[2019.11.11-02.18.25:501][836]LogEditorActor: Deleted Actor: Door_C
[2019.11.11-02.18.25:504][836]LogEditorActor: Deleted Actor: Door_C
[2019.11.11-02.18.25:506][836]LogEditorActor: Deleted Actor: Key_C
[2019.11.11-02.18.25:607][836]LogUObjectHash: Compacting FUObjectHashTables data took   8.64ms
[2019.11.11-02.18.25:608][836]LogEditorActor: Deleted 4 Actors (0.112 secs)
[2019.11.11-02.18.37:571][185]LogSlate: FSceneViewport::OnFocusLost() reason 0
[2019.11.11-02.18.50:136][559]LogSlate: Window 'Open Level' being destroyed
[2019.11.11-02.18.54:781][662]LogSlate: Window 'New Level' being destroyed
[2019.11.11-02.18.55:101][662]LogPackageName: SearchForPackageOnDisk took   0.305s, but failed to resolve .
[2019.11.11-02.18.55:102][662]LogUObjectGlobals: Warning: LoadPackage can't find package .
[2019.11.11-02.19.02:993][662]LogSlate: Window 'Save Level As' being destroyed
[2019.11.11-02.19.03:172][662]LogUObjectHash: Compacting FUObjectHashTables data took   8.34ms
[2019.11.11-02.19.03:177][662]Cmd: OBJ SAVEPACKAGE PACKAGE="/Game/Maps/Turret_Kit" FILE="C:/Users/danny/Desktop/Systems_Sandbox/Mechanics_Sandbox/Content/Maps/Turret_Kit.umap" SILENT=true AUTOSAVING=false KEEPDIRTY=false
[2019.11.11-02.19.03:278][662]LogUObjectHash: Compacting FUObjectHashTables data took   5.45ms
[2019.11.11-02.19.03:725][662]LogSavePackage: Moving 'C:/Users/danny/Desktop/Systems_Sandbox/Mechanics_Sandbox/Saved/Turret_Kit35614DFF49B9A2F3DF0375A420A748C6.tmp' to 'C:/Users/danny/Desktop/Systems_Sandbox/Mechanics_Sandbox/Content/Maps/Turret_Kit.umap'
[2019.11.11-02.19.03:753][662]LogFileHelpers: Saving map 'Turret_Kit' took 0.738
[2019.11.11-02.19.06:218][731]LogEditorViewport: Clicking on Actor (LMB): Turret5_C (Turret5)
[2019.11.11-02.19.07:480][763]LogEditorViewport: Clicking on Actor (CTRL LMB): Turret_Sentry_C (Turret_Sentry)
[2019.11.11-02.19.08:589][781]LogEditorViewport: Clicking on Actor (CTRL LMB): Simple_Turret_C (Simple_Turret)
[2019.11.11-02.19.11:211][842]LogSlate: FSceneViewport::OnFocusLost() reason 0
[2019.11.11-02.19.14:732][938]LogEditorActor: Deleted Actor: Turret5_C
[2019.11.11-02.19.14:734][938]LogEditorActor: Deleted Actor: Turret_Sentry_C
[2019.11.11-02.19.14:768][938]LogEditorActor: Deleted Actor: Simple_Turret_C
[2019.11.11-02.19.14:870][938]LogUObjectHash: Compacting FUObjectHashTables data took   6.25ms
[2019.11.11-02.19.14:872][938]LogEditorActor: Deleted 3 Actors (0.141 secs)
[2019.11.11-02.19.17:408][998]LogEditorViewport: Clicking on Actor (LMB): StaticMeshActor (Floor)
[2019.11.11-02.19.18:795][ 32]LogEditorViewport: Clicking on Actor (LMB): ReflectorCube_C (ReflectorCube2)
[2019.11.11-02.19.20:077][ 58]LogEditorViewport: Clicking on Actor (CTRL LMB): ReflectorCube_C (ReflectorCube)
[2019.11.11-02.19.21:179][ 87]LogEditorViewport: Clicking on Actor (CTRL LMB): StaticMeshActor (Floor)
[2019.11.11-02.19.22:116][111]LogEditorViewport: Clicking on Actor (CTRL LMB): Laser_C (Laser)
[2019.11.11-02.19.22:914][132]LogEditorViewport: Clicking on Actor (CTRL LMB): Laser_C (Laser2)
[2019.11.11-02.19.31:002][362]LogSlate: FSceneViewport::OnFocusLost() reason 2
[2019.11.11-02.19.35:740][455]LogSlate: Window 'New Level' being destroyed
[2019.11.11-02.19.36:076][455]LogPackageName: SearchForPackageOnDisk took   0.325s, but failed to resolve .
[2019.11.11-02.19.36:077][455]LogUObjectGlobals: Warning: LoadPackage can't find package .
[2019.11.11-02.19.44:648][455]LogSlate: Window 'Save Level As' being destroyed
[2019.11.11-02.19.44:813][455]LogUObjectHash: Compacting FUObjectHashTables data took   8.94ms
[2019.11.11-02.19.44:817][455]Cmd: OBJ SAVEPACKAGE PACKAGE="/Game/Maps/Laser_Kit" FILE="C:/Users/danny/Desktop/Systems_Sandbox/Mechanics_Sandbox/Content/Maps/Laser_Kit.umap" SILENT=true AUTOSAVING=false KEEPDIRTY=false
[2019.11.11-02.19.44:922][455]LogUObjectHash: Compacting FUObjectHashTables data took   6.17ms
[2019.11.11-02.19.45:417][455]LogSavePackage: Moving 'C:/Users/danny/Desktop/Systems_Sandbox/Mechanics_Sandbox/Saved/Laser_Kit67B85BCF48DD10612CA108B23DD05630.tmp' to 'C:/Users/danny/Desktop/Systems_Sandbox/Mechanics_Sandbox/Content/Maps/Laser_Kit.umap'
[2019.11.11-02.19.45:441][455]LogFileHelpers: Saving map 'Laser_Kit' took 0.778
[2019.11.11-02.19.54:012][697]LogEditorActor: Deleted Actor: ReflectorCube_C
[2019.11.11-02.19.54:014][697]LogEditorActor: Deleted Actor: ReflectorCube_C
[2019.11.11-02.19.54:016][697]LogEditorActor: Deleted Actor: Laser_C
[2019.11.11-02.19.54:017][697]LogEditorActor: Deleted Actor: Laser_C
[2019.11.11-02.19.54:128][697]LogUObjectHash: Compacting FUObjectHashTables data took   8.18ms
[2019.11.11-02.19.54:130][697]LogEditorActor: Deleted 4 Actors (0.120 secs)
[2019.11.11-02.20.04:108][997]LogEditorViewport: Clicking on Actor (LMB): Sentry_C (Sentry2)
[2019.11.11-02.20.06:352][ 52]LogEditorViewport: Clicking on Actor (CTRL LMB): Sentry_C (Sentry)
[2019.11.11-02.20.19:852][361]LogSlate: FSceneViewport::OnFocusLost() reason 2
[2019.11.11-02.20.29:599][477]LogSlate: Window 'Save Level As' being destroyed
[2019.11.11-02.20.29:773][477]LogUObjectHash: Compacting FUObjectHashTables data took   8.46ms
[2019.11.11-02.20.29:777][477]Cmd: OBJ SAVEPACKAGE PACKAGE="/Game/Maps/Camera_Kit" FILE="C:/Users/danny/Desktop/Systems_Sandbox/Mechanics_Sandbox/Content/Maps/Camera_Kit.umap" SILENT=true AUTOSAVING=false KEEPDIRTY=false
[2019.11.11-02.20.29:884][477]LogUObjectHash: Compacting FUObjectHashTables data took   6.57ms
[2019.11.11-02.20.30:344][477]LogSavePackage: Moving 'C:/Users/danny/Desktop/Systems_Sandbox/Mechanics_Sandbox/Saved/Camera_KitBAE174414629CE3E6CF8119422A919A8.tmp' to 'C:/Users/danny/Desktop/Systems_Sandbox/Mechanics_Sandbox/Content/Maps/Camera_Kit.umap'
[2019.11.11-02.20.30:366][477]LogFileHelpers: Saving map 'Camera_Kit' took 0.748
[2019.11.11-02.20.30:425][477]LogEditorActor: Deleted Actor: Sentry_C
[2019.11.11-02.20.30:459][477]LogEditorActor: Deleted Actor: Sentry_C
[2019.11.11-02.20.30:600][477]LogUObjectHash: Compacting FUObjectHashTables data took   9.69ms
[2019.11.11-02.20.30:601][477]LogEditorActor: Deleted 2 Actors (0.180 secs)
[2019.11.11-02.20.36:681][629]LogPackageName: Error: DoesPackageExist: DoesPackageExist FAILED: '' is not a standard unreal filename or a long path name. Reason: Path should be no less than 4 characters long.
[2019.11.11-02.20.44:370][865]LogEditorViewport: Clicking on Actor (LMB): RadiusMine_C (RadiusMine)
[2019.11.11-02.20.44:829][875]Cmd: CAMERA ALIGN ACTIVEVIEWPORTONLY
[2019.11.11-02.21.08:199][502]LogSlate: FSceneViewport::OnFocusLost() reason 0
[2019.11.11-02.21.14:904][535]LogSlate: Window 'Save Level As' being destroyed
[2019.11.11-02.21.15:073][535]LogUObjectHash: Compacting FUObjectHashTables data took   9.33ms
[2019.11.11-02.21.15:076][535]Cmd: OBJ SAVEPACKAGE PACKAGE="/Game/Maps/Explosive_Kit" FILE="C:/Users/danny/Desktop/Systems_Sandbox/Mechanics_Sandbox/Content/Maps/Explosive_Kit.umap" SILENT=true AUTOSAVING=false KEEPDIRTY=false
[2019.11.11-02.21.15:180][535]LogUObjectHash: Compacting FUObjectHashTables data took   6.55ms
[2019.11.11-02.21.15:639][535]LogSavePackage: Moving 'C:/Users/danny/Desktop/Systems_Sandbox/Mechanics_Sandbox/Saved/Explosive_Kit7ED772B7452E54370B2A0B81C2CC9003.tmp' to 'C:/Users/danny/Desktop/Systems_Sandbox/Mechanics_Sandbox/Content/Maps/Explosive_Kit.umap'
[2019.11.11-02.21.15:658][535]LogFileHelpers: Saving map 'Explosive_Kit' took 0.734
[2019.11.11-02.21.15:717][535]LogEditorActor: Deleted Actor: RadiusMine_C
[2019.11.11-02.21.15:819][535]LogUObjectHash: Compacting FUObjectHashTables data took   8.88ms
[2019.11.11-02.21.15:820][535]LogEditorActor: Deleted 1 Actors (0.106 secs)
[2019.11.11-02.21.18:017][587]LogEditorViewport: Clicking on Actor (LMB): Teleporter_C (Teleporter2)
[2019.11.11-02.21.19:129][614]LogEditorViewport: Clicking on Actor (CTRL LMB): Teleporter_C (Teleporter)
[2019.11.11-02.21.21:585][672]LogSlate: FSceneViewport::OnFocusLost() reason 2
[2019.11.11-02.21.27:984][707]LogSlate: Window 'Save Level As' being destroyed
[2019.11.11-02.21.28:139][707]LogUObjectHash: Compacting FUObjectHashTables data took   6.82ms
[2019.11.11-02.21.28:142][707]Cmd: OBJ SAVEPACKAGE PACKAGE="/Game/Maps/Teleport_Kit" FILE="C:/Users/danny/Desktop/Systems_Sandbox/Mechanics_Sandbox/Content/Maps/Teleport_Kit.umap" SILENT=true AUTOSAVING=false KEEPDIRTY=false
[2019.11.11-02.21.28:251][707]LogUObjectHash: Compacting FUObjectHashTables data took   9.34ms
[2019.11.11-02.21.28:714][707]LogSavePackage: Moving 'C:/Users/danny/Desktop/Systems_Sandbox/Mechanics_Sandbox/Saved/Teleport_Kit645360404B20F14328DBC6BC049A7D26.tmp' to 'C:/Users/danny/Desktop/Systems_Sandbox/Mechanics_Sandbox/Content/Maps/Teleport_Kit.umap'
[2019.11.11-02.21.28:736][707]LogFileHelpers: Saving map 'Teleport_Kit' took 0.731
[2019.11.11-02.21.28:794][707]LogEditorActor: Actor Teleporter2 is referenced by Teleporter.
[2019.11.11-02.21.38:852][707]LogSlate: Window 'Message' being destroyed
[2019.11.11-02.21.38:864][707]LogEditorActor: Actor Teleporter is referenced by Teleporter2.
[2019.11.11-02.21.39:712][707]LogSlate: Window 'Message' being destroyed
[2019.11.11-02.21.39:826][707]LogUObjectHash: Compacting FUObjectHashTables data took   9.39ms
[2019.11.11-02.21.39:826][707]LogEditorActor: Deleted 0 Actors (11.035 secs)
[2019.11.11-02.21.39:884][707]LogLevelTools: Error: Cannot find remapping for moved actor ID /Game/Maps/Teleport_Kit.Teleport_Kit:PersistentLevel.Teleporter4, any soft references pointing to it will be broken!
[2019.11.11-02.21.47:389][899]LogEditorViewport: Clicking on Actor (LMB): Teleporter_C (Teleporter2)
[2019.11.11-02.21.48:290][920]LogEditorViewport: Clicking on Actor (CTRL LMB): Teleporter_C (Teleporter3)
[2019.11.11-02.21.49:612][951]LogSlate: FSceneViewport::OnFocusLost() reason 0
[2019.11.11-02.21.54:166][ 67]LogLevelTools: Warning: Teleporter3 is already in the destination level so it was ignored
[2019.11.11-02.21.54:184][ 67]LogEditorActor: Actor Teleporter2 is referenced by Teleporter.
[2019.11.11-02.21.57:758][ 67]LogSlate: Window 'Message' being destroyed
[2019.11.11-02.21.57:871][ 67]LogUObjectHash: Compacting FUObjectHashTables data took   5.71ms
[2019.11.11-02.21.57:883][ 67]LogEditorActor: Deleted 0 Actors (3.702 secs)
[2019.11.11-02.21.57:893][ 67]LogProperty: Warning: Illegal TEXT reference to a private object in external package (Teleporter_C /Game/FirstPersonBP/Maps/FirstPersonExampleMap.FirstPersonExampleMap:PersistentLevel.Teleporter_2) from referencer (Teleporter_C /Game/Maps/Teleport_Kit.Teleport_Kit:PersistentLevel.Teleporter2).  Import failed...
[2019.11.11-02.21.57:894][ 67]LogProperty: Warning: ObjectProperty /Game/Teleporter/Teleporter.Teleporter_C:TeleportDest: unresolved reference to 'Teleporter_C'"Teleporter_2"''
[2019.11.11-02.22.00:665][137]LogEditorViewport: Clicking on Actor (LMB): Teleporter_C (Teleporter3)
[2019.11.11-02.22.02:432][184]LogEditorViewport: Clicking on Actor (LMB): Teleporter_C (Teleporter5)
[2019.11.11-02.22.05:143][258]LogEditorViewport: Clicking on Actor (CTRL LMB): Teleporter_C (Teleporter)
[2019.11.11-02.22.08:136][337]LogSlate: FSceneViewport::OnFocusLost() reason 0
[2019.11.11-02.22.10:602][388]LogLevelTools: Warning: Teleporter5 is already in the destination level so it was ignored
[2019.11.11-02.22.10:619][388]LogEditorActor: Actor Teleporter is referenced by Teleporter2.
[2019.11.11-02.22.11:800][388]LogSlate: Window 'Message' being destroyed
[2019.11.11-02.22.11:812][388]LogEditorActor: Deleted Actor: Teleporter_C
[2019.11.11-02.22.11:917][388]LogUObjectHash: Compacting FUObjectHashTables data took   7.51ms
[2019.11.11-02.22.11:919][388]LogEditorActor: Deleted 1 Actors (1.301 secs)
[2019.11.11-02.22.11:931][388]LogProperty: Warning: Illegal TEXT reference to a private object in external package (Teleporter_C /Game/FirstPersonBP/Maps/FirstPersonExampleMap.FirstPersonExampleMap:PersistentLevel.Teleporter2) from referencer (Teleporter_C /Game/Maps/Teleport_Kit.Teleport_Kit:PersistentLevel.Teleporter_2).  Import failed...
[2019.11.11-02.22.11:932][388]LogProperty: Warning: ObjectProperty /Game/Teleporter/Teleporter.Teleporter_C:TeleportDest: unresolved reference to 'Teleporter_C'"Teleporter2"''
[2019.11.11-02.22.17:634][526]LogEditorViewport: Clicking on Actor (LMB): Teleporter_C (Teleporter2)
[2019.11.11-02.22.19:101][558]LogSlate: FSceneViewport::OnFocusLost() reason 0
[2019.11.11-02.22.22:482][655]LogEditorActor: Deleted Actor: Teleporter_C
[2019.11.11-02.22.22:586][655]LogUObjectHash: Compacting FUObjectHashTables data took   4.78ms
[2019.11.11-02.22.22:587][655]LogEditorActor: Deleted 1 Actors (0.107 secs)
[2019.11.11-02.22.26:873][765]LogEditorViewport: Clicking on Actor (LMB): Teleporter_C (Teleporter4)
[2019.11.11-02.22.27:705][783]LogUnrealEdMisc: Warning: Heartbeat event firing too frequently (47.662 sec). This should never happen. Something is wrong with the timer delegate!
[2019.11.11-02.22.28:899][813]LogSlate: FSceneViewport::OnFocusLost() reason 0
[2019.11.11-02.22.34:387][938]LogEditorViewport: Clicking on Actor (LMB): Teleporter_C (Teleporter)
[2019.11.11-02.22.36:592][989]LogConsoleManager: Warning: Console object named 'ActorComponents.Enable' already exists but is being registered again, but we weren't expected it to be! (FConsoleManager::AddConsoleObject)
[2019.11.11-02.22.36:616][989]LogSlate: FSceneViewport::OnFocusLost() reason 2
[2019.11.11-02.22.48:293][320]LogEditorViewport: Clicking on Actor (LMB): Teleporter_C (Teleporter5)
[2019.11.11-02.22.50:871][386]LogEditorViewport: Clicking on Actor (LMB): Teleporter_C (Teleporter4)
[2019.11.11-02.22.53:408][451]LogEditorViewport: Clicking on Actor (LMB): Teleporter_C (Teleporter2)
[2019.11.11-02.22.57:881][561]LogSlate: FSceneViewport::OnFocusLost() reason 0
[2019.11.11-02.23.06:744][810]Cmd: DELETE
[2019.11.11-02.23.06:744][810]Cmd: ACTOR DELETE
[2019.11.11-02.23.07:062][810]LogEditorActor: Actor Teleporter3 is referenced by Teleporter4.
[2019.11.11-02.23.09:876][810]LogSlate: Window 'Message' being destroyed
[2019.11.11-02.23.09:897][810]LogEditorActor: Deleted Actor: Teleporter_C
[2019.11.11-02.23.09:901][810]LogEditorActor: Actor Teleporter4 is referenced by Teleporter3.
[2019.11.11-02.23.09:910][810]LogSlate: FSceneViewport::OnFocusLost() reason 2
[2019.11.11-02.23.10:415][810]LogSlate: Window 'Message' being destroyed
[2019.11.11-02.23.10:431][810]LogEditorActor: Deleted Actor: Teleporter_C
[2019.11.11-02.23.10:434][810]LogEditorActor: Deleted Actor: Teleporter_C
[2019.11.11-02.23.10:539][810]LogUObjectHash: Compacting FUObjectHashTables data took   3.96ms
[2019.11.11-02.23.10:540][810]LogEditorActor: Deleted 3 Actors (3.484 secs)
[2019.11.11-02.23.12:364][861]LogSlate: FSceneViewport::OnFocusLost() reason 0
[2019.11.11-02.23.17:785][  1]LogEditorViewport: Clicking on Actor (LMB): Teleporter_C (Teleporter)
[2019.11.11-02.23.20:226][ 59]LogSlate: FSceneViewport::OnFocusLost() reason 2
[2019.11.11-02.23.22:620][119]LogEditorViewport: Clicking on Actor (LMB): Teleporter_C (Teleporter2)
[2019.11.11-02.23.23:576][137]LogSlate: FSceneViewport::OnFocusLost() reason 2
[2019.11.11-02.23.27:015][214]LogUObjectHash: Compacting FUObjectHashTables data took   4.75ms
[2019.11.11-02.23.27:029][214]LogSlate: FSceneViewport::OnFocusLost() reason 2
[2019.11.11-02.23.27:145][214]LogUObjectHash: Compacting FUObjectHashTables data took   2.37ms
[2019.11.11-02.23.28:040][214]LogSavePackage: Moving 'C:/Users/danny/Desktop/Systems_Sandbox/Mechanics_Sandbox/Saved/FirstPersonExampleMapD0D1D55F4976CCF7025984A5C272C386.tmp' to 'C:/Users/danny/Desktop/Systems_Sandbox/Mechanics_Sandbox/Content/FirstPersonBP/Maps/FirstPersonExampleMap.umap'
[2019.11.11-02.23.28:188][214]LogFileHelpers: Saving map 'FirstPersonExampleMap' took 1.128
[2019.11.11-02.23.28:213][214]Cmd: OBJ SAVEPACKAGE PACKAGE="/Game/Maps/Door_Kit" FILE="C:/Users/danny/Desktop/Systems_Sandbox/Mechanics_Sandbox/Content/Maps/Door_Kit.umap" SILENT=true AUTOSAVING=false KEEPDIRTY=false
[2019.11.11-02.23.28:326][214]LogUObjectHash: Compacting FUObjectHashTables data took   9.86ms
[2019.11.11-02.23.28:364][214]LogSpawn: Warning: UWorld::DestroyActor: World has no context! World: Door_Kit, Actor: /Game/Maps/Door_Kit.Door_Kit:PersistentLevel.REINST_Door_Kit_C_0
[2019.11.11-02.23.28:996][214]LogSavePackage: Moving 'C:/Users/danny/Desktop/Systems_Sandbox/Mechanics_Sandbox/Saved/Door_KitB39588EF43BE5E83A0B13E9A5E548922.tmp' to 'C:/Users/danny/Desktop/Systems_Sandbox/Mechanics_Sandbox/Content/Maps/Door_Kit.umap'
[2019.11.11-02.23.29:005][214]LogFileHelpers: Saving map 'Door_Kit' took 0.793
[2019.11.11-02.23.29:017][214]Cmd: OBJ SAVEPACKAGE PACKAGE="/Game/Maps/Turret_Kit" FILE="C:/Users/danny/Desktop/Systems_Sandbox/Mechanics_Sandbox/Content/Maps/Turret_Kit.umap" SILENT=true AUTOSAVING=false KEEPDIRTY=false
[2019.11.11-02.23.29:131][214]LogUObjectHash: Compacting FUObjectHashTables data took   9.08ms
[2019.11.11-02.23.29:172][214]LogSpawn: Warning: UWorld::DestroyActor: World has no context! World: Turret_Kit, Actor: /Game/Maps/Turret_Kit.Turret_Kit:PersistentLevel.REINST_Turret_Kit_C_0
[2019.11.11-02.23.29:833][214]LogSavePackage: Moving 'C:/Users/danny/Desktop/Systems_Sandbox/Mechanics_Sandbox/Saved/Turret_Kit0D0274EB4664BECCDF3281B5400F52DD.tmp' to 'C:/Users/danny/Desktop/Systems_Sandbox/Mechanics_Sandbox/Content/Maps/Turret_Kit.umap'
[2019.11.11-02.23.29:842][214]LogFileHelpers: Saving map 'Turret_Kit' took 0.825
[2019.11.11-02.23.29:855][214]Cmd: OBJ SAVEPACKAGE PACKAGE="/Game/Maps/Laser_Kit" FILE="C:/Users/danny/Desktop/Systems_Sandbox/Mechanics_Sandbox/Content/Maps/Laser_Kit.umap" SILENT=true AUTOSAVING=false KEEPDIRTY=false
[2019.11.11-02.23.29:962][214]LogUObjectHash: Compacting FUObjectHashTables data took   6.52ms
[2019.11.11-02.23.30:007][214]LogSpawn: Warning: UWorld::DestroyActor: World has no context! World: Laser_Kit, Actor: /Game/Maps/Laser_Kit.Laser_Kit:PersistentLevel.REINST_Laser_Kit_C_0
[2019.11.11-02.23.30:536][214]LogSavePackage: Moving 'C:/Users/danny/Desktop/Systems_Sandbox/Mechanics_Sandbox/Saved/Laser_Kit6E5242A84381EF3DB85B7ABFC11221F1.tmp' to 'C:/Users/danny/Desktop/Systems_Sandbox/Mechanics_Sandbox/Content/Maps/Laser_Kit.umap'
[2019.11.11-02.23.30:545][214]LogFileHelpers: Saving map 'Laser_Kit' took 0.692
[2019.11.11-02.23.30:556][214]Cmd: OBJ SAVEPACKAGE PACKAGE="/Game/Maps/Camera_Kit" FILE="C:/Users/danny/Desktop/Systems_Sandbox/Mechanics_Sandbox/Content/Maps/Camera_Kit.umap" SILENT=true AUTOSAVING=false KEEPDIRTY=false
[2019.11.11-02.23.30:671][214]LogUObjectHash: Compacting FUObjectHashTables data took   9.96ms
[2019.11.11-02.23.30:717][214]LogSpawn: Warning: UWorld::DestroyActor: World has no context! World: Camera_Kit, Actor: /Game/Maps/Camera_Kit.Camera_Kit:PersistentLevel.REINST_Camera_Kit_C_0
[2019.11.11-02.23.31:311][214]LogSavePackage: Moving 'C:/Users/danny/Desktop/Systems_Sandbox/Mechanics_Sandbox/Saved/Camera_Kit369B3D224E3CB5E91DC883897FDFD23C.tmp' to 'C:/Users/danny/Desktop/Systems_Sandbox/Mechanics_Sandbox/Content/Maps/Camera_Kit.umap'
[2019.11.11-02.23.31:320][214]LogFileHelpers: Saving map 'Camera_Kit' took 0.764
[2019.11.11-02.23.31:331][214]Cmd: OBJ SAVEPACKAGE PACKAGE="/Game/Maps/Explosive_Kit" FILE="C:/Users/danny/Desktop/Systems_Sandbox/Mechanics_Sandbox/Content/Maps/Explosive_Kit.umap" SILENT=true AUTOSAVING=false KEEPDIRTY=false
[2019.11.11-02.23.31:438][214]LogUObjectHash: Compacting FUObjectHashTables data took   7.01ms
[2019.11.11-02.23.31:481][214]LogSpawn: Warning: UWorld::DestroyActor: World has no context! World: Explosive_Kit, Actor: /Game/Maps/Explosive_Kit.Explosive_Kit:PersistentLevel.REINST_Explosive_Kit_C_0
[2019.11.11-02.23.32:077][214]LogSavePackage: Moving 'C:/Users/danny/Desktop/Systems_Sandbox/Mechanics_Sandbox/Saved/Explosive_KitAA6209A94C8696AE0F3315A497C975D3.tmp' to 'C:/Users/danny/Desktop/Systems_Sandbox/Mechanics_Sandbox/Content/Maps/Explosive_Kit.umap'
[2019.11.11-02.23.32:087][214]LogFileHelpers: Saving map 'Explosive_Kit' took 0.758
[2019.11.11-02.23.32:099][214]Cmd: OBJ SAVEPACKAGE PACKAGE="/Game/Maps/Teleport_Kit" FILE="C:/Users/danny/Desktop/Systems_Sandbox/Mechanics_Sandbox/Content/Maps/Teleport_Kit.umap" SILENT=true AUTOSAVING=false KEEPDIRTY=false
[2019.11.11-02.23.32:211][214]LogUObjectHash: Compacting FUObjectHashTables data took   7.90ms
[2019.11.11-02.23.32:255][214]LogSpawn: Warning: UWorld::DestroyActor: World has no context! World: Teleport_Kit, Actor: /Game/Maps/Teleport_Kit.Teleport_Kit:PersistentLevel.REINST_Teleport_Kit_C_0
[2019.11.11-02.23.32:835][214]LogSavePackage: Moving 'C:/Users/danny/Desktop/Systems_Sandbox/Mechanics_Sandbox/Saved/Teleport_Kit1467D2E24A8765E0C62019A7E2D2AF20.tmp' to 'C:/Users/danny/Desktop/Systems_Sandbox/Mechanics_Sandbox/Content/Maps/Teleport_Kit.umap'
[2019.11.11-02.23.32:844][214]LogFileHelpers: Saving map 'Teleport_Kit' took 0.746
[2019.11.11-02.23.35:611][272]LogSlate: FSceneViewport::OnFocusLost() reason 0
[2019.11.11-02.23.35:718][275]LogTemp: Repeating last play command: New Editor Window (PIE)
[2019.11.11-02.23.35:813][275]LogBlueprintUserMessages: Early PlayInEditor Detection: Level '/Game/FirstPersonBP/Maps/FirstPersonExampleMap.FirstPersonExampleMap:PersistentLevel' has LevelScriptBlueprint '/Game/FirstPersonBP/Maps/FirstPersonExampleMap.FirstPersonExampleMap:PersistentLevel.FirstPersonExampleMap' with GeneratedClass '/Game/FirstPersonBP/Maps/FirstPersonExampleMap.FirstPersonExampleMap_C' with ClassGeneratedBy '/Game/FirstPersonBP/Maps/FirstPersonExampleMap.FirstPersonExampleMap:PersistentLevel.FirstPersonExampleMap'
[2019.11.11-02.23.36:086][275]LogBlueprintUserMessages: Early PlayInEditor Detection: Level '/Game/Maps/Door_Kit.Door_Kit:PersistentLevel' has LevelScriptBlueprint '/Game/Maps/Door_Kit.Door_Kit:PersistentLevel.Door_Kit' with GeneratedClass '/Game/Maps/Door_Kit.Door_Kit_C' with ClassGeneratedBy '/Game/Maps/Door_Kit.Door_Kit:PersistentLevel.Door_Kit'
[2019.11.11-02.23.36:087][275]LogBlueprintUserMessages: Early PlayInEditor Detection: Level '/Game/Maps/Turret_Kit.Turret_Kit:PersistentLevel' has LevelScriptBlueprint '/Game/Maps/Turret_Kit.Turret_Kit:PersistentLevel.Turret_Kit' with GeneratedClass '/Game/Maps/Turret_Kit.Turret_Kit_C' with ClassGeneratedBy '/Game/Maps/Turret_Kit.Turret_Kit:PersistentLevel.Turret_Kit'
[2019.11.11-02.23.36:089][275]LogBlueprintUserMessages: Early PlayInEditor Detection: Level '/Game/Maps/Laser_Kit.Laser_Kit:PersistentLevel' has LevelScriptBlueprint '/Game/Maps/Laser_Kit.Laser_Kit:PersistentLevel.Laser_Kit' with GeneratedClass '/Game/Maps/Laser_Kit.Laser_Kit_C' with ClassGeneratedBy '/Game/Maps/Laser_Kit.Laser_Kit:PersistentLevel.Laser_Kit'
[2019.11.11-02.23.36:090][275]LogBlueprintUserMessages: Early PlayInEditor Detection: Level '/Game/Maps/Camera_Kit.Camera_Kit:PersistentLevel' has LevelScriptBlueprint '/Game/Maps/Camera_Kit.Camera_Kit:PersistentLevel.Camera_Kit' with GeneratedClass '/Game/Maps/Camera_Kit.Camera_Kit_C' with ClassGeneratedBy '/Game/Maps/Camera_Kit.Camera_Kit:PersistentLevel.Camera_Kit'
[2019.11.11-02.23.36:091][275]LogBlueprintUserMessages: Early PlayInEditor Detection: Level '/Game/Maps/Explosive_Kit.Explosive_Kit:PersistentLevel' has LevelScriptBlueprint '/Game/Maps/Explosive_Kit.Explosive_Kit:PersistentLevel.Explosive_Kit' with GeneratedClass '/Game/Maps/Explosive_Kit.Explosive_Kit_C' with ClassGeneratedBy '/Game/Maps/Explosive_Kit.Explosive_Kit:PersistentLevel.Explosive_Kit'
[2019.11.11-02.23.36:093][275]LogBlueprintUserMessages: Early PlayInEditor Detection: Level '/Game/Maps/Teleport_Kit.Teleport_Kit:PersistentLevel' has LevelScriptBlueprint '/Game/Maps/Teleport_Kit.Teleport_Kit:PersistentLevel.Teleport_Kit' with GeneratedClass '/Game/Maps/Teleport_Kit.Teleport_Kit_C' with ClassGeneratedBy '/Game/Maps/Teleport_Kit.Teleport_Kit:PersistentLevel.Teleport_Kit'
[2019.11.11-02.23.36:094][275]LogPlayLevel: PlayLevel: No blueprints needed recompiling
[2019.11.11-02.23.36:107][275]PIE: New page: PIE session: FirstPersonExampleMap (Nov 10, 2019, 10:23:36 AM)
[2019.11.11-02.23.36:131][275]LogPlayLevel: Creating play world package: /Game/FirstPersonBP/Maps/UEDPIE_0_FirstPersonExampleMap
[2019.11.11-02.23.36:202][275]LogPlayLevel: PIE: StaticDuplicateObject took: (0.070639s)
[2019.11.11-02.23.36:204][275]LogAIModule: Creating AISystem for world FirstPersonExampleMap
[2019.11.11-02.23.36:206][275]LogPlayLevel: PIE: World Init took: (0.003056s)
[2019.11.11-02.23.36:206][275]LogPlayLevel: PIE: Created PIE world by copying editor world from /Game/FirstPersonBP/Maps/FirstPersonExampleMap.FirstPersonExampleMap to /Game/FirstPersonBP/Maps/UEDPIE_0_FirstPersonExampleMap.FirstPersonExampleMap (0.075677s)
[2019.11.11-02.23.36:324][275]LogUObjectHash: Compacting FUObjectHashTables data took  10.84ms
[2019.11.11-02.23.36:438][275]LogInit: XAudio2 using 'Headset Earphone (SteelSeries Arctis 5 Chat)' : 2 channels at 48 kHz using 16 bits per sample (channel mask 0x3)
[2019.11.11-02.23.36:486][275]LogInit: FAudioDevice initialized.
[2019.11.11-02.23.36:503][275]LogSlate: Updating window title bar state: overlay mode, drag disabled, window buttons hidden, title bar hidden
[2019.11.11-02.23.36:562][275]LogLoad: Game class is 'FirstPersonGameMode_C'
[2019.11.11-02.23.36:613][275]LogWorld: Bringing World /Game/FirstPersonBP/Maps/UEDPIE_0_FirstPersonExampleMap.FirstPersonExampleMap up for play (max tick rate 60) at 2019.11.10-18.23.36
[2019.11.11-02.23.36:614][275]LogWorld: Bringing up level for play took: 0.037114
[2019.11.11-02.23.36:777][275]LogBlueprintActionDatabase: Requesting refresh due to module change: Voice (loaded)
[2019.11.11-02.23.36:828][275]LogBlueprintActionDatabase: Requesting refresh due to module change: MovieSceneCapture (loaded)
[2019.11.11-02.23.36:830][275]LogContentBrowser: Native class hierarchy updated for 'MovieSceneCapture' in 0.0013 seconds. Added 20 classes and 0 folders.
[2019.11.11-02.23.36:847][275]PIE: Play in editor start time for /Game/FirstPersonBP/Maps/UEDPIE_0_FirstPersonExampleMap 0.136
[2019.11.11-02.23.36:848][275]LogBlueprintUserMessages: Late PlayInEditor Detection: Level '/Game/FirstPersonBP/Maps/FirstPersonExampleMap.FirstPersonExampleMap:PersistentLevel' has LevelScriptBlueprint '/Game/FirstPersonBP/Maps/FirstPersonExampleMap.FirstPersonExampleMap:PersistentLevel.FirstPersonExampleMap' with GeneratedClass '/Game/FirstPersonBP/Maps/FirstPersonExampleMap.FirstPersonExampleMap_C' with ClassGeneratedBy '/Game/FirstPersonBP/Maps/FirstPersonExampleMap.FirstPersonExampleMap:PersistentLevel.FirstPersonExampleMap'
[2019.11.11-02.23.36:850][275]LogBlueprintUserMessages: Late PlayInEditor Detection: Level '/Game/Maps/Door_Kit.Door_Kit:PersistentLevel' has LevelScriptBlueprint '/Game/Maps/Door_Kit.Door_Kit:PersistentLevel.Door_Kit' with GeneratedClass '/Game/Maps/Door_Kit.Door_Kit_C' with ClassGeneratedBy '/Game/Maps/Door_Kit.Door_Kit:PersistentLevel.Door_Kit'
[2019.11.11-02.23.36:851][275]LogBlueprintUserMessages: Late PlayInEditor Detection: Level '/Game/Maps/Turret_Kit.Turret_Kit:PersistentLevel' has LevelScriptBlueprint '/Game/Maps/Turret_Kit.Turret_Kit:PersistentLevel.Turret_Kit' with GeneratedClass '/Game/Maps/Turret_Kit.Turret_Kit_C' with ClassGeneratedBy '/Game/Maps/Turret_Kit.Turret_Kit:PersistentLevel.Turret_Kit'
[2019.11.11-02.23.36:852][275]LogBlueprintUserMessages: Late PlayInEditor Detection: Level '/Game/Maps/Laser_Kit.Laser_Kit:PersistentLevel' has LevelScriptBlueprint '/Game/Maps/Laser_Kit.Laser_Kit:PersistentLevel.Laser_Kit' with GeneratedClass '/Game/Maps/Laser_Kit.Laser_Kit_C' with ClassGeneratedBy '/Game/Maps/Laser_Kit.Laser_Kit:PersistentLevel.Laser_Kit'
[2019.11.11-02.23.36:854][275]LogBlueprintUserMessages: Late PlayInEditor Detection: Level '/Game/Maps/Camera_Kit.Camera_Kit:PersistentLevel' has LevelScriptBlueprint '/Game/Maps/Camera_Kit.Camera_Kit:PersistentLevel.Camera_Kit' with GeneratedClass '/Game/Maps/Camera_Kit.Camera_Kit_C' with ClassGeneratedBy '/Game/Maps/Camera_Kit.Camera_Kit:PersistentLevel.Camera_Kit'
[2019.11.11-02.23.36:855][275]LogBlueprintUserMessages: Late PlayInEditor Detection: Level '/Game/Maps/Explosive_Kit.Explosive_Kit:PersistentLevel' has LevelScriptBlueprint '/Game/Maps/Explosive_Kit.Explosive_Kit:PersistentLevel.Explosive_Kit' with GeneratedClass '/Game/Maps/Explosive_Kit.Explosive_Kit_C' with ClassGeneratedBy '/Game/Maps/Explosive_Kit.Explosive_Kit:PersistentLevel.Explosive_Kit'
[2019.11.11-02.23.36:856][275]LogBlueprintUserMessages: Late PlayInEditor Detection: Level '/Game/Maps/Teleport_Kit.Teleport_Kit:PersistentLevel' has LevelScriptBlueprint '/Game/Maps/Teleport_Kit.Teleport_Kit:PersistentLevel.Teleport_Kit' with GeneratedClass '/Game/Maps/Teleport_Kit.Teleport_Kit_C' with ClassGeneratedBy '/Game/Maps/Teleport_Kit.Teleport_Kit:PersistentLevel.Teleport_Kit'
[2019.11.11-02.23.37:242][276]LogRenderer: Reallocating scene render targets to support 1272x888 Format 10 NumSamples 1 (Frame:1).
[2019.11.11-02.23.47:391][516]LogBlueprintUserMessages: Early EndPlayMap Detection: Level '/Game/FirstPersonBP/Maps/FirstPersonExampleMap.FirstPersonExampleMap:PersistentLevel' has LevelScriptBlueprint '/Game/FirstPersonBP/Maps/FirstPersonExampleMap.FirstPersonExampleMap:PersistentLevel.FirstPersonExampleMap' with GeneratedClass '/Game/FirstPersonBP/Maps/FirstPersonExampleMap.FirstPersonExampleMap_C' with ClassGeneratedBy '/Game/FirstPersonBP/Maps/FirstPersonExampleMap.FirstPersonExampleMap:PersistentLevel.FirstPersonExampleMap'
[2019.11.11-02.23.47:393][516]LogBlueprintUserMessages: Early EndPlayMap Detection: Level '/Game/Maps/Door_Kit.Door_Kit:PersistentLevel' has LevelScriptBlueprint '/Game/Maps/Door_Kit.Door_Kit:PersistentLevel.Door_Kit' with GeneratedClass '/Game/Maps/Door_Kit.Door_Kit_C' with ClassGeneratedBy '/Game/Maps/Door_Kit.Door_Kit:PersistentLevel.Door_Kit'
[2019.11.11-02.23.47:394][516]LogBlueprintUserMessages: Early EndPlayMap Detection: Level '/Game/Maps/Turret_Kit.Turret_Kit:PersistentLevel' has LevelScriptBlueprint '/Game/Maps/Turret_Kit.Turret_Kit:PersistentLevel.Turret_Kit' with GeneratedClass '/Game/Maps/Turret_Kit.Turret_Kit_C' with ClassGeneratedBy '/Game/Maps/Turret_Kit.Turret_Kit:PersistentLevel.Turret_Kit'
[2019.11.11-02.23.47:396][516]LogBlueprintUserMessages: Early EndPlayMap Detection: Level '/Game/Maps/Laser_Kit.Laser_Kit:PersistentLevel' has LevelScriptBlueprint '/Game/Maps/Laser_Kit.Laser_Kit:PersistentLevel.Laser_Kit' with GeneratedClass '/Game/Maps/Laser_Kit.Laser_Kit_C' with ClassGeneratedBy '/Game/Maps/Laser_Kit.Laser_Kit:PersistentLevel.Laser_Kit'
[2019.11.11-02.23.47:397][516]LogBlueprintUserMessages: Early EndPlayMap Detection: Level '/Game/Maps/Camera_Kit.Camera_Kit:PersistentLevel' has LevelScriptBlueprint '/Game/Maps/Camera_Kit.Camera_Kit:PersistentLevel.Camera_Kit' with GeneratedClass '/Game/Maps/Camera_Kit.Camera_Kit_C' with ClassGeneratedBy '/Game/Maps/Camera_Kit.Camera_Kit:PersistentLevel.Camera_Kit'
[2019.11.11-02.23.47:399][516]LogBlueprintUserMessages: Early EndPlayMap Detection: Level '/Game/Maps/Explosive_Kit.Explosive_Kit:PersistentLevel' has LevelScriptBlueprint '/Game/Maps/Explosive_Kit.Explosive_Kit:PersistentLevel.Explosive_Kit' with GeneratedClass '/Game/Maps/Explosive_Kit.Explosive_Kit_C' with ClassGeneratedBy '/Game/Maps/Explosive_Kit.Explosive_Kit:PersistentLevel.Explosive_Kit'
[2019.11.11-02.23.47:400][516]LogBlueprintUserMessages: Early EndPlayMap Detection: Level '/Game/Maps/Teleport_Kit.Teleport_Kit:PersistentLevel' has LevelScriptBlueprint '/Game/Maps/Teleport_Kit.Teleport_Kit:PersistentLevel.Teleport_Kit' with GeneratedClass '/Game/Maps/Teleport_Kit.Teleport_Kit_C' with ClassGeneratedBy '/Game/Maps/Teleport_Kit.Teleport_Kit:PersistentLevel.Teleport_Kit'
[2019.11.11-02.23.47:402][516]LogSlate: Updating window title bar state: overlay mode, drag disabled, window buttons hidden, title bar hidden
[2019.11.11-02.23.47:448][516]LogSlate: Window 'Mechanics_Sandbox Game Preview Standalone (64-bit/PCD3D_SM5)' being destroyed
[2019.11.11-02.23.47:517][516]LogPlayLevel: Display: Shutting down PIE online subsystems
[2019.11.11-02.23.47:518][516]LogBlueprintUserMessages: Late EndPlayMap Detection: Level '/Game/FirstPersonBP/Maps/FirstPersonExampleMap.FirstPersonExampleMap:PersistentLevel' has LevelScriptBlueprint '/Game/FirstPersonBP/Maps/FirstPersonExampleMap.FirstPersonExampleMap:PersistentLevel.FirstPersonExampleMap' with GeneratedClass '/Game/FirstPersonBP/Maps/FirstPersonExampleMap.FirstPersonExampleMap_C' with ClassGeneratedBy '/Game/FirstPersonBP/Maps/FirstPersonExampleMap.FirstPersonExampleMap:PersistentLevel.FirstPersonExampleMap'
[2019.11.11-02.23.47:519][516]LogBlueprintUserMessages: Late EndPlayMap Detection: Level '/Game/Maps/Door_Kit.Door_Kit:PersistentLevel' has LevelScriptBlueprint '/Game/Maps/Door_Kit.Door_Kit:PersistentLevel.Door_Kit' with GeneratedClass '/Game/Maps/Door_Kit.Door_Kit_C' with ClassGeneratedBy '/Game/Maps/Door_Kit.Door_Kit:PersistentLevel.Door_Kit'
[2019.11.11-02.23.47:520][516]LogBlueprintUserMessages: Late EndPlayMap Detection: Level '/Game/Maps/Turret_Kit.Turret_Kit:PersistentLevel' has LevelScriptBlueprint '/Game/Maps/Turret_Kit.Turret_Kit:PersistentLevel.Turret_Kit' with GeneratedClass '/Game/Maps/Turret_Kit.Turret_Kit_C' with ClassGeneratedBy '/Game/Maps/Turret_Kit.Turret_Kit:PersistentLevel.Turret_Kit'
[2019.11.11-02.23.47:521][516]LogBlueprintUserMessages: Late EndPlayMap Detection: Level '/Game/Maps/Laser_Kit.Laser_Kit:PersistentLevel' has LevelScriptBlueprint '/Game/Maps/Laser_Kit.Laser_Kit:PersistentLevel.Laser_Kit' with GeneratedClass '/Game/Maps/Laser_Kit.Laser_Kit_C' with ClassGeneratedBy '/Game/Maps/Laser_Kit.Laser_Kit:PersistentLevel.Laser_Kit'
[2019.11.11-02.23.47:522][516]LogBlueprintUserMessages: Late EndPlayMap Detection: Level '/Game/Maps/Camera_Kit.Camera_Kit:PersistentLevel' has LevelScriptBlueprint '/Game/Maps/Camera_Kit.Camera_Kit:PersistentLevel.Camera_Kit' with GeneratedClass '/Game/Maps/Camera_Kit.Camera_Kit_C' with ClassGeneratedBy '/Game/Maps/Camera_Kit.Camera_Kit:PersistentLevel.Camera_Kit'
[2019.11.11-02.23.47:523][516]LogBlueprintUserMessages: Late EndPlayMap Detection: Level '/Game/Maps/Explosive_Kit.Explosive_Kit:PersistentLevel' has LevelScriptBlueprint '/Game/Maps/Explosive_Kit.Explosive_Kit:PersistentLevel.Explosive_Kit' with GeneratedClass '/Game/Maps/Explosive_Kit.Explosive_Kit_C' with ClassGeneratedBy '/Game/Maps/Explosive_Kit.Explosive_Kit:PersistentLevel.Explosive_Kit'
[2019.11.11-02.23.47:525][516]LogBlueprintUserMessages: Late EndPlayMap Detection: Level '/Game/Maps/Teleport_Kit.Teleport_Kit:PersistentLevel' has LevelScriptBlueprint '/Game/Maps/Teleport_Kit.Teleport_Kit:PersistentLevel.Teleport_Kit' with GeneratedClass '/Game/Maps/Teleport_Kit.Teleport_Kit_C' with ClassGeneratedBy '/Game/Maps/Teleport_Kit.Teleport_Kit:PersistentLevel.Teleport_Kit'
[2019.11.11-02.23.47:997][516]LogUObjectHash: Compacting FUObjectHashTables data took  12.01ms
[2019.11.11-02.23.48:084][517]LogPlayLevel: Display: Destroying online subsystem :Context_12
[2019.11.11-02.27.26:149][322]LogSlate: FSceneViewport::OnFocusLost() reason 2
[2019.11.11-02.27.32:182][486]LogSlate: FSceneViewport::OnFocusLost() reason 2
[2019.11.11-02.27.32:196][486]LogAssetEditorManager: Opening Asset editor for LevelScriptBlueprint /Game/FirstPersonBP/Maps/FirstPersonExampleMap.FirstPersonExampleMap:PersistentLevel.FirstPersonExampleMap
[2019.11.11-02.29.14:257][446]LogSlate: FSceneViewport::OnFocusLost() reason 0
[2019.11.11-02.29.30:714][ 70]LogWindows: LaunchURL http://docs.unrealengine.com/latest/INT/Engine/Actors/Volumes/index.html?utm_source=editor&utm_medium=docs&utm_campaign=doc_anchors#Volume Types
[2019.11.11-02.33.38:726][ 35]LogSlate: FSceneViewport::OnFocusLost() reason 2
[2019.11.11-02.33.38:991][ 35]LogUObjectHash: Compacting FUObjectHashTables data took  16.35ms
[2019.11.11-02.33.39:060][ 35]LogSpawn: Warning: UWorld::DestroyActor: World has no context! World: Teleport_Kit, Actor: /Game/Maps/Teleport_Kit.Teleport_Kit:PersistentLevel.REINST_Teleport_Kit_C_0
[2019.11.11-02.33.39:589][ 35]LogSavePackage: Moving 'C:/Users/danny/Desktop/Systems_Sandbox/Mechanics_Sandbox/Saved/Teleport_Kit_Auto2E6FD194C4C6644511139C6993BA93CF0.tmp' to 'C:/Users/danny/Desktop/Systems_Sandbox/Mechanics_Sandbox/Saved/Autosaves/Game/Maps/Teleport_Kit_Auto2.umap'
[2019.11.11-02.33.39:594][ 35]LogFileHelpers: Editor autosave (incl. sublevels) for '/Game/FirstPersonBP/Maps/FirstPersonExampleMap' took 0.788
[2019.11.11-02.33.39:595][ 35]LogFileHelpers: Editor autosave (incl. sublevels) for all levels took 0.788
[2019.11.11-02.38.08:947][431]LogSlate: FSceneViewport::OnFocusLost() reason 0
[2019.11.11-02.38.11:177][484]LogSlate: FSceneViewport::OnFocusLost() reason 0
[2019.11.11-02.40.14:873][734]LogEditorViewport: Clicking on Actor (LMB): StaticMeshActor (Floor)
[2019.11.11-02.40.16:005][767]LogEditorViewport: Clicking on Actor (LMB): StaticMeshActor (Floor)
[2019.11.11-02.40.16:951][798]LogEditorViewport: Clicking on Actor (LMB): StaticMeshActor (Floor)
[2019.11.11-02.40.17:775][825]LogEditorViewport: Clicking on Actor (LMB): TriggerBox (TriggerBox3)
[2019.11.11-02.40.20:988][930]LogEditorViewport: Clicking on Actor (LMB): StaticMeshActor (Floor)
[2019.11.11-02.40.21:838][955]LogEditorViewport: Clicking on Actor (LMB): StaticMeshActor (Floor)
[2019.11.11-02.40.22:449][974]LogEditorViewport: Clicking on Actor (LMB): StaticMeshActor (Floor)
[2019.11.11-02.40.22:958][989]LogEditorViewport: Clicking on Actor (LMB): StaticMeshActor (Floor)
[2019.11.11-02.40.23:452][  4]LogEditorViewport: Clicking on Actor (LMB): TriggerBox (TriggerBox2)
[2019.11.11-02.40.30:998][239]LogSlate: FSceneViewport::OnFocusLost() reason 0
[2019.11.11-02.40.33:495][303]LogSlate: FSceneViewport::OnFocusLost() reason 0
[2019.11.11-02.40.40:411][518]LogEditorViewport: Clicking on Actor (LMB): StaticMeshActor (Floor)
[2019.11.11-02.40.42:131][561]LogSlate: FSceneViewport::OnFocusLost() reason 0
[2019.11.11-02.40.52:970][859]LogSlate: FSceneViewport::OnFocusLost() reason 0
[2019.11.11-02.41.38:348][219]EditorErrors: New page: Actor attachment
[2019.11.11-02.41.39:960][264]Cmd: TRANSACTION UNDO
[2019.11.11-02.41.39:960][264]LogEditorTransaction: Undo Attach actors
[2019.11.11-02.43.43:421][810]LogSlate: FSceneViewport::OnFocusLost() reason 0
[2019.11.11-02.43.44:852][848]LogEditorViewport: Clicking on Actor (LMB): StaticMeshActor (Floor)
[2019.11.11-02.43.48:455][944]LogSlate: FSceneViewport::OnFocusLost() reason 0
[2019.11.11-02.44.04:735][363]Cmd: CAMERA ALIGN ACTIVEVIEWPORTONLY
[2019.11.11-02.44.23:498][893]LogSlate: FSceneViewport::OnFocusLost() reason 0
[2019.11.11-02.44.53:481][767]LogSlate: FSceneViewport::OnFocusLost() reason 0
[2019.11.11-02.45.15:642][391]LogEditorViewport: Clicking on Actor (LMB): StaticMeshActor (Floor)
[2019.11.11-02.45.17:316][436]Cmd: TRANSACTION UNDO
[2019.11.11-02.45.17:317][436]LogEditorTransaction: Undo Clicking on Actors
[2019.11.11-02.45.26:270][676]LogSlate: FSceneViewport::OnFocusLost() reason 0
[2019.11.11-02.45.51:275][420]LogUObjectHash: Compacting FUObjectHashTables data took   9.19ms
[2019.11.11-02.45.51:324][420]LogSpawn: Warning: UWorld::DestroyActor: World has no context! World: Teleport_Kit, Actor: /Game/Maps/Teleport_Kit.Teleport_Kit:PersistentLevel.REINST_Teleport_Kit_C_1
[2019.11.11-02.45.51:882][420]LogSavePackage: Moving 'C:/Users/danny/Desktop/Systems_Sandbox/Mechanics_Sandbox/Saved/Teleport_Kit_Auto36D3B31A145424EFE7295BCB505F47C81.tmp' to 'C:/Users/danny/Desktop/Systems_Sandbox/Mechanics_Sandbox/Saved/Autosaves/Game/Maps/Teleport_Kit_Auto3.umap'
[2019.11.11-02.45.51:892][420]LogFileHelpers: Editor autosave (incl. sublevels) for '/Game/FirstPersonBP/Maps/FirstPersonExampleMap' took 0.725
[2019.11.11-02.45.51:892][420]LogFileHelpers: Editor autosave (incl. sublevels) for all levels took 0.725
[2019.11.11-02.47.07:297][583]LogEditorViewport: Clicking on Actor (LMB): StaticMeshActor (Floor)
[2019.11.11-02.47.07:923][598]Cmd: CAMERA ALIGN ACTIVEVIEWPORTONLY
[2019.11.11-02.47.11:792][693]LogSlate: FSceneViewport::OnFocusLost() reason 0
[2019.11.11-02.47.38:895][420]LogEditorViewport: Clicking on Actor (LMB): StaticMeshActor (BigWall)
[2019.11.11-02.47.39:797][440]LogEditorViewport: Clicking on Actor (LMB): StaticMeshActor (Floor)
[2019.11.11-02.47.40:299][450]LogEditorViewport: Clicking on Actor (LMB): StaticMeshActor (Floor)
[2019.11.11-02.47.41:104][471]LogEditorViewport: Clicking on Actor (LMB): StaticMeshActor (Floor)
[2019.11.11-02.47.41:584][483]LogEditorViewport: Clicking on Actor (LMB): TriggerBox (Kit_Door)
[2019.11.11-02.47.45:822][596]LogSlate: FSceneViewport::OnFocusLost() reason 0
[2019.11.11-02.47.48:900][677]LogEditorViewport: Clicking on Actor (LMB): TriggerBox (Kit_Camera)
[2019.11.11-02.47.50:661][720]LogSlate: FSceneViewport::OnFocusLost() reason 0
[2019.11.11-02.47.54:313][826]LogEditorViewport: Clicking on Actor (LMB): StaticMeshActor (BigWall)
[2019.11.11-02.47.55:106][846]LogEditorViewport: Clicking on Actor (LMB): StaticMeshActor (BigWall)
[2019.11.11-02.47.55:619][860]LogEditorViewport: Clicking on Actor (LMB): StaticMeshActor (Floor)
[2019.11.11-02.47.56:306][877]LogEditorViewport: Clicking on Actor (LMB): StaticMeshActor (Floor)
[2019.11.11-02.47.56:922][894]LogEditorViewport: Clicking on Actor (LMB): StaticMeshActor (Floor)
[2019.11.11-02.47.57:416][907]LogEditorViewport: Clicking on Actor (LMB): TriggerBox (Kit_Door)
[2019.11.11-02.47.57:956][919]LogEditorViewport: Clicking on Actor (LMB): StaticMeshActor (BigWall)
[2019.11.11-02.47.58:769][940]LogEditorViewport: Clicking on Actor (LMB): TriggerBox (Kit_Door)
[2019.11.11-02.48.03:072][ 56]LogEditorViewport: Clicking on Actor (LMB): StaticMeshActor (Floor)
[2019.11.11-02.48.04:210][ 86]LogEditorViewport: Clicking on Actor (LMB): StaticMeshActor (Floor)
[2019.11.11-02.48.07:004][168]LogEditorViewport: Clicking on Actor (LMB): StaticMeshActor (Floor)
[2019.11.11-02.48.07:483][181]LogEditorViewport: Clicking on Actor (LMB): TriggerBox (Kit_Camera)
[2019.11.11-02.48.09:392][226]LogSlate: FSceneViewport::OnFocusLost() reason 0
[2019.11.11-02.48.22:075][575]Cmd: CAMERA ALIGN ACTIVEVIEWPORTONLY
[2019.11.11-02.48.24:408][638]LogEditorViewport: Clicking on Actor (LMB): StaticMeshActor (Floor)
[2019.11.11-02.48.24:599][640]LogEditorViewport: Clicking on Component (LMB): StaticMeshComponent (StaticMeshComponent0)
[2019.11.11-02.48.31:086][819]LogSlate: FSceneViewport::OnFocusLost() reason 0
[2019.11.11-02.48.32:449][858]Cmd: CAMERA ALIGN ACTIVEVIEWPORTONLY
[2019.11.11-02.48.40:434][ 56]LogEditorViewport: Clicking on Actor (LMB): StaticMeshActor (EditorCube8)
[2019.11.11-02.48.46:034][215]LogEditorViewport: Clicking on Actor (LMB): RadiusMine_C (RadiusMine)
[2019.11.11-02.48.57:274][560]Cmd: CAMERA ALIGN ACTIVEVIEWPORTONLY
[2019.11.11-02.49.06:163][813]LogSlate: FSceneViewport::OnFocusLost() reason 2
[2019.11.11-02.49.30:898][497]LogEditorViewport: Clicking on Actor (LMB): StaticMeshActor (Floor)
[2019.11.11-02.49.31:976][527]LogEditorViewport: Clicking on Actor (LMB): TriggerBox (Kit_Laser)
[2019.11.11-02.49.43:807][868]Cmd: CAMERA ALIGN ACTIVEVIEWPORTONLY
[2019.11.11-02.50.05:868][466]LogSlate: FSceneViewport::OnFocusLost() reason 0
[2019.11.11-02.50.13:994][690]LogEditorViewport: Clicking on Actor (LMB): StaticMeshActor (Floor)
[2019.11.11-02.50.14:720][708]LogEditorViewport: Clicking on Actor (LMB): StaticMeshActor (Floor)
[2019.11.11-02.50.15:391][728]LogEditorViewport: Clicking on Actor (LMB): StaticMeshActor (Floor)
[2019.11.11-02.50.16:517][763]LogEditorViewport: Clicking on Actor (LMB): StaticMeshActor (Floor)
[2019.11.11-02.50.17:649][796]LogEditorViewport: Clicking on Actor (LMB): StaticMeshActor (EditorCube17)
[2019.11.11-02.50.18:449][817]LogEditorViewport: Clicking on Actor (LMB): StaticMeshActor (EditorCube17)
[2019.11.11-02.50.19:085][835]LogEditorViewport: Clicking on Actor (LMB): StaticMeshActor (EditorCube17)
[2019.11.11-02.50.19:519][847]LogEditorViewport: Clicking on Actor (LMB): StaticMeshActor (EditorCube16)
[2019.11.11-02.50.20:367][870]LogEditorViewport: Clicking on Actor (LMB): StaticMeshActor (EditorCube17)
[2019.11.11-02.50.22:483][922]LogSlate: FSceneViewport::OnFocusLost() reason 0
[2019.11.11-02.50.36:066][276]LogEditorViewport: Clicking on Actor (LMB): StaticMeshActor (Floor)
[2019.11.11-02.50.36:896][298]LogEditorViewport: Clicking on Actor (LMB): StaticMeshActor (Floor)
[2019.11.11-02.50.44:914][547]LogEditorViewport: Clicking on Actor (LMB): StaticMeshActor (Floor)
[2019.11.11-02.50.52:625][787]LogEditorViewport: Clicking on Actor (LMB): TriggerBox (Kit_Laser)
[2019.11.11-02.50.55:571][862]LogSlate: FSceneViewport::OnFocusLost() reason 0
[2019.11.11-02.51.05:387][145]LogEditorViewport: Clicking on Actor (LMB): BP_Sky_Sphere_C (SkySphereBlueprint)
[2019.11.11-02.51.06:093][163]LogEditorViewport: Clicking on Actor (LMB): BP_Sky_Sphere_C (SkySphereBlueprint)
[2019.11.11-02.51.06:547][175]LogEditorViewport: Clicking on Actor (LMB): BP_Sky_Sphere_C (SkySphereBlueprint)
[2019.11.11-02.51.06:991][187]LogEditorViewport: Clicking on Actor (LMB): TriggerBox (Kit_Teleport)
[2019.11.11-02.51.07:703][205]Cmd: CAMERA ALIGN ACTIVEVIEWPORTONLY
[2019.11.11-02.51.11:655][307]LogSlate: FSceneViewport::OnFocusLost() reason 0
[2019.11.11-02.54.32:633][424]LogEditorViewport: Clicking on Actor (LMB): TriggerBox (Kit_Turret)
[2019.11.11-02.54.43:249][718]LogEditorViewport: Clicking on Actor (LMB): Simple_Turret_C (Simple_Turret)
[2019.11.11-02.54.47:367][836]LogEditorViewport: Clicking on Actor (LMB): StaticMeshActor (Floor)
[2019.11.11-02.54.48:059][852]LogEditorViewport: Clicking on Actor (LMB): StaticMeshActor (Floor)
[2019.11.11-02.54.48:621][867]LogEditorViewport: Clicking on Actor (LMB): StaticMeshActor (Floor)
[2019.11.11-02.54.49:198][883]LogEditorViewport: Clicking on Actor (LMB): TriggerBox (Kit_Turret)
[2019.11.11-02.54.51:878][956]LogSlate: FSceneViewport::OnFocusLost() reason 0
[2019.11.11-02.55.29:027][986]LogSlate: FSceneViewport::OnFocusLost() reason 0
[2019.11.11-02.55.37:369][213]LogSlate: FSceneViewport::OnFocusLost() reason 0
[2019.11.11-02.55.47:031][504]LogEditorViewport: Clicking on Actor (LMB): StaticMeshActor (Floor)
[2019.11.11-02.55.47:971][527]LogEditorViewport: Clicking on Actor (LMB): TriggerBox (Kit_Explosive)
[2019.11.11-02.55.59:597][849]LogSlate: FSceneViewport::OnFocusLost() reason 0
[2019.11.11-02.55.59:718][853]LogTemp: Repeating last play command: New Editor Window (PIE)
[2019.11.11-02.55.59:800][853]LogBlueprintUserMessages: Early PlayInEditor Detection: Level '/Game/FirstPersonBP/Maps/FirstPersonExampleMap.FirstPersonExampleMap:PersistentLevel' has LevelScriptBlueprint '/Game/FirstPersonBP/Maps/FirstPersonExampleMap.FirstPersonExampleMap:PersistentLevel.FirstPersonExampleMap' with GeneratedClass '/Game/FirstPersonBP/Maps/FirstPersonExampleMap.FirstPersonExampleMap_C' with ClassGeneratedBy '/Game/FirstPersonBP/Maps/FirstPersonExampleMap.FirstPersonExampleMap:PersistentLevel.FirstPersonExampleMap'
[2019.11.11-02.55.59:802][853]LogBlueprintUserMessages: Early PlayInEditor Detection: Level '/Game/Maps/Door_Kit.Door_Kit:PersistentLevel' has LevelScriptBlueprint '/Game/Maps/Door_Kit.Door_Kit:PersistentLevel.Door_Kit' with GeneratedClass '/Game/Maps/Door_Kit.Door_Kit_C' with ClassGeneratedBy '/Game/Maps/Door_Kit.Door_Kit:PersistentLevel.Door_Kit'
[2019.11.11-02.55.59:803][853]LogBlueprintUserMessages: Early PlayInEditor Detection: Level '/Game/Maps/Turret_Kit.Turret_Kit:PersistentLevel' has LevelScriptBlueprint '/Game/Maps/Turret_Kit.Turret_Kit:PersistentLevel.Turret_Kit' with GeneratedClass '/Game/Maps/Turret_Kit.Turret_Kit_C' with ClassGeneratedBy '/Game/Maps/Turret_Kit.Turret_Kit:PersistentLevel.Turret_Kit'
[2019.11.11-02.55.59:804][853]LogBlueprintUserMessages: Early PlayInEditor Detection: Level '/Game/Maps/Laser_Kit.Laser_Kit:PersistentLevel' has LevelScriptBlueprint '/Game/Maps/Laser_Kit.Laser_Kit:PersistentLevel.Laser_Kit' with GeneratedClass '/Game/Maps/Laser_Kit.Laser_Kit_C' with ClassGeneratedBy '/Game/Maps/Laser_Kit.Laser_Kit:PersistentLevel.Laser_Kit'
[2019.11.11-02.55.59:805][853]LogBlueprintUserMessages: Early PlayInEditor Detection: Level '/Game/Maps/Camera_Kit.Camera_Kit:PersistentLevel' has LevelScriptBlueprint '/Game/Maps/Camera_Kit.Camera_Kit:PersistentLevel.Camera_Kit' with GeneratedClass '/Game/Maps/Camera_Kit.Camera_Kit_C' with ClassGeneratedBy '/Game/Maps/Camera_Kit.Camera_Kit:PersistentLevel.Camera_Kit'
[2019.11.11-02.55.59:806][853]LogBlueprintUserMessages: Early PlayInEditor Detection: Level '/Game/Maps/Explosive_Kit.Explosive_Kit:PersistentLevel' has LevelScriptBlueprint '/Game/Maps/Explosive_Kit.Explosive_Kit:PersistentLevel.Explosive_Kit' with GeneratedClass '/Game/Maps/Explosive_Kit.Explosive_Kit_C' with ClassGeneratedBy '/Game/Maps/Explosive_Kit.Explosive_Kit:PersistentLevel.Explosive_Kit'
[2019.11.11-02.55.59:807][853]LogBlueprintUserMessages: Early PlayInEditor Detection: Level '/Game/Maps/Teleport_Kit.Teleport_Kit:PersistentLevel' has LevelScriptBlueprint '/Game/Maps/Teleport_Kit.Teleport_Kit:PersistentLevel.Teleport_Kit' with GeneratedClass '/Game/Maps/Teleport_Kit.Teleport_Kit_C' with ClassGeneratedBy '/Game/Maps/Teleport_Kit.Teleport_Kit:PersistentLevel.Teleport_Kit'
[2019.11.11-02.55.59:808][853]LogPlayLevel: PlayLevel: No blueprints needed recompiling
[2019.11.11-02.55.59:808][853]PIE: New page: PIE session: FirstPersonExampleMap (Nov 10, 2019, 10:55:59 AM)
[2019.11.11-02.55.59:809][853]LogPlayLevel: Creating play world package: /Game/FirstPersonBP/Maps/UEDPIE_0_FirstPersonExampleMap
[2019.11.11-02.55.59:849][853]LogPlayLevel: PIE: StaticDuplicateObject took: (0.039901s)
[2019.11.11-02.55.59:851][853]LogAIModule: Creating AISystem for world FirstPersonExampleMap
[2019.11.11-02.55.59:852][853]LogPlayLevel: PIE: World Init took: (0.002418s)
[2019.11.11-02.55.59:853][853]LogPlayLevel: PIE: Created PIE world by copying editor world from /Game/FirstPersonBP/Maps/FirstPersonExampleMap.FirstPersonExampleMap to /Game/FirstPersonBP/Maps/UEDPIE_0_FirstPersonExampleMap.FirstPersonExampleMap (0.043744s)
[2019.11.11-02.55.59:986][853]LogUObjectHash: Compacting FUObjectHashTables data took  10.97ms
[2019.11.11-02.56.00:057][853]LogInit: XAudio2 using 'Headset Earphone (SteelSeries Arctis 5 Chat)' : 2 channels at 48 kHz using 16 bits per sample (channel mask 0x3)
[2019.11.11-02.56.00:100][853]LogInit: FAudioDevice initialized.
[2019.11.11-02.56.00:118][853]LogSlate: Updating window title bar state: overlay mode, drag disabled, window buttons hidden, title bar hidden
[2019.11.11-02.56.00:160][853]LogLoad: Game class is 'FirstPersonGameMode_C'
[2019.11.11-02.56.00:174][853]LogWorld: Bringing World /Game/FirstPersonBP/Maps/UEDPIE_0_FirstPersonExampleMap.FirstPersonExampleMap up for play (max tick rate 60) at 2019.11.10-18.56.00
[2019.11.11-02.56.00:176][853]LogWorld: Bringing up level for play took: 0.012099
[2019.11.11-02.56.00:199][853]PIE: Play in editor start time for /Game/FirstPersonBP/Maps/UEDPIE_0_FirstPersonExampleMap -0.511
[2019.11.11-02.56.00:475][853]LogBlueprintUserMessages: Late PlayInEditor Detection: Level '/Game/FirstPersonBP/Maps/FirstPersonExampleMap.FirstPersonExampleMap:PersistentLevel' has LevelScriptBlueprint '/Game/FirstPersonBP/Maps/FirstPersonExampleMap.FirstPersonExampleMap:PersistentLevel.FirstPersonExampleMap' with GeneratedClass '/Game/FirstPersonBP/Maps/FirstPersonExampleMap.FirstPersonExampleMap_C' with ClassGeneratedBy '/Game/FirstPersonBP/Maps/FirstPersonExampleMap.FirstPersonExampleMap:PersistentLevel.FirstPersonExampleMap'
[2019.11.11-02.56.00:477][853]LogBlueprintUserMessages: Late PlayInEditor Detection: Level '/Game/Maps/Door_Kit.Door_Kit:PersistentLevel' has LevelScriptBlueprint '/Game/Maps/Door_Kit.Door_Kit:PersistentLevel.Door_Kit' with GeneratedClass '/Game/Maps/Door_Kit.Door_Kit_C' with ClassGeneratedBy '/Game/Maps/Door_Kit.Door_Kit:PersistentLevel.Door_Kit'
[2019.11.11-02.56.00:478][853]LogBlueprintUserMessages: Late PlayInEditor Detection: Level '/Game/Maps/Turret_Kit.Turret_Kit:PersistentLevel' has LevelScriptBlueprint '/Game/Maps/Turret_Kit.Turret_Kit:PersistentLevel.Turret_Kit' with GeneratedClass '/Game/Maps/Turret_Kit.Turret_Kit_C' with ClassGeneratedBy '/Game/Maps/Turret_Kit.Turret_Kit:PersistentLevel.Turret_Kit'
[2019.11.11-02.56.00:479][853]LogBlueprintUserMessages: Late PlayInEditor Detection: Level '/Game/Maps/Laser_Kit.Laser_Kit:PersistentLevel' has LevelScriptBlueprint '/Game/Maps/Laser_Kit.Laser_Kit:PersistentLevel.Laser_Kit' with GeneratedClass '/Game/Maps/Laser_Kit.Laser_Kit_C' with ClassGeneratedBy '/Game/Maps/Laser_Kit.Laser_Kit:PersistentLevel.Laser_Kit'
[2019.11.11-02.56.00:480][853]LogBlueprintUserMessages: Late PlayInEditor Detection: Level '/Game/Maps/Camera_Kit.Camera_Kit:PersistentLevel' has LevelScriptBlueprint '/Game/Maps/Camera_Kit.Camera_Kit:PersistentLevel.Camera_Kit' with GeneratedClass '/Game/Maps/Camera_Kit.Camera_Kit_C' with ClassGeneratedBy '/Game/Maps/Camera_Kit.Camera_Kit:PersistentLevel.Camera_Kit'
[2019.11.11-02.56.00:482][853]LogBlueprintUserMessages: Late PlayInEditor Detection: Level '/Game/Maps/Explosive_Kit.Explosive_Kit:PersistentLevel' has LevelScriptBlueprint '/Game/Maps/Explosive_Kit.Explosive_Kit:PersistentLevel.Explosive_Kit' with GeneratedClass '/Game/Maps/Explosive_Kit.Explosive_Kit_C' with ClassGeneratedBy '/Game/Maps/Explosive_Kit.Explosive_Kit:PersistentLevel.Explosive_Kit'
[2019.11.11-02.56.00:484][853]LogBlueprintUserMessages: Late PlayInEditor Detection: Level '/Game/Maps/Teleport_Kit.Teleport_Kit:PersistentLevel' has LevelScriptBlueprint '/Game/Maps/Teleport_Kit.Teleport_Kit:PersistentLevel.Teleport_Kit' with GeneratedClass '/Game/Maps/Teleport_Kit.Teleport_Kit_C' with ClassGeneratedBy '/Game/Maps/Teleport_Kit.Teleport_Kit:PersistentLevel.Teleport_Kit'
[2019.11.11-02.56.02:020][895]LogBlueprintUserMessages: Early EndPlayMap Detection: Level '/Game/FirstPersonBP/Maps/FirstPersonExampleMap.FirstPersonExampleMap:PersistentLevel' has LevelScriptBlueprint '/Game/FirstPersonBP/Maps/FirstPersonExampleMap.FirstPersonExampleMap:PersistentLevel.FirstPersonExampleMap' with GeneratedClass '/Game/FirstPersonBP/Maps/FirstPersonExampleMap.FirstPersonExampleMap_C' with ClassGeneratedBy '/Game/FirstPersonBP/Maps/FirstPersonExampleMap.FirstPersonExampleMap:PersistentLevel.FirstPersonExampleMap'
[2019.11.11-02.56.02:022][895]LogBlueprintUserMessages: Early EndPlayMap Detection: Level '/Game/Maps/Door_Kit.Door_Kit:PersistentLevel' has LevelScriptBlueprint '/Game/Maps/Door_Kit.Door_Kit:PersistentLevel.Door_Kit' with GeneratedClass '/Game/Maps/Door_Kit.Door_Kit_C' with ClassGeneratedBy '/Game/Maps/Door_Kit.Door_Kit:PersistentLevel.Door_Kit'
[2019.11.11-02.56.02:024][895]LogBlueprintUserMessages: Early EndPlayMap Detection: Level '/Game/Maps/Turret_Kit.Turret_Kit:PersistentLevel' has LevelScriptBlueprint '/Game/Maps/Turret_Kit.Turret_Kit:PersistentLevel.Turret_Kit' with GeneratedClass '/Game/Maps/Turret_Kit.Turret_Kit_C' with ClassGeneratedBy '/Game/Maps/Turret_Kit.Turret_Kit:PersistentLevel.Turret_Kit'
[2019.11.11-02.56.02:026][895]LogBlueprintUserMessages: Early EndPlayMap Detection: Level '/Game/Maps/Laser_Kit.Laser_Kit:PersistentLevel' has LevelScriptBlueprint '/Game/Maps/Laser_Kit.Laser_Kit:PersistentLevel.Laser_Kit' with GeneratedClass '/Game/Maps/Laser_Kit.Laser_Kit_C' with ClassGeneratedBy '/Game/Maps/Laser_Kit.Laser_Kit:PersistentLevel.Laser_Kit'
[2019.11.11-02.56.02:028][895]LogBlueprintUserMessages: Early EndPlayMap Detection: Level '/Game/Maps/Camera_Kit.Camera_Kit:PersistentLevel' has LevelScriptBlueprint '/Game/Maps/Camera_Kit.Camera_Kit:PersistentLevel.Camera_Kit' with GeneratedClass '/Game/Maps/Camera_Kit.Camera_Kit_C' with ClassGeneratedBy '/Game/Maps/Camera_Kit.Camera_Kit:PersistentLevel.Camera_Kit'
[2019.11.11-02.56.02:029][895]LogBlueprintUserMessages: Early EndPlayMap Detection: Level '/Game/Maps/Explosive_Kit.Explosive_Kit:PersistentLevel' has LevelScriptBlueprint '/Game/Maps/Explosive_Kit.Explosive_Kit:PersistentLevel.Explosive_Kit' with GeneratedClass '/Game/Maps/Explosive_Kit.Explosive_Kit_C' with ClassGeneratedBy '/Game/Maps/Explosive_Kit.Explosive_Kit:PersistentLevel.Explosive_Kit'
[2019.11.11-02.56.02:030][895]LogBlueprintUserMessages: Early EndPlayMap Detection: Level '/Game/Maps/Teleport_Kit.Teleport_Kit:PersistentLevel' has LevelScriptBlueprint '/Game/Maps/Teleport_Kit.Teleport_Kit:PersistentLevel.Teleport_Kit' with GeneratedClass '/Game/Maps/Teleport_Kit.Teleport_Kit_C' with ClassGeneratedBy '/Game/Maps/Teleport_Kit.Teleport_Kit:PersistentLevel.Teleport_Kit'
[2019.11.11-02.56.02:032][895]LogSlate: Updating window title bar state: overlay mode, drag disabled, window buttons hidden, title bar hidden
[2019.11.11-02.56.02:080][895]LogSlate: Window 'Mechanics_Sandbox Game Preview Standalone (64-bit/PCD3D_SM5)' being destroyed
[2019.11.11-02.56.02:149][895]LogPlayLevel: Display: Shutting down PIE online subsystems
[2019.11.11-02.56.02:149][895]LogBlueprintUserMessages: Late EndPlayMap Detection: Level '/Game/FirstPersonBP/Maps/FirstPersonExampleMap.FirstPersonExampleMap:PersistentLevel' has LevelScriptBlueprint '/Game/FirstPersonBP/Maps/FirstPersonExampleMap.FirstPersonExampleMap:PersistentLevel.FirstPersonExampleMap' with GeneratedClass '/Game/FirstPersonBP/Maps/FirstPersonExampleMap.FirstPersonExampleMap_C' with ClassGeneratedBy '/Game/FirstPersonBP/Maps/FirstPersonExampleMap.FirstPersonExampleMap:PersistentLevel.FirstPersonExampleMap'
[2019.11.11-02.56.02:151][895]LogBlueprintUserMessages: Late EndPlayMap Detection: Level '/Game/Maps/Door_Kit.Door_Kit:PersistentLevel' has LevelScriptBlueprint '/Game/Maps/Door_Kit.Door_Kit:PersistentLevel.Door_Kit' with GeneratedClass '/Game/Maps/Door_Kit.Door_Kit_C' with ClassGeneratedBy '/Game/Maps/Door_Kit.Door_Kit:PersistentLevel.Door_Kit'
[2019.11.11-02.56.02:152][895]LogBlueprintUserMessages: Late EndPlayMap Detection: Level '/Game/Maps/Turret_Kit.Turret_Kit:PersistentLevel' has LevelScriptBlueprint '/Game/Maps/Turret_Kit.Turret_Kit:PersistentLevel.Turret_Kit' with GeneratedClass '/Game/Maps/Turret_Kit.Turret_Kit_C' with ClassGeneratedBy '/Game/Maps/Turret_Kit.Turret_Kit:PersistentLevel.Turret_Kit'
[2019.11.11-02.56.02:154][895]LogBlueprintUserMessages: Late EndPlayMap Detection: Level '/Game/Maps/Laser_Kit.Laser_Kit:PersistentLevel' has LevelScriptBlueprint '/Game/Maps/Laser_Kit.Laser_Kit:PersistentLevel.Laser_Kit' with GeneratedClass '/Game/Maps/Laser_Kit.Laser_Kit_C' with ClassGeneratedBy '/Game/Maps/Laser_Kit.Laser_Kit:PersistentLevel.Laser_Kit'
[2019.11.11-02.56.02:155][895]LogBlueprintUserMessages: Late EndPlayMap Detection: Level '/Game/Maps/Camera_Kit.Camera_Kit:PersistentLevel' has LevelScriptBlueprint '/Game/Maps/Camera_Kit.Camera_Kit:PersistentLevel.Camera_Kit' with GeneratedClass '/Game/Maps/Camera_Kit.Camera_Kit_C' with ClassGeneratedBy '/Game/Maps/Camera_Kit.Camera_Kit:PersistentLevel.Camera_Kit'
[2019.11.11-02.56.02:156][895]LogBlueprintUserMessages: Late EndPlayMap Detection: Level '/Game/Maps/Explosive_Kit.Explosive_Kit:PersistentLevel' has LevelScriptBlueprint '/Game/Maps/Explosive_Kit.Explosive_Kit:PersistentLevel.Explosive_Kit' with GeneratedClass '/Game/Maps/Explosive_Kit.Explosive_Kit_C' with ClassGeneratedBy '/Game/Maps/Explosive_Kit.Explosive_Kit:PersistentLevel.Explosive_Kit'
[2019.11.11-02.56.02:157][895]LogBlueprintUserMessages: Late EndPlayMap Detection: Level '/Game/Maps/Teleport_Kit.Teleport_Kit:PersistentLevel' has LevelScriptBlueprint '/Game/Maps/Teleport_Kit.Teleport_Kit:PersistentLevel.Teleport_Kit' with GeneratedClass '/Game/Maps/Teleport_Kit.Teleport_Kit_C' with ClassGeneratedBy '/Game/Maps/Teleport_Kit.Teleport_Kit:PersistentLevel.Teleport_Kit'
[2019.11.11-02.56.02:291][895]LogUObjectHash: Compacting FUObjectHashTables data took  10.03ms
[2019.11.11-02.56.02:404][896]LogPlayLevel: Display: Destroying online subsystem :Context_25
[2019.11.11-02.56.04:599][960]LogSlate: FSceneViewport::OnFocusLost() reason 0
[2019.11.11-02.56.30:560][ 89]LogUObjectHash: Compacting FUObjectHashTables data took   3.44ms
[2019.11.11-02.56.31:797][ 89]LogSavePackage: Moving 'C:/Users/danny/Desktop/Systems_Sandbox/Mechanics_Sandbox/Saved/FirstPersonExampleMap_Auto4605D4C5F46032F3B90DDB7A3ED79D563.tmp' to 'C:/Users/danny/Desktop/Systems_Sandbox/Mechanics_Sandbox/Saved/Autosaves/Game/FirstPersonBP/Maps/FirstPersonExampleMap_Auto4.umap'
[2019.11.11-02.56.31:867][ 89]LogSpawn: Warning: UWorld::DestroyActor: World has no context! World: Turret_Kit, Actor: /Game/Maps/Turret_Kit.Turret_Kit:PersistentLevel.REINST_Turret_Kit_C_0
[2019.11.11-02.56.32:466][ 89]LogSavePackage: Moving 'C:/Users/danny/Desktop/Systems_Sandbox/Mechanics_Sandbox/Saved/Turret_Kit_Auto408F1C63D4181836155B0B2B02862C561.tmp' to 'C:/Users/danny/Desktop/Systems_Sandbox/Mechanics_Sandbox/Saved/Autosaves/Game/Maps/Turret_Kit_Auto4.umap'
[2019.11.11-02.56.32:514][ 89]LogSpawn: Warning: UWorld::DestroyActor: World has no context! World: Explosive_Kit, Actor: /Game/Maps/Explosive_Kit.Explosive_Kit:PersistentLevel.REINST_Explosive_Kit_C_0
[2019.11.11-02.56.33:055][ 89]LogSavePackage: Moving 'C:/Users/danny/Desktop/Systems_Sandbox/Mechanics_Sandbox/Saved/Explosive_Kit_Auto4B447B7B947271A599B452EA6D232EB57.tmp' to 'C:/Users/danny/Desktop/Systems_Sandbox/Mechanics_Sandbox/Saved/Autosaves/Game/Maps/Explosive_Kit_Auto4.umap'
[2019.11.11-02.56.33:109][ 89]LogSpawn: Warning: UWorld::DestroyActor: World has no context! World: Teleport_Kit, Actor: /Game/Maps/Teleport_Kit.Teleport_Kit:PersistentLevel.REINST_Teleport_Kit_C_2
[2019.11.11-02.56.33:757][ 89]LogSavePackage: Moving 'C:/Users/danny/Desktop/Systems_Sandbox/Mechanics_Sandbox/Saved/Teleport_Kit_Auto40F7B97ED4125D0429117C49FE1B9F6FB.tmp' to 'C:/Users/danny/Desktop/Systems_Sandbox/Mechanics_Sandbox/Saved/Autosaves/Game/Maps/Teleport_Kit_Auto4.umap'
[2019.11.11-02.56.33:765][ 89]LogFileHelpers: Editor autosave (incl. sublevels) for '/Game/FirstPersonBP/Maps/FirstPersonExampleMap' took 3.333
[2019.11.11-02.56.33:766][ 89]LogFileHelpers: Editor autosave (incl. sublevels) for all levels took 3.333
[2019.11.11-03.04.54:184][689]LogSlate: FSceneViewport::OnFocusLost() reason 0
[2019.11.11-03.05.14:920][403]BlueprintLog: New page: Compile FirstPersonExampleMap
[2019.11.11-03.05.15:528][403]LogUObjectHash: Compacting FUObjectHashTables data took   8.42ms
[2019.11.11-03.05.17:557][463]LogSlate: Took 0.024122 seconds to synchronously load lazily loaded font '../../../Engine/Content/Slate/Fonts/Roboto-BoldCondensedItalic.ttf' (160K)
[2019.11.11-03.06.46:561][419]LogUObjectHash: Compacting FUObjectHashTables data took   8.01ms
[2019.11.11-03.06.46:612][419]LogClass: Warning: Type mismatch in Door_Kit_Name of FirstPersonExampleMap_C - Previous (BoolProperty) Current(StrProperty) for package:  FObjectReader
[2019.11.11-03.06.47:560][419]LogSavePackage: Moving 'C:/Users/danny/Desktop/Systems_Sandbox/Mechanics_Sandbox/Saved/FirstPersonExampleMap_Auto5987570EC41EED0F9347EA4BA87A3D542.tmp' to 'C:/Users/danny/Desktop/Systems_Sandbox/Mechanics_Sandbox/Saved/Autosaves/Game/FirstPersonBP/Maps/FirstPersonExampleMap_Auto5.umap'
[2019.11.11-03.06.47:582][419]LogFileHelpers: Editor autosave (incl. sublevels) for '/Game/FirstPersonBP/Maps/FirstPersonExampleMap' took 1.126
[2019.11.11-03.06.47:583][419]LogFileHelpers: Editor autosave (incl. sublevels) for all levels took 1.126
[2019.11.11-03.07.09:277][804]BlueprintLog: New page: Compile FirstPersonExampleMap
[2019.11.11-03.07.09:940][804]LogUObjectHash: Compacting FUObjectHashTables data took  14.00ms
[2019.11.11-03.14.02:249][254]LogEditorViewport: Clicking on Actor (LMB): StaticMeshActor (Floor)
[2019.11.11-03.14.03:519][288]LogEditorViewport: Clicking on Actor (LMB): StaticMeshActor (Floor)
[2019.11.11-03.14.04:359][313]LogEditorViewport: Clicking on Actor (LMB): StaticMeshActor (Floor)
[2019.11.11-03.14.04:982][331]LogEditorViewport: Clicking on Actor (LMB): StaticMeshActor (Floor)
[2019.11.11-03.14.05:544][347]LogEditorViewport: Clicking on Actor (LMB): StaticMeshActor (Floor)
[2019.11.11-03.14.06:209][366]LogEditorViewport: Clicking on Actor (LMB): TriggerBox (Kit_Door)
[2019.11.11-03.14.09:101][442]LogSlate: FSceneViewport::OnFocusLost() reason 0
[2019.11.11-03.14.36:936][262]LogEditorActor: Deleted Actor: TriggerBox
[2019.11.11-03.14.36:938][262]LogEditorActor: Deleted Actor: TriggerBox
[2019.11.11-03.14.36:941][262]LogEditorActor: Deleted Actor: TriggerBox
[2019.11.11-03.14.36:943][262]LogEditorActor: Deleted Actor: TriggerBox
[2019.11.11-03.14.36:946][262]LogEditorActor: Deleted Actor: TriggerBox
[2019.11.11-03.14.36:948][262]LogEditorActor: Deleted Actor: TriggerBox
[2019.11.11-03.14.37:073][262]LogUObjectHash: Compacting FUObjectHashTables data took  12.90ms
[2019.11.11-03.14.37:074][262]LogEditorActor: Deleted 6 Actors (0.140 secs)
[2019.11.11-03.14.40:215][348]BlueprintLog: New page: Compile FirstPersonExampleMap
[2019.11.11-03.14.40:823][348]LogUObjectHash: Compacting FUObjectHashTables data took  11.02ms
[2019.11.11-03.14.43:487][419]LogEditorViewport: Clicking on Actor (LMB): StaticMeshActor (Floor)
[2019.11.11-03.14.44:789][450]LogSlate: FSceneViewport::OnFocusLost() reason 0
[2019.11.11-03.15.37:330][823]LogSlate: Window 'Change Variable Type' being destroyed
[2019.11.11-03.15.37:365][823]LogSlate: FSceneViewport::OnFocusLost() reason 2
[2019.11.11-03.15.44:467][  1]BlueprintLog: New page: Compile FirstPersonExampleMap
[2019.11.11-03.15.45:111][  1]LogUObjectHash: Compacting FUObjectHashTables data took   9.75ms
[2019.11.11-03.16.58:073][198]BlueprintLog: New page: Compile FirstPersonExampleMap
[2019.11.11-03.16.58:708][198]LogUObjectHash: Compacting FUObjectHashTables data took  11.98ms
[2019.11.11-03.20.23:377][232]BlueprintLog: New page: Compile FirstPersonExampleMap
[2019.11.11-03.20.24:024][232]LogUObjectHash: Compacting FUObjectHashTables data took  11.95ms
[2019.11.11-03.22.41:192][238]BlueprintLog: New page: Compile FirstPersonExampleMap
[2019.11.11-03.22.41:883][238]LogUObjectHash: Compacting FUObjectHashTables data took  10.51ms
[2019.11.11-03.23.29:782][637]BlueprintLog: New page: Compile FirstPersonExampleMap
[2019.11.11-03.23.30:405][637]LogUObjectHash: Compacting FUObjectHashTables data took   9.82ms
[2019.11.11-03.23.31:049][648]LogUObjectHash: Compacting FUObjectHashTables data took   9.76ms
[2019.11.11-03.23.31:197][648]LogUObjectHash: Compacting FUObjectHashTables data took   4.01ms
[2019.11.11-03.23.32:116][648]LogSavePackage: Moving 'C:/Users/danny/Desktop/Systems_Sandbox/Mechanics_Sandbox/Saved/FirstPersonExampleMap01A56CE8431BC8E2E33B849C68A3E1BF.tmp' to 'C:/Users/danny/Desktop/Systems_Sandbox/Mechanics_Sandbox/Content/FirstPersonBP/Maps/FirstPersonExampleMap.umap'
[2019.11.11-03.23.32:273][648]LogFileHelpers: Saving map 'FirstPersonExampleMap' took 1.183
[2019.11.11-03.23.32:295][648]Cmd: OBJ SAVEPACKAGE PACKAGE="/Game/Maps/Turret_Kit" FILE="C:/Users/danny/Desktop/Systems_Sandbox/Mechanics_Sandbox/Content/Maps/Turret_Kit.umap" SILENT=true AUTOSAVING=false KEEPDIRTY=false
[2019.11.11-03.23.32:412][648]LogUObjectHash: Compacting FUObjectHashTables data took  10.53ms
[2019.11.11-03.23.32:453][648]LogSpawn: Warning: UWorld::DestroyActor: World has no context! World: Turret_Kit, Actor: /Game/Maps/Turret_Kit.Turret_Kit:PersistentLevel.REINST_Turret_Kit_C_0
[2019.11.11-03.23.33:002][648]LogSavePackage: Moving 'C:/Users/danny/Desktop/Systems_Sandbox/Mechanics_Sandbox/Saved/Turret_Kit4336B287442A108C2D8C10B495B52CB0.tmp' to 'C:/Users/danny/Desktop/Systems_Sandbox/Mechanics_Sandbox/Content/Maps/Turret_Kit.umap'
[2019.11.11-03.23.33:023][648]LogFileHelpers: Saving map 'Turret_Kit' took 0.729
[2019.11.11-03.23.33:036][648]Cmd: OBJ SAVEPACKAGE PACKAGE="/Game/Maps/Explosive_Kit" FILE="C:/Users/danny/Desktop/Systems_Sandbox/Mechanics_Sandbox/Content/Maps/Explosive_Kit.umap" SILENT=true AUTOSAVING=false KEEPDIRTY=false
[2019.11.11-03.23.33:148][648]LogUObjectHash: Compacting FUObjectHashTables data took  12.52ms
[2019.11.11-03.23.33:187][648]LogSpawn: Warning: UWorld::DestroyActor: World has no context! World: Explosive_Kit, Actor: /Game/Maps/Explosive_Kit.Explosive_Kit:PersistentLevel.REINST_Explosive_Kit_C_0
[2019.11.11-03.23.33:869][648]LogSavePackage: Moving 'C:/Users/danny/Desktop/Systems_Sandbox/Mechanics_Sandbox/Saved/Explosive_KitBE1AD3BF4682B04212B48985357B86F6.tmp' to 'C:/Users/danny/Desktop/Systems_Sandbox/Mechanics_Sandbox/Content/Maps/Explosive_Kit.umap'
[2019.11.11-03.23.33:893][648]LogFileHelpers: Saving map 'Explosive_Kit' took 0.858
[2019.11.11-03.23.33:908][648]Cmd: OBJ SAVEPACKAGE PACKAGE="/Game/Maps/Teleport_Kit" FILE="C:/Users/danny/Desktop/Systems_Sandbox/Mechanics_Sandbox/Content/Maps/Teleport_Kit.umap" SILENT=true AUTOSAVING=false KEEPDIRTY=false
[2019.11.11-03.23.34:043][648]LogUObjectHash: Compacting FUObjectHashTables data took   8.95ms
[2019.11.11-03.23.34:083][648]LogSpawn: Warning: UWorld::DestroyActor: World has no context! World: Teleport_Kit, Actor: /Game/Maps/Teleport_Kit.Teleport_Kit:PersistentLevel.REINST_Teleport_Kit_C_0
[2019.11.11-03.23.34:633][648]LogSavePackage: Moving 'C:/Users/danny/Desktop/Systems_Sandbox/Mechanics_Sandbox/Saved/Teleport_Kit5B77692942E9BBBD5BABB4B47F23468A.tmp' to 'C:/Users/danny/Desktop/Systems_Sandbox/Mechanics_Sandbox/Content/Maps/Teleport_Kit.umap'
[2019.11.11-03.23.34:644][648]LogFileHelpers: Saving map 'Teleport_Kit' took 0.737
[2019.11.11-03.23.35:199][657]LogTemp: Repeating last play command: New Editor Window (PIE)
[2019.11.11-03.23.35:269][657]LogBlueprintUserMessages: Early PlayInEditor Detection: Level '/Game/FirstPersonBP/Maps/FirstPersonExampleMap.FirstPersonExampleMap:PersistentLevel' has LevelScriptBlueprint '/Game/FirstPersonBP/Maps/FirstPersonExampleMap.FirstPersonExampleMap:PersistentLevel.FirstPersonExampleMap' with GeneratedClass '/Game/FirstPersonBP/Maps/FirstPersonExampleMap.FirstPersonExampleMap_C' with ClassGeneratedBy '/Game/FirstPersonBP/Maps/FirstPersonExampleMap.FirstPersonExampleMap:PersistentLevel.FirstPersonExampleMap'
[2019.11.11-03.23.35:270][657]LogBlueprintUserMessages: Early PlayInEditor Detection: Level '/Game/Maps/Door_Kit.Door_Kit:PersistentLevel' has LevelScriptBlueprint '/Game/Maps/Door_Kit.Door_Kit:PersistentLevel.Door_Kit' with GeneratedClass '/Game/Maps/Door_Kit.Door_Kit_C' with ClassGeneratedBy '/Game/Maps/Door_Kit.Door_Kit:PersistentLevel.Door_Kit'
[2019.11.11-03.23.35:271][657]LogBlueprintUserMessages: Early PlayInEditor Detection: Level '/Game/Maps/Turret_Kit.Turret_Kit:PersistentLevel' has LevelScriptBlueprint '/Game/Maps/Turret_Kit.Turret_Kit:PersistentLevel.Turret_Kit' with GeneratedClass '/Game/Maps/Turret_Kit.Turret_Kit_C' with ClassGeneratedBy '/Game/Maps/Turret_Kit.Turret_Kit:PersistentLevel.Turret_Kit'
[2019.11.11-03.23.35:272][657]LogBlueprintUserMessages: Early PlayInEditor Detection: Level '/Game/Maps/Laser_Kit.Laser_Kit:PersistentLevel' has LevelScriptBlueprint '/Game/Maps/Laser_Kit.Laser_Kit:PersistentLevel.Laser_Kit' with GeneratedClass '/Game/Maps/Laser_Kit.Laser_Kit_C' with ClassGeneratedBy '/Game/Maps/Laser_Kit.Laser_Kit:PersistentLevel.Laser_Kit'
[2019.11.11-03.23.35:273][657]LogBlueprintUserMessages: Early PlayInEditor Detection: Level '/Game/Maps/Camera_Kit.Camera_Kit:PersistentLevel' has LevelScriptBlueprint '/Game/Maps/Camera_Kit.Camera_Kit:PersistentLevel.Camera_Kit' with GeneratedClass '/Game/Maps/Camera_Kit.Camera_Kit_C' with ClassGeneratedBy '/Game/Maps/Camera_Kit.Camera_Kit:PersistentLevel.Camera_Kit'
[2019.11.11-03.23.35:274][657]LogBlueprintUserMessages: Early PlayInEditor Detection: Level '/Game/Maps/Explosive_Kit.Explosive_Kit:PersistentLevel' has LevelScriptBlueprint '/Game/Maps/Explosive_Kit.Explosive_Kit:PersistentLevel.Explosive_Kit' with GeneratedClass '/Game/Maps/Explosive_Kit.Explosive_Kit_C' with ClassGeneratedBy '/Game/Maps/Explosive_Kit.Explosive_Kit:PersistentLevel.Explosive_Kit'
[2019.11.11-03.23.35:276][657]LogBlueprintUserMessages: Early PlayInEditor Detection: Level '/Game/Maps/Teleport_Kit.Teleport_Kit:PersistentLevel' has LevelScriptBlueprint '/Game/Maps/Teleport_Kit.Teleport_Kit:PersistentLevel.Teleport_Kit' with GeneratedClass '/Game/Maps/Teleport_Kit.Teleport_Kit_C' with ClassGeneratedBy '/Game/Maps/Teleport_Kit.Teleport_Kit:PersistentLevel.Teleport_Kit'
[2019.11.11-03.23.35:277][657]LogPlayLevel: PlayLevel: No blueprints needed recompiling
[2019.11.11-03.23.35:277][657]PIE: New page: PIE session: FirstPersonExampleMap (Nov 10, 2019, 11:23:35 AM)
[2019.11.11-03.23.35:278][657]LogPlayLevel: Creating play world package: /Game/FirstPersonBP/Maps/UEDPIE_0_FirstPersonExampleMap
[2019.11.11-03.23.35:314][657]LogPlayLevel: PIE: StaticDuplicateObject took: (0.036005s)
[2019.11.11-03.23.35:316][657]LogAIModule: Creating AISystem for world FirstPersonExampleMap
[2019.11.11-03.23.35:317][657]LogPlayLevel: PIE: World Init took: (0.002814s)
[2019.11.11-03.23.35:318][657]LogPlayLevel: PIE: Created PIE world by copying editor world from /Game/FirstPersonBP/Maps/FirstPersonExampleMap.FirstPersonExampleMap to /Game/FirstPersonBP/Maps/UEDPIE_0_FirstPersonExampleMap.FirstPersonExampleMap (0.040463s)
[2019.11.11-03.23.35:483][657]LogUObjectHash: Compacting FUObjectHashTables data took  10.99ms
[2019.11.11-03.23.35:584][657]LogInit: XAudio2 using 'Headset Earphone (SteelSeries Arctis 5 Chat)' : 2 channels at 48 kHz using 16 bits per sample (channel mask 0x3)
[2019.11.11-03.23.35:636][657]LogInit: FAudioDevice initialized.
[2019.11.11-03.23.35:660][657]LogSlate: Updating window title bar state: overlay mode, drag disabled, window buttons hidden, title bar hidden
[2019.11.11-03.23.35:704][657]LogLoad: Game class is 'FirstPersonGameMode_C'
[2019.11.11-03.23.35:714][657]LogWorld: Bringing World /Game/FirstPersonBP/Maps/UEDPIE_0_FirstPersonExampleMap.FirstPersonExampleMap up for play (max tick rate 60) at 2019.11.10-19.23.35
[2019.11.11-03.23.35:997][657]LogWorld: Bringing up level for play took: 0.290270
[2019.11.11-03.23.36:035][657]PIE: Play in editor start time for /Game/FirstPersonBP/Maps/UEDPIE_0_FirstPersonExampleMap 1.325
[2019.11.11-03.23.36:037][657]LogBlueprintUserMessages: Late PlayInEditor Detection: Level '/Game/FirstPersonBP/Maps/FirstPersonExampleMap.FirstPersonExampleMap:PersistentLevel' has LevelScriptBlueprint '/Game/FirstPersonBP/Maps/FirstPersonExampleMap.FirstPersonExampleMap:PersistentLevel.FirstPersonExampleMap' with GeneratedClass '/Game/FirstPersonBP/Maps/FirstPersonExampleMap.FirstPersonExampleMap_C' with ClassGeneratedBy '/Game/FirstPersonBP/Maps/FirstPersonExampleMap.FirstPersonExampleMap:PersistentLevel.FirstPersonExampleMap'
[2019.11.11-03.23.36:039][657]LogBlueprintUserMessages: Late PlayInEditor Detection: Level '/Game/Maps/Door_Kit.Door_Kit:PersistentLevel' has LevelScriptBlueprint '/Game/Maps/Door_Kit.Door_Kit:PersistentLevel.Door_Kit' with GeneratedClass '/Game/Maps/Door_Kit.Door_Kit_C' with ClassGeneratedBy '/Game/Maps/Door_Kit.Door_Kit:PersistentLevel.Door_Kit'
[2019.11.11-03.23.36:041][657]LogBlueprintUserMessages: Late PlayInEditor Detection: Level '/Game/Maps/Turret_Kit.Turret_Kit:PersistentLevel' has LevelScriptBlueprint '/Game/Maps/Turret_Kit.Turret_Kit:PersistentLevel.Turret_Kit' with GeneratedClass '/Game/Maps/Turret_Kit.Turret_Kit_C' with ClassGeneratedBy '/Game/Maps/Turret_Kit.Turret_Kit:PersistentLevel.Turret_Kit'
[2019.11.11-03.23.36:042][657]LogBlueprintUserMessages: Late PlayInEditor Detection: Level '/Game/Maps/Laser_Kit.Laser_Kit:PersistentLevel' has LevelScriptBlueprint '/Game/Maps/Laser_Kit.Laser_Kit:PersistentLevel.Laser_Kit' with GeneratedClass '/Game/Maps/Laser_Kit.Laser_Kit_C' with ClassGeneratedBy '/Game/Maps/Laser_Kit.Laser_Kit:PersistentLevel.Laser_Kit'
[2019.11.11-03.23.36:043][657]LogBlueprintUserMessages: Late PlayInEditor Detection: Level '/Game/Maps/Camera_Kit.Camera_Kit:PersistentLevel' has LevelScriptBlueprint '/Game/Maps/Camera_Kit.Camera_Kit:PersistentLevel.Camera_Kit' with GeneratedClass '/Game/Maps/Camera_Kit.Camera_Kit_C' with ClassGeneratedBy '/Game/Maps/Camera_Kit.Camera_Kit:PersistentLevel.Camera_Kit'
[2019.11.11-03.23.36:045][657]LogBlueprintUserMessages: Late PlayInEditor Detection: Level '/Game/Maps/Explosive_Kit.Explosive_Kit:PersistentLevel' has LevelScriptBlueprint '/Game/Maps/Explosive_Kit.Explosive_Kit:PersistentLevel.Explosive_Kit' with GeneratedClass '/Game/Maps/Explosive_Kit.Explosive_Kit_C' with ClassGeneratedBy '/Game/Maps/Explosive_Kit.Explosive_Kit:PersistentLevel.Explosive_Kit'
[2019.11.11-03.23.36:047][657]LogBlueprintUserMessages: Late PlayInEditor Detection: Level '/Game/Maps/Teleport_Kit.Teleport_Kit:PersistentLevel' has LevelScriptBlueprint '/Game/Maps/Teleport_Kit.Teleport_Kit:PersistentLevel.Teleport_Kit' with GeneratedClass '/Game/Maps/Teleport_Kit.Teleport_Kit_C' with ClassGeneratedBy '/Game/Maps/Teleport_Kit.Teleport_Kit:PersistentLevel.Teleport_Kit'
[2019.11.11-03.23.39:303][731]LogLevel: ActivateLevel /Game/Maps/UEDPIE_0_Explosive_Kit 0 0 0
[2019.11.11-03.23.39:832][737]LogLevel: ActivateLevel /Game/Maps/UEDPIE_0_Door_Kit 1 1 0
[2019.11.11-03.23.41:714][785]LogLevel: ActivateLevel /Game/Maps/UEDPIE_0_Door_Kit 0 0 0
[2019.11.11-03.23.41:717][785]LogLevel: ActivateLevel /Game/Maps/UEDPIE_0_Camera_Kit 0 0 0
[2019.11.11-03.23.41:717][785]LogLevel: ActivateLevel /Game/Maps/UEDPIE_0_Teleport_Kit 0 0 0
[2019.11.11-03.23.41:900][786]LogUObjectHash: Compacting FUObjectHashTables data took   2.17ms
[2019.11.11-03.23.42:520][804]LogLevel: ActivateLevel /Game/Maps/UEDPIE_0_Turret_Kit 1 1 0
[2019.11.11-03.23.42:860][805]LogStreaming: Display: UWorld::AddToWorld: routing Initialize on actors for /Game/Maps/UEDPIE_0_Turret_Kit took (less than) 286.66 ms
[2019.11.11-03.23.45:095][865]LogLevel: ActivateLevel /Game/Maps/UEDPIE_0_Turret_Kit 0 0 0
[2019.11.11-03.23.45:100][865]LogLevel: ActivateLevel /Game/Maps/UEDPIE_0_Teleport_Kit 0 0 0
[2019.11.11-03.23.45:264][866]LogUObjectHash: Compacting FUObjectHashTables data took   2.15ms
[2019.11.11-03.23.45:265][866]LogLevel: ActivateLevel /Game/Maps/UEDPIE_0_Camera_Kit 1 1 0
[2019.11.11-03.23.47:121][916]LogLevel: ActivateLevel /Game/Maps/UEDPIE_0_Door_Kit 1 1 0
[2019.11.11-03.23.48:215][943]LogLevel: ActivateLevel /Game/Maps/UEDPIE_0_Teleport_Kit 0 0 0
[2019.11.11-03.23.48:615][954]LogLevel: ActivateLevel /Game/Maps/UEDPIE_0_Door_Kit 0 0 0
[2019.11.11-03.23.48:619][954]LogLevel: ActivateLevel /Game/Maps/UEDPIE_0_Camera_Kit 0 0 0
[2019.11.11-03.23.48:619][954]LogLevel: ActivateLevel /Game/Maps/UEDPIE_0_Teleport_Kit 0 0 0
[2019.11.11-03.23.48:799][955]LogUObjectHash: Compacting FUObjectHashTables data took   7.03ms
[2019.11.11-03.23.48:802][955]LogLevel: ActivateLevel /Game/Maps/UEDPIE_0_Laser_Kit 0 0 0
[2019.11.11-03.23.48:990][956]LogUObjectHash: Compacting FUObjectHashTables data took   1.75ms
[2019.11.11-03.23.49:135][960]LogLevel: ActivateLevel /Game/Maps/UEDPIE_0_Turret_Kit 1 1 0
[2019.11.11-03.23.51:694][ 25]LogLevel: ActivateLevel /Game/Maps/UEDPIE_0_Laser_Kit 1 1 0
[2019.11.11-03.23.51:742][ 26]LogLevel: ActivateLevel /Game/Maps/UEDPIE_0_Turret_Kit 0 0 0
[2019.11.11-03.23.52:107][ 27]LogLevel: ActivateLevel /Game/Maps/UEDPIE_0_Teleport_Kit 0 0 0
[2019.11.11-03.23.52:300][ 28]LogUObjectHash: Compacting FUObjectHashTables data took   7.33ms
[2019.11.11-03.23.56:547][129]LogLevel: ActivateLevel /Game/Maps/UEDPIE_0_Camera_Kit 0 0 0
[2019.11.11-03.23.58:888][187]LogLevel: ActivateLevel /Game/Maps/UEDPIE_0_Camera_Kit 1 1 0
[2019.11.11-03.24.00:015][208]LogLevel: ActivateLevel /Game/Maps/UEDPIE_0_Laser_Kit 0 0 0
[2019.11.11-03.24.00:020][208]LogLevel: ActivateLevel /Game/Maps/UEDPIE_0_Camera_Kit 0 0 0
[2019.11.11-03.24.00:204][209]LogUObjectHash: Compacting FUObjectHashTables data took   9.09ms
[2019.11.11-03.24.00:209][209]LogLevel: ActivateLevel /Game/Maps/UEDPIE_0_Laser_Kit 0 0 0
[2019.11.11-03.24.00:385][210]LogUObjectHash: Compacting FUObjectHashTables data took   3.89ms
[2019.11.11-03.24.00:389][210]LogLevel: ActivateLevel /Game/Maps/UEDPIE_0_Door_Kit 1 1 0
[2019.11.11-03.24.01:090][226]LogLevel: ActivateLevel /Game/Maps/UEDPIE_0_Teleport_Kit 1 1 0
[2019.11.11-03.24.01:608][239]LogLevel: ActivateLevel /Game/Maps/UEDPIE_0_Camera_Kit 0 0 0
[2019.11.11-03.24.02:138][253]LogLevel: ActivateLevel /Game/Maps/UEDPIE_0_Door_Kit 0 0 0
[2019.11.11-03.24.02:141][253]LogLevel: ActivateLevel /Game/Maps/UEDPIE_0_Camera_Kit 0 0 0
[2019.11.11-03.24.02:142][253]LogLevel: ActivateLevel /Game/Maps/UEDPIE_0_Teleport_Kit 0 0 0
[2019.11.11-03.24.02:328][254]LogUObjectHash: Compacting FUObjectHashTables data took   6.57ms
[2019.11.11-03.24.02:519][255]LogUObjectHash: Compacting FUObjectHashTables data took   4.92ms
[2019.11.11-03.24.04:601][312]LogLevel: ActivateLevel /Game/Maps/UEDPIE_0_Explosive_Kit 1 1 0
[2019.11.11-03.24.05:644][337]LogLevel: ActivateLevel /Game/Maps/UEDPIE_0_Turret_Kit 1 1 0
[2019.11.11-03.24.05:695][338]LogLevel: ActivateLevel /Game/Maps/UEDPIE_0_Explosive_Kit 0 0 0
[2019.11.11-03.24.05:701][338]LogLevel: ActivateLevel /Game/Maps/UEDPIE_0_Teleport_Kit 0 0 0
[2019.11.11-03.24.05:894][339]LogUObjectHash: Compacting FUObjectHashTables data took   6.86ms
[2019.11.11-03.24.06:157][346]LogLevel: ActivateLevel /Game/Maps/UEDPIE_0_Turret_Kit 0 0 0
[2019.11.11-03.24.06:160][346]LogLevel: ActivateLevel /Game/Maps/UEDPIE_0_Teleport_Kit 0 0 0
[2019.11.11-03.24.06:342][347]LogUObjectHash: Compacting FUObjectHashTables data took   2.22ms
[2019.11.11-03.24.06:730][357]LogLevel: ActivateLevel /Game/Maps/UEDPIE_0_Camera_Kit 1 1 0
[2019.11.11-03.24.06:774][358]LogLevel: ActivateLevel /Game/Maps/UEDPIE_0_Door_Kit 1 1 0
[2019.11.11-03.24.07:838][386]LogLevel: ActivateLevel /Game/Maps/UEDPIE_0_Camera_Kit 0 0 0
[2019.11.11-03.24.07:841][386]LogLevel: ActivateLevel /Game/Maps/UEDPIE_0_Laser_Kit 0 0 0
[2019.11.11-03.24.08:022][387]LogUObjectHash: Compacting FUObjectHashTables data took   7.44ms
[2019.11.11-03.24.08:093][389]LogLevel: ActivateLevel /Game/Maps/UEDPIE_0_Door_Kit 0 0 0
[2019.11.11-03.24.08:096][389]LogLevel: ActivateLevel /Game/Maps/UEDPIE_0_Camera_Kit 0 0 0
[2019.11.11-03.24.08:097][389]LogLevel: ActivateLevel /Game/Maps/UEDPIE_0_Teleport_Kit 0 0 0
[2019.11.11-03.24.08:275][390]LogUObjectHash: Compacting FUObjectHashTables data took   1.91ms
[2019.11.11-03.24.09:997][441]LogBlueprintUserMessages: Early EndPlayMap Detection: Level '/Game/FirstPersonBP/Maps/FirstPersonExampleMap.FirstPersonExampleMap:PersistentLevel' has LevelScriptBlueprint '/Game/FirstPersonBP/Maps/FirstPersonExampleMap.FirstPersonExampleMap:PersistentLevel.FirstPersonExampleMap' with GeneratedClass '/Game/FirstPersonBP/Maps/FirstPersonExampleMap.FirstPersonExampleMap_C' with ClassGeneratedBy '/Game/FirstPersonBP/Maps/FirstPersonExampleMap.FirstPersonExampleMap:PersistentLevel.FirstPersonExampleMap'
[2019.11.11-03.24.09:999][441]LogBlueprintUserMessages: Early EndPlayMap Detection: Level '/Game/Maps/Door_Kit.Door_Kit:PersistentLevel' has LevelScriptBlueprint '/Game/Maps/Door_Kit.Door_Kit:PersistentLevel.Door_Kit' with GeneratedClass '/Game/Maps/Door_Kit.Door_Kit_C' with ClassGeneratedBy '/Game/Maps/Door_Kit.Door_Kit:PersistentLevel.Door_Kit'
[2019.11.11-03.24.10:000][441]LogBlueprintUserMessages: Early EndPlayMap Detection: Level '/Game/Maps/Turret_Kit.Turret_Kit:PersistentLevel' has LevelScriptBlueprint '/Game/Maps/Turret_Kit.Turret_Kit:PersistentLevel.Turret_Kit' with GeneratedClass '/Game/Maps/Turret_Kit.Turret_Kit_C' with ClassGeneratedBy '/Game/Maps/Turret_Kit.Turret_Kit:PersistentLevel.Turret_Kit'
[2019.11.11-03.24.10:002][441]LogBlueprintUserMessages: Early EndPlayMap Detection: Level '/Game/Maps/Laser_Kit.Laser_Kit:PersistentLevel' has LevelScriptBlueprint '/Game/Maps/Laser_Kit.Laser_Kit:PersistentLevel.Laser_Kit' with GeneratedClass '/Game/Maps/Laser_Kit.Laser_Kit_C' with ClassGeneratedBy '/Game/Maps/Laser_Kit.Laser_Kit:PersistentLevel.Laser_Kit'
[2019.11.11-03.24.10:003][441]LogBlueprintUserMessages: Early EndPlayMap Detection: Level '/Game/Maps/Camera_Kit.Camera_Kit:PersistentLevel' has LevelScriptBlueprint '/Game/Maps/Camera_Kit.Camera_Kit:PersistentLevel.Camera_Kit' with GeneratedClass '/Game/Maps/Camera_Kit.Camera_Kit_C' with ClassGeneratedBy '/Game/Maps/Camera_Kit.Camera_Kit:PersistentLevel.Camera_Kit'
[2019.11.11-03.24.10:004][441]LogBlueprintUserMessages: Early EndPlayMap Detection: Level '/Game/Maps/Explosive_Kit.Explosive_Kit:PersistentLevel' has LevelScriptBlueprint '/Game/Maps/Explosive_Kit.Explosive_Kit:PersistentLevel.Explosive_Kit' with GeneratedClass '/Game/Maps/Explosive_Kit.Explosive_Kit_C' with ClassGeneratedBy '/Game/Maps/Explosive_Kit.Explosive_Kit:PersistentLevel.Explosive_Kit'
[2019.11.11-03.24.10:006][441]LogBlueprintUserMessages: Early EndPlayMap Detection: Level '/Game/Maps/Teleport_Kit.Teleport_Kit:PersistentLevel' has LevelScriptBlueprint '/Game/Maps/Teleport_Kit.Teleport_Kit:PersistentLevel.Teleport_Kit' with GeneratedClass '/Game/Maps/Teleport_Kit.Teleport_Kit_C' with ClassGeneratedBy '/Game/Maps/Teleport_Kit.Teleport_Kit:PersistentLevel.Teleport_Kit'
[2019.11.11-03.24.10:008][441]LogSlate: Updating window title bar state: overlay mode, drag disabled, window buttons hidden, title bar hidden
[2019.11.11-03.24.10:056][441]LogSlate: Window 'Mechanics_Sandbox Game Preview Standalone (64-bit/PCD3D_SM5)' being destroyed
[2019.11.11-03.24.10:140][441]LogPlayLevel: Display: Shutting down PIE online subsystems
[2019.11.11-03.24.10:141][441]LogBlueprintUserMessages: Late EndPlayMap Detection: Level '/Game/FirstPersonBP/Maps/FirstPersonExampleMap.FirstPersonExampleMap:PersistentLevel' has LevelScriptBlueprint '/Game/FirstPersonBP/Maps/FirstPersonExampleMap.FirstPersonExampleMap:PersistentLevel.FirstPersonExampleMap' with GeneratedClass '/Game/FirstPersonBP/Maps/FirstPersonExampleMap.FirstPersonExampleMap_C' with ClassGeneratedBy '/Game/FirstPersonBP/Maps/FirstPersonExampleMap.FirstPersonExampleMap:PersistentLevel.FirstPersonExampleMap'
[2019.11.11-03.24.10:143][441]LogBlueprintUserMessages: Late EndPlayMap Detection: Level '/Game/Maps/Door_Kit.Door_Kit:PersistentLevel' has LevelScriptBlueprint '/Game/Maps/Door_Kit.Door_Kit:PersistentLevel.Door_Kit' with GeneratedClass '/Game/Maps/Door_Kit.Door_Kit_C' with ClassGeneratedBy '/Game/Maps/Door_Kit.Door_Kit:PersistentLevel.Door_Kit'
[2019.11.11-03.24.10:144][441]LogBlueprintUserMessages: Late EndPlayMap Detection: Level '/Game/Maps/Turret_Kit.Turret_Kit:PersistentLevel' has LevelScriptBlueprint '/Game/Maps/Turret_Kit.Turret_Kit:PersistentLevel.Turret_Kit' with GeneratedClass '/Game/Maps/Turret_Kit.Turret_Kit_C' with ClassGeneratedBy '/Game/Maps/Turret_Kit.Turret_Kit:PersistentLevel.Turret_Kit'
[2019.11.11-03.24.10:145][441]LogBlueprintUserMessages: Late EndPlayMap Detection: Level '/Game/Maps/Laser_Kit.Laser_Kit:PersistentLevel' has LevelScriptBlueprint '/Game/Maps/Laser_Kit.Laser_Kit:PersistentLevel.Laser_Kit' with GeneratedClass '/Game/Maps/Laser_Kit.Laser_Kit_C' with ClassGeneratedBy '/Game/Maps/Laser_Kit.Laser_Kit:PersistentLevel.Laser_Kit'
[2019.11.11-03.24.10:146][441]LogBlueprintUserMessages: Late EndPlayMap Detection: Level '/Game/Maps/Camera_Kit.Camera_Kit:PersistentLevel' has LevelScriptBlueprint '/Game/Maps/Camera_Kit.Camera_Kit:PersistentLevel.Camera_Kit' with GeneratedClass '/Game/Maps/Camera_Kit.Camera_Kit_C' with ClassGeneratedBy '/Game/Maps/Camera_Kit.Camera_Kit:PersistentLevel.Camera_Kit'
[2019.11.11-03.24.10:148][441]LogBlueprintUserMessages: Late EndPlayMap Detection: Level '/Game/Maps/Explosive_Kit.Explosive_Kit:PersistentLevel' has LevelScriptBlueprint '/Game/Maps/Explosive_Kit.Explosive_Kit:PersistentLevel.Explosive_Kit' with GeneratedClass '/Game/Maps/Explosive_Kit.Explosive_Kit_C' with ClassGeneratedBy '/Game/Maps/Explosive_Kit.Explosive_Kit:PersistentLevel.Explosive_Kit'
[2019.11.11-03.24.10:149][441]LogBlueprintUserMessages: Late EndPlayMap Detection: Level '/Game/Maps/Teleport_Kit.Teleport_Kit:PersistentLevel' has LevelScriptBlueprint '/Game/Maps/Teleport_Kit.Teleport_Kit:PersistentLevel.Teleport_Kit' with GeneratedClass '/Game/Maps/Teleport_Kit.Teleport_Kit_C' with ClassGeneratedBy '/Game/Maps/Teleport_Kit.Teleport_Kit:PersistentLevel.Teleport_Kit'
[2019.11.11-03.24.10:298][441]LogUObjectHash: Compacting FUObjectHashTables data took   7.27ms
[2019.11.11-03.24.10:492][442]LogPlayLevel: Display: Destroying online subsystem :Context_26
[2019.11.11-03.24.13:831][531]LogEditorViewport: Clicking on Actor (LMB): StaticMeshActor (BigWall)
[2019.11.11-03.24.15:934][590]Cmd: TRANSACTION UNDO
[2019.11.11-03.24.15:934][590]LogEditorTransaction: Undo Move Actors
[2019.11.11-03.24.19:004][671]LogSlate: FSceneViewport::OnFocusLost() reason 0
[2019.11.11-03.24.29:284][953]LogEditorViewport: Clicking on Actor (LMB): StaticMeshActor (Floor)
[2019.11.11-03.24.30:239][980]LogEditorViewport: Clicking on Actor (LMB): FirstPersonCharacter_C (FirstPersonCharacter)
[2019.11.11-03.24.41:620][268]LogSlate: FSceneViewport::OnFocusLost() reason 0
[2019.11.11-03.24.41:732][272]LogTemp: Repeating last play command: New Editor Window (PIE)
[2019.11.11-03.24.41:811][272]LogBlueprintUserMessages: Early PlayInEditor Detection: Level '/Game/FirstPersonBP/Maps/FirstPersonExampleMap.FirstPersonExampleMap:PersistentLevel' has LevelScriptBlueprint '/Game/FirstPersonBP/Maps/FirstPersonExampleMap.FirstPersonExampleMap:PersistentLevel.FirstPersonExampleMap' with GeneratedClass '/Game/FirstPersonBP/Maps/FirstPersonExampleMap.FirstPersonExampleMap_C' with ClassGeneratedBy '/Game/FirstPersonBP/Maps/FirstPersonExampleMap.FirstPersonExampleMap:PersistentLevel.FirstPersonExampleMap'
[2019.11.11-03.24.41:813][272]LogBlueprintUserMessages: Early PlayInEditor Detection: Level '/Game/Maps/Door_Kit.Door_Kit:PersistentLevel' has LevelScriptBlueprint '/Game/Maps/Door_Kit.Door_Kit:PersistentLevel.Door_Kit' with GeneratedClass '/Game/Maps/Door_Kit.Door_Kit_C' with ClassGeneratedBy '/Game/Maps/Door_Kit.Door_Kit:PersistentLevel.Door_Kit'
[2019.11.11-03.24.41:814][272]LogBlueprintUserMessages: Early PlayInEditor Detection: Level '/Game/Maps/Turret_Kit.Turret_Kit:PersistentLevel' has LevelScriptBlueprint '/Game/Maps/Turret_Kit.Turret_Kit:PersistentLevel.Turret_Kit' with GeneratedClass '/Game/Maps/Turret_Kit.Turret_Kit_C' with ClassGeneratedBy '/Game/Maps/Turret_Kit.Turret_Kit:PersistentLevel.Turret_Kit'
[2019.11.11-03.24.41:815][272]LogBlueprintUserMessages: Early PlayInEditor Detection: Level '/Game/Maps/Laser_Kit.Laser_Kit:PersistentLevel' has LevelScriptBlueprint '/Game/Maps/Laser_Kit.Laser_Kit:PersistentLevel.Laser_Kit' with GeneratedClass '/Game/Maps/Laser_Kit.Laser_Kit_C' with ClassGeneratedBy '/Game/Maps/Laser_Kit.Laser_Kit:PersistentLevel.Laser_Kit'
[2019.11.11-03.24.41:816][272]LogBlueprintUserMessages: Early PlayInEditor Detection: Level '/Game/Maps/Camera_Kit.Camera_Kit:PersistentLevel' has LevelScriptBlueprint '/Game/Maps/Camera_Kit.Camera_Kit:PersistentLevel.Camera_Kit' with GeneratedClass '/Game/Maps/Camera_Kit.Camera_Kit_C' with ClassGeneratedBy '/Game/Maps/Camera_Kit.Camera_Kit:PersistentLevel.Camera_Kit'
[2019.11.11-03.24.41:817][272]LogBlueprintUserMessages: Early PlayInEditor Detection: Level '/Game/Maps/Explosive_Kit.Explosive_Kit:PersistentLevel' has LevelScriptBlueprint '/Game/Maps/Explosive_Kit.Explosive_Kit:PersistentLevel.Explosive_Kit' with GeneratedClass '/Game/Maps/Explosive_Kit.Explosive_Kit_C' with ClassGeneratedBy '/Game/Maps/Explosive_Kit.Explosive_Kit:PersistentLevel.Explosive_Kit'
[2019.11.11-03.24.41:818][272]LogBlueprintUserMessages: Early PlayInEditor Detection: Level '/Game/Maps/Teleport_Kit.Teleport_Kit:PersistentLevel' has LevelScriptBlueprint '/Game/Maps/Teleport_Kit.Teleport_Kit:PersistentLevel.Teleport_Kit' with GeneratedClass '/Game/Maps/Teleport_Kit.Teleport_Kit_C' with ClassGeneratedBy '/Game/Maps/Teleport_Kit.Teleport_Kit:PersistentLevel.Teleport_Kit'
[2019.11.11-03.24.41:819][272]LogPlayLevel: PlayLevel: No blueprints needed recompiling
[2019.11.11-03.24.41:820][272]PIE: New page: PIE session: FirstPersonExampleMap (Nov 10, 2019, 11:24:41 AM)
[2019.11.11-03.24.41:820][272]LogPlayLevel: Creating play world package: /Game/FirstPersonBP/Maps/UEDPIE_0_FirstPersonExampleMap
[2019.11.11-03.24.41:857][272]LogPlayLevel: PIE: StaticDuplicateObject took: (0.036744s)
[2019.11.11-03.24.41:859][272]LogAIModule: Creating AISystem for world FirstPersonExampleMap
[2019.11.11-03.24.42:138][272]LogPlayLevel: PIE: World Init took: (0.279772s)
[2019.11.11-03.24.42:138][272]LogPlayLevel: PIE: Created PIE world by copying editor world from /Game/FirstPersonBP/Maps/FirstPersonExampleMap.FirstPersonExampleMap to /Game/FirstPersonBP/Maps/UEDPIE_0_FirstPersonExampleMap.FirstPersonExampleMap (0.317785s)
[2019.11.11-03.24.42:248][272]LogUObjectHash: Compacting FUObjectHashTables data took   7.14ms
[2019.11.11-03.24.42:314][272]LogInit: XAudio2 using 'Headset Earphone (SteelSeries Arctis 5 Chat)' : 2 channels at 48 kHz using 16 bits per sample (channel mask 0x3)
[2019.11.11-03.24.42:351][272]LogInit: FAudioDevice initialized.
[2019.11.11-03.24.42:369][272]LogSlate: Updating window title bar state: overlay mode, drag disabled, window buttons hidden, title bar hidden
[2019.11.11-03.24.42:412][272]LogLoad: Game class is 'FirstPersonGameMode_C'
[2019.11.11-03.24.42:421][272]LogWorld: Bringing World /Game/FirstPersonBP/Maps/UEDPIE_0_FirstPersonExampleMap.FirstPersonExampleMap up for play (max tick rate 60) at 2019.11.10-19.24.42
[2019.11.11-03.24.42:423][272]LogWorld: Bringing up level for play took: 0.008876
[2019.11.11-03.24.42:449][272]PIE: Play in editor start time for /Game/FirstPersonBP/Maps/UEDPIE_0_FirstPersonExampleMap -0.261
[2019.11.11-03.24.42:450][272]LogBlueprintUserMessages: Late PlayInEditor Detection: Level '/Game/FirstPersonBP/Maps/FirstPersonExampleMap.FirstPersonExampleMap:PersistentLevel' has LevelScriptBlueprint '/Game/FirstPersonBP/Maps/FirstPersonExampleMap.FirstPersonExampleMap:PersistentLevel.FirstPersonExampleMap' with GeneratedClass '/Game/FirstPersonBP/Maps/FirstPersonExampleMap.FirstPersonExampleMap_C' with ClassGeneratedBy '/Game/FirstPersonBP/Maps/FirstPersonExampleMap.FirstPersonExampleMap:PersistentLevel.FirstPersonExampleMap'
[2019.11.11-03.24.42:452][272]LogBlueprintUserMessages: Late PlayInEditor Detection: Level '/Game/Maps/Door_Kit.Door_Kit:PersistentLevel' has LevelScriptBlueprint '/Game/Maps/Door_Kit.Door_Kit:PersistentLevel.Door_Kit' with GeneratedClass '/Game/Maps/Door_Kit.Door_Kit_C' with ClassGeneratedBy '/Game/Maps/Door_Kit.Door_Kit:PersistentLevel.Door_Kit'
[2019.11.11-03.24.42:454][272]LogBlueprintUserMessages: Late PlayInEditor Detection: Level '/Game/Maps/Turret_Kit.Turret_Kit:PersistentLevel' has LevelScriptBlueprint '/Game/Maps/Turret_Kit.Turret_Kit:PersistentLevel.Turret_Kit' with GeneratedClass '/Game/Maps/Turret_Kit.Turret_Kit_C' with ClassGeneratedBy '/Game/Maps/Turret_Kit.Turret_Kit:PersistentLevel.Turret_Kit'
[2019.11.11-03.24.42:455][272]LogBlueprintUserMessages: Late PlayInEditor Detection: Level '/Game/Maps/Laser_Kit.Laser_Kit:PersistentLevel' has LevelScriptBlueprint '/Game/Maps/Laser_Kit.Laser_Kit:PersistentLevel.Laser_Kit' with GeneratedClass '/Game/Maps/Laser_Kit.Laser_Kit_C' with ClassGeneratedBy '/Game/Maps/Laser_Kit.Laser_Kit:PersistentLevel.Laser_Kit'
[2019.11.11-03.24.42:457][272]LogBlueprintUserMessages: Late PlayInEditor Detection: Level '/Game/Maps/Camera_Kit.Camera_Kit:PersistentLevel' has LevelScriptBlueprint '/Game/Maps/Camera_Kit.Camera_Kit:PersistentLevel.Camera_Kit' with GeneratedClass '/Game/Maps/Camera_Kit.Camera_Kit_C' with ClassGeneratedBy '/Game/Maps/Camera_Kit.Camera_Kit:PersistentLevel.Camera_Kit'
[2019.11.11-03.24.42:458][272]LogBlueprintUserMessages: Late PlayInEditor Detection: Level '/Game/Maps/Explosive_Kit.Explosive_Kit:PersistentLevel' has LevelScriptBlueprint '/Game/Maps/Explosive_Kit.Explosive_Kit:PersistentLevel.Explosive_Kit' with GeneratedClass '/Game/Maps/Explosive_Kit.Explosive_Kit_C' with ClassGeneratedBy '/Game/Maps/Explosive_Kit.Explosive_Kit:PersistentLevel.Explosive_Kit'
[2019.11.11-03.24.42:459][272]LogBlueprintUserMessages: Late PlayInEditor Detection: Level '/Game/Maps/Teleport_Kit.Teleport_Kit:PersistentLevel' has LevelScriptBlueprint '/Game/Maps/Teleport_Kit.Teleport_Kit:PersistentLevel.Teleport_Kit' with GeneratedClass '/Game/Maps/Teleport_Kit.Teleport_Kit_C' with ClassGeneratedBy '/Game/Maps/Teleport_Kit.Teleport_Kit:PersistentLevel.Teleport_Kit'
[2019.11.11-03.24.45:163][342]LogLevel: ActivateLevel /Game/Maps/UEDPIE_0_Door_Kit 1 1 0
[2019.11.11-03.24.46:583][378]LogLevel: ActivateLevel /Game/Maps/UEDPIE_0_Teleport_Kit 1 1 0
[2019.11.11-03.24.49:640][462]LogLevel: ActivateLevel /Game/Maps/UEDPIE_0_Teleport_Kit 1 1 0
[2019.11.11-03.24.49:640][462]LogLevel: ActivateLevel /Game/Maps/UEDPIE_0_Door_Kit 1 1 0
[2019.11.11-03.24.49:641][462]LogBlueprintUserMessages: [FirstPersonCharacter_C_1] Inventory now contains this many items:1
[2019.11.11-03.24.50:046][465]LogLevel: ActivateLevel /Game/Maps/UEDPIE_0_Teleport_Kit 0 0 0
[2019.11.11-03.24.50:230][466]LogUObjectHash: Compacting FUObjectHashTables data took   5.75ms
[2019.11.11-03.24.50:469][473]LogLevel: ActivateLevel /Game/Maps/UEDPIE_0_Door_Kit 0 0 0
[2019.11.11-03.24.50:471][473]LogLevel: ActivateLevel /Game/Maps/UEDPIE_0_Camera_Kit 0 0 0
[2019.11.11-03.24.50:472][473]LogLevel: ActivateLevel /Game/Maps/UEDPIE_0_Teleport_Kit 0 0 0
[2019.11.11-03.24.50:644][474]LogUObjectHash: Compacting FUObjectHashTables data took   6.02ms
[2019.11.11-03.24.55:702][626]LogBlueprintUserMessages: Early EndPlayMap Detection: Level '/Game/FirstPersonBP/Maps/FirstPersonExampleMap.FirstPersonExampleMap:PersistentLevel' has LevelScriptBlueprint '/Game/FirstPersonBP/Maps/FirstPersonExampleMap.FirstPersonExampleMap:PersistentLevel.FirstPersonExampleMap' with GeneratedClass '/Game/FirstPersonBP/Maps/FirstPersonExampleMap.FirstPersonExampleMap_C' with ClassGeneratedBy '/Game/FirstPersonBP/Maps/FirstPersonExampleMap.FirstPersonExampleMap:PersistentLevel.FirstPersonExampleMap'
[2019.11.11-03.24.55:704][626]LogBlueprintUserMessages: Early EndPlayMap Detection: Level '/Game/Maps/Door_Kit.Door_Kit:PersistentLevel' has LevelScriptBlueprint '/Game/Maps/Door_Kit.Door_Kit:PersistentLevel.Door_Kit' with GeneratedClass '/Game/Maps/Door_Kit.Door_Kit_C' with ClassGeneratedBy '/Game/Maps/Door_Kit.Door_Kit:PersistentLevel.Door_Kit'
[2019.11.11-03.24.55:706][626]LogBlueprintUserMessages: Early EndPlayMap Detection: Level '/Game/Maps/Turret_Kit.Turret_Kit:PersistentLevel' has LevelScriptBlueprint '/Game/Maps/Turret_Kit.Turret_Kit:PersistentLevel.Turret_Kit' with GeneratedClass '/Game/Maps/Turret_Kit.Turret_Kit_C' with ClassGeneratedBy '/Game/Maps/Turret_Kit.Turret_Kit:PersistentLevel.Turret_Kit'
[2019.11.11-03.24.55:707][626]LogBlueprintUserMessages: Early EndPlayMap Detection: Level '/Game/Maps/Laser_Kit.Laser_Kit:PersistentLevel' has LevelScriptBlueprint '/Game/Maps/Laser_Kit.Laser_Kit:PersistentLevel.Laser_Kit' with GeneratedClass '/Game/Maps/Laser_Kit.Laser_Kit_C' with ClassGeneratedBy '/Game/Maps/Laser_Kit.Laser_Kit:PersistentLevel.Laser_Kit'
[2019.11.11-03.24.55:708][626]LogBlueprintUserMessages: Early EndPlayMap Detection: Level '/Game/Maps/Camera_Kit.Camera_Kit:PersistentLevel' has LevelScriptBlueprint '/Game/Maps/Camera_Kit.Camera_Kit:PersistentLevel.Camera_Kit' with GeneratedClass '/Game/Maps/Camera_Kit.Camera_Kit_C' with ClassGeneratedBy '/Game/Maps/Camera_Kit.Camera_Kit:PersistentLevel.Camera_Kit'
[2019.11.11-03.24.55:709][626]LogBlueprintUserMessages: Early EndPlayMap Detection: Level '/Game/Maps/Explosive_Kit.Explosive_Kit:PersistentLevel' has LevelScriptBlueprint '/Game/Maps/Explosive_Kit.Explosive_Kit:PersistentLevel.Explosive_Kit' with GeneratedClass '/Game/Maps/Explosive_Kit.Explosive_Kit_C' with ClassGeneratedBy '/Game/Maps/Explosive_Kit.Explosive_Kit:PersistentLevel.Explosive_Kit'
[2019.11.11-03.24.55:711][626]LogBlueprintUserMessages: Early EndPlayMap Detection: Level '/Game/Maps/Teleport_Kit.Teleport_Kit:PersistentLevel' has LevelScriptBlueprint '/Game/Maps/Teleport_Kit.Teleport_Kit:PersistentLevel.Teleport_Kit' with GeneratedClass '/Game/Maps/Teleport_Kit.Teleport_Kit_C' with ClassGeneratedBy '/Game/Maps/Teleport_Kit.Teleport_Kit:PersistentLevel.Teleport_Kit'
[2019.11.11-03.24.55:713][626]LogSlate: Updating window title bar state: overlay mode, drag disabled, window buttons hidden, title bar hidden
[2019.11.11-03.24.55:760][626]LogSlate: Window 'Mechanics_Sandbox Game Preview Standalone (64-bit/PCD3D_SM5)' being destroyed
[2019.11.11-03.24.55:845][626]LogPlayLevel: Display: Shutting down PIE online subsystems
[2019.11.11-03.24.55:846][626]LogBlueprintUserMessages: Late EndPlayMap Detection: Level '/Game/FirstPersonBP/Maps/FirstPersonExampleMap.FirstPersonExampleMap:PersistentLevel' has LevelScriptBlueprint '/Game/FirstPersonBP/Maps/FirstPersonExampleMap.FirstPersonExampleMap:PersistentLevel.FirstPersonExampleMap' with GeneratedClass '/Game/FirstPersonBP/Maps/FirstPersonExampleMap.FirstPersonExampleMap_C' with ClassGeneratedBy '/Game/FirstPersonBP/Maps/FirstPersonExampleMap.FirstPersonExampleMap:PersistentLevel.FirstPersonExampleMap'
[2019.11.11-03.24.55:848][626]LogBlueprintUserMessages: Late EndPlayMap Detection: Level '/Game/Maps/Door_Kit.Door_Kit:PersistentLevel' has LevelScriptBlueprint '/Game/Maps/Door_Kit.Door_Kit:PersistentLevel.Door_Kit' with GeneratedClass '/Game/Maps/Door_Kit.Door_Kit_C' with ClassGeneratedBy '/Game/Maps/Door_Kit.Door_Kit:PersistentLevel.Door_Kit'
[2019.11.11-03.24.55:849][626]LogBlueprintUserMessages: Late EndPlayMap Detection: Level '/Game/Maps/Turret_Kit.Turret_Kit:PersistentLevel' has LevelScriptBlueprint '/Game/Maps/Turret_Kit.Turret_Kit:PersistentLevel.Turret_Kit' with GeneratedClass '/Game/Maps/Turret_Kit.Turret_Kit_C' with ClassGeneratedBy '/Game/Maps/Turret_Kit.Turret_Kit:PersistentLevel.Turret_Kit'
[2019.11.11-03.24.55:851][626]LogBlueprintUserMessages: Late EndPlayMap Detection: Level '/Game/Maps/Laser_Kit.Laser_Kit:PersistentLevel' has LevelScriptBlueprint '/Game/Maps/Laser_Kit.Laser_Kit:PersistentLevel.Laser_Kit' with GeneratedClass '/Game/Maps/Laser_Kit.Laser_Kit_C' with ClassGeneratedBy '/Game/Maps/Laser_Kit.Laser_Kit:PersistentLevel.Laser_Kit'
[2019.11.11-03.24.55:852][626]LogBlueprintUserMessages: Late EndPlayMap Detection: Level '/Game/Maps/Camera_Kit.Camera_Kit:PersistentLevel' has LevelScriptBlueprint '/Game/Maps/Camera_Kit.Camera_Kit:PersistentLevel.Camera_Kit' with GeneratedClass '/Game/Maps/Camera_Kit.Camera_Kit_C' with ClassGeneratedBy '/Game/Maps/Camera_Kit.Camera_Kit:PersistentLevel.Camera_Kit'
[2019.11.11-03.24.55:853][626]LogBlueprintUserMessages: Late EndPlayMap Detection: Level '/Game/Maps/Explosive_Kit.Explosive_Kit:PersistentLevel' has LevelScriptBlueprint '/Game/Maps/Explosive_Kit.Explosive_Kit:PersistentLevel.Explosive_Kit' with GeneratedClass '/Game/Maps/Explosive_Kit.Explosive_Kit_C' with ClassGeneratedBy '/Game/Maps/Explosive_Kit.Explosive_Kit:PersistentLevel.Explosive_Kit'
[2019.11.11-03.24.55:854][626]LogBlueprintUserMessages: Late EndPlayMap Detection: Level '/Game/Maps/Teleport_Kit.Teleport_Kit:PersistentLevel' has LevelScriptBlueprint '/Game/Maps/Teleport_Kit.Teleport_Kit:PersistentLevel.Teleport_Kit' with GeneratedClass '/Game/Maps/Teleport_Kit.Teleport_Kit_C' with ClassGeneratedBy '/Game/Maps/Teleport_Kit.Teleport_Kit:PersistentLevel.Teleport_Kit'
[2019.11.11-03.24.56:000][626]LogUObjectHash: Compacting FUObjectHashTables data took   9.07ms
[2019.11.11-03.24.56:187][627]LogPlayLevel: Display: Destroying online subsystem :Context_27
[2019.11.11-03.25.08:368][712]LogSlate: FSceneViewport::OnFocusLost() reason 2
[2019.11.11-03.25.11:650][786]LogSlate: FSceneViewport::OnFocusLost() reason 2
[2019.11.11-03.25.14:118][871]LogSlate: FSceneViewport::OnFocusLost() reason 2
[2019.11.11-03.25.14:571][871]LogBlueprintActionDatabase: Requesting refresh due to module change: ExternalImagePicker (loaded)
[2019.11.11-03.25.18:241][871]LogSlate: Only BGRA pngs, bmps or icos are supported in by External Image Picker
[2019.11.11-03.25.41:162][387]LogSlate: Window 'Project Settings' being destroyed
[2019.11.11-03.25.41:187][387]LogSlate: Window 'Project Settings' being destroyed
[2019.11.11-03.25.43:271][428]LogSlate: FSceneViewport::OnFocusLost() reason 0
[2019.11.11-03.25.43:386][431]LogTemp: Repeating last play command: New Editor Window (PIE)
[2019.11.11-03.25.43:481][431]LogBlueprintUserMessages: Early PlayInEditor Detection: Level '/Game/FirstPersonBP/Maps/FirstPersonExampleMap.FirstPersonExampleMap:PersistentLevel' has LevelScriptBlueprint '/Game/FirstPersonBP/Maps/FirstPersonExampleMap.FirstPersonExampleMap:PersistentLevel.FirstPersonExampleMap' with GeneratedClass '/Game/FirstPersonBP/Maps/FirstPersonExampleMap.FirstPersonExampleMap_C' with ClassGeneratedBy '/Game/FirstPersonBP/Maps/FirstPersonExampleMap.FirstPersonExampleMap:PersistentLevel.FirstPersonExampleMap'
[2019.11.11-03.25.43:483][431]LogBlueprintUserMessages: Early PlayInEditor Detection: Level '/Game/Maps/Door_Kit.Door_Kit:PersistentLevel' has LevelScriptBlueprint '/Game/Maps/Door_Kit.Door_Kit:PersistentLevel.Door_Kit' with GeneratedClass '/Game/Maps/Door_Kit.Door_Kit_C' with ClassGeneratedBy '/Game/Maps/Door_Kit.Door_Kit:PersistentLevel.Door_Kit'
[2019.11.11-03.25.43:484][431]LogBlueprintUserMessages: Early PlayInEditor Detection: Level '/Game/Maps/Turret_Kit.Turret_Kit:PersistentLevel' has LevelScriptBlueprint '/Game/Maps/Turret_Kit.Turret_Kit:PersistentLevel.Turret_Kit' with GeneratedClass '/Game/Maps/Turret_Kit.Turret_Kit_C' with ClassGeneratedBy '/Game/Maps/Turret_Kit.Turret_Kit:PersistentLevel.Turret_Kit'
[2019.11.11-03.25.43:485][431]LogBlueprintUserMessages: Early PlayInEditor Detection: Level '/Game/Maps/Laser_Kit.Laser_Kit:PersistentLevel' has LevelScriptBlueprint '/Game/Maps/Laser_Kit.Laser_Kit:PersistentLevel.Laser_Kit' with GeneratedClass '/Game/Maps/Laser_Kit.Laser_Kit_C' with ClassGeneratedBy '/Game/Maps/Laser_Kit.Laser_Kit:PersistentLevel.Laser_Kit'
[2019.11.11-03.25.43:486][431]LogBlueprintUserMessages: Early PlayInEditor Detection: Level '/Game/Maps/Camera_Kit.Camera_Kit:PersistentLevel' has LevelScriptBlueprint '/Game/Maps/Camera_Kit.Camera_Kit:PersistentLevel.Camera_Kit' with GeneratedClass '/Game/Maps/Camera_Kit.Camera_Kit_C' with ClassGeneratedBy '/Game/Maps/Camera_Kit.Camera_Kit:PersistentLevel.Camera_Kit'
[2019.11.11-03.25.43:486][431]LogBlueprintUserMessages: Early PlayInEditor Detection: Level '/Game/Maps/Explosive_Kit.Explosive_Kit:PersistentLevel' has LevelScriptBlueprint '/Game/Maps/Explosive_Kit.Explosive_Kit:PersistentLevel.Explosive_Kit' with GeneratedClass '/Game/Maps/Explosive_Kit.Explosive_Kit_C' with ClassGeneratedBy '/Game/Maps/Explosive_Kit.Explosive_Kit:PersistentLevel.Explosive_Kit'
[2019.11.11-03.25.43:488][431]LogBlueprintUserMessages: Early PlayInEditor Detection: Level '/Game/Maps/Teleport_Kit.Teleport_Kit:PersistentLevel' has LevelScriptBlueprint '/Game/Maps/Teleport_Kit.Teleport_Kit:PersistentLevel.Teleport_Kit' with GeneratedClass '/Game/Maps/Teleport_Kit.Teleport_Kit_C' with ClassGeneratedBy '/Game/Maps/Teleport_Kit.Teleport_Kit:PersistentLevel.Teleport_Kit'
[2019.11.11-03.25.43:489][431]LogPlayLevel: PlayLevel: No blueprints needed recompiling
[2019.11.11-03.25.43:490][431]PIE: New page: PIE session: FirstPersonExampleMap (Nov 10, 2019, 11:25:43 AM)
[2019.11.11-03.25.43:490][431]LogPlayLevel: Creating play world package: /Game/FirstPersonBP/Maps/UEDPIE_0_FirstPersonExampleMap
[2019.11.11-03.25.43:523][431]LogPlayLevel: PIE: StaticDuplicateObject took: (0.031480s)
[2019.11.11-03.25.43:525][431]LogAIModule: Creating AISystem for world FirstPersonExampleMap
[2019.11.11-03.25.43:526][431]LogPlayLevel: PIE: World Init took: (0.003230s)
[2019.11.11-03.25.43:528][431]LogPlayLevel: PIE: Created PIE world by copying editor world from /Game/FirstPersonBP/Maps/FirstPersonExampleMap.FirstPersonExampleMap to /Game/FirstPersonBP/Maps/UEDPIE_0_FirstPersonExampleMap.FirstPersonExampleMap (0.037118s)
[2019.11.11-03.25.43:732][431]LogUObjectHash: Compacting FUObjectHashTables data took  12.20ms
[2019.11.11-03.25.43:810][431]LogInit: XAudio2 using 'Headset Earphone (SteelSeries Arctis 5 Chat)' : 2 channels at 48 kHz using 16 bits per sample (channel mask 0x3)
[2019.11.11-03.25.43:868][431]LogInit: FAudioDevice initialized.
[2019.11.11-03.25.43:897][431]LogSlate: Updating window title bar state: overlay mode, drag disabled, window buttons hidden, title bar hidden
[2019.11.11-03.25.43:947][431]LogLoad: Game class is 'FirstPersonGameMode_C'
[2019.11.11-03.25.43:958][431]LogWorld: Bringing World /Game/FirstPersonBP/Maps/UEDPIE_0_FirstPersonExampleMap.FirstPersonExampleMap up for play (max tick rate 60) at 2019.11.10-19.25.43
[2019.11.11-03.25.43:960][431]LogWorld: Bringing up level for play took: 0.010606
[2019.11.11-03.25.43:990][431]PIE: Play in editor start time for /Game/FirstPersonBP/Maps/UEDPIE_0_FirstPersonExampleMap 1.28
[2019.11.11-03.25.43:992][431]LogBlueprintUserMessages: Late PlayInEditor Detection: Level '/Game/FirstPersonBP/Maps/FirstPersonExampleMap.FirstPersonExampleMap:PersistentLevel' has LevelScriptBlueprint '/Game/FirstPersonBP/Maps/FirstPersonExampleMap.FirstPersonExampleMap:PersistentLevel.FirstPersonExampleMap' with GeneratedClass '/Game/FirstPersonBP/Maps/FirstPersonExampleMap.FirstPersonExampleMap_C' with ClassGeneratedBy '/Game/FirstPersonBP/Maps/FirstPersonExampleMap.FirstPersonExampleMap:PersistentLevel.FirstPersonExampleMap'
[2019.11.11-03.25.43:994][431]LogBlueprintUserMessages: Late PlayInEditor Detection: Level '/Game/Maps/Door_Kit.Door_Kit:PersistentLevel' has LevelScriptBlueprint '/Game/Maps/Door_Kit.Door_Kit:PersistentLevel.Door_Kit' with GeneratedClass '/Game/Maps/Door_Kit.Door_Kit_C' with ClassGeneratedBy '/Game/Maps/Door_Kit.Door_Kit:PersistentLevel.Door_Kit'
[2019.11.11-03.25.43:996][431]LogBlueprintUserMessages: Late PlayInEditor Detection: Level '/Game/Maps/Turret_Kit.Turret_Kit:PersistentLevel' has LevelScriptBlueprint '/Game/Maps/Turret_Kit.Turret_Kit:PersistentLevel.Turret_Kit' with GeneratedClass '/Game/Maps/Turret_Kit.Turret_Kit_C' with ClassGeneratedBy '/Game/Maps/Turret_Kit.Turret_Kit:PersistentLevel.Turret_Kit'
[2019.11.11-03.25.43:997][431]LogBlueprintUserMessages: Late PlayInEditor Detection: Level '/Game/Maps/Laser_Kit.Laser_Kit:PersistentLevel' has LevelScriptBlueprint '/Game/Maps/Laser_Kit.Laser_Kit:PersistentLevel.Laser_Kit' with GeneratedClass '/Game/Maps/Laser_Kit.Laser_Kit_C' with ClassGeneratedBy '/Game/Maps/Laser_Kit.Laser_Kit:PersistentLevel.Laser_Kit'
[2019.11.11-03.25.43:999][431]LogBlueprintUserMessages: Late PlayInEditor Detection: Level '/Game/Maps/Camera_Kit.Camera_Kit:PersistentLevel' has LevelScriptBlueprint '/Game/Maps/Camera_Kit.Camera_Kit:PersistentLevel.Camera_Kit' with GeneratedClass '/Game/Maps/Camera_Kit.Camera_Kit_C' with ClassGeneratedBy '/Game/Maps/Camera_Kit.Camera_Kit:PersistentLevel.Camera_Kit'
[2019.11.11-03.25.44:000][431]LogBlueprintUserMessages: Late PlayInEditor Detection: Level '/Game/Maps/Explosive_Kit.Explosive_Kit:PersistentLevel' has LevelScriptBlueprint '/Game/Maps/Explosive_Kit.Explosive_Kit:PersistentLevel.Explosive_Kit' with GeneratedClass '/Game/Maps/Explosive_Kit.Explosive_Kit_C' with ClassGeneratedBy '/Game/Maps/Explosive_Kit.Explosive_Kit:PersistentLevel.Explosive_Kit'
[2019.11.11-03.25.44:001][431]LogBlueprintUserMessages: Late PlayInEditor Detection: Level '/Game/Maps/Teleport_Kit.Teleport_Kit:PersistentLevel' has LevelScriptBlueprint '/Game/Maps/Teleport_Kit.Teleport_Kit:PersistentLevel.Teleport_Kit' with GeneratedClass '/Game/Maps/Teleport_Kit.Teleport_Kit_C' with ClassGeneratedBy '/Game/Maps/Teleport_Kit.Teleport_Kit:PersistentLevel.Teleport_Kit'
[2019.11.11-03.25.47:387][514]LogSlate: FSceneViewport::OnFocusLost() reason 2
[2019.11.11-03.25.50:231][581]LogLevel: ActivateLevel /Game/Maps/UEDPIE_0_Door_Kit 1 1 0
[2019.11.11-03.25.50:685][590]LogLevel: ActivateLevel /Game/Maps/UEDPIE_0_Teleport_Kit 1 1 0
[2019.11.11-03.25.53:175][653]LogLevel: ActivateLevel /Game/Maps/UEDPIE_0_Camera_Kit 1 1 0
[2019.11.11-03.25.55:985][735]LogCharacter: FirstPersonCharacter_C_1 is trying to crouch, but crouching is disabled on this character! (check CharacterMovement NavAgentSettings)
[2019.11.11-03.26.01:769][893]LogLevel: ActivateLevel /Game/Maps/UEDPIE_0_Camera_Kit 0 0 0
[2019.11.11-03.26.01:774][893]LogLevel: ActivateLevel /Game/Maps/UEDPIE_0_Laser_Kit 0 0 0
[2019.11.11-03.26.01:980][894]LogUObjectHash: Compacting FUObjectHashTables data took  12.10ms
[2019.11.11-03.26.02:321][904]LogLevel: ActivateLevel /Game/Maps/UEDPIE_0_Door_Kit 0 0 0
[2019.11.11-03.26.02:323][904]LogLevel: ActivateLevel /Game/Maps/UEDPIE_0_Camera_Kit 0 0 0
[2019.11.11-03.26.02:323][904]LogLevel: ActivateLevel /Game/Maps/UEDPIE_0_Teleport_Kit 0 0 0
[2019.11.11-03.26.02:502][905]LogUObjectHash: Compacting FUObjectHashTables data took   6.27ms
[2019.11.11-03.26.02:689][906]LogUObjectHash: Compacting FUObjectHashTables data took   8.31ms
[2019.11.11-03.26.04:574][961]LogLevel: ActivateLevel /Game/Maps/UEDPIE_0_Door_Kit 1 1 0
[2019.11.11-03.26.05:124][974]LogLevel: ActivateLevel /Game/Maps/UEDPIE_0_Camera_Kit 1 1 0
[2019.11.11-03.26.05:592][985]LogLevel: ActivateLevel /Game/Maps/UEDPIE_0_Camera_Kit 0 0 0
[2019.11.11-03.26.05:594][985]LogLevel: ActivateLevel /Game/Maps/UEDPIE_0_Laser_Kit 0 0 0
[2019.11.11-03.26.05:783][986]LogUObjectHash: Compacting FUObjectHashTables data took   7.71ms
[2019.11.11-03.26.06:113][996]LogLevel: ActivateLevel /Game/Maps/UEDPIE_0_Door_Kit 0 0 0
[2019.11.11-03.26.06:115][996]LogLevel: ActivateLevel /Game/Maps/UEDPIE_0_Camera_Kit 0 0 0
[2019.11.11-03.26.06:116][996]LogLevel: ActivateLevel /Game/Maps/UEDPIE_0_Teleport_Kit 0 0 0
[2019.11.11-03.26.06:288][997]LogUObjectHash: Compacting FUObjectHashTables data took   2.20ms
[2019.11.11-03.26.07:528][ 35]LogLevel: ActivateLevel /Game/Maps/UEDPIE_0_Door_Kit 1 1 0
[2019.11.11-03.26.08:004][ 44]LogLevel: ActivateLevel /Game/Maps/UEDPIE_0_Teleport_Kit 0 0 0
[2019.11.11-03.26.08:540][ 59]LogLevel: ActivateLevel /Game/Maps/UEDPIE_0_Door_Kit 0 0 0
[2019.11.11-03.26.08:543][ 59]LogLevel: ActivateLevel /Game/Maps/UEDPIE_0_Camera_Kit 0 0 0
[2019.11.11-03.26.08:543][ 59]LogLevel: ActivateLevel /Game/Maps/UEDPIE_0_Teleport_Kit 0 0 0
[2019.11.11-03.26.08:730][ 60]LogUObjectHash: Compacting FUObjectHashTables data took   2.18ms
[2019.11.11-03.26.12:681][179]LogLevel: ActivateLevel /Game/Maps/UEDPIE_0_Teleport_Kit 1 1 0
[2019.11.11-03.26.14:357][223]LogLevel: ActivateLevel /Game/Maps/UEDPIE_0_Teleport_Kit 0 0 0
[2019.11.11-03.26.14:531][224]LogUObjectHash: Compacting FUObjectHashTables data took   1.98ms
[2019.11.11-03.26.15:003][236]LogLevel: ActivateLevel /Game/Maps/UEDPIE_0_Teleport_Kit 1 1 0
[2019.11.11-03.26.15:815][257]LogLevel: ActivateLevel /Game/Maps/UEDPIE_0_Teleport_Kit 0 0 0
[2019.11.11-03.26.16:010][258]LogUObjectHash: Compacting FUObjectHashTables data took   2.78ms
[2019.11.11-03.26.16:196][264]LogLevel: ActivateLevel /Game/Maps/UEDPIE_0_Teleport_Kit 1 1 0
[2019.11.11-03.26.18:128][322]LogBlueprintUserMessages: Early EndPlayMap Detection: Level '/Game/FirstPersonBP/Maps/FirstPersonExampleMap.FirstPersonExampleMap:PersistentLevel' has LevelScriptBlueprint '/Game/FirstPersonBP/Maps/FirstPersonExampleMap.FirstPersonExampleMap:PersistentLevel.FirstPersonExampleMap' with GeneratedClass '/Game/FirstPersonBP/Maps/FirstPersonExampleMap.FirstPersonExampleMap_C' with ClassGeneratedBy '/Game/FirstPersonBP/Maps/FirstPersonExampleMap.FirstPersonExampleMap:PersistentLevel.FirstPersonExampleMap'
[2019.11.11-03.26.18:130][322]LogBlueprintUserMessages: Early EndPlayMap Detection: Level '/Game/Maps/Door_Kit.Door_Kit:PersistentLevel' has LevelScriptBlueprint '/Game/Maps/Door_Kit.Door_Kit:PersistentLevel.Door_Kit' with GeneratedClass '/Game/Maps/Door_Kit.Door_Kit_C' with ClassGeneratedBy '/Game/Maps/Door_Kit.Door_Kit:PersistentLevel.Door_Kit'
[2019.11.11-03.26.18:132][322]LogBlueprintUserMessages: Early EndPlayMap Detection: Level '/Game/Maps/Turret_Kit.Turret_Kit:PersistentLevel' has LevelScriptBlueprint '/Game/Maps/Turret_Kit.Turret_Kit:PersistentLevel.Turret_Kit' with GeneratedClass '/Game/Maps/Turret_Kit.Turret_Kit_C' with ClassGeneratedBy '/Game/Maps/Turret_Kit.Turret_Kit:PersistentLevel.Turret_Kit'
[2019.11.11-03.26.18:133][322]LogBlueprintUserMessages: Early EndPlayMap Detection: Level '/Game/Maps/Laser_Kit.Laser_Kit:PersistentLevel' has LevelScriptBlueprint '/Game/Maps/Laser_Kit.Laser_Kit:PersistentLevel.Laser_Kit' with GeneratedClass '/Game/Maps/Laser_Kit.Laser_Kit_C' with ClassGeneratedBy '/Game/Maps/Laser_Kit.Laser_Kit:PersistentLevel.Laser_Kit'
[2019.11.11-03.26.18:135][322]LogBlueprintUserMessages: Early EndPlayMap Detection: Level '/Game/Maps/Camera_Kit.Camera_Kit:PersistentLevel' has LevelScriptBlueprint '/Game/Maps/Camera_Kit.Camera_Kit:PersistentLevel.Camera_Kit' with GeneratedClass '/Game/Maps/Camera_Kit.Camera_Kit_C' with ClassGeneratedBy '/Game/Maps/Camera_Kit.Camera_Kit:PersistentLevel.Camera_Kit'
[2019.11.11-03.26.18:136][322]LogBlueprintUserMessages: Early EndPlayMap Detection: Level '/Game/Maps/Explosive_Kit.Explosive_Kit:PersistentLevel' has LevelScriptBlueprint '/Game/Maps/Explosive_Kit.Explosive_Kit:PersistentLevel.Explosive_Kit' with GeneratedClass '/Game/Maps/Explosive_Kit.Explosive_Kit_C' with ClassGeneratedBy '/Game/Maps/Explosive_Kit.Explosive_Kit:PersistentLevel.Explosive_Kit'
[2019.11.11-03.26.18:137][322]LogBlueprintUserMessages: Early EndPlayMap Detection: Level '/Game/Maps/Teleport_Kit.Teleport_Kit:PersistentLevel' has LevelScriptBlueprint '/Game/Maps/Teleport_Kit.Teleport_Kit:PersistentLevel.Teleport_Kit' with GeneratedClass '/Game/Maps/Teleport_Kit.Teleport_Kit_C' with ClassGeneratedBy '/Game/Maps/Teleport_Kit.Teleport_Kit:PersistentLevel.Teleport_Kit'
[2019.11.11-03.26.18:139][322]LogSlate: Updating window title bar state: overlay mode, drag disabled, window buttons hidden, title bar hidden
[2019.11.11-03.26.18:182][322]LogSlate: Window 'Mechanics_Sandbox Game Preview Standalone (64-bit/PCD3D_SM5)' being destroyed
[2019.11.11-03.26.18:194][322]LogLevel: ActivateLevel /Game/Maps/UEDPIE_0_Teleport_Kit 0 0 0
[2019.11.11-03.26.18:271][322]LogPlayLevel: Display: Shutting down PIE online subsystems
[2019.11.11-03.26.18:272][322]LogBlueprintUserMessages: Late EndPlayMap Detection: Level '/Game/FirstPersonBP/Maps/FirstPersonExampleMap.FirstPersonExampleMap:PersistentLevel' has LevelScriptBlueprint '/Game/FirstPersonBP/Maps/FirstPersonExampleMap.FirstPersonExampleMap:PersistentLevel.FirstPersonExampleMap' with GeneratedClass '/Game/FirstPersonBP/Maps/FirstPersonExampleMap.FirstPersonExampleMap_C' with ClassGeneratedBy '/Game/FirstPersonBP/Maps/FirstPersonExampleMap.FirstPersonExampleMap:PersistentLevel.FirstPersonExampleMap'
[2019.11.11-03.26.18:274][322]LogBlueprintUserMessages: Late EndPlayMap Detection: Level '/Game/Maps/Door_Kit.Door_Kit:PersistentLevel' has LevelScriptBlueprint '/Game/Maps/Door_Kit.Door_Kit:PersistentLevel.Door_Kit' with GeneratedClass '/Game/Maps/Door_Kit.Door_Kit_C' with ClassGeneratedBy '/Game/Maps/Door_Kit.Door_Kit:PersistentLevel.Door_Kit'
[2019.11.11-03.26.18:275][322]LogBlueprintUserMessages: Late EndPlayMap Detection: Level '/Game/Maps/Turret_Kit.Turret_Kit:PersistentLevel' has LevelScriptBlueprint '/Game/Maps/Turret_Kit.Turret_Kit:PersistentLevel.Turret_Kit' with GeneratedClass '/Game/Maps/Turret_Kit.Turret_Kit_C' with ClassGeneratedBy '/Game/Maps/Turret_Kit.Turret_Kit:PersistentLevel.Turret_Kit'
[2019.11.11-03.26.18:276][322]LogBlueprintUserMessages: Late EndPlayMap Detection: Level '/Game/Maps/Laser_Kit.Laser_Kit:PersistentLevel' has LevelScriptBlueprint '/Game/Maps/Laser_Kit.Laser_Kit:PersistentLevel.Laser_Kit' with GeneratedClass '/Game/Maps/Laser_Kit.Laser_Kit_C' with ClassGeneratedBy '/Game/Maps/Laser_Kit.Laser_Kit:PersistentLevel.Laser_Kit'
[2019.11.11-03.26.18:277][322]LogBlueprintUserMessages: Late EndPlayMap Detection: Level '/Game/Maps/Camera_Kit.Camera_Kit:PersistentLevel' has LevelScriptBlueprint '/Game/Maps/Camera_Kit.Camera_Kit:PersistentLevel.Camera_Kit' with GeneratedClass '/Game/Maps/Camera_Kit.Camera_Kit_C' with ClassGeneratedBy '/Game/Maps/Camera_Kit.Camera_Kit:PersistentLevel.Camera_Kit'
[2019.11.11-03.26.18:278][322]LogBlueprintUserMessages: Late EndPlayMap Detection: Level '/Game/Maps/Explosive_Kit.Explosive_Kit:PersistentLevel' has LevelScriptBlueprint '/Game/Maps/Explosive_Kit.Explosive_Kit:PersistentLevel.Explosive_Kit' with GeneratedClass '/Game/Maps/Explosive_Kit.Explosive_Kit_C' with ClassGeneratedBy '/Game/Maps/Explosive_Kit.Explosive_Kit:PersistentLevel.Explosive_Kit'
[2019.11.11-03.26.18:280][322]LogBlueprintUserMessages: Late EndPlayMap Detection: Level '/Game/Maps/Teleport_Kit.Teleport_Kit:PersistentLevel' has LevelScriptBlueprint '/Game/Maps/Teleport_Kit.Teleport_Kit:PersistentLevel.Teleport_Kit' with GeneratedClass '/Game/Maps/Teleport_Kit.Teleport_Kit_C' with ClassGeneratedBy '/Game/Maps/Teleport_Kit.Teleport_Kit:PersistentLevel.Teleport_Kit'
[2019.11.11-03.26.18:434][322]LogUObjectHash: Compacting FUObjectHashTables data took   8.56ms
[2019.11.11-03.26.18:646][323]LogPlayLevel: Display: Destroying online subsystem :Context_28
[2019.11.11-03.26.18:773][323]LogUObjectHash: Compacting FUObjectHashTables data took   4.04ms
[2019.11.11-03.26.23:579][451]LogEditorViewport: Clicking on Actor (LMB): StaticMeshActor (Floor)
[2019.11.11-03.26.25:036][490]LogSlate: FSceneViewport::OnFocusLost() reason 0
[2019.11.11-03.26.33:381][731]LogSlate: FSceneViewport::OnFocusLost() reason 0
[2019.11.11-03.26.44:793][  0]LogSlate: FSceneViewport::OnFocusLost() reason 0
[2019.11.11-03.26.44:915][  3]LogTemp: Repeating last play command: New Editor Window (PIE)
[2019.11.11-03.26.45:034][  3]LogBlueprintUserMessages: Early PlayInEditor Detection: Level '/Game/FirstPersonBP/Maps/FirstPersonExampleMap.FirstPersonExampleMap:PersistentLevel' has LevelScriptBlueprint '/Game/FirstPersonBP/Maps/FirstPersonExampleMap.FirstPersonExampleMap:PersistentLevel.FirstPersonExampleMap' with GeneratedClass '/Game/FirstPersonBP/Maps/FirstPersonExampleMap.FirstPersonExampleMap_C' with ClassGeneratedBy '/Game/FirstPersonBP/Maps/FirstPersonExampleMap.FirstPersonExampleMap:PersistentLevel.FirstPersonExampleMap'
[2019.11.11-03.26.45:036][  3]LogBlueprintUserMessages: Early PlayInEditor Detection: Level '/Game/Maps/Door_Kit.Door_Kit:PersistentLevel' has LevelScriptBlueprint '/Game/Maps/Door_Kit.Door_Kit:PersistentLevel.Door_Kit' with GeneratedClass '/Game/Maps/Door_Kit.Door_Kit_C' with ClassGeneratedBy '/Game/Maps/Door_Kit.Door_Kit:PersistentLevel.Door_Kit'
[2019.11.11-03.26.45:037][  3]LogBlueprintUserMessages: Early PlayInEditor Detection: Level '/Game/Maps/Turret_Kit.Turret_Kit:PersistentLevel' has LevelScriptBlueprint '/Game/Maps/Turret_Kit.Turret_Kit:PersistentLevel.Turret_Kit' with GeneratedClass '/Game/Maps/Turret_Kit.Turret_Kit_C' with ClassGeneratedBy '/Game/Maps/Turret_Kit.Turret_Kit:PersistentLevel.Turret_Kit'
[2019.11.11-03.26.45:039][  3]LogBlueprintUserMessages: Early PlayInEditor Detection: Level '/Game/Maps/Laser_Kit.Laser_Kit:PersistentLevel' has LevelScriptBlueprint '/Game/Maps/Laser_Kit.Laser_Kit:PersistentLevel.Laser_Kit' with GeneratedClass '/Game/Maps/Laser_Kit.Laser_Kit_C' with ClassGeneratedBy '/Game/Maps/Laser_Kit.Laser_Kit:PersistentLevel.Laser_Kit'
[2019.11.11-03.26.45:040][  3]LogBlueprintUserMessages: Early PlayInEditor Detection: Level '/Game/Maps/Camera_Kit.Camera_Kit:PersistentLevel' has LevelScriptBlueprint '/Game/Maps/Camera_Kit.Camera_Kit:PersistentLevel.Camera_Kit' with GeneratedClass '/Game/Maps/Camera_Kit.Camera_Kit_C' with ClassGeneratedBy '/Game/Maps/Camera_Kit.Camera_Kit:PersistentLevel.Camera_Kit'
[2019.11.11-03.26.45:041][  3]LogBlueprintUserMessages: Early PlayInEditor Detection: Level '/Game/Maps/Explosive_Kit.Explosive_Kit:PersistentLevel' has LevelScriptBlueprint '/Game/Maps/Explosive_Kit.Explosive_Kit:PersistentLevel.Explosive_Kit' with GeneratedClass '/Game/Maps/Explosive_Kit.Explosive_Kit_C' with ClassGeneratedBy '/Game/Maps/Explosive_Kit.Explosive_Kit:PersistentLevel.Explosive_Kit'
[2019.11.11-03.26.45:043][  3]LogBlueprintUserMessages: Early PlayInEditor Detection: Level '/Game/Maps/Teleport_Kit.Teleport_Kit:PersistentLevel' has LevelScriptBlueprint '/Game/Maps/Teleport_Kit.Teleport_Kit:PersistentLevel.Teleport_Kit' with GeneratedClass '/Game/Maps/Teleport_Kit.Teleport_Kit_C' with ClassGeneratedBy '/Game/Maps/Teleport_Kit.Teleport_Kit:PersistentLevel.Teleport_Kit'
[2019.11.11-03.26.45:044][  3]LogPlayLevel: PlayLevel: No blueprints needed recompiling
[2019.11.11-03.26.45:045][  3]PIE: New page: PIE session: FirstPersonExampleMap (Nov 10, 2019, 11:26:45 AM)
[2019.11.11-03.26.45:046][  3]LogPlayLevel: Creating play world package: /Game/FirstPersonBP/Maps/UEDPIE_0_FirstPersonExampleMap
[2019.11.11-03.26.45:092][  3]LogPlayLevel: PIE: StaticDuplicateObject took: (0.045269s)
[2019.11.11-03.26.45:095][  3]LogAIModule: Creating AISystem for world FirstPersonExampleMap
[2019.11.11-03.26.45:097][  3]LogPlayLevel: PIE: World Init took: (0.004568s)
[2019.11.11-03.26.45:098][  3]LogPlayLevel: PIE: Created PIE world by copying editor world from /Game/FirstPersonBP/Maps/FirstPersonExampleMap.FirstPersonExampleMap to /Game/FirstPersonBP/Maps/UEDPIE_0_FirstPersonExampleMap.FirstPersonExampleMap (0.052407s)
[2019.11.11-03.26.45:225][  3]LogUObjectHash: Compacting FUObjectHashTables data took   9.16ms
[2019.11.11-03.26.45:317][  3]LogInit: XAudio2 using 'Headset Earphone (SteelSeries Arctis 5 Chat)' : 2 channels at 48 kHz using 16 bits per sample (channel mask 0x3)
[2019.11.11-03.26.45:363][  3]LogInit: FAudioDevice initialized.
[2019.11.11-03.26.45:383][  3]LogSlate: Updating window title bar state: overlay mode, drag disabled, window buttons hidden, title bar hidden
[2019.11.11-03.26.45:428][  3]LogLoad: Game class is 'FirstPersonGameMode_C'
[2019.11.11-03.26.45:438][  3]LogWorld: Bringing World /Game/FirstPersonBP/Maps/UEDPIE_0_FirstPersonExampleMap.FirstPersonExampleMap up for play (max tick rate 60) at 2019.11.10-19.26.45
[2019.11.11-03.26.45:439][  3]LogWorld: Bringing up level for play took: 0.008804
[2019.11.11-03.26.45:468][  3]PIE: Play in editor start time for /Game/FirstPersonBP/Maps/UEDPIE_0_FirstPersonExampleMap 0.757
[2019.11.11-03.26.45:469][  3]LogBlueprintUserMessages: Late PlayInEditor Detection: Level '/Game/FirstPersonBP/Maps/FirstPersonExampleMap.FirstPersonExampleMap:PersistentLevel' has LevelScriptBlueprint '/Game/FirstPersonBP/Maps/FirstPersonExampleMap.FirstPersonExampleMap:PersistentLevel.FirstPersonExampleMap' with GeneratedClass '/Game/FirstPersonBP/Maps/FirstPersonExampleMap.FirstPersonExampleMap_C' with ClassGeneratedBy '/Game/FirstPersonBP/Maps/FirstPersonExampleMap.FirstPersonExampleMap:PersistentLevel.FirstPersonExampleMap'
[2019.11.11-03.26.45:471][  3]LogBlueprintUserMessages: Late PlayInEditor Detection: Level '/Game/Maps/Door_Kit.Door_Kit:PersistentLevel' has LevelScriptBlueprint '/Game/Maps/Door_Kit.Door_Kit:PersistentLevel.Door_Kit' with GeneratedClass '/Game/Maps/Door_Kit.Door_Kit_C' with ClassGeneratedBy '/Game/Maps/Door_Kit.Door_Kit:PersistentLevel.Door_Kit'
[2019.11.11-03.26.45:472][  3]LogBlueprintUserMessages: Late PlayInEditor Detection: Level '/Game/Maps/Turret_Kit.Turret_Kit:PersistentLevel' has LevelScriptBlueprint '/Game/Maps/Turret_Kit.Turret_Kit:PersistentLevel.Turret_Kit' with GeneratedClass '/Game/Maps/Turret_Kit.Turret_Kit_C' with ClassGeneratedBy '/Game/Maps/Turret_Kit.Turret_Kit:PersistentLevel.Turret_Kit'
[2019.11.11-03.26.45:474][  3]LogBlueprintUserMessages: Late PlayInEditor Detection: Level '/Game/Maps/Laser_Kit.Laser_Kit:PersistentLevel' has LevelScriptBlueprint '/Game/Maps/Laser_Kit.Laser_Kit:PersistentLevel.Laser_Kit' with GeneratedClass '/Game/Maps/Laser_Kit.Laser_Kit_C' with ClassGeneratedBy '/Game/Maps/Laser_Kit.Laser_Kit:PersistentLevel.Laser_Kit'
[2019.11.11-03.26.45:475][  3]LogBlueprintUserMessages: Late PlayInEditor Detection: Level '/Game/Maps/Camera_Kit.Camera_Kit:PersistentLevel' has LevelScriptBlueprint '/Game/Maps/Camera_Kit.Camera_Kit:PersistentLevel.Camera_Kit' with GeneratedClass '/Game/Maps/Camera_Kit.Camera_Kit_C' with ClassGeneratedBy '/Game/Maps/Camera_Kit.Camera_Kit:PersistentLevel.Camera_Kit'
[2019.11.11-03.26.45:477][  3]LogBlueprintUserMessages: Late PlayInEditor Detection: Level '/Game/Maps/Explosive_Kit.Explosive_Kit:PersistentLevel' has LevelScriptBlueprint '/Game/Maps/Explosive_Kit.Explosive_Kit:PersistentLevel.Explosive_Kit' with GeneratedClass '/Game/Maps/Explosive_Kit.Explosive_Kit_C' with ClassGeneratedBy '/Game/Maps/Explosive_Kit.Explosive_Kit:PersistentLevel.Explosive_Kit'
[2019.11.11-03.26.45:479][  3]LogBlueprintUserMessages: Late PlayInEditor Detection: Level '/Game/Maps/Teleport_Kit.Teleport_Kit:PersistentLevel' has LevelScriptBlueprint '/Game/Maps/Teleport_Kit.Teleport_Kit:PersistentLevel.Teleport_Kit' with GeneratedClass '/Game/Maps/Teleport_Kit.Teleport_Kit_C' with ClassGeneratedBy '/Game/Maps/Teleport_Kit.Teleport_Kit:PersistentLevel.Teleport_Kit'
[2019.11.11-03.26.47:863][ 57]LogLevel: ActivateLevel /Game/Maps/UEDPIE_0_Door_Kit 1 1 0
[2019.11.11-03.26.48:394][ 68]LogLevel: ActivateLevel /Game/Maps/UEDPIE_0_Teleport_Kit 1 1 0
[2019.11.11-03.26.50:135][107]LogLevel: ActivateLevel /Game/Maps/UEDPIE_0_Door_Kit 0 0 0
[2019.11.11-03.26.50:137][107]LogLevel: ActivateLevel /Game/Maps/UEDPIE_0_Camera_Kit 0 0 0
[2019.11.11-03.26.50:138][107]LogLevel: ActivateLevel /Game/Maps/UEDPIE_0_Teleport_Kit 0 0 0
[2019.11.11-03.26.50:349][108]LogUObjectHash: Compacting FUObjectHashTables data took  10.08ms
[2019.11.11-03.26.50:559][109]LogUObjectHash: Compacting FUObjectHashTables data took   8.38ms
[2019.11.11-03.26.52:431][160]LogLevel: ActivateLevel /Game/Maps/UEDPIE_0_Door_Kit 1 1 0
[2019.11.11-03.26.53:871][197]LogLevel: ActivateLevel /Game/Maps/UEDPIE_0_Door_Kit 0 0 0
[2019.11.11-03.26.53:875][197]LogLevel: ActivateLevel /Game/Maps/UEDPIE_0_Camera_Kit 0 0 0
[2019.11.11-03.26.53:876][197]LogLevel: ActivateLevel /Game/Maps/UEDPIE_0_Teleport_Kit 0 0 0
[2019.11.11-03.26.54:074][198]LogUObjectHash: Compacting FUObjectHashTables data took   3.01ms
[2019.11.11-03.26.54:817][219]LogBlueprintUserMessages: Early EndPlayMap Detection: Level '/Game/FirstPersonBP/Maps/FirstPersonExampleMap.FirstPersonExampleMap:PersistentLevel' has LevelScriptBlueprint '/Game/FirstPersonBP/Maps/FirstPersonExampleMap.FirstPersonExampleMap:PersistentLevel.FirstPersonExampleMap' with GeneratedClass '/Game/FirstPersonBP/Maps/FirstPersonExampleMap.FirstPersonExampleMap_C' with ClassGeneratedBy '/Game/FirstPersonBP/Maps/FirstPersonExampleMap.FirstPersonExampleMap:PersistentLevel.FirstPersonExampleMap'
[2019.11.11-03.26.54:819][219]LogBlueprintUserMessages: Early EndPlayMap Detection: Level '/Game/Maps/Door_Kit.Door_Kit:PersistentLevel' has LevelScriptBlueprint '/Game/Maps/Door_Kit.Door_Kit:PersistentLevel.Door_Kit' with GeneratedClass '/Game/Maps/Door_Kit.Door_Kit_C' with ClassGeneratedBy '/Game/Maps/Door_Kit.Door_Kit:PersistentLevel.Door_Kit'
[2019.11.11-03.26.54:820][219]LogBlueprintUserMessages: Early EndPlayMap Detection: Level '/Game/Maps/Turret_Kit.Turret_Kit:PersistentLevel' has LevelScriptBlueprint '/Game/Maps/Turret_Kit.Turret_Kit:PersistentLevel.Turret_Kit' with GeneratedClass '/Game/Maps/Turret_Kit.Turret_Kit_C' with ClassGeneratedBy '/Game/Maps/Turret_Kit.Turret_Kit:PersistentLevel.Turret_Kit'
[2019.11.11-03.26.54:822][219]LogBlueprintUserMessages: Early EndPlayMap Detection: Level '/Game/Maps/Laser_Kit.Laser_Kit:PersistentLevel' has LevelScriptBlueprint '/Game/Maps/Laser_Kit.Laser_Kit:PersistentLevel.Laser_Kit' with GeneratedClass '/Game/Maps/Laser_Kit.Laser_Kit_C' with ClassGeneratedBy '/Game/Maps/Laser_Kit.Laser_Kit:PersistentLevel.Laser_Kit'
[2019.11.11-03.26.54:823][219]LogBlueprintUserMessages: Early EndPlayMap Detection: Level '/Game/Maps/Camera_Kit.Camera_Kit:PersistentLevel' has LevelScriptBlueprint '/Game/Maps/Camera_Kit.Camera_Kit:PersistentLevel.Camera_Kit' with GeneratedClass '/Game/Maps/Camera_Kit.Camera_Kit_C' with ClassGeneratedBy '/Game/Maps/Camera_Kit.Camera_Kit:PersistentLevel.Camera_Kit'
[2019.11.11-03.26.54:825][219]LogBlueprintUserMessages: Early EndPlayMap Detection: Level '/Game/Maps/Explosive_Kit.Explosive_Kit:PersistentLevel' has LevelScriptBlueprint '/Game/Maps/Explosive_Kit.Explosive_Kit:PersistentLevel.Explosive_Kit' with GeneratedClass '/Game/Maps/Explosive_Kit.Explosive_Kit_C' with ClassGeneratedBy '/Game/Maps/Explosive_Kit.Explosive_Kit:PersistentLevel.Explosive_Kit'
[2019.11.11-03.26.54:827][219]LogBlueprintUserMessages: Early EndPlayMap Detection: Level '/Game/Maps/Teleport_Kit.Teleport_Kit:PersistentLevel' has LevelScriptBlueprint '/Game/Maps/Teleport_Kit.Teleport_Kit:PersistentLevel.Teleport_Kit' with GeneratedClass '/Game/Maps/Teleport_Kit.Teleport_Kit_C' with ClassGeneratedBy '/Game/Maps/Teleport_Kit.Teleport_Kit:PersistentLevel.Teleport_Kit'
[2019.11.11-03.26.54:828][219]LogSlate: Updating window title bar state: overlay mode, drag disabled, window buttons hidden, title bar hidden
[2019.11.11-03.26.54:880][219]LogSlate: Window 'Mechanics_Sandbox Game Preview Standalone (64-bit/PCD3D_SM5)' being destroyed
[2019.11.11-03.26.54:973][219]LogPlayLevel: Display: Shutting down PIE online subsystems
[2019.11.11-03.26.54:974][219]LogBlueprintUserMessages: Late EndPlayMap Detection: Level '/Game/FirstPersonBP/Maps/FirstPersonExampleMap.FirstPersonExampleMap:PersistentLevel' has LevelScriptBlueprint '/Game/FirstPersonBP/Maps/FirstPersonExampleMap.FirstPersonExampleMap:PersistentLevel.FirstPersonExampleMap' with GeneratedClass '/Game/FirstPersonBP/Maps/FirstPersonExampleMap.FirstPersonExampleMap_C' with ClassGeneratedBy '/Game/FirstPersonBP/Maps/FirstPersonExampleMap.FirstPersonExampleMap:PersistentLevel.FirstPersonExampleMap'
[2019.11.11-03.26.54:975][219]LogBlueprintUserMessages: Late EndPlayMap Detection: Level '/Game/Maps/Door_Kit.Door_Kit:PersistentLevel' has LevelScriptBlueprint '/Game/Maps/Door_Kit.Door_Kit:PersistentLevel.Door_Kit' with GeneratedClass '/Game/Maps/Door_Kit.Door_Kit_C' with ClassGeneratedBy '/Game/Maps/Door_Kit.Door_Kit:PersistentLevel.Door_Kit'
[2019.11.11-03.26.54:977][219]LogBlueprintUserMessages: Late EndPlayMap Detection: Level '/Game/Maps/Turret_Kit.Turret_Kit:PersistentLevel' has LevelScriptBlueprint '/Game/Maps/Turret_Kit.Turret_Kit:PersistentLevel.Turret_Kit' with GeneratedClass '/Game/Maps/Turret_Kit.Turret_Kit_C' with ClassGeneratedBy '/Game/Maps/Turret_Kit.Turret_Kit:PersistentLevel.Turret_Kit'
[2019.11.11-03.26.54:978][219]LogBlueprintUserMessages: Late EndPlayMap Detection: Level '/Game/Maps/Laser_Kit.Laser_Kit:PersistentLevel' has LevelScriptBlueprint '/Game/Maps/Laser_Kit.Laser_Kit:PersistentLevel.Laser_Kit' with GeneratedClass '/Game/Maps/Laser_Kit.Laser_Kit_C' with ClassGeneratedBy '/Game/Maps/Laser_Kit.Laser_Kit:PersistentLevel.Laser_Kit'
[2019.11.11-03.26.54:979][219]LogBlueprintUserMessages: Late EndPlayMap Detection: Level '/Game/Maps/Camera_Kit.Camera_Kit:PersistentLevel' has LevelScriptBlueprint '/Game/Maps/Camera_Kit.Camera_Kit:PersistentLevel.Camera_Kit' with GeneratedClass '/Game/Maps/Camera_Kit.Camera_Kit_C' with ClassGeneratedBy '/Game/Maps/Camera_Kit.Camera_Kit:PersistentLevel.Camera_Kit'
[2019.11.11-03.26.54:981][219]LogBlueprintUserMessages: Late EndPlayMap Detection: Level '/Game/Maps/Explosive_Kit.Explosive_Kit:PersistentLevel' has LevelScriptBlueprint '/Game/Maps/Explosive_Kit.Explosive_Kit:PersistentLevel.Explosive_Kit' with GeneratedClass '/Game/Maps/Explosive_Kit.Explosive_Kit_C' with ClassGeneratedBy '/Game/Maps/Explosive_Kit.Explosive_Kit:PersistentLevel.Explosive_Kit'
[2019.11.11-03.26.54:982][219]LogBlueprintUserMessages: Late EndPlayMap Detection: Level '/Game/Maps/Teleport_Kit.Teleport_Kit:PersistentLevel' has LevelScriptBlueprint '/Game/Maps/Teleport_Kit.Teleport_Kit:PersistentLevel.Teleport_Kit' with GeneratedClass '/Game/Maps/Teleport_Kit.Teleport_Kit_C' with ClassGeneratedBy '/Game/Maps/Teleport_Kit.Teleport_Kit:PersistentLevel.Teleport_Kit'
[2019.11.11-03.26.55:143][219]LogUObjectHash: Compacting FUObjectHashTables data took   9.55ms
[2019.11.11-03.26.55:382][220]LogPlayLevel: Display: Destroying online subsystem :Context_29
[2019.11.11-03.26.58:961][318]LogSlate: FSceneViewport::OnFocusLost() reason 0
[2019.11.11-03.27.22:777][ 40]LogTemp: Repeating last play command: New Editor Window (PIE)
[2019.11.11-03.27.22:854][ 40]LogBlueprintUserMessages: Early PlayInEditor Detection: Level '/Game/FirstPersonBP/Maps/FirstPersonExampleMap.FirstPersonExampleMap:PersistentLevel' has LevelScriptBlueprint '/Game/FirstPersonBP/Maps/FirstPersonExampleMap.FirstPersonExampleMap:PersistentLevel.FirstPersonExampleMap' with GeneratedClass '/Game/FirstPersonBP/Maps/FirstPersonExampleMap.FirstPersonExampleMap_C' with ClassGeneratedBy '/Game/FirstPersonBP/Maps/FirstPersonExampleMap.FirstPersonExampleMap:PersistentLevel.FirstPersonExampleMap'
[2019.11.11-03.27.22:856][ 40]LogBlueprintUserMessages: Early PlayInEditor Detection: Level '/Game/Maps/Door_Kit.Door_Kit:PersistentLevel' has LevelScriptBlueprint '/Game/Maps/Door_Kit.Door_Kit:PersistentLevel.Door_Kit' with GeneratedClass '/Game/Maps/Door_Kit.Door_Kit_C' with ClassGeneratedBy '/Game/Maps/Door_Kit.Door_Kit:PersistentLevel.Door_Kit'
[2019.11.11-03.27.22:857][ 40]LogBlueprintUserMessages: Early PlayInEditor Detection: Level '/Game/Maps/Turret_Kit.Turret_Kit:PersistentLevel' has LevelScriptBlueprint '/Game/Maps/Turret_Kit.Turret_Kit:PersistentLevel.Turret_Kit' with GeneratedClass '/Game/Maps/Turret_Kit.Turret_Kit_C' with ClassGeneratedBy '/Game/Maps/Turret_Kit.Turret_Kit:PersistentLevel.Turret_Kit'
[2019.11.11-03.27.22:858][ 40]LogBlueprintUserMessages: Early PlayInEditor Detection: Level '/Game/Maps/Laser_Kit.Laser_Kit:PersistentLevel' has LevelScriptBlueprint '/Game/Maps/Laser_Kit.Laser_Kit:PersistentLevel.Laser_Kit' with GeneratedClass '/Game/Maps/Laser_Kit.Laser_Kit_C' with ClassGeneratedBy '/Game/Maps/Laser_Kit.Laser_Kit:PersistentLevel.Laser_Kit'
[2019.11.11-03.27.22:859][ 40]LogBlueprintUserMessages: Early PlayInEditor Detection: Level '/Game/Maps/Camera_Kit.Camera_Kit:PersistentLevel' has LevelScriptBlueprint '/Game/Maps/Camera_Kit.Camera_Kit:PersistentLevel.Camera_Kit' with GeneratedClass '/Game/Maps/Camera_Kit.Camera_Kit_C' with ClassGeneratedBy '/Game/Maps/Camera_Kit.Camera_Kit:PersistentLevel.Camera_Kit'
[2019.11.11-03.27.22:860][ 40]LogBlueprintUserMessages: Early PlayInEditor Detection: Level '/Game/Maps/Explosive_Kit.Explosive_Kit:PersistentLevel' has LevelScriptBlueprint '/Game/Maps/Explosive_Kit.Explosive_Kit:PersistentLevel.Explosive_Kit' with GeneratedClass '/Game/Maps/Explosive_Kit.Explosive_Kit_C' with ClassGeneratedBy '/Game/Maps/Explosive_Kit.Explosive_Kit:PersistentLevel.Explosive_Kit'
[2019.11.11-03.27.22:861][ 40]LogBlueprintUserMessages: Early PlayInEditor Detection: Level '/Game/Maps/Teleport_Kit.Teleport_Kit:PersistentLevel' has LevelScriptBlueprint '/Game/Maps/Teleport_Kit.Teleport_Kit:PersistentLevel.Teleport_Kit' with GeneratedClass '/Game/Maps/Teleport_Kit.Teleport_Kit_C' with ClassGeneratedBy '/Game/Maps/Teleport_Kit.Teleport_Kit:PersistentLevel.Teleport_Kit'
[2019.11.11-03.27.22:862][ 40]LogPlayLevel: PlayLevel: No blueprints needed recompiling
[2019.11.11-03.27.22:862][ 40]PIE: New page: PIE session: FirstPersonExampleMap (Nov 10, 2019, 11:27:22 AM)
[2019.11.11-03.27.22:862][ 40]LogPlayLevel: Creating play world package: /Game/FirstPersonBP/Maps/UEDPIE_0_FirstPersonExampleMap
[2019.11.11-03.27.22:896][ 40]LogPlayLevel: PIE: StaticDuplicateObject took: (0.033336s)
[2019.11.11-03.27.22:898][ 40]LogAIModule: Creating AISystem for world FirstPersonExampleMap
[2019.11.11-03.27.22:899][ 40]LogPlayLevel: PIE: World Init took: (0.002239s)
[2019.11.11-03.27.22:900][ 40]LogPlayLevel: PIE: Created PIE world by copying editor world from /Game/FirstPersonBP/Maps/FirstPersonExampleMap.FirstPersonExampleMap to /Game/FirstPersonBP/Maps/UEDPIE_0_FirstPersonExampleMap.FirstPersonExampleMap (0.037147s)
[2019.11.11-03.27.23:024][ 40]LogUObjectHash: Compacting FUObjectHashTables data took   6.36ms
[2019.11.11-03.27.23:093][ 40]LogInit: XAudio2 using 'Headset Earphone (SteelSeries Arctis 5 Chat)' : 2 channels at 48 kHz using 16 bits per sample (channel mask 0x3)
[2019.11.11-03.27.23:133][ 40]LogInit: FAudioDevice initialized.
[2019.11.11-03.27.23:151][ 40]LogSlate: Updating window title bar state: overlay mode, drag disabled, window buttons hidden, title bar hidden
[2019.11.11-03.27.23:198][ 40]LogLoad: Game class is 'FirstPersonGameMode_C'
[2019.11.11-03.27.23:207][ 40]LogWorld: Bringing World /Game/FirstPersonBP/Maps/UEDPIE_0_FirstPersonExampleMap.FirstPersonExampleMap up for play (max tick rate 60) at 2019.11.10-19.27.23
[2019.11.11-03.27.23:209][ 40]LogWorld: Bringing up level for play took: 0.009100
[2019.11.11-03.27.23:236][ 40]PIE: Play in editor start time for /Game/FirstPersonBP/Maps/UEDPIE_0_FirstPersonExampleMap 0.525
[2019.11.11-03.27.23:237][ 40]LogBlueprintUserMessages: Late PlayInEditor Detection: Level '/Game/FirstPersonBP/Maps/FirstPersonExampleMap.FirstPersonExampleMap:PersistentLevel' has LevelScriptBlueprint '/Game/FirstPersonBP/Maps/FirstPersonExampleMap.FirstPersonExampleMap:PersistentLevel.FirstPersonExampleMap' with GeneratedClass '/Game/FirstPersonBP/Maps/FirstPersonExampleMap.FirstPersonExampleMap_C' with ClassGeneratedBy '/Game/FirstPersonBP/Maps/FirstPersonExampleMap.FirstPersonExampleMap:PersistentLevel.FirstPersonExampleMap'
[2019.11.11-03.27.23:240][ 40]LogBlueprintUserMessages: Late PlayInEditor Detection: Level '/Game/Maps/Door_Kit.Door_Kit:PersistentLevel' has LevelScriptBlueprint '/Game/Maps/Door_Kit.Door_Kit:PersistentLevel.Door_Kit' with GeneratedClass '/Game/Maps/Door_Kit.Door_Kit_C' with ClassGeneratedBy '/Game/Maps/Door_Kit.Door_Kit:PersistentLevel.Door_Kit'
[2019.11.11-03.27.23:241][ 40]LogBlueprintUserMessages: Late PlayInEditor Detection: Level '/Game/Maps/Turret_Kit.Turret_Kit:PersistentLevel' has LevelScriptBlueprint '/Game/Maps/Turret_Kit.Turret_Kit:PersistentLevel.Turret_Kit' with GeneratedClass '/Game/Maps/Turret_Kit.Turret_Kit_C' with ClassGeneratedBy '/Game/Maps/Turret_Kit.Turret_Kit:PersistentLevel.Turret_Kit'
[2019.11.11-03.27.23:243][ 40]LogBlueprintUserMessages: Late PlayInEditor Detection: Level '/Game/Maps/Laser_Kit.Laser_Kit:PersistentLevel' has LevelScriptBlueprint '/Game/Maps/Laser_Kit.Laser_Kit:PersistentLevel.Laser_Kit' with GeneratedClass '/Game/Maps/Laser_Kit.Laser_Kit_C' with ClassGeneratedBy '/Game/Maps/Laser_Kit.Laser_Kit:PersistentLevel.Laser_Kit'
[2019.11.11-03.27.23:244][ 40]LogBlueprintUserMessages: Late PlayInEditor Detection: Level '/Game/Maps/Camera_Kit.Camera_Kit:PersistentLevel' has LevelScriptBlueprint '/Game/Maps/Camera_Kit.Camera_Kit:PersistentLevel.Camera_Kit' with GeneratedClass '/Game/Maps/Camera_Kit.Camera_Kit_C' with ClassGeneratedBy '/Game/Maps/Camera_Kit.Camera_Kit:PersistentLevel.Camera_Kit'
[2019.11.11-03.27.23:245][ 40]LogBlueprintUserMessages: Late PlayInEditor Detection: Level '/Game/Maps/Explosive_Kit.Explosive_Kit:PersistentLevel' has LevelScriptBlueprint '/Game/Maps/Explosive_Kit.Explosive_Kit:PersistentLevel.Explosive_Kit' with GeneratedClass '/Game/Maps/Explosive_Kit.Explosive_Kit_C' with ClassGeneratedBy '/Game/Maps/Explosive_Kit.Explosive_Kit:PersistentLevel.Explosive_Kit'
[2019.11.11-03.27.23:246][ 40]LogBlueprintUserMessages: Late PlayInEditor Detection: Level '/Game/Maps/Teleport_Kit.Teleport_Kit:PersistentLevel' has LevelScriptBlueprint '/Game/Maps/Teleport_Kit.Teleport_Kit:PersistentLevel.Teleport_Kit' with GeneratedClass '/Game/Maps/Teleport_Kit.Teleport_Kit_C' with ClassGeneratedBy '/Game/Maps/Teleport_Kit.Teleport_Kit:PersistentLevel.Teleport_Kit'
[2019.11.11-03.27.27:351][148]LogLevel: ActivateLevel /Game/Maps/UEDPIE_0_Door_Kit 1 1 0
[2019.11.11-03.27.27:642][155]LogLevel: ActivateLevel /Game/Maps/UEDPIE_0_Teleport_Kit 1 1 0
[2019.11.11-03.27.28:199][166]LogLevel: ActivateLevel /Game/Maps/UEDPIE_0_Camera_Kit 1 1 0
[2019.11.11-03.27.28:659][176]LogLevel: ActivateLevel /Game/Maps/UEDPIE_0_Camera_Kit 0 0 0
[2019.11.11-03.27.28:661][176]LogLevel: ActivateLevel /Game/Maps/UEDPIE_0_Laser_Kit 0 0 0
[2019.11.11-03.27.28:845][177]LogUObjectHash: Compacting FUObjectHashTables data took   6.18ms
[2019.11.11-03.27.29:230][188]LogLevel: ActivateLevel /Game/Maps/UEDPIE_0_Door_Kit 0 0 0
[2019.11.11-03.27.29:234][188]LogLevel: ActivateLevel /Game/Maps/UEDPIE_0_Camera_Kit 0 0 0
[2019.11.11-03.27.29:235][188]LogBlueprintDebug: Warning: Hit breakpoint on node 'K2Node_ActorBoundEvent', from offset 0
[2019.11.11-03.27.29:236][188]LogBlueprintDebug: 
Script call stack:
	Function /Game/FirstPersonBP/Maps/FirstPersonExampleMap.FirstPersonExampleMap_C:BndEvt__Kit_Teleport_K2Node_ActorBoundEvent_10_ActorEndOverlapSignature__DelegateSignature

[2019.11.11-03.27.29:246][188]LogSlate: FSceneViewport::OnFocusLost() reason 2
[2019.11.11-03.27.48:261][188]LogLevel: ActivateLevel /Game/Maps/UEDPIE_0_Teleport_Kit 0 0 0
[2019.11.11-03.27.48:262][188]LogBlueprintUserMessages: Early EndPlayMap Detection: Level '/Game/FirstPersonBP/Maps/FirstPersonExampleMap.FirstPersonExampleMap:PersistentLevel' has LevelScriptBlueprint '/Game/FirstPersonBP/Maps/FirstPersonExampleMap.FirstPersonExampleMap:PersistentLevel.FirstPersonExampleMap' with GeneratedClass '/Game/FirstPersonBP/Maps/FirstPersonExampleMap.FirstPersonExampleMap_C' with ClassGeneratedBy '/Game/FirstPersonBP/Maps/FirstPersonExampleMap.FirstPersonExampleMap:PersistentLevel.FirstPersonExampleMap'
[2019.11.11-03.27.48:265][188]LogBlueprintUserMessages: Early EndPlayMap Detection: Level '/Game/Maps/Door_Kit.Door_Kit:PersistentLevel' has LevelScriptBlueprint '/Game/Maps/Door_Kit.Door_Kit:PersistentLevel.Door_Kit' with GeneratedClass '/Game/Maps/Door_Kit.Door_Kit_C' with ClassGeneratedBy '/Game/Maps/Door_Kit.Door_Kit:PersistentLevel.Door_Kit'
[2019.11.11-03.27.48:266][188]LogBlueprintUserMessages: Early EndPlayMap Detection: Level '/Game/Maps/Turret_Kit.Turret_Kit:PersistentLevel' has LevelScriptBlueprint '/Game/Maps/Turret_Kit.Turret_Kit:PersistentLevel.Turret_Kit' with GeneratedClass '/Game/Maps/Turret_Kit.Turret_Kit_C' with ClassGeneratedBy '/Game/Maps/Turret_Kit.Turret_Kit:PersistentLevel.Turret_Kit'
[2019.11.11-03.27.48:268][188]LogBlueprintUserMessages: Early EndPlayMap Detection: Level '/Game/Maps/Laser_Kit.Laser_Kit:PersistentLevel' has LevelScriptBlueprint '/Game/Maps/Laser_Kit.Laser_Kit:PersistentLevel.Laser_Kit' with GeneratedClass '/Game/Maps/Laser_Kit.Laser_Kit_C' with ClassGeneratedBy '/Game/Maps/Laser_Kit.Laser_Kit:PersistentLevel.Laser_Kit'
[2019.11.11-03.27.48:269][188]LogBlueprintUserMessages: Early EndPlayMap Detection: Level '/Game/Maps/Camera_Kit.Camera_Kit:PersistentLevel' has LevelScriptBlueprint '/Game/Maps/Camera_Kit.Camera_Kit:PersistentLevel.Camera_Kit' with GeneratedClass '/Game/Maps/Camera_Kit.Camera_Kit_C' with ClassGeneratedBy '/Game/Maps/Camera_Kit.Camera_Kit:PersistentLevel.Camera_Kit'
[2019.11.11-03.27.48:270][188]LogBlueprintUserMessages: Early EndPlayMap Detection: Level '/Game/Maps/Explosive_Kit.Explosive_Kit:PersistentLevel' has LevelScriptBlueprint '/Game/Maps/Explosive_Kit.Explosive_Kit:PersistentLevel.Explosive_Kit' with GeneratedClass '/Game/Maps/Explosive_Kit.Explosive_Kit_C' with ClassGeneratedBy '/Game/Maps/Explosive_Kit.Explosive_Kit:PersistentLevel.Explosive_Kit'
[2019.11.11-03.27.48:272][188]LogBlueprintUserMessages: Early EndPlayMap Detection: Level '/Game/Maps/Teleport_Kit.Teleport_Kit:PersistentLevel' has LevelScriptBlueprint '/Game/Maps/Teleport_Kit.Teleport_Kit:PersistentLevel.Teleport_Kit' with GeneratedClass '/Game/Maps/Teleport_Kit.Teleport_Kit_C' with ClassGeneratedBy '/Game/Maps/Teleport_Kit.Teleport_Kit:PersistentLevel.Teleport_Kit'
[2019.11.11-03.27.48:274][188]LogSlate: Updating window title bar state: overlay mode, drag disabled, window buttons hidden, title bar hidden
[2019.11.11-03.27.48:327][188]LogSlate: Window 'Mechanics_Sandbox Game Preview Standalone (64-bit/PCD3D_SM5)' being destroyed
[2019.11.11-03.27.48:407][188]LogPlayLevel: Display: Shutting down PIE online subsystems
[2019.11.11-03.27.48:407][188]LogBlueprintUserMessages: Late EndPlayMap Detection: Level '/Game/FirstPersonBP/Maps/FirstPersonExampleMap.FirstPersonExampleMap:PersistentLevel' has LevelScriptBlueprint '/Game/FirstPersonBP/Maps/FirstPersonExampleMap.FirstPersonExampleMap:PersistentLevel.FirstPersonExampleMap' with GeneratedClass '/Game/FirstPersonBP/Maps/FirstPersonExampleMap.FirstPersonExampleMap_C' with ClassGeneratedBy '/Game/FirstPersonBP/Maps/FirstPersonExampleMap.FirstPersonExampleMap:PersistentLevel.FirstPersonExampleMap'
[2019.11.11-03.27.48:409][188]LogBlueprintUserMessages: Late EndPlayMap Detection: Level '/Game/Maps/Door_Kit.Door_Kit:PersistentLevel' has LevelScriptBlueprint '/Game/Maps/Door_Kit.Door_Kit:PersistentLevel.Door_Kit' with GeneratedClass '/Game/Maps/Door_Kit.Door_Kit_C' with ClassGeneratedBy '/Game/Maps/Door_Kit.Door_Kit:PersistentLevel.Door_Kit'
[2019.11.11-03.27.48:410][188]LogBlueprintUserMessages: Late EndPlayMap Detection: Level '/Game/Maps/Turret_Kit.Turret_Kit:PersistentLevel' has LevelScriptBlueprint '/Game/Maps/Turret_Kit.Turret_Kit:PersistentLevel.Turret_Kit' with GeneratedClass '/Game/Maps/Turret_Kit.Turret_Kit_C' with ClassGeneratedBy '/Game/Maps/Turret_Kit.Turret_Kit:PersistentLevel.Turret_Kit'
[2019.11.11-03.27.48:412][188]LogBlueprintUserMessages: Late EndPlayMap Detection: Level '/Game/Maps/Laser_Kit.Laser_Kit:PersistentLevel' has LevelScriptBlueprint '/Game/Maps/Laser_Kit.Laser_Kit:PersistentLevel.Laser_Kit' with GeneratedClass '/Game/Maps/Laser_Kit.Laser_Kit_C' with ClassGeneratedBy '/Game/Maps/Laser_Kit.Laser_Kit:PersistentLevel.Laser_Kit'
[2019.11.11-03.27.48:413][188]LogBlueprintUserMessages: Late EndPlayMap Detection: Level '/Game/Maps/Camera_Kit.Camera_Kit:PersistentLevel' has LevelScriptBlueprint '/Game/Maps/Camera_Kit.Camera_Kit:PersistentLevel.Camera_Kit' with GeneratedClass '/Game/Maps/Camera_Kit.Camera_Kit_C' with ClassGeneratedBy '/Game/Maps/Camera_Kit.Camera_Kit:PersistentLevel.Camera_Kit'
[2019.11.11-03.27.48:414][188]LogBlueprintUserMessages: Late EndPlayMap Detection: Level '/Game/Maps/Explosive_Kit.Explosive_Kit:PersistentLevel' has LevelScriptBlueprint '/Game/Maps/Explosive_Kit.Explosive_Kit:PersistentLevel.Explosive_Kit' with GeneratedClass '/Game/Maps/Explosive_Kit.Explosive_Kit_C' with ClassGeneratedBy '/Game/Maps/Explosive_Kit.Explosive_Kit:PersistentLevel.Explosive_Kit'
[2019.11.11-03.27.48:415][188]LogBlueprintUserMessages: Late EndPlayMap Detection: Level '/Game/Maps/Teleport_Kit.Teleport_Kit:PersistentLevel' has LevelScriptBlueprint '/Game/Maps/Teleport_Kit.Teleport_Kit:PersistentLevel.Teleport_Kit' with GeneratedClass '/Game/Maps/Teleport_Kit.Teleport_Kit_C' with ClassGeneratedBy '/Game/Maps/Teleport_Kit.Teleport_Kit:PersistentLevel.Teleport_Kit'
[2019.11.11-03.27.48:575][188]LogUObjectHash: Compacting FUObjectHashTables data took   8.86ms
[2019.11.11-03.27.48:757][189]LogPlayLevel: Display: Destroying online subsystem :Context_30
[2019.11.11-03.27.48:856][189]LogUObjectHash: Compacting FUObjectHashTables data took   1.99ms
[2019.11.11-03.30.26:420][724]LogEditorTransaction: Undo Move Node
[2019.11.11-03.31.26:334][294]BlueprintLog: New page: Compile FirstPersonExampleMap
[2019.11.11-03.31.27:090][294]LogUObjectHash: Compacting FUObjectHashTables data took  13.72ms
[2019.11.11-03.32.15:293][583]BlueprintLog: New page: Compile FirstPersonExampleMap
[2019.11.11-03.32.16:030][583]LogUObjectHash: Compacting FUObjectHashTables data took  11.66ms
[2019.11.11-03.32.16:674][596]LogTemp: Repeating last play command: New Editor Window (PIE)
[2019.11.11-03.32.16:754][596]LogBlueprintUserMessages: Early PlayInEditor Detection: Level '/Game/FirstPersonBP/Maps/FirstPersonExampleMap.FirstPersonExampleMap:PersistentLevel' has LevelScriptBlueprint '/Game/FirstPersonBP/Maps/FirstPersonExampleMap.FirstPersonExampleMap:PersistentLevel.FirstPersonExampleMap' with GeneratedClass '/Game/FirstPersonBP/Maps/FirstPersonExampleMap.FirstPersonExampleMap_C' with ClassGeneratedBy '/Game/FirstPersonBP/Maps/FirstPersonExampleMap.FirstPersonExampleMap:PersistentLevel.FirstPersonExampleMap'
[2019.11.11-03.32.16:756][596]LogBlueprintUserMessages: Early PlayInEditor Detection: Level '/Game/Maps/Door_Kit.Door_Kit:PersistentLevel' has LevelScriptBlueprint '/Game/Maps/Door_Kit.Door_Kit:PersistentLevel.Door_Kit' with GeneratedClass '/Game/Maps/Door_Kit.Door_Kit_C' with ClassGeneratedBy '/Game/Maps/Door_Kit.Door_Kit:PersistentLevel.Door_Kit'
[2019.11.11-03.32.16:757][596]LogBlueprintUserMessages: Early PlayInEditor Detection: Level '/Game/Maps/Turret_Kit.Turret_Kit:PersistentLevel' has LevelScriptBlueprint '/Game/Maps/Turret_Kit.Turret_Kit:PersistentLevel.Turret_Kit' with GeneratedClass '/Game/Maps/Turret_Kit.Turret_Kit_C' with ClassGeneratedBy '/Game/Maps/Turret_Kit.Turret_Kit:PersistentLevel.Turret_Kit'
[2019.11.11-03.32.16:758][596]LogBlueprintUserMessages: Early PlayInEditor Detection: Level '/Game/Maps/Laser_Kit.Laser_Kit:PersistentLevel' has LevelScriptBlueprint '/Game/Maps/Laser_Kit.Laser_Kit:PersistentLevel.Laser_Kit' with GeneratedClass '/Game/Maps/Laser_Kit.Laser_Kit_C' with ClassGeneratedBy '/Game/Maps/Laser_Kit.Laser_Kit:PersistentLevel.Laser_Kit'
[2019.11.11-03.32.16:759][596]LogBlueprintUserMessages: Early PlayInEditor Detection: Level '/Game/Maps/Camera_Kit.Camera_Kit:PersistentLevel' has LevelScriptBlueprint '/Game/Maps/Camera_Kit.Camera_Kit:PersistentLevel.Camera_Kit' with GeneratedClass '/Game/Maps/Camera_Kit.Camera_Kit_C' with ClassGeneratedBy '/Game/Maps/Camera_Kit.Camera_Kit:PersistentLevel.Camera_Kit'
[2019.11.11-03.32.16:760][596]LogBlueprintUserMessages: Early PlayInEditor Detection: Level '/Game/Maps/Explosive_Kit.Explosive_Kit:PersistentLevel' has LevelScriptBlueprint '/Game/Maps/Explosive_Kit.Explosive_Kit:PersistentLevel.Explosive_Kit' with GeneratedClass '/Game/Maps/Explosive_Kit.Explosive_Kit_C' with ClassGeneratedBy '/Game/Maps/Explosive_Kit.Explosive_Kit:PersistentLevel.Explosive_Kit'
[2019.11.11-03.32.16:761][596]LogBlueprintUserMessages: Early PlayInEditor Detection: Level '/Game/Maps/Teleport_Kit.Teleport_Kit:PersistentLevel' has LevelScriptBlueprint '/Game/Maps/Teleport_Kit.Teleport_Kit:PersistentLevel.Teleport_Kit' with GeneratedClass '/Game/Maps/Teleport_Kit.Teleport_Kit_C' with ClassGeneratedBy '/Game/Maps/Teleport_Kit.Teleport_Kit:PersistentLevel.Teleport_Kit'
[2019.11.11-03.32.16:763][596]LogPlayLevel: PlayLevel: No blueprints needed recompiling
[2019.11.11-03.32.16:763][596]PIE: New page: PIE session: FirstPersonExampleMap (Nov 10, 2019, 11:32:16 AM)
[2019.11.11-03.32.16:763][596]LogPlayLevel: Creating play world package: /Game/FirstPersonBP/Maps/UEDPIE_0_FirstPersonExampleMap
[2019.11.11-03.32.16:806][596]LogPlayLevel: PIE: StaticDuplicateObject took: (0.041593s)
[2019.11.11-03.32.16:807][596]LogAIModule: Creating AISystem for world FirstPersonExampleMap
[2019.11.11-03.32.16:808][596]LogPlayLevel: PIE: World Init took: (0.002010s)
[2019.11.11-03.32.16:808][596]LogPlayLevel: PIE: Created PIE world by copying editor world from /Game/FirstPersonBP/Maps/FirstPersonExampleMap.FirstPersonExampleMap to /Game/FirstPersonBP/Maps/UEDPIE_0_FirstPersonExampleMap.FirstPersonExampleMap (0.044826s)
[2019.11.11-03.32.16:943][596]LogUObjectHash: Compacting FUObjectHashTables data took   9.47ms
[2019.11.11-03.32.17:010][596]LogInit: XAudio2 using 'Headset Earphone (SteelSeries Arctis 5 Chat)' : 2 channels at 48 kHz using 16 bits per sample (channel mask 0x3)
[2019.11.11-03.32.17:052][596]LogInit: FAudioDevice initialized.
[2019.11.11-03.32.17:072][596]LogSlate: Updating window title bar state: overlay mode, drag disabled, window buttons hidden, title bar hidden
[2019.11.11-03.32.17:118][596]LogLoad: Game class is 'FirstPersonGameMode_C'
[2019.11.11-03.32.17:127][596]LogWorld: Bringing World /Game/FirstPersonBP/Maps/UEDPIE_0_FirstPersonExampleMap.FirstPersonExampleMap up for play (max tick rate 60) at 2019.11.10-19.32.17
[2019.11.11-03.32.17:129][596]LogWorld: Bringing up level for play took: 0.008174
[2019.11.11-03.32.17:159][596]PIE: Play in editor start time for /Game/FirstPersonBP/Maps/UEDPIE_0_FirstPersonExampleMap 0.449
[2019.11.11-03.32.17:160][596]LogBlueprintUserMessages: Late PlayInEditor Detection: Level '/Game/FirstPersonBP/Maps/FirstPersonExampleMap.FirstPersonExampleMap:PersistentLevel' has LevelScriptBlueprint '/Game/FirstPersonBP/Maps/FirstPersonExampleMap.FirstPersonExampleMap:PersistentLevel.FirstPersonExampleMap' with GeneratedClass '/Game/FirstPersonBP/Maps/FirstPersonExampleMap.FirstPersonExampleMap_C' with ClassGeneratedBy '/Game/FirstPersonBP/Maps/FirstPersonExampleMap.FirstPersonExampleMap:PersistentLevel.FirstPersonExampleMap'
[2019.11.11-03.32.17:162][596]LogBlueprintUserMessages: Late PlayInEditor Detection: Level '/Game/Maps/Door_Kit.Door_Kit:PersistentLevel' has LevelScriptBlueprint '/Game/Maps/Door_Kit.Door_Kit:PersistentLevel.Door_Kit' with GeneratedClass '/Game/Maps/Door_Kit.Door_Kit_C' with ClassGeneratedBy '/Game/Maps/Door_Kit.Door_Kit:PersistentLevel.Door_Kit'
[2019.11.11-03.32.17:163][596]LogBlueprintUserMessages: Late PlayInEditor Detection: Level '/Game/Maps/Turret_Kit.Turret_Kit:PersistentLevel' has LevelScriptBlueprint '/Game/Maps/Turret_Kit.Turret_Kit:PersistentLevel.Turret_Kit' with GeneratedClass '/Game/Maps/Turret_Kit.Turret_Kit_C' with ClassGeneratedBy '/Game/Maps/Turret_Kit.Turret_Kit:PersistentLevel.Turret_Kit'
[2019.11.11-03.32.17:164][596]LogBlueprintUserMessages: Late PlayInEditor Detection: Level '/Game/Maps/Laser_Kit.Laser_Kit:PersistentLevel' has LevelScriptBlueprint '/Game/Maps/Laser_Kit.Laser_Kit:PersistentLevel.Laser_Kit' with GeneratedClass '/Game/Maps/Laser_Kit.Laser_Kit_C' with ClassGeneratedBy '/Game/Maps/Laser_Kit.Laser_Kit:PersistentLevel.Laser_Kit'
[2019.11.11-03.32.17:165][596]LogBlueprintUserMessages: Late PlayInEditor Detection: Level '/Game/Maps/Camera_Kit.Camera_Kit:PersistentLevel' has LevelScriptBlueprint '/Game/Maps/Camera_Kit.Camera_Kit:PersistentLevel.Camera_Kit' with GeneratedClass '/Game/Maps/Camera_Kit.Camera_Kit_C' with ClassGeneratedBy '/Game/Maps/Camera_Kit.Camera_Kit:PersistentLevel.Camera_Kit'
[2019.11.11-03.32.17:166][596]LogBlueprintUserMessages: Late PlayInEditor Detection: Level '/Game/Maps/Explosive_Kit.Explosive_Kit:PersistentLevel' has LevelScriptBlueprint '/Game/Maps/Explosive_Kit.Explosive_Kit:PersistentLevel.Explosive_Kit' with GeneratedClass '/Game/Maps/Explosive_Kit.Explosive_Kit_C' with ClassGeneratedBy '/Game/Maps/Explosive_Kit.Explosive_Kit:PersistentLevel.Explosive_Kit'
[2019.11.11-03.32.17:167][596]LogBlueprintUserMessages: Late PlayInEditor Detection: Level '/Game/Maps/Teleport_Kit.Teleport_Kit:PersistentLevel' has LevelScriptBlueprint '/Game/Maps/Teleport_Kit.Teleport_Kit:PersistentLevel.Teleport_Kit' with GeneratedClass '/Game/Maps/Teleport_Kit.Teleport_Kit_C' with ClassGeneratedBy '/Game/Maps/Teleport_Kit.Teleport_Kit:PersistentLevel.Teleport_Kit'
[2019.11.11-03.32.22:759][730]LogBlueprintUserMessages: Early EndPlayMap Detection: Level '/Game/FirstPersonBP/Maps/FirstPersonExampleMap.FirstPersonExampleMap:PersistentLevel' has LevelScriptBlueprint '/Game/FirstPersonBP/Maps/FirstPersonExampleMap.FirstPersonExampleMap:PersistentLevel.FirstPersonExampleMap' with GeneratedClass '/Game/FirstPersonBP/Maps/FirstPersonExampleMap.FirstPersonExampleMap_C' with ClassGeneratedBy '/Game/FirstPersonBP/Maps/FirstPersonExampleMap.FirstPersonExampleMap:PersistentLevel.FirstPersonExampleMap'
[2019.11.11-03.32.22:762][730]LogBlueprintUserMessages: Early EndPlayMap Detection: Level '/Game/Maps/Door_Kit.Door_Kit:PersistentLevel' has LevelScriptBlueprint '/Game/Maps/Door_Kit.Door_Kit:PersistentLevel.Door_Kit' with GeneratedClass '/Game/Maps/Door_Kit.Door_Kit_C' with ClassGeneratedBy '/Game/Maps/Door_Kit.Door_Kit:PersistentLevel.Door_Kit'
[2019.11.11-03.32.22:763][730]LogBlueprintUserMessages: Early EndPlayMap Detection: Level '/Game/Maps/Turret_Kit.Turret_Kit:PersistentLevel' has LevelScriptBlueprint '/Game/Maps/Turret_Kit.Turret_Kit:PersistentLevel.Turret_Kit' with GeneratedClass '/Game/Maps/Turret_Kit.Turret_Kit_C' with ClassGeneratedBy '/Game/Maps/Turret_Kit.Turret_Kit:PersistentLevel.Turret_Kit'
[2019.11.11-03.32.22:764][730]LogBlueprintUserMessages: Early EndPlayMap Detection: Level '/Game/Maps/Laser_Kit.Laser_Kit:PersistentLevel' has LevelScriptBlueprint '/Game/Maps/Laser_Kit.Laser_Kit:PersistentLevel.Laser_Kit' with GeneratedClass '/Game/Maps/Laser_Kit.Laser_Kit_C' with ClassGeneratedBy '/Game/Maps/Laser_Kit.Laser_Kit:PersistentLevel.Laser_Kit'
[2019.11.11-03.32.22:766][730]LogBlueprintUserMessages: Early EndPlayMap Detection: Level '/Game/Maps/Camera_Kit.Camera_Kit:PersistentLevel' has LevelScriptBlueprint '/Game/Maps/Camera_Kit.Camera_Kit:PersistentLevel.Camera_Kit' with GeneratedClass '/Game/Maps/Camera_Kit.Camera_Kit_C' with ClassGeneratedBy '/Game/Maps/Camera_Kit.Camera_Kit:PersistentLevel.Camera_Kit'
[2019.11.11-03.32.22:767][730]LogBlueprintUserMessages: Early EndPlayMap Detection: Level '/Game/Maps/Explosive_Kit.Explosive_Kit:PersistentLevel' has LevelScriptBlueprint '/Game/Maps/Explosive_Kit.Explosive_Kit:PersistentLevel.Explosive_Kit' with GeneratedClass '/Game/Maps/Explosive_Kit.Explosive_Kit_C' with ClassGeneratedBy '/Game/Maps/Explosive_Kit.Explosive_Kit:PersistentLevel.Explosive_Kit'
[2019.11.11-03.32.22:769][730]LogBlueprintUserMessages: Early EndPlayMap Detection: Level '/Game/Maps/Teleport_Kit.Teleport_Kit:PersistentLevel' has LevelScriptBlueprint '/Game/Maps/Teleport_Kit.Teleport_Kit:PersistentLevel.Teleport_Kit' with GeneratedClass '/Game/Maps/Teleport_Kit.Teleport_Kit_C' with ClassGeneratedBy '/Game/Maps/Teleport_Kit.Teleport_Kit:PersistentLevel.Teleport_Kit'
[2019.11.11-03.32.22:771][730]LogSlate: Updating window title bar state: overlay mode, drag disabled, window buttons hidden, title bar hidden
[2019.11.11-03.32.22:816][730]LogSlate: Window 'Mechanics_Sandbox Game Preview Standalone (64-bit/PCD3D_SM5)' being destroyed
[2019.11.11-03.32.22:902][730]LogPlayLevel: Display: Shutting down PIE online subsystems
[2019.11.11-03.32.22:903][730]LogBlueprintUserMessages: Late EndPlayMap Detection: Level '/Game/FirstPersonBP/Maps/FirstPersonExampleMap.FirstPersonExampleMap:PersistentLevel' has LevelScriptBlueprint '/Game/FirstPersonBP/Maps/FirstPersonExampleMap.FirstPersonExampleMap:PersistentLevel.FirstPersonExampleMap' with GeneratedClass '/Game/FirstPersonBP/Maps/FirstPersonExampleMap.FirstPersonExampleMap_C' with ClassGeneratedBy '/Game/FirstPersonBP/Maps/FirstPersonExampleMap.FirstPersonExampleMap:PersistentLevel.FirstPersonExampleMap'
[2019.11.11-03.32.22:905][730]LogBlueprintUserMessages: Late EndPlayMap Detection: Level '/Game/Maps/Door_Kit.Door_Kit:PersistentLevel' has LevelScriptBlueprint '/Game/Maps/Door_Kit.Door_Kit:PersistentLevel.Door_Kit' with GeneratedClass '/Game/Maps/Door_Kit.Door_Kit_C' with ClassGeneratedBy '/Game/Maps/Door_Kit.Door_Kit:PersistentLevel.Door_Kit'
[2019.11.11-03.32.22:906][730]LogBlueprintUserMessages: Late EndPlayMap Detection: Level '/Game/Maps/Turret_Kit.Turret_Kit:PersistentLevel' has LevelScriptBlueprint '/Game/Maps/Turret_Kit.Turret_Kit:PersistentLevel.Turret_Kit' with GeneratedClass '/Game/Maps/Turret_Kit.Turret_Kit_C' with ClassGeneratedBy '/Game/Maps/Turret_Kit.Turret_Kit:PersistentLevel.Turret_Kit'
[2019.11.11-03.32.22:908][730]LogBlueprintUserMessages: Late EndPlayMap Detection: Level '/Game/Maps/Laser_Kit.Laser_Kit:PersistentLevel' has LevelScriptBlueprint '/Game/Maps/Laser_Kit.Laser_Kit:PersistentLevel.Laser_Kit' with GeneratedClass '/Game/Maps/Laser_Kit.Laser_Kit_C' with ClassGeneratedBy '/Game/Maps/Laser_Kit.Laser_Kit:PersistentLevel.Laser_Kit'
[2019.11.11-03.32.22:909][730]LogBlueprintUserMessages: Late EndPlayMap Detection: Level '/Game/Maps/Camera_Kit.Camera_Kit:PersistentLevel' has LevelScriptBlueprint '/Game/Maps/Camera_Kit.Camera_Kit:PersistentLevel.Camera_Kit' with GeneratedClass '/Game/Maps/Camera_Kit.Camera_Kit_C' with ClassGeneratedBy '/Game/Maps/Camera_Kit.Camera_Kit:PersistentLevel.Camera_Kit'
[2019.11.11-03.32.22:910][730]LogBlueprintUserMessages: Late EndPlayMap Detection: Level '/Game/Maps/Explosive_Kit.Explosive_Kit:PersistentLevel' has LevelScriptBlueprint '/Game/Maps/Explosive_Kit.Explosive_Kit:PersistentLevel.Explosive_Kit' with GeneratedClass '/Game/Maps/Explosive_Kit.Explosive_Kit_C' with ClassGeneratedBy '/Game/Maps/Explosive_Kit.Explosive_Kit:PersistentLevel.Explosive_Kit'
[2019.11.11-03.32.22:912][730]LogBlueprintUserMessages: Late EndPlayMap Detection: Level '/Game/Maps/Teleport_Kit.Teleport_Kit:PersistentLevel' has LevelScriptBlueprint '/Game/Maps/Teleport_Kit.Teleport_Kit:PersistentLevel.Teleport_Kit' with GeneratedClass '/Game/Maps/Teleport_Kit.Teleport_Kit_C' with ClassGeneratedBy '/Game/Maps/Teleport_Kit.Teleport_Kit:PersistentLevel.Teleport_Kit'
[2019.11.11-03.32.23:045][730]LogUObjectHash: Compacting FUObjectHashTables data took   6.44ms
[2019.11.11-03.32.23:296][731]LogPlayLevel: Display: Destroying online subsystem :Context_34
[2019.11.11-03.32.52:016][536]LogTemp: Repeating last play command: New Editor Window (PIE)
[2019.11.11-03.32.52:081][536]LogBlueprintUserMessages: Early PlayInEditor Detection: Level '/Game/FirstPersonBP/Maps/FirstPersonExampleMap.FirstPersonExampleMap:PersistentLevel' has LevelScriptBlueprint '/Game/FirstPersonBP/Maps/FirstPersonExampleMap.FirstPersonExampleMap:PersistentLevel.FirstPersonExampleMap' with GeneratedClass '/Game/FirstPersonBP/Maps/FirstPersonExampleMap.FirstPersonExampleMap_C' with ClassGeneratedBy '/Game/FirstPersonBP/Maps/FirstPersonExampleMap.FirstPersonExampleMap:PersistentLevel.FirstPersonExampleMap'
[2019.11.11-03.32.52:083][536]LogBlueprintUserMessages: Early PlayInEditor Detection: Level '/Game/Maps/Door_Kit.Door_Kit:PersistentLevel' has LevelScriptBlueprint '/Game/Maps/Door_Kit.Door_Kit:PersistentLevel.Door_Kit' with GeneratedClass '/Game/Maps/Door_Kit.Door_Kit_C' with ClassGeneratedBy '/Game/Maps/Door_Kit.Door_Kit:PersistentLevel.Door_Kit'
[2019.11.11-03.32.52:084][536]LogBlueprintUserMessages: Early PlayInEditor Detection: Level '/Game/Maps/Turret_Kit.Turret_Kit:PersistentLevel' has LevelScriptBlueprint '/Game/Maps/Turret_Kit.Turret_Kit:PersistentLevel.Turret_Kit' with GeneratedClass '/Game/Maps/Turret_Kit.Turret_Kit_C' with ClassGeneratedBy '/Game/Maps/Turret_Kit.Turret_Kit:PersistentLevel.Turret_Kit'
[2019.11.11-03.32.52:085][536]LogBlueprintUserMessages: Early PlayInEditor Detection: Level '/Game/Maps/Laser_Kit.Laser_Kit:PersistentLevel' has LevelScriptBlueprint '/Game/Maps/Laser_Kit.Laser_Kit:PersistentLevel.Laser_Kit' with GeneratedClass '/Game/Maps/Laser_Kit.Laser_Kit_C' with ClassGeneratedBy '/Game/Maps/Laser_Kit.Laser_Kit:PersistentLevel.Laser_Kit'
[2019.11.11-03.32.52:086][536]LogBlueprintUserMessages: Early PlayInEditor Detection: Level '/Game/Maps/Camera_Kit.Camera_Kit:PersistentLevel' has LevelScriptBlueprint '/Game/Maps/Camera_Kit.Camera_Kit:PersistentLevel.Camera_Kit' with GeneratedClass '/Game/Maps/Camera_Kit.Camera_Kit_C' with ClassGeneratedBy '/Game/Maps/Camera_Kit.Camera_Kit:PersistentLevel.Camera_Kit'
[2019.11.11-03.32.52:087][536]LogBlueprintUserMessages: Early PlayInEditor Detection: Level '/Game/Maps/Explosive_Kit.Explosive_Kit:PersistentLevel' has LevelScriptBlueprint '/Game/Maps/Explosive_Kit.Explosive_Kit:PersistentLevel.Explosive_Kit' with GeneratedClass '/Game/Maps/Explosive_Kit.Explosive_Kit_C' with ClassGeneratedBy '/Game/Maps/Explosive_Kit.Explosive_Kit:PersistentLevel.Explosive_Kit'
[2019.11.11-03.32.52:088][536]LogBlueprintUserMessages: Early PlayInEditor Detection: Level '/Game/Maps/Teleport_Kit.Teleport_Kit:PersistentLevel' has LevelScriptBlueprint '/Game/Maps/Teleport_Kit.Teleport_Kit:PersistentLevel.Teleport_Kit' with GeneratedClass '/Game/Maps/Teleport_Kit.Teleport_Kit_C' with ClassGeneratedBy '/Game/Maps/Teleport_Kit.Teleport_Kit:PersistentLevel.Teleport_Kit'
[2019.11.11-03.32.52:090][536]BlueprintLog: New page: Pre-Play auto-recompile
[2019.11.11-03.32.52:093][536]LogPlayLevel: [PlayLevel] Compiling FirstPersonExampleMap before play...
[2019.11.11-03.32.52:853][536]LogUObjectHash: Compacting FUObjectHashTables data took  11.17ms
[2019.11.11-03.32.52:853][536]LogPlayLevel: PlayLevel: Blueprint regeneration took 763 ms (1 blueprints)
[2019.11.11-03.32.52:854][536]PIE: New page: PIE session: FirstPersonExampleMap (Nov 10, 2019, 11:32:52 AM)
[2019.11.11-03.32.52:854][536]LogPlayLevel: Creating play world package: /Game/FirstPersonBP/Maps/UEDPIE_0_FirstPersonExampleMap
[2019.11.11-03.32.52:889][536]LogPlayLevel: PIE: StaticDuplicateObject took: (0.034003s)
[2019.11.11-03.32.52:890][536]LogAIModule: Creating AISystem for world FirstPersonExampleMap
[2019.11.11-03.32.52:891][536]LogPlayLevel: PIE: World Init took: (0.001800s)
[2019.11.11-03.32.52:892][536]LogPlayLevel: PIE: Created PIE world by copying editor world from /Game/FirstPersonBP/Maps/FirstPersonExampleMap.FirstPersonExampleMap to /Game/FirstPersonBP/Maps/UEDPIE_0_FirstPersonExampleMap.FirstPersonExampleMap (0.037517s)
[2019.11.11-03.32.53:010][536]LogUObjectHash: Compacting FUObjectHashTables data took   6.68ms
[2019.11.11-03.32.53:076][536]LogInit: XAudio2 using 'Headset Earphone (SteelSeries Arctis 5 Chat)' : 2 channels at 48 kHz using 16 bits per sample (channel mask 0x3)
[2019.11.11-03.32.53:116][536]LogInit: FAudioDevice initialized.
[2019.11.11-03.32.53:137][536]LogSlate: Updating window title bar state: overlay mode, drag disabled, window buttons hidden, title bar hidden
[2019.11.11-03.32.53:179][536]LogLoad: Game class is 'FirstPersonGameMode_C'
[2019.11.11-03.32.53:186][536]LogWorld: Bringing World /Game/FirstPersonBP/Maps/UEDPIE_0_FirstPersonExampleMap.FirstPersonExampleMap up for play (max tick rate 60) at 2019.11.10-19.32.53
[2019.11.11-03.32.53:188][536]LogWorld: Bringing up level for play took: 0.007031
[2019.11.11-03.32.53:210][536]PIE: Play in editor start time for /Game/FirstPersonBP/Maps/UEDPIE_0_FirstPersonExampleMap 0.5
[2019.11.11-03.32.53:210][536]LogBlueprintUserMessages: Late PlayInEditor Detection: Level '/Game/FirstPersonBP/Maps/FirstPersonExampleMap.FirstPersonExampleMap:PersistentLevel' has LevelScriptBlueprint '/Game/FirstPersonBP/Maps/FirstPersonExampleMap.FirstPersonExampleMap:PersistentLevel.FirstPersonExampleMap' with GeneratedClass '/Game/FirstPersonBP/Maps/FirstPersonExampleMap.FirstPersonExampleMap_C' with ClassGeneratedBy '/Game/FirstPersonBP/Maps/FirstPersonExampleMap.FirstPersonExampleMap:PersistentLevel.FirstPersonExampleMap'
[2019.11.11-03.32.53:212][536]LogBlueprintUserMessages: Late PlayInEditor Detection: Level '/Game/Maps/Door_Kit.Door_Kit:PersistentLevel' has LevelScriptBlueprint '/Game/Maps/Door_Kit.Door_Kit:PersistentLevel.Door_Kit' with GeneratedClass '/Game/Maps/Door_Kit.Door_Kit_C' with ClassGeneratedBy '/Game/Maps/Door_Kit.Door_Kit:PersistentLevel.Door_Kit'
[2019.11.11-03.32.53:214][536]LogBlueprintUserMessages: Late PlayInEditor Detection: Level '/Game/Maps/Turret_Kit.Turret_Kit:PersistentLevel' has LevelScriptBlueprint '/Game/Maps/Turret_Kit.Turret_Kit:PersistentLevel.Turret_Kit' with GeneratedClass '/Game/Maps/Turret_Kit.Turret_Kit_C' with ClassGeneratedBy '/Game/Maps/Turret_Kit.Turret_Kit:PersistentLevel.Turret_Kit'
[2019.11.11-03.32.53:215][536]LogBlueprintUserMessages: Late PlayInEditor Detection: Level '/Game/Maps/Laser_Kit.Laser_Kit:PersistentLevel' has LevelScriptBlueprint '/Game/Maps/Laser_Kit.Laser_Kit:PersistentLevel.Laser_Kit' with GeneratedClass '/Game/Maps/Laser_Kit.Laser_Kit_C' with ClassGeneratedBy '/Game/Maps/Laser_Kit.Laser_Kit:PersistentLevel.Laser_Kit'
[2019.11.11-03.32.53:216][536]LogBlueprintUserMessages: Late PlayInEditor Detection: Level '/Game/Maps/Camera_Kit.Camera_Kit:PersistentLevel' has LevelScriptBlueprint '/Game/Maps/Camera_Kit.Camera_Kit:PersistentLevel.Camera_Kit' with GeneratedClass '/Game/Maps/Camera_Kit.Camera_Kit_C' with ClassGeneratedBy '/Game/Maps/Camera_Kit.Camera_Kit:PersistentLevel.Camera_Kit'
[2019.11.11-03.32.53:217][536]LogBlueprintUserMessages: Late PlayInEditor Detection: Level '/Game/Maps/Explosive_Kit.Explosive_Kit:PersistentLevel' has LevelScriptBlueprint '/Game/Maps/Explosive_Kit.Explosive_Kit:PersistentLevel.Explosive_Kit' with GeneratedClass '/Game/Maps/Explosive_Kit.Explosive_Kit_C' with ClassGeneratedBy '/Game/Maps/Explosive_Kit.Explosive_Kit:PersistentLevel.Explosive_Kit'
[2019.11.11-03.32.53:218][536]LogBlueprintUserMessages: Late PlayInEditor Detection: Level '/Game/Maps/Teleport_Kit.Teleport_Kit:PersistentLevel' has LevelScriptBlueprint '/Game/Maps/Teleport_Kit.Teleport_Kit:PersistentLevel.Teleport_Kit' with GeneratedClass '/Game/Maps/Teleport_Kit.Teleport_Kit_C' with ClassGeneratedBy '/Game/Maps/Teleport_Kit.Teleport_Kit:PersistentLevel.Teleport_Kit'
[2019.11.11-03.33.02:497][769]LogBlueprintUserMessages: Early EndPlayMap Detection: Level '/Game/FirstPersonBP/Maps/FirstPersonExampleMap.FirstPersonExampleMap:PersistentLevel' has LevelScriptBlueprint '/Game/FirstPersonBP/Maps/FirstPersonExampleMap.FirstPersonExampleMap:PersistentLevel.FirstPersonExampleMap' with GeneratedClass '/Game/FirstPersonBP/Maps/FirstPersonExampleMap.FirstPersonExampleMap_C' with ClassGeneratedBy '/Game/FirstPersonBP/Maps/FirstPersonExampleMap.FirstPersonExampleMap:PersistentLevel.FirstPersonExampleMap'
[2019.11.11-03.33.02:499][769]LogBlueprintUserMessages: Early EndPlayMap Detection: Level '/Game/Maps/Door_Kit.Door_Kit:PersistentLevel' has LevelScriptBlueprint '/Game/Maps/Door_Kit.Door_Kit:PersistentLevel.Door_Kit' with GeneratedClass '/Game/Maps/Door_Kit.Door_Kit_C' with ClassGeneratedBy '/Game/Maps/Door_Kit.Door_Kit:PersistentLevel.Door_Kit'
[2019.11.11-03.33.02:501][769]LogBlueprintUserMessages: Early EndPlayMap Detection: Level '/Game/Maps/Turret_Kit.Turret_Kit:PersistentLevel' has LevelScriptBlueprint '/Game/Maps/Turret_Kit.Turret_Kit:PersistentLevel.Turret_Kit' with GeneratedClass '/Game/Maps/Turret_Kit.Turret_Kit_C' with ClassGeneratedBy '/Game/Maps/Turret_Kit.Turret_Kit:PersistentLevel.Turret_Kit'
[2019.11.11-03.33.02:502][769]LogBlueprintUserMessages: Early EndPlayMap Detection: Level '/Game/Maps/Laser_Kit.Laser_Kit:PersistentLevel' has LevelScriptBlueprint '/Game/Maps/Laser_Kit.Laser_Kit:PersistentLevel.Laser_Kit' with GeneratedClass '/Game/Maps/Laser_Kit.Laser_Kit_C' with ClassGeneratedBy '/Game/Maps/Laser_Kit.Laser_Kit:PersistentLevel.Laser_Kit'
[2019.11.11-03.33.02:504][769]LogBlueprintUserMessages: Early EndPlayMap Detection: Level '/Game/Maps/Camera_Kit.Camera_Kit:PersistentLevel' has LevelScriptBlueprint '/Game/Maps/Camera_Kit.Camera_Kit:PersistentLevel.Camera_Kit' with GeneratedClass '/Game/Maps/Camera_Kit.Camera_Kit_C' with ClassGeneratedBy '/Game/Maps/Camera_Kit.Camera_Kit:PersistentLevel.Camera_Kit'
[2019.11.11-03.33.02:505][769]LogBlueprintUserMessages: Early EndPlayMap Detection: Level '/Game/Maps/Explosive_Kit.Explosive_Kit:PersistentLevel' has LevelScriptBlueprint '/Game/Maps/Explosive_Kit.Explosive_Kit:PersistentLevel.Explosive_Kit' with GeneratedClass '/Game/Maps/Explosive_Kit.Explosive_Kit_C' with ClassGeneratedBy '/Game/Maps/Explosive_Kit.Explosive_Kit:PersistentLevel.Explosive_Kit'
[2019.11.11-03.33.02:506][769]LogBlueprintUserMessages: Early EndPlayMap Detection: Level '/Game/Maps/Teleport_Kit.Teleport_Kit:PersistentLevel' has LevelScriptBlueprint '/Game/Maps/Teleport_Kit.Teleport_Kit:PersistentLevel.Teleport_Kit' with GeneratedClass '/Game/Maps/Teleport_Kit.Teleport_Kit_C' with ClassGeneratedBy '/Game/Maps/Teleport_Kit.Teleport_Kit:PersistentLevel.Teleport_Kit'
[2019.11.11-03.33.02:507][769]LogSlate: Updating window title bar state: overlay mode, drag disabled, window buttons hidden, title bar hidden
[2019.11.11-03.33.02:557][769]LogSlate: Window 'Mechanics_Sandbox Game Preview Standalone (64-bit/PCD3D_SM5)' being destroyed
[2019.11.11-03.33.02:644][769]LogPlayLevel: Display: Shutting down PIE online subsystems
[2019.11.11-03.33.02:644][769]LogBlueprintUserMessages: Late EndPlayMap Detection: Level '/Game/FirstPersonBP/Maps/FirstPersonExampleMap.FirstPersonExampleMap:PersistentLevel' has LevelScriptBlueprint '/Game/FirstPersonBP/Maps/FirstPersonExampleMap.FirstPersonExampleMap:PersistentLevel.FirstPersonExampleMap' with GeneratedClass '/Game/FirstPersonBP/Maps/FirstPersonExampleMap.FirstPersonExampleMap_C' with ClassGeneratedBy '/Game/FirstPersonBP/Maps/FirstPersonExampleMap.FirstPersonExampleMap:PersistentLevel.FirstPersonExampleMap'
[2019.11.11-03.33.02:646][769]LogBlueprintUserMessages: Late EndPlayMap Detection: Level '/Game/Maps/Door_Kit.Door_Kit:PersistentLevel' has LevelScriptBlueprint '/Game/Maps/Door_Kit.Door_Kit:PersistentLevel.Door_Kit' with GeneratedClass '/Game/Maps/Door_Kit.Door_Kit_C' with ClassGeneratedBy '/Game/Maps/Door_Kit.Door_Kit:PersistentLevel.Door_Kit'
[2019.11.11-03.33.02:647][769]LogBlueprintUserMessages: Late EndPlayMap Detection: Level '/Game/Maps/Turret_Kit.Turret_Kit:PersistentLevel' has LevelScriptBlueprint '/Game/Maps/Turret_Kit.Turret_Kit:PersistentLevel.Turret_Kit' with GeneratedClass '/Game/Maps/Turret_Kit.Turret_Kit_C' with ClassGeneratedBy '/Game/Maps/Turret_Kit.Turret_Kit:PersistentLevel.Turret_Kit'
[2019.11.11-03.33.02:648][769]LogBlueprintUserMessages: Late EndPlayMap Detection: Level '/Game/Maps/Laser_Kit.Laser_Kit:PersistentLevel' has LevelScriptBlueprint '/Game/Maps/Laser_Kit.Laser_Kit:PersistentLevel.Laser_Kit' with GeneratedClass '/Game/Maps/Laser_Kit.Laser_Kit_C' with ClassGeneratedBy '/Game/Maps/Laser_Kit.Laser_Kit:PersistentLevel.Laser_Kit'
[2019.11.11-03.33.02:650][769]LogBlueprintUserMessages: Late EndPlayMap Detection: Level '/Game/Maps/Camera_Kit.Camera_Kit:PersistentLevel' has LevelScriptBlueprint '/Game/Maps/Camera_Kit.Camera_Kit:PersistentLevel.Camera_Kit' with GeneratedClass '/Game/Maps/Camera_Kit.Camera_Kit_C' with ClassGeneratedBy '/Game/Maps/Camera_Kit.Camera_Kit:PersistentLevel.Camera_Kit'
[2019.11.11-03.33.02:651][769]LogBlueprintUserMessages: Late EndPlayMap Detection: Level '/Game/Maps/Explosive_Kit.Explosive_Kit:PersistentLevel' has LevelScriptBlueprint '/Game/Maps/Explosive_Kit.Explosive_Kit:PersistentLevel.Explosive_Kit' with GeneratedClass '/Game/Maps/Explosive_Kit.Explosive_Kit_C' with ClassGeneratedBy '/Game/Maps/Explosive_Kit.Explosive_Kit:PersistentLevel.Explosive_Kit'
[2019.11.11-03.33.02:652][769]LogBlueprintUserMessages: Late EndPlayMap Detection: Level '/Game/Maps/Teleport_Kit.Teleport_Kit:PersistentLevel' has LevelScriptBlueprint '/Game/Maps/Teleport_Kit.Teleport_Kit:PersistentLevel.Teleport_Kit' with GeneratedClass '/Game/Maps/Teleport_Kit.Teleport_Kit_C' with ClassGeneratedBy '/Game/Maps/Teleport_Kit.Teleport_Kit:PersistentLevel.Teleport_Kit'
[2019.11.11-03.33.02:798][769]LogUObjectHash: Compacting FUObjectHashTables data took   9.34ms
[2019.11.11-03.33.03:046][770]LogPlayLevel: Display: Destroying online subsystem :Context_35
[2019.11.11-03.33.04:033][795]LogEditorTransaction: Undo Create Pin Link
[2019.11.11-03.33.04:702][807]LogEditorTransaction: Undo Create Pin Link
[2019.11.11-03.33.45:707][666]BlueprintLog: New page: Compile FirstPersonExampleMap
[2019.11.11-03.33.46:442][666]LogUObjectHash: Compacting FUObjectHashTables data took  10.22ms
[2019.11.11-03.34.20:724][586]BlueprintLog: New page: Compile FirstPersonExampleMap
[2019.11.11-03.34.21:472][586]LogUObjectHash: Compacting FUObjectHashTables data took  10.19ms
[2019.11.11-03.34.33:297][915]BlueprintLog: New page: Compile FirstPersonExampleMap
[2019.11.11-03.34.34:020][915]LogUObjectHash: Compacting FUObjectHashTables data took  11.51ms
[2019.11.11-03.34.34:625][928]LogTemp: Repeating last play command: New Editor Window (PIE)
[2019.11.11-03.34.34:693][928]LogBlueprintUserMessages: Early PlayInEditor Detection: Level '/Game/FirstPersonBP/Maps/FirstPersonExampleMap.FirstPersonExampleMap:PersistentLevel' has LevelScriptBlueprint '/Game/FirstPersonBP/Maps/FirstPersonExampleMap.FirstPersonExampleMap:PersistentLevel.FirstPersonExampleMap' with GeneratedClass '/Game/FirstPersonBP/Maps/FirstPersonExampleMap.FirstPersonExampleMap_C' with ClassGeneratedBy '/Game/FirstPersonBP/Maps/FirstPersonExampleMap.FirstPersonExampleMap:PersistentLevel.FirstPersonExampleMap'
[2019.11.11-03.34.34:695][928]LogBlueprintUserMessages: Early PlayInEditor Detection: Level '/Game/Maps/Door_Kit.Door_Kit:PersistentLevel' has LevelScriptBlueprint '/Game/Maps/Door_Kit.Door_Kit:PersistentLevel.Door_Kit' with GeneratedClass '/Game/Maps/Door_Kit.Door_Kit_C' with ClassGeneratedBy '/Game/Maps/Door_Kit.Door_Kit:PersistentLevel.Door_Kit'
[2019.11.11-03.34.34:696][928]LogBlueprintUserMessages: Early PlayInEditor Detection: Level '/Game/Maps/Turret_Kit.Turret_Kit:PersistentLevel' has LevelScriptBlueprint '/Game/Maps/Turret_Kit.Turret_Kit:PersistentLevel.Turret_Kit' with GeneratedClass '/Game/Maps/Turret_Kit.Turret_Kit_C' with ClassGeneratedBy '/Game/Maps/Turret_Kit.Turret_Kit:PersistentLevel.Turret_Kit'
[2019.11.11-03.34.34:697][928]LogBlueprintUserMessages: Early PlayInEditor Detection: Level '/Game/Maps/Laser_Kit.Laser_Kit:PersistentLevel' has LevelScriptBlueprint '/Game/Maps/Laser_Kit.Laser_Kit:PersistentLevel.Laser_Kit' with GeneratedClass '/Game/Maps/Laser_Kit.Laser_Kit_C' with ClassGeneratedBy '/Game/Maps/Laser_Kit.Laser_Kit:PersistentLevel.Laser_Kit'
[2019.11.11-03.34.34:697][928]LogBlueprintUserMessages: Early PlayInEditor Detection: Level '/Game/Maps/Camera_Kit.Camera_Kit:PersistentLevel' has LevelScriptBlueprint '/Game/Maps/Camera_Kit.Camera_Kit:PersistentLevel.Camera_Kit' with GeneratedClass '/Game/Maps/Camera_Kit.Camera_Kit_C' with ClassGeneratedBy '/Game/Maps/Camera_Kit.Camera_Kit:PersistentLevel.Camera_Kit'
[2019.11.11-03.34.34:698][928]LogBlueprintUserMessages: Early PlayInEditor Detection: Level '/Game/Maps/Explosive_Kit.Explosive_Kit:PersistentLevel' has LevelScriptBlueprint '/Game/Maps/Explosive_Kit.Explosive_Kit:PersistentLevel.Explosive_Kit' with GeneratedClass '/Game/Maps/Explosive_Kit.Explosive_Kit_C' with ClassGeneratedBy '/Game/Maps/Explosive_Kit.Explosive_Kit:PersistentLevel.Explosive_Kit'
[2019.11.11-03.34.34:700][928]LogBlueprintUserMessages: Early PlayInEditor Detection: Level '/Game/Maps/Teleport_Kit.Teleport_Kit:PersistentLevel' has LevelScriptBlueprint '/Game/Maps/Teleport_Kit.Teleport_Kit:PersistentLevel.Teleport_Kit' with GeneratedClass '/Game/Maps/Teleport_Kit.Teleport_Kit_C' with ClassGeneratedBy '/Game/Maps/Teleport_Kit.Teleport_Kit:PersistentLevel.Teleport_Kit'
[2019.11.11-03.34.34:701][928]LogPlayLevel: PlayLevel: No blueprints needed recompiling
[2019.11.11-03.34.34:702][928]PIE: New page: PIE session: FirstPersonExampleMap (Nov 10, 2019, 11:34:34 AM)
[2019.11.11-03.34.34:702][928]LogPlayLevel: Creating play world package: /Game/FirstPersonBP/Maps/UEDPIE_0_FirstPersonExampleMap
[2019.11.11-03.34.34:735][928]LogPlayLevel: PIE: StaticDuplicateObject took: (0.033561s)
[2019.11.11-03.34.34:737][928]LogAIModule: Creating AISystem for world FirstPersonExampleMap
[2019.11.11-03.34.34:738][928]LogPlayLevel: PIE: World Init took: (0.002309s)
[2019.11.11-03.34.34:739][928]LogPlayLevel: PIE: Created PIE world by copying editor world from /Game/FirstPersonBP/Maps/FirstPersonExampleMap.FirstPersonExampleMap to /Game/FirstPersonBP/Maps/UEDPIE_0_FirstPersonExampleMap.FirstPersonExampleMap (0.037425s)
[2019.11.11-03.34.34:863][928]LogUObjectHash: Compacting FUObjectHashTables data took  10.64ms
[2019.11.11-03.34.34:932][928]LogInit: XAudio2 using 'Headset Earphone (SteelSeries Arctis 5 Chat)' : 2 channels at 48 kHz using 16 bits per sample (channel mask 0x3)
[2019.11.11-03.34.34:971][928]LogInit: FAudioDevice initialized.
[2019.11.11-03.34.34:990][928]LogSlate: Updating window title bar state: overlay mode, drag disabled, window buttons hidden, title bar hidden
[2019.11.11-03.34.35:031][928]LogLoad: Game class is 'FirstPersonGameMode_C'
[2019.11.11-03.34.35:044][928]LogWorld: Bringing World /Game/FirstPersonBP/Maps/UEDPIE_0_FirstPersonExampleMap.FirstPersonExampleMap up for play (max tick rate 60) at 2019.11.10-19.34.35
[2019.11.11-03.34.35:046][928]LogWorld: Bringing up level for play took: 0.012334
[2019.11.11-03.34.35:074][928]PIE: Play in editor start time for /Game/FirstPersonBP/Maps/UEDPIE_0_FirstPersonExampleMap 0.365
[2019.11.11-03.34.35:076][928]LogBlueprintUserMessages: Late PlayInEditor Detection: Level '/Game/FirstPersonBP/Maps/FirstPersonExampleMap.FirstPersonExampleMap:PersistentLevel' has LevelScriptBlueprint '/Game/FirstPersonBP/Maps/FirstPersonExampleMap.FirstPersonExampleMap:PersistentLevel.FirstPersonExampleMap' with GeneratedClass '/Game/FirstPersonBP/Maps/FirstPersonExampleMap.FirstPersonExampleMap_C' with ClassGeneratedBy '/Game/FirstPersonBP/Maps/FirstPersonExampleMap.FirstPersonExampleMap:PersistentLevel.FirstPersonExampleMap'
[2019.11.11-03.34.35:078][928]LogBlueprintUserMessages: Late PlayInEditor Detection: Level '/Game/Maps/Door_Kit.Door_Kit:PersistentLevel' has LevelScriptBlueprint '/Game/Maps/Door_Kit.Door_Kit:PersistentLevel.Door_Kit' with GeneratedClass '/Game/Maps/Door_Kit.Door_Kit_C' with ClassGeneratedBy '/Game/Maps/Door_Kit.Door_Kit:PersistentLevel.Door_Kit'
[2019.11.11-03.34.35:079][928]LogBlueprintUserMessages: Late PlayInEditor Detection: Level '/Game/Maps/Turret_Kit.Turret_Kit:PersistentLevel' has LevelScriptBlueprint '/Game/Maps/Turret_Kit.Turret_Kit:PersistentLevel.Turret_Kit' with GeneratedClass '/Game/Maps/Turret_Kit.Turret_Kit_C' with ClassGeneratedBy '/Game/Maps/Turret_Kit.Turret_Kit:PersistentLevel.Turret_Kit'
[2019.11.11-03.34.35:080][928]LogBlueprintUserMessages: Late PlayInEditor Detection: Level '/Game/Maps/Laser_Kit.Laser_Kit:PersistentLevel' has LevelScriptBlueprint '/Game/Maps/Laser_Kit.Laser_Kit:PersistentLevel.Laser_Kit' with GeneratedClass '/Game/Maps/Laser_Kit.Laser_Kit_C' with ClassGeneratedBy '/Game/Maps/Laser_Kit.Laser_Kit:PersistentLevel.Laser_Kit'
[2019.11.11-03.34.35:081][928]LogBlueprintUserMessages: Late PlayInEditor Detection: Level '/Game/Maps/Camera_Kit.Camera_Kit:PersistentLevel' has LevelScriptBlueprint '/Game/Maps/Camera_Kit.Camera_Kit:PersistentLevel.Camera_Kit' with GeneratedClass '/Game/Maps/Camera_Kit.Camera_Kit_C' with ClassGeneratedBy '/Game/Maps/Camera_Kit.Camera_Kit:PersistentLevel.Camera_Kit'
[2019.11.11-03.34.35:082][928]LogBlueprintUserMessages: Late PlayInEditor Detection: Level '/Game/Maps/Explosive_Kit.Explosive_Kit:PersistentLevel' has LevelScriptBlueprint '/Game/Maps/Explosive_Kit.Explosive_Kit:PersistentLevel.Explosive_Kit' with GeneratedClass '/Game/Maps/Explosive_Kit.Explosive_Kit_C' with ClassGeneratedBy '/Game/Maps/Explosive_Kit.Explosive_Kit:PersistentLevel.Explosive_Kit'
[2019.11.11-03.34.35:083][928]LogBlueprintUserMessages: Late PlayInEditor Detection: Level '/Game/Maps/Teleport_Kit.Teleport_Kit:PersistentLevel' has LevelScriptBlueprint '/Game/Maps/Teleport_Kit.Teleport_Kit:PersistentLevel.Teleport_Kit' with GeneratedClass '/Game/Maps/Teleport_Kit.Teleport_Kit_C' with ClassGeneratedBy '/Game/Maps/Teleport_Kit.Teleport_Kit:PersistentLevel.Teleport_Kit'
[2019.11.11-03.34.37:553][991]LogLevel: ActivateLevel /Game/Maps/UEDPIE_0_Door_Kit 1 1 0
[2019.11.11-03.34.39:040][ 27]LogLevel: ActivateLevel /Game/Maps/UEDPIE_0_Teleport_Kit 1 1 0
[2019.11.11-03.34.39:508][ 37]LogLevel: ActivateLevel /Game/Maps/UEDPIE_0_Door_Kit 0 0 0
[2019.11.11-03.34.39:703][ 38]LogUObjectHash: Compacting FUObjectHashTables data took   8.28ms
[2019.11.11-03.34.41:458][ 86]LogLevel: ActivateLevel /Game/Maps/UEDPIE_0_Teleport_Kit 0 0 0
[2019.11.11-03.34.41:671][ 87]LogUObjectHash: Compacting FUObjectHashTables data took   6.21ms
[2019.11.11-03.34.41:728][ 88]LogLevel: ActivateLevel /Game/Maps/UEDPIE_0_Teleport_Kit 1 1 0
[2019.11.11-03.34.42:392][104]LogLevel: ActivateLevel /Game/Maps/UEDPIE_0_Explosive_Kit 1 1 0
[2019.11.11-03.34.43:621][135]LogBlueprintUserMessages: [FirstPersonCharacter_C_1] Hit By Explosive
[2019.11.11-03.34.45:342][174]LogLevel: ActivateLevel /Game/Maps/UEDPIE_0_Explosive_Kit 0 0 0
[2019.11.11-03.34.45:545][175]LogUObjectHash: Compacting FUObjectHashTables data took   6.85ms
[2019.11.11-03.34.45:660][178]LogLevel: ActivateLevel /Game/Maps/UEDPIE_0_Door_Kit 1 1 0
[2019.11.11-03.34.46:747][205]LogLevel: ActivateLevel /Game/Maps/UEDPIE_0_Teleport_Kit 0 0 0
[2019.11.11-03.34.46:967][206]LogUObjectHash: Compacting FUObjectHashTables data took   9.93ms
[2019.11.11-03.34.47:214][213]LogLevel: ActivateLevel /Game/Maps/UEDPIE_0_Door_Kit 0 0 0
[2019.11.11-03.34.47:398][214]LogUObjectHash: Compacting FUObjectHashTables data took   7.07ms
[2019.11.11-03.34.53:235][378]LogLevel: ActivateLevel /Game/Maps/UEDPIE_0_Camera_Kit 1 1 0
[2019.11.11-03.34.53:737][391]LogLevel: ActivateLevel /Game/Maps/UEDPIE_0_Door_Kit 1 1 0
[2019.11.11-03.34.55:493][440]LogLevel: ActivateLevel /Game/Maps/UEDPIE_0_Door_Kit 0 0 0
[2019.11.11-03.34.55:683][441]LogUObjectHash: Compacting FUObjectHashTables data took   6.30ms
[2019.11.11-03.34.55:960][448]LogLevel: ActivateLevel /Game/Maps/UEDPIE_0_Door_Kit 1 1 0
[2019.11.11-03.34.56:428][460]LogLevel: ActivateLevel /Game/Maps/UEDPIE_0_Door_Kit 0 0 0
[2019.11.11-03.34.56:613][461]LogUObjectHash: Compacting FUObjectHashTables data took   2.09ms
[2019.11.11-03.34.56:908][468]LogLevel: ActivateLevel /Game/Maps/UEDPIE_0_Camera_Kit 0 0 0
[2019.11.11-03.34.57:090][469]LogUObjectHash: Compacting FUObjectHashTables data took   2.37ms
[2019.11.11-03.34.58:619][510]LogLevel: ActivateLevel /Game/Maps/UEDPIE_0_Camera_Kit 1 1 0
[2019.11.11-03.34.58:978][518]LogLevel: ActivateLevel /Game/Maps/UEDPIE_0_Laser_Kit 1 1 0
[2019.11.11-03.34.59:029][519]LogLevel: ActivateLevel /Game/Maps/UEDPIE_0_Camera_Kit 0 0 0
[2019.11.11-03.34.59:314][521]LogUObjectHash: Compacting FUObjectHashTables data took   8.75ms
[2019.11.11-03.35.00:392][550]LogLevel: ActivateLevel /Game/Maps/UEDPIE_0_Camera_Kit 1 1 0
[2019.11.11-03.35.02:773][603]LogLevel: ActivateLevel /Game/Maps/UEDPIE_0_Camera_Kit 0 0 0
[2019.11.11-03.35.02:976][604]LogUObjectHash: Compacting FUObjectHashTables data took   5.28ms
[2019.11.11-03.35.07:595][721]LogLevel: ActivateLevel /Game/Maps/UEDPIE_0_Camera_Kit 1 1 0
[2019.11.11-03.35.08:625][745]LogLevel: ActivateLevel /Game/Maps/UEDPIE_0_Turret_Kit 1 1 0
[2019.11.11-03.35.08:674][746]LogLevel: ActivateLevel /Game/Maps/UEDPIE_0_Laser_Kit 0 0 0
[2019.11.11-03.35.08:755][747]LogLevel: ActivateLevel /Game/Maps/UEDPIE_0_Turret_Kit 0 0 0
[2019.11.11-03.35.08:958][748]LogUObjectHash: Compacting FUObjectHashTables data took   8.18ms
[2019.11.11-03.35.09:158][749]LogUObjectHash: Compacting FUObjectHashTables data took   7.24ms
[2019.11.11-03.35.11:200][803]LogBlueprintUserMessages: Early EndPlayMap Detection: Level '/Game/FirstPersonBP/Maps/FirstPersonExampleMap.FirstPersonExampleMap:PersistentLevel' has LevelScriptBlueprint '/Game/FirstPersonBP/Maps/FirstPersonExampleMap.FirstPersonExampleMap:PersistentLevel.FirstPersonExampleMap' with GeneratedClass '/Game/FirstPersonBP/Maps/FirstPersonExampleMap.FirstPersonExampleMap_C' with ClassGeneratedBy '/Game/FirstPersonBP/Maps/FirstPersonExampleMap.FirstPersonExampleMap:PersistentLevel.FirstPersonExampleMap'
[2019.11.11-03.35.11:202][803]LogBlueprintUserMessages: Early EndPlayMap Detection: Level '/Game/Maps/Door_Kit.Door_Kit:PersistentLevel' has LevelScriptBlueprint '/Game/Maps/Door_Kit.Door_Kit:PersistentLevel.Door_Kit' with GeneratedClass '/Game/Maps/Door_Kit.Door_Kit_C' with ClassGeneratedBy '/Game/Maps/Door_Kit.Door_Kit:PersistentLevel.Door_Kit'
[2019.11.11-03.35.11:203][803]LogBlueprintUserMessages: Early EndPlayMap Detection: Level '/Game/Maps/Turret_Kit.Turret_Kit:PersistentLevel' has LevelScriptBlueprint '/Game/Maps/Turret_Kit.Turret_Kit:PersistentLevel.Turret_Kit' with GeneratedClass '/Game/Maps/Turret_Kit.Turret_Kit_C' with ClassGeneratedBy '/Game/Maps/Turret_Kit.Turret_Kit:PersistentLevel.Turret_Kit'
[2019.11.11-03.35.11:205][803]LogBlueprintUserMessages: Early EndPlayMap Detection: Level '/Game/Maps/Laser_Kit.Laser_Kit:PersistentLevel' has LevelScriptBlueprint '/Game/Maps/Laser_Kit.Laser_Kit:PersistentLevel.Laser_Kit' with GeneratedClass '/Game/Maps/Laser_Kit.Laser_Kit_C' with ClassGeneratedBy '/Game/Maps/Laser_Kit.Laser_Kit:PersistentLevel.Laser_Kit'
[2019.11.11-03.35.11:206][803]LogBlueprintUserMessages: Early EndPlayMap Detection: Level '/Game/Maps/Camera_Kit.Camera_Kit:PersistentLevel' has LevelScriptBlueprint '/Game/Maps/Camera_Kit.Camera_Kit:PersistentLevel.Camera_Kit' with GeneratedClass '/Game/Maps/Camera_Kit.Camera_Kit_C' with ClassGeneratedBy '/Game/Maps/Camera_Kit.Camera_Kit:PersistentLevel.Camera_Kit'
[2019.11.11-03.35.11:207][803]LogBlueprintUserMessages: Early EndPlayMap Detection: Level '/Game/Maps/Explosive_Kit.Explosive_Kit:PersistentLevel' has LevelScriptBlueprint '/Game/Maps/Explosive_Kit.Explosive_Kit:PersistentLevel.Explosive_Kit' with GeneratedClass '/Game/Maps/Explosive_Kit.Explosive_Kit_C' with ClassGeneratedBy '/Game/Maps/Explosive_Kit.Explosive_Kit:PersistentLevel.Explosive_Kit'
[2019.11.11-03.35.11:208][803]LogBlueprintUserMessages: Early EndPlayMap Detection: Level '/Game/Maps/Teleport_Kit.Teleport_Kit:PersistentLevel' has LevelScriptBlueprint '/Game/Maps/Teleport_Kit.Teleport_Kit:PersistentLevel.Teleport_Kit' with GeneratedClass '/Game/Maps/Teleport_Kit.Teleport_Kit_C' with ClassGeneratedBy '/Game/Maps/Teleport_Kit.Teleport_Kit:PersistentLevel.Teleport_Kit'
[2019.11.11-03.35.11:210][803]LogSlate: Updating window title bar state: overlay mode, drag disabled, window buttons hidden, title bar hidden
[2019.11.11-03.35.11:258][803]LogSlate: Window 'Mechanics_Sandbox Game Preview Standalone (64-bit/PCD3D_SM5)' being destroyed
[2019.11.11-03.35.11:353][803]LogPlayLevel: Display: Shutting down PIE online subsystems
[2019.11.11-03.35.11:354][803]LogBlueprintUserMessages: Late EndPlayMap Detection: Level '/Game/FirstPersonBP/Maps/FirstPersonExampleMap.FirstPersonExampleMap:PersistentLevel' has LevelScriptBlueprint '/Game/FirstPersonBP/Maps/FirstPersonExampleMap.FirstPersonExampleMap:PersistentLevel.FirstPersonExampleMap' with GeneratedClass '/Game/FirstPersonBP/Maps/FirstPersonExampleMap.FirstPersonExampleMap_C' with ClassGeneratedBy '/Game/FirstPersonBP/Maps/FirstPersonExampleMap.FirstPersonExampleMap:PersistentLevel.FirstPersonExampleMap'
[2019.11.11-03.35.11:356][803]LogBlueprintUserMessages: Late EndPlayMap Detection: Level '/Game/Maps/Door_Kit.Door_Kit:PersistentLevel' has LevelScriptBlueprint '/Game/Maps/Door_Kit.Door_Kit:PersistentLevel.Door_Kit' with GeneratedClass '/Game/Maps/Door_Kit.Door_Kit_C' with ClassGeneratedBy '/Game/Maps/Door_Kit.Door_Kit:PersistentLevel.Door_Kit'
[2019.11.11-03.35.11:357][803]LogBlueprintUserMessages: Late EndPlayMap Detection: Level '/Game/Maps/Turret_Kit.Turret_Kit:PersistentLevel' has LevelScriptBlueprint '/Game/Maps/Turret_Kit.Turret_Kit:PersistentLevel.Turret_Kit' with GeneratedClass '/Game/Maps/Turret_Kit.Turret_Kit_C' with ClassGeneratedBy '/Game/Maps/Turret_Kit.Turret_Kit:PersistentLevel.Turret_Kit'
[2019.11.11-03.35.11:358][803]LogBlueprintUserMessages: Late EndPlayMap Detection: Level '/Game/Maps/Laser_Kit.Laser_Kit:PersistentLevel' has LevelScriptBlueprint '/Game/Maps/Laser_Kit.Laser_Kit:PersistentLevel.Laser_Kit' with GeneratedClass '/Game/Maps/Laser_Kit.Laser_Kit_C' with ClassGeneratedBy '/Game/Maps/Laser_Kit.Laser_Kit:PersistentLevel.Laser_Kit'
[2019.11.11-03.35.11:359][803]LogBlueprintUserMessages: Late EndPlayMap Detection: Level '/Game/Maps/Camera_Kit.Camera_Kit:PersistentLevel' has LevelScriptBlueprint '/Game/Maps/Camera_Kit.Camera_Kit:PersistentLevel.Camera_Kit' with GeneratedClass '/Game/Maps/Camera_Kit.Camera_Kit_C' with ClassGeneratedBy '/Game/Maps/Camera_Kit.Camera_Kit:PersistentLevel.Camera_Kit'
[2019.11.11-03.35.11:360][803]LogBlueprintUserMessages: Late EndPlayMap Detection: Level '/Game/Maps/Explosive_Kit.Explosive_Kit:PersistentLevel' has LevelScriptBlueprint '/Game/Maps/Explosive_Kit.Explosive_Kit:PersistentLevel.Explosive_Kit' with GeneratedClass '/Game/Maps/Explosive_Kit.Explosive_Kit_C' with ClassGeneratedBy '/Game/Maps/Explosive_Kit.Explosive_Kit:PersistentLevel.Explosive_Kit'
[2019.11.11-03.35.11:361][803]LogBlueprintUserMessages: Late EndPlayMap Detection: Level '/Game/Maps/Teleport_Kit.Teleport_Kit:PersistentLevel' has LevelScriptBlueprint '/Game/Maps/Teleport_Kit.Teleport_Kit:PersistentLevel.Teleport_Kit' with GeneratedClass '/Game/Maps/Teleport_Kit.Teleport_Kit_C' with ClassGeneratedBy '/Game/Maps/Teleport_Kit.Teleport_Kit:PersistentLevel.Teleport_Kit'
[2019.11.11-03.35.11:505][803]LogUObjectHash: Compacting FUObjectHashTables data took   8.62ms
[2019.11.11-03.35.11:782][804]LogPlayLevel: Display: Destroying online subsystem :Context_36
[2019.11.11-03.35.11:895][804]LogUObjectHash: Compacting FUObjectHashTables data took   1.92ms
[2019.11.11-03.35.14:023][858]LogSlate: FSceneViewport::OnFocusLost() reason 0
[2019.11.11-03.35.14:661][871]Cmd: CAMERA ALIGN ACTIVEVIEWPORTONLY
[2019.11.11-03.35.23:998][ 98]LogEditorViewport: Clicking on Actor (LMB): StaticMeshActor (EditorCube10)
[2019.11.11-03.35.24:768][113]LogEditorViewport: Clicking on Actor (CTRL LMB): StaticMeshActor (EditorCube9)
[2019.11.11-03.35.32:431][293]LogEditorViewport: Clicking on Actor (LMB): StaticMeshActor (Floor)
[2019.11.11-03.35.34:300][332]LogSlate: FSceneViewport::OnFocusLost() reason 0
[2019.11.11-03.35.34:705][338]Cmd: CAMERA ALIGN ACTIVEVIEWPORTONLY
[2019.11.11-03.35.47:688][623]LogEditorViewport: Clicking on Actor (LMB): Teleporter_C (Teleporter2)
[2019.11.11-03.35.51:004][706]LogEditorViewport: Clicking on Actor (LMB): Teleporter_C (Teleporter)
[2019.11.11-03.35.53:042][757]LogSlate: FSceneViewport::OnFocusLost() reason 0
[2019.11.11-03.35.53:132][760]LogTemp: Repeating last play command: New Editor Window (PIE)
[2019.11.11-03.35.53:207][760]LogBlueprintUserMessages: Early PlayInEditor Detection: Level '/Game/FirstPersonBP/Maps/FirstPersonExampleMap.FirstPersonExampleMap:PersistentLevel' has LevelScriptBlueprint '/Game/FirstPersonBP/Maps/FirstPersonExampleMap.FirstPersonExampleMap:PersistentLevel.FirstPersonExampleMap' with GeneratedClass '/Game/FirstPersonBP/Maps/FirstPersonExampleMap.FirstPersonExampleMap_C' with ClassGeneratedBy '/Game/FirstPersonBP/Maps/FirstPersonExampleMap.FirstPersonExampleMap:PersistentLevel.FirstPersonExampleMap'
[2019.11.11-03.35.53:208][760]LogBlueprintUserMessages: Early PlayInEditor Detection: Level '/Game/Maps/Door_Kit.Door_Kit:PersistentLevel' has LevelScriptBlueprint '/Game/Maps/Door_Kit.Door_Kit:PersistentLevel.Door_Kit' with GeneratedClass '/Game/Maps/Door_Kit.Door_Kit_C' with ClassGeneratedBy '/Game/Maps/Door_Kit.Door_Kit:PersistentLevel.Door_Kit'
[2019.11.11-03.35.53:209][760]LogBlueprintUserMessages: Early PlayInEditor Detection: Level '/Game/Maps/Turret_Kit.Turret_Kit:PersistentLevel' has LevelScriptBlueprint '/Game/Maps/Turret_Kit.Turret_Kit:PersistentLevel.Turret_Kit' with GeneratedClass '/Game/Maps/Turret_Kit.Turret_Kit_C' with ClassGeneratedBy '/Game/Maps/Turret_Kit.Turret_Kit:PersistentLevel.Turret_Kit'
[2019.11.11-03.35.53:210][760]LogBlueprintUserMessages: Early PlayInEditor Detection: Level '/Game/Maps/Laser_Kit.Laser_Kit:PersistentLevel' has LevelScriptBlueprint '/Game/Maps/Laser_Kit.Laser_Kit:PersistentLevel.Laser_Kit' with GeneratedClass '/Game/Maps/Laser_Kit.Laser_Kit_C' with ClassGeneratedBy '/Game/Maps/Laser_Kit.Laser_Kit:PersistentLevel.Laser_Kit'
[2019.11.11-03.35.53:211][760]LogBlueprintUserMessages: Early PlayInEditor Detection: Level '/Game/Maps/Camera_Kit.Camera_Kit:PersistentLevel' has LevelScriptBlueprint '/Game/Maps/Camera_Kit.Camera_Kit:PersistentLevel.Camera_Kit' with GeneratedClass '/Game/Maps/Camera_Kit.Camera_Kit_C' with ClassGeneratedBy '/Game/Maps/Camera_Kit.Camera_Kit:PersistentLevel.Camera_Kit'
[2019.11.11-03.35.53:212][760]LogBlueprintUserMessages: Early PlayInEditor Detection: Level '/Game/Maps/Explosive_Kit.Explosive_Kit:PersistentLevel' has LevelScriptBlueprint '/Game/Maps/Explosive_Kit.Explosive_Kit:PersistentLevel.Explosive_Kit' with GeneratedClass '/Game/Maps/Explosive_Kit.Explosive_Kit_C' with ClassGeneratedBy '/Game/Maps/Explosive_Kit.Explosive_Kit:PersistentLevel.Explosive_Kit'
[2019.11.11-03.35.53:213][760]LogBlueprintUserMessages: Early PlayInEditor Detection: Level '/Game/Maps/Teleport_Kit.Teleport_Kit:PersistentLevel' has LevelScriptBlueprint '/Game/Maps/Teleport_Kit.Teleport_Kit:PersistentLevel.Teleport_Kit' with GeneratedClass '/Game/Maps/Teleport_Kit.Teleport_Kit_C' with ClassGeneratedBy '/Game/Maps/Teleport_Kit.Teleport_Kit:PersistentLevel.Teleport_Kit'
[2019.11.11-03.35.53:214][760]LogPlayLevel: PlayLevel: No blueprints needed recompiling
[2019.11.11-03.35.53:215][760]PIE: New page: PIE session: FirstPersonExampleMap (Nov 10, 2019, 11:35:53 AM)
[2019.11.11-03.35.53:215][760]LogPlayLevel: Creating play world package: /Game/FirstPersonBP/Maps/UEDPIE_0_FirstPersonExampleMap
[2019.11.11-03.35.53:252][760]LogPlayLevel: PIE: StaticDuplicateObject took: (0.036519s)
[2019.11.11-03.35.53:254][760]LogAIModule: Creating AISystem for world FirstPersonExampleMap
[2019.11.11-03.35.53:255][760]LogPlayLevel: PIE: World Init took: (0.002327s)
[2019.11.11-03.35.53:256][760]LogPlayLevel: PIE: Created PIE world by copying editor world from /Game/FirstPersonBP/Maps/FirstPersonExampleMap.FirstPersonExampleMap to /Game/FirstPersonBP/Maps/UEDPIE_0_FirstPersonExampleMap.FirstPersonExampleMap (0.040245s)
[2019.11.11-03.35.53:378][760]LogUObjectHash: Compacting FUObjectHashTables data took   7.79ms
[2019.11.11-03.35.53:444][760]LogInit: XAudio2 using 'Headset Earphone (SteelSeries Arctis 5 Chat)' : 2 channels at 48 kHz using 16 bits per sample (channel mask 0x3)
[2019.11.11-03.35.53:487][760]LogInit: FAudioDevice initialized.
[2019.11.11-03.35.53:507][760]LogSlate: Updating window title bar state: overlay mode, drag disabled, window buttons hidden, title bar hidden
[2019.11.11-03.35.53:552][760]LogLoad: Game class is 'FirstPersonGameMode_C'
[2019.11.11-03.35.53:562][760]LogWorld: Bringing World /Game/FirstPersonBP/Maps/UEDPIE_0_FirstPersonExampleMap.FirstPersonExampleMap up for play (max tick rate 60) at 2019.11.10-19.35.53
[2019.11.11-03.35.53:564][760]LogWorld: Bringing up level for play took: 0.010176
[2019.11.11-03.35.53:596][760]PIE: Play in editor start time for /Game/FirstPersonBP/Maps/UEDPIE_0_FirstPersonExampleMap 0.887
[2019.11.11-03.35.53:597][760]LogBlueprintUserMessages: Late PlayInEditor Detection: Level '/Game/FirstPersonBP/Maps/FirstPersonExampleMap.FirstPersonExampleMap:PersistentLevel' has LevelScriptBlueprint '/Game/FirstPersonBP/Maps/FirstPersonExampleMap.FirstPersonExampleMap:PersistentLevel.FirstPersonExampleMap' with GeneratedClass '/Game/FirstPersonBP/Maps/FirstPersonExampleMap.FirstPersonExampleMap_C' with ClassGeneratedBy '/Game/FirstPersonBP/Maps/FirstPersonExampleMap.FirstPersonExampleMap:PersistentLevel.FirstPersonExampleMap'
[2019.11.11-03.35.53:599][760]LogBlueprintUserMessages: Late PlayInEditor Detection: Level '/Game/Maps/Door_Kit.Door_Kit:PersistentLevel' has LevelScriptBlueprint '/Game/Maps/Door_Kit.Door_Kit:PersistentLevel.Door_Kit' with GeneratedClass '/Game/Maps/Door_Kit.Door_Kit_C' with ClassGeneratedBy '/Game/Maps/Door_Kit.Door_Kit:PersistentLevel.Door_Kit'
[2019.11.11-03.35.53:601][760]LogBlueprintUserMessages: Late PlayInEditor Detection: Level '/Game/Maps/Turret_Kit.Turret_Kit:PersistentLevel' has LevelScriptBlueprint '/Game/Maps/Turret_Kit.Turret_Kit:PersistentLevel.Turret_Kit' with GeneratedClass '/Game/Maps/Turret_Kit.Turret_Kit_C' with ClassGeneratedBy '/Game/Maps/Turret_Kit.Turret_Kit:PersistentLevel.Turret_Kit'
[2019.11.11-03.35.53:602][760]LogBlueprintUserMessages: Late PlayInEditor Detection: Level '/Game/Maps/Laser_Kit.Laser_Kit:PersistentLevel' has LevelScriptBlueprint '/Game/Maps/Laser_Kit.Laser_Kit:PersistentLevel.Laser_Kit' with GeneratedClass '/Game/Maps/Laser_Kit.Laser_Kit_C' with ClassGeneratedBy '/Game/Maps/Laser_Kit.Laser_Kit:PersistentLevel.Laser_Kit'
[2019.11.11-03.35.53:603][760]LogBlueprintUserMessages: Late PlayInEditor Detection: Level '/Game/Maps/Camera_Kit.Camera_Kit:PersistentLevel' has LevelScriptBlueprint '/Game/Maps/Camera_Kit.Camera_Kit:PersistentLevel.Camera_Kit' with GeneratedClass '/Game/Maps/Camera_Kit.Camera_Kit_C' with ClassGeneratedBy '/Game/Maps/Camera_Kit.Camera_Kit:PersistentLevel.Camera_Kit'
[2019.11.11-03.35.53:604][760]LogBlueprintUserMessages: Late PlayInEditor Detection: Level '/Game/Maps/Explosive_Kit.Explosive_Kit:PersistentLevel' has LevelScriptBlueprint '/Game/Maps/Explosive_Kit.Explosive_Kit:PersistentLevel.Explosive_Kit' with GeneratedClass '/Game/Maps/Explosive_Kit.Explosive_Kit_C' with ClassGeneratedBy '/Game/Maps/Explosive_Kit.Explosive_Kit:PersistentLevel.Explosive_Kit'
[2019.11.11-03.35.53:605][760]LogBlueprintUserMessages: Late PlayInEditor Detection: Level '/Game/Maps/Teleport_Kit.Teleport_Kit:PersistentLevel' has LevelScriptBlueprint '/Game/Maps/Teleport_Kit.Teleport_Kit:PersistentLevel.Teleport_Kit' with GeneratedClass '/Game/Maps/Teleport_Kit.Teleport_Kit_C' with ClassGeneratedBy '/Game/Maps/Teleport_Kit.Teleport_Kit:PersistentLevel.Teleport_Kit'
[2019.11.11-03.35.56:266][830]LogLevel: ActivateLevel /Game/Maps/UEDPIE_0_Door_Kit 1 1 0
[2019.11.11-03.35.56:426][832]LogLevel: ActivateLevel /Game/Maps/UEDPIE_0_Teleport_Kit 1 1 0
[2019.11.11-03.36.02:944][ 10]LogCharacter: FirstPersonCharacter_C_1 is trying to crouch, but crouching is disabled on this character! (check CharacterMovement NavAgentSettings)
[2019.11.11-03.36.06:576][115]LogBlueprintUserMessages: Early EndPlayMap Detection: Level '/Game/FirstPersonBP/Maps/FirstPersonExampleMap.FirstPersonExampleMap:PersistentLevel' has LevelScriptBlueprint '/Game/FirstPersonBP/Maps/FirstPersonExampleMap.FirstPersonExampleMap:PersistentLevel.FirstPersonExampleMap' with GeneratedClass '/Game/FirstPersonBP/Maps/FirstPersonExampleMap.FirstPersonExampleMap_C' with ClassGeneratedBy '/Game/FirstPersonBP/Maps/FirstPersonExampleMap.FirstPersonExampleMap:PersistentLevel.FirstPersonExampleMap'
[2019.11.11-03.36.06:578][115]LogBlueprintUserMessages: Early EndPlayMap Detection: Level '/Game/Maps/Door_Kit.Door_Kit:PersistentLevel' has LevelScriptBlueprint '/Game/Maps/Door_Kit.Door_Kit:PersistentLevel.Door_Kit' with GeneratedClass '/Game/Maps/Door_Kit.Door_Kit_C' with ClassGeneratedBy '/Game/Maps/Door_Kit.Door_Kit:PersistentLevel.Door_Kit'
[2019.11.11-03.36.06:580][115]LogBlueprintUserMessages: Early EndPlayMap Detection: Level '/Game/Maps/Turret_Kit.Turret_Kit:PersistentLevel' has LevelScriptBlueprint '/Game/Maps/Turret_Kit.Turret_Kit:PersistentLevel.Turret_Kit' with GeneratedClass '/Game/Maps/Turret_Kit.Turret_Kit_C' with ClassGeneratedBy '/Game/Maps/Turret_Kit.Turret_Kit:PersistentLevel.Turret_Kit'
[2019.11.11-03.36.06:581][115]LogBlueprintUserMessages: Early EndPlayMap Detection: Level '/Game/Maps/Laser_Kit.Laser_Kit:PersistentLevel' has LevelScriptBlueprint '/Game/Maps/Laser_Kit.Laser_Kit:PersistentLevel.Laser_Kit' with GeneratedClass '/Game/Maps/Laser_Kit.Laser_Kit_C' with ClassGeneratedBy '/Game/Maps/Laser_Kit.Laser_Kit:PersistentLevel.Laser_Kit'
[2019.11.11-03.36.06:582][115]LogBlueprintUserMessages: Early EndPlayMap Detection: Level '/Game/Maps/Camera_Kit.Camera_Kit:PersistentLevel' has LevelScriptBlueprint '/Game/Maps/Camera_Kit.Camera_Kit:PersistentLevel.Camera_Kit' with GeneratedClass '/Game/Maps/Camera_Kit.Camera_Kit_C' with ClassGeneratedBy '/Game/Maps/Camera_Kit.Camera_Kit:PersistentLevel.Camera_Kit'
[2019.11.11-03.36.06:583][115]LogBlueprintUserMessages: Early EndPlayMap Detection: Level '/Game/Maps/Explosive_Kit.Explosive_Kit:PersistentLevel' has LevelScriptBlueprint '/Game/Maps/Explosive_Kit.Explosive_Kit:PersistentLevel.Explosive_Kit' with GeneratedClass '/Game/Maps/Explosive_Kit.Explosive_Kit_C' with ClassGeneratedBy '/Game/Maps/Explosive_Kit.Explosive_Kit:PersistentLevel.Explosive_Kit'
[2019.11.11-03.36.06:585][115]LogBlueprintUserMessages: Early EndPlayMap Detection: Level '/Game/Maps/Teleport_Kit.Teleport_Kit:PersistentLevel' has LevelScriptBlueprint '/Game/Maps/Teleport_Kit.Teleport_Kit:PersistentLevel.Teleport_Kit' with GeneratedClass '/Game/Maps/Teleport_Kit.Teleport_Kit_C' with ClassGeneratedBy '/Game/Maps/Teleport_Kit.Teleport_Kit:PersistentLevel.Teleport_Kit'
[2019.11.11-03.36.06:862][115]LogSlate: Updating window title bar state: overlay mode, drag disabled, window buttons hidden, title bar hidden
[2019.11.11-03.36.06:918][115]LogSlate: Window 'Mechanics_Sandbox Game Preview Standalone (64-bit/PCD3D_SM5)' being destroyed
[2019.11.11-03.36.07:018][115]LogPlayLevel: Display: Shutting down PIE online subsystems
[2019.11.11-03.36.07:020][115]LogBlueprintUserMessages: Late EndPlayMap Detection: Level '/Game/FirstPersonBP/Maps/FirstPersonExampleMap.FirstPersonExampleMap:PersistentLevel' has LevelScriptBlueprint '/Game/FirstPersonBP/Maps/FirstPersonExampleMap.FirstPersonExampleMap:PersistentLevel.FirstPersonExampleMap' with GeneratedClass '/Game/FirstPersonBP/Maps/FirstPersonExampleMap.FirstPersonExampleMap_C' with ClassGeneratedBy '/Game/FirstPersonBP/Maps/FirstPersonExampleMap.FirstPersonExampleMap:PersistentLevel.FirstPersonExampleMap'
[2019.11.11-03.36.07:021][115]LogBlueprintUserMessages: Late EndPlayMap Detection: Level '/Game/Maps/Door_Kit.Door_Kit:PersistentLevel' has LevelScriptBlueprint '/Game/Maps/Door_Kit.Door_Kit:PersistentLevel.Door_Kit' with GeneratedClass '/Game/Maps/Door_Kit.Door_Kit_C' with ClassGeneratedBy '/Game/Maps/Door_Kit.Door_Kit:PersistentLevel.Door_Kit'
[2019.11.11-03.36.07:022][115]LogBlueprintUserMessages: Late EndPlayMap Detection: Level '/Game/Maps/Turret_Kit.Turret_Kit:PersistentLevel' has LevelScriptBlueprint '/Game/Maps/Turret_Kit.Turret_Kit:PersistentLevel.Turret_Kit' with GeneratedClass '/Game/Maps/Turret_Kit.Turret_Kit_C' with ClassGeneratedBy '/Game/Maps/Turret_Kit.Turret_Kit:PersistentLevel.Turret_Kit'
[2019.11.11-03.36.07:023][115]LogBlueprintUserMessages: Late EndPlayMap Detection: Level '/Game/Maps/Laser_Kit.Laser_Kit:PersistentLevel' has LevelScriptBlueprint '/Game/Maps/Laser_Kit.Laser_Kit:PersistentLevel.Laser_Kit' with GeneratedClass '/Game/Maps/Laser_Kit.Laser_Kit_C' with ClassGeneratedBy '/Game/Maps/Laser_Kit.Laser_Kit:PersistentLevel.Laser_Kit'
[2019.11.11-03.36.07:024][115]LogBlueprintUserMessages: Late EndPlayMap Detection: Level '/Game/Maps/Camera_Kit.Camera_Kit:PersistentLevel' has LevelScriptBlueprint '/Game/Maps/Camera_Kit.Camera_Kit:PersistentLevel.Camera_Kit' with GeneratedClass '/Game/Maps/Camera_Kit.Camera_Kit_C' with ClassGeneratedBy '/Game/Maps/Camera_Kit.Camera_Kit:PersistentLevel.Camera_Kit'
[2019.11.11-03.36.07:025][115]LogBlueprintUserMessages: Late EndPlayMap Detection: Level '/Game/Maps/Explosive_Kit.Explosive_Kit:PersistentLevel' has LevelScriptBlueprint '/Game/Maps/Explosive_Kit.Explosive_Kit:PersistentLevel.Explosive_Kit' with GeneratedClass '/Game/Maps/Explosive_Kit.Explosive_Kit_C' with ClassGeneratedBy '/Game/Maps/Explosive_Kit.Explosive_Kit:PersistentLevel.Explosive_Kit'
[2019.11.11-03.36.07:026][115]LogBlueprintUserMessages: Late EndPlayMap Detection: Level '/Game/Maps/Teleport_Kit.Teleport_Kit:PersistentLevel' has LevelScriptBlueprint '/Game/Maps/Teleport_Kit.Teleport_Kit:PersistentLevel.Teleport_Kit' with GeneratedClass '/Game/Maps/Teleport_Kit.Teleport_Kit_C' with ClassGeneratedBy '/Game/Maps/Teleport_Kit.Teleport_Kit:PersistentLevel.Teleport_Kit'
[2019.11.11-03.36.07:188][115]LogUObjectHash: Compacting FUObjectHashTables data took   8.45ms
[2019.11.11-03.36.07:446][116]LogPlayLevel: Display: Destroying online subsystem :Context_37
[2019.11.11-03.36.07:556][116]LogUObjectHash: Compacting FUObjectHashTables data took   2.11ms
[2019.11.11-03.36.08:076][129]LogSlate: FSceneViewport::OnFocusLost() reason 2
[2019.11.11-03.36.08:505][141]LogSlate: FSceneViewport::OnFocusLost() reason 2
[2019.11.11-03.36.08:780][148]LogSlate: FSceneViewport::OnFocusLost() reason 2
[2019.11.11-03.36.09:571][173]LogSlate: FSceneViewport::OnFocusLost() reason 2
[2019.11.11-03.36.14:165][322]LogSlate: FSceneViewport::OnFocusLost() reason 2
[2019.11.11-03.36.16:633][322]LogSlate: Only BGRA pngs, bmps or icos are supported in by External Image Picker
[2019.11.11-03.36.32:233][706]LogSlate: Window 'Project Settings' being destroyed
[2019.11.11-03.36.32:252][706]LogSlate: Window 'Project Settings' being destroyed
[2019.11.11-03.36.33:281][726]LogSlate: FSceneViewport::OnFocusLost() reason 0
[2019.11.11-03.36.33:402][730]LogTemp: Repeating last play command: New Editor Window (PIE)
[2019.11.11-03.36.33:476][730]LogBlueprintUserMessages: Early PlayInEditor Detection: Level '/Game/FirstPersonBP/Maps/FirstPersonExampleMap.FirstPersonExampleMap:PersistentLevel' has LevelScriptBlueprint '/Game/FirstPersonBP/Maps/FirstPersonExampleMap.FirstPersonExampleMap:PersistentLevel.FirstPersonExampleMap' with GeneratedClass '/Game/FirstPersonBP/Maps/FirstPersonExampleMap.FirstPersonExampleMap_C' with ClassGeneratedBy '/Game/FirstPersonBP/Maps/FirstPersonExampleMap.FirstPersonExampleMap:PersistentLevel.FirstPersonExampleMap'
[2019.11.11-03.36.33:477][730]LogBlueprintUserMessages: Early PlayInEditor Detection: Level '/Game/Maps/Door_Kit.Door_Kit:PersistentLevel' has LevelScriptBlueprint '/Game/Maps/Door_Kit.Door_Kit:PersistentLevel.Door_Kit' with GeneratedClass '/Game/Maps/Door_Kit.Door_Kit_C' with ClassGeneratedBy '/Game/Maps/Door_Kit.Door_Kit:PersistentLevel.Door_Kit'
[2019.11.11-03.36.33:478][730]LogBlueprintUserMessages: Early PlayInEditor Detection: Level '/Game/Maps/Turret_Kit.Turret_Kit:PersistentLevel' has LevelScriptBlueprint '/Game/Maps/Turret_Kit.Turret_Kit:PersistentLevel.Turret_Kit' with GeneratedClass '/Game/Maps/Turret_Kit.Turret_Kit_C' with ClassGeneratedBy '/Game/Maps/Turret_Kit.Turret_Kit:PersistentLevel.Turret_Kit'
[2019.11.11-03.36.33:480][730]LogBlueprintUserMessages: Early PlayInEditor Detection: Level '/Game/Maps/Laser_Kit.Laser_Kit:PersistentLevel' has LevelScriptBlueprint '/Game/Maps/Laser_Kit.Laser_Kit:PersistentLevel.Laser_Kit' with GeneratedClass '/Game/Maps/Laser_Kit.Laser_Kit_C' with ClassGeneratedBy '/Game/Maps/Laser_Kit.Laser_Kit:PersistentLevel.Laser_Kit'
[2019.11.11-03.36.33:481][730]LogBlueprintUserMessages: Early PlayInEditor Detection: Level '/Game/Maps/Camera_Kit.Camera_Kit:PersistentLevel' has LevelScriptBlueprint '/Game/Maps/Camera_Kit.Camera_Kit:PersistentLevel.Camera_Kit' with GeneratedClass '/Game/Maps/Camera_Kit.Camera_Kit_C' with ClassGeneratedBy '/Game/Maps/Camera_Kit.Camera_Kit:PersistentLevel.Camera_Kit'
[2019.11.11-03.36.33:482][730]LogBlueprintUserMessages: Early PlayInEditor Detection: Level '/Game/Maps/Explosive_Kit.Explosive_Kit:PersistentLevel' has LevelScriptBlueprint '/Game/Maps/Explosive_Kit.Explosive_Kit:PersistentLevel.Explosive_Kit' with GeneratedClass '/Game/Maps/Explosive_Kit.Explosive_Kit_C' with ClassGeneratedBy '/Game/Maps/Explosive_Kit.Explosive_Kit:PersistentLevel.Explosive_Kit'
[2019.11.11-03.36.33:483][730]LogBlueprintUserMessages: Early PlayInEditor Detection: Level '/Game/Maps/Teleport_Kit.Teleport_Kit:PersistentLevel' has LevelScriptBlueprint '/Game/Maps/Teleport_Kit.Teleport_Kit:PersistentLevel.Teleport_Kit' with GeneratedClass '/Game/Maps/Teleport_Kit.Teleport_Kit_C' with ClassGeneratedBy '/Game/Maps/Teleport_Kit.Teleport_Kit:PersistentLevel.Teleport_Kit'
[2019.11.11-03.36.33:484][730]LogPlayLevel: PlayLevel: No blueprints needed recompiling
[2019.11.11-03.36.33:484][730]PIE: New page: PIE session: FirstPersonExampleMap (Nov 10, 2019, 11:36:33 AM)
[2019.11.11-03.36.33:484][730]LogPlayLevel: Creating play world package: /Game/FirstPersonBP/Maps/UEDPIE_0_FirstPersonExampleMap
[2019.11.11-03.36.33:518][730]LogPlayLevel: PIE: StaticDuplicateObject took: (0.033264s)
[2019.11.11-03.36.33:520][730]LogAIModule: Creating AISystem for world FirstPersonExampleMap
[2019.11.11-03.36.33:521][730]LogPlayLevel: PIE: World Init took: (0.002339s)
[2019.11.11-03.36.33:522][730]LogPlayLevel: PIE: Created PIE world by copying editor world from /Game/FirstPersonBP/Maps/FirstPersonExampleMap.FirstPersonExampleMap to /Game/FirstPersonBP/Maps/UEDPIE_0_FirstPersonExampleMap.FirstPersonExampleMap (0.037133s)
[2019.11.11-03.36.33:642][730]LogUObjectHash: Compacting FUObjectHashTables data took   7.79ms
[2019.11.11-03.36.33:705][730]LogInit: XAudio2 using 'Headset Earphone (SteelSeries Arctis 5 Chat)' : 2 channels at 48 kHz using 16 bits per sample (channel mask 0x3)
[2019.11.11-03.36.33:745][730]LogInit: FAudioDevice initialized.
[2019.11.11-03.36.33:765][730]LogSlate: Updating window title bar state: overlay mode, drag disabled, window buttons hidden, title bar hidden
[2019.11.11-03.36.33:808][730]LogLoad: Game class is 'FirstPersonGameMode_C'
[2019.11.11-03.36.33:818][730]LogWorld: Bringing World /Game/FirstPersonBP/Maps/UEDPIE_0_FirstPersonExampleMap.FirstPersonExampleMap up for play (max tick rate 60) at 2019.11.10-19.36.33
[2019.11.11-03.36.33:822][730]LogWorld: Bringing up level for play took: 0.011894
[2019.11.11-03.36.33:855][730]PIE: Play in editor start time for /Game/FirstPersonBP/Maps/UEDPIE_0_FirstPersonExampleMap 1.145
[2019.11.11-03.36.33:857][730]LogBlueprintUserMessages: Late PlayInEditor Detection: Level '/Game/FirstPersonBP/Maps/FirstPersonExampleMap.FirstPersonExampleMap:PersistentLevel' has LevelScriptBlueprint '/Game/FirstPersonBP/Maps/FirstPersonExampleMap.FirstPersonExampleMap:PersistentLevel.FirstPersonExampleMap' with GeneratedClass '/Game/FirstPersonBP/Maps/FirstPersonExampleMap.FirstPersonExampleMap_C' with ClassGeneratedBy '/Game/FirstPersonBP/Maps/FirstPersonExampleMap.FirstPersonExampleMap:PersistentLevel.FirstPersonExampleMap'
[2019.11.11-03.36.33:859][730]LogBlueprintUserMessages: Late PlayInEditor Detection: Level '/Game/Maps/Door_Kit.Door_Kit:PersistentLevel' has LevelScriptBlueprint '/Game/Maps/Door_Kit.Door_Kit:PersistentLevel.Door_Kit' with GeneratedClass '/Game/Maps/Door_Kit.Door_Kit_C' with ClassGeneratedBy '/Game/Maps/Door_Kit.Door_Kit:PersistentLevel.Door_Kit'
[2019.11.11-03.36.33:860][730]LogBlueprintUserMessages: Late PlayInEditor Detection: Level '/Game/Maps/Turret_Kit.Turret_Kit:PersistentLevel' has LevelScriptBlueprint '/Game/Maps/Turret_Kit.Turret_Kit:PersistentLevel.Turret_Kit' with GeneratedClass '/Game/Maps/Turret_Kit.Turret_Kit_C' with ClassGeneratedBy '/Game/Maps/Turret_Kit.Turret_Kit:PersistentLevel.Turret_Kit'
[2019.11.11-03.36.33:861][730]LogBlueprintUserMessages: Late PlayInEditor Detection: Level '/Game/Maps/Laser_Kit.Laser_Kit:PersistentLevel' has LevelScriptBlueprint '/Game/Maps/Laser_Kit.Laser_Kit:PersistentLevel.Laser_Kit' with GeneratedClass '/Game/Maps/Laser_Kit.Laser_Kit_C' with ClassGeneratedBy '/Game/Maps/Laser_Kit.Laser_Kit:PersistentLevel.Laser_Kit'
[2019.11.11-03.36.33:863][730]LogBlueprintUserMessages: Late PlayInEditor Detection: Level '/Game/Maps/Camera_Kit.Camera_Kit:PersistentLevel' has LevelScriptBlueprint '/Game/Maps/Camera_Kit.Camera_Kit:PersistentLevel.Camera_Kit' with GeneratedClass '/Game/Maps/Camera_Kit.Camera_Kit_C' with ClassGeneratedBy '/Game/Maps/Camera_Kit.Camera_Kit:PersistentLevel.Camera_Kit'
[2019.11.11-03.36.33:864][730]LogBlueprintUserMessages: Late PlayInEditor Detection: Level '/Game/Maps/Explosive_Kit.Explosive_Kit:PersistentLevel' has LevelScriptBlueprint '/Game/Maps/Explosive_Kit.Explosive_Kit:PersistentLevel.Explosive_Kit' with GeneratedClass '/Game/Maps/Explosive_Kit.Explosive_Kit_C' with ClassGeneratedBy '/Game/Maps/Explosive_Kit.Explosive_Kit:PersistentLevel.Explosive_Kit'
[2019.11.11-03.36.33:865][730]LogBlueprintUserMessages: Late PlayInEditor Detection: Level '/Game/Maps/Teleport_Kit.Teleport_Kit:PersistentLevel' has LevelScriptBlueprint '/Game/Maps/Teleport_Kit.Teleport_Kit:PersistentLevel.Teleport_Kit' with GeneratedClass '/Game/Maps/Teleport_Kit.Teleport_Kit_C' with ClassGeneratedBy '/Game/Maps/Teleport_Kit.Teleport_Kit:PersistentLevel.Teleport_Kit'
[2019.11.11-03.36.36:327][793]LogLevel: ActivateLevel /Game/Maps/UEDPIE_0_Door_Kit 1 1 0
[2019.11.11-03.36.36:609][799]LogLevel: ActivateLevel /Game/Maps/UEDPIE_0_Teleport_Kit 1 1 0
[2019.11.11-03.36.39:070][860]LogLevel: ActivateLevel /Game/Maps/UEDPIE_0_Camera_Kit 1 1 0
[2019.11.11-03.36.43:734][985]LogCharacter: FirstPersonCharacter_C_1 is trying to crouch, but crouching is disabled on this character! (check CharacterMovement NavAgentSettings)
[2019.11.11-03.36.46:866][ 72]LogBlueprintUserMessages: [FirstPersonCharacter_C_1] Inventory now contains this many items:1
[2019.11.11-03.36.48:828][129]LogBlueprintUserMessages: [FirstPersonCharacter_C_1] Inventory now contains this many items:1
[2019.11.11-03.36.49:730][153]LogLevel: ActivateLevel /Game/Maps/UEDPIE_0_Camera_Kit 0 0 0
[2019.11.11-03.36.49:924][154]LogUObjectHash: Compacting FUObjectHashTables data took   7.03ms
[2019.11.11-03.36.51:410][195]LogBlueprintUserMessages: Early EndPlayMap Detection: Level '/Game/FirstPersonBP/Maps/FirstPersonExampleMap.FirstPersonExampleMap:PersistentLevel' has LevelScriptBlueprint '/Game/FirstPersonBP/Maps/FirstPersonExampleMap.FirstPersonExampleMap:PersistentLevel.FirstPersonExampleMap' with GeneratedClass '/Game/FirstPersonBP/Maps/FirstPersonExampleMap.FirstPersonExampleMap_C' with ClassGeneratedBy '/Game/FirstPersonBP/Maps/FirstPersonExampleMap.FirstPersonExampleMap:PersistentLevel.FirstPersonExampleMap'
[2019.11.11-03.36.51:412][195]LogBlueprintUserMessages: Early EndPlayMap Detection: Level '/Game/Maps/Door_Kit.Door_Kit:PersistentLevel' has LevelScriptBlueprint '/Game/Maps/Door_Kit.Door_Kit:PersistentLevel.Door_Kit' with GeneratedClass '/Game/Maps/Door_Kit.Door_Kit_C' with ClassGeneratedBy '/Game/Maps/Door_Kit.Door_Kit:PersistentLevel.Door_Kit'
[2019.11.11-03.36.51:414][195]LogBlueprintUserMessages: Early EndPlayMap Detection: Level '/Game/Maps/Turret_Kit.Turret_Kit:PersistentLevel' has LevelScriptBlueprint '/Game/Maps/Turret_Kit.Turret_Kit:PersistentLevel.Turret_Kit' with GeneratedClass '/Game/Maps/Turret_Kit.Turret_Kit_C' with ClassGeneratedBy '/Game/Maps/Turret_Kit.Turret_Kit:PersistentLevel.Turret_Kit'
[2019.11.11-03.36.51:415][195]LogBlueprintUserMessages: Early EndPlayMap Detection: Level '/Game/Maps/Laser_Kit.Laser_Kit:PersistentLevel' has LevelScriptBlueprint '/Game/Maps/Laser_Kit.Laser_Kit:PersistentLevel.Laser_Kit' with GeneratedClass '/Game/Maps/Laser_Kit.Laser_Kit_C' with ClassGeneratedBy '/Game/Maps/Laser_Kit.Laser_Kit:PersistentLevel.Laser_Kit'
[2019.11.11-03.36.51:416][195]LogBlueprintUserMessages: Early EndPlayMap Detection: Level '/Game/Maps/Camera_Kit.Camera_Kit:PersistentLevel' has LevelScriptBlueprint '/Game/Maps/Camera_Kit.Camera_Kit:PersistentLevel.Camera_Kit' with GeneratedClass '/Game/Maps/Camera_Kit.Camera_Kit_C' with ClassGeneratedBy '/Game/Maps/Camera_Kit.Camera_Kit:PersistentLevel.Camera_Kit'
[2019.11.11-03.36.51:418][195]LogBlueprintUserMessages: Early EndPlayMap Detection: Level '/Game/Maps/Explosive_Kit.Explosive_Kit:PersistentLevel' has LevelScriptBlueprint '/Game/Maps/Explosive_Kit.Explosive_Kit:PersistentLevel.Explosive_Kit' with GeneratedClass '/Game/Maps/Explosive_Kit.Explosive_Kit_C' with ClassGeneratedBy '/Game/Maps/Explosive_Kit.Explosive_Kit:PersistentLevel.Explosive_Kit'
[2019.11.11-03.36.51:419][195]LogBlueprintUserMessages: Early EndPlayMap Detection: Level '/Game/Maps/Teleport_Kit.Teleport_Kit:PersistentLevel' has LevelScriptBlueprint '/Game/Maps/Teleport_Kit.Teleport_Kit:PersistentLevel.Teleport_Kit' with GeneratedClass '/Game/Maps/Teleport_Kit.Teleport_Kit_C' with ClassGeneratedBy '/Game/Maps/Teleport_Kit.Teleport_Kit:PersistentLevel.Teleport_Kit'
[2019.11.11-03.36.51:421][195]LogSlate: Updating window title bar state: overlay mode, drag disabled, window buttons hidden, title bar hidden
[2019.11.11-03.36.51:463][195]LogSlate: Window 'Mechanics_Sandbox Game Preview Standalone (64-bit/PCD3D_SM5)' being destroyed
[2019.11.11-03.36.51:567][195]LogPlayLevel: Display: Shutting down PIE online subsystems
[2019.11.11-03.36.51:568][195]LogBlueprintUserMessages: Late EndPlayMap Detection: Level '/Game/FirstPersonBP/Maps/FirstPersonExampleMap.FirstPersonExampleMap:PersistentLevel' has LevelScriptBlueprint '/Game/FirstPersonBP/Maps/FirstPersonExampleMap.FirstPersonExampleMap:PersistentLevel.FirstPersonExampleMap' with GeneratedClass '/Game/FirstPersonBP/Maps/FirstPersonExampleMap.FirstPersonExampleMap_C' with ClassGeneratedBy '/Game/FirstPersonBP/Maps/FirstPersonExampleMap.FirstPersonExampleMap:PersistentLevel.FirstPersonExampleMap'
[2019.11.11-03.36.51:571][195]LogBlueprintUserMessages: Late EndPlayMap Detection: Level '/Game/Maps/Door_Kit.Door_Kit:PersistentLevel' has LevelScriptBlueprint '/Game/Maps/Door_Kit.Door_Kit:PersistentLevel.Door_Kit' with GeneratedClass '/Game/Maps/Door_Kit.Door_Kit_C' with ClassGeneratedBy '/Game/Maps/Door_Kit.Door_Kit:PersistentLevel.Door_Kit'
[2019.11.11-03.36.51:572][195]LogBlueprintUserMessages: Late EndPlayMap Detection: Level '/Game/Maps/Turret_Kit.Turret_Kit:PersistentLevel' has LevelScriptBlueprint '/Game/Maps/Turret_Kit.Turret_Kit:PersistentLevel.Turret_Kit' with GeneratedClass '/Game/Maps/Turret_Kit.Turret_Kit_C' with ClassGeneratedBy '/Game/Maps/Turret_Kit.Turret_Kit:PersistentLevel.Turret_Kit'
[2019.11.11-03.36.51:574][195]LogBlueprintUserMessages: Late EndPlayMap Detection: Level '/Game/Maps/Laser_Kit.Laser_Kit:PersistentLevel' has LevelScriptBlueprint '/Game/Maps/Laser_Kit.Laser_Kit:PersistentLevel.Laser_Kit' with GeneratedClass '/Game/Maps/Laser_Kit.Laser_Kit_C' with ClassGeneratedBy '/Game/Maps/Laser_Kit.Laser_Kit:PersistentLevel.Laser_Kit'
[2019.11.11-03.36.51:575][195]LogBlueprintUserMessages: Late EndPlayMap Detection: Level '/Game/Maps/Camera_Kit.Camera_Kit:PersistentLevel' has LevelScriptBlueprint '/Game/Maps/Camera_Kit.Camera_Kit:PersistentLevel.Camera_Kit' with GeneratedClass '/Game/Maps/Camera_Kit.Camera_Kit_C' with ClassGeneratedBy '/Game/Maps/Camera_Kit.Camera_Kit:PersistentLevel.Camera_Kit'
[2019.11.11-03.36.51:576][195]LogBlueprintUserMessages: Late EndPlayMap Detection: Level '/Game/Maps/Explosive_Kit.Explosive_Kit:PersistentLevel' has LevelScriptBlueprint '/Game/Maps/Explosive_Kit.Explosive_Kit:PersistentLevel.Explosive_Kit' with GeneratedClass '/Game/Maps/Explosive_Kit.Explosive_Kit_C' with ClassGeneratedBy '/Game/Maps/Explosive_Kit.Explosive_Kit:PersistentLevel.Explosive_Kit'
[2019.11.11-03.36.51:578][195]LogBlueprintUserMessages: Late EndPlayMap Detection: Level '/Game/Maps/Teleport_Kit.Teleport_Kit:PersistentLevel' has LevelScriptBlueprint '/Game/Maps/Teleport_Kit.Teleport_Kit:PersistentLevel.Teleport_Kit' with GeneratedClass '/Game/Maps/Teleport_Kit.Teleport_Kit_C' with ClassGeneratedBy '/Game/Maps/Teleport_Kit.Teleport_Kit:PersistentLevel.Teleport_Kit'
[2019.11.11-03.36.51:721][195]LogUObjectHash: Compacting FUObjectHashTables data took   9.81ms
[2019.11.11-03.36.52:001][196]LogPlayLevel: Display: Destroying online subsystem :Context_38
[2019.11.11-03.36.52:120][196]LogUObjectHash: Compacting FUObjectHashTables data took   2.81ms
[2019.11.11-03.36.52:869][212]LogSlate: FSceneViewport::OnFocusLost() reason 0
[2019.11.11-03.36.52:985][216]LogTemp: Repeating last play command: New Editor Window (PIE)
[2019.11.11-03.36.53:065][216]LogBlueprintUserMessages: Early PlayInEditor Detection: Level '/Game/FirstPersonBP/Maps/FirstPersonExampleMap.FirstPersonExampleMap:PersistentLevel' has LevelScriptBlueprint '/Game/FirstPersonBP/Maps/FirstPersonExampleMap.FirstPersonExampleMap:PersistentLevel.FirstPersonExampleMap' with GeneratedClass '/Game/FirstPersonBP/Maps/FirstPersonExampleMap.FirstPersonExampleMap_C' with ClassGeneratedBy '/Game/FirstPersonBP/Maps/FirstPersonExampleMap.FirstPersonExampleMap:PersistentLevel.FirstPersonExampleMap'
[2019.11.11-03.36.53:067][216]LogBlueprintUserMessages: Early PlayInEditor Detection: Level '/Game/Maps/Door_Kit.Door_Kit:PersistentLevel' has LevelScriptBlueprint '/Game/Maps/Door_Kit.Door_Kit:PersistentLevel.Door_Kit' with GeneratedClass '/Game/Maps/Door_Kit.Door_Kit_C' with ClassGeneratedBy '/Game/Maps/Door_Kit.Door_Kit:PersistentLevel.Door_Kit'
[2019.11.11-03.36.53:068][216]LogBlueprintUserMessages: Early PlayInEditor Detection: Level '/Game/Maps/Turret_Kit.Turret_Kit:PersistentLevel' has LevelScriptBlueprint '/Game/Maps/Turret_Kit.Turret_Kit:PersistentLevel.Turret_Kit' with GeneratedClass '/Game/Maps/Turret_Kit.Turret_Kit_C' with ClassGeneratedBy '/Game/Maps/Turret_Kit.Turret_Kit:PersistentLevel.Turret_Kit'
[2019.11.11-03.36.53:069][216]LogBlueprintUserMessages: Early PlayInEditor Detection: Level '/Game/Maps/Laser_Kit.Laser_Kit:PersistentLevel' has LevelScriptBlueprint '/Game/Maps/Laser_Kit.Laser_Kit:PersistentLevel.Laser_Kit' with GeneratedClass '/Game/Maps/Laser_Kit.Laser_Kit_C' with ClassGeneratedBy '/Game/Maps/Laser_Kit.Laser_Kit:PersistentLevel.Laser_Kit'
[2019.11.11-03.36.53:071][216]LogBlueprintUserMessages: Early PlayInEditor Detection: Level '/Game/Maps/Camera_Kit.Camera_Kit:PersistentLevel' has LevelScriptBlueprint '/Game/Maps/Camera_Kit.Camera_Kit:PersistentLevel.Camera_Kit' with GeneratedClass '/Game/Maps/Camera_Kit.Camera_Kit_C' with ClassGeneratedBy '/Game/Maps/Camera_Kit.Camera_Kit:PersistentLevel.Camera_Kit'
[2019.11.11-03.36.53:072][216]LogBlueprintUserMessages: Early PlayInEditor Detection: Level '/Game/Maps/Explosive_Kit.Explosive_Kit:PersistentLevel' has LevelScriptBlueprint '/Game/Maps/Explosive_Kit.Explosive_Kit:PersistentLevel.Explosive_Kit' with GeneratedClass '/Game/Maps/Explosive_Kit.Explosive_Kit_C' with ClassGeneratedBy '/Game/Maps/Explosive_Kit.Explosive_Kit:PersistentLevel.Explosive_Kit'
[2019.11.11-03.36.53:074][216]LogBlueprintUserMessages: Early PlayInEditor Detection: Level '/Game/Maps/Teleport_Kit.Teleport_Kit:PersistentLevel' has LevelScriptBlueprint '/Game/Maps/Teleport_Kit.Teleport_Kit:PersistentLevel.Teleport_Kit' with GeneratedClass '/Game/Maps/Teleport_Kit.Teleport_Kit_C' with ClassGeneratedBy '/Game/Maps/Teleport_Kit.Teleport_Kit:PersistentLevel.Teleport_Kit'
[2019.11.11-03.36.53:075][216]LogPlayLevel: PlayLevel: No blueprints needed recompiling
[2019.11.11-03.36.53:075][216]PIE: New page: PIE session: FirstPersonExampleMap (Nov 10, 2019, 11:36:53 AM)
[2019.11.11-03.36.53:076][216]LogPlayLevel: Creating play world package: /Game/FirstPersonBP/Maps/UEDPIE_0_FirstPersonExampleMap
[2019.11.11-03.36.53:111][216]LogPlayLevel: PIE: StaticDuplicateObject took: (0.034742s)
[2019.11.11-03.36.53:113][216]LogAIModule: Creating AISystem for world FirstPersonExampleMap
[2019.11.11-03.36.53:114][216]LogPlayLevel: PIE: World Init took: (0.002142s)
[2019.11.11-03.36.53:114][216]LogPlayLevel: PIE: Created PIE world by copying editor world from /Game/FirstPersonBP/Maps/FirstPersonExampleMap.FirstPersonExampleMap to /Game/FirstPersonBP/Maps/UEDPIE_0_FirstPersonExampleMap.FirstPersonExampleMap (0.038219s)
[2019.11.11-03.36.53:228][216]LogUObjectHash: Compacting FUObjectHashTables data took   7.90ms
[2019.11.11-03.36.53:300][216]LogInit: XAudio2 using 'Headset Earphone (SteelSeries Arctis 5 Chat)' : 2 channels at 48 kHz using 16 bits per sample (channel mask 0x3)
[2019.11.11-03.36.53:345][216]LogInit: FAudioDevice initialized.
[2019.11.11-03.36.53:368][216]LogSlate: Updating window title bar state: overlay mode, drag disabled, window buttons hidden, title bar hidden
[2019.11.11-03.36.53:411][216]LogLoad: Game class is 'FirstPersonGameMode_C'
[2019.11.11-03.36.53:420][216]LogWorld: Bringing World /Game/FirstPersonBP/Maps/UEDPIE_0_FirstPersonExampleMap.FirstPersonExampleMap up for play (max tick rate 60) at 2019.11.10-19.36.53
[2019.11.11-03.36.53:424][216]LogWorld: Bringing up level for play took: 0.010373
[2019.11.11-03.36.53:455][216]PIE: Play in editor start time for /Game/FirstPersonBP/Maps/UEDPIE_0_FirstPersonExampleMap 0.744
[2019.11.11-03.36.53:457][216]LogBlueprintUserMessages: Late PlayInEditor Detection: Level '/Game/FirstPersonBP/Maps/FirstPersonExampleMap.FirstPersonExampleMap:PersistentLevel' has LevelScriptBlueprint '/Game/FirstPersonBP/Maps/FirstPersonExampleMap.FirstPersonExampleMap:PersistentLevel.FirstPersonExampleMap' with GeneratedClass '/Game/FirstPersonBP/Maps/FirstPersonExampleMap.FirstPersonExampleMap_C' with ClassGeneratedBy '/Game/FirstPersonBP/Maps/FirstPersonExampleMap.FirstPersonExampleMap:PersistentLevel.FirstPersonExampleMap'
[2019.11.11-03.36.53:459][216]LogBlueprintUserMessages: Late PlayInEditor Detection: Level '/Game/Maps/Door_Kit.Door_Kit:PersistentLevel' has LevelScriptBlueprint '/Game/Maps/Door_Kit.Door_Kit:PersistentLevel.Door_Kit' with GeneratedClass '/Game/Maps/Door_Kit.Door_Kit_C' with ClassGeneratedBy '/Game/Maps/Door_Kit.Door_Kit:PersistentLevel.Door_Kit'
[2019.11.11-03.36.53:460][216]LogBlueprintUserMessages: Late PlayInEditor Detection: Level '/Game/Maps/Turret_Kit.Turret_Kit:PersistentLevel' has LevelScriptBlueprint '/Game/Maps/Turret_Kit.Turret_Kit:PersistentLevel.Turret_Kit' with GeneratedClass '/Game/Maps/Turret_Kit.Turret_Kit_C' with ClassGeneratedBy '/Game/Maps/Turret_Kit.Turret_Kit:PersistentLevel.Turret_Kit'
[2019.11.11-03.36.53:461][216]LogBlueprintUserMessages: Late PlayInEditor Detection: Level '/Game/Maps/Laser_Kit.Laser_Kit:PersistentLevel' has LevelScriptBlueprint '/Game/Maps/Laser_Kit.Laser_Kit:PersistentLevel.Laser_Kit' with GeneratedClass '/Game/Maps/Laser_Kit.Laser_Kit_C' with ClassGeneratedBy '/Game/Maps/Laser_Kit.Laser_Kit:PersistentLevel.Laser_Kit'
[2019.11.11-03.36.53:462][216]LogBlueprintUserMessages: Late PlayInEditor Detection: Level '/Game/Maps/Camera_Kit.Camera_Kit:PersistentLevel' has LevelScriptBlueprint '/Game/Maps/Camera_Kit.Camera_Kit:PersistentLevel.Camera_Kit' with GeneratedClass '/Game/Maps/Camera_Kit.Camera_Kit_C' with ClassGeneratedBy '/Game/Maps/Camera_Kit.Camera_Kit:PersistentLevel.Camera_Kit'
[2019.11.11-03.36.53:464][216]LogBlueprintUserMessages: Late PlayInEditor Detection: Level '/Game/Maps/Explosive_Kit.Explosive_Kit:PersistentLevel' has LevelScriptBlueprint '/Game/Maps/Explosive_Kit.Explosive_Kit:PersistentLevel.Explosive_Kit' with GeneratedClass '/Game/Maps/Explosive_Kit.Explosive_Kit_C' with ClassGeneratedBy '/Game/Maps/Explosive_Kit.Explosive_Kit:PersistentLevel.Explosive_Kit'
[2019.11.11-03.36.53:466][216]LogBlueprintUserMessages: Late PlayInEditor Detection: Level '/Game/Maps/Teleport_Kit.Teleport_Kit:PersistentLevel' has LevelScriptBlueprint '/Game/Maps/Teleport_Kit.Teleport_Kit:PersistentLevel.Teleport_Kit' with GeneratedClass '/Game/Maps/Teleport_Kit.Teleport_Kit_C' with ClassGeneratedBy '/Game/Maps/Teleport_Kit.Teleport_Kit:PersistentLevel.Teleport_Kit'
[2019.11.11-03.36.55:829][277]LogLevel: ActivateLevel /Game/Maps/UEDPIE_0_Door_Kit 1 1 0
[2019.11.11-03.36.56:364][289]LogLevel: ActivateLevel /Game/Maps/UEDPIE_0_Teleport_Kit 1 1 0
[2019.11.11-03.37.00:281][390]LogBlueprintUserMessages: [FirstPersonCharacter_C_1] Inventory now contains this many items:1
[2019.11.11-03.37.03:696][488]LogBlueprintUserMessages: Early EndPlayMap Detection: Level '/Game/FirstPersonBP/Maps/FirstPersonExampleMap.FirstPersonExampleMap:PersistentLevel' has LevelScriptBlueprint '/Game/FirstPersonBP/Maps/FirstPersonExampleMap.FirstPersonExampleMap:PersistentLevel.FirstPersonExampleMap' with GeneratedClass '/Game/FirstPersonBP/Maps/FirstPersonExampleMap.FirstPersonExampleMap_C' with ClassGeneratedBy '/Game/FirstPersonBP/Maps/FirstPersonExampleMap.FirstPersonExampleMap:PersistentLevel.FirstPersonExampleMap'
[2019.11.11-03.37.03:698][488]LogBlueprintUserMessages: Early EndPlayMap Detection: Level '/Game/Maps/Door_Kit.Door_Kit:PersistentLevel' has LevelScriptBlueprint '/Game/Maps/Door_Kit.Door_Kit:PersistentLevel.Door_Kit' with GeneratedClass '/Game/Maps/Door_Kit.Door_Kit_C' with ClassGeneratedBy '/Game/Maps/Door_Kit.Door_Kit:PersistentLevel.Door_Kit'
[2019.11.11-03.37.03:699][488]LogBlueprintUserMessages: Early EndPlayMap Detection: Level '/Game/Maps/Turret_Kit.Turret_Kit:PersistentLevel' has LevelScriptBlueprint '/Game/Maps/Turret_Kit.Turret_Kit:PersistentLevel.Turret_Kit' with GeneratedClass '/Game/Maps/Turret_Kit.Turret_Kit_C' with ClassGeneratedBy '/Game/Maps/Turret_Kit.Turret_Kit:PersistentLevel.Turret_Kit'
[2019.11.11-03.37.03:700][488]LogBlueprintUserMessages: Early EndPlayMap Detection: Level '/Game/Maps/Laser_Kit.Laser_Kit:PersistentLevel' has LevelScriptBlueprint '/Game/Maps/Laser_Kit.Laser_Kit:PersistentLevel.Laser_Kit' with GeneratedClass '/Game/Maps/Laser_Kit.Laser_Kit_C' with ClassGeneratedBy '/Game/Maps/Laser_Kit.Laser_Kit:PersistentLevel.Laser_Kit'
[2019.11.11-03.37.03:701][488]LogBlueprintUserMessages: Early EndPlayMap Detection: Level '/Game/Maps/Camera_Kit.Camera_Kit:PersistentLevel' has LevelScriptBlueprint '/Game/Maps/Camera_Kit.Camera_Kit:PersistentLevel.Camera_Kit' with GeneratedClass '/Game/Maps/Camera_Kit.Camera_Kit_C' with ClassGeneratedBy '/Game/Maps/Camera_Kit.Camera_Kit:PersistentLevel.Camera_Kit'
[2019.11.11-03.37.03:702][488]LogBlueprintUserMessages: Early EndPlayMap Detection: Level '/Game/Maps/Explosive_Kit.Explosive_Kit:PersistentLevel' has LevelScriptBlueprint '/Game/Maps/Explosive_Kit.Explosive_Kit:PersistentLevel.Explosive_Kit' with GeneratedClass '/Game/Maps/Explosive_Kit.Explosive_Kit_C' with ClassGeneratedBy '/Game/Maps/Explosive_Kit.Explosive_Kit:PersistentLevel.Explosive_Kit'
[2019.11.11-03.37.03:704][488]LogBlueprintUserMessages: Early EndPlayMap Detection: Level '/Game/Maps/Teleport_Kit.Teleport_Kit:PersistentLevel' has LevelScriptBlueprint '/Game/Maps/Teleport_Kit.Teleport_Kit:PersistentLevel.Teleport_Kit' with GeneratedClass '/Game/Maps/Teleport_Kit.Teleport_Kit_C' with ClassGeneratedBy '/Game/Maps/Teleport_Kit.Teleport_Kit:PersistentLevel.Teleport_Kit'
[2019.11.11-03.37.03:705][488]LogSlate: Updating window title bar state: overlay mode, drag disabled, window buttons hidden, title bar hidden
[2019.11.11-03.37.03:754][488]LogSlate: Window 'Mechanics_Sandbox Game Preview Standalone (64-bit/PCD3D_SM5)' being destroyed
[2019.11.11-03.37.03:842][488]LogPlayLevel: Display: Shutting down PIE online subsystems
[2019.11.11-03.37.03:843][488]LogBlueprintUserMessages: Late EndPlayMap Detection: Level '/Game/FirstPersonBP/Maps/FirstPersonExampleMap.FirstPersonExampleMap:PersistentLevel' has LevelScriptBlueprint '/Game/FirstPersonBP/Maps/FirstPersonExampleMap.FirstPersonExampleMap:PersistentLevel.FirstPersonExampleMap' with GeneratedClass '/Game/FirstPersonBP/Maps/FirstPersonExampleMap.FirstPersonExampleMap_C' with ClassGeneratedBy '/Game/FirstPersonBP/Maps/FirstPersonExampleMap.FirstPersonExampleMap:PersistentLevel.FirstPersonExampleMap'
[2019.11.11-03.37.03:845][488]LogBlueprintUserMessages: Late EndPlayMap Detection: Level '/Game/Maps/Door_Kit.Door_Kit:PersistentLevel' has LevelScriptBlueprint '/Game/Maps/Door_Kit.Door_Kit:PersistentLevel.Door_Kit' with GeneratedClass '/Game/Maps/Door_Kit.Door_Kit_C' with ClassGeneratedBy '/Game/Maps/Door_Kit.Door_Kit:PersistentLevel.Door_Kit'
[2019.11.11-03.37.03:845][488]LogBlueprintUserMessages: Late EndPlayMap Detection: Level '/Game/Maps/Turret_Kit.Turret_Kit:PersistentLevel' has LevelScriptBlueprint '/Game/Maps/Turret_Kit.Turret_Kit:PersistentLevel.Turret_Kit' with GeneratedClass '/Game/Maps/Turret_Kit.Turret_Kit_C' with ClassGeneratedBy '/Game/Maps/Turret_Kit.Turret_Kit:PersistentLevel.Turret_Kit'
[2019.11.11-03.37.03:846][488]LogBlueprintUserMessages: Late EndPlayMap Detection: Level '/Game/Maps/Laser_Kit.Laser_Kit:PersistentLevel' has LevelScriptBlueprint '/Game/Maps/Laser_Kit.Laser_Kit:PersistentLevel.Laser_Kit' with GeneratedClass '/Game/Maps/Laser_Kit.Laser_Kit_C' with ClassGeneratedBy '/Game/Maps/Laser_Kit.Laser_Kit:PersistentLevel.Laser_Kit'
[2019.11.11-03.37.03:847][488]LogBlueprintUserMessages: Late EndPlayMap Detection: Level '/Game/Maps/Camera_Kit.Camera_Kit:PersistentLevel' has LevelScriptBlueprint '/Game/Maps/Camera_Kit.Camera_Kit:PersistentLevel.Camera_Kit' with GeneratedClass '/Game/Maps/Camera_Kit.Camera_Kit_C' with ClassGeneratedBy '/Game/Maps/Camera_Kit.Camera_Kit:PersistentLevel.Camera_Kit'
[2019.11.11-03.37.03:848][488]LogBlueprintUserMessages: Late EndPlayMap Detection: Level '/Game/Maps/Explosive_Kit.Explosive_Kit:PersistentLevel' has LevelScriptBlueprint '/Game/Maps/Explosive_Kit.Explosive_Kit:PersistentLevel.Explosive_Kit' with GeneratedClass '/Game/Maps/Explosive_Kit.Explosive_Kit_C' with ClassGeneratedBy '/Game/Maps/Explosive_Kit.Explosive_Kit:PersistentLevel.Explosive_Kit'
[2019.11.11-03.37.03:849][488]LogBlueprintUserMessages: Late EndPlayMap Detection: Level '/Game/Maps/Teleport_Kit.Teleport_Kit:PersistentLevel' has LevelScriptBlueprint '/Game/Maps/Teleport_Kit.Teleport_Kit:PersistentLevel.Teleport_Kit' with GeneratedClass '/Game/Maps/Teleport_Kit.Teleport_Kit_C' with ClassGeneratedBy '/Game/Maps/Teleport_Kit.Teleport_Kit:PersistentLevel.Teleport_Kit'
[2019.11.11-03.37.03:988][488]LogUObjectHash: Compacting FUObjectHashTables data took   7.25ms
[2019.11.11-03.37.04:224][489]LogPlayLevel: Display: Destroying online subsystem :Context_39
[2019.11.11-03.37.04:351][489]LogUObjectHash: Compacting FUObjectHashTables data took   2.46ms
[2019.11.11-03.37.14:876][774]LogSlate: FSceneViewport::OnFocusLost() reason 0
[2019.11.11-03.38.09:474][ 71]BlueprintLog: New page: Compile FirstPersonCharacter
[2019.11.11-03.38.10:369][ 71]LogUObjectHash: Compacting FUObjectHashTables data took  11.92ms
[2019.11.11-03.38.11:546][ 81]LogTemp: Repeating last play command: New Editor Window (PIE)
[2019.11.11-03.38.11:732][ 81]LogBlueprintUserMessages: Early PlayInEditor Detection: Level '/Game/FirstPersonBP/Maps/FirstPersonExampleMap.FirstPersonExampleMap:PersistentLevel' has LevelScriptBlueprint '/Game/FirstPersonBP/Maps/FirstPersonExampleMap.FirstPersonExampleMap:PersistentLevel.FirstPersonExampleMap' with GeneratedClass '/Game/FirstPersonBP/Maps/FirstPersonExampleMap.FirstPersonExampleMap_C' with ClassGeneratedBy '/Game/FirstPersonBP/Maps/FirstPersonExampleMap.FirstPersonExampleMap:PersistentLevel.FirstPersonExampleMap'
[2019.11.11-03.38.11:734][ 81]LogBlueprintUserMessages: Early PlayInEditor Detection: Level '/Game/Maps/Door_Kit.Door_Kit:PersistentLevel' has LevelScriptBlueprint '/Game/Maps/Door_Kit.Door_Kit:PersistentLevel.Door_Kit' with GeneratedClass '/Game/Maps/Door_Kit.Door_Kit_C' with ClassGeneratedBy '/Game/Maps/Door_Kit.Door_Kit:PersistentLevel.Door_Kit'
[2019.11.11-03.38.11:735][ 81]LogBlueprintUserMessages: Early PlayInEditor Detection: Level '/Game/Maps/Turret_Kit.Turret_Kit:PersistentLevel' has LevelScriptBlueprint '/Game/Maps/Turret_Kit.Turret_Kit:PersistentLevel.Turret_Kit' with GeneratedClass '/Game/Maps/Turret_Kit.Turret_Kit_C' with ClassGeneratedBy '/Game/Maps/Turret_Kit.Turret_Kit:PersistentLevel.Turret_Kit'
[2019.11.11-03.38.11:736][ 81]LogBlueprintUserMessages: Early PlayInEditor Detection: Level '/Game/Maps/Laser_Kit.Laser_Kit:PersistentLevel' has LevelScriptBlueprint '/Game/Maps/Laser_Kit.Laser_Kit:PersistentLevel.Laser_Kit' with GeneratedClass '/Game/Maps/Laser_Kit.Laser_Kit_C' with ClassGeneratedBy '/Game/Maps/Laser_Kit.Laser_Kit:PersistentLevel.Laser_Kit'
[2019.11.11-03.38.11:737][ 81]LogBlueprintUserMessages: Early PlayInEditor Detection: Level '/Game/Maps/Camera_Kit.Camera_Kit:PersistentLevel' has LevelScriptBlueprint '/Game/Maps/Camera_Kit.Camera_Kit:PersistentLevel.Camera_Kit' with GeneratedClass '/Game/Maps/Camera_Kit.Camera_Kit_C' with ClassGeneratedBy '/Game/Maps/Camera_Kit.Camera_Kit:PersistentLevel.Camera_Kit'
[2019.11.11-03.38.11:738][ 81]LogBlueprintUserMessages: Early PlayInEditor Detection: Level '/Game/Maps/Explosive_Kit.Explosive_Kit:PersistentLevel' has LevelScriptBlueprint '/Game/Maps/Explosive_Kit.Explosive_Kit:PersistentLevel.Explosive_Kit' with GeneratedClass '/Game/Maps/Explosive_Kit.Explosive_Kit_C' with ClassGeneratedBy '/Game/Maps/Explosive_Kit.Explosive_Kit:PersistentLevel.Explosive_Kit'
[2019.11.11-03.38.11:739][ 81]LogBlueprintUserMessages: Early PlayInEditor Detection: Level '/Game/Maps/Teleport_Kit.Teleport_Kit:PersistentLevel' has LevelScriptBlueprint '/Game/Maps/Teleport_Kit.Teleport_Kit:PersistentLevel.Teleport_Kit' with GeneratedClass '/Game/Maps/Teleport_Kit.Teleport_Kit_C' with ClassGeneratedBy '/Game/Maps/Teleport_Kit.Teleport_Kit:PersistentLevel.Teleport_Kit'
[2019.11.11-03.38.11:741][ 81]LogPlayLevel: PlayLevel: No blueprints needed recompiling
[2019.11.11-03.38.11:741][ 81]PIE: New page: PIE session: FirstPersonExampleMap (Nov 10, 2019, 11:38:11 AM)
[2019.11.11-03.38.11:742][ 81]LogPlayLevel: Creating play world package: /Game/FirstPersonBP/Maps/UEDPIE_0_FirstPersonExampleMap
[2019.11.11-03.38.11:775][ 81]LogPlayLevel: PIE: StaticDuplicateObject took: (0.033508s)
[2019.11.11-03.38.11:776][ 81]LogAIModule: Creating AISystem for world FirstPersonExampleMap
[2019.11.11-03.38.11:777][ 81]LogPlayLevel: PIE: World Init took: (0.001801s)
[2019.11.11-03.38.11:777][ 81]LogPlayLevel: PIE: Created PIE world by copying editor world from /Game/FirstPersonBP/Maps/FirstPersonExampleMap.FirstPersonExampleMap to /Game/FirstPersonBP/Maps/UEDPIE_0_FirstPersonExampleMap.FirstPersonExampleMap (0.036606s)
[2019.11.11-03.38.11:905][ 81]LogUObjectHash: Compacting FUObjectHashTables data took  15.86ms
[2019.11.11-03.38.11:972][ 81]LogInit: XAudio2 using 'Headset Earphone (SteelSeries Arctis 5 Chat)' : 2 channels at 48 kHz using 16 bits per sample (channel mask 0x3)
[2019.11.11-03.38.12:010][ 81]LogInit: FAudioDevice initialized.
[2019.11.11-03.38.12:030][ 81]LogSlate: Updating window title bar state: overlay mode, drag disabled, window buttons hidden, title bar hidden
[2019.11.11-03.38.12:070][ 81]LogLoad: Game class is 'FirstPersonGameMode_C'
[2019.11.11-03.38.12:079][ 81]LogWorld: Bringing World /Game/FirstPersonBP/Maps/UEDPIE_0_FirstPersonExampleMap.FirstPersonExampleMap up for play (max tick rate 60) at 2019.11.10-19.38.12
[2019.11.11-03.38.12:080][ 81]LogWorld: Bringing up level for play took: 0.007452
[2019.11.11-03.38.12:105][ 81]PIE: Play in editor start time for /Game/FirstPersonBP/Maps/UEDPIE_0_FirstPersonExampleMap 1.394
[2019.11.11-03.38.12:106][ 81]LogBlueprintUserMessages: Late PlayInEditor Detection: Level '/Game/FirstPersonBP/Maps/FirstPersonExampleMap.FirstPersonExampleMap:PersistentLevel' has LevelScriptBlueprint '/Game/FirstPersonBP/Maps/FirstPersonExampleMap.FirstPersonExampleMap:PersistentLevel.FirstPersonExampleMap' with GeneratedClass '/Game/FirstPersonBP/Maps/FirstPersonExampleMap.FirstPersonExampleMap_C' with ClassGeneratedBy '/Game/FirstPersonBP/Maps/FirstPersonExampleMap.FirstPersonExampleMap:PersistentLevel.FirstPersonExampleMap'
[2019.11.11-03.38.12:108][ 81]LogBlueprintUserMessages: Late PlayInEditor Detection: Level '/Game/Maps/Door_Kit.Door_Kit:PersistentLevel' has LevelScriptBlueprint '/Game/Maps/Door_Kit.Door_Kit:PersistentLevel.Door_Kit' with GeneratedClass '/Game/Maps/Door_Kit.Door_Kit_C' with ClassGeneratedBy '/Game/Maps/Door_Kit.Door_Kit:PersistentLevel.Door_Kit'
[2019.11.11-03.38.12:109][ 81]LogBlueprintUserMessages: Late PlayInEditor Detection: Level '/Game/Maps/Turret_Kit.Turret_Kit:PersistentLevel' has LevelScriptBlueprint '/Game/Maps/Turret_Kit.Turret_Kit:PersistentLevel.Turret_Kit' with GeneratedClass '/Game/Maps/Turret_Kit.Turret_Kit_C' with ClassGeneratedBy '/Game/Maps/Turret_Kit.Turret_Kit:PersistentLevel.Turret_Kit'
[2019.11.11-03.38.12:110][ 81]LogBlueprintUserMessages: Late PlayInEditor Detection: Level '/Game/Maps/Laser_Kit.Laser_Kit:PersistentLevel' has LevelScriptBlueprint '/Game/Maps/Laser_Kit.Laser_Kit:PersistentLevel.Laser_Kit' with GeneratedClass '/Game/Maps/Laser_Kit.Laser_Kit_C' with ClassGeneratedBy '/Game/Maps/Laser_Kit.Laser_Kit:PersistentLevel.Laser_Kit'
[2019.11.11-03.38.12:111][ 81]LogBlueprintUserMessages: Late PlayInEditor Detection: Level '/Game/Maps/Camera_Kit.Camera_Kit:PersistentLevel' has LevelScriptBlueprint '/Game/Maps/Camera_Kit.Camera_Kit:PersistentLevel.Camera_Kit' with GeneratedClass '/Game/Maps/Camera_Kit.Camera_Kit_C' with ClassGeneratedBy '/Game/Maps/Camera_Kit.Camera_Kit:PersistentLevel.Camera_Kit'
[2019.11.11-03.38.12:112][ 81]LogBlueprintUserMessages: Late PlayInEditor Detection: Level '/Game/Maps/Explosive_Kit.Explosive_Kit:PersistentLevel' has LevelScriptBlueprint '/Game/Maps/Explosive_Kit.Explosive_Kit:PersistentLevel.Explosive_Kit' with GeneratedClass '/Game/Maps/Explosive_Kit.Explosive_Kit_C' with ClassGeneratedBy '/Game/Maps/Explosive_Kit.Explosive_Kit:PersistentLevel.Explosive_Kit'
[2019.11.11-03.38.12:113][ 81]LogBlueprintUserMessages: Late PlayInEditor Detection: Level '/Game/Maps/Teleport_Kit.Teleport_Kit:PersistentLevel' has LevelScriptBlueprint '/Game/Maps/Teleport_Kit.Teleport_Kit:PersistentLevel.Teleport_Kit' with GeneratedClass '/Game/Maps/Teleport_Kit.Teleport_Kit_C' with ClassGeneratedBy '/Game/Maps/Teleport_Kit.Teleport_Kit:PersistentLevel.Teleport_Kit'
[2019.11.11-03.38.15:500][151]LogLevel: ActivateLevel /Game/Maps/UEDPIE_0_Door_Kit 1 1 0
[2019.11.11-03.38.16:336][170]LogLevel: ActivateLevel /Game/Maps/UEDPIE_0_Teleport_Kit 1 1 0
[2019.11.11-03.38.16:795][180]LogBlueprintUserMessages: [FirstPersonCharacter_C_1] Inventory now contains this many items:1
[2019.11.11-03.38.17:906][205]LogLevel: ActivateLevel /Game/Maps/UEDPIE_0_Camera_Kit 1 1 0
[2019.11.11-03.38.21:819][299]LogLevel: ActivateLevel /Game/Maps/UEDPIE_0_Teleport_Kit 0 0 0
[2019.11.11-03.38.22:016][300]LogUObjectHash: Compacting FUObjectHashTables data took  11.13ms
[2019.11.11-03.38.25:913][400]LogLevel: ActivateLevel /Game/Maps/UEDPIE_0_Teleport_Kit 1 1 0
[2019.11.11-03.38.26:499][412]LogLevel: ActivateLevel /Game/Maps/UEDPIE_0_Camera_Kit 0 0 0
[2019.11.11-03.38.26:715][413]LogUObjectHash: Compacting FUObjectHashTables data took   9.43ms
[2019.11.11-03.38.26:937][418]LogLevel: ActivateLevel /Game/Maps/UEDPIE_0_Door_Kit 0 0 0
[2019.11.11-03.38.27:158][419]LogUObjectHash: Compacting FUObjectHashTables data took   8.83ms
[2019.11.11-03.38.27:159][419]LogLevel: ActivateLevel /Game/Maps/UEDPIE_0_Turret_Kit 1 1 0
[2019.11.11-03.38.29:227][469]LogLevel: ActivateLevel /Game/Maps/UEDPIE_0_Turret_Kit 0 0 0
[2019.11.11-03.38.29:423][470]LogUObjectHash: Compacting FUObjectHashTables data took   6.87ms
[2019.11.11-03.38.29:425][470]LogLevel: ActivateLevel /Game/Maps/UEDPIE_0_Door_Kit 1 1 0
[2019.11.11-03.38.29:581][472]LogLevel: ActivateLevel /Game/Maps/UEDPIE_0_Camera_Kit 1 1 0
[2019.11.11-03.38.30:421][490]LogLevel: ActivateLevel /Game/Maps/UEDPIE_0_Teleport_Kit 0 0 0
[2019.11.11-03.38.30:617][491]LogUObjectHash: Compacting FUObjectHashTables data took   9.03ms
[2019.11.11-03.38.30:847][496]LogLevel: ActivateLevel /Game/Maps/UEDPIE_0_Teleport_Kit 1 1 0
[2019.11.11-03.38.31:534][510]LogLevel: ActivateLevel /Game/Maps/UEDPIE_0_Camera_Kit 0 0 0
[2019.11.11-03.38.31:747][511]LogUObjectHash: Compacting FUObjectHashTables data took   8.40ms
[2019.11.11-03.38.32:013][518]LogLevel: ActivateLevel /Game/Maps/UEDPIE_0_Door_Kit 0 0 0
[2019.11.11-03.38.32:205][519]LogUObjectHash: Compacting FUObjectHashTables data took   6.57ms
[2019.11.11-03.38.34:125][566]LogLevel: ActivateLevel /Game/Maps/UEDPIE_0_Door_Kit 1 1 0
[2019.11.11-03.38.34:687][578]LogLevel: ActivateLevel /Game/Maps/UEDPIE_0_Camera_Kit 1 1 0
[2019.11.11-03.38.35:441][594]LogLevel: ActivateLevel /Game/Maps/UEDPIE_0_Door_Kit 0 0 0
[2019.11.11-03.38.35:634][595]LogUObjectHash: Compacting FUObjectHashTables data took   8.61ms
[2019.11.11-03.38.35:636][595]LogLevel: ActivateLevel /Game/Maps/UEDPIE_0_Turret_Kit 1 1 0
[2019.11.11-03.38.40:007][703]LogLevel: ActivateLevel /Game/Maps/UEDPIE_0_Camera_Kit 0 0 0
[2019.11.11-03.38.40:210][704]LogUObjectHash: Compacting FUObjectHashTables data took   7.39ms
[2019.11.11-03.38.40:641][707]LogBlueprintUserMessages: [FirstPersonCharacter_C_1] I got shot
[2019.11.11-03.38.40:643][707]LogBlueprintUserMessages: [FirstPersonCharacter_C_1] I got shot
[2019.11.11-03.38.42:155][742]LogBlueprintUserMessages: Early EndPlayMap Detection: Level '/Game/FirstPersonBP/Maps/FirstPersonExampleMap.FirstPersonExampleMap:PersistentLevel' has LevelScriptBlueprint '/Game/FirstPersonBP/Maps/FirstPersonExampleMap.FirstPersonExampleMap:PersistentLevel.FirstPersonExampleMap' with GeneratedClass '/Game/FirstPersonBP/Maps/FirstPersonExampleMap.FirstPersonExampleMap_C' with ClassGeneratedBy '/Game/FirstPersonBP/Maps/FirstPersonExampleMap.FirstPersonExampleMap:PersistentLevel.FirstPersonExampleMap'
[2019.11.11-03.38.42:157][742]LogBlueprintUserMessages: Early EndPlayMap Detection: Level '/Game/Maps/Door_Kit.Door_Kit:PersistentLevel' has LevelScriptBlueprint '/Game/Maps/Door_Kit.Door_Kit:PersistentLevel.Door_Kit' with GeneratedClass '/Game/Maps/Door_Kit.Door_Kit_C' with ClassGeneratedBy '/Game/Maps/Door_Kit.Door_Kit:PersistentLevel.Door_Kit'
[2019.11.11-03.38.42:158][742]LogBlueprintUserMessages: Early EndPlayMap Detection: Level '/Game/Maps/Turret_Kit.Turret_Kit:PersistentLevel' has LevelScriptBlueprint '/Game/Maps/Turret_Kit.Turret_Kit:PersistentLevel.Turret_Kit' with GeneratedClass '/Game/Maps/Turret_Kit.Turret_Kit_C' with ClassGeneratedBy '/Game/Maps/Turret_Kit.Turret_Kit:PersistentLevel.Turret_Kit'
[2019.11.11-03.38.42:160][742]LogBlueprintUserMessages: Early EndPlayMap Detection: Level '/Game/Maps/Laser_Kit.Laser_Kit:PersistentLevel' has LevelScriptBlueprint '/Game/Maps/Laser_Kit.Laser_Kit:PersistentLevel.Laser_Kit' with GeneratedClass '/Game/Maps/Laser_Kit.Laser_Kit_C' with ClassGeneratedBy '/Game/Maps/Laser_Kit.Laser_Kit:PersistentLevel.Laser_Kit'
[2019.11.11-03.38.42:161][742]LogBlueprintUserMessages: Early EndPlayMap Detection: Level '/Game/Maps/Camera_Kit.Camera_Kit:PersistentLevel' has LevelScriptBlueprint '/Game/Maps/Camera_Kit.Camera_Kit:PersistentLevel.Camera_Kit' with GeneratedClass '/Game/Maps/Camera_Kit.Camera_Kit_C' with ClassGeneratedBy '/Game/Maps/Camera_Kit.Camera_Kit:PersistentLevel.Camera_Kit'
[2019.11.11-03.38.42:162][742]LogBlueprintUserMessages: Early EndPlayMap Detection: Level '/Game/Maps/Explosive_Kit.Explosive_Kit:PersistentLevel' has LevelScriptBlueprint '/Game/Maps/Explosive_Kit.Explosive_Kit:PersistentLevel.Explosive_Kit' with GeneratedClass '/Game/Maps/Explosive_Kit.Explosive_Kit_C' with ClassGeneratedBy '/Game/Maps/Explosive_Kit.Explosive_Kit:PersistentLevel.Explosive_Kit'
[2019.11.11-03.38.42:164][742]LogBlueprintUserMessages: Early EndPlayMap Detection: Level '/Game/Maps/Teleport_Kit.Teleport_Kit:PersistentLevel' has LevelScriptBlueprint '/Game/Maps/Teleport_Kit.Teleport_Kit:PersistentLevel.Teleport_Kit' with GeneratedClass '/Game/Maps/Teleport_Kit.Teleport_Kit_C' with ClassGeneratedBy '/Game/Maps/Teleport_Kit.Teleport_Kit:PersistentLevel.Teleport_Kit'
[2019.11.11-03.38.42:166][742]LogSlate: Updating window title bar state: overlay mode, drag disabled, window buttons hidden, title bar hidden
[2019.11.11-03.38.42:210][742]LogSlate: Window 'Mechanics_Sandbox Game Preview Standalone (64-bit/PCD3D_SM5)' being destroyed
[2019.11.11-03.38.42:411][742]LogPlayLevel: Display: Shutting down PIE online subsystems
[2019.11.11-03.38.42:412][742]LogBlueprintUserMessages: Late EndPlayMap Detection: Level '/Game/FirstPersonBP/Maps/FirstPersonExampleMap.FirstPersonExampleMap:PersistentLevel' has LevelScriptBlueprint '/Game/FirstPersonBP/Maps/FirstPersonExampleMap.FirstPersonExampleMap:PersistentLevel.FirstPersonExampleMap' with GeneratedClass '/Game/FirstPersonBP/Maps/FirstPersonExampleMap.FirstPersonExampleMap_C' with ClassGeneratedBy '/Game/FirstPersonBP/Maps/FirstPersonExampleMap.FirstPersonExampleMap:PersistentLevel.FirstPersonExampleMap'
[2019.11.11-03.38.42:414][742]LogBlueprintUserMessages: Late EndPlayMap Detection: Level '/Game/Maps/Door_Kit.Door_Kit:PersistentLevel' has LevelScriptBlueprint '/Game/Maps/Door_Kit.Door_Kit:PersistentLevel.Door_Kit' with GeneratedClass '/Game/Maps/Door_Kit.Door_Kit_C' with ClassGeneratedBy '/Game/Maps/Door_Kit.Door_Kit:PersistentLevel.Door_Kit'
[2019.11.11-03.38.42:415][742]LogBlueprintUserMessages: Late EndPlayMap Detection: Level '/Game/Maps/Turret_Kit.Turret_Kit:PersistentLevel' has LevelScriptBlueprint '/Game/Maps/Turret_Kit.Turret_Kit:PersistentLevel.Turret_Kit' with GeneratedClass '/Game/Maps/Turret_Kit.Turret_Kit_C' with ClassGeneratedBy '/Game/Maps/Turret_Kit.Turret_Kit:PersistentLevel.Turret_Kit'
[2019.11.11-03.38.42:416][742]LogBlueprintUserMessages: Late EndPlayMap Detection: Level '/Game/Maps/Laser_Kit.Laser_Kit:PersistentLevel' has LevelScriptBlueprint '/Game/Maps/Laser_Kit.Laser_Kit:PersistentLevel.Laser_Kit' with GeneratedClass '/Game/Maps/Laser_Kit.Laser_Kit_C' with ClassGeneratedBy '/Game/Maps/Laser_Kit.Laser_Kit:PersistentLevel.Laser_Kit'
[2019.11.11-03.38.42:417][742]LogBlueprintUserMessages: Late EndPlayMap Detection: Level '/Game/Maps/Camera_Kit.Camera_Kit:PersistentLevel' has LevelScriptBlueprint '/Game/Maps/Camera_Kit.Camera_Kit:PersistentLevel.Camera_Kit' with GeneratedClass '/Game/Maps/Camera_Kit.Camera_Kit_C' with ClassGeneratedBy '/Game/Maps/Camera_Kit.Camera_Kit:PersistentLevel.Camera_Kit'
[2019.11.11-03.38.42:418][742]LogBlueprintUserMessages: Late EndPlayMap Detection: Level '/Game/Maps/Explosive_Kit.Explosive_Kit:PersistentLevel' has LevelScriptBlueprint '/Game/Maps/Explosive_Kit.Explosive_Kit:PersistentLevel.Explosive_Kit' with GeneratedClass '/Game/Maps/Explosive_Kit.Explosive_Kit_C' with ClassGeneratedBy '/Game/Maps/Explosive_Kit.Explosive_Kit:PersistentLevel.Explosive_Kit'
[2019.11.11-03.38.42:419][742]LogBlueprintUserMessages: Late EndPlayMap Detection: Level '/Game/Maps/Teleport_Kit.Teleport_Kit:PersistentLevel' has LevelScriptBlueprint '/Game/Maps/Teleport_Kit.Teleport_Kit:PersistentLevel.Teleport_Kit' with GeneratedClass '/Game/Maps/Teleport_Kit.Teleport_Kit_C' with ClassGeneratedBy '/Game/Maps/Teleport_Kit.Teleport_Kit:PersistentLevel.Teleport_Kit'
[2019.11.11-03.38.42:554][742]LogUObjectHash: Compacting FUObjectHashTables data took   7.51ms
[2019.11.11-03.38.43:138][743]LogPlayLevel: Display: Destroying online subsystem :Context_40
[2019.11.11-03.38.43:258][743]LogUObjectHash: Compacting FUObjectHashTables data took   2.33ms
[2019.11.11-03.38.45:581][796]LogUObjectHash: Compacting FUObjectHashTables data took   2.07ms
[2019.11.11-03.38.45:744][796]LogUObjectHash: Compacting FUObjectHashTables data took   3.09ms
[2019.11.11-03.38.47:230][796]LogSavePackage: Moving 'C:/Users/danny/Desktop/Systems_Sandbox/Mechanics_Sandbox/Saved/FirstPersonExampleMap8BD5E0D54C0833865999239E0EFB1A62.tmp' to 'C:/Users/danny/Desktop/Systems_Sandbox/Mechanics_Sandbox/Content/FirstPersonBP/Maps/FirstPersonExampleMap.umap'
[2019.11.11-03.38.47:395][796]LogFileHelpers: Saving map 'FirstPersonExampleMap' took 1.778
[2019.11.11-03.38.47:416][796]Cmd: OBJ SAVEPACKAGE PACKAGE="/Game/Maps/Teleport_Kit" FILE="C:/Users/danny/Desktop/Systems_Sandbox/Mechanics_Sandbox/Content/Maps/Teleport_Kit.umap" SILENT=true AUTOSAVING=false KEEPDIRTY=false
[2019.11.11-03.38.47:595][796]LogUObjectHash: Compacting FUObjectHashTables data took  13.94ms
[2019.11.11-03.38.47:647][796]LogSpawn: Warning: UWorld::DestroyActor: World has no context! World: Teleport_Kit, Actor: /Game/Maps/Teleport_Kit.Teleport_Kit:PersistentLevel.REINST_Teleport_Kit_C_0
[2019.11.11-03.38.48:405][796]LogSavePackage: Moving 'C:/Users/danny/Desktop/Systems_Sandbox/Mechanics_Sandbox/Saved/Teleport_Kit7ED0DA194BA3BF764B96139A9A5B1CD7.tmp' to 'C:/Users/danny/Desktop/Systems_Sandbox/Mechanics_Sandbox/Content/Maps/Teleport_Kit.umap'
[2019.11.11-03.38.48:416][796]LogFileHelpers: Saving map 'Teleport_Kit' took 1.001
[2019.11.11-03.38.49:492][796]LogSavePackage: Moving 'C:/Users/danny/Desktop/Systems_Sandbox/Mechanics_Sandbox/Saved/FirstPersonCharacter38A99ACE435E18E95E0FC1991E383353.tmp' to 'C:/Users/danny/Desktop/Systems_Sandbox/Mechanics_Sandbox/Content/FirstPersonBP/Blueprints/FirstPersonCharacter.uasset'
[2019.11.11-03.42.57:429][107]LogMetaData: Removing '/Game/Kits/Door/Door.Door:UserConstructionScript.K2Node_FunctionEntry_0' ref from Metadata '/Game/Door/Door.PackageMetaData'
[2019.11.11-03.42.57:430][107]LogMetaData: Removing '/Game/Kits/Door/Door.Door_C' ref from Metadata '/Game/Door/Door.PackageMetaData'
[2019.11.11-03.42.57:430][107]LogMetaData: Removing '/Game/Kits/Door/Door.SKEL_Door_C' ref from Metadata '/Game/Door/Door.PackageMetaData'
[2019.11.11-03.42.57:431][107]LogMetaData: Removing '/Game/Kits/Door/Door.Door_C:shouldUnlock' ref from Metadata '/Game/Door/Door.PackageMetaData'
[2019.11.11-03.42.57:432][107]LogMetaData: Removing '/Game/Kits/Door/Door.Door_C:ExpectedKeyID' ref from Metadata '/Game/Door/Door.PackageMetaData'
[2019.11.11-03.42.57:432][107]LogMetaData: Removing '/Game/Kits/Door/Door.Door_C:IsLocked' ref from Metadata '/Game/Door/Door.PackageMetaData'
[2019.11.11-03.42.57:433][107]LogMetaData: Removing '/Game/Kits/Door/Door.Door_C:RateToOpenDoor' ref from Metadata '/Game/Door/Door.PackageMetaData'
[2019.11.11-03.42.57:434][107]LogMetaData: Removing '/Game/Kits/Door/Door.Door_C:IsOpen' ref from Metadata '/Game/Door/Door.PackageMetaData'
[2019.11.11-03.42.57:435][107]LogMetaData: Removing '/Game/Kits/Door/Door.Door_C:DefaultSceneRoot' ref from Metadata '/Game/Door/Door.PackageMetaData'
[2019.11.11-03.42.57:435][107]LogMetaData: Removing '/Game/Kits/Door/Door.Door_C:Hinge1' ref from Metadata '/Game/Door/Door.PackageMetaData'
[2019.11.11-03.42.57:436][107]LogMetaData: Removing '/Game/Kits/Door/Door.Door_C:Hinge2' ref from Metadata '/Game/Door/Door.PackageMetaData'
[2019.11.11-03.42.57:436][107]LogMetaData: Removing '/Game/Kits/Door/Door.Door_C:Latch' ref from Metadata '/Game/Door/Door.PackageMetaData'
[2019.11.11-03.42.57:437][107]LogMetaData: Removing '/Game/Kits/Door/Door.Door_C:Door' ref from Metadata '/Game/Door/Door.PackageMetaData'
[2019.11.11-03.42.57:438][107]LogMetaData: Removing '/Game/Kits/Door/Door.Door_C:Doorway' ref from Metadata '/Game/Door/Door.PackageMetaData'
[2019.11.11-03.42.57:438][107]LogMetaData: Removing '/Game/Kits/Door/Door.Door_C:DR_Top' ref from Metadata '/Game/Door/Door.PackageMetaData'
[2019.11.11-03.42.57:439][107]LogMetaData: Removing '/Game/Kits/Door/Door.Door_C:DR_Left' ref from Metadata '/Game/Door/Door.PackageMetaData'
[2019.11.11-03.42.57:439][107]LogMetaData: Removing '/Game/Kits/Door/Door.Door_C:Pivot' ref from Metadata '/Game/Door/Door.PackageMetaData'
[2019.11.11-03.42.57:440][107]LogMetaData: Removing '/Game/Kits/Door/Door.Door_C:DR_Right' ref from Metadata '/Game/Door/Door.PackageMetaData'
[2019.11.11-03.42.57:440][107]LogMetaData: Removing '/Game/Kits/Door/Door.Door_C:TextRender' ref from Metadata '/Game/Door/Door.PackageMetaData'
[2019.11.11-03.42.57:441][107]LogMetaData: Removing '/Game/Kits/Door/Door.Door_C:UserConstructionScript' ref from Metadata '/Game/Door/Door.PackageMetaData'
[2019.11.11-03.42.57:441][107]LogMetaData: Removing '/Game/Kits/Door/Door.SKEL_Door_C:BndEvt__Hinge1_K2Node_ComponentBoundEvent_0_ComponentHitSignature__DelegateSignature' ref from Metadata '/Game/Door/Door.PackageMetaData'
[2019.11.11-03.42.57:442][107]LogMetaData: Removing '/Game/Kits/Door/Door.SKEL_Door_C:BndEvt__Hinge2_K2Node_ComponentBoundEvent_1_ComponentHitSignature__DelegateSignature' ref from Metadata '/Game/Door/Door.PackageMetaData'
[2019.11.11-03.42.57:443][107]LogMetaData: Removing '/Game/Kits/Door/Door.SKEL_Door_C:BndEvt__Latch_K2Node_ComponentBoundEvent_2_ComponentHitSignature__DelegateSignature' ref from Metadata '/Game/Door/Door.PackageMetaData'
[2019.11.11-03.42.57:444][107]LogMetaData: Removing '/Game/Kits/Door/Door.SKEL_Door_C:shouldUnlock' ref from Metadata '/Game/Door/Door.PackageMetaData'
[2019.11.11-03.42.57:444][107]LogMetaData: Removing '/Game/Kits/Door/Door.SKEL_Door_C:ExpectedKeyID' ref from Metadata '/Game/Door/Door.PackageMetaData'
[2019.11.11-03.42.57:445][107]LogMetaData: Removing '/Game/Kits/Door/Door.SKEL_Door_C:IsLocked' ref from Metadata '/Game/Door/Door.PackageMetaData'
[2019.11.11-03.42.57:446][107]LogMetaData: Removing '/Game/Kits/Door/Door.SKEL_Door_C:RateToOpenDoor' ref from Metadata '/Game/Door/Door.PackageMetaData'
[2019.11.11-03.42.57:447][107]LogMetaData: Removing '/Game/Kits/Door/Door.SKEL_Door_C:IsOpen' ref from Metadata '/Game/Door/Door.PackageMetaData'
[2019.11.11-03.42.57:447][107]LogMetaData: Removing '/Game/Kits/Door/Door.SKEL_Door_C:DefaultSceneRoot' ref from Metadata '/Game/Door/Door.PackageMetaData'
[2019.11.11-03.42.57:447][107]LogMetaData: Removing '/Game/Kits/Door/Door.SKEL_Door_C:Hinge1' ref from Metadata '/Game/Door/Door.PackageMetaData'
[2019.11.11-03.42.57:448][107]LogMetaData: Removing '/Game/Kits/Door/Door.SKEL_Door_C:Hinge2' ref from Metadata '/Game/Door/Door.PackageMetaData'
[2019.11.11-03.42.57:449][107]LogMetaData: Removing '/Game/Kits/Door/Door.SKEL_Door_C:Latch' ref from Metadata '/Game/Door/Door.PackageMetaData'
[2019.11.11-03.42.57:450][107]LogMetaData: Removing '/Game/Kits/Door/Door.SKEL_Door_C:Door' ref from Metadata '/Game/Door/Door.PackageMetaData'
[2019.11.11-03.42.57:450][107]LogMetaData: Removing '/Game/Kits/Door/Door.SKEL_Door_C:Doorway' ref from Metadata '/Game/Door/Door.PackageMetaData'
[2019.11.11-03.42.57:451][107]LogMetaData: Removing '/Game/Kits/Door/Door.SKEL_Door_C:DR_Top' ref from Metadata '/Game/Door/Door.PackageMetaData'
[2019.11.11-03.42.57:451][107]LogMetaData: Removing '/Game/Kits/Door/Door.SKEL_Door_C:DR_Left' ref from Metadata '/Game/Door/Door.PackageMetaData'
[2019.11.11-03.42.57:451][107]LogMetaData: Removing '/Game/Kits/Door/Door.SKEL_Door_C:Pivot' ref from Metadata '/Game/Door/Door.PackageMetaData'
[2019.11.11-03.42.57:452][107]LogMetaData: Removing '/Game/Kits/Door/Door.SKEL_Door_C:DR_Right' ref from Metadata '/Game/Door/Door.PackageMetaData'
[2019.11.11-03.42.57:452][107]LogMetaData: Removing '/Game/Kits/Door/Door.SKEL_Door_C:TextRender' ref from Metadata '/Game/Door/Door.PackageMetaData'
[2019.11.11-03.42.57:453][107]LogMetaData: Removing '/Game/Kits/Door/Door.SKEL_Door_C:UserConstructionScript' ref from Metadata '/Game/Door/Door.PackageMetaData'
[2019.11.11-03.42.57:580][107]Cmd: OBJ SAVEPACKAGE PACKAGE="/Game/Kits/Door/Door" FILE="C:/Users/danny/Desktop/Systems_Sandbox/Mechanics_Sandbox/Content/Kits/Door/Door.uasset" SILENT=true
[2019.11.11-03.42.57:901][107]LogSavePackage: Moving 'C:/Users/danny/Desktop/Systems_Sandbox/Mechanics_Sandbox/Saved/DoorA49F6D164ACCD13A9F59A5ADD22BA9D6.tmp' to 'C:/Users/danny/Desktop/Systems_Sandbox/Mechanics_Sandbox/Content/Kits/Door/Door.uasset'
[2019.11.11-03.42.57:925][107]Cmd: OBJ SAVEPACKAGE PACKAGE="/Game/Door/Door" FILE="C:/Users/danny/Desktop/Systems_Sandbox/Mechanics_Sandbox/Content/Door/Door.uasset" SILENT=true
[2019.11.11-03.42.57:990][107]LogSavePackage: Moving 'C:/Users/danny/Desktop/Systems_Sandbox/Mechanics_Sandbox/Saved/DoorE97285884E860D3BD0A3A5875C454697.tmp' to 'C:/Users/danny/Desktop/Systems_Sandbox/Mechanics_Sandbox/Content/Door/Door.uasset'
[2019.11.11-03.42.58:290][107]LogMetaData: Removing '/Game/Kits/Laser/ReflectorCube.ReflectorCube:UserConstructionScript.K2Node_FunctionEntry_0' ref from Metadata '/Game/Laser/ReflectorCube.PackageMetaData'
[2019.11.11-03.42.58:291][107]LogMetaData: Removing '/Game/Kits/Laser/ReflectorCube.ReflectorCube_C' ref from Metadata '/Game/Laser/ReflectorCube.PackageMetaData'
[2019.11.11-03.42.58:291][107]LogMetaData: Removing '/Game/Kits/Laser/ReflectorCube.ReflectorCube:EventGraph.K2Node_Event_2' ref from Metadata '/Game/Laser/ReflectorCube.PackageMetaData'
[2019.11.11-03.42.58:292][107]LogMetaData: Removing '/Game/Kits/Laser/ReflectorCube.ReflectorCube:ActivateLaser.K2Node_FunctionEntry_0' ref from Metadata '/Game/Laser/ReflectorCube.PackageMetaData'
[2019.11.11-03.42.58:292][107]LogMetaData: Removing '/Game/Kits/Laser/ReflectorCube.ReflectorCube:DeactivateLaser.K2Node_FunctionEntry_0' ref from Metadata '/Game/Laser/ReflectorCube.PackageMetaData'
[2019.11.11-03.42.58:293][107]LogMetaData: Removing '/Game/Kits/Laser/ReflectorCube.ReflectorCube:RunLaser.K2Node_FunctionEntry_0' ref from Metadata '/Game/Laser/ReflectorCube.PackageMetaData'
[2019.11.11-03.42.58:293][107]LogMetaData: Removing '/Game/Kits/Laser/ReflectorCube.SKEL_ReflectorCube_C:ReceiveTick' ref from Metadata '/Game/Laser/ReflectorCube.PackageMetaData'
[2019.11.11-03.42.58:294][107]LogMetaData: Removing '/Game/Kits/Laser/ReflectorCube.SKEL_ReflectorCube_C:LaserResult' ref from Metadata '/Game/Laser/ReflectorCube.PackageMetaData'
[2019.11.11-03.42.58:295][107]LogMetaData: Removing '/Game/Kits/Laser/ReflectorCube.SKEL_ReflectorCube_C:lastReflectCube' ref from Metadata '/Game/Laser/ReflectorCube.PackageMetaData'
[2019.11.11-03.42.58:295][107]LogMetaData: Removing '/Game/Kits/Laser/ReflectorCube.SKEL_ReflectorCube_C:activationCount' ref from Metadata '/Game/Laser/ReflectorCube.PackageMetaData'
[2019.11.11-03.42.58:296][107]LogMetaData: Removing '/Game/Kits/Laser/ReflectorCube.SKEL_ReflectorCube_C:DefaultSceneRoot' ref from Metadata '/Game/Laser/ReflectorCube.PackageMetaData'
[2019.11.11-03.42.58:297][107]LogMetaData: Removing '/Game/Kits/Laser/ReflectorCube.SKEL_ReflectorCube_C:Cube' ref from Metadata '/Game/Laser/ReflectorCube.PackageMetaData'
[2019.11.11-03.42.58:297][107]LogMetaData: Removing '/Game/Kits/Laser/ReflectorCube.SKEL_ReflectorCube_C:Pointer' ref from Metadata '/Game/Laser/ReflectorCube.PackageMetaData'
[2019.11.11-03.42.58:298][107]LogMetaData: Removing '/Game/Kits/Laser/ReflectorCube.SKEL_ReflectorCube_C:UserConstructionScript' ref from Metadata '/Game/Laser/ReflectorCube.PackageMetaData'
[2019.11.11-03.42.58:298][107]LogMetaData: Removing '/Game/Kits/Laser/ReflectorCube.SKEL_ReflectorCube_C' ref from Metadata '/Game/Laser/ReflectorCube.PackageMetaData'
[2019.11.11-03.42.58:299][107]LogMetaData: Removing '/Game/Kits/Laser/ReflectorCube.ReflectorCube_C:LaserResult' ref from Metadata '/Game/Laser/ReflectorCube.PackageMetaData'
[2019.11.11-03.42.58:300][107]LogMetaData: Removing '/Game/Kits/Laser/ReflectorCube.ReflectorCube_C:lastReflectCube' ref from Metadata '/Game/Laser/ReflectorCube.PackageMetaData'
[2019.11.11-03.42.58:300][107]LogMetaData: Removing '/Game/Kits/Laser/ReflectorCube.ReflectorCube_C:activationCount' ref from Metadata '/Game/Laser/ReflectorCube.PackageMetaData'
[2019.11.11-03.42.58:301][107]LogMetaData: Removing '/Game/Kits/Laser/ReflectorCube.ReflectorCube_C:DefaultSceneRoot' ref from Metadata '/Game/Laser/ReflectorCube.PackageMetaData'
[2019.11.11-03.42.58:301][107]LogMetaData: Removing '/Game/Kits/Laser/ReflectorCube.ReflectorCube_C:Cube' ref from Metadata '/Game/Laser/ReflectorCube.PackageMetaData'
[2019.11.11-03.42.58:302][107]LogMetaData: Removing '/Game/Kits/Laser/ReflectorCube.ReflectorCube_C:Pointer' ref from Metadata '/Game/Laser/ReflectorCube.PackageMetaData'
[2019.11.11-03.42.58:302][107]LogMetaData: Removing '/Game/Kits/Laser/ReflectorCube.ReflectorCube_C:ReceiveTick' ref from Metadata '/Game/Laser/ReflectorCube.PackageMetaData'
[2019.11.11-03.42.58:370][107]LogMetaData: Removing '/Game/Kits/Laser/Laser.Laser:UserConstructionScript.K2Node_FunctionEntry_0' ref from Metadata '/Game/Laser/Laser.PackageMetaData'
[2019.11.11-03.42.58:371][107]LogMetaData: Removing '/Game/Kits/Laser/Laser.Laser_C' ref from Metadata '/Game/Laser/Laser.PackageMetaData'
[2019.11.11-03.42.58:371][107]LogMetaData: Removing '/Game/Kits/Laser/Laser.SKEL_Laser_C:ReceiveTick' ref from Metadata '/Game/Laser/Laser.PackageMetaData'
[2019.11.11-03.42.58:373][107]LogMetaData: Removing '/Game/Kits/Laser/Laser.SKEL_Laser_C:LaserResult' ref from Metadata '/Game/Laser/Laser.PackageMetaData'
[2019.11.11-03.42.58:374][107]LogMetaData: Removing '/Game/Kits/Laser/Laser.SKEL_Laser_C:LastReflectCube' ref from Metadata '/Game/Laser/Laser.PackageMetaData'
[2019.11.11-03.42.58:375][107]LogMetaData: Removing '/Game/Kits/Laser/Laser.SKEL_Laser_C:DefaultSceneRoot' ref from Metadata '/Game/Laser/Laser.PackageMetaData'
[2019.11.11-03.42.58:375][107]LogMetaData: Removing '/Game/Kits/Laser/Laser.SKEL_Laser_C:Cube' ref from Metadata '/Game/Laser/Laser.PackageMetaData'
[2019.11.11-03.42.58:376][107]LogMetaData: Removing '/Game/Kits/Laser/Laser.SKEL_Laser_C:Pointer' ref from Metadata '/Game/Laser/Laser.PackageMetaData'
[2019.11.11-03.42.58:377][107]LogMetaData: Removing '/Game/Kits/Laser/Laser.SKEL_Laser_C:UserConstructionScript' ref from Metadata '/Game/Laser/Laser.PackageMetaData'
[2019.11.11-03.42.58:378][107]LogMetaData: Removing '/Game/Kits/Laser/Laser.SKEL_Laser_C' ref from Metadata '/Game/Laser/Laser.PackageMetaData'
[2019.11.11-03.42.58:378][107]LogMetaData: Removing '/Game/Kits/Laser/Laser.Laser_C:LaserResult' ref from Metadata '/Game/Laser/Laser.PackageMetaData'
[2019.11.11-03.42.58:379][107]LogMetaData: Removing '/Game/Kits/Laser/Laser.Laser_C:LastReflectCube' ref from Metadata '/Game/Laser/Laser.PackageMetaData'
[2019.11.11-03.42.58:379][107]LogMetaData: Removing '/Game/Kits/Laser/Laser.Laser_C:DefaultSceneRoot' ref from Metadata '/Game/Laser/Laser.PackageMetaData'
[2019.11.11-03.42.58:380][107]LogMetaData: Removing '/Game/Kits/Laser/Laser.Laser_C:Cube' ref from Metadata '/Game/Laser/Laser.PackageMetaData'
[2019.11.11-03.42.58:381][107]LogMetaData: Removing '/Game/Kits/Laser/Laser.Laser_C:Pointer' ref from Metadata '/Game/Laser/Laser.PackageMetaData'
[2019.11.11-03.42.58:382][107]LogMetaData: Removing '/Game/Kits/Laser/Laser.Laser_C:ReceiveTick' ref from Metadata '/Game/Laser/Laser.PackageMetaData'
[2019.11.11-03.42.58:570][107]Cmd: OBJ SAVEPACKAGE PACKAGE="/Game/Kits/Laser/ReflectorCube" FILE="C:/Users/danny/Desktop/Systems_Sandbox/Mechanics_Sandbox/Content/Kits/Laser/ReflectorCube.uasset" SILENT=true
[2019.11.11-03.42.58:860][107]LogSavePackage: Moving 'C:/Users/danny/Desktop/Systems_Sandbox/Mechanics_Sandbox/Saved/ReflectorCube3CB2FA0944283E057042BF9A5DAC78F3.tmp' to 'C:/Users/danny/Desktop/Systems_Sandbox/Mechanics_Sandbox/Content/Kits/Laser/ReflectorCube.uasset'
[2019.11.11-03.42.58:895][107]Cmd: OBJ SAVEPACKAGE PACKAGE="/Game/Laser/ReflectorCube" FILE="C:/Users/danny/Desktop/Systems_Sandbox/Mechanics_Sandbox/Content/Laser/ReflectorCube.uasset" SILENT=true
[2019.11.11-03.42.58:977][107]LogSavePackage: Moving 'C:/Users/danny/Desktop/Systems_Sandbox/Mechanics_Sandbox/Saved/ReflectorCubeEA4AA54E4021010476152AA425B92E77.tmp' to 'C:/Users/danny/Desktop/Systems_Sandbox/Mechanics_Sandbox/Content/Laser/ReflectorCube.uasset'
[2019.11.11-03.42.59:024][107]Cmd: OBJ SAVEPACKAGE PACKAGE="/Game/Kits/Laser/Laser" FILE="C:/Users/danny/Desktop/Systems_Sandbox/Mechanics_Sandbox/Content/Kits/Laser/Laser.uasset" SILENT=true
[2019.11.11-03.42.59:158][107]LogSavePackage: Moving 'C:/Users/danny/Desktop/Systems_Sandbox/Mechanics_Sandbox/Saved/Laser280AF7D6474BA42CC78CCDB9FF781E12.tmp' to 'C:/Users/danny/Desktop/Systems_Sandbox/Mechanics_Sandbox/Content/Kits/Laser/Laser.uasset'
[2019.11.11-03.42.59:178][107]Cmd: OBJ SAVEPACKAGE PACKAGE="/Game/Laser/Laser" FILE="C:/Users/danny/Desktop/Systems_Sandbox/Mechanics_Sandbox/Content/Laser/Laser.uasset" SILENT=true
[2019.11.11-03.42.59:240][107]LogSavePackage: Moving 'C:/Users/danny/Desktop/Systems_Sandbox/Mechanics_Sandbox/Saved/Laser48A1DE36404B0E37694E64BE9A6B3AC1.tmp' to 'C:/Users/danny/Desktop/Systems_Sandbox/Mechanics_Sandbox/Content/Laser/Laser.uasset'
[2019.11.11-03.42.59:517][107]LogMetaData: Removing '/Game/Kits/Sentry/Sentry.Sentry:UserConstructionScript.K2Node_FunctionEntry_0' ref from Metadata '/Game/Sentry/Sentry.PackageMetaData'
[2019.11.11-03.42.59:518][107]LogMetaData: Removing '/Game/Kits/Sentry/Sentry.Sentry_C' ref from Metadata '/Game/Sentry/Sentry.PackageMetaData'
[2019.11.11-03.42.59:518][107]LogMetaData: Removing '/Game/Kits/Sentry/Sentry.Sentry:SetYawBounds.K2Node_FunctionEntry_0' ref from Metadata '/Game/Sentry/Sentry.PackageMetaData'
[2019.11.11-03.42.59:519][107]LogMetaData: Removing '/Game/Kits/Sentry/Sentry.Sentry:InteractCheck.K2Node_FunctionEntry_0' ref from Metadata '/Game/Sentry/Sentry.PackageMetaData'
[2019.11.11-03.42.59:519][107]LogMetaData: Removing '/Game/Kits/Sentry/Sentry.SKEL_Sentry_C:ReceiveTick' ref from Metadata '/Game/Sentry/Sentry.PackageMetaData'
[2019.11.11-03.42.59:520][107]LogMetaData: Removing '/Game/Kits/Sentry/Sentry.SKEL_Sentry_C:Interace Distance' ref from Metadata '/Game/Sentry/Sentry.PackageMetaData'
[2019.11.11-03.42.59:520][107]LogMetaData: Removing '/Game/Kits/Sentry/Sentry.SKEL_Sentry_C:OriginalPossessor' ref from Metadata '/Game/Sentry/Sentry.PackageMetaData'
[2019.11.11-03.42.59:521][107]LogMetaData: Removing '/Game/Kits/Sentry/Sentry.SKEL_Sentry_C:PanLeft' ref from Metadata '/Game/Sentry/Sentry.PackageMetaData'
[2019.11.11-03.42.59:522][107]LogMetaData: Removing '/Game/Kits/Sentry/Sentry.SKEL_Sentry_C:PanRight' ref from Metadata '/Game/Sentry/Sentry.PackageMetaData'
[2019.11.11-03.42.59:522][107]LogMetaData: Removing '/Game/Kits/Sentry/Sentry.SKEL_Sentry_C:PanDown' ref from Metadata '/Game/Sentry/Sentry.PackageMetaData'
[2019.11.11-03.42.59:523][107]LogMetaData: Removing '/Game/Kits/Sentry/Sentry.SKEL_Sentry_C:PanUp' ref from Metadata '/Game/Sentry/Sentry.PackageMetaData'
[2019.11.11-03.42.59:524][107]LogMetaData: Removing '/Game/Kits/Sentry/Sentry.SKEL_Sentry_C:RateOfTurn' ref from Metadata '/Game/Sentry/Sentry.PackageMetaData'
[2019.11.11-03.42.59:524][107]LogMetaData: Removing '/Game/Kits/Sentry/Sentry.SKEL_Sentry_C:Directions_Min' ref from Metadata '/Game/Sentry/Sentry.PackageMetaData'
[2019.11.11-03.42.59:524][107]LogMetaData: Removing '/Game/Kits/Sentry/Sentry.SKEL_Sentry_C:Directions_Max' ref from Metadata '/Game/Sentry/Sentry.PackageMetaData'
[2019.11.11-03.42.59:525][107]LogMetaData: Removing '/Game/Kits/Sentry/Sentry.SKEL_Sentry_C:DefaultSceneRoot' ref from Metadata '/Game/Sentry/Sentry.PackageMetaData'
[2019.11.11-03.42.59:525][107]LogMetaData: Removing '/Game/Kits/Sentry/Sentry.SKEL_Sentry_C:Camera' ref from Metadata '/Game/Sentry/Sentry.PackageMetaData'
[2019.11.11-03.42.59:526][107]LogMetaData: Removing '/Game/Kits/Sentry/Sentry.SKEL_Sentry_C:DEBUG_Visual' ref from Metadata '/Game/Sentry/Sentry.PackageMetaData'
[2019.11.11-03.42.59:527][107]LogMetaData: Removing '/Game/Kits/Sentry/Sentry.SKEL_Sentry_C:UserConstructionScript' ref from Metadata '/Game/Sentry/Sentry.PackageMetaData'
[2019.11.11-03.42.59:527][107]LogMetaData: Removing '/Game/Kits/Sentry/Sentry.SKEL_Sentry_C:SetYawBounds' ref from Metadata '/Game/Sentry/Sentry.PackageMetaData'
[2019.11.11-03.42.59:528][107]LogMetaData: Removing '/Game/Kits/Sentry/Sentry.SKEL_Sentry_C:SetPitchBounds' ref from Metadata '/Game/Sentry/Sentry.PackageMetaData'
[2019.11.11-03.42.59:529][107]LogMetaData: Removing '/Game/Kits/Sentry/Sentry.SKEL_Sentry_C' ref from Metadata '/Game/Sentry/Sentry.PackageMetaData'
[2019.11.11-03.42.59:530][107]LogMetaData: Removing '/Game/Kits/Sentry/Sentry.Sentry_C:Interace Distance' ref from Metadata '/Game/Sentry/Sentry.PackageMetaData'
[2019.11.11-03.42.59:531][107]LogMetaData: Removing '/Game/Kits/Sentry/Sentry.Sentry_C:OriginalPossessor' ref from Metadata '/Game/Sentry/Sentry.PackageMetaData'
[2019.11.11-03.42.59:532][107]LogMetaData: Removing '/Game/Kits/Sentry/Sentry.Sentry_C:PanLeft' ref from Metadata '/Game/Sentry/Sentry.PackageMetaData'
[2019.11.11-03.42.59:532][107]LogMetaData: Removing '/Game/Kits/Sentry/Sentry.Sentry_C:PanRight' ref from Metadata '/Game/Sentry/Sentry.PackageMetaData'
[2019.11.11-03.42.59:533][107]LogMetaData: Removing '/Game/Kits/Sentry/Sentry.Sentry_C:PanDown' ref from Metadata '/Game/Sentry/Sentry.PackageMetaData'
[2019.11.11-03.42.59:533][107]LogMetaData: Removing '/Game/Kits/Sentry/Sentry.Sentry_C:PanUp' ref from Metadata '/Game/Sentry/Sentry.PackageMetaData'
[2019.11.11-03.42.59:534][107]LogMetaData: Removing '/Game/Kits/Sentry/Sentry.Sentry_C:RateOfTurn' ref from Metadata '/Game/Sentry/Sentry.PackageMetaData'
[2019.11.11-03.42.59:535][107]LogMetaData: Removing '/Game/Kits/Sentry/Sentry.Sentry_C:Directions_Min' ref from Metadata '/Game/Sentry/Sentry.PackageMetaData'
[2019.11.11-03.42.59:535][107]LogMetaData: Removing '/Game/Kits/Sentry/Sentry.Sentry_C:Directions_Max' ref from Metadata '/Game/Sentry/Sentry.PackageMetaData'
[2019.11.11-03.42.59:536][107]LogMetaData: Removing '/Game/Kits/Sentry/Sentry.Sentry_C:DefaultSceneRoot' ref from Metadata '/Game/Sentry/Sentry.PackageMetaData'
[2019.11.11-03.42.59:537][107]LogMetaData: Removing '/Game/Kits/Sentry/Sentry.Sentry_C:Camera' ref from Metadata '/Game/Sentry/Sentry.PackageMetaData'
[2019.11.11-03.42.59:538][107]LogMetaData: Removing '/Game/Kits/Sentry/Sentry.Sentry_C:DEBUG_Visual' ref from Metadata '/Game/Sentry/Sentry.PackageMetaData'
[2019.11.11-03.42.59:539][107]LogMetaData: Removing '/Game/Kits/Sentry/Sentry.Sentry_C:ReceiveTick' ref from Metadata '/Game/Sentry/Sentry.PackageMetaData'
[2019.11.11-03.42.59:540][107]LogMetaData: Removing '/Game/Kits/Sentry/Sentry.Sentry_C:SetYawBounds' ref from Metadata '/Game/Sentry/Sentry.PackageMetaData'
[2019.11.11-03.42.59:541][107]LogMetaData: Removing '/Game/Kits/Sentry/Sentry.Sentry_C:SetPitchBounds' ref from Metadata '/Game/Sentry/Sentry.PackageMetaData'
[2019.11.11-03.42.59:738][107]Cmd: OBJ SAVEPACKAGE PACKAGE="/Game/Kits/Sentry/Sentry" FILE="C:/Users/danny/Desktop/Systems_Sandbox/Mechanics_Sandbox/Content/Kits/Sentry/Sentry.uasset" SILENT=true
[2019.11.11-03.43.00:042][107]LogSavePackage: Moving 'C:/Users/danny/Desktop/Systems_Sandbox/Mechanics_Sandbox/Saved/Sentry6EF6CFED423C9FC9B21F33A2B4DE30DA.tmp' to 'C:/Users/danny/Desktop/Systems_Sandbox/Mechanics_Sandbox/Content/Kits/Sentry/Sentry.uasset'
[2019.11.11-03.43.00:062][107]Cmd: OBJ SAVEPACKAGE PACKAGE="/Game/Sentry/Sentry" FILE="C:/Users/danny/Desktop/Systems_Sandbox/Mechanics_Sandbox/Content/Sentry/Sentry.uasset" SILENT=true
[2019.11.11-03.43.00:124][107]LogSavePackage: Moving 'C:/Users/danny/Desktop/Systems_Sandbox/Mechanics_Sandbox/Saved/Sentry374B57D244AF9C8FFA2ACAB9FC12C603.tmp' to 'C:/Users/danny/Desktop/Systems_Sandbox/Mechanics_Sandbox/Content/Sentry/Sentry.uasset'
[2019.11.11-03.43.00:450][107]LogMetaData: Removing '/Game/Kits/Teleporter/Teleporter.Teleporter:UserConstructionScript.K2Node_FunctionEntry_0' ref from Metadata '/Game/Teleporter/Teleporter.PackageMetaData'
[2019.11.11-03.43.00:451][107]LogMetaData: Removing '/Game/Kits/Teleporter/Teleporter.Teleporter_C' ref from Metadata '/Game/Teleporter/Teleporter.PackageMetaData'
[2019.11.11-03.43.00:452][107]LogMetaData: Removing '/Game/Kits/Teleporter/Teleporter.SKEL_Teleporter_C:SetDestLocation' ref from Metadata '/Game/Teleporter/Teleporter.PackageMetaData'
[2019.11.11-03.43.00:453][107]LogMetaData: Removing '/Game/Kits/Teleporter/Teleporter.SKEL_Teleporter_C:ReceiveActorBeginOverlap' ref from Metadata '/Game/Teleporter/Teleporter.PackageMetaData'
[2019.11.11-03.43.00:454][107]LogMetaData: Removing '/Game/Kits/Teleporter/Teleporter.SKEL_Teleporter_C:TeleportDest' ref from Metadata '/Game/Teleporter/Teleporter.PackageMetaData'
[2019.11.11-03.43.00:455][107]LogMetaData: Removing '/Game/Kits/Teleporter/Teleporter.SKEL_Teleporter_C:DefaultSceneRoot' ref from Metadata '/Game/Teleporter/Teleporter.PackageMetaData'
[2019.11.11-03.43.00:456][107]LogMetaData: Removing '/Game/Kits/Teleporter/Teleporter.SKEL_Teleporter_C:Destination' ref from Metadata '/Game/Teleporter/Teleporter.PackageMetaData'
[2019.11.11-03.43.00:456][107]LogMetaData: Removing '/Game/Kits/Teleporter/Teleporter.SKEL_Teleporter_C:Cylinder' ref from Metadata '/Game/Teleporter/Teleporter.PackageMetaData'
[2019.11.11-03.43.00:457][107]LogMetaData: Removing '/Game/Kits/Teleporter/Teleporter.SKEL_Teleporter_C:TeleportationPoint' ref from Metadata '/Game/Teleporter/Teleporter.PackageMetaData'
[2019.11.11-03.43.00:458][107]LogMetaData: Removing '/Game/Kits/Teleporter/Teleporter.SKEL_Teleporter_C:Pad' ref from Metadata '/Game/Teleporter/Teleporter.PackageMetaData'
[2019.11.11-03.43.00:458][107]LogMetaData: Removing '/Game/Kits/Teleporter/Teleporter.SKEL_Teleporter_C:Facing' ref from Metadata '/Game/Teleporter/Teleporter.PackageMetaData'
[2019.11.11-03.43.00:459][107]LogMetaData: Removing '/Game/Kits/Teleporter/Teleporter.SKEL_Teleporter_C:UserConstructionScript' ref from Metadata '/Game/Teleporter/Teleporter.PackageMetaData'
[2019.11.11-03.43.00:460][107]LogMetaData: Removing '/Game/Kits/Teleporter/Teleporter.SKEL_Teleporter_C' ref from Metadata '/Game/Teleporter/Teleporter.PackageMetaData'
[2019.11.11-03.43.00:461][107]LogMetaData: Removing '/Game/Kits/Teleporter/Teleporter.Teleporter_C:TeleportDest' ref from Metadata '/Game/Teleporter/Teleporter.PackageMetaData'
[2019.11.11-03.43.00:462][107]LogMetaData: Removing '/Game/Kits/Teleporter/Teleporter.Teleporter_C:DefaultSceneRoot' ref from Metadata '/Game/Teleporter/Teleporter.PackageMetaData'
[2019.11.11-03.43.00:463][107]LogMetaData: Removing '/Game/Kits/Teleporter/Teleporter.Teleporter_C:Destination' ref from Metadata '/Game/Teleporter/Teleporter.PackageMetaData'
[2019.11.11-03.43.00:463][107]LogMetaData: Removing '/Game/Kits/Teleporter/Teleporter.Teleporter_C:Cylinder' ref from Metadata '/Game/Teleporter/Teleporter.PackageMetaData'
[2019.11.11-03.43.00:465][107]LogMetaData: Removing '/Game/Kits/Teleporter/Teleporter.Teleporter_C:TeleportationPoint' ref from Metadata '/Game/Teleporter/Teleporter.PackageMetaData'
[2019.11.11-03.43.00:466][107]LogMetaData: Removing '/Game/Kits/Teleporter/Teleporter.Teleporter_C:Pad' ref from Metadata '/Game/Teleporter/Teleporter.PackageMetaData'
[2019.11.11-03.43.00:466][107]LogMetaData: Removing '/Game/Kits/Teleporter/Teleporter.Teleporter_C:Facing' ref from Metadata '/Game/Teleporter/Teleporter.PackageMetaData'
[2019.11.11-03.43.00:467][107]LogMetaData: Removing '/Game/Kits/Teleporter/Teleporter.Teleporter_C:ReceiveActorBeginOverlap' ref from Metadata '/Game/Teleporter/Teleporter.PackageMetaData'
[2019.11.11-03.43.00:468][107]LogMetaData: Removing '/Game/Kits/Teleporter/Teleporter.Teleporter_C:UserConstructionScript' ref from Metadata '/Game/Teleporter/Teleporter.PackageMetaData'
[2019.11.11-03.43.00:469][107]LogMetaData: Removing '/Game/Kits/Teleporter/Teleporter.Teleporter_C:SetDestLocation' ref from Metadata '/Game/Teleporter/Teleporter.PackageMetaData'
[2019.11.11-03.43.00:563][107]LogMetaData: Removing '/Game/Kits/Teleporter/TeleportationPad.TeleportationPad:UserConstructionScript.K2Node_FunctionEntry_0' ref from Metadata '/Game/Teleporter/TeleportationPad.PackageMetaData'
[2019.11.11-03.43.00:564][107]LogMetaData: Removing '/Game/Kits/Teleporter/TeleportationPad.TeleportationPad_C' ref from Metadata '/Game/Teleporter/TeleportationPad.PackageMetaData'
[2019.11.11-03.43.00:565][107]LogMetaData: Removing '/Game/Kits/Teleporter/TeleportationPad.TeleportationPad:EventGraph.K2Node_Event_0' ref from Metadata '/Game/Teleporter/TeleportationPad.PackageMetaData'
[2019.11.11-03.43.00:566][107]LogMetaData: Removing '/Game/Kits/Teleporter/TeleportationPad.TeleportationPad:EventGraph.K2Node_Event_1' ref from Metadata '/Game/Teleporter/TeleportationPad.PackageMetaData'
[2019.11.11-03.43.00:567][107]LogMetaData: Removing '/Game/Kits/Teleporter/TeleportationPad.TeleportationPad:EventGraph.K2Node_Event_2' ref from Metadata '/Game/Teleporter/TeleportationPad.PackageMetaData'
[2019.11.11-03.43.00:568][107]LogMetaData: Removing '/Game/Kits/Teleporter/TeleportationPad.SKEL_TeleportationPad_C:ReceiveBeginPlay' ref from Metadata '/Game/Teleporter/TeleportationPad.PackageMetaData'
[2019.11.11-03.43.00:569][107]LogMetaData: Removing '/Game/Kits/Teleporter/TeleportationPad.SKEL_TeleportationPad_C:ReceiveActorBeginOverlap' ref from Metadata '/Game/Teleporter/TeleportationPad.PackageMetaData'
[2019.11.11-03.43.00:570][107]LogMetaData: Removing '/Game/Kits/Teleporter/TeleportationPad.SKEL_TeleportationPad_C:ReceiveTick' ref from Metadata '/Game/Teleporter/TeleportationPad.PackageMetaData'
[2019.11.11-03.43.00:571][107]LogMetaData: Removing '/Game/Kits/Teleporter/TeleportationPad.SKEL_TeleportationPad_C:TeleportationDestination' ref from Metadata '/Game/Teleporter/TeleportationPad.PackageMetaData'
[2019.11.11-03.43.00:573][107]LogMetaData: Removing '/Game/Kits/Teleporter/TeleportationPad.SKEL_TeleportationPad_C:DefaultSceneRoot' ref from Metadata '/Game/Teleporter/TeleportationPad.PackageMetaData'
[2019.11.11-03.43.00:575][107]LogMetaData: Removing '/Game/Kits/Teleporter/TeleportationPad.SKEL_TeleportationPad_C:Cylinder' ref from Metadata '/Game/Teleporter/TeleportationPad.PackageMetaData'
[2019.11.11-03.43.00:576][107]LogMetaData: Removing '/Game/Kits/Teleporter/TeleportationPad.SKEL_TeleportationPad_C:UserConstructionScript' ref from Metadata '/Game/Teleporter/TeleportationPad.PackageMetaData'
[2019.11.11-03.43.00:577][107]LogMetaData: Removing '/Game/Kits/Teleporter/TeleportationPad.SKEL_TeleportationPad_C' ref from Metadata '/Game/Teleporter/TeleportationPad.PackageMetaData'
[2019.11.11-03.43.00:578][107]LogMetaData: Removing '/Game/Kits/Teleporter/TeleportationPad.TeleportationPad_C:TeleportationDestination' ref from Metadata '/Game/Teleporter/TeleportationPad.PackageMetaData'
[2019.11.11-03.43.00:579][107]LogMetaData: Removing '/Game/Kits/Teleporter/TeleportationPad.TeleportationPad_C:DefaultSceneRoot' ref from Metadata '/Game/Teleporter/TeleportationPad.PackageMetaData'
[2019.11.11-03.43.00:580][107]LogMetaData: Removing '/Game/Kits/Teleporter/TeleportationPad.TeleportationPad_C:Cylinder' ref from Metadata '/Game/Teleporter/TeleportationPad.PackageMetaData'
[2019.11.11-03.43.00:728][107]Cmd: OBJ SAVEPACKAGE PACKAGE="/Game/Kits/Teleporter/Teleporter" FILE="C:/Users/danny/Desktop/Systems_Sandbox/Mechanics_Sandbox/Content/Kits/Teleporter/Teleporter.uasset" SILENT=true
[2019.11.11-03.43.00:888][107]LogSavePackage: Moving 'C:/Users/danny/Desktop/Systems_Sandbox/Mechanics_Sandbox/Saved/Teleporter3E3EAB0C4C0614D47DC64EB9BA883485.tmp' to 'C:/Users/danny/Desktop/Systems_Sandbox/Mechanics_Sandbox/Content/Kits/Teleporter/Teleporter.uasset'
[2019.11.11-03.43.00:912][107]Cmd: OBJ SAVEPACKAGE PACKAGE="/Game/Teleporter/Teleporter" FILE="C:/Users/danny/Desktop/Systems_Sandbox/Mechanics_Sandbox/Content/Teleporter/Teleporter.uasset" SILENT=true
[2019.11.11-03.43.00:983][107]LogSavePackage: Moving 'C:/Users/danny/Desktop/Systems_Sandbox/Mechanics_Sandbox/Saved/Teleporter8F3313C24DF0421D20DCB4B58790AE30.tmp' to 'C:/Users/danny/Desktop/Systems_Sandbox/Mechanics_Sandbox/Content/Teleporter/Teleporter.uasset'
[2019.11.11-03.43.01:039][107]Cmd: OBJ SAVEPACKAGE PACKAGE="/Game/Kits/Teleporter/TeleportationPad" FILE="C:/Users/danny/Desktop/Systems_Sandbox/Mechanics_Sandbox/Content/Kits/Teleporter/TeleportationPad.uasset" SILENT=true
[2019.11.11-03.43.01:154][107]LogSavePackage: Moving 'C:/Users/danny/Desktop/Systems_Sandbox/Mechanics_Sandbox/Saved/TeleportationPad7E4246F7439AD9272BCB55A0086A060B.tmp' to 'C:/Users/danny/Desktop/Systems_Sandbox/Mechanics_Sandbox/Content/Kits/Teleporter/TeleportationPad.uasset'
[2019.11.11-03.43.02:283][107]LogUObjectHash: Compacting FUObjectHashTables data took  16.12ms
[2019.11.11-03.43.02:435][107]LogUObjectHash: Compacting FUObjectHashTables data took   8.72ms
[2019.11.11-03.43.02:562][107]LogUObjectHash: Compacting FUObjectHashTables data took   2.99ms
[2019.11.11-03.43.03:012][107]LogMetaData: Removing '/Game/Kits/Turret/Simple_Turret.Simple_Turret_C' ref from Metadata '/Game/Turret/Simple_Turret.PackageMetaData'
[2019.11.11-03.43.03:013][107]LogMetaData: Removing '/Game/Kits/Turret/Simple_Turret.Simple_Turret:UserConstructionScript.K2Node_FunctionEntry_0' ref from Metadata '/Game/Turret/Simple_Turret.PackageMetaData'
[2019.11.11-03.43.03:014][107]LogMetaData: Removing '/Game/Kits/Turret/Simple_Turret.Simple_Turret:SetState_Idle.K2Node_FunctionEntry_0' ref from Metadata '/Game/Turret/Simple_Turret.PackageMetaData'
[2019.11.11-03.43.03:014][107]LogMetaData: Removing '/Game/Kits/Turret/Simple_Turret.Simple_Turret:SetState_Aggro.K2Node_FunctionEntry_0' ref from Metadata '/Game/Turret/Simple_Turret.PackageMetaData'
[2019.11.11-03.43.03:015][107]LogMetaData: Removing '/Game/Kits/Turret/Simple_Turret.SKEL_Simple_Turret_C:ReceiveTick' ref from Metadata '/Game/Turret/Simple_Turret.PackageMetaData'
[2019.11.11-03.43.03:016][107]LogMetaData: Removing '/Game/Kits/Turret/Simple_Turret.SKEL_Simple_Turret_C:fire' ref from Metadata '/Game/Turret/Simple_Turret.PackageMetaData'
[2019.11.11-03.43.03:018][107]LogMetaData: Removing '/Game/Kits/Turret/Simple_Turret.SKEL_Simple_Turret_C:waitTime' ref from Metadata '/Game/Turret/Simple_Turret.PackageMetaData'
[2019.11.11-03.43.03:019][107]LogMetaData: Removing '/Game/Kits/Turret/Simple_Turret.SKEL_Simple_Turret_C:muzzleOffset' ref from Metadata '/Game/Turret/Simple_Turret.PackageMetaData'
[2019.11.11-03.43.03:020][107]LogMetaData: Removing '/Game/Kits/Turret/Simple_Turret.SKEL_Simple_Turret_C:rateOfFire' ref from Metadata '/Game/Turret/Simple_Turret.PackageMetaData'
[2019.11.11-03.43.03:020][107]LogMetaData: Removing '/Game/Kits/Turret/Simple_Turret.SKEL_Simple_Turret_C:rangeOfDetection' ref from Metadata '/Game/Turret/Simple_Turret.PackageMetaData'
[2019.11.11-03.43.03:021][107]LogMetaData: Removing '/Game/Kits/Turret/Simple_Turret.SKEL_Simple_Turret_C:scanRate' ref from Metadata '/Game/Turret/Simple_Turret.PackageMetaData'
[2019.11.11-03.43.03:022][107]LogMetaData: Removing '/Game/Kits/Turret/Simple_Turret.SKEL_Simple_Turret_C:offset' ref from Metadata '/Game/Turret/Simple_Turret.PackageMetaData'
[2019.11.11-03.43.03:022][107]LogMetaData: Removing '/Game/Kits/Turret/Simple_Turret.SKEL_Simple_Turret_C:rightTarget' ref from Metadata '/Game/Turret/Simple_Turret.PackageMetaData'
[2019.11.11-03.43.03:022][107]LogMetaData: Removing '/Game/Kits/Turret/Simple_Turret.SKEL_Simple_Turret_C:leftTarget' ref from Metadata '/Game/Turret/Simple_Turret.PackageMetaData'
[2019.11.11-03.43.03:023][107]LogMetaData: Removing '/Game/Kits/Turret/Simple_Turret.SKEL_Simple_Turret_C:Timeline_0' ref from Metadata '/Game/Turret/Simple_Turret.PackageMetaData'
[2019.11.11-03.43.03:023][107]LogMetaData: Removing '/Game/Kits/Turret/Simple_Turret.SKEL_Simple_Turret_C:DefaultSceneRoot' ref from Metadata '/Game/Turret/Simple_Turret.PackageMetaData'
[2019.11.11-03.43.03:024][107]LogMetaData: Removing '/Game/Kits/Turret/Simple_Turret.SKEL_Simple_Turret_C:Base' ref from Metadata '/Game/Turret/Simple_Turret.PackageMetaData'
[2019.11.11-03.43.03:025][107]LogMetaData: Removing '/Game/Kits/Turret/Simple_Turret.SKEL_Simple_Turret_C:Gun' ref from Metadata '/Game/Turret/Simple_Turret.PackageMetaData'
[2019.11.11-03.43.03:025][107]LogMetaData: Removing '/Game/Kits/Turret/Simple_Turret.SKEL_Simple_Turret_C:Muzzle' ref from Metadata '/Game/Turret/Simple_Turret.PackageMetaData'
[2019.11.11-03.43.03:026][107]LogMetaData: Removing '/Game/Kits/Turret/Simple_Turret.SKEL_Simple_Turret_C:SpotLight' ref from Metadata '/Game/Turret/Simple_Turret.PackageMetaData'
[2019.11.11-03.43.03:026][107]LogMetaData: Removing '/Game/Kits/Turret/Simple_Turret.SKEL_Simple_Turret_C:UserConstructionScript' ref from Metadata '/Game/Turret/Simple_Turret.PackageMetaData'
[2019.11.11-03.43.03:027][107]LogMetaData: Removing '/Game/Kits/Turret/Simple_Turret.SKEL_Simple_Turret_C' ref from Metadata '/Game/Turret/Simple_Turret.PackageMetaData'
[2019.11.11-03.43.03:028][107]LogMetaData: Removing '/Game/Kits/Turret/Simple_Turret.Simple_Turret_C:fire' ref from Metadata '/Game/Turret/Simple_Turret.PackageMetaData'
[2019.11.11-03.43.03:029][107]LogMetaData: Removing '/Game/Kits/Turret/Simple_Turret.Simple_Turret_C:waitTime' ref from Metadata '/Game/Turret/Simple_Turret.PackageMetaData'
[2019.11.11-03.43.03:030][107]LogMetaData: Removing '/Game/Kits/Turret/Simple_Turret.Simple_Turret_C:muzzleOffset' ref from Metadata '/Game/Turret/Simple_Turret.PackageMetaData'
[2019.11.11-03.43.03:030][107]LogMetaData: Removing '/Game/Kits/Turret/Simple_Turret.Simple_Turret_C:rateOfFire' ref from Metadata '/Game/Turret/Simple_Turret.PackageMetaData'
[2019.11.11-03.43.03:031][107]LogMetaData: Removing '/Game/Kits/Turret/Simple_Turret.Simple_Turret_C:rangeOfDetection' ref from Metadata '/Game/Turret/Simple_Turret.PackageMetaData'
[2019.11.11-03.43.03:032][107]LogMetaData: Removing '/Game/Kits/Turret/Simple_Turret.Simple_Turret_C:scanRate' ref from Metadata '/Game/Turret/Simple_Turret.PackageMetaData'
[2019.11.11-03.43.03:032][107]LogMetaData: Removing '/Game/Kits/Turret/Simple_Turret.Simple_Turret_C:offset' ref from Metadata '/Game/Turret/Simple_Turret.PackageMetaData'
[2019.11.11-03.43.03:033][107]LogMetaData: Removing '/Game/Kits/Turret/Simple_Turret.Simple_Turret_C:rightTarget' ref from Metadata '/Game/Turret/Simple_Turret.PackageMetaData'
[2019.11.11-03.43.03:033][107]LogMetaData: Removing '/Game/Kits/Turret/Simple_Turret.Simple_Turret_C:leftTarget' ref from Metadata '/Game/Turret/Simple_Turret.PackageMetaData'
[2019.11.11-03.43.03:034][107]LogMetaData: Removing '/Game/Kits/Turret/Simple_Turret.Simple_Turret_C:Timeline_0' ref from Metadata '/Game/Turret/Simple_Turret.PackageMetaData'
[2019.11.11-03.43.03:034][107]LogMetaData: Removing '/Game/Kits/Turret/Simple_Turret.Simple_Turret_C:DefaultSceneRoot' ref from Metadata '/Game/Turret/Simple_Turret.PackageMetaData'
[2019.11.11-03.43.03:035][107]LogMetaData: Removing '/Game/Kits/Turret/Simple_Turret.Simple_Turret_C:Base' ref from Metadata '/Game/Turret/Simple_Turret.PackageMetaData'
[2019.11.11-03.43.03:035][107]LogMetaData: Removing '/Game/Kits/Turret/Simple_Turret.Simple_Turret_C:Gun' ref from Metadata '/Game/Turret/Simple_Turret.PackageMetaData'
[2019.11.11-03.43.03:036][107]LogMetaData: Removing '/Game/Kits/Turret/Simple_Turret.Simple_Turret_C:Muzzle' ref from Metadata '/Game/Turret/Simple_Turret.PackageMetaData'
[2019.11.11-03.43.03:036][107]LogMetaData: Removing '/Game/Kits/Turret/Simple_Turret.Simple_Turret_C:SpotLight' ref from Metadata '/Game/Turret/Simple_Turret.PackageMetaData'
[2019.11.11-03.43.03:037][107]LogMetaData: Removing '/Game/Kits/Turret/Simple_Turret.Simple_Turret_C:ReceiveTick' ref from Metadata '/Game/Turret/Simple_Turret.PackageMetaData'
[2019.11.11-03.43.03:037][107]LogMetaData: Removing '/Game/Kits/Turret/Simple_Turret.Simple_Turret_C:UserConstructionScript' ref from Metadata '/Game/Turret/Simple_Turret.PackageMetaData'
[2019.11.11-03.43.03:106][107]LogMetaData: Removing '/Game/Kits/Turret/TurretDirection_Mode.TurretDirection_Mode' ref from Metadata '/Game/Turret/TurretDirection_Mode.PackageMetaData'
[2019.11.11-03.43.03:266][107]LogMetaData: Removing '/Game/Kits/Turret/TurretDirection_Info.TurretDirection_Info' ref from Metadata '/Game/Turret/TurretDirection_Info.PackageMetaData'
[2019.11.11-03.43.03:267][107]LogMetaData: Removing '/Game/Kits/Turret/TurretDirection_Info.TurretDirection_Info:Mode_36_06AE14F64B6C2E1DB6A64F9E9DB21B40' ref from Metadata '/Game/Turret/TurretDirection_Info.PackageMetaData'
[2019.11.11-03.43.03:268][107]LogMetaData: Removing '/Game/Kits/Turret/TurretDirection_Info.TurretDirection_Info:Target_37_80F470AE427918206D0FF29A9949E34A' ref from Metadata '/Game/Turret/TurretDirection_Info.PackageMetaData'
[2019.11.11-03.43.03:269][107]LogMetaData: Removing '/Game/Kits/Turret/TurretDirection_Info.TurretDirection_Info:Value_38_51A7F306478AE3442676C79C22DD8190' ref from Metadata '/Game/Turret/TurretDirection_Info.PackageMetaData'
[2019.11.11-03.43.03:270][107]LogMetaData: Removing '/Game/Kits/Turret/TurretDirection_Info.TurretDirection_Info:Value_Range_39_6E9BF07D4AE862B92176269CE8A56DC2' ref from Metadata '/Game/Turret/TurretDirection_Info.PackageMetaData'
[2019.11.11-03.43.03:366][107]LogMetaData: Removing '/Game/Kits/Turret/TurretDirection.TurretDirection' ref from Metadata '/Game/Turret/TurretDirection.PackageMetaData'
[2019.11.11-03.43.03:366][107]LogMetaData: Removing '/Game/Kits/Turret/TurretDirection.TurretDirection:Yaw_44_80F470AE427918206D0FF29A9949E34A' ref from Metadata '/Game/Turret/TurretDirection.PackageMetaData'
[2019.11.11-03.43.03:367][107]LogMetaData: Removing '/Game/Kits/Turret/TurretDirection.TurretDirection:Time_25_7219180343577AB16B2C7FA1D18F2140' ref from Metadata '/Game/Turret/TurretDirection.PackageMetaData'
[2019.11.11-03.43.03:368][107]LogMetaData: Removing '/Game/Kits/Turret/TurretDirection.TurretDirection:Pitch_45_F20BF7B34E8B1C4DEB040988C821D839' ref from Metadata '/Game/Turret/TurretDirection.PackageMetaData'
[2019.11.11-03.43.03:369][107]LogMetaData: Removing '/Game/Kits/Turret/TurretDirection.TurretDirection:Roll_46_06AE14F64B6C2E1DB6A64F9E9DB21B40' ref from Metadata '/Game/Turret/TurretDirection.PackageMetaData'
[2019.11.11-03.43.03:462][107]LogMetaData: Removing '/Game/Kits/Turret/Turret5.Turret5_C' ref from Metadata '/Game/Turret/Turret5.PackageMetaData'
[2019.11.11-03.43.03:463][107]LogMetaData: Removing '/Game/Kits/Turret/Turret5.Turret5:SetYawBounds.K2Node_FunctionEntry_0' ref from Metadata '/Game/Turret/Turret5.PackageMetaData'
[2019.11.11-03.43.03:464][107]LogMetaData: Removing '/Game/Kits/Turret/Turret5.SKEL_Turret5_C:ReceiveBeginPlay' ref from Metadata '/Game/Turret/Turret5.PackageMetaData'
[2019.11.11-03.43.03:465][107]LogMetaData: Removing '/Game/Kits/Turret/Turret5.SKEL_Turret5_C:ReceiveTick' ref from Metadata '/Game/Turret/Turret5.PackageMetaData'
[2019.11.11-03.43.03:466][107]LogMetaData: Removing '/Game/Kits/Turret/Turret5.SKEL_Turret5_C:Yaw_Max' ref from Metadata '/Game/Turret/Turret5.PackageMetaData'
[2019.11.11-03.43.03:467][107]LogMetaData: Removing '/Game/Kits/Turret/Turret5.SKEL_Turret5_C:Yaw_Min' ref from Metadata '/Game/Turret/Turret5.PackageMetaData'
[2019.11.11-03.43.03:467][107]LogMetaData: Removing '/Game/Kits/Turret/Turret5.SKEL_Turret5_C:Pitch_Max' ref from Metadata '/Game/Turret/Turret5.PackageMetaData'
[2019.11.11-03.43.03:468][107]LogMetaData: Removing '/Game/Kits/Turret/Turret5.SKEL_Turret5_C:Pitch_Min' ref from Metadata '/Game/Turret/Turret5.PackageMetaData'
[2019.11.11-03.43.03:468][107]LogMetaData: Removing '/Game/Kits/Turret/Turret5.SKEL_Turret5_C:curTarget' ref from Metadata '/Game/Turret/Turret5.PackageMetaData'
[2019.11.11-03.43.03:469][107]LogMetaData: Removing '/Game/Kits/Turret/Turret5.SKEL_Turret5_C:turretDirectionIndex' ref from Metadata '/Game/Turret/Turret5.PackageMetaData'
[2019.11.11-03.43.03:470][107]LogMetaData: Removing '/Game/Kits/Turret/Turret5.SKEL_Turret5_C:turretDirection' ref from Metadata '/Game/Turret/Turret5.PackageMetaData'
[2019.11.11-03.43.03:470][107]LogMetaData: Removing '/Game/Kits/Turret/Turret5.SKEL_Turret5_C:isIdle' ref from Metadata '/Game/Turret/Turret5.PackageMetaData'
[2019.11.11-03.43.03:471][107]LogMetaData: Removing '/Game/Kits/Turret/Turret5.SKEL_Turret5_C:WaitTime' ref from Metadata '/Game/Turret/Turret5.PackageMetaData'
[2019.11.11-03.43.03:471][107]LogMetaData: Removing '/Game/Kits/Turret/Turret5.SKEL_Turret5_C:RateOfFire' ref from Metadata '/Game/Turret/Turret5.PackageMetaData'
[2019.11.11-03.43.03:472][107]LogMetaData: Removing '/Game/Kits/Turret/Turret5.SKEL_Turret5_C:DelayRate' ref from Metadata '/Game/Turret/Turret5.PackageMetaData'
[2019.11.11-03.43.03:473][107]LogMetaData: Removing '/Game/Kits/Turret/Turret5.SKEL_Turret5_C:RateOfChange' ref from Metadata '/Game/Turret/Turret5.PackageMetaData'
[2019.11.11-03.43.03:473][107]LogMetaData: Removing '/Game/Kits/Turret/Turret5.SKEL_Turret5_C:RangeOfDectection' ref from Metadata '/Game/Turret/Turret5.PackageMetaData'
[2019.11.11-03.43.03:474][107]LogMetaData: Removing '/Game/Kits/Turret/Turret5.SKEL_Turret5_C:RelativeOffset' ref from Metadata '/Game/Turret/Turret5.PackageMetaData'
[2019.11.11-03.43.03:475][107]LogMetaData: Removing '/Game/Kits/Turret/Turret5.SKEL_Turret5_C:CurDirVec' ref from Metadata '/Game/Turret/Turret5.PackageMetaData'
[2019.11.11-03.43.03:475][107]LogMetaData: Removing '/Game/Kits/Turret/Turret5.SKEL_Turret5_C:TargetVec' ref from Metadata '/Game/Turret/Turret5.PackageMetaData'
[2019.11.11-03.43.03:476][107]LogMetaData: Removing '/Game/Kits/Turret/Turret5.SKEL_Turret5_C:RateOfTurn' ref from Metadata '/Game/Turret/Turret5.PackageMetaData'
[2019.11.11-03.43.03:476][107]LogMetaData: Removing '/Game/Kits/Turret/Turret5.SKEL_Turret5_C:DefaultSceneRoot' ref from Metadata '/Game/Turret/Turret5.PackageMetaData'
[2019.11.11-03.43.03:477][107]LogMetaData: Removing '/Game/Kits/Turret/Turret5.SKEL_Turret5_C:RangeOfDectection_Collider' ref from Metadata '/Game/Turret/Turret5.PackageMetaData'
[2019.11.11-03.43.03:477][107]LogMetaData: Removing '/Game/Kits/Turret/Turret5.SKEL_Turret5_C:Base' ref from Metadata '/Game/Turret/Turret5.PackageMetaData'
[2019.11.11-03.43.03:478][107]LogMetaData: Removing '/Game/Kits/Turret/Turret5.SKEL_Turret5_C:Gun' ref from Metadata '/Game/Turret/Turret5.PackageMetaData'
[2019.11.11-03.43.03:479][107]LogMetaData: Removing '/Game/Kits/Turret/Turret5.SKEL_Turret5_C:Muzzle' ref from Metadata '/Game/Turret/Turret5.PackageMetaData'
[2019.11.11-03.43.03:480][107]LogMetaData: Removing '/Game/Kits/Turret/Turret5.SKEL_Turret5_C:SpotLight' ref from Metadata '/Game/Turret/Turret5.PackageMetaData'
[2019.11.11-03.43.03:481][107]LogMetaData: Removing '/Game/Kits/Turret/Turret5.SKEL_Turret5_C:UserConstructionScript' ref from Metadata '/Game/Turret/Turret5.PackageMetaData'
[2019.11.11-03.43.03:482][107]LogMetaData: Removing '/Game/Kits/Turret/Turret5.SKEL_Turret5_C:SetRange_Pitch.adjustedPitch' ref from Metadata '/Game/Turret/Turret5.PackageMetaData'
[2019.11.11-03.43.03:482][107]LogMetaData: Removing '/Game/Kits/Turret/Turret5.SKEL_Turret5_C:SetRange_Pitch' ref from Metadata '/Game/Turret/Turret5.PackageMetaData'
[2019.11.11-03.43.03:483][107]LogMetaData: Removing '/Game/Kits/Turret/Turret5.SKEL_Turret5_C:SetRange_Yaw.adjustedYaw' ref from Metadata '/Game/Turret/Turret5.PackageMetaData'
[2019.11.11-03.43.03:484][107]LogMetaData: Removing '/Game/Kits/Turret/Turret5.SKEL_Turret5_C:SetRange_Yaw' ref from Metadata '/Game/Turret/Turret5.PackageMetaData'
[2019.11.11-03.43.03:484][107]LogMetaData: Removing '/Game/Kits/Turret/Turret5.SKEL_Turret5_C:SetRateOfTurn_Pitch.adjustedPitch' ref from Metadata '/Game/Turret/Turret5.PackageMetaData'
[2019.11.11-03.43.03:485][107]LogMetaData: Removing '/Game/Kits/Turret/Turret5.SKEL_Turret5_C:SetRateOfTurn_Pitch' ref from Metadata '/Game/Turret/Turret5.PackageMetaData'
[2019.11.11-03.43.03:486][107]LogMetaData: Removing '/Game/Kits/Turret/Turret5.SKEL_Turret5_C:SetRateOfTurn_Yaw.adjustedYaw' ref from Metadata '/Game/Turret/Turret5.PackageMetaData'
[2019.11.11-03.43.03:486][107]LogMetaData: Removing '/Game/Kits/Turret/Turret5.SKEL_Turret5_C:SetRateOfTurn_Yaw' ref from Metadata '/Game/Turret/Turret5.PackageMetaData'
[2019.11.11-03.43.03:487][107]LogMetaData: Removing '/Game/Kits/Turret/Turret5.SKEL_Turret5_C:RangeOfDetection' ref from Metadata '/Game/Turret/Turret5.PackageMetaData'
[2019.11.11-03.43.03:488][107]LogMetaData: Removing '/Game/Kits/Turret/Turret5.SKEL_Turret5_C:ProcessTurretDirection' ref from Metadata '/Game/Turret/Turret5.PackageMetaData'
[2019.11.11-03.43.03:488][107]LogMetaData: Removing '/Game/Kits/Turret/Turret5.SKEL_Turret5_C:SelectTurretDirection' ref from Metadata '/Game/Turret/Turret5.PackageMetaData'
[2019.11.11-03.43.03:489][107]LogMetaData: Removing '/Game/Kits/Turret/Turret5.SKEL_Turret5_C:DisplaceCurrent' ref from Metadata '/Game/Turret/Turret5.PackageMetaData'
[2019.11.11-03.43.03:489][107]LogMetaData: Removing '/Game/Kits/Turret/Turret5.SKEL_Turret5_C:DisplaceCenter' ref from Metadata '/Game/Turret/Turret5.PackageMetaData'
[2019.11.11-03.43.03:490][107]LogMetaData: Removing '/Game/Kits/Turret/Turret5.SKEL_Turret5_C:getRelativeOffset_Gun' ref from Metadata '/Game/Turret/Turret5.PackageMetaData'
[2019.11.11-03.43.03:490][107]LogMetaData: Removing '/Game/Kits/Turret/Turret5.SKEL_Turret5_C:ProcessTurretDirectionInfo.DeterminedVal' ref from Metadata '/Game/Turret/Turret5.PackageMetaData'
[2019.11.11-03.43.03:491][107]LogMetaData: Removing '/Game/Kits/Turret/Turret5.SKEL_Turret5_C:ProcessTurretDirectionInfo.ValueToSet' ref from Metadata '/Game/Turret/Turret5.PackageMetaData'
[2019.11.11-03.43.03:491][107]LogMetaData: Removing '/Game/Kits/Turret/Turret5.SKEL_Turret5_C:ProcessTurretDirectionInfo' ref from Metadata '/Game/Turret/Turret5.PackageMetaData'
[2019.11.11-03.43.03:492][107]LogMetaData: Removing '/Game/Kits/Turret/Turret5.SKEL_Turret5_C:SetYawBounds' ref from Metadata '/Game/Turret/Turret5.PackageMetaData'
[2019.11.11-03.43.03:492][107]LogMetaData: Removing '/Game/Kits/Turret/Turret5.SKEL_Turret5_C:SetPitchBounds' ref from Metadata '/Game/Turret/Turret5.PackageMetaData'
[2019.11.11-03.43.03:493][107]LogMetaData: Removing '/Game/Kits/Turret/Turret5.SKEL_Turret5_C' ref from Metadata '/Game/Turret/Turret5.PackageMetaData'
[2019.11.11-03.43.03:493][107]LogMetaData: Removing '/Game/Kits/Turret/Turret5.Turret5_C:Yaw_Max' ref from Metadata '/Game/Turret/Turret5.PackageMetaData'
[2019.11.11-03.43.03:493][107]LogMetaData: Removing '/Game/Kits/Turret/Turret5.Turret5_C:Yaw_Min' ref from Metadata '/Game/Turret/Turret5.PackageMetaData'
[2019.11.11-03.43.03:494][107]LogMetaData: Removing '/Game/Kits/Turret/Turret5.Turret5_C:Pitch_Max' ref from Metadata '/Game/Turret/Turret5.PackageMetaData'
[2019.11.11-03.43.03:494][107]LogMetaData: Removing '/Game/Kits/Turret/Turret5.Turret5_C:Pitch_Min' ref from Metadata '/Game/Turret/Turret5.PackageMetaData'
[2019.11.11-03.43.03:495][107]LogMetaData: Removing '/Game/Kits/Turret/Turret5.Turret5_C:curTarget' ref from Metadata '/Game/Turret/Turret5.PackageMetaData'
[2019.11.11-03.43.03:496][107]LogMetaData: Removing '/Game/Kits/Turret/Turret5.Turret5_C:turretDirectionIndex' ref from Metadata '/Game/Turret/Turret5.PackageMetaData'
[2019.11.11-03.43.03:496][107]LogMetaData: Removing '/Game/Kits/Turret/Turret5.Turret5_C:turretDirection' ref from Metadata '/Game/Turret/Turret5.PackageMetaData'
[2019.11.11-03.43.03:497][107]LogMetaData: Removing '/Game/Kits/Turret/Turret5.Turret5_C:isIdle' ref from Metadata '/Game/Turret/Turret5.PackageMetaData'
[2019.11.11-03.43.03:497][107]LogMetaData: Removing '/Game/Kits/Turret/Turret5.Turret5_C:WaitTime' ref from Metadata '/Game/Turret/Turret5.PackageMetaData'
[2019.11.11-03.43.03:498][107]LogMetaData: Removing '/Game/Kits/Turret/Turret5.Turret5_C:RateOfFire' ref from Metadata '/Game/Turret/Turret5.PackageMetaData'
[2019.11.11-03.43.03:499][107]LogMetaData: Removing '/Game/Kits/Turret/Turret5.Turret5_C:DelayRate' ref from Metadata '/Game/Turret/Turret5.PackageMetaData'
[2019.11.11-03.43.03:499][107]LogMetaData: Removing '/Game/Kits/Turret/Turret5.Turret5_C:RateOfChange' ref from Metadata '/Game/Turret/Turret5.PackageMetaData'
[2019.11.11-03.43.03:499][107]LogMetaData: Removing '/Game/Kits/Turret/Turret5.Turret5_C:RangeOfDectection' ref from Metadata '/Game/Turret/Turret5.PackageMetaData'
[2019.11.11-03.43.03:500][107]LogMetaData: Removing '/Game/Kits/Turret/Turret5.Turret5_C:RelativeOffset' ref from Metadata '/Game/Turret/Turret5.PackageMetaData'
[2019.11.11-03.43.03:500][107]LogMetaData: Removing '/Game/Kits/Turret/Turret5.Turret5_C:CurDirVec' ref from Metadata '/Game/Turret/Turret5.PackageMetaData'
[2019.11.11-03.43.03:501][107]LogMetaData: Removing '/Game/Kits/Turret/Turret5.Turret5_C:TargetVec' ref from Metadata '/Game/Turret/Turret5.PackageMetaData'
[2019.11.11-03.43.03:501][107]LogMetaData: Removing '/Game/Kits/Turret/Turret5.Turret5_C:RateOfTurn' ref from Metadata '/Game/Turret/Turret5.PackageMetaData'
[2019.11.11-03.43.03:502][107]LogMetaData: Removing '/Game/Kits/Turret/Turret5.Turret5_C:DefaultSceneRoot' ref from Metadata '/Game/Turret/Turret5.PackageMetaData'
[2019.11.11-03.43.03:502][107]LogMetaData: Removing '/Game/Kits/Turret/Turret5.Turret5_C:RangeOfDectection_Collider' ref from Metadata '/Game/Turret/Turret5.PackageMetaData'
[2019.11.11-03.43.03:503][107]LogMetaData: Removing '/Game/Kits/Turret/Turret5.Turret5_C:Base' ref from Metadata '/Game/Turret/Turret5.PackageMetaData'
[2019.11.11-03.43.03:503][107]LogMetaData: Removing '/Game/Kits/Turret/Turret5.Turret5_C:Gun' ref from Metadata '/Game/Turret/Turret5.PackageMetaData'
[2019.11.11-03.43.03:504][107]LogMetaData: Removing '/Game/Kits/Turret/Turret5.Turret5_C:Muzzle' ref from Metadata '/Game/Turret/Turret5.PackageMetaData'
[2019.11.11-03.43.03:504][107]LogMetaData: Removing '/Game/Kits/Turret/Turret5.Turret5_C:SpotLight' ref from Metadata '/Game/Turret/Turret5.PackageMetaData'
[2019.11.11-03.43.03:505][107]LogMetaData: Removing '/Game/Kits/Turret/Turret5.Turret5_C:ReceiveTick' ref from Metadata '/Game/Turret/Turret5.PackageMetaData'
[2019.11.11-03.43.03:505][107]LogMetaData: Removing '/Game/Kits/Turret/Turret5.Turret5_C:ReceiveBeginPlay' ref from Metadata '/Game/Turret/Turret5.PackageMetaData'
[2019.11.11-03.43.03:506][107]LogMetaData: Removing '/Game/Kits/Turret/Turret5.Turret5_C:UserConstructionScript' ref from Metadata '/Game/Turret/Turret5.PackageMetaData'
[2019.11.11-03.43.03:506][107]LogMetaData: Removing '/Game/Kits/Turret/Turret5.Turret5_C:SetRange_Pitch' ref from Metadata '/Game/Turret/Turret5.PackageMetaData'
[2019.11.11-03.43.03:507][107]LogMetaData: Removing '/Game/Kits/Turret/Turret5.Turret5_C:SetRange_Yaw' ref from Metadata '/Game/Turret/Turret5.PackageMetaData'
[2019.11.11-03.43.03:507][107]LogMetaData: Removing '/Game/Kits/Turret/Turret5.Turret5_C:SetRateOfTurn_Pitch' ref from Metadata '/Game/Turret/Turret5.PackageMetaData'
[2019.11.11-03.43.03:507][107]LogMetaData: Removing '/Game/Kits/Turret/Turret5.Turret5_C:SetRateOfTurn_Yaw' ref from Metadata '/Game/Turret/Turret5.PackageMetaData'
[2019.11.11-03.43.03:508][107]LogMetaData: Removing '/Game/Kits/Turret/Turret5.Turret5_C:RangeOfDetection' ref from Metadata '/Game/Turret/Turret5.PackageMetaData'
[2019.11.11-03.43.03:508][107]LogMetaData: Removing '/Game/Kits/Turret/Turret5.Turret5_C:ProcessTurretDirection' ref from Metadata '/Game/Turret/Turret5.PackageMetaData'
[2019.11.11-03.43.03:509][107]LogMetaData: Removing '/Game/Kits/Turret/Turret5.Turret5_C:SelectTurretDirection' ref from Metadata '/Game/Turret/Turret5.PackageMetaData'
[2019.11.11-03.43.03:509][107]LogMetaData: Removing '/Game/Kits/Turret/Turret5.Turret5_C:DisplaceCurrent' ref from Metadata '/Game/Turret/Turret5.PackageMetaData'
[2019.11.11-03.43.03:510][107]LogMetaData: Removing '/Game/Kits/Turret/Turret5.Turret5_C:DisplaceCenter' ref from Metadata '/Game/Turret/Turret5.PackageMetaData'
[2019.11.11-03.43.03:510][107]LogMetaData: Removing '/Game/Kits/Turret/Turret5.Turret5_C:getRelativeOffset_Gun' ref from Metadata '/Game/Turret/Turret5.PackageMetaData'
[2019.11.11-03.43.03:511][107]LogMetaData: Removing '/Game/Kits/Turret/Turret5.Turret5_C:ProcessTurretDirectionInfo' ref from Metadata '/Game/Turret/Turret5.PackageMetaData'
[2019.11.11-03.43.03:512][107]LogMetaData: Removing '/Game/Kits/Turret/Turret5.Turret5_C:SetYawBounds' ref from Metadata '/Game/Turret/Turret5.PackageMetaData'
[2019.11.11-03.43.03:512][107]LogMetaData: Removing '/Game/Kits/Turret/Turret5.Turret5_C:SetPitchBounds' ref from Metadata '/Game/Turret/Turret5.PackageMetaData'
[2019.11.11-03.43.03:514][107]LogMetaData: Removing '/Game/Kits/Turret/Turret5.Turret5_C:SetRange_Pitch.adjustedPitch' ref from Metadata '/Game/Turret/Turret5.PackageMetaData'
[2019.11.11-03.43.03:515][107]LogMetaData: Removing '/Game/Kits/Turret/Turret5.Turret5_C:SetRange_Yaw.adjustedYaw' ref from Metadata '/Game/Turret/Turret5.PackageMetaData'
[2019.11.11-03.43.03:515][107]LogMetaData: Removing '/Game/Kits/Turret/Turret5.Turret5_C:SetRateOfTurn_Pitch.adjustedPitch' ref from Metadata '/Game/Turret/Turret5.PackageMetaData'
[2019.11.11-03.43.03:516][107]LogMetaData: Removing '/Game/Kits/Turret/Turret5.Turret5_C:SetRateOfTurn_Yaw.adjustedYaw' ref from Metadata '/Game/Turret/Turret5.PackageMetaData'
[2019.11.11-03.43.03:517][107]LogMetaData: Removing '/Game/Kits/Turret/Turret5.Turret5_C:ProcessTurretDirectionInfo.ValueToSet' ref from Metadata '/Game/Turret/Turret5.PackageMetaData'
[2019.11.11-03.43.03:517][107]LogMetaData: Removing '/Game/Kits/Turret/Turret5.Turret5_C:ProcessTurretDirectionInfo.DeterminedVal' ref from Metadata '/Game/Turret/Turret5.PackageMetaData'
[2019.11.11-03.43.03:565][107]LogMetaData: Removing '/Game/Kits/Turret/Turret_Sentry.Turret_Sentry_C' ref from Metadata '/Game/Turret/Turret_Sentry.PackageMetaData'
[2019.11.11-03.43.03:565][107]LogMetaData: Removing '/Game/Kits/Turret/Turret_Sentry.SKEL_Turret_Sentry_C:ReceiveBeginPlay' ref from Metadata '/Game/Turret/Turret_Sentry.PackageMetaData'
[2019.11.11-03.43.03:566][107]LogMetaData: Removing '/Game/Kits/Turret/Turret_Sentry.SKEL_Turret_Sentry_C:ReceiveTick' ref from Metadata '/Game/Turret/Turret_Sentry.PackageMetaData'
[2019.11.11-03.43.03:566][107]LogMetaData: Removing '/Game/Kits/Turret/Turret_Sentry.SKEL_Turret_Sentry_C:curTarget' ref from Metadata '/Game/Turret/Turret_Sentry.PackageMetaData'
[2019.11.11-03.43.03:567][107]LogMetaData: Removing '/Game/Kits/Turret/Turret_Sentry.SKEL_Turret_Sentry_C:turretDirectionIndex' ref from Metadata '/Game/Turret/Turret_Sentry.PackageMetaData'
[2019.11.11-03.43.03:568][107]LogMetaData: Removing '/Game/Kits/Turret/Turret_Sentry.SKEL_Turret_Sentry_C:turretDirection' ref from Metadata '/Game/Turret/Turret_Sentry.PackageMetaData'
[2019.11.11-03.43.03:568][107]LogMetaData: Removing '/Game/Kits/Turret/Turret_Sentry.SKEL_Turret_Sentry_C:isIdle' ref from Metadata '/Game/Turret/Turret_Sentry.PackageMetaData'
[2019.11.11-03.43.03:569][107]LogMetaData: Removing '/Game/Kits/Turret/Turret_Sentry.SKEL_Turret_Sentry_C:operateAutomatically' ref from Metadata '/Game/Turret/Turret_Sentry.PackageMetaData'
[2019.11.11-03.43.03:569][107]LogMetaData: Removing '/Game/Kits/Turret/Turret_Sentry.SKEL_Turret_Sentry_C:WaitTime' ref from Metadata '/Game/Turret/Turret_Sentry.PackageMetaData'
[2019.11.11-03.43.03:570][107]LogMetaData: Removing '/Game/Kits/Turret/Turret_Sentry.SKEL_Turret_Sentry_C:RateOfFire' ref from Metadata '/Game/Turret/Turret_Sentry.PackageMetaData'
[2019.11.11-03.43.03:570][107]LogMetaData: Removing '/Game/Kits/Turret/Turret_Sentry.SKEL_Turret_Sentry_C:DelayRate' ref from Metadata '/Game/Turret/Turret_Sentry.PackageMetaData'
[2019.11.11-03.43.03:571][107]LogMetaData: Removing '/Game/Kits/Turret/Turret_Sentry.SKEL_Turret_Sentry_C:RateOfChange' ref from Metadata '/Game/Turret/Turret_Sentry.PackageMetaData'
[2019.11.11-03.43.03:571][107]LogMetaData: Removing '/Game/Kits/Turret/Turret_Sentry.SKEL_Turret_Sentry_C:RangeOfDectection' ref from Metadata '/Game/Turret/Turret_Sentry.PackageMetaData'
[2019.11.11-03.43.03:572][107]LogMetaData: Removing '/Game/Kits/Turret/Turret_Sentry.SKEL_Turret_Sentry_C:RelativeOffset' ref from Metadata '/Game/Turret/Turret_Sentry.PackageMetaData'
[2019.11.11-03.43.03:572][107]LogMetaData: Removing '/Game/Kits/Turret/Turret_Sentry.SKEL_Turret_Sentry_C:CurDirVec' ref from Metadata '/Game/Turret/Turret_Sentry.PackageMetaData'
[2019.11.11-03.43.03:573][107]LogMetaData: Removing '/Game/Kits/Turret/Turret_Sentry.SKEL_Turret_Sentry_C:TargetVec' ref from Metadata '/Game/Turret/Turret_Sentry.PackageMetaData'
[2019.11.11-03.43.03:574][107]LogMetaData: Removing '/Game/Kits/Turret/Turret_Sentry.SKEL_Turret_Sentry_C:RangeOfDectection_Collider' ref from Metadata '/Game/Turret/Turret_Sentry.PackageMetaData'
[2019.11.11-03.43.03:574][107]LogMetaData: Removing '/Game/Kits/Turret/Turret_Sentry.SKEL_Turret_Sentry_C:Muzzle' ref from Metadata '/Game/Turret/Turret_Sentry.PackageMetaData'
[2019.11.11-03.43.03:575][107]LogMetaData: Removing '/Game/Kits/Turret/Turret_Sentry.SKEL_Turret_Sentry_C:SpotLight' ref from Metadata '/Game/Turret/Turret_Sentry.PackageMetaData'
[2019.11.11-03.43.03:576][107]LogMetaData: Removing '/Game/Kits/Turret/Turret_Sentry.SKEL_Turret_Sentry_C:Base' ref from Metadata '/Game/Turret/Turret_Sentry.PackageMetaData'
[2019.11.11-03.43.03:576][107]LogMetaData: Removing '/Game/Kits/Turret/Turret_Sentry.SKEL_Turret_Sentry_C:Gun' ref from Metadata '/Game/Turret/Turret_Sentry.PackageMetaData'
[2019.11.11-03.43.03:577][107]LogMetaData: Removing '/Game/Kits/Turret/Turret_Sentry.SKEL_Turret_Sentry_C:UserConstructionScript' ref from Metadata '/Game/Turret/Turret_Sentry.PackageMetaData'
[2019.11.11-03.43.03:578][107]LogMetaData: Removing '/Game/Kits/Turret/Turret_Sentry.SKEL_Turret_Sentry_C:SetRange_Pitch.adjustedPitch' ref from Metadata '/Game/Turret/Turret_Sentry.PackageMetaData'
[2019.11.11-03.43.03:579][107]LogMetaData: Removing '/Game/Kits/Turret/Turret_Sentry.SKEL_Turret_Sentry_C:SetRange_Pitch' ref from Metadata '/Game/Turret/Turret_Sentry.PackageMetaData'
[2019.11.11-03.43.03:579][107]LogMetaData: Removing '/Game/Kits/Turret/Turret_Sentry.SKEL_Turret_Sentry_C:SetRange_Yaw.adjustedYaw' ref from Metadata '/Game/Turret/Turret_Sentry.PackageMetaData'
[2019.11.11-03.43.03:580][107]LogMetaData: Removing '/Game/Kits/Turret/Turret_Sentry.SKEL_Turret_Sentry_C:SetRange_Yaw' ref from Metadata '/Game/Turret/Turret_Sentry.PackageMetaData'
[2019.11.11-03.43.03:581][107]LogMetaData: Removing '/Game/Kits/Turret/Turret_Sentry.SKEL_Turret_Sentry_C:SetRateOfTurn_Pitch.adjustedPitch' ref from Metadata '/Game/Turret/Turret_Sentry.PackageMetaData'
[2019.11.11-03.43.03:581][107]LogMetaData: Removing '/Game/Kits/Turret/Turret_Sentry.SKEL_Turret_Sentry_C:SetRateOfTurn_Pitch' ref from Metadata '/Game/Turret/Turret_Sentry.PackageMetaData'
[2019.11.11-03.43.03:582][107]LogMetaData: Removing '/Game/Kits/Turret/Turret_Sentry.SKEL_Turret_Sentry_C:SetRateOfTurn_Yaw.adjustedYaw' ref from Metadata '/Game/Turret/Turret_Sentry.PackageMetaData'
[2019.11.11-03.43.03:582][107]LogMetaData: Removing '/Game/Kits/Turret/Turret_Sentry.SKEL_Turret_Sentry_C:SetRateOfTurn_Yaw' ref from Metadata '/Game/Turret/Turret_Sentry.PackageMetaData'
[2019.11.11-03.43.03:583][107]LogMetaData: Removing '/Game/Kits/Turret/Turret_Sentry.SKEL_Turret_Sentry_C:RangeOfDetection' ref from Metadata '/Game/Turret/Turret_Sentry.PackageMetaData'
[2019.11.11-03.43.03:584][107]LogMetaData: Removing '/Game/Kits/Turret/Turret_Sentry.SKEL_Turret_Sentry_C:ProcessTurretDirection' ref from Metadata '/Game/Turret/Turret_Sentry.PackageMetaData'
[2019.11.11-03.43.03:585][107]LogMetaData: Removing '/Game/Kits/Turret/Turret_Sentry.SKEL_Turret_Sentry_C:SelectTurretDirection' ref from Metadata '/Game/Turret/Turret_Sentry.PackageMetaData'
[2019.11.11-03.43.03:585][107]LogMetaData: Removing '/Game/Kits/Turret/Turret_Sentry.SKEL_Turret_Sentry_C:DisplaceCurrent' ref from Metadata '/Game/Turret/Turret_Sentry.PackageMetaData'
[2019.11.11-03.43.03:586][107]LogMetaData: Removing '/Game/Kits/Turret/Turret_Sentry.SKEL_Turret_Sentry_C:DisplaceCenter' ref from Metadata '/Game/Turret/Turret_Sentry.PackageMetaData'
[2019.11.11-03.43.03:586][107]LogMetaData: Removing '/Game/Kits/Turret/Turret_Sentry.SKEL_Turret_Sentry_C:getRelativeOffset_Gun' ref from Metadata '/Game/Turret/Turret_Sentry.PackageMetaData'
[2019.11.11-03.43.03:587][107]LogMetaData: Removing '/Game/Kits/Turret/Turret_Sentry.SKEL_Turret_Sentry_C:ProcessTurretDirectionInfo.DeterminedVal' ref from Metadata '/Game/Turret/Turret_Sentry.PackageMetaData'
[2019.11.11-03.43.03:588][107]LogMetaData: Removing '/Game/Kits/Turret/Turret_Sentry.SKEL_Turret_Sentry_C:ProcessTurretDirectionInfo.ValueToSet' ref from Metadata '/Game/Turret/Turret_Sentry.PackageMetaData'
[2019.11.11-03.43.03:589][107]LogMetaData: Removing '/Game/Kits/Turret/Turret_Sentry.SKEL_Turret_Sentry_C:ProcessTurretDirectionInfo' ref from Metadata '/Game/Turret/Turret_Sentry.PackageMetaData'
[2019.11.11-03.43.03:589][107]LogMetaData: Removing '/Game/Kits/Turret/Turret_Sentry.SKEL_Turret_Sentry_C' ref from Metadata '/Game/Turret/Turret_Sentry.PackageMetaData'
[2019.11.11-03.43.03:590][107]LogMetaData: Removing '/Game/Kits/Turret/Turret_Sentry.Turret_Sentry_C:curTarget' ref from Metadata '/Game/Turret/Turret_Sentry.PackageMetaData'
[2019.11.11-03.43.03:590][107]LogMetaData: Removing '/Game/Kits/Turret/Turret_Sentry.Turret_Sentry_C:turretDirectionIndex' ref from Metadata '/Game/Turret/Turret_Sentry.PackageMetaData'
[2019.11.11-03.43.03:591][107]LogMetaData: Removing '/Game/Kits/Turret/Turret_Sentry.Turret_Sentry_C:turretDirection' ref from Metadata '/Game/Turret/Turret_Sentry.PackageMetaData'
[2019.11.11-03.43.03:592][107]LogMetaData: Removing '/Game/Kits/Turret/Turret_Sentry.Turret_Sentry_C:isIdle' ref from Metadata '/Game/Turret/Turret_Sentry.PackageMetaData'
[2019.11.11-03.43.03:593][107]LogMetaData: Removing '/Game/Kits/Turret/Turret_Sentry.Turret_Sentry_C:operateAutomatically' ref from Metadata '/Game/Turret/Turret_Sentry.PackageMetaData'
[2019.11.11-03.43.03:593][107]LogMetaData: Removing '/Game/Kits/Turret/Turret_Sentry.Turret_Sentry_C:WaitTime' ref from Metadata '/Game/Turret/Turret_Sentry.PackageMetaData'
[2019.11.11-03.43.03:594][107]LogMetaData: Removing '/Game/Kits/Turret/Turret_Sentry.Turret_Sentry_C:RateOfFire' ref from Metadata '/Game/Turret/Turret_Sentry.PackageMetaData'
[2019.11.11-03.43.03:594][107]LogMetaData: Removing '/Game/Kits/Turret/Turret_Sentry.Turret_Sentry_C:DelayRate' ref from Metadata '/Game/Turret/Turret_Sentry.PackageMetaData'
[2019.11.11-03.43.03:595][107]LogMetaData: Removing '/Game/Kits/Turret/Turret_Sentry.Turret_Sentry_C:RateOfChange' ref from Metadata '/Game/Turret/Turret_Sentry.PackageMetaData'
[2019.11.11-03.43.03:595][107]LogMetaData: Removing '/Game/Kits/Turret/Turret_Sentry.Turret_Sentry_C:RangeOfDectection' ref from Metadata '/Game/Turret/Turret_Sentry.PackageMetaData'
[2019.11.11-03.43.03:596][107]LogMetaData: Removing '/Game/Kits/Turret/Turret_Sentry.Turret_Sentry_C:RelativeOffset' ref from Metadata '/Game/Turret/Turret_Sentry.PackageMetaData'
[2019.11.11-03.43.03:597][107]LogMetaData: Removing '/Game/Kits/Turret/Turret_Sentry.Turret_Sentry_C:CurDirVec' ref from Metadata '/Game/Turret/Turret_Sentry.PackageMetaData'
[2019.11.11-03.43.03:597][107]LogMetaData: Removing '/Game/Kits/Turret/Turret_Sentry.Turret_Sentry_C:TargetVec' ref from Metadata '/Game/Turret/Turret_Sentry.PackageMetaData'
[2019.11.11-03.43.03:598][107]LogMetaData: Removing '/Game/Kits/Turret/Turret_Sentry.Turret_Sentry_C:RangeOfDectection_Collider' ref from Metadata '/Game/Turret/Turret_Sentry.PackageMetaData'
[2019.11.11-03.43.03:599][107]LogMetaData: Removing '/Game/Kits/Turret/Turret_Sentry.Turret_Sentry_C:Muzzle' ref from Metadata '/Game/Turret/Turret_Sentry.PackageMetaData'
[2019.11.11-03.43.03:600][107]LogMetaData: Removing '/Game/Kits/Turret/Turret_Sentry.Turret_Sentry_C:SpotLight' ref from Metadata '/Game/Turret/Turret_Sentry.PackageMetaData'
[2019.11.11-03.43.03:601][107]LogMetaData: Removing '/Game/Kits/Turret/Turret_Sentry.Turret_Sentry_C:Base' ref from Metadata '/Game/Turret/Turret_Sentry.PackageMetaData'
[2019.11.11-03.43.03:601][107]LogMetaData: Removing '/Game/Kits/Turret/Turret_Sentry.Turret_Sentry_C:Gun' ref from Metadata '/Game/Turret/Turret_Sentry.PackageMetaData'
[2019.11.11-03.43.03:601][107]LogMetaData: Removing '/Game/Kits/Turret/Turret_Sentry.Turret_Sentry_C:ReceiveTick' ref from Metadata '/Game/Turret/Turret_Sentry.PackageMetaData'
[2019.11.11-03.43.03:602][107]LogMetaData: Removing '/Game/Kits/Turret/Turret_Sentry.Turret_Sentry_C:ReceiveBeginPlay' ref from Metadata '/Game/Turret/Turret_Sentry.PackageMetaData'
[2019.11.11-03.43.03:602][107]LogMetaData: Removing '/Game/Kits/Turret/Turret_Sentry.Turret_Sentry_C:UserConstructionScript' ref from Metadata '/Game/Turret/Turret_Sentry.PackageMetaData'
[2019.11.11-03.43.03:603][107]LogMetaData: Removing '/Game/Kits/Turret/Turret_Sentry.Turret_Sentry_C:SetRange_Pitch' ref from Metadata '/Game/Turret/Turret_Sentry.PackageMetaData'
[2019.11.11-03.43.03:604][107]LogMetaData: Removing '/Game/Kits/Turret/Turret_Sentry.Turret_Sentry_C:SetRange_Yaw' ref from Metadata '/Game/Turret/Turret_Sentry.PackageMetaData'
[2019.11.11-03.43.03:604][107]LogMetaData: Removing '/Game/Kits/Turret/Turret_Sentry.Turret_Sentry_C:SetRateOfTurn_Pitch' ref from Metadata '/Game/Turret/Turret_Sentry.PackageMetaData'
[2019.11.11-03.43.03:605][107]LogMetaData: Removing '/Game/Kits/Turret/Turret_Sentry.Turret_Sentry_C:SetRateOfTurn_Yaw' ref from Metadata '/Game/Turret/Turret_Sentry.PackageMetaData'
[2019.11.11-03.43.03:606][107]LogMetaData: Removing '/Game/Kits/Turret/Turret_Sentry.Turret_Sentry_C:RangeOfDetection' ref from Metadata '/Game/Turret/Turret_Sentry.PackageMetaData'
[2019.11.11-03.43.03:606][107]LogMetaData: Removing '/Game/Kits/Turret/Turret_Sentry.Turret_Sentry_C:ProcessTurretDirection' ref from Metadata '/Game/Turret/Turret_Sentry.PackageMetaData'
[2019.11.11-03.43.03:607][107]LogMetaData: Removing '/Game/Kits/Turret/Turret_Sentry.Turret_Sentry_C:SelectTurretDirection' ref from Metadata '/Game/Turret/Turret_Sentry.PackageMetaData'
[2019.11.11-03.43.03:607][107]LogMetaData: Removing '/Game/Kits/Turret/Turret_Sentry.Turret_Sentry_C:DisplaceCurrent' ref from Metadata '/Game/Turret/Turret_Sentry.PackageMetaData'
[2019.11.11-03.43.03:608][107]LogMetaData: Removing '/Game/Kits/Turret/Turret_Sentry.Turret_Sentry_C:DisplaceCenter' ref from Metadata '/Game/Turret/Turret_Sentry.PackageMetaData'
[2019.11.11-03.43.03:608][107]LogMetaData: Removing '/Game/Kits/Turret/Turret_Sentry.Turret_Sentry_C:getRelativeOffset_Gun' ref from Metadata '/Game/Turret/Turret_Sentry.PackageMetaData'
[2019.11.11-03.43.03:609][107]LogMetaData: Removing '/Game/Kits/Turret/Turret_Sentry.Turret_Sentry_C:ProcessTurretDirectionInfo' ref from Metadata '/Game/Turret/Turret_Sentry.PackageMetaData'
[2019.11.11-03.43.03:609][107]LogMetaData: Removing '/Game/Kits/Turret/Turret_Sentry.Turret_Sentry_C:SetRange_Pitch.adjustedPitch' ref from Metadata '/Game/Turret/Turret_Sentry.PackageMetaData'
[2019.11.11-03.43.03:610][107]LogMetaData: Removing '/Game/Kits/Turret/Turret_Sentry.Turret_Sentry_C:SetRange_Yaw.adjustedYaw' ref from Metadata '/Game/Turret/Turret_Sentry.PackageMetaData'
[2019.11.11-03.43.03:611][107]LogMetaData: Removing '/Game/Kits/Turret/Turret_Sentry.Turret_Sentry_C:SetRateOfTurn_Pitch.adjustedPitch' ref from Metadata '/Game/Turret/Turret_Sentry.PackageMetaData'
[2019.11.11-03.43.03:612][107]LogMetaData: Removing '/Game/Kits/Turret/Turret_Sentry.Turret_Sentry_C:SetRateOfTurn_Yaw.adjustedYaw' ref from Metadata '/Game/Turret/Turret_Sentry.PackageMetaData'
[2019.11.11-03.43.03:613][107]LogMetaData: Removing '/Game/Kits/Turret/Turret_Sentry.Turret_Sentry_C:ProcessTurretDirectionInfo.ValueToSet' ref from Metadata '/Game/Turret/Turret_Sentry.PackageMetaData'
[2019.11.11-03.43.03:614][107]LogMetaData: Removing '/Game/Kits/Turret/Turret_Sentry.Turret_Sentry_C:ProcessTurretDirectionInfo.DeterminedVal' ref from Metadata '/Game/Turret/Turret_Sentry.PackageMetaData'
[2019.11.11-03.43.03:666][107]LogMetaData: Removing '/Game/Kits/Turret/Turret.Turret_C' ref from Metadata '/Game/Turret/Turret.PackageMetaData'
[2019.11.11-03.43.03:667][107]LogMetaData: Removing '/Game/Kits/Turret/Turret.Turret:EventGraph.K2Node_Event_1' ref from Metadata '/Game/Turret/Turret.PackageMetaData'
[2019.11.11-03.43.03:667][107]LogMetaData: Removing '/Game/Kits/Turret/Turret.Turret:EventGraph.K2Node_Event_2' ref from Metadata '/Game/Turret/Turret.PackageMetaData'
[2019.11.11-03.43.03:667][107]LogMetaData: Removing '/Game/Kits/Turret/Turret.Turret:UserConstructionScript.K2Node_FunctionEntry_0' ref from Metadata '/Game/Turret/Turret.PackageMetaData'
[2019.11.11-03.43.03:668][107]LogMetaData: Removing '/Game/Kits/Turret/Turret.Turret:SetRateOfTurn_Pitch.K2Node_FunctionEntry_0' ref from Metadata '/Game/Turret/Turret.PackageMetaData'
[2019.11.11-03.43.03:669][107]LogMetaData: Removing '/Game/Kits/Turret/Turret.Turret:RangeOfDetection.K2Node_FunctionEntry_0' ref from Metadata '/Game/Turret/Turret.PackageMetaData'
[2019.11.11-03.43.03:669][107]LogMetaData: Removing '/Game/Kits/Turret/Turret.SKEL_Turret_C:ReceiveActorBeginOverlap' ref from Metadata '/Game/Turret/Turret.PackageMetaData'
[2019.11.11-03.43.03:670][107]LogMetaData: Removing '/Game/Kits/Turret/Turret.SKEL_Turret_C:ReceiveTick' ref from Metadata '/Game/Turret/Turret.PackageMetaData'
[2019.11.11-03.43.03:670][107]LogMetaData: Removing '/Game/Kits/Turret/Turret.SKEL_Turret_C:ReceiveActorEndOverlap' ref from Metadata '/Game/Turret/Turret.PackageMetaData'
[2019.11.11-03.43.03:671][107]LogMetaData: Removing '/Game/Kits/Turret/Turret.SKEL_Turret_C:waitTime' ref from Metadata '/Game/Turret/Turret.PackageMetaData'
[2019.11.11-03.43.03:671][107]LogMetaData: Removing '/Game/Kits/Turret/Turret.SKEL_Turret_C:PossibleTargets' ref from Metadata '/Game/Turret/Turret.PackageMetaData'
[2019.11.11-03.43.03:672][107]LogMetaData: Removing '/Game/Kits/Turret/Turret.SKEL_Turret_C:curTimeCount' ref from Metadata '/Game/Turret/Turret.PackageMetaData'
[2019.11.11-03.43.03:673][107]LogMetaData: Removing '/Game/Kits/Turret/Turret.SKEL_Turret_C:curWaitTime' ref from Metadata '/Game/Turret/Turret.PackageMetaData'
[2019.11.11-03.43.03:673][107]LogMetaData: Removing '/Game/Kits/Turret/Turret.SKEL_Turret_C:curTarget' ref from Metadata '/Game/Turret/Turret.PackageMetaData'
[2019.11.11-03.43.03:674][107]LogMetaData: Removing '/Game/Kits/Turret/Turret.SKEL_Turret_C:RateOfChange' ref from Metadata '/Game/Turret/Turret.PackageMetaData'
[2019.11.11-03.43.03:674][107]LogMetaData: Removing '/Game/Kits/Turret/Turret.SKEL_Turret_C:TargetVec' ref from Metadata '/Game/Turret/Turret.PackageMetaData'
[2019.11.11-03.43.03:675][107]LogMetaData: Removing '/Game/Kits/Turret/Turret.SKEL_Turret_C:CurDirVec' ref from Metadata '/Game/Turret/Turret.PackageMetaData'
[2019.11.11-03.43.03:675][107]LogMetaData: Removing '/Game/Kits/Turret/Turret.SKEL_Turret_C:Percision' ref from Metadata '/Game/Turret/Turret.PackageMetaData'
[2019.11.11-03.43.03:676][107]LogMetaData: Removing '/Game/Kits/Turret/Turret.SKEL_Turret_C:Damage' ref from Metadata '/Game/Turret/Turret.PackageMetaData'
[2019.11.11-03.43.03:676][107]LogMetaData: Removing '/Game/Kits/Turret/Turret.SKEL_Turret_C:RateOfFire' ref from Metadata '/Game/Turret/Turret.PackageMetaData'
[2019.11.11-03.43.03:677][107]LogMetaData: Removing '/Game/Kits/Turret/Turret.SKEL_Turret_C:RangeOfDectection' ref from Metadata '/Game/Turret/Turret.PackageMetaData'
[2019.11.11-03.43.03:677][107]LogMetaData: Removing '/Game/Kits/Turret/Turret.SKEL_Turret_C:RateOfTurn' ref from Metadata '/Game/Turret/Turret.PackageMetaData'
[2019.11.11-03.43.03:678][107]LogMetaData: Removing '/Game/Kits/Turret/Turret.SKEL_Turret_C:RangeOfView' ref from Metadata '/Game/Turret/Turret.PackageMetaData'
[2019.11.11-03.43.03:679][107]LogMetaData: Removing '/Game/Kits/Turret/Turret.SKEL_Turret_C:DefaultSceneRoot' ref from Metadata '/Game/Turret/Turret.PackageMetaData'
[2019.11.11-03.43.03:680][107]LogMetaData: Removing '/Game/Kits/Turret/Turret.SKEL_Turret_C:RangeOfDectection_Collider' ref from Metadata '/Game/Turret/Turret.PackageMetaData'
[2019.11.11-03.43.03:680][107]LogMetaData: Removing '/Game/Kits/Turret/Turret.SKEL_Turret_C:Base' ref from Metadata '/Game/Turret/Turret.PackageMetaData'
[2019.11.11-03.43.03:681][107]LogMetaData: Removing '/Game/Kits/Turret/Turret.SKEL_Turret_C:Gun' ref from Metadata '/Game/Turret/Turret.PackageMetaData'
[2019.11.11-03.43.03:682][107]LogMetaData: Removing '/Game/Kits/Turret/Turret.SKEL_Turret_C:UserConstructionScript' ref from Metadata '/Game/Turret/Turret.PackageMetaData'
[2019.11.11-03.43.03:682][107]LogMetaData: Removing '/Game/Kits/Turret/Turret.SKEL_Turret_C:SetRange_Pitch.adjustedPitch' ref from Metadata '/Game/Turret/Turret.PackageMetaData'
[2019.11.11-03.43.03:683][107]LogMetaData: Removing '/Game/Kits/Turret/Turret.SKEL_Turret_C:SetRange_Pitch' ref from Metadata '/Game/Turret/Turret.PackageMetaData'
[2019.11.11-03.43.03:683][107]LogMetaData: Removing '/Game/Kits/Turret/Turret.SKEL_Turret_C:SetRange_Yaw.adjustedYaw' ref from Metadata '/Game/Turret/Turret.PackageMetaData'
[2019.11.11-03.43.03:684][107]LogMetaData: Removing '/Game/Kits/Turret/Turret.SKEL_Turret_C:SetRange_Yaw' ref from Metadata '/Game/Turret/Turret.PackageMetaData'
[2019.11.11-03.43.03:685][107]LogMetaData: Removing '/Game/Kits/Turret/Turret.SKEL_Turret_C:SetRateOfTurn_Pitch.adjustedPitch' ref from Metadata '/Game/Turret/Turret.PackageMetaData'
[2019.11.11-03.43.03:686][107]LogMetaData: Removing '/Game/Kits/Turret/Turret.SKEL_Turret_C:SetRateOfTurn_Pitch' ref from Metadata '/Game/Turret/Turret.PackageMetaData'
[2019.11.11-03.43.03:687][107]LogMetaData: Removing '/Game/Kits/Turret/Turret.SKEL_Turret_C:SetRateOfTurn_Yaw.adjustedYaw' ref from Metadata '/Game/Turret/Turret.PackageMetaData'
[2019.11.11-03.43.03:687][107]LogMetaData: Removing '/Game/Kits/Turret/Turret.SKEL_Turret_C:SetRateOfTurn_Yaw' ref from Metadata '/Game/Turret/Turret.PackageMetaData'
[2019.11.11-03.43.03:688][107]LogMetaData: Removing '/Game/Kits/Turret/Turret.SKEL_Turret_C:RangeOfDetection' ref from Metadata '/Game/Turret/Turret.PackageMetaData'
[2019.11.11-03.43.03:689][107]LogMetaData: Removing '/Game/Kits/Turret/Turret.SKEL_Turret_C' ref from Metadata '/Game/Turret/Turret.PackageMetaData'
[2019.11.11-03.43.03:690][107]LogMetaData: Removing '/Game/Kits/Turret/Turret.Turret_C:waitTime' ref from Metadata '/Game/Turret/Turret.PackageMetaData'
[2019.11.11-03.43.03:690][107]LogMetaData: Removing '/Game/Kits/Turret/Turret.Turret_C:PossibleTargets' ref from Metadata '/Game/Turret/Turret.PackageMetaData'
[2019.11.11-03.43.03:691][107]LogMetaData: Removing '/Game/Kits/Turret/Turret.Turret_C:curTimeCount' ref from Metadata '/Game/Turret/Turret.PackageMetaData'
[2019.11.11-03.43.03:691][107]LogMetaData: Removing '/Game/Kits/Turret/Turret.Turret_C:curWaitTime' ref from Metadata '/Game/Turret/Turret.PackageMetaData'
[2019.11.11-03.43.03:692][107]LogMetaData: Removing '/Game/Kits/Turret/Turret.Turret_C:curTarget' ref from Metadata '/Game/Turret/Turret.PackageMetaData'
[2019.11.11-03.43.03:693][107]LogMetaData: Removing '/Game/Kits/Turret/Turret.Turret_C:RateOfChange' ref from Metadata '/Game/Turret/Turret.PackageMetaData'
[2019.11.11-03.43.03:693][107]LogMetaData: Removing '/Game/Kits/Turret/Turret.Turret_C:TargetVec' ref from Metadata '/Game/Turret/Turret.PackageMetaData'
[2019.11.11-03.43.03:694][107]LogMetaData: Removing '/Game/Kits/Turret/Turret.Turret_C:CurDirVec' ref from Metadata '/Game/Turret/Turret.PackageMetaData'
[2019.11.11-03.43.03:695][107]LogMetaData: Removing '/Game/Kits/Turret/Turret.Turret_C:Percision' ref from Metadata '/Game/Turret/Turret.PackageMetaData'
[2019.11.11-03.43.03:695][107]LogMetaData: Removing '/Game/Kits/Turret/Turret.Turret_C:Damage' ref from Metadata '/Game/Turret/Turret.PackageMetaData'
[2019.11.11-03.43.03:696][107]LogMetaData: Removing '/Game/Kits/Turret/Turret.Turret_C:RateOfFire' ref from Metadata '/Game/Turret/Turret.PackageMetaData'
[2019.11.11-03.43.03:696][107]LogMetaData: Removing '/Game/Kits/Turret/Turret.Turret_C:RangeOfDectection' ref from Metadata '/Game/Turret/Turret.PackageMetaData'
[2019.11.11-03.43.03:697][107]LogMetaData: Removing '/Game/Kits/Turret/Turret.Turret_C:RateOfTurn' ref from Metadata '/Game/Turret/Turret.PackageMetaData'
[2019.11.11-03.43.03:698][107]LogMetaData: Removing '/Game/Kits/Turret/Turret.Turret_C:RangeOfView' ref from Metadata '/Game/Turret/Turret.PackageMetaData'
[2019.11.11-03.43.03:698][107]LogMetaData: Removing '/Game/Kits/Turret/Turret.Turret_C:DefaultSceneRoot' ref from Metadata '/Game/Turret/Turret.PackageMetaData'
[2019.11.11-03.43.03:699][107]LogMetaData: Removing '/Game/Kits/Turret/Turret.Turret_C:RangeOfDectection_Collider' ref from Metadata '/Game/Turret/Turret.PackageMetaData'
[2019.11.11-03.43.03:699][107]LogMetaData: Removing '/Game/Kits/Turret/Turret.Turret_C:Base' ref from Metadata '/Game/Turret/Turret.PackageMetaData'
[2019.11.11-03.43.03:700][107]LogMetaData: Removing '/Game/Kits/Turret/Turret.Turret_C:Gun' ref from Metadata '/Game/Turret/Turret.PackageMetaData'
[2019.11.11-03.43.03:700][107]LogMetaData: Removing '/Game/Kits/Turret/Turret.Turret_C:ReceiveTick' ref from Metadata '/Game/Turret/Turret.PackageMetaData'
[2019.11.11-03.43.03:701][107]LogMetaData: Removing '/Game/Kits/Turret/Turret.Turret_C:ReceiveActorEndOverlap' ref from Metadata '/Game/Turret/Turret.PackageMetaData'
[2019.11.11-03.43.03:701][107]LogMetaData: Removing '/Game/Kits/Turret/Turret.Turret_C:ReceiveActorBeginOverlap' ref from Metadata '/Game/Turret/Turret.PackageMetaData'
[2019.11.11-03.43.03:702][107]LogMetaData: Removing '/Game/Kits/Turret/Turret.Turret_C:SetRange_Pitch' ref from Metadata '/Game/Turret/Turret.PackageMetaData'
[2019.11.11-03.43.03:702][107]LogMetaData: Removing '/Game/Kits/Turret/Turret.Turret_C:SetRange_Yaw' ref from Metadata '/Game/Turret/Turret.PackageMetaData'
[2019.11.11-03.43.03:703][107]LogMetaData: Removing '/Game/Kits/Turret/Turret.Turret_C:SetRange_Pitch.adjustedPitch' ref from Metadata '/Game/Turret/Turret.PackageMetaData'
[2019.11.11-03.43.03:703][107]LogMetaData: Removing '/Game/Kits/Turret/Turret.Turret_C:SetRange_Yaw.adjustedYaw' ref from Metadata '/Game/Turret/Turret.PackageMetaData'
[2019.11.11-03.43.03:704][107]LogMetaData: Removing '/Game/Kits/Turret/Turret.Turret_C:SetRateOfTurn_Pitch.adjustedPitch' ref from Metadata '/Game/Turret/Turret.PackageMetaData'
[2019.11.11-03.43.03:704][107]LogMetaData: Removing '/Game/Kits/Turret/Turret.Turret_C:SetRateOfTurn_Yaw.adjustedYaw' ref from Metadata '/Game/Turret/Turret.PackageMetaData'
[2019.11.11-03.43.03:705][107]LogMetaData: Removing '/Game/Kits/Turret/Turret.Turret_C:SetRateOfTurn_Pitch' ref from Metadata '/Game/Turret/Turret.PackageMetaData'
[2019.11.11-03.43.03:705][107]LogMetaData: Removing '/Game/Kits/Turret/Turret.Turret_C:SetRateOfTurn_Yaw' ref from Metadata '/Game/Turret/Turret.PackageMetaData'
[2019.11.11-03.43.03:706][107]LogMetaData: Removing '/Game/Kits/Turret/Turret.Turret_C:RangeOfDetection' ref from Metadata '/Game/Turret/Turret.PackageMetaData'
[2019.11.11-03.43.03:771][107]LogMetaData: Removing '/Game/Kits/Turret/Turret1.Turret1_C' ref from Metadata '/Game/Turret/Turret1.PackageMetaData'
[2019.11.11-03.43.03:772][107]LogMetaData: Removing '/Game/Kits/Turret/Turret1.SKEL_Turret1_C:ReceiveTick' ref from Metadata '/Game/Turret/Turret1.PackageMetaData'
[2019.11.11-03.43.03:773][107]LogMetaData: Removing '/Game/Kits/Turret/Turret1.SKEL_Turret1_C:waitTime' ref from Metadata '/Game/Turret/Turret1.PackageMetaData'
[2019.11.11-03.43.03:774][107]LogMetaData: Removing '/Game/Kits/Turret/Turret1.SKEL_Turret1_C:PossibleTargets' ref from Metadata '/Game/Turret/Turret1.PackageMetaData'
[2019.11.11-03.43.03:775][107]LogMetaData: Removing '/Game/Kits/Turret/Turret1.SKEL_Turret1_C:curTimeCount' ref from Metadata '/Game/Turret/Turret1.PackageMetaData'
[2019.11.11-03.43.03:775][107]LogMetaData: Removing '/Game/Kits/Turret/Turret1.SKEL_Turret1_C:curWaitTime' ref from Metadata '/Game/Turret/Turret1.PackageMetaData'
[2019.11.11-03.43.03:776][107]LogMetaData: Removing '/Game/Kits/Turret/Turret1.SKEL_Turret1_C:curTarget' ref from Metadata '/Game/Turret/Turret1.PackageMetaData'
[2019.11.11-03.43.03:777][107]LogMetaData: Removing '/Game/Kits/Turret/Turret1.SKEL_Turret1_C:RateOfChange' ref from Metadata '/Game/Turret/Turret1.PackageMetaData'
[2019.11.11-03.43.03:777][107]LogMetaData: Removing '/Game/Kits/Turret/Turret1.SKEL_Turret1_C:Percision' ref from Metadata '/Game/Turret/Turret1.PackageMetaData'
[2019.11.11-03.43.03:778][107]LogMetaData: Removing '/Game/Kits/Turret/Turret1.SKEL_Turret1_C:Damage' ref from Metadata '/Game/Turret/Turret1.PackageMetaData'
[2019.11.11-03.43.03:779][107]LogMetaData: Removing '/Game/Kits/Turret/Turret1.SKEL_Turret1_C:RateOfFire' ref from Metadata '/Game/Turret/Turret1.PackageMetaData'
[2019.11.11-03.43.03:781][107]LogMetaData: Removing '/Game/Kits/Turret/Turret1.SKEL_Turret1_C:RangeOfDectection' ref from Metadata '/Game/Turret/Turret1.PackageMetaData'
[2019.11.11-03.43.03:782][107]LogMetaData: Removing '/Game/Kits/Turret/Turret1.SKEL_Turret1_C:RelativeOffset' ref from Metadata '/Game/Turret/Turret1.PackageMetaData'
[2019.11.11-03.43.03:783][107]LogMetaData: Removing '/Game/Kits/Turret/Turret1.SKEL_Turret1_C:CurDirVec' ref from Metadata '/Game/Turret/Turret1.PackageMetaData'
[2019.11.11-03.43.03:784][107]LogMetaData: Removing '/Game/Kits/Turret/Turret1.SKEL_Turret1_C:TargetVec' ref from Metadata '/Game/Turret/Turret1.PackageMetaData'
[2019.11.11-03.43.03:784][107]LogMetaData: Removing '/Game/Kits/Turret/Turret1.SKEL_Turret1_C:RateOfTurn' ref from Metadata '/Game/Turret/Turret1.PackageMetaData'
[2019.11.11-03.43.03:785][107]LogMetaData: Removing '/Game/Kits/Turret/Turret1.SKEL_Turret1_C:RangeOfView' ref from Metadata '/Game/Turret/Turret1.PackageMetaData'
[2019.11.11-03.43.03:786][107]LogMetaData: Removing '/Game/Kits/Turret/Turret1.SKEL_Turret1_C:DefaultSceneRoot' ref from Metadata '/Game/Turret/Turret1.PackageMetaData'
[2019.11.11-03.43.03:787][107]LogMetaData: Removing '/Game/Kits/Turret/Turret1.SKEL_Turret1_C:RangeOfDectection_Collider' ref from Metadata '/Game/Turret/Turret1.PackageMetaData'
[2019.11.11-03.43.03:788][107]LogMetaData: Removing '/Game/Kits/Turret/Turret1.SKEL_Turret1_C:Base' ref from Metadata '/Game/Turret/Turret1.PackageMetaData'
[2019.11.11-03.43.03:790][107]LogMetaData: Removing '/Game/Kits/Turret/Turret1.SKEL_Turret1_C:Gun' ref from Metadata '/Game/Turret/Turret1.PackageMetaData'
[2019.11.11-03.43.03:791][107]LogMetaData: Removing '/Game/Kits/Turret/Turret1.SKEL_Turret1_C:UserConstructionScript' ref from Metadata '/Game/Turret/Turret1.PackageMetaData'
[2019.11.11-03.43.03:792][107]LogMetaData: Removing '/Game/Kits/Turret/Turret1.SKEL_Turret1_C:SetRange_Pitch.adjustedPitch' ref from Metadata '/Game/Turret/Turret1.PackageMetaData'
[2019.11.11-03.43.03:794][107]LogMetaData: Removing '/Game/Kits/Turret/Turret1.SKEL_Turret1_C:SetRange_Pitch' ref from Metadata '/Game/Turret/Turret1.PackageMetaData'
[2019.11.11-03.43.03:795][107]LogMetaData: Removing '/Game/Kits/Turret/Turret1.SKEL_Turret1_C:SetRange_Yaw.adjustedYaw' ref from Metadata '/Game/Turret/Turret1.PackageMetaData'
[2019.11.11-03.43.03:796][107]LogMetaData: Removing '/Game/Kits/Turret/Turret1.SKEL_Turret1_C:SetRange_Yaw' ref from Metadata '/Game/Turret/Turret1.PackageMetaData'
[2019.11.11-03.43.03:796][107]LogMetaData: Removing '/Game/Kits/Turret/Turret1.SKEL_Turret1_C:SetRateOfTurn_Pitch.adjustedPitch' ref from Metadata '/Game/Turret/Turret1.PackageMetaData'
[2019.11.11-03.43.03:797][107]LogMetaData: Removing '/Game/Kits/Turret/Turret1.SKEL_Turret1_C:SetRateOfTurn_Pitch' ref from Metadata '/Game/Turret/Turret1.PackageMetaData'
[2019.11.11-03.43.03:798][107]LogMetaData: Removing '/Game/Kits/Turret/Turret1.SKEL_Turret1_C:SetRateOfTurn_Yaw.adjustedYaw' ref from Metadata '/Game/Turret/Turret1.PackageMetaData'
[2019.11.11-03.43.03:799][107]LogMetaData: Removing '/Game/Kits/Turret/Turret1.SKEL_Turret1_C:SetRateOfTurn_Yaw' ref from Metadata '/Game/Turret/Turret1.PackageMetaData'
[2019.11.11-03.43.03:800][107]LogMetaData: Removing '/Game/Kits/Turret/Turret1.SKEL_Turret1_C:RangeOfDetection' ref from Metadata '/Game/Turret/Turret1.PackageMetaData'
[2019.11.11-03.43.03:801][107]LogMetaData: Removing '/Game/Kits/Turret/Turret1.SKEL_Turret1_C' ref from Metadata '/Game/Turret/Turret1.PackageMetaData'
[2019.11.11-03.43.03:801][107]LogMetaData: Removing '/Game/Kits/Turret/Turret1.Turret1_C:waitTime' ref from Metadata '/Game/Turret/Turret1.PackageMetaData'
[2019.11.11-03.43.03:802][107]LogMetaData: Removing '/Game/Kits/Turret/Turret1.Turret1_C:PossibleTargets' ref from Metadata '/Game/Turret/Turret1.PackageMetaData'
[2019.11.11-03.43.03:803][107]LogMetaData: Removing '/Game/Kits/Turret/Turret1.Turret1_C:curTimeCount' ref from Metadata '/Game/Turret/Turret1.PackageMetaData'
[2019.11.11-03.43.03:804][107]LogMetaData: Removing '/Game/Kits/Turret/Turret1.Turret1_C:curWaitTime' ref from Metadata '/Game/Turret/Turret1.PackageMetaData'
[2019.11.11-03.43.03:805][107]LogMetaData: Removing '/Game/Kits/Turret/Turret1.Turret1_C:curTarget' ref from Metadata '/Game/Turret/Turret1.PackageMetaData'
[2019.11.11-03.43.03:805][107]LogMetaData: Removing '/Game/Kits/Turret/Turret1.Turret1_C:RateOfChange' ref from Metadata '/Game/Turret/Turret1.PackageMetaData'
[2019.11.11-03.43.03:806][107]LogMetaData: Removing '/Game/Kits/Turret/Turret1.Turret1_C:Percision' ref from Metadata '/Game/Turret/Turret1.PackageMetaData'
[2019.11.11-03.43.03:807][107]LogMetaData: Removing '/Game/Kits/Turret/Turret1.Turret1_C:Damage' ref from Metadata '/Game/Turret/Turret1.PackageMetaData'
[2019.11.11-03.43.03:807][107]LogMetaData: Removing '/Game/Kits/Turret/Turret1.Turret1_C:RateOfFire' ref from Metadata '/Game/Turret/Turret1.PackageMetaData'
[2019.11.11-03.43.03:808][107]LogMetaData: Removing '/Game/Kits/Turret/Turret1.Turret1_C:RangeOfDectection' ref from Metadata '/Game/Turret/Turret1.PackageMetaData'
[2019.11.11-03.43.03:809][107]LogMetaData: Removing '/Game/Kits/Turret/Turret1.Turret1_C:RelativeOffset' ref from Metadata '/Game/Turret/Turret1.PackageMetaData'
[2019.11.11-03.43.03:809][107]LogMetaData: Removing '/Game/Kits/Turret/Turret1.Turret1_C:CurDirVec' ref from Metadata '/Game/Turret/Turret1.PackageMetaData'
[2019.11.11-03.43.03:810][107]LogMetaData: Removing '/Game/Kits/Turret/Turret1.Turret1_C:TargetVec' ref from Metadata '/Game/Turret/Turret1.PackageMetaData'
[2019.11.11-03.43.03:811][107]LogMetaData: Removing '/Game/Kits/Turret/Turret1.Turret1_C:RateOfTurn' ref from Metadata '/Game/Turret/Turret1.PackageMetaData'
[2019.11.11-03.43.03:811][107]LogMetaData: Removing '/Game/Kits/Turret/Turret1.Turret1_C:RangeOfView' ref from Metadata '/Game/Turret/Turret1.PackageMetaData'
[2019.11.11-03.43.03:812][107]LogMetaData: Removing '/Game/Kits/Turret/Turret1.Turret1_C:DefaultSceneRoot' ref from Metadata '/Game/Turret/Turret1.PackageMetaData'
[2019.11.11-03.43.03:813][107]LogMetaData: Removing '/Game/Kits/Turret/Turret1.Turret1_C:RangeOfDectection_Collider' ref from Metadata '/Game/Turret/Turret1.PackageMetaData'
[2019.11.11-03.43.03:815][107]LogMetaData: Removing '/Game/Kits/Turret/Turret1.Turret1_C:Base' ref from Metadata '/Game/Turret/Turret1.PackageMetaData'
[2019.11.11-03.43.03:816][107]LogMetaData: Removing '/Game/Kits/Turret/Turret1.Turret1_C:Gun' ref from Metadata '/Game/Turret/Turret1.PackageMetaData'
[2019.11.11-03.43.03:817][107]LogMetaData: Removing '/Game/Kits/Turret/Turret1.Turret1_C:ReceiveTick' ref from Metadata '/Game/Turret/Turret1.PackageMetaData'
[2019.11.11-03.43.03:818][107]LogMetaData: Removing '/Game/Kits/Turret/Turret1.Turret1_C:UserConstructionScript' ref from Metadata '/Game/Turret/Turret1.PackageMetaData'
[2019.11.11-03.43.03:819][107]LogMetaData: Removing '/Game/Kits/Turret/Turret1.Turret1_C:SetRange_Pitch' ref from Metadata '/Game/Turret/Turret1.PackageMetaData'
[2019.11.11-03.43.03:820][107]LogMetaData: Removing '/Game/Kits/Turret/Turret1.Turret1_C:SetRange_Yaw' ref from Metadata '/Game/Turret/Turret1.PackageMetaData'
[2019.11.11-03.43.03:820][107]LogMetaData: Removing '/Game/Kits/Turret/Turret1.Turret1_C:SetRange_Pitch.adjustedPitch' ref from Metadata '/Game/Turret/Turret1.PackageMetaData'
[2019.11.11-03.43.03:821][107]LogMetaData: Removing '/Game/Kits/Turret/Turret1.Turret1_C:SetRange_Yaw.adjustedYaw' ref from Metadata '/Game/Turret/Turret1.PackageMetaData'
[2019.11.11-03.43.03:822][107]LogMetaData: Removing '/Game/Kits/Turret/Turret1.Turret1_C:SetRateOfTurn_Pitch.adjustedPitch' ref from Metadata '/Game/Turret/Turret1.PackageMetaData'
[2019.11.11-03.43.03:822][107]LogMetaData: Removing '/Game/Kits/Turret/Turret1.Turret1_C:SetRateOfTurn_Yaw.adjustedYaw' ref from Metadata '/Game/Turret/Turret1.PackageMetaData'
[2019.11.11-03.43.03:823][107]LogMetaData: Removing '/Game/Kits/Turret/Turret1.Turret1_C:SetRateOfTurn_Pitch' ref from Metadata '/Game/Turret/Turret1.PackageMetaData'
[2019.11.11-03.43.03:824][107]LogMetaData: Removing '/Game/Kits/Turret/Turret1.Turret1_C:SetRateOfTurn_Yaw' ref from Metadata '/Game/Turret/Turret1.PackageMetaData'
[2019.11.11-03.43.03:824][107]LogMetaData: Removing '/Game/Kits/Turret/Turret1.Turret1_C:RangeOfDetection' ref from Metadata '/Game/Turret/Turret1.PackageMetaData'
[2019.11.11-03.43.03:888][107]LogMetaData: Removing '/Game/Kits/Turret/Turret2.Turret2_C' ref from Metadata '/Game/Turret/Turret2.PackageMetaData'
[2019.11.11-03.43.03:889][107]LogMetaData: Removing '/Game/Kits/Turret/Turret2.SKEL_Turret2_C:ReceiveBeginPlay' ref from Metadata '/Game/Turret/Turret2.PackageMetaData'
[2019.11.11-03.43.03:890][107]LogMetaData: Removing '/Game/Kits/Turret/Turret2.SKEL_Turret2_C:RateOfChange' ref from Metadata '/Game/Turret/Turret2.PackageMetaData'
[2019.11.11-03.43.03:891][107]LogMetaData: Removing '/Game/Kits/Turret/Turret2.SKEL_Turret2_C:RangeOfDectection' ref from Metadata '/Game/Turret/Turret2.PackageMetaData'
[2019.11.11-03.43.03:892][107]LogMetaData: Removing '/Game/Kits/Turret/Turret2.SKEL_Turret2_C:RelativeOffset' ref from Metadata '/Game/Turret/Turret2.PackageMetaData'
[2019.11.11-03.43.03:892][107]LogMetaData: Removing '/Game/Kits/Turret/Turret2.SKEL_Turret2_C:CurDirVec' ref from Metadata '/Game/Turret/Turret2.PackageMetaData'
[2019.11.11-03.43.03:893][107]LogMetaData: Removing '/Game/Kits/Turret/Turret2.SKEL_Turret2_C:TargetVec' ref from Metadata '/Game/Turret/Turret2.PackageMetaData'
[2019.11.11-03.43.03:894][107]LogMetaData: Removing '/Game/Kits/Turret/Turret2.SKEL_Turret2_C:RateOfTurn' ref from Metadata '/Game/Turret/Turret2.PackageMetaData'
[2019.11.11-03.43.03:895][107]LogMetaData: Removing '/Game/Kits/Turret/Turret2.SKEL_Turret2_C:RangeOfView' ref from Metadata '/Game/Turret/Turret2.PackageMetaData'
[2019.11.11-03.43.03:896][107]LogMetaData: Removing '/Game/Kits/Turret/Turret2.SKEL_Turret2_C:DefaultSceneRoot' ref from Metadata '/Game/Turret/Turret2.PackageMetaData'
[2019.11.11-03.43.03:896][107]LogMetaData: Removing '/Game/Kits/Turret/Turret2.SKEL_Turret2_C:RangeOfDectection_Collider' ref from Metadata '/Game/Turret/Turret2.PackageMetaData'
[2019.11.11-03.43.03:897][107]LogMetaData: Removing '/Game/Kits/Turret/Turret2.SKEL_Turret2_C:Base' ref from Metadata '/Game/Turret/Turret2.PackageMetaData'
[2019.11.11-03.43.03:898][107]LogMetaData: Removing '/Game/Kits/Turret/Turret2.SKEL_Turret2_C:Gun' ref from Metadata '/Game/Turret/Turret2.PackageMetaData'
[2019.11.11-03.43.03:899][107]LogMetaData: Removing '/Game/Kits/Turret/Turret2.SKEL_Turret2_C:UserConstructionScript' ref from Metadata '/Game/Turret/Turret2.PackageMetaData'
[2019.11.11-03.43.03:900][107]LogMetaData: Removing '/Game/Kits/Turret/Turret2.SKEL_Turret2_C:SetRange_Pitch.adjustedPitch' ref from Metadata '/Game/Turret/Turret2.PackageMetaData'
[2019.11.11-03.43.03:900][107]LogMetaData: Removing '/Game/Kits/Turret/Turret2.SKEL_Turret2_C:SetRange_Pitch' ref from Metadata '/Game/Turret/Turret2.PackageMetaData'
[2019.11.11-03.43.03:901][107]LogMetaData: Removing '/Game/Kits/Turret/Turret2.SKEL_Turret2_C:SetRange_Yaw.adjustedYaw' ref from Metadata '/Game/Turret/Turret2.PackageMetaData'
[2019.11.11-03.43.03:902][107]LogMetaData: Removing '/Game/Kits/Turret/Turret2.SKEL_Turret2_C:SetRange_Yaw' ref from Metadata '/Game/Turret/Turret2.PackageMetaData'
[2019.11.11-03.43.03:902][107]LogMetaData: Removing '/Game/Kits/Turret/Turret2.SKEL_Turret2_C:SetRateOfTurn_Pitch.adjustedPitch' ref from Metadata '/Game/Turret/Turret2.PackageMetaData'
[2019.11.11-03.43.03:903][107]LogMetaData: Removing '/Game/Kits/Turret/Turret2.SKEL_Turret2_C:SetRateOfTurn_Pitch' ref from Metadata '/Game/Turret/Turret2.PackageMetaData'
[2019.11.11-03.43.03:903][107]LogMetaData: Removing '/Game/Kits/Turret/Turret2.SKEL_Turret2_C:SetRateOfTurn_Yaw.adjustedYaw' ref from Metadata '/Game/Turret/Turret2.PackageMetaData'
[2019.11.11-03.43.03:904][107]LogMetaData: Removing '/Game/Kits/Turret/Turret2.SKEL_Turret2_C:SetRateOfTurn_Yaw' ref from Metadata '/Game/Turret/Turret2.PackageMetaData'
[2019.11.11-03.43.03:905][107]LogMetaData: Removing '/Game/Kits/Turret/Turret2.SKEL_Turret2_C:RangeOfDetection' ref from Metadata '/Game/Turret/Turret2.PackageMetaData'
[2019.11.11-03.43.03:906][107]LogMetaData: Removing '/Game/Kits/Turret/Turret2.SKEL_Turret2_C' ref from Metadata '/Game/Turret/Turret2.PackageMetaData'
[2019.11.11-03.43.03:906][107]LogMetaData: Removing '/Game/Kits/Turret/Turret2.Turret2_C:RateOfChange' ref from Metadata '/Game/Turret/Turret2.PackageMetaData'
[2019.11.11-03.43.03:907][107]LogMetaData: Removing '/Game/Kits/Turret/Turret2.Turret2_C:RangeOfDectection' ref from Metadata '/Game/Turret/Turret2.PackageMetaData'
[2019.11.11-03.43.03:907][107]LogMetaData: Removing '/Game/Kits/Turret/Turret2.Turret2_C:RelativeOffset' ref from Metadata '/Game/Turret/Turret2.PackageMetaData'
[2019.11.11-03.43.03:908][107]LogMetaData: Removing '/Game/Kits/Turret/Turret2.Turret2_C:CurDirVec' ref from Metadata '/Game/Turret/Turret2.PackageMetaData'
[2019.11.11-03.43.03:909][107]LogMetaData: Removing '/Game/Kits/Turret/Turret2.Turret2_C:TargetVec' ref from Metadata '/Game/Turret/Turret2.PackageMetaData'
[2019.11.11-03.43.03:910][107]LogMetaData: Removing '/Game/Kits/Turret/Turret2.Turret2_C:RateOfTurn' ref from Metadata '/Game/Turret/Turret2.PackageMetaData'
[2019.11.11-03.43.03:910][107]LogMetaData: Removing '/Game/Kits/Turret/Turret2.Turret2_C:RangeOfView' ref from Metadata '/Game/Turret/Turret2.PackageMetaData'
[2019.11.11-03.43.03:911][107]LogMetaData: Removing '/Game/Kits/Turret/Turret2.Turret2_C:DefaultSceneRoot' ref from Metadata '/Game/Turret/Turret2.PackageMetaData'
[2019.11.11-03.43.03:912][107]LogMetaData: Removing '/Game/Kits/Turret/Turret2.Turret2_C:RangeOfDectection_Collider' ref from Metadata '/Game/Turret/Turret2.PackageMetaData'
[2019.11.11-03.43.03:912][107]LogMetaData: Removing '/Game/Kits/Turret/Turret2.Turret2_C:Base' ref from Metadata '/Game/Turret/Turret2.PackageMetaData'
[2019.11.11-03.43.03:913][107]LogMetaData: Removing '/Game/Kits/Turret/Turret2.Turret2_C:Gun' ref from Metadata '/Game/Turret/Turret2.PackageMetaData'
[2019.11.11-03.43.03:914][107]LogMetaData: Removing '/Game/Kits/Turret/Turret2.Turret2_C:ReceiveBeginPlay' ref from Metadata '/Game/Turret/Turret2.PackageMetaData'
[2019.11.11-03.43.03:915][107]LogMetaData: Removing '/Game/Kits/Turret/Turret2.Turret2_C:UserConstructionScript' ref from Metadata '/Game/Turret/Turret2.PackageMetaData'
[2019.11.11-03.43.03:916][107]LogMetaData: Removing '/Game/Kits/Turret/Turret2.Turret2_C:SetRange_Pitch' ref from Metadata '/Game/Turret/Turret2.PackageMetaData'
[2019.11.11-03.43.03:917][107]LogMetaData: Removing '/Game/Kits/Turret/Turret2.Turret2_C:SetRange_Yaw' ref from Metadata '/Game/Turret/Turret2.PackageMetaData'
[2019.11.11-03.43.03:919][107]LogMetaData: Removing '/Game/Kits/Turret/Turret2.Turret2_C:SetRange_Pitch.adjustedPitch' ref from Metadata '/Game/Turret/Turret2.PackageMetaData'
[2019.11.11-03.43.03:920][107]LogMetaData: Removing '/Game/Kits/Turret/Turret2.Turret2_C:SetRange_Yaw.adjustedYaw' ref from Metadata '/Game/Turret/Turret2.PackageMetaData'
[2019.11.11-03.43.03:920][107]LogMetaData: Removing '/Game/Kits/Turret/Turret2.Turret2_C:SetRateOfTurn_Pitch.adjustedPitch' ref from Metadata '/Game/Turret/Turret2.PackageMetaData'
[2019.11.11-03.43.03:921][107]LogMetaData: Removing '/Game/Kits/Turret/Turret2.Turret2_C:SetRateOfTurn_Yaw.adjustedYaw' ref from Metadata '/Game/Turret/Turret2.PackageMetaData'
[2019.11.11-03.43.03:922][107]LogMetaData: Removing '/Game/Kits/Turret/Turret2.Turret2_C:SetRateOfTurn_Pitch' ref from Metadata '/Game/Turret/Turret2.PackageMetaData'
[2019.11.11-03.43.03:922][107]LogMetaData: Removing '/Game/Kits/Turret/Turret2.Turret2_C:SetRateOfTurn_Yaw' ref from Metadata '/Game/Turret/Turret2.PackageMetaData'
[2019.11.11-03.43.03:923][107]LogMetaData: Removing '/Game/Kits/Turret/Turret2.Turret2_C:RangeOfDetection' ref from Metadata '/Game/Turret/Turret2.PackageMetaData'
[2019.11.11-03.43.03:971][107]LogMetaData: Removing '/Game/Kits/Turret/Turret3.Turret3_C' ref from Metadata '/Game/Turret/Turret3.PackageMetaData'
[2019.11.11-03.43.03:971][107]LogMetaData: Removing '/Game/Kits/Turret/Turret3.SKEL_Turret3_C:ReceiveBeginPlay' ref from Metadata '/Game/Turret/Turret3.PackageMetaData'
[2019.11.11-03.43.03:972][107]LogMetaData: Removing '/Game/Kits/Turret/Turret3.SKEL_Turret3_C:ReceiveTick' ref from Metadata '/Game/Turret/Turret3.PackageMetaData'
[2019.11.11-03.43.03:973][107]LogMetaData: Removing '/Game/Kits/Turret/Turret3.SKEL_Turret3_C:isIdle' ref from Metadata '/Game/Turret/Turret3.PackageMetaData'
[2019.11.11-03.43.03:974][107]LogMetaData: Removing '/Game/Kits/Turret/Turret3.SKEL_Turret3_C:WaitTime' ref from Metadata '/Game/Turret/Turret3.PackageMetaData'
[2019.11.11-03.43.03:974][107]LogMetaData: Removing '/Game/Kits/Turret/Turret3.SKEL_Turret3_C:RateOfFire' ref from Metadata '/Game/Turret/Turret3.PackageMetaData'
[2019.11.11-03.43.03:975][107]LogMetaData: Removing '/Game/Kits/Turret/Turret3.SKEL_Turret3_C:DelayRate' ref from Metadata '/Game/Turret/Turret3.PackageMetaData'
[2019.11.11-03.43.03:976][107]LogMetaData: Removing '/Game/Kits/Turret/Turret3.SKEL_Turret3_C:RateOfChange' ref from Metadata '/Game/Turret/Turret3.PackageMetaData'
[2019.11.11-03.43.03:976][107]LogMetaData: Removing '/Game/Kits/Turret/Turret3.SKEL_Turret3_C:RangeOfDectection' ref from Metadata '/Game/Turret/Turret3.PackageMetaData'
[2019.11.11-03.43.03:977][107]LogMetaData: Removing '/Game/Kits/Turret/Turret3.SKEL_Turret3_C:RelativeOffset' ref from Metadata '/Game/Turret/Turret3.PackageMetaData'
[2019.11.11-03.43.03:978][107]LogMetaData: Removing '/Game/Kits/Turret/Turret3.SKEL_Turret3_C:CurDirVec' ref from Metadata '/Game/Turret/Turret3.PackageMetaData'
[2019.11.11-03.43.03:979][107]LogMetaData: Removing '/Game/Kits/Turret/Turret3.SKEL_Turret3_C:TargetVec' ref from Metadata '/Game/Turret/Turret3.PackageMetaData'
[2019.11.11-03.43.03:980][107]LogMetaData: Removing '/Game/Kits/Turret/Turret3.SKEL_Turret3_C:RateOfTurn' ref from Metadata '/Game/Turret/Turret3.PackageMetaData'
[2019.11.11-03.43.03:982][107]LogMetaData: Removing '/Game/Kits/Turret/Turret3.SKEL_Turret3_C:RangeOfView' ref from Metadata '/Game/Turret/Turret3.PackageMetaData'
[2019.11.11-03.43.03:982][107]LogMetaData: Removing '/Game/Kits/Turret/Turret3.SKEL_Turret3_C:DefaultSceneRoot' ref from Metadata '/Game/Turret/Turret3.PackageMetaData'
[2019.11.11-03.43.03:983][107]LogMetaData: Removing '/Game/Kits/Turret/Turret3.SKEL_Turret3_C:RangeOfDectection_Collider' ref from Metadata '/Game/Turret/Turret3.PackageMetaData'
[2019.11.11-03.43.03:984][107]LogMetaData: Removing '/Game/Kits/Turret/Turret3.SKEL_Turret3_C:Base' ref from Metadata '/Game/Turret/Turret3.PackageMetaData'
[2019.11.11-03.43.03:985][107]LogMetaData: Removing '/Game/Kits/Turret/Turret3.SKEL_Turret3_C:Gun' ref from Metadata '/Game/Turret/Turret3.PackageMetaData'
[2019.11.11-03.43.03:986][107]LogMetaData: Removing '/Game/Kits/Turret/Turret3.SKEL_Turret3_C:Muzzle' ref from Metadata '/Game/Turret/Turret3.PackageMetaData'
[2019.11.11-03.43.03:986][107]LogMetaData: Removing '/Game/Kits/Turret/Turret3.SKEL_Turret3_C:SpotLight' ref from Metadata '/Game/Turret/Turret3.PackageMetaData'
[2019.11.11-03.43.03:987][107]LogMetaData: Removing '/Game/Kits/Turret/Turret3.SKEL_Turret3_C:UserConstructionScript' ref from Metadata '/Game/Turret/Turret3.PackageMetaData'
[2019.11.11-03.43.03:988][107]LogMetaData: Removing '/Game/Kits/Turret/Turret3.SKEL_Turret3_C:SetRange_Pitch.adjustedPitch' ref from Metadata '/Game/Turret/Turret3.PackageMetaData'
[2019.11.11-03.43.03:988][107]LogMetaData: Removing '/Game/Kits/Turret/Turret3.SKEL_Turret3_C:SetRange_Pitch' ref from Metadata '/Game/Turret/Turret3.PackageMetaData'
[2019.11.11-03.43.03:989][107]LogMetaData: Removing '/Game/Kits/Turret/Turret3.SKEL_Turret3_C:SetRange_Yaw.adjustedYaw' ref from Metadata '/Game/Turret/Turret3.PackageMetaData'
[2019.11.11-03.43.03:990][107]LogMetaData: Removing '/Game/Kits/Turret/Turret3.SKEL_Turret3_C:SetRange_Yaw' ref from Metadata '/Game/Turret/Turret3.PackageMetaData'
[2019.11.11-03.43.03:990][107]LogMetaData: Removing '/Game/Kits/Turret/Turret3.SKEL_Turret3_C:SetRateOfTurn_Pitch.adjustedPitch' ref from Metadata '/Game/Turret/Turret3.PackageMetaData'
[2019.11.11-03.43.03:991][107]LogMetaData: Removing '/Game/Kits/Turret/Turret3.SKEL_Turret3_C:SetRateOfTurn_Pitch' ref from Metadata '/Game/Turret/Turret3.PackageMetaData'
[2019.11.11-03.43.03:991][107]LogMetaData: Removing '/Game/Kits/Turret/Turret3.SKEL_Turret3_C:SetRateOfTurn_Yaw.adjustedYaw' ref from Metadata '/Game/Turret/Turret3.PackageMetaData'
[2019.11.11-03.43.03:992][107]LogMetaData: Removing '/Game/Kits/Turret/Turret3.SKEL_Turret3_C:SetRateOfTurn_Yaw' ref from Metadata '/Game/Turret/Turret3.PackageMetaData'
[2019.11.11-03.43.03:992][107]LogMetaData: Removing '/Game/Kits/Turret/Turret3.SKEL_Turret3_C:RangeOfDetection' ref from Metadata '/Game/Turret/Turret3.PackageMetaData'
[2019.11.11-03.43.03:993][107]LogMetaData: Removing '/Game/Kits/Turret/Turret3.SKEL_Turret3_C' ref from Metadata '/Game/Turret/Turret3.PackageMetaData'
[2019.11.11-03.43.03:994][107]LogMetaData: Removing '/Game/Kits/Turret/Turret3.Turret3_C:isIdle' ref from Metadata '/Game/Turret/Turret3.PackageMetaData'
[2019.11.11-03.43.03:995][107]LogMetaData: Removing '/Game/Kits/Turret/Turret3.Turret3_C:WaitTime' ref from Metadata '/Game/Turret/Turret3.PackageMetaData'
[2019.11.11-03.43.03:996][107]LogMetaData: Removing '/Game/Kits/Turret/Turret3.Turret3_C:RateOfFire' ref from Metadata '/Game/Turret/Turret3.PackageMetaData'
[2019.11.11-03.43.03:996][107]LogMetaData: Removing '/Game/Kits/Turret/Turret3.Turret3_C:DelayRate' ref from Metadata '/Game/Turret/Turret3.PackageMetaData'
[2019.11.11-03.43.03:997][107]LogMetaData: Removing '/Game/Kits/Turret/Turret3.Turret3_C:RateOfChange' ref from Metadata '/Game/Turret/Turret3.PackageMetaData'
[2019.11.11-03.43.03:998][107]LogMetaData: Removing '/Game/Kits/Turret/Turret3.Turret3_C:RangeOfDectection' ref from Metadata '/Game/Turret/Turret3.PackageMetaData'
[2019.11.11-03.43.03:999][107]LogMetaData: Removing '/Game/Kits/Turret/Turret3.Turret3_C:RelativeOffset' ref from Metadata '/Game/Turret/Turret3.PackageMetaData'
[2019.11.11-03.43.03:999][107]LogMetaData: Removing '/Game/Kits/Turret/Turret3.Turret3_C:CurDirVec' ref from Metadata '/Game/Turret/Turret3.PackageMetaData'
[2019.11.11-03.43.04:000][107]LogMetaData: Removing '/Game/Kits/Turret/Turret3.Turret3_C:TargetVec' ref from Metadata '/Game/Turret/Turret3.PackageMetaData'
[2019.11.11-03.43.04:001][107]LogMetaData: Removing '/Game/Kits/Turret/Turret3.Turret3_C:RateOfTurn' ref from Metadata '/Game/Turret/Turret3.PackageMetaData'
[2019.11.11-03.43.04:002][107]LogMetaData: Removing '/Game/Kits/Turret/Turret3.Turret3_C:RangeOfView' ref from Metadata '/Game/Turret/Turret3.PackageMetaData'
[2019.11.11-03.43.04:002][107]LogMetaData: Removing '/Game/Kits/Turret/Turret3.Turret3_C:DefaultSceneRoot' ref from Metadata '/Game/Turret/Turret3.PackageMetaData'
[2019.11.11-03.43.04:003][107]LogMetaData: Removing '/Game/Kits/Turret/Turret3.Turret3_C:RangeOfDectection_Collider' ref from Metadata '/Game/Turret/Turret3.PackageMetaData'
[2019.11.11-03.43.04:003][107]LogMetaData: Removing '/Game/Kits/Turret/Turret3.Turret3_C:Base' ref from Metadata '/Game/Turret/Turret3.PackageMetaData'
[2019.11.11-03.43.04:004][107]LogMetaData: Removing '/Game/Kits/Turret/Turret3.Turret3_C:Gun' ref from Metadata '/Game/Turret/Turret3.PackageMetaData'
[2019.11.11-03.43.04:004][107]LogMetaData: Removing '/Game/Kits/Turret/Turret3.Turret3_C:Muzzle' ref from Metadata '/Game/Turret/Turret3.PackageMetaData'
[2019.11.11-03.43.04:005][107]LogMetaData: Removing '/Game/Kits/Turret/Turret3.Turret3_C:SpotLight' ref from Metadata '/Game/Turret/Turret3.PackageMetaData'
[2019.11.11-03.43.04:006][107]LogMetaData: Removing '/Game/Kits/Turret/Turret3.Turret3_C:ReceiveTick' ref from Metadata '/Game/Turret/Turret3.PackageMetaData'
[2019.11.11-03.43.04:006][107]LogMetaData: Removing '/Game/Kits/Turret/Turret3.Turret3_C:ReceiveBeginPlay' ref from Metadata '/Game/Turret/Turret3.PackageMetaData'
[2019.11.11-03.43.04:006][107]LogMetaData: Removing '/Game/Kits/Turret/Turret3.Turret3_C:UserConstructionScript' ref from Metadata '/Game/Turret/Turret3.PackageMetaData'
[2019.11.11-03.43.04:007][107]LogMetaData: Removing '/Game/Kits/Turret/Turret3.Turret3_C:SetRange_Pitch' ref from Metadata '/Game/Turret/Turret3.PackageMetaData'
[2019.11.11-03.43.04:007][107]LogMetaData: Removing '/Game/Kits/Turret/Turret3.Turret3_C:SetRange_Yaw' ref from Metadata '/Game/Turret/Turret3.PackageMetaData'
[2019.11.11-03.43.04:008][107]LogMetaData: Removing '/Game/Kits/Turret/Turret3.Turret3_C:SetRange_Pitch.adjustedPitch' ref from Metadata '/Game/Turret/Turret3.PackageMetaData'
[2019.11.11-03.43.04:009][107]LogMetaData: Removing '/Game/Kits/Turret/Turret3.Turret3_C:SetRange_Yaw.adjustedYaw' ref from Metadata '/Game/Turret/Turret3.PackageMetaData'
[2019.11.11-03.43.04:009][107]LogMetaData: Removing '/Game/Kits/Turret/Turret3.Turret3_C:SetRateOfTurn_Pitch.adjustedPitch' ref from Metadata '/Game/Turret/Turret3.PackageMetaData'
[2019.11.11-03.43.04:010][107]LogMetaData: Removing '/Game/Kits/Turret/Turret3.Turret3_C:SetRateOfTurn_Yaw.adjustedYaw' ref from Metadata '/Game/Turret/Turret3.PackageMetaData'
[2019.11.11-03.43.04:011][107]LogMetaData: Removing '/Game/Kits/Turret/Turret3.Turret3_C:SetRateOfTurn_Pitch' ref from Metadata '/Game/Turret/Turret3.PackageMetaData'
[2019.11.11-03.43.04:012][107]LogMetaData: Removing '/Game/Kits/Turret/Turret3.Turret3_C:SetRateOfTurn_Yaw' ref from Metadata '/Game/Turret/Turret3.PackageMetaData'
[2019.11.11-03.43.04:013][107]LogMetaData: Removing '/Game/Kits/Turret/Turret3.Turret3_C:RangeOfDetection' ref from Metadata '/Game/Turret/Turret3.PackageMetaData'
[2019.11.11-03.43.04:050][107]LogMetaData: Removing '/Game/Kits/Turret/Turret4.Turret4_C' ref from Metadata '/Game/Turret/Turret4.PackageMetaData'
[2019.11.11-03.43.04:050][107]LogMetaData: Removing '/Game/Kits/Turret/Turret4.Turret4:ProcessTurretDirection.K2Node_FunctionEntry_0' ref from Metadata '/Game/Turret/Turret4.PackageMetaData'
[2019.11.11-03.43.04:051][107]LogMetaData: Removing '/Game/Kits/Turret/Turret4.Turret4:SelectTurretDirection.K2Node_FunctionEntry_0' ref from Metadata '/Game/Turret/Turret4.PackageMetaData'
[2019.11.11-03.43.04:051][107]LogMetaData: Removing '/Game/Kits/Turret/Turret4.Turret4:DisplaceCurrent.K2Node_FunctionEntry_0' ref from Metadata '/Game/Turret/Turret4.PackageMetaData'
[2019.11.11-03.43.04:053][107]LogMetaData: Removing '/Game/Kits/Turret/Turret4.Turret4:DisplaceCurrent.K2Node_FunctionResult_0' ref from Metadata '/Game/Turret/Turret4.PackageMetaData'
[2019.11.11-03.43.04:053][107]LogMetaData: Removing '/Game/Kits/Turret/Turret4.Turret4:getRelativeOffset_Gun.K2Node_FunctionEntry_0' ref from Metadata '/Game/Turret/Turret4.PackageMetaData'
[2019.11.11-03.43.04:054][107]LogMetaData: Removing '/Game/Kits/Turret/Turret4.Turret4:ProcessTurretDirectionInfo.K2Node_FunctionEntry_0' ref from Metadata '/Game/Turret/Turret4.PackageMetaData'
[2019.11.11-03.43.04:055][107]LogMetaData: Removing '/Game/Kits/Turret/Turret4.Turret4:ProcessTurretDirectionInfo.K2Node_FunctionResult_0' ref from Metadata '/Game/Turret/Turret4.PackageMetaData'
[2019.11.11-03.43.04:055][107]LogMetaData: Removing '/Game/Kits/Turret/Turret4.SKEL_Turret4_C:ReceiveBeginPlay' ref from Metadata '/Game/Turret/Turret4.PackageMetaData'
[2019.11.11-03.43.04:056][107]LogMetaData: Removing '/Game/Kits/Turret/Turret4.SKEL_Turret4_C:ReceiveTick' ref from Metadata '/Game/Turret/Turret4.PackageMetaData'
[2019.11.11-03.43.04:056][107]LogMetaData: Removing '/Game/Kits/Turret/Turret4.SKEL_Turret4_C:turretDirectionIndex' ref from Metadata '/Game/Turret/Turret4.PackageMetaData'
[2019.11.11-03.43.04:057][107]LogMetaData: Removing '/Game/Kits/Turret/Turret4.SKEL_Turret4_C:turretDirection' ref from Metadata '/Game/Turret/Turret4.PackageMetaData'
[2019.11.11-03.43.04:057][107]LogMetaData: Removing '/Game/Kits/Turret/Turret4.SKEL_Turret4_C:isIdle' ref from Metadata '/Game/Turret/Turret4.PackageMetaData'
[2019.11.11-03.43.04:057][107]LogMetaData: Removing '/Game/Kits/Turret/Turret4.SKEL_Turret4_C:WaitTime' ref from Metadata '/Game/Turret/Turret4.PackageMetaData'
[2019.11.11-03.43.04:058][107]LogMetaData: Removing '/Game/Kits/Turret/Turret4.SKEL_Turret4_C:RateOfFire' ref from Metadata '/Game/Turret/Turret4.PackageMetaData'
[2019.11.11-03.43.04:058][107]LogMetaData: Removing '/Game/Kits/Turret/Turret4.SKEL_Turret4_C:DelayRate' ref from Metadata '/Game/Turret/Turret4.PackageMetaData'
[2019.11.11-03.43.04:059][107]LogMetaData: Removing '/Game/Kits/Turret/Turret4.SKEL_Turret4_C:RateOfChange' ref from Metadata '/Game/Turret/Turret4.PackageMetaData'
[2019.11.11-03.43.04:059][107]LogMetaData: Removing '/Game/Kits/Turret/Turret4.SKEL_Turret4_C:RangeOfDectection' ref from Metadata '/Game/Turret/Turret4.PackageMetaData'
[2019.11.11-03.43.04:060][107]LogMetaData: Removing '/Game/Kits/Turret/Turret4.SKEL_Turret4_C:RelativeOffset' ref from Metadata '/Game/Turret/Turret4.PackageMetaData'
[2019.11.11-03.43.04:060][107]LogMetaData: Removing '/Game/Kits/Turret/Turret4.SKEL_Turret4_C:CurDirVec' ref from Metadata '/Game/Turret/Turret4.PackageMetaData'
[2019.11.11-03.43.04:060][107]LogMetaData: Removing '/Game/Kits/Turret/Turret4.SKEL_Turret4_C:TargetVec' ref from Metadata '/Game/Turret/Turret4.PackageMetaData'
[2019.11.11-03.43.04:061][107]LogMetaData: Removing '/Game/Kits/Turret/Turret4.SKEL_Turret4_C:RateOfTurn' ref from Metadata '/Game/Turret/Turret4.PackageMetaData'
[2019.11.11-03.43.04:063][107]LogMetaData: Removing '/Game/Kits/Turret/Turret4.SKEL_Turret4_C:RangeOfView' ref from Metadata '/Game/Turret/Turret4.PackageMetaData'
[2019.11.11-03.43.04:064][107]LogMetaData: Removing '/Game/Kits/Turret/Turret4.SKEL_Turret4_C:DefaultSceneRoot' ref from Metadata '/Game/Turret/Turret4.PackageMetaData'
[2019.11.11-03.43.04:065][107]LogMetaData: Removing '/Game/Kits/Turret/Turret4.SKEL_Turret4_C:RangeOfDectection_Collider' ref from Metadata '/Game/Turret/Turret4.PackageMetaData'
[2019.11.11-03.43.04:066][107]LogMetaData: Removing '/Game/Kits/Turret/Turret4.SKEL_Turret4_C:Base' ref from Metadata '/Game/Turret/Turret4.PackageMetaData'
[2019.11.11-03.43.04:066][107]LogMetaData: Removing '/Game/Kits/Turret/Turret4.SKEL_Turret4_C:Gun' ref from Metadata '/Game/Turret/Turret4.PackageMetaData'
[2019.11.11-03.43.04:066][107]LogMetaData: Removing '/Game/Kits/Turret/Turret4.SKEL_Turret4_C:Muzzle' ref from Metadata '/Game/Turret/Turret4.PackageMetaData'
[2019.11.11-03.43.04:067][107]LogMetaData: Removing '/Game/Kits/Turret/Turret4.SKEL_Turret4_C:SpotLight' ref from Metadata '/Game/Turret/Turret4.PackageMetaData'
[2019.11.11-03.43.04:067][107]LogMetaData: Removing '/Game/Kits/Turret/Turret4.SKEL_Turret4_C:UserConstructionScript' ref from Metadata '/Game/Turret/Turret4.PackageMetaData'
[2019.11.11-03.43.04:068][107]LogMetaData: Removing '/Game/Kits/Turret/Turret4.SKEL_Turret4_C:SetRange_Pitch.adjustedPitch' ref from Metadata '/Game/Turret/Turret4.PackageMetaData'
[2019.11.11-03.43.04:068][107]LogMetaData: Removing '/Game/Kits/Turret/Turret4.SKEL_Turret4_C:SetRange_Pitch' ref from Metadata '/Game/Turret/Turret4.PackageMetaData'
[2019.11.11-03.43.04:069][107]LogMetaData: Removing '/Game/Kits/Turret/Turret4.SKEL_Turret4_C:SetRange_Yaw.adjustedYaw' ref from Metadata '/Game/Turret/Turret4.PackageMetaData'
[2019.11.11-03.43.04:070][107]LogMetaData: Removing '/Game/Kits/Turret/Turret4.SKEL_Turret4_C:SetRange_Yaw' ref from Metadata '/Game/Turret/Turret4.PackageMetaData'
[2019.11.11-03.43.04:070][107]LogMetaData: Removing '/Game/Kits/Turret/Turret4.SKEL_Turret4_C:SetRateOfTurn_Pitch.adjustedPitch' ref from Metadata '/Game/Turret/Turret4.PackageMetaData'
[2019.11.11-03.43.04:071][107]LogMetaData: Removing '/Game/Kits/Turret/Turret4.SKEL_Turret4_C:SetRateOfTurn_Pitch' ref from Metadata '/Game/Turret/Turret4.PackageMetaData'
[2019.11.11-03.43.04:072][107]LogMetaData: Removing '/Game/Kits/Turret/Turret4.SKEL_Turret4_C:SetRateOfTurn_Yaw.adjustedYaw' ref from Metadata '/Game/Turret/Turret4.PackageMetaData'
[2019.11.11-03.43.04:072][107]LogMetaData: Removing '/Game/Kits/Turret/Turret4.SKEL_Turret4_C:SetRateOfTurn_Yaw' ref from Metadata '/Game/Turret/Turret4.PackageMetaData'
[2019.11.11-03.43.04:073][107]LogMetaData: Removing '/Game/Kits/Turret/Turret4.SKEL_Turret4_C:RangeOfDetection' ref from Metadata '/Game/Turret/Turret4.PackageMetaData'
[2019.11.11-03.43.04:074][107]LogMetaData: Removing '/Game/Kits/Turret/Turret4.SKEL_Turret4_C:ProcessTurretDirection' ref from Metadata '/Game/Turret/Turret4.PackageMetaData'
[2019.11.11-03.43.04:075][107]LogMetaData: Removing '/Game/Kits/Turret/Turret4.SKEL_Turret4_C:DisplaceCurrent' ref from Metadata '/Game/Turret/Turret4.PackageMetaData'
[2019.11.11-03.43.04:076][107]LogMetaData: Removing '/Game/Kits/Turret/Turret4.SKEL_Turret4_C:DisplaceCenter' ref from Metadata '/Game/Turret/Turret4.PackageMetaData'
[2019.11.11-03.43.04:076][107]LogMetaData: Removing '/Game/Kits/Turret/Turret4.SKEL_Turret4_C:ProcessTurretDirectionInfo.DeterminedVal' ref from Metadata '/Game/Turret/Turret4.PackageMetaData'
[2019.11.11-03.43.04:076][107]LogMetaData: Removing '/Game/Kits/Turret/Turret4.SKEL_Turret4_C:ProcessTurretDirectionInfo.ValueToSet' ref from Metadata '/Game/Turret/Turret4.PackageMetaData'
[2019.11.11-03.43.04:077][107]LogMetaData: Removing '/Game/Kits/Turret/Turret4.SKEL_Turret4_C:ProcessTurretDirectionInfo' ref from Metadata '/Game/Turret/Turret4.PackageMetaData'
[2019.11.11-03.43.04:078][107]LogMetaData: Removing '/Game/Kits/Turret/Turret4.SKEL_Turret4_C' ref from Metadata '/Game/Turret/Turret4.PackageMetaData'
[2019.11.11-03.43.04:078][107]LogMetaData: Removing '/Game/Kits/Turret/Turret4.Turret4_C:turretDirectionIndex' ref from Metadata '/Game/Turret/Turret4.PackageMetaData'
[2019.11.11-03.43.04:079][107]LogMetaData: Removing '/Game/Kits/Turret/Turret4.Turret4_C:turretDirection' ref from Metadata '/Game/Turret/Turret4.PackageMetaData'
[2019.11.11-03.43.04:080][107]LogMetaData: Removing '/Game/Kits/Turret/Turret4.Turret4_C:isIdle' ref from Metadata '/Game/Turret/Turret4.PackageMetaData'
[2019.11.11-03.43.04:080][107]LogMetaData: Removing '/Game/Kits/Turret/Turret4.Turret4_C:WaitTime' ref from Metadata '/Game/Turret/Turret4.PackageMetaData'
[2019.11.11-03.43.04:081][107]LogMetaData: Removing '/Game/Kits/Turret/Turret4.Turret4_C:RateOfFire' ref from Metadata '/Game/Turret/Turret4.PackageMetaData'
[2019.11.11-03.43.04:082][107]LogMetaData: Removing '/Game/Kits/Turret/Turret4.Turret4_C:DelayRate' ref from Metadata '/Game/Turret/Turret4.PackageMetaData'
[2019.11.11-03.43.04:082][107]LogMetaData: Removing '/Game/Kits/Turret/Turret4.Turret4_C:RateOfChange' ref from Metadata '/Game/Turret/Turret4.PackageMetaData'
[2019.11.11-03.43.04:083][107]LogMetaData: Removing '/Game/Kits/Turret/Turret4.Turret4_C:RangeOfDectection' ref from Metadata '/Game/Turret/Turret4.PackageMetaData'
[2019.11.11-03.43.04:083][107]LogMetaData: Removing '/Game/Kits/Turret/Turret4.Turret4_C:RelativeOffset' ref from Metadata '/Game/Turret/Turret4.PackageMetaData'
[2019.11.11-03.43.04:084][107]LogMetaData: Removing '/Game/Kits/Turret/Turret4.Turret4_C:CurDirVec' ref from Metadata '/Game/Turret/Turret4.PackageMetaData'
[2019.11.11-03.43.04:084][107]LogMetaData: Removing '/Game/Kits/Turret/Turret4.Turret4_C:TargetVec' ref from Metadata '/Game/Turret/Turret4.PackageMetaData'
[2019.11.11-03.43.04:085][107]LogMetaData: Removing '/Game/Kits/Turret/Turret4.Turret4_C:RateOfTurn' ref from Metadata '/Game/Turret/Turret4.PackageMetaData'
[2019.11.11-03.43.04:086][107]LogMetaData: Removing '/Game/Kits/Turret/Turret4.Turret4_C:RangeOfView' ref from Metadata '/Game/Turret/Turret4.PackageMetaData'
[2019.11.11-03.43.04:086][107]LogMetaData: Removing '/Game/Kits/Turret/Turret4.Turret4_C:DefaultSceneRoot' ref from Metadata '/Game/Turret/Turret4.PackageMetaData'
[2019.11.11-03.43.04:086][107]LogMetaData: Removing '/Game/Kits/Turret/Turret4.Turret4_C:RangeOfDectection_Collider' ref from Metadata '/Game/Turret/Turret4.PackageMetaData'
[2019.11.11-03.43.04:087][107]LogMetaData: Removing '/Game/Kits/Turret/Turret4.Turret4_C:Base' ref from Metadata '/Game/Turret/Turret4.PackageMetaData'
[2019.11.11-03.43.04:087][107]LogMetaData: Removing '/Game/Kits/Turret/Turret4.Turret4_C:Gun' ref from Metadata '/Game/Turret/Turret4.PackageMetaData'
[2019.11.11-03.43.04:088][107]LogMetaData: Removing '/Game/Kits/Turret/Turret4.Turret4_C:Muzzle' ref from Metadata '/Game/Turret/Turret4.PackageMetaData'
[2019.11.11-03.43.04:088][107]LogMetaData: Removing '/Game/Kits/Turret/Turret4.Turret4_C:SpotLight' ref from Metadata '/Game/Turret/Turret4.PackageMetaData'
[2019.11.11-03.43.04:089][107]LogMetaData: Removing '/Game/Kits/Turret/Turret4.Turret4_C:ReceiveTick' ref from Metadata '/Game/Turret/Turret4.PackageMetaData'
[2019.11.11-03.43.04:089][107]LogMetaData: Removing '/Game/Kits/Turret/Turret4.Turret4_C:ReceiveBeginPlay' ref from Metadata '/Game/Turret/Turret4.PackageMetaData'
[2019.11.11-03.43.04:090][107]LogMetaData: Removing '/Game/Kits/Turret/Turret4.Turret4_C:UserConstructionScript' ref from Metadata '/Game/Turret/Turret4.PackageMetaData'
[2019.11.11-03.43.04:090][107]LogMetaData: Removing '/Game/Kits/Turret/Turret4.Turret4_C:SetRange_Pitch' ref from Metadata '/Game/Turret/Turret4.PackageMetaData'
[2019.11.11-03.43.04:091][107]LogMetaData: Removing '/Game/Kits/Turret/Turret4.Turret4_C:SetRange_Yaw' ref from Metadata '/Game/Turret/Turret4.PackageMetaData'
[2019.11.11-03.43.04:091][107]LogMetaData: Removing '/Game/Kits/Turret/Turret4.Turret4_C:SetRange_Pitch.adjustedPitch' ref from Metadata '/Game/Turret/Turret4.PackageMetaData'
[2019.11.11-03.43.04:092][107]LogMetaData: Removing '/Game/Kits/Turret/Turret4.Turret4_C:SetRange_Yaw.adjustedYaw' ref from Metadata '/Game/Turret/Turret4.PackageMetaData'
[2019.11.11-03.43.04:092][107]LogMetaData: Removing '/Game/Kits/Turret/Turret4.Turret4_C:SetRateOfTurn_Pitch.adjustedPitch' ref from Metadata '/Game/Turret/Turret4.PackageMetaData'
[2019.11.11-03.43.04:093][107]LogMetaData: Removing '/Game/Kits/Turret/Turret4.Turret4_C:SetRateOfTurn_Yaw.adjustedYaw' ref from Metadata '/Game/Turret/Turret4.PackageMetaData'
[2019.11.11-03.43.04:093][107]LogMetaData: Removing '/Game/Kits/Turret/Turret4.Turret4_C:ProcessTurretDirectionInfo.ValueToSet' ref from Metadata '/Game/Turret/Turret4.PackageMetaData'
[2019.11.11-03.43.04:094][107]LogMetaData: Removing '/Game/Kits/Turret/Turret4.Turret4_C:ProcessTurretDirectionInfo.DeterminedVal' ref from Metadata '/Game/Turret/Turret4.PackageMetaData'
[2019.11.11-03.43.04:095][107]LogMetaData: Removing '/Game/Kits/Turret/Turret4.Turret4_C:SetRateOfTurn_Pitch' ref from Metadata '/Game/Turret/Turret4.PackageMetaData'
[2019.11.11-03.43.04:095][107]LogMetaData: Removing '/Game/Kits/Turret/Turret4.Turret4_C:SetRateOfTurn_Yaw' ref from Metadata '/Game/Turret/Turret4.PackageMetaData'
[2019.11.11-03.43.04:095][107]LogMetaData: Removing '/Game/Kits/Turret/Turret4.Turret4_C:RangeOfDetection' ref from Metadata '/Game/Turret/Turret4.PackageMetaData'
[2019.11.11-03.43.04:096][107]LogMetaData: Removing '/Game/Kits/Turret/Turret4.Turret4_C:ProcessTurretDirection' ref from Metadata '/Game/Turret/Turret4.PackageMetaData'
[2019.11.11-03.43.04:096][107]LogMetaData: Removing '/Game/Kits/Turret/Turret4.Turret4_C:DisplaceCurrent' ref from Metadata '/Game/Turret/Turret4.PackageMetaData'
[2019.11.11-03.43.04:097][107]LogMetaData: Removing '/Game/Kits/Turret/Turret4.Turret4_C:DisplaceCenter' ref from Metadata '/Game/Turret/Turret4.PackageMetaData'
[2019.11.11-03.43.04:097][107]LogMetaData: Removing '/Game/Kits/Turret/Turret4.Turret4_C:ProcessTurretDirectionInfo' ref from Metadata '/Game/Turret/Turret4.PackageMetaData'
[2019.11.11-03.43.04:231][107]Cmd: OBJ SAVEPACKAGE PACKAGE="/Game/Kits/Turret/Simple_Turret" FILE="C:/Users/danny/Desktop/Systems_Sandbox/Mechanics_Sandbox/Content/Kits/Turret/Simple_Turret.uasset" SILENT=true
[2019.11.11-03.43.04:470][107]LogSavePackage: Moving 'C:/Users/danny/Desktop/Systems_Sandbox/Mechanics_Sandbox/Saved/Simple_TurretA58EB7EA4835366BBBCE33AE6E81802C.tmp' to 'C:/Users/danny/Desktop/Systems_Sandbox/Mechanics_Sandbox/Content/Kits/Turret/Simple_Turret.uasset'
[2019.11.11-03.43.04:490][107]Cmd: OBJ SAVEPACKAGE PACKAGE="/Game/Turret/Simple_Turret" FILE="C:/Users/danny/Desktop/Systems_Sandbox/Mechanics_Sandbox/Content/Turret/Simple_Turret.uasset" SILENT=true
[2019.11.11-03.43.04:552][107]LogSavePackage: Moving 'C:/Users/danny/Desktop/Systems_Sandbox/Mechanics_Sandbox/Saved/Simple_TurretFA39A6D948752CF82773B289D64C2F0C.tmp' to 'C:/Users/danny/Desktop/Systems_Sandbox/Mechanics_Sandbox/Content/Turret/Simple_Turret.uasset'
[2019.11.11-03.43.04:570][107]Cmd: OBJ SAVEPACKAGE PACKAGE="/Game/Kits/Turret/TurretDirection_Mode" FILE="C:/Users/danny/Desktop/Systems_Sandbox/Mechanics_Sandbox/Content/Kits/Turret/TurretDirection_Mode.uasset" SILENT=true
[2019.11.11-03.43.04:601][107]LogSavePackage: Moving 'C:/Users/danny/Desktop/Systems_Sandbox/Mechanics_Sandbox/Saved/TurretDirection_ModeA3DE53F246E89C0BED20739687A60EE7.tmp' to 'C:/Users/danny/Desktop/Systems_Sandbox/Mechanics_Sandbox/Content/Kits/Turret/TurretDirection_Mode.uasset'
[2019.11.11-03.43.04:628][107]Cmd: OBJ SAVEPACKAGE PACKAGE="/Game/Kits/Turret/TurretDirection_Target" FILE="C:/Users/danny/Desktop/Systems_Sandbox/Mechanics_Sandbox/Content/Kits/Turret/TurretDirection_Target.uasset" SILENT=true
[2019.11.11-03.43.04:659][107]LogSavePackage: Moving 'C:/Users/danny/Desktop/Systems_Sandbox/Mechanics_Sandbox/Saved/TurretDirection_TargetA34895C848C8DF941E5E9C9630DD4398.tmp' to 'C:/Users/danny/Desktop/Systems_Sandbox/Mechanics_Sandbox/Content/Kits/Turret/TurretDirection_Target.uasset'
[2019.11.11-03.43.04:687][107]Cmd: OBJ SAVEPACKAGE PACKAGE="/Game/Kits/Turret/TurretDirection_Info" FILE="C:/Users/danny/Desktop/Systems_Sandbox/Mechanics_Sandbox/Content/Kits/Turret/TurretDirection_Info.uasset" SILENT=true
[2019.11.11-03.43.04:718][107]LogSavePackage: Moving 'C:/Users/danny/Desktop/Systems_Sandbox/Mechanics_Sandbox/Saved/TurretDirection_Info10C5C7224838C7A1C09E088D268960B6.tmp' to 'C:/Users/danny/Desktop/Systems_Sandbox/Mechanics_Sandbox/Content/Kits/Turret/TurretDirection_Info.uasset'
[2019.11.11-03.43.04:736][107]Cmd: OBJ SAVEPACKAGE PACKAGE="/Game/Kits/Turret/TurretDirection" FILE="C:/Users/danny/Desktop/Systems_Sandbox/Mechanics_Sandbox/Content/Kits/Turret/TurretDirection.uasset" SILENT=true
[2019.11.11-03.43.04:763][107]LogSavePackage: Moving 'C:/Users/danny/Desktop/Systems_Sandbox/Mechanics_Sandbox/Saved/TurretDirection85927FBB4C924D28349249989E17DAA3.tmp' to 'C:/Users/danny/Desktop/Systems_Sandbox/Mechanics_Sandbox/Content/Kits/Turret/TurretDirection.uasset'
[2019.11.11-03.43.04:856][107]Cmd: OBJ SAVEPACKAGE PACKAGE="/Game/Kits/Turret/Turret5" FILE="C:/Users/danny/Desktop/Systems_Sandbox/Mechanics_Sandbox/Content/Kits/Turret/Turret5.uasset" SILENT=true
[2019.11.11-03.43.05:471][107]LogSavePackage: Moving 'C:/Users/danny/Desktop/Systems_Sandbox/Mechanics_Sandbox/Saved/Turret5AFFB34844F54C4F715663CAD5FE201CB.tmp' to 'C:/Users/danny/Desktop/Systems_Sandbox/Mechanics_Sandbox/Content/Kits/Turret/Turret5.uasset'
[2019.11.11-03.43.05:495][107]Cmd: OBJ SAVEPACKAGE PACKAGE="/Game/Turret/Turret5" FILE="C:/Users/danny/Desktop/Systems_Sandbox/Mechanics_Sandbox/Content/Turret/Turret5.uasset" SILENT=true
[2019.11.11-03.43.05:587][107]LogSavePackage: Moving 'C:/Users/danny/Desktop/Systems_Sandbox/Mechanics_Sandbox/Saved/Turret57BBFEEC843A59BEAAB208BA46B1259E6.tmp' to 'C:/Users/danny/Desktop/Systems_Sandbox/Mechanics_Sandbox/Content/Turret/Turret5.uasset'
[2019.11.11-03.43.05:672][107]Cmd: OBJ SAVEPACKAGE PACKAGE="/Game/Kits/Turret/Turret_Sentry" FILE="C:/Users/danny/Desktop/Systems_Sandbox/Mechanics_Sandbox/Content/Kits/Turret/Turret_Sentry.uasset" SILENT=true
[2019.11.11-03.43.06:561][107]LogSavePackage: Moving 'C:/Users/danny/Desktop/Systems_Sandbox/Mechanics_Sandbox/Saved/Turret_Sentry4402B14F45F90DC21D9013B2FA80CADE.tmp' to 'C:/Users/danny/Desktop/Systems_Sandbox/Mechanics_Sandbox/Content/Kits/Turret/Turret_Sentry.uasset'
[2019.11.11-03.43.06:596][107]Cmd: OBJ SAVEPACKAGE PACKAGE="/Game/Turret/Turret_Sentry" FILE="C:/Users/danny/Desktop/Systems_Sandbox/Mechanics_Sandbox/Content/Turret/Turret_Sentry.uasset" SILENT=true
[2019.11.11-03.43.06:660][107]LogSavePackage: Moving 'C:/Users/danny/Desktop/Systems_Sandbox/Mechanics_Sandbox/Saved/Turret_SentryD88792E44865DFACB070D89A6B34EA38.tmp' to 'C:/Users/danny/Desktop/Systems_Sandbox/Mechanics_Sandbox/Content/Turret/Turret_Sentry.uasset'
[2019.11.11-03.43.06:741][107]Cmd: OBJ SAVEPACKAGE PACKAGE="/Game/Kits/Turret/Turret" FILE="C:/Users/danny/Desktop/Systems_Sandbox/Mechanics_Sandbox/Content/Kits/Turret/Turret.uasset" SILENT=true
[2019.11.11-03.43.07:163][107]LogSavePackage: Moving 'C:/Users/danny/Desktop/Systems_Sandbox/Mechanics_Sandbox/Saved/TurretD8FC3C0B46FB9474A3BAA9BDC4EE0BC3.tmp' to 'C:/Users/danny/Desktop/Systems_Sandbox/Mechanics_Sandbox/Content/Kits/Turret/Turret.uasset'
[2019.11.11-03.43.07:254][107]Cmd: OBJ SAVEPACKAGE PACKAGE="/Game/Kits/Turret/Turret1" FILE="C:/Users/danny/Desktop/Systems_Sandbox/Mechanics_Sandbox/Content/Kits/Turret/Turret1.uasset" SILENT=true
[2019.11.11-03.43.07:573][107]LogSavePackage: Moving 'C:/Users/danny/Desktop/Systems_Sandbox/Mechanics_Sandbox/Saved/Turret1635B2B1247FAA78769D67EAFFC44AD2C.tmp' to 'C:/Users/danny/Desktop/Systems_Sandbox/Mechanics_Sandbox/Content/Kits/Turret/Turret1.uasset'
[2019.11.11-03.43.07:658][107]Cmd: OBJ SAVEPACKAGE PACKAGE="/Game/Kits/Turret/Turret2" FILE="C:/Users/danny/Desktop/Systems_Sandbox/Mechanics_Sandbox/Content/Kits/Turret/Turret2.uasset" SILENT=true
[2019.11.11-03.43.07:954][107]LogSavePackage: Moving 'C:/Users/danny/Desktop/Systems_Sandbox/Mechanics_Sandbox/Saved/Turret2B3D5FF7244840FEA9D705F9648902072.tmp' to 'C:/Users/danny/Desktop/Systems_Sandbox/Mechanics_Sandbox/Content/Kits/Turret/Turret2.uasset'
[2019.11.11-03.43.08:059][107]Cmd: OBJ SAVEPACKAGE PACKAGE="/Game/Kits/Turret/Turret3" FILE="C:/Users/danny/Desktop/Systems_Sandbox/Mechanics_Sandbox/Content/Kits/Turret/Turret3.uasset" SILENT=true
[2019.11.11-03.43.08:592][107]LogSavePackage: Moving 'C:/Users/danny/Desktop/Systems_Sandbox/Mechanics_Sandbox/Saved/Turret37E9529E74EFAAD26BCC2C486CC26BA58.tmp' to 'C:/Users/danny/Desktop/Systems_Sandbox/Mechanics_Sandbox/Content/Kits/Turret/Turret3.uasset'
[2019.11.11-03.43.08:689][107]Cmd: OBJ SAVEPACKAGE PACKAGE="/Game/Kits/Turret/Turret4" FILE="C:/Users/danny/Desktop/Systems_Sandbox/Mechanics_Sandbox/Content/Kits/Turret/Turret4.uasset" SILENT=true
[2019.11.11-03.43.09:322][107]LogSavePackage: Moving 'C:/Users/danny/Desktop/Systems_Sandbox/Mechanics_Sandbox/Saved/Turret4AA7419034108CDD605AE47A262000793.tmp' to 'C:/Users/danny/Desktop/Systems_Sandbox/Mechanics_Sandbox/Content/Kits/Turret/Turret4.uasset'
[2019.11.11-03.43.13:783][107]LogUObjectHash: Compacting FUObjectHashTables data took   7.74ms
[2019.11.11-03.43.13:934][107]LogUObjectHash: Compacting FUObjectHashTables data took   2.25ms
[2019.11.11-03.43.14:079][107]LogUObjectHash: Compacting FUObjectHashTables data took   2.70ms
[2019.11.11-03.43.14:200][107]LogUObjectHash: Compacting FUObjectHashTables data took   3.67ms
[2019.11.11-03.43.14:329][107]LogUObjectHash: Compacting FUObjectHashTables data took   2.63ms
[2019.11.11-03.43.14:452][107]LogUObjectHash: Compacting FUObjectHashTables data took   2.78ms
[2019.11.11-03.43.14:580][107]LogUObjectHash: Compacting FUObjectHashTables data took   2.64ms
[2019.11.11-03.43.14:712][107]LogUObjectHash: Compacting FUObjectHashTables data took   3.86ms
[2019.11.11-03.43.14:843][107]LogUObjectHash: Compacting FUObjectHashTables data took   2.65ms
[2019.11.11-03.43.14:981][107]LogUObjectHash: Compacting FUObjectHashTables data took   9.48ms
[2019.11.11-03.43.15:110][107]LogUObjectHash: Compacting FUObjectHashTables data took   2.01ms
[2019.11.11-03.43.15:163][107]Cmd: OBJ SAVEPACKAGE PACKAGE="/Game/Turret" FILE="C:/Users/danny/Desktop/Systems_Sandbox/Mechanics_Sandbox/Content/Turret.uasset" SILENT=true
[2019.11.11-03.43.15:217][107]LogSavePackage: Moving 'C:/Users/danny/Desktop/Systems_Sandbox/Mechanics_Sandbox/Saved/TurretABFF3DB44D96315AC34BC5816A99EC2C.tmp' to 'C:/Users/danny/Desktop/Systems_Sandbox/Mechanics_Sandbox/Content/Turret.uasset'
[2019.11.11-03.43.15:240][107]Cmd: OBJ SAVEPACKAGE PACKAGE="/Game/Turret1" FILE="C:/Users/danny/Desktop/Systems_Sandbox/Mechanics_Sandbox/Content/Turret1.uasset" SILENT=true
[2019.11.11-03.43.15:302][107]LogSavePackage: Moving 'C:/Users/danny/Desktop/Systems_Sandbox/Mechanics_Sandbox/Saved/Turret15A96F3D14E1E4B788E70C38050FD6688.tmp' to 'C:/Users/danny/Desktop/Systems_Sandbox/Mechanics_Sandbox/Content/Turret1.uasset'
[2019.11.11-03.43.15:318][107]Cmd: OBJ SAVEPACKAGE PACKAGE="/Game/Turret2" FILE="C:/Users/danny/Desktop/Systems_Sandbox/Mechanics_Sandbox/Content/Turret2.uasset" SILENT=true
[2019.11.11-03.43.15:384][107]LogSavePackage: Moving 'C:/Users/danny/Desktop/Systems_Sandbox/Mechanics_Sandbox/Saved/Turret20CA1EEDA41DCAF6465F5D496F0B55295.tmp' to 'C:/Users/danny/Desktop/Systems_Sandbox/Mechanics_Sandbox/Content/Turret2.uasset'
[2019.11.11-03.43.15:403][107]Cmd: OBJ SAVEPACKAGE PACKAGE="/Game/Turret3" FILE="C:/Users/danny/Desktop/Systems_Sandbox/Mechanics_Sandbox/Content/Turret3.uasset" SILENT=true
[2019.11.11-03.43.15:465][107]LogSavePackage: Moving 'C:/Users/danny/Desktop/Systems_Sandbox/Mechanics_Sandbox/Saved/Turret379BB480A4A959F7F747E02A230435388.tmp' to 'C:/Users/danny/Desktop/Systems_Sandbox/Mechanics_Sandbox/Content/Turret3.uasset'
[2019.11.11-03.43.15:483][107]Cmd: OBJ SAVEPACKAGE PACKAGE="/Game/Turret4" FILE="C:/Users/danny/Desktop/Systems_Sandbox/Mechanics_Sandbox/Content/Turret4.uasset" SILENT=true
[2019.11.11-03.43.15:548][107]LogSavePackage: Moving 'C:/Users/danny/Desktop/Systems_Sandbox/Mechanics_Sandbox/Saved/Turret4B147817A4DDCDB739EF7C7A1C5D0BE30.tmp' to 'C:/Users/danny/Desktop/Systems_Sandbox/Mechanics_Sandbox/Content/Turret4.uasset'
[2019.11.11-03.43.46:847][495]LogUObjectHash: Compacting FUObjectHashTables data took  10.94ms
[2019.11.11-03.44.25:982][495]LogSlate: Window 'Delete Assets' being destroyed
[2019.11.11-03.44.33:320][609]LogSavePackage: Moving 'C:/Users/danny/Desktop/Systems_Sandbox/Mechanics_Sandbox/Saved/FirstPersonCharacterCB53DBED4667F51640E9A5A308D0843B.tmp' to 'C:/Users/danny/Desktop/Systems_Sandbox/Mechanics_Sandbox/Content/FirstPersonBP/Blueprints/FirstPersonCharacter.uasset'
[2019.11.11-03.44.33:365][609]Cmd: OBJ SAVEPACKAGE PACKAGE="/Game/Maps/Teleport_Kit" FILE="C:/Users/danny/Desktop/Systems_Sandbox/Mechanics_Sandbox/Content/Maps/Teleport_Kit.umap" SILENT=true AUTOSAVING=false KEEPDIRTY=false
[2019.11.11-03.44.33:503][609]LogUObjectHash: Compacting FUObjectHashTables data took   3.09ms
[2019.11.11-03.44.33:573][609]LogSpawn: Warning: UWorld::DestroyActor: World has no context! World: Teleport_Kit, Actor: /Game/Maps/Teleport_Kit.Teleport_Kit:PersistentLevel.REINST_Teleport_Kit_C_0
[2019.11.11-03.44.34:543][609]LogSavePackage: Moving 'C:/Users/danny/Desktop/Systems_Sandbox/Mechanics_Sandbox/Saved/Teleport_KitC2BEC9FD476A38E19C6B35B649E9CABE.tmp' to 'C:/Users/danny/Desktop/Systems_Sandbox/Mechanics_Sandbox/Content/Maps/Teleport_Kit.umap'
[2019.11.11-03.44.34:556][609]LogFileHelpers: Saving map 'Teleport_Kit' took 1.193
[2019.11.11-03.44.34:699][609]Cmd: OBJ SAVEPACKAGE PACKAGE="/Game/Maps/Turret_Kit" FILE="C:/Users/danny/Desktop/Systems_Sandbox/Mechanics_Sandbox/Content/Maps/Turret_Kit.umap" SILENT=true AUTOSAVING=false KEEPDIRTY=false
[2019.11.11-03.44.34:830][609]LogUObjectHash: Compacting FUObjectHashTables data took  11.62ms
[2019.11.11-03.44.34:873][609]LogSpawn: Warning: UWorld::DestroyActor: World has no context! World: Turret_Kit, Actor: /Game/Maps/Turret_Kit.Turret_Kit:PersistentLevel.REINST_Turret_Kit_C_0
[2019.11.11-03.44.35:581][609]LogSavePackage: Moving 'C:/Users/danny/Desktop/Systems_Sandbox/Mechanics_Sandbox/Saved/Turret_KitE814A2AC433BF47EEBE6EC9125D11B72.tmp' to 'C:/Users/danny/Desktop/Systems_Sandbox/Mechanics_Sandbox/Content/Maps/Turret_Kit.umap'
[2019.11.11-03.44.35:596][609]LogFileHelpers: Saving map 'Turret_Kit' took 0.899
[2019.11.11-03.44.35:616][609]Cmd: OBJ SAVEPACKAGE PACKAGE="/Game/Maps/Camera_Kit" FILE="C:/Users/danny/Desktop/Systems_Sandbox/Mechanics_Sandbox/Content/Maps/Camera_Kit.umap" SILENT=true AUTOSAVING=false KEEPDIRTY=false
[2019.11.11-03.44.35:816][609]LogUObjectHash: Compacting FUObjectHashTables data took  25.75ms
[2019.11.11-03.44.35:886][609]LogSpawn: Warning: UWorld::DestroyActor: World has no context! World: Camera_Kit, Actor: /Game/Maps/Camera_Kit.Camera_Kit:PersistentLevel.REINST_Camera_Kit_C_0
[2019.11.11-03.44.36:705][609]LogSavePackage: Moving 'C:/Users/danny/Desktop/Systems_Sandbox/Mechanics_Sandbox/Saved/Camera_Kit360DF81749EE38056BE57197D613205F.tmp' to 'C:/Users/danny/Desktop/Systems_Sandbox/Mechanics_Sandbox/Content/Maps/Camera_Kit.umap'
[2019.11.11-03.44.36:720][609]LogFileHelpers: Saving map 'Camera_Kit' took 1.105
[2019.11.11-03.44.36:760][609]Cmd: OBJ SAVEPACKAGE PACKAGE="/Game/Maps/Laser_Kit" FILE="C:/Users/danny/Desktop/Systems_Sandbox/Mechanics_Sandbox/Content/Maps/Laser_Kit.umap" SILENT=true AUTOSAVING=false KEEPDIRTY=false
[2019.11.11-03.44.36:904][609]LogUObjectHash: Compacting FUObjectHashTables data took  13.81ms
[2019.11.11-03.44.36:956][609]LogSpawn: Warning: UWorld::DestroyActor: World has no context! World: Laser_Kit, Actor: /Game/Maps/Laser_Kit.Laser_Kit:PersistentLevel.REINST_Laser_Kit_C_0
[2019.11.11-03.44.37:789][609]LogSavePackage: Moving 'C:/Users/danny/Desktop/Systems_Sandbox/Mechanics_Sandbox/Saved/Laser_Kit1E1692D44588D0D1DE37CEB36E15CA4B.tmp' to 'C:/Users/danny/Desktop/Systems_Sandbox/Mechanics_Sandbox/Content/Maps/Laser_Kit.umap'
[2019.11.11-03.44.37:801][609]LogFileHelpers: Saving map 'Laser_Kit' took 1.042
[2019.11.11-03.44.37:875][609]Cmd: OBJ SAVEPACKAGE PACKAGE="/Game/Maps/Door_Kit" FILE="C:/Users/danny/Desktop/Systems_Sandbox/Mechanics_Sandbox/Content/Maps/Door_Kit.umap" SILENT=true AUTOSAVING=false KEEPDIRTY=false
[2019.11.11-03.44.38:027][609]LogUObjectHash: Compacting FUObjectHashTables data took  14.80ms
[2019.11.11-03.44.38:077][609]LogSpawn: Warning: UWorld::DestroyActor: World has no context! World: Door_Kit, Actor: /Game/Maps/Door_Kit.Door_Kit:PersistentLevel.REINST_Door_Kit_C_0
[2019.11.11-03.44.38:967][609]LogSavePackage: Moving 'C:/Users/danny/Desktop/Systems_Sandbox/Mechanics_Sandbox/Saved/Door_KitC7F0B6F74B523AA48783EFA47DD6833F.tmp' to 'C:/Users/danny/Desktop/Systems_Sandbox/Mechanics_Sandbox/Content/Maps/Door_Kit.umap'
[2019.11.11-03.44.38:984][609]LogFileHelpers: Saving map 'Door_Kit' took 1.110
[2019.11.11-03.44.40:054][622]LogSlate: Window 'Levels' being destroyed
[2019.11.11-03.44.40:068][622]LogSlate: Window 'Levels' being destroyed
[2019.11.11-03.44.41:129][640]BlueprintLog: New page: Compile FirstPersonCharacter
[2019.11.11-03.44.42:261][640]LogUObjectHash: Compacting FUObjectHashTables data took  16.04ms
[2019.11.11-03.44.45:155][661]LogSavePackage: Moving 'C:/Users/danny/Desktop/Systems_Sandbox/Mechanics_Sandbox/Saved/FirstPersonCharacterB422F17D4818D99866989AA2EDEB1C90.tmp' to 'C:/Users/danny/Desktop/Systems_Sandbox/Mechanics_Sandbox/Content/FirstPersonBP/Blueprints/FirstPersonCharacter.uasset'
[2019.11.11-03.45.01:779][747]LogUObjectHash: Compacting FUObjectHashTables data took  18.72ms
[2019.11.11-03.45.03:189][747]LogSavePackage: Moving 'C:/Users/danny/Desktop/Systems_Sandbox/Mechanics_Sandbox/Saved/FirstPersonExampleMap0E8EE87A4D58D01924A090BCE5134597.tmp' to 'C:/Users/danny/Desktop/Systems_Sandbox/Mechanics_Sandbox/Content/FirstPersonBP/Maps/FirstPersonExampleMap.umap'
[2019.11.11-03.45.07:358][747]LogSavePackage: Moving 'C:/Users/danny/Desktop/Systems_Sandbox/Mechanics_Sandbox/Saved/FirstPersonExampleMap_BuiltData2385F1784B0F66D7AD4F10B63FD3D747.tmp' to 'C:/Users/danny/Desktop/Systems_Sandbox/Mechanics_Sandbox/Content/FirstPersonBP/Maps/FirstPersonExampleMap_BuiltData.uasset'
[2019.11.11-03.45.10:052][788]LogUObjectHash: Compacting FUObjectHashTables data took  11.11ms
[2019.11.11-03.45.11:058][788]LogActorComponent: UnregisterComponent: (/Engine/Transient.EditorFloorComp) Not registered. Aborting.
[2019.11.11-03.45.11:289][788]LogActorComponent: UnregisterComponent: (/Engine/Transient.EditorFloorComp) Not registered. Aborting.
[2019.11.11-03.45.11:498][788]LogActorComponent: UnregisterComponent: (/Engine/Transient.EditorFloorComp) Not registered. Aborting.
[2019.11.11-03.45.11:668][788]LogSlate: Window 'FirstPersonExampleMap' being destroyed
[2019.11.11-03.45.11:792][788]LogSlate: Window 'Viewport 1' being destroyed
[2019.11.11-03.45.11:969][788]LogSlate: Window 'Mechanics_Sandbox - Unreal Editor' being destroyed
[2019.11.11-03.45.11:971][788]LogWindowsTextInputMethodSystem: Display: IME system now deactivated.
[2019.11.11-03.45.12:383][789]Cmd: QUIT_EDITOR
[2019.11.11-03.45.13:442][789]LogExit: Preparing to exit.
[2019.11.11-03.45.15:418][789]LogExit: Editor shut down
[2019.11.11-03.45.15:420][789]LogExit: Transaction tracking system shut down
[2019.11.11-03.45.16:904][789]LogExit: Object subsystem successfully closed.
[2019.11.11-03.45.16:962][789]LogShaderCompilers: Display: Shaders left to compile 0
[2019.11.11-03.45.17:003][789]LogD3D11RHI: Shutdown
[2019.11.11-03.45.17:003][789]LogD3D11RHI: CleanupD3DDevice
[2019.11.11-03.45.17:007][789]LogRendererCore: FGlobalReadBuffer::ReleaseRHI
[2019.11.11-03.45.17:007][789]LogRendererCore: FGlobalDynamicReadBuffer::Cleanup()
[2019.11.11-03.45.17:007][789]LogRendererCore: FGlobalReadBuffer::ReleaseRHI
[2019.11.11-03.45.17:007][789]LogRendererCore: FGlobalDynamicReadBuffer::Cleanup()
[2019.11.11-03.45.17:007][789]LogRendererCore: FGlobalReadBuffer::ReleaseRHI
[2019.11.11-03.45.17:007][789]LogRendererCore: FGlobalDynamicReadBuffer::Cleanup()
[2019.11.11-03.45.17:887][789]LogD3D11RHI: ~FD3D11DynamicRHI
[2019.11.11-03.45.17:986][789]LogModuleManager: Shutting down and abandoning module ExternalImagePicker (660)
[2019.11.11-03.45.17:987][789]LogModuleManager: Shutting down and abandoning module MovieSceneCapture (658)
[2019.11.11-03.45.17:987][789]LogModuleManager: Shutting down and abandoning module Voice (656)
[2019.11.11-03.45.17:987][789]LogModuleManager: Shutting down and abandoning module HierarchicalLODUtilities (654)
[2019.11.11-03.45.17:987][789]LogModuleManager: Shutting down and abandoning module NewLevelDialog (652)
[2019.11.11-03.45.17:987][789]LogModuleManager: Shutting down and abandoning module WorldBrowser (650)
[2019.11.11-03.45.17:987][789]LogModuleManager: Shutting down and abandoning module BlueprintGraph (648)
[2019.11.11-03.45.17:987][789]LogModuleManager: Shutting down and abandoning module HierarchicalLODOutliner (646)
[2019.11.11-03.45.17:987][789]LogModuleManager: Shutting down and abandoning module AddContentDialog (644)
[2019.11.11-03.45.17:991][789]LogModuleManager: Shutting down and abandoning module WidgetCarousel (643)
[2019.11.11-03.45.17:991][789]LogModuleManager: Shutting down and abandoning module CollectionManager (640)
[2019.11.11-03.45.17:991][789]LogModuleManager: Shutting down and abandoning module EditorWidgets (638)
[2019.11.11-03.45.17:992][789]LogModuleManager: Shutting down and abandoning module SceneOutliner (636)
[2019.11.11-03.45.17:992][789]LogModuleManager: Shutting down and abandoning module StatsViewer (634)
[2019.11.11-03.45.17:992][789]LogModuleManager: Shutting down and abandoning module FoliageEdit (632)
[2019.11.11-03.45.17:992][789]LogModuleManager: Shutting down and abandoning module LandscapeEditor (630)
[2019.11.11-03.45.17:992][789]LogModuleManager: Shutting down and abandoning module MeshPaintMode (628)
[2019.11.11-03.45.17:992][789]LogModuleManager: Shutting down and abandoning module SceneDepthPickerMode (626)
[2019.11.11-03.45.17:992][789]LogModuleManager: Shutting down and abandoning module ActorPickerMode (624)
[2019.11.11-03.45.17:992][789]LogModuleManager: Shutting down and abandoning module GeometryMode (622)
[2019.11.11-03.45.17:992][789]LogModuleManager: Shutting down and abandoning module TextureAlignMode (620)
[2019.11.11-03.45.17:993][789]LogModuleManager: Shutting down and abandoning module BspMode (618)
[2019.11.11-03.45.17:993][789]LogModuleManager: Shutting down and abandoning module PIEPreviewDeviceProfileSelector (616)
[2019.11.11-03.45.17:993][789]LogModuleManager: Shutting down and abandoning module SequenceRecorderSections (614)
[2019.11.11-03.45.17:993][789]LogModuleManager: Shutting down and abandoning module AutomationWorker (612)
[2019.11.11-03.45.17:993][789]LogModuleManager: Shutting down and abandoning module OculusMR (610)
[2019.11.11-03.45.17:993][789]LogModuleManager: Shutting down and abandoning module AudioCaptureEditor (608)
[2019.11.11-03.45.17:993][789]LogModuleManager: Shutting down and abandoning module MatineeToLevelSequence (606)
[2019.11.11-03.45.17:994][789]LogModuleManager: Shutting down and abandoning module LevelSequenceEditor (604)
[2019.11.11-03.45.17:994][789]LogModuleManager: Shutting down and abandoning module PlacementMode (603)
[2019.11.11-03.45.17:995][789]LogModuleManager: Shutting down and abandoning module MaterialEditor (602)
[2019.11.11-03.45.17:995][789]LogModuleManager: Shutting down and abandoning module ActorSequenceEditor (598)
[2019.11.11-03.45.17:996][789]LogModuleManager: Shutting down and abandoning module WmfMediaFactory (596)
[2019.11.11-03.45.17:996][789]LogModuleManager: Shutting down and abandoning module WmfMediaEditor (594)
[2019.11.11-03.45.17:996][789]LogModuleManager: Shutting down and abandoning module WebMMediaFactory (592)
[2019.11.11-03.45.17:996][789]LogModuleManager: Shutting down and abandoning module WebMMediaEditor (590)
[2019.11.11-03.45.17:996][789]LogModuleManager: Shutting down and abandoning module WebMMedia (588)
[2019.11.11-03.45.17:996][789]LogModuleManager: Shutting down and abandoning module MediaPlayerEditor (586)
[2019.11.11-03.45.17:996][789]LogModuleManager: Shutting down and abandoning module MediaCompositingEditor (584)
[2019.11.11-03.45.17:996][789]LogModuleManager: Shutting down and abandoning module SequenceRecorder (583)
[2019.11.11-03.45.17:996][789]LogModuleManager: Shutting down and abandoning module OpenExrWrapper (580)
[2019.11.11-03.45.17:997][789]LogModuleManager: Shutting down and abandoning module ImgMediaFactory (578)
[2019.11.11-03.45.17:997][789]LogModuleManager: Shutting down and abandoning module ImgMediaEditor (576)
[2019.11.11-03.45.17:997][789]LogModuleManager: Shutting down and abandoning module AvfMediaFactory (574)
[2019.11.11-03.45.17:997][789]LogModuleManager: Shutting down and abandoning module AvfMediaEditor (572)
[2019.11.11-03.45.17:997][789]LogModuleManager: Shutting down and abandoning module AndroidMediaFactory (570)
[2019.11.11-03.45.17:997][789]LogModuleManager: Shutting down and abandoning module AndroidMediaEditor (568)
[2019.11.11-03.45.17:997][789]LogModuleManager: Shutting down and abandoning module MagicLeapCameraPreviewFactory (566)
[2019.11.11-03.45.17:998][789]LogModuleManager: Shutting down and abandoning module MagicLeapMediaCodecFactory (564)
[2019.11.11-03.45.17:998][789]LogModuleManager: Shutting down and abandoning module MagicLeapMediaFactory (562)
[2019.11.11-03.45.17:998][789]LogModuleManager: Shutting down and abandoning module MagicLeapMediaEditor (560)
[2019.11.11-03.45.17:998][789]LogModuleManager: Shutting down and abandoning module CharacterAI (558)
[2019.11.11-03.45.17:998][789]LogModuleManager: Shutting down and abandoning module SmartSnapping (556)
[2019.11.11-03.45.17:998][789]LogModuleManager: Shutting down and abandoning module SessionServices (554)
[2019.11.11-03.45.17:998][789]LogModuleManager: Shutting down and abandoning module MeshPaint (552)
[2019.11.11-03.45.17:998][789]LogModuleManager: Shutting down and abandoning module ViewportSnapping (550)
[2019.11.11-03.45.17:998][789]LogModuleManager: Shutting down and abandoning module ViewportInteraction (548)
[2019.11.11-03.45.17:998][789]LogModuleManager: Shutting down and abandoning module ClothPainter (546)
[2019.11.11-03.45.17:999][789]LogModuleManager: Shutting down and abandoning module SkeletalMeshEditor (545)
[2019.11.11-03.45.17:999][789]LogModuleManager: Shutting down and abandoning module LogVisualizer (542)
[2019.11.11-03.45.17:999][789]LogModuleManager: Shutting down and abandoning module IntroTutorials (540)
[2019.11.11-03.45.17:999][789]LogModuleManager: Shutting down and abandoning module GameProjectGeneration (539)
[2019.11.11-03.45.18:000][789]LogModuleManager: Shutting down and abandoning module LuminPlatformEditor (536)
[2019.11.11-03.45.18:000][789]LogModuleManager: Shutting down and abandoning module IOSPlatformEditor (534)
[2019.11.11-03.45.18:000][789]LogModuleManager: Shutting down and abandoning module HTML5PlatformEditor (532)
[2019.11.11-03.45.18:000][789]LogModuleManager: Shutting down and abandoning module AndroidPlatformEditor (530)
[2019.11.11-03.45.18:000][789]LogModuleManager: Shutting down and abandoning module AndroidDeviceDetection (529)
[2019.11.11-03.45.18:750][789]LogModuleManager: Shutting down and abandoning module WindowsPlatformEditor (526)
[2019.11.11-03.45.18:750][789]LogModuleManager: Shutting down and abandoning module LuminRuntimeSettings (524)
[2019.11.11-03.45.18:750][789]LogModuleManager: Shutting down and abandoning module IOSRuntimeSettings (522)
[2019.11.11-03.45.18:750][789]LogModuleManager: Shutting down and abandoning module AndroidRuntimeSettings (520)
[2019.11.11-03.45.18:750][789]LogModuleManager: Shutting down and abandoning module TimeManagementEditor (518)
[2019.11.11-03.45.18:751][789]LogModuleManager: Shutting down and abandoning module InputBindingEditor (516)
[2019.11.11-03.45.18:751][789]LogModuleManager: Shutting down and abandoning module MergeActors (514)
[2019.11.11-03.45.18:751][789]LogModuleManager: Shutting down and abandoning module LocalizationDashboard (512)
[2019.11.11-03.45.18:751][789]LogModuleManager: Shutting down and abandoning module LocalizationService (511)
[2019.11.11-03.45.18:751][789]LogModuleManager: Shutting down and abandoning module HardwareTargeting (508)
[2019.11.11-03.45.18:751][789]LogModuleManager: Shutting down and abandoning module DeviceProfileEditor (506)
[2019.11.11-03.45.18:751][789]LogModuleManager: Shutting down and abandoning module UndoHistory (504)
[2019.11.11-03.45.18:752][789]LogModuleManager: Shutting down and abandoning module XmlParser (502)
[2019.11.11-03.45.18:752][789]LogModuleManager: Shutting down and abandoning module Blutility (500)
[2019.11.11-03.45.18:752][789]LogModuleManager: Shutting down and abandoning module ProjectSettingsViewer (498)
[2019.11.11-03.45.18:752][789]LogModuleManager: Shutting down and abandoning module ProjectTargetPlatformEditor (497)
[2019.11.11-03.45.18:753][789]LogModuleManager: Shutting down and abandoning module EditorSettingsViewer (494)
[2019.11.11-03.45.18:753][789]LogModuleManager: Shutting down and abandoning module SettingsEditor (492)
[2019.11.11-03.45.18:753][789]LogModuleManager: Shutting down and abandoning module ProjectLauncher (490)
[2019.11.11-03.45.18:753][789]LogModuleManager: Shutting down and abandoning module SessionFrontend (488)
[2019.11.11-03.45.18:754][789]LogModuleManager: Shutting down and abandoning module ProfilerClient (486)
[2019.11.11-03.45.18:754][789]LogModuleManager: Shutting down and abandoning module DeviceManager (484)
[2019.11.11-03.45.18:754][789]LogModuleManager: Shutting down and abandoning module TargetDeviceServices (483)
[2019.11.11-03.45.18:799][789]LogModuleManager: Shutting down and abandoning module AutomationController (480)
[2019.11.11-03.45.18:799][789]LogModuleManager: Shutting down and abandoning module AutomationWindow (478)
[2019.11.11-03.45.18:799][789]LogModuleManager: Shutting down and abandoning module Layers (476)
[2019.11.11-03.45.18:799][789]LogModuleManager: Shutting down and abandoning module ComponentVisualizers (474)
[2019.11.11-03.45.18:799][789]LogModuleManager: Shutting down and abandoning module DetailCustomizations (472)
[2019.11.11-03.45.18:799][789]LogModuleManager: Shutting down and abandoning module PackagesDialog (470)
[2019.11.11-03.45.18:799][789]LogModuleManager: Shutting down and abandoning module AnimationBlueprintEditor (468)
[2019.11.11-03.45.18:800][789]LogModuleManager: Shutting down and abandoning module Persona (466)
[2019.11.11-03.45.18:800][789]LogModuleManager: Shutting down and abandoning module AdvancedPreviewScene (465)
[2019.11.11-03.45.18:800][789]LogModuleManager: Shutting down and abandoning module AnimGraph (463)
[2019.11.11-03.45.18:800][789]LogModuleManager: Shutting down and abandoning module Kismet (460)
[2019.11.11-03.45.18:852][789]LogModuleManager: Shutting down and abandoning module GraphEditor (458)
[2019.11.11-03.45.18:853][789]LogModuleManager: Shutting down and abandoning module ClassViewer (456)
[2019.11.11-03.45.18:859][789]LogModuleManager: Shutting down and abandoning module Toolbox (454)
[2019.11.11-03.45.18:859][789]LogModuleManager: Shutting down and abandoning module ModuleUI (452)
[2019.11.11-03.45.18:859][789]LogModuleManager: Shutting down and abandoning module MovieSceneTools (450)
[2019.11.11-03.45.18:860][789]LogModuleManager: Shutting down and abandoning module OutputLog (448)
[2019.11.11-03.45.18:860][789]LogModuleManager: Shutting down and abandoning module GammaUI (446)
[2019.11.11-03.45.18:860][789]LogModuleManager: Shutting down and abandoning module Documentation (444)
[2019.11.11-03.45.18:860][789]LogModuleManager: Shutting down and abandoning module LiveCoding (442)
[2019.11.11-03.45.18:860][789]LogModuleManager: Shutting down and abandoning module LevelSequence (440)
[2019.11.11-03.45.18:861][789]LogModuleManager: Shutting down and abandoning module MovieSceneTracks (438)
[2019.11.11-03.45.18:861][789]LogModuleManager: Shutting down and abandoning module MovieScene (436)
[2019.11.11-03.45.18:861][789]LogModuleManager: Shutting down and abandoning module StreamingPauseRendering (434)
[2019.11.11-03.45.18:861][789]LogModuleManager: Shutting down and abandoning module LauncherPlatform (432)
[2019.11.11-03.45.18:861][789]LogModuleManager: Shutting down and abandoning module AnalyticsET (430)
[2019.11.11-03.45.18:861][789]LogModuleManager: Shutting down and abandoning module PortalServices (428)
[2019.11.11-03.45.18:862][789]LogModuleManager: Shutting down and abandoning module PortalRpc (426)
[2019.11.11-03.45.18:862][789]LogModuleManager: Shutting down and abandoning module MessagingRpc (424)
[2019.11.11-03.45.18:862][789]LogModuleManager: Shutting down and abandoning module AIModule (422)
[2019.11.11-03.45.18:862][789]LogModuleManager: Shutting down and abandoning module GameplayDebugger (421)
[2019.11.11-03.45.18:862][789]LogModuleManager: Shutting down and abandoning module AITestSuite (419)
[2019.11.11-03.45.18:863][789]LogModuleManager: Shutting down and abandoning module NavigationSystem (417)
[2019.11.11-03.45.18:863][789]LogModuleManager: Shutting down and abandoning module DesktopPlatform (414)
[2019.11.11-03.45.18:863][789]LogModuleManager: Shutting down and abandoning module ImageWriteQueue (412)
[2019.11.11-03.45.18:893][789]LogModuleManager: Shutting down and abandoning module ProfilerService (410)
[2019.11.11-03.45.19:020][789]LogModuleManager: Shutting down and abandoning module TaskGraph (408)
[2019.11.11-03.45.19:020][789]LogModuleManager: Shutting down and abandoning module SteamVRController (406)
[2019.11.11-03.45.19:020][789]LogModuleManager: Shutting down and abandoning module ProceduralMeshComponentEditor (404)
[2019.11.11-03.45.19:021][789]LogModuleManager: Shutting down and abandoning module ProceduralMeshComponent (402)
[2019.11.11-03.45.19:021][789]LogModuleManager: Shutting down and abandoning module OculusEditor (400)
[2019.11.11-03.45.19:021][789]LogModuleManager: Shutting down and abandoning module OculusInput (398)
[2019.11.11-03.45.19:022][789]LogModuleManager: Shutting down and abandoning module MobilePatchingUtils (396)
[2019.11.11-03.45.19:022][789]LogModuleManager: Shutting down and abandoning module EditableMesh (394)
[2019.11.11-03.45.19:026][789]LogModuleManager: Shutting down and abandoning module CustomMeshComponent (392)
[2019.11.11-03.45.19:026][789]LogModuleManager: Shutting down and abandoning module CableComponent (390)
[2019.11.11-03.45.19:026][789]LogModuleManager: Shutting down and abandoning module AudioCapture (388)
[2019.11.11-03.45.19:026][789]LogModuleManager: Shutting down and abandoning module ArchVisCharacter (386)
[2019.11.11-03.45.19:027][789]LogModuleManager: Shutting down and abandoning module AndroidPermission (384)
[2019.11.11-03.45.19:027][789]LogModuleManager: Shutting down and abandoning module NUTUnrealEngine4 (382)
[2019.11.11-03.45.19:027][789]LogModuleManager: Shutting down and abandoning module NetcodeUnitTest (380)
[2019.11.11-03.45.19:027][789]LogModuleManager: Shutting down and abandoning module MediaCompositing (378)
[2019.11.11-03.45.19:027][789]LogModuleManager: Shutting down and abandoning module LinearTimecode (376)
[2019.11.11-03.45.19:027][789]LogModuleManager: Shutting down and abandoning module ImgMedia (374)
[2019.11.11-03.45.19:027][789]LogModuleManager: Shutting down and abandoning module MagicLeapHelperVulkan (372)
[2019.11.11-03.45.19:028][789]LogModuleManager: Shutting down and abandoning module MagicLeapHelperOpenGL (370)
[2019.11.11-03.45.19:028][789]LogModuleManager: Shutting down and abandoning module MagicLeapAudio (368)
[2019.11.11-03.45.19:028][789]LogModuleManager: Shutting down and abandoning module HTML5Networking (366)
[2019.11.11-03.45.19:028][789]LogModuleManager: Shutting down and abandoning module GeometryCacheTracks (364)
[2019.11.11-03.45.19:028][789]LogModuleManager: Shutting down and abandoning module GeometryCacheSequencer (362)
[2019.11.11-03.45.19:028][789]LogModuleManager: Shutting down and abandoning module BackChannel (360)
[2019.11.11-03.45.19:028][789]LogModuleManager: Shutting down and abandoning module AppleVision (358)
[2019.11.11-03.45.19:028][789]LogModuleManager: Shutting down and abandoning module AppleImageUtilsBlueprintSupport (356)
[2019.11.11-03.45.19:028][789]LogModuleManager: Shutting down and abandoning module AppleImageUtils (354)
[2019.11.11-03.45.19:028][789]LogModuleManager: Shutting down and abandoning module AlembicImporter (352)
[2019.11.11-03.45.19:028][789]LogModuleManager: Shutting down and abandoning module AlembicLibrary (351)
[2019.11.11-03.45.19:029][789]LogModuleManager: Shutting down and abandoning module GeometryCache (350)
[2019.11.11-03.45.19:029][789]LogModuleManager: Shutting down and abandoning module GeometryCacheEd (349)
[2019.11.11-03.45.19:029][789]LogModuleManager: Shutting down and abandoning module VariantManagerContent (344)
[2019.11.11-03.45.19:029][789]LogModuleManager: Shutting down and abandoning module DatasmithContentEditor (342)
[2019.11.11-03.45.19:029][789]LogModuleManager: Shutting down and abandoning module SpeedTreeImporter (340)
[2019.11.11-03.45.19:029][789]LogModuleManager: Shutting down and abandoning module PluginBrowser (338)
[2019.11.11-03.45.19:029][789]LogModuleManager: Shutting down and abandoning module MobileLauncherProfileWizard (336)
[2019.11.11-03.45.19:029][789]LogModuleManager: Shutting down and abandoning module MaterialAnalyzer (334)
[2019.11.11-03.45.19:030][789]LogModuleManager: Shutting down and abandoning module CryptoKeysOpenSSL (332)
[2019.11.11-03.45.19:030][789]LogModuleManager: Shutting down and abandoning module CryptoKeys (330)
[2019.11.11-03.45.19:030][789]LogModuleManager: Shutting down and abandoning module VisualStudioSourceCodeAccess (328)
[2019.11.11-03.45.19:030][789]LogModuleManager: Shutting down and abandoning module VisualStudioCodeSourceCodeAccess (326)
[2019.11.11-03.45.19:030][789]LogModuleManager: Shutting down and abandoning module UObjectPlugin (324)
[2019.11.11-03.45.19:030][789]LogModuleManager: Shutting down and abandoning module SubversionSourceControl (322)
[2019.11.11-03.45.19:030][789]LogModuleManager: Shutting down and abandoning module PerforceSourceControl (320)
[2019.11.11-03.45.19:030][789]LogModuleManager: Shutting down and abandoning module GitSourceControl (318)
[2019.11.11-03.45.19:030][789]LogModuleManager: Shutting down and abandoning module SourceControl (317)
[2019.11.11-03.45.19:031][789]LogModuleManager: Shutting down and abandoning module CLionSourceCodeAccess (314)
[2019.11.11-03.45.19:031][789]LogModuleManager: Shutting down and abandoning module AnimationSharingEd (312)
[2019.11.11-03.45.19:031][789]LogModuleManager: Shutting down and abandoning module ActorLayerUtilitiesEditor (310)
[2019.11.11-03.45.19:031][789]LogModuleManager: Shutting down and abandoning module ActorLayerUtilities (308)
[2019.11.11-03.45.19:031][789]LogModuleManager: Shutting down and abandoning module LightPropagationVolumeEditor (306)
[2019.11.11-03.45.19:031][789]LogModuleManager: Shutting down and abandoning module PaperTiledImporter (304)
[2019.11.11-03.45.19:031][789]LogModuleManager: Shutting down and abandoning module PaperSpriteSheetImporter (302)
[2019.11.11-03.45.19:032][789]LogModuleManager: Shutting down and abandoning module Paper2DEditor (300)
[2019.11.11-03.45.19:032][789]LogModuleManager: Shutting down and abandoning module SignificanceManager (298)
[2019.11.11-03.45.19:033][789]LogModuleManager: Shutting down and abandoning module RuntimePhysXCooking (296)
[2019.11.11-03.45.19:033][789]LogModuleManager: Shutting down and abandoning module PhysXVehiclesEditor (294)
[2019.11.11-03.45.19:033][789]LogModuleManager: Shutting down and abandoning module PhysXVehicles (292)
[2019.11.11-03.45.19:033][789]LogModuleManager: Shutting down and abandoning module LocationServicesBPLibrary (290)
[2019.11.11-03.45.19:033][789]LogModuleManager: Shutting down and abandoning module ApexDestructionEditor (288)
[2019.11.11-03.45.19:075][789]LogModuleManager: Shutting down and abandoning module ApexDestruction (286)
[2019.11.11-03.45.19:076][789]LogModuleManager: Shutting down and abandoning module ActorSequence (284)
[2019.11.11-03.45.19:076][789]LogModuleManager: Shutting down and abandoning module UdpMessaging (282)
[2019.11.11-03.45.19:178][789]LogModuleManager: Shutting down and abandoning module TcpMessaging (280)
[2019.11.11-03.45.19:279][789]LogModuleManager: Shutting down and abandoning module MagicLeapIdentity (278)
[2019.11.11-03.45.19:279][789]LogModuleManager: Shutting down and abandoning module MagicLeapSecureStorage (276)
[2019.11.11-03.45.19:279][789]LogModuleManager: Shutting down and abandoning module MagicLeapHandTracking (274)
[2019.11.11-03.45.19:279][789]LogModuleManager: Shutting down and abandoning module MagicLeapEyeTracker (272)
[2019.11.11-03.45.19:279][789]LogModuleManager: Shutting down and abandoning module MagicLeapController (270)
[2019.11.11-03.45.19:280][789]LogSlate: Slate User Destroyed.  User Index 0, Is Virtual User: 0
[2019.11.11-03.45.19:281][789]LogModuleManager: Shutting down and abandoning module MagicLeapAR (268)
[2019.11.11-03.45.19:281][789]LogModuleManager: Shutting down and abandoning module AugmentedReality (267)
[2019.11.11-03.45.19:281][789]LogModuleManager: Shutting down and abandoning module GameplayTagsEditor (264)
[2019.11.11-03.45.19:281][789]LogModuleManager: Shutting down and abandoning module FacialAnimationEditor (262)
[2019.11.11-03.45.19:281][789]LogModuleManager: Shutting down and abandoning module FacialAnimation (260)
[2019.11.11-03.45.19:281][789]LogModuleManager: Shutting down and abandoning module DataValidation (258)
[2019.11.11-03.45.19:281][789]LogModuleManager: Shutting down and abandoning module AssetManagerEditor (256)
[2019.11.11-03.45.19:282][789]LogModuleManager: Shutting down and abandoning module LevelEditor (255)
[2019.11.11-03.45.19:287][789]LogModuleManager: Shutting down and abandoning module PixelInspectorModule (254)
[2019.11.11-03.45.19:287][789]LogModuleManager: Shutting down and abandoning module CommonMenuExtensions (252)
[2019.11.11-03.45.19:288][789]LogModuleManager: Shutting down and abandoning module MainFrame (250)
[2019.11.11-03.45.19:289][789]LogModuleManager: Shutting down and abandoning module HotReload (249)
[2019.11.11-03.45.19:290][789]LogModuleManager: Shutting down and abandoning module ContentBrowser (245)
[2019.11.11-03.45.19:296][789]LogModuleManager: Shutting down and abandoning module TreeMap (243)
[2019.11.11-03.45.19:296][789]LogModuleManager: Shutting down and abandoning module AnimationSharing (240)
[2019.11.11-03.45.19:297][789]LogModuleManager: Shutting down and abandoning module LightPropagationVolumeRuntime (238)
[2019.11.11-03.45.19:297][789]LogModuleManager: Shutting down and abandoning module AISupportModule (236)
[2019.11.11-03.45.19:297][789]LogModuleManager: Shutting down and abandoning module Paper2D (234)
[2019.11.11-03.45.19:297][789]LogModuleManager: Shutting down and abandoning module WindowsMoviePlayer (232)
[2019.11.11-03.45.19:297][789]LogModuleManager: Shutting down and abandoning module WebMMoviePlayer (230)
[2019.11.11-03.45.19:297][789]LogModuleManager: Shutting down and abandoning module PacketHandler (228)
[2019.11.11-03.45.19:297][789]LogModuleManager: Shutting down and abandoning module ClothingSystemEditor (226)
[2019.11.11-03.45.19:297][789]LogModuleManager: Shutting down and abandoning module ClothingSystemRuntime (224)
[2019.11.11-03.45.19:297][789]LogModuleManager: Shutting down and abandoning module MediaAssets (222)
[2019.11.11-03.45.19:297][789]LogModuleManager: Shutting down and abandoning module Overlay (220)
[2019.11.11-03.45.19:297][789]LogModuleManager: Shutting down and abandoning module OverlayEditor (219)
[2019.11.11-03.45.19:297][789]LogModuleManager: Shutting down and abandoning module VREditor (216)
[2019.11.11-03.45.19:298][789]LogModuleManager: Shutting down and abandoning module StringTableEditor (214)
[2019.11.11-03.45.19:298][789]LogModuleManager: Shutting down and abandoning module GameplayTasksEditor (212)
[2019.11.11-03.45.19:298][789]LogModuleManager: Shutting down and abandoning module BehaviorTreeEditor (210)
[2019.11.11-03.45.19:298][789]LogModuleManager: Shutting down and abandoning module FunctionalTesting (208)
[2019.11.11-03.45.19:298][789]LogModuleManager: Shutting down and abandoning module CollisionAnalyzer (206)
[2019.11.11-03.45.19:298][789]LogModuleManager: Shutting down and abandoning module WorkspaceMenuStructure (205)
[2019.11.11-03.45.19:298][789]LogModuleManager: Shutting down and abandoning module UMG (202)
[2019.11.11-03.45.19:298][789]LogModuleManager: Shutting down and abandoning module UMGEditor (201)
[2019.11.11-03.45.19:298][789]LogModuleManager: Shutting down and abandoning module Sequencer (200)
[2019.11.11-03.45.19:299][789]LogModuleManager: Shutting down and abandoning module MessageLog (197)
[2019.11.11-03.45.19:299][789]LogModuleManager: Shutting down and abandoning module SlateReflector (192)
[2019.11.11-03.45.19:299][789]LogModuleManager: Shutting down and abandoning module Slate (190)
[2019.11.11-03.45.19:299][789]LogModuleManager: Shutting down and abandoning module EditorStyle (188)
[2019.11.11-03.45.19:311][789]LogModuleManager: Shutting down and abandoning module UnrealEd (186)
[2019.11.11-03.45.19:311][789]LogModuleManager: Shutting down and abandoning module MRMesh (184)
[2019.11.11-03.45.19:311][789]LogModuleManager: Shutting down and abandoning module SourceCodeAccess (182)
[2019.11.11-03.45.19:311][789]LogModuleManager: Shutting down and abandoning module HeadMountedDisplay (180)
[2019.11.11-03.45.19:311][789]LogModuleManager: Shutting down and abandoning module XAudio2 (178)
[2019.11.11-03.45.19:311][789]LogModuleManager: Shutting down and abandoning module Networking (176)
[2019.11.11-03.45.19:311][789]LogModuleManager: Shutting down and abandoning module Core (174)
[2019.11.11-03.45.19:311][789]LogModuleManager: Shutting down and abandoning module KismetCompiler (172)
[2019.11.11-03.45.19:311][789]LogModuleManager: Shutting down and abandoning module MeshUtilities (170)
[2019.11.11-03.45.19:312][789]LogModuleManager: Shutting down and abandoning module MeshMergeUtilities (169)
[2019.11.11-03.45.19:312][789]LogModuleManager: Shutting down and abandoning module MeshReductionInterface (168)
[2019.11.11-03.45.19:312][789]LogModuleManager: Shutting down and abandoning module SkeletalMeshReduction (167)
[2019.11.11-03.45.19:312][789]LogModuleManager: Shutting down and abandoning module ProxyLODMeshReduction (165)
[2019.11.11-03.45.19:312][789]LogModuleManager: Shutting down and abandoning module QuadricMeshReduction (163)
[2019.11.11-03.45.19:312][789]LogModuleManager: Shutting down and abandoning module MaterialBaking (159)
[2019.11.11-03.45.19:312][789]LogModuleManager: Shutting down and abandoning module DerivedDataCache (154)
[2019.11.11-03.45.19:380][789]LogDerivedDataCache: Shutdown
[2019.11.11-03.45.19:381][789]LogModuleManager: Shutting down and abandoning module XGEController (152)
[2019.11.11-03.45.19:381][789]LogModuleManager: Shutting down and abandoning module TargetPlatform (150)
[2019.11.11-03.45.19:382][789]LogModuleManager: Shutting down and abandoning module VulkanShaderFormat (149)
[2019.11.11-03.45.19:382][789]LogModuleManager: Shutting down and abandoning module ShaderFormatVectorVM (147)
[2019.11.11-03.45.19:382][789]LogModuleManager: Shutting down and abandoning module ShaderFormatOpenGL (145)
[2019.11.11-03.45.19:382][789]LogModuleManager: Shutting down and abandoning module ShaderFormatD3D (143)
[2019.11.11-03.45.19:383][789]LogModuleManager: Shutting down and abandoning module MetalShaderFormat (141)
[2019.11.11-03.45.19:383][789]LogModuleManager: Shutting down and abandoning module TextureFormatUncompressed (139)
[2019.11.11-03.45.19:383][789]LogModuleManager: Shutting down and abandoning module TextureFormatPVR (137)
[2019.11.11-03.45.19:383][789]LogModuleManager: Shutting down and abandoning module TextureFormatDXT (135)
[2019.11.11-03.45.19:383][789]LogModuleManager: Shutting down and abandoning module TextureFormatIntelISPCTexComp (133)
[2019.11.11-03.45.19:383][789]LogModuleManager: Shutting down and abandoning module TextureFormatASTC (131)
[2019.11.11-03.45.19:383][789]LogModuleManager: Shutting down and abandoning module ImageWrapper (130)
[2019.11.11-03.45.19:383][789]LogModuleManager: Shutting down and abandoning module TextureFormatAndroid (127)
[2019.11.11-03.45.19:383][789]LogModuleManager: Shutting down and abandoning module AudioFormatOpus (125)
[2019.11.11-03.45.19:383][789]LogModuleManager: Shutting down and abandoning module AudioFormatOgg (123)
[2019.11.11-03.45.19:384][789]LogModuleManager: Shutting down and abandoning module AudioFormatADPCM (121)
[2019.11.11-03.45.19:384][789]LogModuleManager: Shutting down and abandoning module LuminTargetPlatform (119)
[2019.11.11-03.45.19:416][789]LogModuleManager: Shutting down and abandoning module LinuxTargetPlatform (117)
[2019.11.11-03.45.19:416][789]LogModuleManager: Shutting down and abandoning module LinuxServerTargetPlatform (115)
[2019.11.11-03.45.19:416][789]LogModuleManager: Shutting down and abandoning module LinuxNoEditorTargetPlatform (113)
[2019.11.11-03.45.19:416][789]LogModuleManager: Shutting down and abandoning module LinuxClientTargetPlatform (111)
[2019.11.11-03.45.19:417][789]LogModuleManager: Shutting down and abandoning module TVOSTargetPlatform (109)
[2019.11.11-03.45.19:436][789]LogModuleManager: Shutting down and abandoning module Messaging (107)
[2019.11.11-03.45.19:436][789]LogModuleManager: Shutting down and abandoning module IOSTargetPlatform (105)
[2019.11.11-03.45.19:449][789]LogModuleManager: Shutting down and abandoning module HTML5TargetPlatform (103)
[2019.11.11-03.45.19:449][789]LogModuleManager: Shutting down and abandoning module AndroidTargetPlatform (101)
[2019.11.11-03.45.19:552][789]LogModuleManager: Shutting down and abandoning module WindowsTargetPlatform (99)
[2019.11.11-03.45.19:552][789]LogModuleManager: Shutting down and abandoning module WindowsServerTargetPlatform (97)
[2019.11.11-03.45.19:552][789]LogModuleManager: Shutting down and abandoning module WindowsNoEditorTargetPlatform (95)
[2019.11.11-03.45.19:552][789]LogModuleManager: Shutting down and abandoning module WindowsClientTargetPlatform (93)
[2019.11.11-03.45.19:552][789]LogModuleManager: Shutting down and abandoning module MacTargetPlatform (91)
[2019.11.11-03.45.19:553][789]LogModuleManager: Shutting down and abandoning module MacServerTargetPlatform (89)
[2019.11.11-03.45.19:553][789]LogModuleManager: Shutting down and abandoning module MacNoEditorTargetPlatform (87)
[2019.11.11-03.45.19:553][789]LogModuleManager: Shutting down and abandoning module MacClientTargetPlatform (85)
[2019.11.11-03.45.19:553][789]LogModuleManager: Shutting down and abandoning module AllDesktopTargetPlatform (83)
[2019.11.11-03.45.19:553][789]LogModuleManager: Shutting down and abandoning module InputCore (80)
[2019.11.11-03.45.19:553][789]LogModuleManager: Shutting down and abandoning module Settings (78)
[2019.11.11-03.45.19:553][789]LogModuleManager: Shutting down and abandoning module DirectoryWatcher (76)
[2019.11.11-03.45.19:557][789]LogModuleManager: Shutting down and abandoning module PhysXCooking (74)
[2019.11.11-03.45.19:557][789]LogModuleManager: Shutting down and abandoning module SteamVR (72)
[2019.11.11-03.45.19:557][789]LogHMD: Freeing OpenVRDLLHandle.
[2019.11.11-03.45.19:557][789]LogModuleManager: Shutting down and abandoning module OculusHMD (70)
[2019.11.11-03.45.19:557][789]LogModuleManager: Shutting down and abandoning module ExampleDeviceProfileSelector (68)
[2019.11.11-03.45.19:557][789]LogModuleManager: Shutting down and abandoning module LauncherChunkInstaller (66)
[2019.11.11-03.45.19:558][789]LogModuleManager: Shutting down and abandoning module OnlineBlueprintSupport (64)
[2019.11.11-03.45.19:558][789]LogModuleManager: Shutting down and abandoning module OnlineSubsystem (60)
[2019.11.11-03.45.19:562][789]LogModuleManager: Shutting down and abandoning module XMPP (55)
[2019.11.11-03.45.19:562][789]LogModuleManager: Shutting down and abandoning module WebSockets (54)
[2019.11.11-03.45.19:570][789]LogModuleManager: Shutting down and abandoning module HTTP (51)
[2019.11.11-03.45.19:570][789]LogHttp: Display: Http module shutting down, but needs to wait on 2 outstanding Http requests:
[2019.11.11-03.45.19:570][789]LogHttp: Display: 	verb=[POST] url=[https://datarouter.ol.epicgames.com/datarouter/api/v1/public/data?SessionID=%7B6B44AB70-4D7E-3F63-8E3C-1D87502438CE%7D&AppID=UEEditor.Rocket.Release&AppVersion=4.22.3-7053642%2B%2B%2BUE4%2BRelease-4.22&UserID=00819556409e18e3f6717ab01550a1c3%7C4189fef67e57406088c8c78838cc1a4f%7Cb91a0d1d-f291-41b7-8881-48a40c55c360&AppEnvironment=datacollector-binary&UploadType=eteventstream] status=Processing
[2019.11.11-03.45.19:570][789]LogHttp: Display: 	verb=[POST] url=[https://datarouter.ol.epicgames.com/datarouter/api/v1/public/data?SessionID=%7B6B44AB70-4D7E-3F63-8E3C-1D87502438CE%7D&AppID=UEEditor.Rocket.Release&AppVersion=4.22.3-7053642%2B%2B%2BUE4%2BRelease-4.22&UserID=00819556409e18e3f6717ab01550a1c3%7C4189fef67e57406088c8c78838cc1a4f%7Cb91a0d1d-f291-41b7-8881-48a40c55c360&AppEnvironment=datacollector-binary&UploadType=eteventstream] status=Processing
[2019.11.11-03.45.19:592][789]LogModuleManager: Shutting down and abandoning module SSL (50)
[2019.11.11-03.45.19:600][789]LogModuleManager: Shutting down and abandoning module WmfMedia (46)
[2019.11.11-03.45.19:606][789]LogModuleManager: Shutting down and abandoning module Media (45)
[2019.11.11-03.45.19:613][789]LogModuleManager: Shutting down and abandoning module MagicLeap (42)
[2019.11.11-03.45.19:613][789]LogModuleManager: Shutting down and abandoning module DatasmithContent (40)
[2019.11.11-03.45.19:614][789]LogModuleManager: Shutting down and abandoning module AnimationModifiers (38)
[2019.11.11-03.45.19:614][789]LogModuleManager: Shutting down and abandoning module PropertyEditor (37)
[2019.11.11-03.45.19:614][789]LogModuleManager: Shutting down and abandoning module AudioEditor (34)
[2019.11.11-03.45.19:615][789]LogModuleManager: Shutting down and abandoning module TextureCompressor (32)
[2019.11.11-03.45.19:615][789]LogModuleManager: Shutting down and abandoning module RenderCore (30)
[2019.11.11-03.45.19:615][789]LogModuleManager: Shutting down and abandoning module Landscape (28)
[2019.11.11-03.45.19:615][789]LogModuleManager: Shutting down and abandoning module SlateRHIRenderer (26)
[2019.11.11-03.45.19:625][789]LogModuleManager: Shutting down and abandoning module OpenGLDrv (24)
[2019.11.11-03.45.19:626][789]LogModuleManager: Shutting down and abandoning module D3D11RHI (22)
[2019.11.11-03.45.19:626][789]LogModuleManager: Shutting down and abandoning module AnimGraphRuntime (20)
[2019.11.11-03.45.19:626][789]LogModuleManager: Shutting down and abandoning module Renderer (18)
[2019.11.11-03.45.19:626][789]LogModuleManager: Shutting down and abandoning module Engine (16)
[2019.11.11-03.45.19:626][789]LogModuleManager: Shutting down and abandoning module CoreUObject (14)
[2019.11.11-03.45.19:626][789]LogModuleManager: Shutting down and abandoning module NetworkFile (12)
[2019.11.11-03.45.19:626][789]LogModuleManager: Shutting down and abandoning module CookedIterativeFile (10)
[2019.11.11-03.45.19:626][789]LogModuleManager: Shutting down and abandoning module StreamingFile (8)
[2019.11.11-03.45.19:627][789]LogModuleManager: Shutting down and abandoning module SandboxFile (6)
[2019.11.11-03.45.19:627][789]LogModuleManager: Shutting down and abandoning module PakFile (4)
[2019.11.11-03.45.19:627][789]LogModuleManager: Shutting down and abandoning module RSA (3)
[2019.11.11-03.45.19:661][789]LogExit: Exiting.
[2019.11.11-03.45.19:748][789]Log file closed, 11/10/19 19:45:19
