Log file open, 10/24/19 14:15:36
LogWindows: Failed to load 'aqProf.dll' (GetLastError=126)
LogWindows: File 'aqProf.dll' does not exist
LogWindows: Failed to load 'VtuneApi.dll' (GetLastError=126)
LogWindows: File 'VtuneApi.dll' does not exist
LogWindows: Failed to load 'VtuneApi32e.dll' (GetLastError=126)
LogWindows: File 'VtuneApi32e.dll' does not exist
LogConsoleResponse: Display: Failed to find resolution value strings in scalability ini. Falling back to default.
LogInit: Display: Running engine for game: Mechanics_Sandbox
LogPakFile: Registered encryption key '00000000000000000000000000000000': 0 pak files mounted, 0 remain pending
LogPlatformFile: Not using cached read wrapper
LogTaskGraph: Started task graph with 5 named threads and 23 total threads with 3 sets of task threads.
LogStats: Stats thread started at 0.540444
LogD3D11RHI: Loaded GFSDK_Aftermath_Lib.x64.dll
LogICUInternationalization: ICU TimeZone Detection - Raw Offset: -8:00, Platform Override: ''
LogPluginManager: Mounting plugin Paper2D
LogPluginManager: Mounting plugin AISupport
LogPluginManager: Mounting plugin LightPropagationVolume
LogPluginManager: Mounting plugin ActorLayerUtilities
LogPluginManager: Mounting plugin AnimationSharing
LogPluginManager: Mounting plugin CLionSourceCodeAccess
LogPluginManager: Mounting plugin CodeLiteSourceCodeAccess
LogPluginManager: Mounting plugin GitSourceControl
LogPluginManager: Mounting plugin KDevelopSourceCodeAccess
LogPluginManager: Mounting plugin NullSourceCodeAccess
LogPluginManager: Mounting plugin PerforceSourceControl
LogPluginManager: Mounting plugin SubversionSourceControl
LogPluginManager: Mounting plugin UObjectPlugin
LogPluginManager: Mounting plugin VisualStudioCodeSourceCodeAccess
LogPluginManager: Mounting plugin VisualStudioSourceCodeAccess
LogPluginManager: Mounting plugin XCodeSourceCodeAccess
LogPluginManager: Mounting plugin AssetManagerEditor
LogPluginManager: Mounting plugin CryptoKeys
LogPluginManager: Mounting plugin DataValidation
LogPluginManager: Mounting plugin FacialAnimation
LogPluginManager: Mounting plugin GameplayTagsEditor
LogPluginManager: Mounting plugin MacGraphicsSwitching
LogPluginManager: Mounting plugin MaterialAnalyzer
LogPluginManager: Mounting plugin MobileLauncherProfileWizard
LogPluginManager: Mounting plugin PluginBrowser
LogPluginManager: Mounting plugin SpeedTreeImporter
LogPluginManager: Mounting plugin DatasmithContent
LogPluginManager: Mounting plugin VariantManagerContent
LogPluginManager: Mounting plugin AlembicImporter
LogPluginManager: Mounting plugin AppleImageUtils
LogPluginManager: Mounting plugin AppleVision
LogPluginManager: Mounting plugin BackChannel
LogPluginManager: Mounting plugin CharacterAI
LogPluginManager: Mounting plugin GeometryCache
LogPluginManager: Mounting plugin HTML5Networking
LogPluginManager: Mounting plugin ProxyLODPlugin
LogPluginManager: Mounting plugin SkeletalReduction
LogPluginManager: Mounting plugin MagicLeap
LogPluginManager: Mounting plugin MagicLeapMedia
LogPluginManager: Mounting plugin AndroidMedia
LogPluginManager: Mounting plugin AvfMedia
LogPluginManager: Mounting plugin ImgMedia
LogPluginManager: Mounting plugin LinearTimecode
LogPluginManager: Mounting plugin MediaCompositing
LogPluginManager: Mounting plugin MediaPlayerEditor
LogPluginManager: Mounting plugin WebMMedia
LogPluginManager: Mounting plugin WmfMedia
LogPluginManager: Mounting plugin TcpMessaging
LogPluginManager: Mounting plugin UdpMessaging
LogPluginManager: Mounting plugin ActorSequence
LogPluginManager: Mounting plugin LevelSequenceEditor
LogPluginManager: Mounting plugin MatineeToLevelSequence
LogPluginManager: Mounting plugin NetcodeUnitTest
LogPluginManager: Mounting plugin NUTUnrealEngine4
LogPluginManager: Mounting plugin OnlineSubsystemGooglePlay
LogPluginManager: Mounting plugin OnlineSubsystemIOS
LogPluginManager: Mounting plugin OnlineSubsystem
LogPluginManager: Mounting plugin OnlineSubsystemNull
LogPluginManager: Mounting plugin OnlineSubsystemUtils
LogPluginManager: Mounting plugin LauncherChunkInstaller
LogPluginManager: Mounting plugin AndroidDeviceProfileSelector
LogPluginManager: Mounting plugin AndroidMoviePlayer
LogPluginManager: Mounting plugin AndroidPermission
LogPluginManager: Mounting plugin AppleMoviePlayer
LogPluginManager: Mounting plugin ArchVisCharacter
LogPluginManager: Mounting plugin AudioCapture
LogPluginManager: Mounting plugin CableComponent
LogPluginManager: Mounting plugin CustomMeshComponent
LogPluginManager: Mounting plugin EditableMesh
LogPluginManager: Mounting plugin ExampleDeviceProfileSelector
LogPluginManager: Mounting plugin Firebase
LogPluginManager: Mounting plugin GoogleCloudMessaging
LogPluginManager: Mounting plugin IOSDeviceProfileSelector
LogPluginManager: Mounting plugin LinuxDeviceProfileSelector
LogPluginManager: Mounting plugin LocationServicesBPLibrary
LogPluginManager: Mounting plugin MobilePatchingUtils
LogPluginManager: Mounting plugin OculusVR
LogPluginManager: Mounting plugin PhysXVehicles
LogPluginManager: Mounting plugin ProceduralMeshComponent
LogPluginManager: Mounting plugin RuntimePhysXCooking
LogPluginManager: Mounting plugin SignificanceManager
LogPluginManager: Mounting plugin SteamVR
LogPluginManager: Mounting plugin WebMMoviePlayer
LogPluginManager: Mounting plugin WindowsMoviePlayer
LogInit: Using libcurl 7.55.1-DEV
LogInit:  - built for x86_64-pc-win32
LogInit:  - supports SSL with OpenSSL/1.1.1
LogInit:  - supports HTTP deflate (compression) using libz 1.2.8
LogInit:  - other features:
LogInit:      CURL_VERSION_SSL
LogInit:      CURL_VERSION_LIBZ
LogInit:      CURL_VERSION_IPV6
LogInit:      CURL_VERSION_ASYNCHDNS
LogInit:      CURL_VERSION_LARGEFILE
LogInit:      CURL_VERSION_IDN
LogInit:  CurlRequestOptions (configurable via config and command line):
LogInit:  - bVerifyPeer = true  - Libcurl will verify peer certificate
LogInit:  - bUseHttpProxy = false  - Libcurl will NOT use HTTP proxy
LogInit:  - bDontReuseConnections = false  - Libcurl will reuse connections
LogInit:  - MaxHostConnections = 16  - Libcurl will limit the number of connections to a host
LogInit:  - LocalHostAddr = Default
LogInit:  - BufferSize = 65536
LogInit: WinSock: version 1.1 (2.2), MaxSocks=32767, MaxUdp=65467
LogInit: Build: ++UE4+Release-4.22-CL-7053642
LogInit: Engine Version: 4.22.3-7053642+++UE4+Release-4.22
LogInit: Compatible Engine Version: 4.22.0-5660361+++UE4+Release-4.22
LogInit: Net CL: 5660361
LogInit: OS: Windows 10 (Release 1903) (), CPU: Intel(R) Core(TM) i7-7700HQ CPU @ 2.80GHz, GPU: Intel(R) HD Graphics 630
LogInit: Compiled (64-bit): Jun 18 2019 03:09:11
LogInit: Compiled with Visual C++: 19.16.27025.01
LogInit: Build Configuration: Development
LogInit: Branch Name: ++UE4+Release-4.22
LogInit: Command Line: 
LogInit: Base Directory: D:/EpicGames/UE_4.22/Engine/Binaries/Win64/
LogInit: Installed Engine Build: 1
LogDevObjectVersion: Number of dev versions registered: 23
LogDevObjectVersion:   Dev-Blueprints (B0D832E4-1F89-4F0D-ACCF-7EB736FD4AA2): 10
LogDevObjectVersion:   Dev-Build (E1C64328-A22C-4D53-A36C-8E866417BD8C): 0
LogDevObjectVersion:   Dev-Core (375EC13C-06E4-48FB-B500-84F0262A717E): 3
LogDevObjectVersion:   Dev-Editor (E4B068ED-F494-42E9-A231-DA0B2E46BB41): 30
LogDevObjectVersion:   Dev-Framework (CFFC743F-43B0-4480-9391-14DF171D2073): 35
LogDevObjectVersion:   Dev-Mobile (B02B49B5-BB20-44E9-A304-32B752E40360): 2
LogDevObjectVersion:   Dev-Networking (A4E4105C-59A1-49B5-A7C5-40C4547EDFEE): 0
LogDevObjectVersion:   Dev-Online (39C831C9-5AE6-47DC-9A44-9C173E1C8E7C): 0
LogDevObjectVersion:   Dev-Physics (78F01B33-EBEA-4F98-B9B4-84EACCB95AA2): 0
LogDevObjectVersion:   Dev-Platform (6631380F-2D4D-43E0-8009-CF276956A95A): 0
LogDevObjectVersion:   Dev-Rendering (12F88B9F-8875-4AFC-A67C-D90C383ABD29): 28
LogDevObjectVersion:   Dev-Sequencer (7B5AE74C-D270-4C10-A958-57980B212A5A): 11
LogDevObjectVersion:   Dev-VR (D7296918-1DD6-4BDD-9DE2-64A83CC13884): 2
LogDevObjectVersion:   Dev-LoadTimes (C2A15278-BFE7-4AFE-6C17-90FF531DF755): 1
LogDevObjectVersion:   Private-Geometry (6EACA3D4-40EC-4CC1-B786-8BED09428FC5): 3
LogDevObjectVersion:   Dev-AnimPhys (29E575DD-E0A3-4627-9D10-D276232CDCEA): 17
LogDevObjectVersion:   Dev-Anim (AF43A65D-7FD3-4947-9873-3E8ED9C1BB05): 2
LogDevObjectVersion:   Dev-ReflectionCapture (6B266CEC-1EC7-4B8F-A30B-E4D90942FC07): 1
LogDevObjectVersion:   Dev-Automation (0DF73D61-A23F-47EA-B727-89E90C41499A): 1
LogDevObjectVersion:   FortniteMain (601D1886-AC64-4F84-AA16-D3DE0DEAC7D6): 25
LogDevObjectVersion:   Dev-Enterprise (9DFFBCD6-494F-0158-E221-12823C92A888): 6
LogDevObjectVersion:   Dev-Niagara (F2AED0AC-9AFE-416F-8664-AA7FFA26D6FC): 1
LogDevObjectVersion:   Dev-Destruction (174F1F0B-B4C6-45A5-B13F-2EE8D0FB917D): 2
LogInit: Presizing for max 16777216 objects, including 0 objects not considered by GC, pre-allocating 0 bytes for permanent pool.
LogInit: Object subsystem initialized
LogConfig: Setting CVar [[con.DebugEarlyDefault:1]]
LogConfig: Setting CVar [[r.setres:1280x720]]
[2019.10.24-21.15.37:251][  0]LogConfig: Setting CVar [[r.VSync:0]]
[2019.10.24-21.15.37:251][  0]LogConfig: Setting CVar [[r.RHICmdBypass:0]]
[2019.10.24-21.15.37:251][  0]LogConfig: Applying CVar settings from Section [/Script/Engine.RendererSettings] File [C:/Users/danny/Desktop/Mechanics_Sandbox/Saved/Config/Windows/Engine.ini]
[2019.10.24-21.15.37:251][  0]LogConfig: Setting CVar [[r.GPUCrashDebugging:0]]
[2019.10.24-21.15.37:251][  0]LogConfig: Applying CVar settings from Section [/Script/Engine.RendererOverrideSettings] File [C:/Users/danny/Desktop/Mechanics_Sandbox/Saved/Config/Windows/Engine.ini]
[2019.10.24-21.15.37:251][  0]LogConfig: Applying CVar settings from Section [/Script/Engine.StreamingSettings] File [C:/Users/danny/Desktop/Mechanics_Sandbox/Saved/Config/Windows/Engine.ini]
[2019.10.24-21.15.37:251][  0]LogConfig: Setting CVar [[s.MinBulkDataSizeForAsyncLoading:131072]]
[2019.10.24-21.15.37:251][  0]LogConfig: Setting CVar [[s.AsyncLoadingThreadEnabled:0]]
[2019.10.24-21.15.37:251][  0]LogConfig: Setting CVar [[s.EventDrivenLoaderEnabled:1]]
[2019.10.24-21.15.37:251][  0]LogConfig: Setting CVar [[s.WarnIfTimeLimitExceeded:0]]
[2019.10.24-21.15.37:251][  0]LogConfig: Setting CVar [[s.TimeLimitExceededMultiplier:1.5]]
[2019.10.24-21.15.37:251][  0]LogConfig: Setting CVar [[s.TimeLimitExceededMinTime:0.005]]
[2019.10.24-21.15.37:251][  0]LogConfig: Setting CVar [[s.UseBackgroundLevelStreaming:1]]
[2019.10.24-21.15.37:252][  0]LogConfig: Setting CVar [[s.PriorityAsyncLoadingExtraTime:15.0]]
[2019.10.24-21.15.37:252][  0]LogConfig: Setting CVar [[s.LevelStreamingActorsUpdateTimeLimit:5.0]]
[2019.10.24-21.15.37:252][  0]LogConfig: Setting CVar [[s.PriorityLevelStreamingActorsUpdateExtraTime:5.0]]
[2019.10.24-21.15.37:252][  0]LogConfig: Setting CVar [[s.LevelStreamingComponentsRegistrationGranularity:10]]
[2019.10.24-21.15.37:252][  0]LogConfig: Setting CVar [[s.UnregisterComponentsTimeLimit:1.0]]
[2019.10.24-21.15.37:252][  0]LogConfig: Setting CVar [[s.LevelStreamingComponentsUnregistrationGranularity:5]]
[2019.10.24-21.15.37:252][  0]LogConfig: Applying CVar settings from Section [/Script/Engine.GarbageCollectionSettings] File [C:/Users/danny/Desktop/Mechanics_Sandbox/Saved/Config/Windows/Engine.ini]
[2019.10.24-21.15.37:252][  0]LogConfig: Setting CVar [[gc.MaxObjectsNotConsideredByGC:1]]
[2019.10.24-21.15.37:252][  0]LogConfig: Setting CVar [[gc.SizeOfPermanentObjectPool:0]]
[2019.10.24-21.15.37:252][  0]LogConfig: Setting CVar [[gc.FlushStreamingOnGC:0]]
[2019.10.24-21.15.37:252][  0]LogConfig: Setting CVar [[gc.NumRetriesBeforeForcingGC:10]]
[2019.10.24-21.15.37:252][  0]LogConfig: Setting CVar [[gc.AllowParallelGC:1]]
[2019.10.24-21.15.37:252][  0]LogConfig: Setting CVar [[gc.TimeBetweenPurgingPendingKillObjects:61.1]]
[2019.10.24-21.15.37:252][  0]LogConfig: Setting CVar [[gc.MaxObjectsInEditor:16777216]]
[2019.10.24-21.15.37:252][  0]LogConfig: Setting CVar [[gc.IncrementalBeginDestroyEnabled:1]]
[2019.10.24-21.15.37:252][  0]LogConfig: Setting CVar [[gc.CreateGCClusters:1]]
[2019.10.24-21.15.37:253][  0]LogConfig: Setting CVar [[gc.MinGCClusterSize:5]]
[2019.10.24-21.15.37:253][  0]LogConfig: Setting CVar [[gc.ActorClusteringEnabled:0]]
[2019.10.24-21.15.37:253][  0]LogConfig: Setting CVar [[gc.BlueprintClusteringEnabled:0]]
[2019.10.24-21.15.37:253][  0]LogConfig: Setting CVar [[gc.UseDisregardForGCOnDedicatedServers:0]]
[2019.10.24-21.15.37:253][  0]LogConfig: Applying CVar settings from Section [/Script/Engine.NetworkSettings] File [C:/Users/danny/Desktop/Mechanics_Sandbox/Saved/Config/Windows/Engine.ini]
[2019.10.24-21.15.37:253][  0]LogConfig: Applying CVar settings from Section [/Script/UnrealEd.CookerSettings] File [C:/Users/danny/Desktop/Mechanics_Sandbox/Saved/Config/Windows/Engine.ini]
[2019.10.24-21.15.37:264][  0]LogConfig: Applying CVar settings from Section [ViewDistanceQuality@3] File [C:/Users/danny/Desktop/Mechanics_Sandbox/Saved/Config/Windows/Scalability.ini]
[2019.10.24-21.15.37:264][  0]LogConfig: Setting CVar [[r.SkeletalMeshLODBias:0]]
[2019.10.24-21.15.37:264][  0]LogConfig: Setting CVar [[r.ViewDistanceScale:1.0]]
[2019.10.24-21.15.37:264][  0]LogConfig: Applying CVar settings from Section [AntiAliasingQuality@3] File [C:/Users/danny/Desktop/Mechanics_Sandbox/Saved/Config/Windows/Scalability.ini]
[2019.10.24-21.15.37:264][  0]LogConfig: Setting CVar [[r.PostProcessAAQuality:4]]
[2019.10.24-21.15.37:264][  0]LogConfig: Applying CVar settings from Section [ShadowQuality@3] File [C:/Users/danny/Desktop/Mechanics_Sandbox/Saved/Config/Windows/Scalability.ini]
[2019.10.24-21.15.37:264][  0]LogConfig: Setting CVar [[r.LightFunctionQuality:1]]
[2019.10.24-21.15.37:265][  0]LogConfig: Setting CVar [[r.ShadowQuality:5]]
[2019.10.24-21.15.37:265][  0]LogConfig: Setting CVar [[r.Shadow.CSM.MaxCascades:10]]
[2019.10.24-21.15.37:265][  0]LogConfig: Setting CVar [[r.Shadow.MaxResolution:2048]]
[2019.10.24-21.15.37:265][  0]LogConfig: Setting CVar [[r.Shadow.MaxCSMResolution:2048]]
[2019.10.24-21.15.37:265][  0]LogConfig: Setting CVar [[r.Shadow.RadiusThreshold:0.01]]
[2019.10.24-21.15.37:265][  0]LogConfig: Setting CVar [[r.Shadow.DistanceScale:1.0]]
[2019.10.24-21.15.37:265][  0]LogConfig: Setting CVar [[r.Shadow.CSM.TransitionScale:1.0]]
[2019.10.24-21.15.37:265][  0]LogConfig: Setting CVar [[r.Shadow.PreShadowResolutionFactor:1.0]]
[2019.10.24-21.15.37:265][  0]LogConfig: Setting CVar [[r.DistanceFieldShadowing:1]]
[2019.10.24-21.15.37:265][  0]LogConfig: Setting CVar [[r.DistanceFieldAO:1]]
[2019.10.24-21.15.37:265][  0]LogConfig: Setting CVar [[r.AOQuality:2]]
[2019.10.24-21.15.37:266][  0]LogConfig: Setting CVar [[r.VolumetricFog:1]]
[2019.10.24-21.15.37:266][  0]LogConfig: Setting CVar [[r.VolumetricFog.GridPixelSize:8]]
[2019.10.24-21.15.37:266][  0]LogConfig: Setting CVar [[r.VolumetricFog.GridSizeZ:128]]
[2019.10.24-21.15.37:266][  0]LogConfig: Setting CVar [[r.VolumetricFog.HistoryMissSupersampleCount:4]]
[2019.10.24-21.15.37:266][  0]LogConfig: Setting CVar [[r.LightMaxDrawDistanceScale:1]]
[2019.10.24-21.15.37:266][  0]LogConfig: Setting CVar [[r.CapsuleShadows:1]]
[2019.10.24-21.15.37:266][  0]LogConfig: Applying CVar settings from Section [PostProcessQuality@3] File [C:/Users/danny/Desktop/Mechanics_Sandbox/Saved/Config/Windows/Scalability.ini]
[2019.10.24-21.15.37:266][  0]LogConfig: Setting CVar [[r.MotionBlurQuality:4]]
[2019.10.24-21.15.37:266][  0]LogConfig: Setting CVar [[r.AmbientOcclusionMipLevelFactor:0.4]]
[2019.10.24-21.15.37:266][  0]LogConfig: Setting CVar [[r.AmbientOcclusionMaxQuality:100]]
[2019.10.24-21.15.37:266][  0]LogConfig: Setting CVar [[r.AmbientOcclusionLevels:-1]]
[2019.10.24-21.15.37:266][  0]LogConfig: Setting CVar [[r.AmbientOcclusionRadiusScale:1.0]]
[2019.10.24-21.15.37:266][  0]LogConfig: Setting CVar [[r.DepthOfFieldQuality:2]]
[2019.10.24-21.15.37:266][  0]LogConfig: Setting CVar [[r.RenderTargetPoolMin:400]]
[2019.10.24-21.15.37:266][  0]LogConfig: Setting CVar [[r.LensFlareQuality:2]]
[2019.10.24-21.15.37:266][  0]LogConfig: Setting CVar [[r.SceneColorFringeQuality:1]]
[2019.10.24-21.15.37:267][  0]LogConfig: Setting CVar [[r.EyeAdaptationQuality:2]]
[2019.10.24-21.15.37:267][  0]LogConfig: Setting CVar [[r.BloomQuality:5]]
[2019.10.24-21.15.37:267][  0]LogConfig: Setting CVar [[r.FastBlurThreshold:100]]
[2019.10.24-21.15.37:267][  0]LogConfig: Setting CVar [[r.Upscale.Quality:3]]
[2019.10.24-21.15.37:267][  0]LogConfig: Setting CVar [[r.Tonemapper.GrainQuantization:1]]
[2019.10.24-21.15.37:267][  0]LogConfig: Setting CVar [[r.LightShaftQuality:1]]
[2019.10.24-21.15.37:267][  0]LogConfig: Setting CVar [[r.Filter.SizeScale:1]]
[2019.10.24-21.15.37:267][  0]LogConfig: Setting CVar [[r.Tonemapper.Quality:5]]
[2019.10.24-21.15.37:267][  0]LogConfig: Setting CVar [[r.DOF.Gather.AccumulatorQuality:1        ; higher gathering accumulator quality]]
[2019.10.24-21.15.37:267][  0]LogConfig: Setting CVar [[r.DOF.Gather.PostfilterMethod:1          ; Median3x3 postfilering method]]
[2019.10.24-21.15.37:267][  0]LogConfig: Setting CVar [[r.DOF.Gather.EnableBokehSettings:0       ; no bokeh simulation when gathering]]
[2019.10.24-21.15.37:267][  0]LogConfig: Setting CVar [[r.DOF.Gather.RingCount:4                 ; medium number of samples when gathering]]
[2019.10.24-21.15.37:267][  0]LogConfig: Setting CVar [[r.DOF.Scatter.ForegroundCompositing:1    ; additive foreground scattering]]
[2019.10.24-21.15.37:267][  0]LogConfig: Setting CVar [[r.DOF.Scatter.BackgroundCompositing:2    ; additive background scattering]]
[2019.10.24-21.15.37:267][  0]LogConfig: Setting CVar [[r.DOF.Scatter.EnableBokehSettings:1      ; bokeh simulation when scattering]]
[2019.10.24-21.15.37:267][  0]LogConfig: Setting CVar [[r.DOF.Scatter.MaxSpriteRatio:0.1         ; only a maximum of 10% of scattered bokeh]]
[2019.10.24-21.15.37:267][  0]LogConfig: Setting CVar [[r.DOF.Recombine.Quality:1                ; cheap slight out of focus]]
[2019.10.24-21.15.37:267][  0]LogConfig: Setting CVar [[r.DOF.Recombine.EnableBokehSettings:0    ; no bokeh simulation on slight out of focus]]
[2019.10.24-21.15.37:268][  0]LogConfig: Setting CVar [[r.DOF.TemporalAAQuality:1                ; more stable temporal accumulation]]
[2019.10.24-21.15.37:268][  0]LogConfig: Setting CVar [[r.DOF.Kernel.MaxForegroundRadius:0.025]]
[2019.10.24-21.15.37:268][  0]LogConfig: Setting CVar [[r.DOF.Kernel.MaxBackgroundRadius:0.025]]
[2019.10.24-21.15.37:268][  0]LogConfig: Applying CVar settings from Section [TextureQuality@3] File [C:/Users/danny/Desktop/Mechanics_Sandbox/Saved/Config/Windows/Scalability.ini]
[2019.10.24-21.15.37:268][  0]LogConfig: Setting CVar [[r.Streaming.MipBias:0]]
[2019.10.24-21.15.37:268][  0]LogConfig: Setting CVar [[r.Streaming.AmortizeCPUToGPUCopy:0]]
[2019.10.24-21.15.37:268][  0]LogConfig: Setting CVar [[r.Streaming.MaxNumTexturesToStreamPerFrame:0]]
[2019.10.24-21.15.37:268][  0]LogConfig: Setting CVar [[r.Streaming.Boost:1]]
[2019.10.24-21.15.37:268][  0]LogConfig: Setting CVar [[r.MaxAnisotropy:8]]
[2019.10.24-21.15.37:268][  0]LogConfig: Setting CVar [[r.Streaming.LimitPoolSizeToVRAM:0]]
[2019.10.24-21.15.37:268][  0]LogConfig: Setting CVar [[r.Streaming.PoolSize:1000]]
[2019.10.24-21.15.37:268][  0]LogConfig: Setting CVar [[r.Streaming.MaxEffectiveScreenSize:0]]
[2019.10.24-21.15.37:268][  0]LogConfig: Applying CVar settings from Section [EffectsQuality@3] File [C:/Users/danny/Desktop/Mechanics_Sandbox/Saved/Config/Windows/Scalability.ini]
[2019.10.24-21.15.37:268][  0]LogConfig: Setting CVar [[r.TranslucencyLightingVolumeDim:64]]
[2019.10.24-21.15.37:268][  0]LogConfig: Setting CVar [[r.RefractionQuality:2]]
[2019.10.24-21.15.37:268][  0]LogConfig: Setting CVar [[r.SSR.Quality:3]]
[2019.10.24-21.15.37:268][  0]LogConfig: Setting CVar [[r.SceneColorFormat:4]]
[2019.10.24-21.15.37:269][  0]LogConfig: Setting CVar [[r.DetailMode:2]]
[2019.10.24-21.15.37:269][  0]LogConfig: Setting CVar [[r.TranslucencyVolumeBlur:1]]
[2019.10.24-21.15.37:269][  0]LogConfig: Setting CVar [[r.MaterialQualityLevel:1 ; High quality]]
[2019.10.24-21.15.37:269][  0]LogConfig: Setting CVar [[r.SSS.Scale:1]]
[2019.10.24-21.15.37:269][  0]LogConfig: Setting CVar [[r.SSS.SampleSet:2]]
[2019.10.24-21.15.37:269][  0]LogConfig: Setting CVar [[r.SSS.Quality:1]]
[2019.10.24-21.15.37:269][  0]LogConfig: Setting CVar [[r.SSS.HalfRes:1]]
[2019.10.24-21.15.37:269][  0]LogConfig: Setting CVar [[r.EmitterSpawnRateScale:1.0]]
[2019.10.24-21.15.37:269][  0]LogConfig: Setting CVar [[r.ParticleLightQuality:2]]
[2019.10.24-21.15.37:269][  0]LogConfig: Applying CVar settings from Section [FoliageQuality@3] File [C:/Users/danny/Desktop/Mechanics_Sandbox/Saved/Config/Windows/Scalability.ini]
[2019.10.24-21.15.37:269][  0]LogConfig: Setting CVar [[foliage.DensityScale:1.0]]
[2019.10.24-21.15.37:269][  0]LogConfig: Setting CVar [[grass.DensityScale:1.0]]
[2019.10.24-21.15.37:269][  0]LogInit: Selected Device Profile: [Windows]
[2019.10.24-21.15.37:269][  0]LogInit: Applying CVar settings loaded from the selected device profile: [Windows]
[2019.10.24-21.15.37:311][  0]LogHAL: Display: Platform has ~ 16 GB [17059446784 / 17179869184 / 16], which maps to Larger [LargestMinGB=32, LargerMinGB=12, DefaultMinGB=8, SmallerMinGB=6, SmallestMinGB=0)
[2019.10.24-21.15.37:311][  0]LogConfig: Setting CVar [[r.Vulkan.UseRealUBs:0		; Required until we fix HLR fall-out]]
[2019.10.24-21.15.37:311][  0]LogInit: Going up to parent DeviceProfile []
[2019.10.24-21.15.37:311][  0]LogConfig: Applying CVar settings from Section [ViewDistanceQuality@3] File [C:/Users/danny/Desktop/Mechanics_Sandbox/Saved/Config/Windows/Scalability.ini]
[2019.10.24-21.15.37:312][  0]LogConfig: Setting CVar [[r.SkeletalMeshLODBias:0]]
[2019.10.24-21.15.37:312][  0]LogConfig: Setting CVar [[r.ViewDistanceScale:1.0]]
[2019.10.24-21.15.37:312][  0]LogConfig: Applying CVar settings from Section [AntiAliasingQuality@3] File [C:/Users/danny/Desktop/Mechanics_Sandbox/Saved/Config/Windows/Scalability.ini]
[2019.10.24-21.15.37:312][  0]LogConfig: Setting CVar [[r.PostProcessAAQuality:4]]
[2019.10.24-21.15.37:312][  0]LogConfig: Applying CVar settings from Section [ShadowQuality@3] File [C:/Users/danny/Desktop/Mechanics_Sandbox/Saved/Config/Windows/Scalability.ini]
[2019.10.24-21.15.37:312][  0]LogConfig: Setting CVar [[r.LightFunctionQuality:1]]
[2019.10.24-21.15.37:312][  0]LogConfig: Setting CVar [[r.ShadowQuality:5]]
[2019.10.24-21.15.37:312][  0]LogConfig: Setting CVar [[r.Shadow.CSM.MaxCascades:10]]
[2019.10.24-21.15.37:312][  0]LogConfig: Setting CVar [[r.Shadow.MaxResolution:2048]]
[2019.10.24-21.15.37:312][  0]LogConfig: Setting CVar [[r.Shadow.MaxCSMResolution:2048]]
[2019.10.24-21.15.37:312][  0]LogConfig: Setting CVar [[r.Shadow.RadiusThreshold:0.01]]
[2019.10.24-21.15.37:313][  0]LogConfig: Setting CVar [[r.Shadow.DistanceScale:1.0]]
[2019.10.24-21.15.37:313][  0]LogConfig: Setting CVar [[r.Shadow.CSM.TransitionScale:1.0]]
[2019.10.24-21.15.37:313][  0]LogConfig: Setting CVar [[r.Shadow.PreShadowResolutionFactor:1.0]]
[2019.10.24-21.15.37:313][  0]LogConfig: Setting CVar [[r.DistanceFieldShadowing:1]]
[2019.10.24-21.15.37:313][  0]LogConfig: Setting CVar [[r.DistanceFieldAO:1]]
[2019.10.24-21.15.37:313][  0]LogConfig: Setting CVar [[r.AOQuality:2]]
[2019.10.24-21.15.37:313][  0]LogConfig: Setting CVar [[r.VolumetricFog:1]]
[2019.10.24-21.15.37:313][  0]LogConfig: Setting CVar [[r.VolumetricFog.GridPixelSize:8]]
[2019.10.24-21.15.37:313][  0]LogConfig: Setting CVar [[r.VolumetricFog.GridSizeZ:128]]
[2019.10.24-21.15.37:313][  0]LogConfig: Setting CVar [[r.VolumetricFog.HistoryMissSupersampleCount:4]]
[2019.10.24-21.15.37:313][  0]LogConfig: Setting CVar [[r.LightMaxDrawDistanceScale:1]]
[2019.10.24-21.15.37:313][  0]LogConfig: Setting CVar [[r.CapsuleShadows:1]]
[2019.10.24-21.15.37:313][  0]LogConfig: Applying CVar settings from Section [PostProcessQuality@3] File [C:/Users/danny/Desktop/Mechanics_Sandbox/Saved/Config/Windows/Scalability.ini]
[2019.10.24-21.15.37:313][  0]LogConfig: Setting CVar [[r.MotionBlurQuality:4]]
[2019.10.24-21.15.37:314][  0]LogConfig: Setting CVar [[r.AmbientOcclusionMipLevelFactor:0.4]]
[2019.10.24-21.15.37:314][  0]LogConfig: Setting CVar [[r.AmbientOcclusionMaxQuality:100]]
[2019.10.24-21.15.37:314][  0]LogConfig: Setting CVar [[r.AmbientOcclusionLevels:-1]]
[2019.10.24-21.15.37:314][  0]LogConfig: Setting CVar [[r.AmbientOcclusionRadiusScale:1.0]]
[2019.10.24-21.15.37:314][  0]LogConfig: Setting CVar [[r.DepthOfFieldQuality:2]]
[2019.10.24-21.15.37:314][  0]LogConfig: Setting CVar [[r.RenderTargetPoolMin:400]]
[2019.10.24-21.15.37:314][  0]LogConfig: Setting CVar [[r.LensFlareQuality:2]]
[2019.10.24-21.15.37:314][  0]LogConfig: Setting CVar [[r.SceneColorFringeQuality:1]]
[2019.10.24-21.15.37:314][  0]LogConfig: Setting CVar [[r.EyeAdaptationQuality:2]]
[2019.10.24-21.15.37:314][  0]LogConfig: Setting CVar [[r.BloomQuality:5]]
[2019.10.24-21.15.37:314][  0]LogConfig: Setting CVar [[r.FastBlurThreshold:100]]
[2019.10.24-21.15.37:314][  0]LogConfig: Setting CVar [[r.Upscale.Quality:3]]
[2019.10.24-21.15.37:314][  0]LogConfig: Setting CVar [[r.Tonemapper.GrainQuantization:1]]
[2019.10.24-21.15.37:314][  0]LogConfig: Setting CVar [[r.LightShaftQuality:1]]
[2019.10.24-21.15.37:315][  0]LogConfig: Setting CVar [[r.Filter.SizeScale:1]]
[2019.10.24-21.15.37:315][  0]LogConfig: Setting CVar [[r.Tonemapper.Quality:5]]
[2019.10.24-21.15.37:315][  0]LogConfig: Setting CVar [[r.DOF.Gather.AccumulatorQuality:1        ; higher gathering accumulator quality]]
[2019.10.24-21.15.37:315][  0]LogConfig: Setting CVar [[r.DOF.Gather.PostfilterMethod:1          ; Median3x3 postfilering method]]
[2019.10.24-21.15.37:315][  0]LogConfig: Setting CVar [[r.DOF.Gather.EnableBokehSettings:0       ; no bokeh simulation when gathering]]
[2019.10.24-21.15.37:315][  0]LogConfig: Setting CVar [[r.DOF.Gather.RingCount:4                 ; medium number of samples when gathering]]
[2019.10.24-21.15.37:315][  0]LogConfig: Setting CVar [[r.DOF.Scatter.ForegroundCompositing:1    ; additive foreground scattering]]
[2019.10.24-21.15.37:315][  0]LogConfig: Setting CVar [[r.DOF.Scatter.BackgroundCompositing:2    ; additive background scattering]]
[2019.10.24-21.15.37:315][  0]LogConfig: Setting CVar [[r.DOF.Scatter.EnableBokehSettings:1      ; bokeh simulation when scattering]]
[2019.10.24-21.15.37:316][  0]LogConfig: Setting CVar [[r.DOF.Scatter.MaxSpriteRatio:0.1         ; only a maximum of 10% of scattered bokeh]]
[2019.10.24-21.15.37:316][  0]LogConfig: Setting CVar [[r.DOF.Recombine.Quality:1                ; cheap slight out of focus]]
[2019.10.24-21.15.37:316][  0]LogConfig: Setting CVar [[r.DOF.Recombine.EnableBokehSettings:0    ; no bokeh simulation on slight out of focus]]
[2019.10.24-21.15.37:316][  0]LogConfig: Setting CVar [[r.DOF.TemporalAAQuality:1                ; more stable temporal accumulation]]
[2019.10.24-21.15.37:316][  0]LogConfig: Setting CVar [[r.DOF.Kernel.MaxForegroundRadius:0.025]]
[2019.10.24-21.15.37:316][  0]LogConfig: Setting CVar [[r.DOF.Kernel.MaxBackgroundRadius:0.025]]
[2019.10.24-21.15.37:316][  0]LogConfig: Applying CVar settings from Section [TextureQuality@3] File [C:/Users/danny/Desktop/Mechanics_Sandbox/Saved/Config/Windows/Scalability.ini]
[2019.10.24-21.15.37:316][  0]LogConfig: Setting CVar [[r.Streaming.MipBias:0]]
[2019.10.24-21.15.37:317][  0]LogConfig: Setting CVar [[r.Streaming.AmortizeCPUToGPUCopy:0]]
[2019.10.24-21.15.37:317][  0]LogConfig: Setting CVar [[r.Streaming.MaxNumTexturesToStreamPerFrame:0]]
[2019.10.24-21.15.37:317][  0]LogConfig: Setting CVar [[r.Streaming.Boost:1]]
[2019.10.24-21.15.37:317][  0]LogConfig: Setting CVar [[r.MaxAnisotropy:8]]
[2019.10.24-21.15.37:317][  0]LogConfig: Setting CVar [[r.Streaming.LimitPoolSizeToVRAM:0]]
[2019.10.24-21.15.37:317][  0]LogConfig: Setting CVar [[r.Streaming.PoolSize:1000]]
[2019.10.24-21.15.37:317][  0]LogConfig: Setting CVar [[r.Streaming.MaxEffectiveScreenSize:0]]
[2019.10.24-21.15.37:317][  0]LogConfig: Applying CVar settings from Section [EffectsQuality@3] File [C:/Users/danny/Desktop/Mechanics_Sandbox/Saved/Config/Windows/Scalability.ini]
[2019.10.24-21.15.37:317][  0]LogConfig: Setting CVar [[r.TranslucencyLightingVolumeDim:64]]
[2019.10.24-21.15.37:317][  0]LogConfig: Setting CVar [[r.RefractionQuality:2]]
[2019.10.24-21.15.37:317][  0]LogConfig: Setting CVar [[r.SSR.Quality:3]]
[2019.10.24-21.15.37:317][  0]LogConfig: Setting CVar [[r.SceneColorFormat:4]]
[2019.10.24-21.15.37:318][  0]LogConfig: Setting CVar [[r.DetailMode:2]]
[2019.10.24-21.15.37:318][  0]LogConfig: Setting CVar [[r.TranslucencyVolumeBlur:1]]
[2019.10.24-21.15.37:318][  0]LogConfig: Setting CVar [[r.MaterialQualityLevel:1 ; High quality]]
[2019.10.24-21.15.37:318][  0]LogConfig: Setting CVar [[r.SSS.Scale:1]]
[2019.10.24-21.15.37:318][  0]LogConfig: Setting CVar [[r.SSS.SampleSet:2]]
[2019.10.24-21.15.37:318][  0]LogConfig: Setting CVar [[r.SSS.Quality:1]]
[2019.10.24-21.15.37:318][  0]LogConfig: Setting CVar [[r.SSS.HalfRes:1]]
[2019.10.24-21.15.37:318][  0]LogConfig: Setting CVar [[r.EmitterSpawnRateScale:1.0]]
[2019.10.24-21.15.37:318][  0]LogConfig: Setting CVar [[r.ParticleLightQuality:2]]
[2019.10.24-21.15.37:318][  0]LogConfig: Applying CVar settings from Section [FoliageQuality@3] File [C:/Users/danny/Desktop/Mechanics_Sandbox/Saved/Config/Windows/Scalability.ini]
[2019.10.24-21.15.37:318][  0]LogConfig: Setting CVar [[foliage.DensityScale:1.0]]
[2019.10.24-21.15.37:319][  0]LogConfig: Setting CVar [[grass.DensityScale:1.0]]
[2019.10.24-21.15.37:319][  0]LogConfig: Applying CVar settings from Section [Startup] File [../../../Engine/Config/ConsoleVariables.ini]
[2019.10.24-21.15.37:320][  0]LogConfig: Setting CVar [[net.UseAdaptiveNetUpdateFrequency:0]]
[2019.10.24-21.15.37:320][  0]LogConfig: Setting CVar [[p.chaos.AllowCreatePhysxBodies:1]]
[2019.10.24-21.15.37:320][  0]LogConfig: Applying CVar settings from Section [ConsoleVariables] File [C:/Users/danny/Desktop/Mechanics_Sandbox/Saved/Config/Windows/Engine.ini]
[2019.10.24-21.15.37:320][  0]LogInit: Computer: MIMSI
[2019.10.24-21.15.37:320][  0]LogInit: User: danny
[2019.10.24-21.15.37:320][  0]LogInit: CPU Page size=4096, Cores=4
[2019.10.24-21.15.37:320][  0]LogInit: High frequency timer resolution =10.000000 MHz
[2019.10.24-21.15.37:321][  0]LogMemory: Memory total: Physical=15.9GB (16GB approx)
[2019.10.24-21.15.37:321][  0]LogMemory: Platform Memory Stats for Windows
[2019.10.24-21.15.37:321][  0]LogMemory: Process Physical Memory: 97.45 MB used, 97.45 MB peak
[2019.10.24-21.15.37:321][  0]LogMemory: Process Virtual Memory: 88.96 MB used, 88.96 MB peak
[2019.10.24-21.15.37:321][  0]LogMemory: Physical Memory: 9605.00 MB used,  6664.15 MB free, 16269.16 MB total
[2019.10.24-21.15.37:321][  0]LogMemory: Virtual Memory: 4642.21 MB used,  134213088.00 MB free, 134217728.00 MB total
[2019.10.24-21.15.37:388][  0]LogInit: Using OS detected language (en-US).
[2019.10.24-21.15.37:388][  0]LogInit: Using OS detected locale (en-US).
[2019.10.24-21.15.37:390][  0]LogTextLocalizationManager: No specific localization for 'en-US' exists, so the 'en' localization will be used.
[2019.10.24-21.15.37:922][  0]LogSlate: New Slate User Created.  User Index 0, Is Virtual User: 0
[2019.10.24-21.15.37:923][  0]LogSlate: Slate User Registered.  User Index 0, Is Virtual User: 0
[2019.10.24-21.15.38:738][  0]LogHMD: Failed to initialize OpenVR with code 100
[2019.10.24-21.15.38:738][  0]LogD3D11RHI: D3D11 adapters:
[2019.10.24-21.15.38:944][  0]LogD3D11RHI:    0. 'NVIDIA GeForce GTX 1070' (Feature Level 11_0)
[2019.10.24-21.15.38:944][  0]LogD3D11RHI:       8082/0/8134 MB DedicatedVideo/DedicatedSystem/SharedSystem, Outputs:2, VendorId:0x10de
[2019.10.24-21.15.38:975][  0]LogD3D11RHI:    1. 'Intel(R) HD Graphics 630' (Feature Level 11_0)
[2019.10.24-21.15.38:975][  0]LogD3D11RHI:       128/0/8134 MB DedicatedVideo/DedicatedSystem/SharedSystem, Outputs:0, VendorId:0x8086
[2019.10.24-21.15.38:982][  0]LogD3D11RHI:    2. 'Microsoft Basic Render Driver' (Feature Level 11_0)
[2019.10.24-21.15.38:982][  0]LogD3D11RHI:       0/0/8134 MB DedicatedVideo/DedicatedSystem/SharedSystem, Outputs:0, VendorId:0x1414
[2019.10.24-21.15.38:982][  0]LogD3D11RHI: Chosen D3D11 Adapter: 0
[2019.10.24-21.15.39:068][  0]LogD3D11RHI: Creating new Direct3DDevice
[2019.10.24-21.15.39:068][  0]LogD3D11RHI:     GPU DeviceId: 0x1ba1 (for the marketing name, search the web for "GPU Device Id")
[2019.10.24-21.15.39:068][  0]LogWindows: EnumDisplayDevices:
[2019.10.24-21.15.39:068][  0]LogWindows:    0. 'Intel(R) HD Graphics 630' (P:1 D:1)
[2019.10.24-21.15.39:070][  0]LogWindows:    1. 'Intel(R) HD Graphics 630' (P:0 D:0)
[2019.10.24-21.15.39:071][  0]LogWindows:    2. 'Intel(R) HD Graphics 630' (P:0 D:0)
[2019.10.24-21.15.39:072][  0]LogWindows:    3. 'NVIDIA GeForce GTX 1070' (P:0 D:1)
[2019.10.24-21.15.39:073][  0]LogWindows:    4. 'NVIDIA GeForce GTX 1070' (P:0 D:0)
[2019.10.24-21.15.39:074][  0]LogWindows:    5. 'NVIDIA GeForce GTX 1070' (P:0 D:0)
[2019.10.24-21.15.39:074][  0]LogWindows:    6. 'NVIDIA GeForce GTX 1070' (P:0 D:0)
[2019.10.24-21.15.39:075][  0]LogWindows: DebugString: PrimaryIsNotTheChoosenAdapter PrimaryIsNotTheChoosenAdapter PrimaryIsNotTheChoosenAdapter FoundDriverCount:4 
[2019.10.24-21.15.39:075][  0]LogD3D11RHI:     Adapter Name: NVIDIA GeForce GTX 1070
[2019.10.24-21.15.39:075][  0]LogD3D11RHI:   Driver Version: 436.02 (internal:26.21.14.3602, unified:436.02)
[2019.10.24-21.15.39:075][  0]LogD3D11RHI:      Driver Date: 8-16-2019
[2019.10.24-21.15.39:075][  0]LogRHI: Texture pool is 5657 MB (70% of 8082 MB)
[2019.10.24-21.15.39:196][  0]LogD3D11RHI: Async texture creation enabled
[2019.10.24-21.15.39:207][  0]LogRendererCore: FGlobalReadBuffer::InitRHI
[2019.10.24-21.15.39:208][  0]LogRendererCore: FGlobalReadBuffer::InitRHI
[2019.10.24-21.15.39:208][  0]LogRendererCore: FGlobalReadBuffer::InitRHI
[2019.10.24-21.15.39:224][  0]LogD3D11RHI: GPU Timing Frequency: 1000.000000 (Debug: 2 1)
[2019.10.24-21.15.40:309][  0]LogTemp: Display: Module 'AllDesktopTargetPlatform' loaded TargetPlatform 'AllDesktop'
[2019.10.24-21.15.40:344][  0]LogTemp: Display: Module 'MacClientTargetPlatform' loaded TargetPlatform 'MacClient'
[2019.10.24-21.15.40:379][  0]LogTemp: Display: Module 'MacNoEditorTargetPlatform' loaded TargetPlatform 'MacNoEditor'
[2019.10.24-21.15.40:417][  0]LogTemp: Display: Module 'MacServerTargetPlatform' loaded TargetPlatform 'MacServer'
[2019.10.24-21.15.40:459][  0]LogTemp: Display: Module 'MacTargetPlatform' loaded TargetPlatform 'Mac'
[2019.10.24-21.15.40:493][  0]LogTemp: Display: Module 'WindowsClientTargetPlatform' loaded TargetPlatform 'WindowsClient'
[2019.10.24-21.15.40:528][  0]LogTemp: Display: Module 'WindowsNoEditorTargetPlatform' loaded TargetPlatform 'WindowsNoEditor'
[2019.10.24-21.15.40:562][  0]LogTemp: Display: Module 'WindowsServerTargetPlatform' loaded TargetPlatform 'WindowsServer'
[2019.10.24-21.15.40:576][  0]LogTemp: Display: Module 'WindowsTargetPlatform' loaded TargetPlatform 'Windows'
[2019.10.24-21.15.40:798][  0]LogTemp: Display: Module 'AndroidTargetPlatform' loaded TargetPlatform 'Android'
[2019.10.24-21.15.40:798][  0]LogTemp: Display: Module 'AndroidTargetPlatform' loaded TargetPlatform 'Android_ASTC'
[2019.10.24-21.15.40:798][  0]LogTemp: Display: Module 'AndroidTargetPlatform' loaded TargetPlatform 'Android_ATC'
[2019.10.24-21.15.40:799][  0]LogTemp: Display: Module 'AndroidTargetPlatform' loaded TargetPlatform 'Android_DXT'
[2019.10.24-21.15.40:799][  0]LogTemp: Display: Module 'AndroidTargetPlatform' loaded TargetPlatform 'Android_ETC1'
[2019.10.24-21.15.40:799][  0]LogTemp: Display: Module 'AndroidTargetPlatform' loaded TargetPlatform 'Android_ETC1a'
[2019.10.24-21.15.40:799][  0]LogTemp: Display: Module 'AndroidTargetPlatform' loaded TargetPlatform 'Android_ETC2'
[2019.10.24-21.15.40:799][  0]LogTemp: Display: Module 'AndroidTargetPlatform' loaded TargetPlatform 'Android_PVRTC'
[2019.10.24-21.15.40:799][  0]LogTemp: Display: Module 'AndroidTargetPlatform' loaded TargetPlatform 'AndroidClient'
[2019.10.24-21.15.40:799][  0]LogTemp: Display: Module 'AndroidTargetPlatform' loaded TargetPlatform 'Android_ASTCClient'
[2019.10.24-21.15.40:799][  0]LogTemp: Display: Module 'AndroidTargetPlatform' loaded TargetPlatform 'Android_ATCClient'
[2019.10.24-21.15.40:799][  0]LogTemp: Display: Module 'AndroidTargetPlatform' loaded TargetPlatform 'Android_DXTClient'
[2019.10.24-21.15.40:799][  0]LogTemp: Display: Module 'AndroidTargetPlatform' loaded TargetPlatform 'Android_ETC1Client'
[2019.10.24-21.15.40:799][  0]LogTemp: Display: Module 'AndroidTargetPlatform' loaded TargetPlatform 'Android_ETC1aClient'
[2019.10.24-21.15.40:799][  0]LogTemp: Display: Module 'AndroidTargetPlatform' loaded TargetPlatform 'Android_ETC2Client'
[2019.10.24-21.15.40:799][  0]LogTemp: Display: Module 'AndroidTargetPlatform' loaded TargetPlatform 'Android_PVRTCClient'
[2019.10.24-21.15.40:799][  0]LogTemp: Display: Module 'AndroidTargetPlatform' loaded TargetPlatform 'Android_Multi'
[2019.10.24-21.15.40:799][  0]LogTemp: Display: Module 'AndroidTargetPlatform' loaded TargetPlatform 'Android_MultiClient'
[2019.10.24-21.15.40:803][  0]LogTemp: Display: Module 'HTML5TargetPlatform' loaded TargetPlatform 'HTML5'
[2019.10.24-21.15.40:899][  0]LogTemp: Display: Module 'IOSTargetPlatform' loaded TargetPlatform 'IOSClient'
[2019.10.24-21.15.40:899][  0]LogTemp: Display: Module 'IOSTargetPlatform' loaded TargetPlatform 'IOS'
[2019.10.24-21.15.40:967][  0]LogTemp: Display: Module 'TVOSTargetPlatform' loaded TargetPlatform 'TVOSClient'
[2019.10.24-21.15.40:967][  0]LogTemp: Display: Module 'TVOSTargetPlatform' loaded TargetPlatform 'TVOS'
[2019.10.24-21.15.41:006][  0]LogTemp: Display: Module 'LinuxClientTargetPlatform' loaded TargetPlatform 'LinuxClient'
[2019.10.24-21.15.41:042][  0]LogTemp: Display: Module 'LinuxNoEditorTargetPlatform' loaded TargetPlatform 'LinuxNoEditor'
[2019.10.24-21.15.41:076][  0]LogTemp: Display: Module 'LinuxServerTargetPlatform' loaded TargetPlatform 'LinuxServer'
[2019.10.24-21.15.41:109][  0]LogTemp: Display: Module 'LinuxTargetPlatform' loaded TargetPlatform 'Linux'
[2019.10.24-21.15.41:250][  0]LogTemp: Display: Module 'LuminTargetPlatform' loaded TargetPlatform 'Lumin'
[2019.10.24-21.15.41:250][  0]LogTemp: Display: Module 'LuminTargetPlatform' loaded TargetPlatform 'LuminClient'
[2019.10.24-21.15.41:251][  0]LogTargetPlatformManager: Display: Building Assets For Windows
[2019.10.24-21.15.41:269][  0]LogAudioDebug: Display: Lib vorbis DLL was dynamically loaded.
[2019.10.24-21.15.41:386][  0]LogShaderCompilers: Guid format shader working directory is 6 characters bigger than the processId version (C:/Users/danny/Desktop/Mechanics_Sandbox/Intermediate/Shaders/WorkingDirectory/2308/).
[2019.10.24-21.15.41:386][  0]LogShaderCompilers: Cleaned the shader compiler working directory 'C:/Users/danny/AppData/Local/Temp/UnrealShaderWorkingDir/4731A062441A59C4B3663A83AEBC300D/'.
[2019.10.24-21.15.41:390][  0]LogXGEController: Cannot use XGE Controller as Incredibuild is not installed on this machine.
[2019.10.24-21.15.41:390][  0]LogShaderCompilers: Cannot use XGE Shader Compiler as Incredibuild is not installed on this machine.
[2019.10.24-21.15.41:390][  0]LogShaderCompilers: Display: Using Local Shader Compiler.
[2019.10.24-21.15.43:186][  0]LogDerivedDataCache: Display: Max Cache Size: 512 MB
[2019.10.24-21.15.43:307][  0]LogDerivedDataCache: Loaded boot cache 0.12s 71MB C:/Users/danny/AppData/Local/UnrealEngine/4.22/DerivedDataCache/Boot.ddc.
[2019.10.24-21.15.43:307][  0]LogDerivedDataCache: Display: Loaded Boot cache: C:/Users/danny/AppData/Local/UnrealEngine/4.22/DerivedDataCache/Boot.ddc
[2019.10.24-21.15.43:308][  0]LogDerivedDataCache: FDerivedDataBackendGraph:  Pak pak cache file C:/Users/danny/Desktop/Mechanics_Sandbox/DerivedDataCache/DDC.ddp not found, will not use a pak cache.
[2019.10.24-21.15.43:308][  0]LogDerivedDataCache: Unable to find inner node Pak for hierarchical cache Hierarchy.
[2019.10.24-21.15.43:308][  0]LogDerivedDataCache: FDerivedDataBackendGraph:  CompressedPak pak cache file C:/Users/danny/Desktop/Mechanics_Sandbox/DerivedDataCache/Compressed.ddp not found, will not use a pak cache.
[2019.10.24-21.15.43:308][  0]LogDerivedDataCache: Unable to find inner node CompressedPak for hierarchical cache Hierarchy.
[2019.10.24-21.15.43:344][  0]LogDerivedDataCache: Display: Pak cache opened for reading ../../../Engine/DerivedDataCache/Compressed.ddp.
[2019.10.24-21.15.43:344][  0]LogDerivedDataCache: FDerivedDataBackendGraph:  EnterprisePak pak cache file ../../../Enterprise/DerivedDataCache/Compressed.ddp not found, will not use a pak cache.
[2019.10.24-21.15.43:344][  0]LogDerivedDataCache: Unable to find inner node EnterprisePak for hierarchical cache Hierarchy.
[2019.10.24-21.15.43:358][  0]LogDerivedDataCache: Using Local data cache path C:/Users/danny/AppData/Local/UnrealEngine/Common/DerivedDataCache: Writable
[2019.10.24-21.15.43:358][  0]LogDerivedDataCache: Shared data cache path not found in *engine.ini, will not use an Shared cache.
[2019.10.24-21.15.43:358][  0]LogDerivedDataCache: Unable to find inner node Shared for hierarchical cache Hierarchy.
[2019.10.24-21.15.43:431][  0]LogMaterial: Verifying Global Shaders for PCD3D_SM5
[2019.10.24-21.15.43:435][  0]LogSlate: Using FreeType 2.6.0
[2019.10.24-21.15.43:436][  0]LogSlate: SlateFontServices - WITH_FREETYPE: 1, WITH_HARFBUZZ: 1
[2019.10.24-21.15.43:680][  0]LogAssetRegistry: FAssetRegistry took 0.0665 seconds to start up
[2019.10.24-21.15.44:834][  0]LogInit: Selected Device Profile: [Windows]
[2019.10.24-21.15.45:031][  0]LogMeshReduction: Using QuadricMeshReduction for automatic static mesh reduction
[2019.10.24-21.15.45:031][  0]LogMeshReduction: Using SimplygonMeshReduction for automatic skeletal mesh reduction
[2019.10.24-21.15.45:031][  0]LogMeshReduction: Using ProxyLODMeshReduction for automatic mesh merging
[2019.10.24-21.15.45:031][  0]LogMeshReduction: No distributed automatic mesh merging module available
[2019.10.24-21.15.45:031][  0]LogMeshMerging: No distributed automatic mesh merging module available
[2019.10.24-21.15.45:333][  0]LogNetVersion: Mechanics_Sandbox 1.0.0, NetCL: 5660361, EngineNetVer: 10, GameNetVer: 0 (Checksum: 3413983669)
[2019.10.24-21.15.46:755][  0]LogPackageLocalizationCache: Processed 10 localized package path(s) for 1 prioritized culture(s) in 0.117485 seconds
[2019.10.24-21.15.46:773][  0]LogUObjectArray: 42205 objects as part of root set at end of initial load.
[2019.10.24-21.15.46:773][  0]LogUObjectAllocator: 7325032 out of 0 bytes used by permanent object pool.
[2019.10.24-21.15.46:773][  0]LogUObjectArray: CloseDisregardForGC: 0/0 objects in disregard for GC pool
[2019.10.24-21.15.49:767][  0]LogTcpMessaging: Initializing TcpMessaging bridge
[2019.10.24-21.15.49:835][  0]LogUdpMessaging: Initializing bridge on interface 0.0.0.0:0 to multicast group 230.0.0.1:6666.
[2019.10.24-21.15.50:067][  0]SourceControl: Source control is disabled
[2019.10.24-21.15.50:067][  0]SourceControl: Source control is disabled
[2019.10.24-21.15.50:071][  0]SourceControl: Source control is disabled
[2019.10.24-21.15.50:075][  0]SourceControl: Source control is disabled
[2019.10.24-21.15.50:296][  0]LogAndroidPermission: UAndroidPermissionCallbackProxy::GetInstance
[2019.10.24-21.15.50:625][  0]LogOcInput: OculusInput pre-init called
[2019.10.24-21.15.52:986][  0]LogEngine: Initializing Engine...
[2019.10.24-21.15.52:989][  0]LogHMD: Failed to initialize OpenVR with code 100
[2019.10.24-21.15.52:992][  0]LogStats: UGameplayTagsManager::InitializeManager -  0.000 s
[2019.10.24-21.15.53:629][  0]LogInit: Initializing FReadOnlyCVARCache
[2019.10.24-21.15.53:654][  0]LogAIModule: Creating AISystem for world Untitled
[2019.10.24-21.15.53:894][  0]LogInit: XAudio2 using 'Headset Earphone (SteelSeries Arctis 5 Chat)' : 2 channels at 48 kHz using 16 bits per sample (channel mask 0x3)
[2019.10.24-21.15.53:968][  0]LogInit: FAudioDevice initialized.
[2019.10.24-21.15.53:968][  0]LogNetVersion: Set ProjectVersion to 1.0.0.0. Version Checksum will be recalculated on next use.
[2019.10.24-21.15.54:087][  0]LogDerivedDataCache: Saved boot cache 0.12s 71MB C:/Users/danny/AppData/Local/UnrealEngine/4.22/DerivedDataCache/Boot.ddc.
[2019.10.24-21.15.54:117][  0]LogInit: Texture streaming: Enabled
[2019.10.24-21.15.54:156][  0]LogEngineSessionManager: EngineSessionManager initialized
[2019.10.24-21.15.54:213][  0]LogInit: Transaction tracking system initialized
[2019.10.24-21.15.54:259][  0]BlueprintLog: New page: Editor Load
[2019.10.24-21.15.54:551][  0]LocalizationService: Localization service is disabled
[2019.10.24-21.15.55:487][  0]LogFileCache: Scanning file cache for directory 'C:/Users/danny/Desktop/Mechanics_Sandbox/Content/' took 0.02s
[2019.10.24-21.15.55:487][  0]LogCook: Display: Max memory allowance for cook 16384mb min free memory 0mb
[2019.10.24-21.15.55:487][  0]LogCook: Display: Mobile HDR setting 1
[2019.10.24-21.15.56:047][  0]SourceControl: Source control is disabled
[2019.10.24-21.15.56:076][  0]LogFactory: FactoryCreateFile: PackFactory with PackFactory (0 0 D:/EpicGames/UE_4.22/FeaturePacks/StarterContent.upack)
[2019.10.24-21.15.56:187][  0]LogPackFactory: Finished extracting 8 files (including 0 errors).
[2019.10.24-21.15.56:277][  0]LogPackFactory: Copied "../../../Samples/StarterContent/Content/StarterContent/Architecture/Floor_400x400.uasset" to "C:/Users/danny/Desktop/Mechanics_Sandbox/Content/StarterContent/Architecture/Floor_400x400.uasset"
[2019.10.24-21.15.56:320][  0]LogPackFactory: Copied "../../../Samples/StarterContent/Content/StarterContent/Architecture/Pillar_50x500.uasset" to "C:/Users/danny/Desktop/Mechanics_Sandbox/Content/StarterContent/Architecture/Pillar_50x500.uasset"
[2019.10.24-21.15.56:380][  0]LogPackFactory: Copied "../../../Samples/StarterContent/Content/StarterContent/Architecture/SM_AssetPlatform.uasset" to "C:/Users/danny/Desktop/Mechanics_Sandbox/Content/StarterContent/Architecture/SM_AssetPlatform.uasset"
[2019.10.24-21.15.56:411][  0]LogPackFactory: Copied "../../../Samples/StarterContent/Content/StarterContent/Architecture/Wall_400x200.uasset" to "C:/Users/danny/Desktop/Mechanics_Sandbox/Content/StarterContent/Architecture/Wall_400x200.uasset"
[2019.10.24-21.15.56:447][  0]LogPackFactory: Copied "../../../Samples/StarterContent/Content/StarterContent/Architecture/Wall_400x300.uasset" to "C:/Users/danny/Desktop/Mechanics_Sandbox/Content/StarterContent/Architecture/Wall_400x300.uasset"
[2019.10.24-21.15.56:484][  0]LogPackFactory: Copied "../../../Samples/StarterContent/Content/StarterContent/Architecture/Wall_400x400.uasset" to "C:/Users/danny/Desktop/Mechanics_Sandbox/Content/StarterContent/Architecture/Wall_400x400.uasset"
[2019.10.24-21.15.56:516][  0]LogPackFactory: Copied "../../../Samples/StarterContent/Content/StarterContent/Architecture/Wall_500x500.uasset" to "C:/Users/danny/Desktop/Mechanics_Sandbox/Content/StarterContent/Architecture/Wall_500x500.uasset"
[2019.10.24-21.15.56:541][  0]LogPackFactory: Copied "../../../Samples/StarterContent/Content/StarterContent/Architecture/Wall_Door_400x300.uasset" to "C:/Users/danny/Desktop/Mechanics_Sandbox/Content/StarterContent/Architecture/Wall_Door_400x300.uasset"
[2019.10.24-21.15.56:577][  0]LogPackFactory: Copied "../../../Samples/StarterContent/Content/StarterContent/Architecture/Wall_Door_400x400.uasset" to "C:/Users/danny/Desktop/Mechanics_Sandbox/Content/StarterContent/Architecture/Wall_Door_400x400.uasset"
[2019.10.24-21.15.56:606][  0]LogPackFactory: Copied "../../../Samples/StarterContent/Content/StarterContent/Architecture/Wall_Window_400x300.uasset" to "C:/Users/danny/Desktop/Mechanics_Sandbox/Content/StarterContent/Architecture/Wall_Window_400x300.uasset"
[2019.10.24-21.15.56:651][  0]LogPackFactory: Copied "../../../Samples/StarterContent/Content/StarterContent/Architecture/Wall_Window_400x400.uasset" to "C:/Users/danny/Desktop/Mechanics_Sandbox/Content/StarterContent/Architecture/Wall_Window_400x400.uasset"
[2019.10.24-21.15.56:700][  0]LogPackFactory: Copied "../../../Samples/StarterContent/Content/StarterContent/Audio/Collapse01.uasset" to "C:/Users/danny/Desktop/Mechanics_Sandbox/Content/StarterContent/Audio/Collapse01.uasset"
[2019.10.24-21.15.56:737][  0]LogPackFactory: Copied "../../../Samples/StarterContent/Content/StarterContent/Audio/Collapse02.uasset" to "C:/Users/danny/Desktop/Mechanics_Sandbox/Content/StarterContent/Audio/Collapse02.uasset"
[2019.10.24-21.15.56:762][  0]LogPackFactory: Copied "../../../Samples/StarterContent/Content/StarterContent/Audio/Collapse_Cue.uasset" to "C:/Users/danny/Desktop/Mechanics_Sandbox/Content/StarterContent/Audio/Collapse_Cue.uasset"
[2019.10.24-21.15.56:799][  0]LogPackFactory: Copied "../../../Samples/StarterContent/Content/StarterContent/Audio/Explosion01.uasset" to "C:/Users/danny/Desktop/Mechanics_Sandbox/Content/StarterContent/Audio/Explosion01.uasset"
[2019.10.24-21.15.56:835][  0]LogPackFactory: Copied "../../../Samples/StarterContent/Content/StarterContent/Audio/Explosion02.uasset" to "C:/Users/danny/Desktop/Mechanics_Sandbox/Content/StarterContent/Audio/Explosion02.uasset"
[2019.10.24-21.15.56:849][  0]LogPackFactory: Copied "../../../Samples/StarterContent/Content/StarterContent/Audio/Explosion_Cue.uasset" to "C:/Users/danny/Desktop/Mechanics_Sandbox/Content/StarterContent/Audio/Explosion_Cue.uasset"
[2019.10.24-21.15.56:910][  0]LogPackFactory: Copied "../../../Samples/StarterContent/Content/StarterContent/Audio/Fire01.uasset" to "C:/Users/danny/Desktop/Mechanics_Sandbox/Content/StarterContent/Audio/Fire01.uasset"
[2019.10.24-21.15.56:925][  0]LogPackFactory: Copied "../../../Samples/StarterContent/Content/StarterContent/Audio/Fire01_Cue.uasset" to "C:/Users/danny/Desktop/Mechanics_Sandbox/Content/StarterContent/Audio/Fire01_Cue.uasset"
[2019.10.24-21.15.56:965][  0]LogPackFactory: Copied "../../../Samples/StarterContent/Content/StarterContent/Audio/Fire_Sparks01.uasset" to "C:/Users/danny/Desktop/Mechanics_Sandbox/Content/StarterContent/Audio/Fire_Sparks01.uasset"
[2019.10.24-21.15.56:988][  0]LogPackFactory: Copied "../../../Samples/StarterContent/Content/StarterContent/Audio/Fire_Sparks01_Cue.uasset" to "C:/Users/danny/Desktop/Mechanics_Sandbox/Content/StarterContent/Audio/Fire_Sparks01_Cue.uasset"
[2019.10.24-21.15.57:058][  0]LogPackFactory: Copied "../../../Samples/StarterContent/Content/StarterContent/Audio/Light01.uasset" to "C:/Users/danny/Desktop/Mechanics_Sandbox/Content/StarterContent/Audio/Light01.uasset"
[2019.10.24-21.15.57:081][  0]LogPackFactory: Copied "../../../Samples/StarterContent/Content/StarterContent/Audio/Light01_Cue.uasset" to "C:/Users/danny/Desktop/Mechanics_Sandbox/Content/StarterContent/Audio/Light01_Cue.uasset"
[2019.10.24-21.15.57:118][  0]LogPackFactory: Copied "../../../Samples/StarterContent/Content/StarterContent/Audio/Light02.uasset" to "C:/Users/danny/Desktop/Mechanics_Sandbox/Content/StarterContent/Audio/Light02.uasset"
[2019.10.24-21.15.57:134][  0]LogPackFactory: Copied "../../../Samples/StarterContent/Content/StarterContent/Audio/Light02_Cue.uasset" to "C:/Users/danny/Desktop/Mechanics_Sandbox/Content/StarterContent/Audio/Light02_Cue.uasset"
[2019.10.24-21.15.57:159][  0]LogPackFactory: Copied "../../../Samples/StarterContent/Content/StarterContent/Audio/Smoke01.uasset" to "C:/Users/danny/Desktop/Mechanics_Sandbox/Content/StarterContent/Audio/Smoke01.uasset"
[2019.10.24-21.15.57:175][  0]LogPackFactory: Copied "../../../Samples/StarterContent/Content/StarterContent/Audio/Smoke01_Cue.uasset" to "C:/Users/danny/Desktop/Mechanics_Sandbox/Content/StarterContent/Audio/Smoke01_Cue.uasset"
[2019.10.24-21.15.57:206][  0]LogPackFactory: Copied "../../../Samples/StarterContent/Content/StarterContent/Audio/Starter_Background_Cue.uasset" to "C:/Users/danny/Desktop/Mechanics_Sandbox/Content/StarterContent/Audio/Starter_Background_Cue.uasset"
[2019.10.24-21.15.57:290][  0]LogPackFactory: Copied "../../../Samples/StarterContent/Content/StarterContent/Audio/Starter_Birds01.uasset" to "C:/Users/danny/Desktop/Mechanics_Sandbox/Content/StarterContent/Audio/Starter_Birds01.uasset"
[2019.10.24-21.15.57:432][  0]LogPackFactory: Copied "../../../Samples/StarterContent/Content/StarterContent/Audio/Starter_Music01.uasset" to "C:/Users/danny/Desktop/Mechanics_Sandbox/Content/StarterContent/Audio/Starter_Music01.uasset"
[2019.10.24-21.15.57:455][  0]LogPackFactory: Copied "../../../Samples/StarterContent/Content/StarterContent/Audio/Starter_Music_Cue.uasset" to "C:/Users/danny/Desktop/Mechanics_Sandbox/Content/StarterContent/Audio/Starter_Music_Cue.uasset"
[2019.10.24-21.15.57:507][  0]LogPackFactory: Copied "../../../Samples/StarterContent/Content/StarterContent/Audio/Starter_Wind05.uasset" to "C:/Users/danny/Desktop/Mechanics_Sandbox/Content/StarterContent/Audio/Starter_Wind05.uasset"
[2019.10.24-21.15.57:562][  0]LogPackFactory: Copied "../../../Samples/StarterContent/Content/StarterContent/Audio/Starter_Wind06.uasset" to "C:/Users/danny/Desktop/Mechanics_Sandbox/Content/StarterContent/Audio/Starter_Wind06.uasset"
[2019.10.24-21.15.57:632][  0]LogPackFactory: Copied "../../../Samples/StarterContent/Content/StarterContent/Audio/Steam01.uasset" to "C:/Users/danny/Desktop/Mechanics_Sandbox/Content/StarterContent/Audio/Steam01.uasset"
[2019.10.24-21.15.57:658][  0]LogPackFactory: Copied "../../../Samples/StarterContent/Content/StarterContent/Audio/Steam01_Cue.uasset" to "C:/Users/danny/Desktop/Mechanics_Sandbox/Content/StarterContent/Audio/Steam01_Cue.uasset"
[2019.10.24-21.15.57:695][  0]LogPackFactory: Copied "../../../Samples/StarterContent/Content/StarterContent/Blueprints/Blueprint_CeilingLight.uasset" to "C:/Users/danny/Desktop/Mechanics_Sandbox/Content/StarterContent/Blueprints/Blueprint_CeilingLight.uasset"
[2019.10.24-21.15.57:729][  0]LogPackFactory: Copied "../../../Samples/StarterContent/Content/StarterContent/Blueprints/Blueprint_Effect_Explosion.uasset" to "C:/Users/danny/Desktop/Mechanics_Sandbox/Content/StarterContent/Blueprints/Blueprint_Effect_Explosion.uasset"
[2019.10.24-21.15.57:769][  0]LogPackFactory: Copied "../../../Samples/StarterContent/Content/StarterContent/Blueprints/Blueprint_Effect_Fire.uasset" to "C:/Users/danny/Desktop/Mechanics_Sandbox/Content/StarterContent/Blueprints/Blueprint_Effect_Fire.uasset"
[2019.10.24-21.15.57:809][  0]LogPackFactory: Copied "../../../Samples/StarterContent/Content/StarterContent/Blueprints/Blueprint_Effect_Smoke.uasset" to "C:/Users/danny/Desktop/Mechanics_Sandbox/Content/StarterContent/Blueprints/Blueprint_Effect_Smoke.uasset"
[2019.10.24-21.15.57:877][  0]LogPackFactory: Copied "../../../Samples/StarterContent/Content/StarterContent/Blueprints/Blueprint_Effect_Sparks.uasset" to "C:/Users/danny/Desktop/Mechanics_Sandbox/Content/StarterContent/Blueprints/Blueprint_Effect_Sparks.uasset"
[2019.10.24-21.15.57:914][  0]LogPackFactory: Copied "../../../Samples/StarterContent/Content/StarterContent/Blueprints/Blueprint_Effect_Steam.uasset" to "C:/Users/danny/Desktop/Mechanics_Sandbox/Content/StarterContent/Blueprints/Blueprint_Effect_Steam.uasset"
[2019.10.24-21.15.57:952][  0]LogPackFactory: Copied "../../../Samples/StarterContent/Content/StarterContent/Blueprints/Blueprint_WallSconce.uasset" to "C:/Users/danny/Desktop/Mechanics_Sandbox/Content/StarterContent/Blueprints/Blueprint_WallSconce.uasset"
[2019.10.24-21.15.57:992][  0]LogPackFactory: Copied "../../../Samples/StarterContent/Content/StarterContent/Blueprints/BP_LightStudio.uasset" to "C:/Users/danny/Desktop/Mechanics_Sandbox/Content/StarterContent/Blueprints/BP_LightStudio.uasset"
[2019.10.24-21.15.58:040][  0]LogPackFactory: Copied "../../../Samples/StarterContent/Content/StarterContent/Blueprints/Assets/FogBrightnessLUT.uasset" to "C:/Users/danny/Desktop/Mechanics_Sandbox/Content/StarterContent/Blueprints/Assets/FogBrightnessLUT.uasset"
[2019.10.24-21.15.58:076][  0]LogPackFactory: Copied "../../../Samples/StarterContent/Content/StarterContent/Blueprints/Assets/M_LightStage_Arrows.uasset" to "C:/Users/danny/Desktop/Mechanics_Sandbox/Content/StarterContent/Blueprints/Assets/M_LightStage_Arrows.uasset"
[2019.10.24-21.15.58:124][  0]LogPackFactory: Copied "../../../Samples/StarterContent/Content/StarterContent/Blueprints/Assets/M_LightStage_Skybox_Black.uasset" to "C:/Users/danny/Desktop/Mechanics_Sandbox/Content/StarterContent/Blueprints/Assets/M_LightStage_Skybox_Black.uasset"
[2019.10.24-21.15.58:170][  0]LogPackFactory: Copied "../../../Samples/StarterContent/Content/StarterContent/Blueprints/Assets/M_LightStage_Skybox_HDRI.uasset" to "C:/Users/danny/Desktop/Mechanics_Sandbox/Content/StarterContent/Blueprints/Assets/M_LightStage_Skybox_HDRI.uasset"
[2019.10.24-21.15.58:195][  0]LogPackFactory: Copied "../../../Samples/StarterContent/Content/StarterContent/Blueprints/Assets/M_LightStage_Skybox_Master.uasset" to "C:/Users/danny/Desktop/Mechanics_Sandbox/Content/StarterContent/Blueprints/Assets/M_LightStage_Skybox_Master.uasset"
[2019.10.24-21.15.58:244][  0]LogPackFactory: Copied "../../../Samples/StarterContent/Content/StarterContent/Blueprints/Assets/Skybox.uasset" to "C:/Users/danny/Desktop/Mechanics_Sandbox/Content/StarterContent/Blueprints/Assets/Skybox.uasset"
[2019.10.24-21.15.58:358][  0]LogPackFactory: Copied "../../../Samples/StarterContent/Content/StarterContent/Blueprints/Assets/SM_Arrows.uasset" to "C:/Users/danny/Desktop/Mechanics_Sandbox/Content/StarterContent/Blueprints/Assets/SM_Arrows.uasset"
[2019.10.24-21.15.58:395][  0]LogPackFactory: Copied "../../../Samples/StarterContent/Content/StarterContent/Blueprints/Assets/SunlightColorLUT.uasset" to "C:/Users/danny/Desktop/Mechanics_Sandbox/Content/StarterContent/Blueprints/Assets/SunlightColorLUT.uasset"
[2019.10.24-21.15.59:478][  0]LogPackFactory: Copied "../../../Samples/StarterContent/Content/StarterContent/HDRI/HDRI_Epic_Courtyard_Daylight.uasset" to "C:/Users/danny/Desktop/Mechanics_Sandbox/Content/StarterContent/HDRI/HDRI_Epic_Courtyard_Daylight.uasset"
[2019.10.24-21.15.59:518][  0]LogPackFactory: Copied "../../../Samples/StarterContent/Content/StarterContent/Maps/Advanced_Lighting.umap" to "C:/Users/danny/Desktop/Mechanics_Sandbox/Content/StarterContent/Maps/Advanced_Lighting.umap"
[2019.10.24-21.15.59:595][  0]LogPackFactory: Copied "../../../Samples/StarterContent/Content/StarterContent/Maps/Advanced_Lighting_BuiltData.uasset" to "C:/Users/danny/Desktop/Mechanics_Sandbox/Content/StarterContent/Maps/Advanced_Lighting_BuiltData.uasset"
[2019.10.24-21.15.59:645][  0]LogPackFactory: Copied "../../../Samples/StarterContent/Content/StarterContent/Maps/Minimal_Default.umap" to "C:/Users/danny/Desktop/Mechanics_Sandbox/Content/StarterContent/Maps/Minimal_Default.umap"
[2019.10.24-21.15.59:705][  0]LogPackFactory: Copied "../../../Samples/StarterContent/Content/StarterContent/Maps/Minimal_Default_BuiltData.uasset" to "C:/Users/danny/Desktop/Mechanics_Sandbox/Content/StarterContent/Maps/Minimal_Default_BuiltData.uasset"
[2019.10.24-21.15.59:746][  0]LogPackFactory: Copied "../../../Samples/StarterContent/Content/StarterContent/Maps/StarterMap.umap" to "C:/Users/danny/Desktop/Mechanics_Sandbox/Content/StarterContent/Maps/StarterMap.umap"
[2019.10.24-21.16.00:207][  0]LogPackFactory: Copied "../../../Samples/StarterContent/Content/StarterContent/Maps/StarterMap_BuiltData.uasset" to "C:/Users/danny/Desktop/Mechanics_Sandbox/Content/StarterContent/Maps/StarterMap_BuiltData.uasset"
[2019.10.24-21.16.00:251][  0]LogPackFactory: Copied "../../../Samples/StarterContent/Content/StarterContent/Materials/M_AssetPlatform.uasset" to "C:/Users/danny/Desktop/Mechanics_Sandbox/Content/StarterContent/Materials/M_AssetPlatform.uasset"
[2019.10.24-21.16.00:296][  0]LogPackFactory: Copied "../../../Samples/StarterContent/Content/StarterContent/Materials/M_Basic_Floor.uasset" to "C:/Users/danny/Desktop/Mechanics_Sandbox/Content/StarterContent/Materials/M_Basic_Floor.uasset"
[2019.10.24-21.16.00:363][  0]LogPackFactory: Copied "../../../Samples/StarterContent/Content/StarterContent/Materials/M_Basic_Wall.uasset" to "C:/Users/danny/Desktop/Mechanics_Sandbox/Content/StarterContent/Materials/M_Basic_Wall.uasset"
[2019.10.24-21.16.00:409][  0]LogPackFactory: Copied "../../../Samples/StarterContent/Content/StarterContent/Materials/M_Brick_Clay_Beveled.uasset" to "C:/Users/danny/Desktop/Mechanics_Sandbox/Content/StarterContent/Materials/M_Brick_Clay_Beveled.uasset"
[2019.10.24-21.16.00:450][  0]LogPackFactory: Copied "../../../Samples/StarterContent/Content/StarterContent/Materials/M_Brick_Clay_New.uasset" to "C:/Users/danny/Desktop/Mechanics_Sandbox/Content/StarterContent/Materials/M_Brick_Clay_New.uasset"
[2019.10.24-21.16.00:500][  0]LogPackFactory: Copied "../../../Samples/StarterContent/Content/StarterContent/Materials/M_Brick_Clay_Old.uasset" to "C:/Users/danny/Desktop/Mechanics_Sandbox/Content/StarterContent/Materials/M_Brick_Clay_Old.uasset"
[2019.10.24-21.16.00:542][  0]LogPackFactory: Copied "../../../Samples/StarterContent/Content/StarterContent/Materials/M_Brick_Cut_Stone.uasset" to "C:/Users/danny/Desktop/Mechanics_Sandbox/Content/StarterContent/Materials/M_Brick_Cut_Stone.uasset"
[2019.10.24-21.16.00:578][  0]LogPackFactory: Copied "../../../Samples/StarterContent/Content/StarterContent/Materials/M_Brick_Hewn_Stone.uasset" to "C:/Users/danny/Desktop/Mechanics_Sandbox/Content/StarterContent/Materials/M_Brick_Hewn_Stone.uasset"
[2019.10.24-21.16.00:620][  0]LogPackFactory: Copied "../../../Samples/StarterContent/Content/StarterContent/Materials/M_Ceramic_Tile_Checker.uasset" to "C:/Users/danny/Desktop/Mechanics_Sandbox/Content/StarterContent/Materials/M_Ceramic_Tile_Checker.uasset"
[2019.10.24-21.16.00:662][  0]LogPackFactory: Copied "../../../Samples/StarterContent/Content/StarterContent/Materials/M_CobbleStone_Pebble.uasset" to "C:/Users/danny/Desktop/Mechanics_Sandbox/Content/StarterContent/Materials/M_CobbleStone_Pebble.uasset"
[2019.10.24-21.16.00:749][  0]LogPackFactory: Copied "../../../Samples/StarterContent/Content/StarterContent/Materials/M_CobbleStone_Rough.uasset" to "C:/Users/danny/Desktop/Mechanics_Sandbox/Content/StarterContent/Materials/M_CobbleStone_Rough.uasset"
[2019.10.24-21.16.00:792][  0]LogPackFactory: Copied "../../../Samples/StarterContent/Content/StarterContent/Materials/M_CobbleStone_Smooth.uasset" to "C:/Users/danny/Desktop/Mechanics_Sandbox/Content/StarterContent/Materials/M_CobbleStone_Smooth.uasset"
[2019.10.24-21.16.00:835][  0]LogPackFactory: Copied "../../../Samples/StarterContent/Content/StarterContent/Materials/M_ColorGrid_LowSpec.uasset" to "C:/Users/danny/Desktop/Mechanics_Sandbox/Content/StarterContent/Materials/M_ColorGrid_LowSpec.uasset"
[2019.10.24-21.16.00:874][  0]LogPackFactory: Copied "../../../Samples/StarterContent/Content/StarterContent/Materials/M_Concrete_Grime.uasset" to "C:/Users/danny/Desktop/Mechanics_Sandbox/Content/StarterContent/Materials/M_Concrete_Grime.uasset"
[2019.10.24-21.16.00:913][  0]LogPackFactory: Copied "../../../Samples/StarterContent/Content/StarterContent/Materials/M_Concrete_Panels.uasset" to "C:/Users/danny/Desktop/Mechanics_Sandbox/Content/StarterContent/Materials/M_Concrete_Panels.uasset"
[2019.10.24-21.16.00:960][  0]LogPackFactory: Copied "../../../Samples/StarterContent/Content/StarterContent/Materials/M_Concrete_Poured.uasset" to "C:/Users/danny/Desktop/Mechanics_Sandbox/Content/StarterContent/Materials/M_Concrete_Poured.uasset"
[2019.10.24-21.16.01:004][  0]LogPackFactory: Copied "../../../Samples/StarterContent/Content/StarterContent/Materials/M_Concrete_Tiles.uasset" to "C:/Users/danny/Desktop/Mechanics_Sandbox/Content/StarterContent/Materials/M_Concrete_Tiles.uasset"
[2019.10.24-21.16.01:050][  0]LogPackFactory: Copied "../../../Samples/StarterContent/Content/StarterContent/Materials/M_Glass.uasset" to "C:/Users/danny/Desktop/Mechanics_Sandbox/Content/StarterContent/Materials/M_Glass.uasset"
[2019.10.24-21.16.01:125][  0]LogPackFactory: Copied "../../../Samples/StarterContent/Content/StarterContent/Materials/M_Ground_Grass.uasset" to "C:/Users/danny/Desktop/Mechanics_Sandbox/Content/StarterContent/Materials/M_Ground_Grass.uasset"
[2019.10.24-21.16.01:171][  0]LogPackFactory: Copied "../../../Samples/StarterContent/Content/StarterContent/Materials/M_Ground_Gravel.uasset" to "C:/Users/danny/Desktop/Mechanics_Sandbox/Content/StarterContent/Materials/M_Ground_Gravel.uasset"
[2019.10.24-21.16.01:224][  0]LogPackFactory: Copied "../../../Samples/StarterContent/Content/StarterContent/Materials/M_Ground_Moss.uasset" to "C:/Users/danny/Desktop/Mechanics_Sandbox/Content/StarterContent/Materials/M_Ground_Moss.uasset"
[2019.10.24-21.16.01:265][  0]LogPackFactory: Copied "../../../Samples/StarterContent/Content/StarterContent/Materials/M_Metal_Brushed_Nickel.uasset" to "C:/Users/danny/Desktop/Mechanics_Sandbox/Content/StarterContent/Materials/M_Metal_Brushed_Nickel.uasset"
[2019.10.24-21.16.01:302][  0]LogPackFactory: Copied "../../../Samples/StarterContent/Content/StarterContent/Materials/M_Metal_Burnished_Steel.uasset" to "C:/Users/danny/Desktop/Mechanics_Sandbox/Content/StarterContent/Materials/M_Metal_Burnished_Steel.uasset"
[2019.10.24-21.16.01:343][  0]LogPackFactory: Copied "../../../Samples/StarterContent/Content/StarterContent/Materials/M_Metal_Chrome.uasset" to "C:/Users/danny/Desktop/Mechanics_Sandbox/Content/StarterContent/Materials/M_Metal_Chrome.uasset"
[2019.10.24-21.16.01:388][  0]LogPackFactory: Copied "../../../Samples/StarterContent/Content/StarterContent/Materials/M_Metal_Copper.uasset" to "C:/Users/danny/Desktop/Mechanics_Sandbox/Content/StarterContent/Materials/M_Metal_Copper.uasset"
[2019.10.24-21.16.01:425][  0]LogPackFactory: Copied "../../../Samples/StarterContent/Content/StarterContent/Materials/M_Metal_Gold.uasset" to "C:/Users/danny/Desktop/Mechanics_Sandbox/Content/StarterContent/Materials/M_Metal_Gold.uasset"
[2019.10.24-21.16.01:488][  0]LogPackFactory: Copied "../../../Samples/StarterContent/Content/StarterContent/Materials/M_Metal_Rust.uasset" to "C:/Users/danny/Desktop/Mechanics_Sandbox/Content/StarterContent/Materials/M_Metal_Rust.uasset"
[2019.10.24-21.16.01:529][  0]LogPackFactory: Copied "../../../Samples/StarterContent/Content/StarterContent/Materials/M_Metal_Steel.uasset" to "C:/Users/danny/Desktop/Mechanics_Sandbox/Content/StarterContent/Materials/M_Metal_Steel.uasset"
[2019.10.24-21.16.01:569][  0]LogPackFactory: Copied "../../../Samples/StarterContent/Content/StarterContent/Materials/M_Rock_Basalt.uasset" to "C:/Users/danny/Desktop/Mechanics_Sandbox/Content/StarterContent/Materials/M_Rock_Basalt.uasset"
[2019.10.24-21.16.01:612][  0]LogPackFactory: Copied "../../../Samples/StarterContent/Content/StarterContent/Materials/M_Rock_Marble_Polished.uasset" to "C:/Users/danny/Desktop/Mechanics_Sandbox/Content/StarterContent/Materials/M_Rock_Marble_Polished.uasset"
[2019.10.24-21.16.01:650][  0]LogPackFactory: Copied "../../../Samples/StarterContent/Content/StarterContent/Materials/M_Rock_Sandstone.uasset" to "C:/Users/danny/Desktop/Mechanics_Sandbox/Content/StarterContent/Materials/M_Rock_Sandstone.uasset"
[2019.10.24-21.16.01:693][  0]LogPackFactory: Copied "../../../Samples/StarterContent/Content/StarterContent/Materials/M_Rock_Slate.uasset" to "C:/Users/danny/Desktop/Mechanics_Sandbox/Content/StarterContent/Materials/M_Rock_Slate.uasset"
[2019.10.24-21.16.01:732][  0]LogPackFactory: Copied "../../../Samples/StarterContent/Content/StarterContent/Materials/M_Tech_Checker_Dot.uasset" to "C:/Users/danny/Desktop/Mechanics_Sandbox/Content/StarterContent/Materials/M_Tech_Checker_Dot.uasset"
[2019.10.24-21.16.01:792][  0]LogPackFactory: Copied "../../../Samples/StarterContent/Content/StarterContent/Materials/M_Tech_Hex_Tile.uasset" to "C:/Users/danny/Desktop/Mechanics_Sandbox/Content/StarterContent/Materials/M_Tech_Hex_Tile.uasset"
[2019.10.24-21.16.01:887][  0]LogPackFactory: Copied "../../../Samples/StarterContent/Content/StarterContent/Materials/M_Tech_Hex_Tile_Pulse.uasset" to "C:/Users/danny/Desktop/Mechanics_Sandbox/Content/StarterContent/Materials/M_Tech_Hex_Tile_Pulse.uasset"
[2019.10.24-21.16.01:950][  0]LogPackFactory: Copied "../../../Samples/StarterContent/Content/StarterContent/Materials/M_Tech_Panel.uasset" to "C:/Users/danny/Desktop/Mechanics_Sandbox/Content/StarterContent/Materials/M_Tech_Panel.uasset"
[2019.10.24-21.16.02:019][  0]LogPackFactory: Copied "../../../Samples/StarterContent/Content/StarterContent/Materials/M_Water_Lake.uasset" to "C:/Users/danny/Desktop/Mechanics_Sandbox/Content/StarterContent/Materials/M_Water_Lake.uasset"
[2019.10.24-21.16.02:072][  0]LogPackFactory: Copied "../../../Samples/StarterContent/Content/StarterContent/Materials/M_Water_Ocean.uasset" to "C:/Users/danny/Desktop/Mechanics_Sandbox/Content/StarterContent/Materials/M_Water_Ocean.uasset"
[2019.10.24-21.16.02:121][  0]LogPackFactory: Copied "../../../Samples/StarterContent/Content/StarterContent/Materials/M_Wood_Floor_Walnut_Polished.uasset" to "C:/Users/danny/Desktop/Mechanics_Sandbox/Content/StarterContent/Materials/M_Wood_Floor_Walnut_Polished.uasset"
[2019.10.24-21.16.02:160][  0]LogPackFactory: Copied "../../../Samples/StarterContent/Content/StarterContent/Materials/M_Wood_Floor_Walnut_Worn.uasset" to "C:/Users/danny/Desktop/Mechanics_Sandbox/Content/StarterContent/Materials/M_Wood_Floor_Walnut_Worn.uasset"
[2019.10.24-21.16.02:199][  0]LogPackFactory: Copied "../../../Samples/StarterContent/Content/StarterContent/Materials/M_Wood_Oak.uasset" to "C:/Users/danny/Desktop/Mechanics_Sandbox/Content/StarterContent/Materials/M_Wood_Oak.uasset"
[2019.10.24-21.16.02:234][  0]LogPackFactory: Copied "../../../Samples/StarterContent/Content/StarterContent/Materials/M_Wood_Pine.uasset" to "C:/Users/danny/Desktop/Mechanics_Sandbox/Content/StarterContent/Materials/M_Wood_Pine.uasset"
[2019.10.24-21.16.02:296][  0]LogPackFactory: Copied "../../../Samples/StarterContent/Content/StarterContent/Materials/M_Wood_Walnut.uasset" to "C:/Users/danny/Desktop/Mechanics_Sandbox/Content/StarterContent/Materials/M_Wood_Walnut.uasset"
[2019.10.24-21.16.02:341][  0]LogPackFactory: Copied "../../../Samples/StarterContent/Content/StarterContent/Particles/P_Ambient_Dust.uasset" to "C:/Users/danny/Desktop/Mechanics_Sandbox/Content/StarterContent/Particles/P_Ambient_Dust.uasset"
[2019.10.24-21.16.02:386][  0]LogPackFactory: Copied "../../../Samples/StarterContent/Content/StarterContent/Particles/P_Explosion.uasset" to "C:/Users/danny/Desktop/Mechanics_Sandbox/Content/StarterContent/Particles/P_Explosion.uasset"
[2019.10.24-21.16.02:423][  0]LogPackFactory: Copied "../../../Samples/StarterContent/Content/StarterContent/Particles/P_Fire.uasset" to "C:/Users/danny/Desktop/Mechanics_Sandbox/Content/StarterContent/Particles/P_Fire.uasset"
[2019.10.24-21.16.02:461][  0]LogPackFactory: Copied "../../../Samples/StarterContent/Content/StarterContent/Particles/P_Smoke.uasset" to "C:/Users/danny/Desktop/Mechanics_Sandbox/Content/StarterContent/Particles/P_Smoke.uasset"
[2019.10.24-21.16.02:504][  0]LogPackFactory: Copied "../../../Samples/StarterContent/Content/StarterContent/Particles/P_Sparks.uasset" to "C:/Users/danny/Desktop/Mechanics_Sandbox/Content/StarterContent/Particles/P_Sparks.uasset"
[2019.10.24-21.16.02:538][  0]LogPackFactory: Copied "../../../Samples/StarterContent/Content/StarterContent/Particles/P_Steam_Lit.uasset" to "C:/Users/danny/Desktop/Mechanics_Sandbox/Content/StarterContent/Particles/P_Steam_Lit.uasset"
[2019.10.24-21.16.02:578][  0]LogPackFactory: Copied "../../../Samples/StarterContent/Content/StarterContent/Particles/Materials/M_Burst.uasset" to "C:/Users/danny/Desktop/Mechanics_Sandbox/Content/StarterContent/Particles/Materials/M_Burst.uasset"
[2019.10.24-21.16.02:628][  0]LogPackFactory: Copied "../../../Samples/StarterContent/Content/StarterContent/Particles/Materials/M_Dust_Particle.uasset" to "C:/Users/danny/Desktop/Mechanics_Sandbox/Content/StarterContent/Particles/Materials/M_Dust_Particle.uasset"
[2019.10.24-21.16.02:681][  0]LogPackFactory: Copied "../../../Samples/StarterContent/Content/StarterContent/Particles/Materials/M_explosion_subUV.uasset" to "C:/Users/danny/Desktop/Mechanics_Sandbox/Content/StarterContent/Particles/Materials/M_explosion_subUV.uasset"
[2019.10.24-21.16.02:776][  0]LogPackFactory: Copied "../../../Samples/StarterContent/Content/StarterContent/Particles/Materials/M_Fire_SubUV.uasset" to "C:/Users/danny/Desktop/Mechanics_Sandbox/Content/StarterContent/Particles/Materials/M_Fire_SubUV.uasset"
[2019.10.24-21.16.02:833][  0]LogPackFactory: Copied "../../../Samples/StarterContent/Content/StarterContent/Particles/Materials/m_flare_01.uasset" to "C:/Users/danny/Desktop/Mechanics_Sandbox/Content/StarterContent/Particles/Materials/m_flare_01.uasset"
[2019.10.24-21.16.02:903][  0]LogPackFactory: Copied "../../../Samples/StarterContent/Content/StarterContent/Particles/Materials/M_Heat_Distortion.uasset" to "C:/Users/danny/Desktop/Mechanics_Sandbox/Content/StarterContent/Particles/Materials/M_Heat_Distortion.uasset"
[2019.10.24-21.16.02:937][  0]LogPackFactory: Copied "../../../Samples/StarterContent/Content/StarterContent/Particles/Materials/M_Radial_Gradient.uasset" to "C:/Users/danny/Desktop/Mechanics_Sandbox/Content/StarterContent/Particles/Materials/M_Radial_Gradient.uasset"
[2019.10.24-21.16.02:967][  0]LogPackFactory: Copied "../../../Samples/StarterContent/Content/StarterContent/Particles/Materials/M_radial_ramp.uasset" to "C:/Users/danny/Desktop/Mechanics_Sandbox/Content/StarterContent/Particles/Materials/M_radial_ramp.uasset"
[2019.10.24-21.16.03:009][  0]LogPackFactory: Copied "../../../Samples/StarterContent/Content/StarterContent/Particles/Materials/M_smoke_subUV.uasset" to "C:/Users/danny/Desktop/Mechanics_Sandbox/Content/StarterContent/Particles/Materials/M_smoke_subUV.uasset"
[2019.10.24-21.16.03:046][  0]LogPackFactory: Copied "../../../Samples/StarterContent/Content/StarterContent/Particles/Materials/M_Spark.uasset" to "C:/Users/danny/Desktop/Mechanics_Sandbox/Content/StarterContent/Particles/Materials/M_Spark.uasset"
[2019.10.24-21.16.03:084][  0]LogPackFactory: Copied "../../../Samples/StarterContent/Content/StarterContent/Props/MaterialSphere.uasset" to "C:/Users/danny/Desktop/Mechanics_Sandbox/Content/StarterContent/Props/MaterialSphere.uasset"
[2019.10.24-21.16.03:136][  0]LogPackFactory: Copied "../../../Samples/StarterContent/Content/StarterContent/Props/SM_Bush.uasset" to "C:/Users/danny/Desktop/Mechanics_Sandbox/Content/StarterContent/Props/SM_Bush.uasset"
[2019.10.24-21.16.03:181][  0]LogPackFactory: Copied "../../../Samples/StarterContent/Content/StarterContent/Props/SM_Chair.uasset" to "C:/Users/danny/Desktop/Mechanics_Sandbox/Content/StarterContent/Props/SM_Chair.uasset"
[2019.10.24-21.16.03:218][  0]LogPackFactory: Copied "../../../Samples/StarterContent/Content/StarterContent/Props/SM_CornerFrame.uasset" to "C:/Users/danny/Desktop/Mechanics_Sandbox/Content/StarterContent/Props/SM_CornerFrame.uasset"
[2019.10.24-21.16.03:253][  0]LogPackFactory: Copied "../../../Samples/StarterContent/Content/StarterContent/Props/SM_Couch.uasset" to "C:/Users/danny/Desktop/Mechanics_Sandbox/Content/StarterContent/Props/SM_Couch.uasset"
[2019.10.24-21.16.03:287][  0]LogPackFactory: Copied "../../../Samples/StarterContent/Content/StarterContent/Props/SM_Door.uasset" to "C:/Users/danny/Desktop/Mechanics_Sandbox/Content/StarterContent/Props/SM_Door.uasset"
[2019.10.24-21.16.03:324][  0]LogPackFactory: Copied "../../../Samples/StarterContent/Content/StarterContent/Props/SM_DoorFrame.uasset" to "C:/Users/danny/Desktop/Mechanics_Sandbox/Content/StarterContent/Props/SM_DoorFrame.uasset"
[2019.10.24-21.16.03:375][  0]LogPackFactory: Copied "../../../Samples/StarterContent/Content/StarterContent/Props/SM_GlassWindow.uasset" to "C:/Users/danny/Desktop/Mechanics_Sandbox/Content/StarterContent/Props/SM_GlassWindow.uasset"
[2019.10.24-21.16.03:417][  0]LogPackFactory: Copied "../../../Samples/StarterContent/Content/StarterContent/Props/SM_Lamp_Ceiling.uasset" to "C:/Users/danny/Desktop/Mechanics_Sandbox/Content/StarterContent/Props/SM_Lamp_Ceiling.uasset"
[2019.10.24-21.16.03:459][  0]LogPackFactory: Copied "../../../Samples/StarterContent/Content/StarterContent/Props/SM_Lamp_Wall.uasset" to "C:/Users/danny/Desktop/Mechanics_Sandbox/Content/StarterContent/Props/SM_Lamp_Wall.uasset"
[2019.10.24-21.16.03:516][  0]LogPackFactory: Copied "../../../Samples/StarterContent/Content/StarterContent/Props/SM_MatPreviewMesh_02.uasset" to "C:/Users/danny/Desktop/Mechanics_Sandbox/Content/StarterContent/Props/SM_MatPreviewMesh_02.uasset"
[2019.10.24-21.16.03:592][  0]LogPackFactory: Copied "../../../Samples/StarterContent/Content/StarterContent/Props/SM_PillarFrame.uasset" to "C:/Users/danny/Desktop/Mechanics_Sandbox/Content/StarterContent/Props/SM_PillarFrame.uasset"
[2019.10.24-21.16.03:634][  0]LogPackFactory: Copied "../../../Samples/StarterContent/Content/StarterContent/Props/SM_PillarFrame300.uasset" to "C:/Users/danny/Desktop/Mechanics_Sandbox/Content/StarterContent/Props/SM_PillarFrame300.uasset"
[2019.10.24-21.16.03:673][  0]LogPackFactory: Copied "../../../Samples/StarterContent/Content/StarterContent/Props/SM_Rock.uasset" to "C:/Users/danny/Desktop/Mechanics_Sandbox/Content/StarterContent/Props/SM_Rock.uasset"
[2019.10.24-21.16.03:706][  0]LogPackFactory: Copied "../../../Samples/StarterContent/Content/StarterContent/Props/SM_Shelf.uasset" to "C:/Users/danny/Desktop/Mechanics_Sandbox/Content/StarterContent/Props/SM_Shelf.uasset"
[2019.10.24-21.16.03:739][  0]LogPackFactory: Copied "../../../Samples/StarterContent/Content/StarterContent/Props/SM_Stairs.uasset" to "C:/Users/danny/Desktop/Mechanics_Sandbox/Content/StarterContent/Props/SM_Stairs.uasset"
[2019.10.24-21.16.03:790][  0]LogPackFactory: Copied "../../../Samples/StarterContent/Content/StarterContent/Props/SM_Statue.uasset" to "C:/Users/danny/Desktop/Mechanics_Sandbox/Content/StarterContent/Props/SM_Statue.uasset"
[2019.10.24-21.16.03:903][  0]LogPackFactory: Copied "../../../Samples/StarterContent/Content/StarterContent/Props/SM_TableRound.uasset" to "C:/Users/danny/Desktop/Mechanics_Sandbox/Content/StarterContent/Props/SM_TableRound.uasset"
[2019.10.24-21.16.03:951][  0]LogPackFactory: Copied "../../../Samples/StarterContent/Content/StarterContent/Props/SM_WindowFrame.uasset" to "C:/Users/danny/Desktop/Mechanics_Sandbox/Content/StarterContent/Props/SM_WindowFrame.uasset"
[2019.10.24-21.16.04:023][  0]LogPackFactory: Copied "../../../Samples/StarterContent/Content/StarterContent/Props/Materials/M_Bush.uasset" to "C:/Users/danny/Desktop/Mechanics_Sandbox/Content/StarterContent/Props/Materials/M_Bush.uasset"
[2019.10.24-21.16.04:073][  0]LogPackFactory: Copied "../../../Samples/StarterContent/Content/StarterContent/Props/Materials/M_Chair.uasset" to "C:/Users/danny/Desktop/Mechanics_Sandbox/Content/StarterContent/Props/Materials/M_Chair.uasset"
[2019.10.24-21.16.04:095][  0]LogPackFactory: Copied "../../../Samples/StarterContent/Content/StarterContent/Props/Materials/M_Door.uasset" to "C:/Users/danny/Desktop/Mechanics_Sandbox/Content/StarterContent/Props/Materials/M_Door.uasset"
[2019.10.24-21.16.04:125][  0]LogPackFactory: Copied "../../../Samples/StarterContent/Content/StarterContent/Props/Materials/M_Frame.uasset" to "C:/Users/danny/Desktop/Mechanics_Sandbox/Content/StarterContent/Props/Materials/M_Frame.uasset"
[2019.10.24-21.16.04:162][  0]LogPackFactory: Copied "../../../Samples/StarterContent/Content/StarterContent/Props/Materials/M_Lamp.uasset" to "C:/Users/danny/Desktop/Mechanics_Sandbox/Content/StarterContent/Props/Materials/M_Lamp.uasset"
[2019.10.24-21.16.04:202][  0]LogPackFactory: Copied "../../../Samples/StarterContent/Content/StarterContent/Props/Materials/M_MaterialSphere.uasset" to "C:/Users/danny/Desktop/Mechanics_Sandbox/Content/StarterContent/Props/Materials/M_MaterialSphere.uasset"
[2019.10.24-21.16.04:247][  0]LogPackFactory: Copied "../../../Samples/StarterContent/Content/StarterContent/Props/Materials/M_MaterialSphere_Plain.uasset" to "C:/Users/danny/Desktop/Mechanics_Sandbox/Content/StarterContent/Props/Materials/M_MaterialSphere_Plain.uasset"
[2019.10.24-21.16.04:319][  0]LogPackFactory: Copied "../../../Samples/StarterContent/Content/StarterContent/Props/Materials/M_Rock.uasset" to "C:/Users/danny/Desktop/Mechanics_Sandbox/Content/StarterContent/Props/Materials/M_Rock.uasset"
[2019.10.24-21.16.04:368][  0]LogPackFactory: Copied "../../../Samples/StarterContent/Content/StarterContent/Props/Materials/M_Shelf.uasset" to "C:/Users/danny/Desktop/Mechanics_Sandbox/Content/StarterContent/Props/Materials/M_Shelf.uasset"
[2019.10.24-21.16.04:405][  0]LogPackFactory: Copied "../../../Samples/StarterContent/Content/StarterContent/Props/Materials/M_Statue.uasset" to "C:/Users/danny/Desktop/Mechanics_Sandbox/Content/StarterContent/Props/Materials/M_Statue.uasset"
[2019.10.24-21.16.04:446][  0]LogPackFactory: Copied "../../../Samples/StarterContent/Content/StarterContent/Props/Materials/M_StatueGlass.uasset" to "C:/Users/danny/Desktop/Mechanics_Sandbox/Content/StarterContent/Props/Materials/M_StatueGlass.uasset"
[2019.10.24-21.16.04:473][  0]LogPackFactory: Copied "../../../Samples/StarterContent/Content/StarterContent/Props/Materials/M_TableRound.uasset" to "C:/Users/danny/Desktop/Mechanics_Sandbox/Content/StarterContent/Props/Materials/M_TableRound.uasset"
[2019.10.24-21.16.04:501][  0]LogPackFactory: Copied "../../../Samples/StarterContent/Content/StarterContent/Shapes/Shape_Cone.uasset" to "C:/Users/danny/Desktop/Mechanics_Sandbox/Content/StarterContent/Shapes/Shape_Cone.uasset"
[2019.10.24-21.16.04:547][  0]LogPackFactory: Copied "../../../Samples/StarterContent/Content/StarterContent/Shapes/Shape_Cube.uasset" to "C:/Users/danny/Desktop/Mechanics_Sandbox/Content/StarterContent/Shapes/Shape_Cube.uasset"
[2019.10.24-21.16.04:617][  0]LogPackFactory: Copied "../../../Samples/StarterContent/Content/StarterContent/Shapes/Shape_Cylinder.uasset" to "C:/Users/danny/Desktop/Mechanics_Sandbox/Content/StarterContent/Shapes/Shape_Cylinder.uasset"
[2019.10.24-21.16.04:658][  0]LogPackFactory: Copied "../../../Samples/StarterContent/Content/StarterContent/Shapes/Shape_NarrowCapsule.uasset" to "C:/Users/danny/Desktop/Mechanics_Sandbox/Content/StarterContent/Shapes/Shape_NarrowCapsule.uasset"
[2019.10.24-21.16.04:694][  0]LogPackFactory: Copied "../../../Samples/StarterContent/Content/StarterContent/Shapes/Shape_Pipe.uasset" to "C:/Users/danny/Desktop/Mechanics_Sandbox/Content/StarterContent/Shapes/Shape_Pipe.uasset"
[2019.10.24-21.16.04:730][  0]LogPackFactory: Copied "../../../Samples/StarterContent/Content/StarterContent/Shapes/Shape_Pipe_180.uasset" to "C:/Users/danny/Desktop/Mechanics_Sandbox/Content/StarterContent/Shapes/Shape_Pipe_180.uasset"
[2019.10.24-21.16.04:766][  0]LogPackFactory: Copied "../../../Samples/StarterContent/Content/StarterContent/Shapes/Shape_Pipe_90.uasset" to "C:/Users/danny/Desktop/Mechanics_Sandbox/Content/StarterContent/Shapes/Shape_Pipe_90.uasset"
[2019.10.24-21.16.04:842][  0]LogPackFactory: Copied "../../../Samples/StarterContent/Content/StarterContent/Shapes/Shape_Plane.uasset" to "C:/Users/danny/Desktop/Mechanics_Sandbox/Content/StarterContent/Shapes/Shape_Plane.uasset"
[2019.10.24-21.16.04:875][  0]LogPackFactory: Copied "../../../Samples/StarterContent/Content/StarterContent/Shapes/Shape_QuadPyramid.uasset" to "C:/Users/danny/Desktop/Mechanics_Sandbox/Content/StarterContent/Shapes/Shape_QuadPyramid.uasset"
[2019.10.24-21.16.04:938][  0]LogPackFactory: Copied "../../../Samples/StarterContent/Content/StarterContent/Shapes/Shape_Sphere.uasset" to "C:/Users/danny/Desktop/Mechanics_Sandbox/Content/StarterContent/Shapes/Shape_Sphere.uasset"
[2019.10.24-21.16.04:985][  0]LogPackFactory: Copied "../../../Samples/StarterContent/Content/StarterContent/Shapes/Shape_Torus.uasset" to "C:/Users/danny/Desktop/Mechanics_Sandbox/Content/StarterContent/Shapes/Shape_Torus.uasset"
[2019.10.24-21.16.05:015][  0]LogPackFactory: Copied "../../../Samples/StarterContent/Content/StarterContent/Shapes/Shape_Trim.uasset" to "C:/Users/danny/Desktop/Mechanics_Sandbox/Content/StarterContent/Shapes/Shape_Trim.uasset"
[2019.10.24-21.16.05:055][  0]LogPackFactory: Copied "../../../Samples/StarterContent/Content/StarterContent/Shapes/Shape_Trim_90_In.uasset" to "C:/Users/danny/Desktop/Mechanics_Sandbox/Content/StarterContent/Shapes/Shape_Trim_90_In.uasset"
[2019.10.24-21.16.05:099][  0]LogPackFactory: Copied "../../../Samples/StarterContent/Content/StarterContent/Shapes/Shape_Trim_90_Out.uasset" to "C:/Users/danny/Desktop/Mechanics_Sandbox/Content/StarterContent/Shapes/Shape_Trim_90_Out.uasset"
[2019.10.24-21.16.05:141][  0]LogPackFactory: Copied "../../../Samples/StarterContent/Content/StarterContent/Shapes/Shape_TriPyramid.uasset" to "C:/Users/danny/Desktop/Mechanics_Sandbox/Content/StarterContent/Shapes/Shape_TriPyramid.uasset"
[2019.10.24-21.16.05:217][  0]LogPackFactory: Copied "../../../Samples/StarterContent/Content/StarterContent/Shapes/Shape_Tube.uasset" to "C:/Users/danny/Desktop/Mechanics_Sandbox/Content/StarterContent/Shapes/Shape_Tube.uasset"
[2019.10.24-21.16.05:250][  0]LogPackFactory: Copied "../../../Samples/StarterContent/Content/StarterContent/Shapes/Shape_Wedge_A.uasset" to "C:/Users/danny/Desktop/Mechanics_Sandbox/Content/StarterContent/Shapes/Shape_Wedge_A.uasset"
[2019.10.24-21.16.05:290][  0]LogPackFactory: Copied "../../../Samples/StarterContent/Content/StarterContent/Shapes/Shape_Wedge_B.uasset" to "C:/Users/danny/Desktop/Mechanics_Sandbox/Content/StarterContent/Shapes/Shape_Wedge_B.uasset"
[2019.10.24-21.16.05:327][  0]LogPackFactory: Copied "../../../Samples/StarterContent/Content/StarterContent/Shapes/Shape_WideCapsule.uasset" to "C:/Users/danny/Desktop/Mechanics_Sandbox/Content/StarterContent/Shapes/Shape_WideCapsule.uasset"
[2019.10.24-21.16.05:448][  0]LogPackFactory: Copied "../../../Samples/StarterContent/Content/StarterContent/Textures/T_Brick_Clay_Beveled_D.uasset" to "C:/Users/danny/Desktop/Mechanics_Sandbox/Content/StarterContent/Textures/T_Brick_Clay_Beveled_D.uasset"
[2019.10.24-21.16.05:582][  0]LogPackFactory: Copied "../../../Samples/StarterContent/Content/StarterContent/Textures/T_Brick_Clay_Beveled_M.uasset" to "C:/Users/danny/Desktop/Mechanics_Sandbox/Content/StarterContent/Textures/T_Brick_Clay_Beveled_M.uasset"
[2019.10.24-21.16.05:778][  0]LogPackFactory: Copied "../../../Samples/StarterContent/Content/StarterContent/Textures/T_Brick_Clay_Beveled_N.uasset" to "C:/Users/danny/Desktop/Mechanics_Sandbox/Content/StarterContent/Textures/T_Brick_Clay_Beveled_N.uasset"
[2019.10.24-21.16.05:941][  0]LogPackFactory: Copied "../../../Samples/StarterContent/Content/StarterContent/Textures/T_Brick_Clay_New_D.uasset" to "C:/Users/danny/Desktop/Mechanics_Sandbox/Content/StarterContent/Textures/T_Brick_Clay_New_D.uasset"
[2019.10.24-21.16.06:112][  0]LogPackFactory: Copied "../../../Samples/StarterContent/Content/StarterContent/Textures/T_Brick_Clay_New_M.uasset" to "C:/Users/danny/Desktop/Mechanics_Sandbox/Content/StarterContent/Textures/T_Brick_Clay_New_M.uasset"
[2019.10.24-21.16.06:292][  0]LogPackFactory: Copied "../../../Samples/StarterContent/Content/StarterContent/Textures/T_Brick_Clay_New_N.uasset" to "C:/Users/danny/Desktop/Mechanics_Sandbox/Content/StarterContent/Textures/T_Brick_Clay_New_N.uasset"
[2019.10.24-21.16.06:483][  0]LogPackFactory: Copied "../../../Samples/StarterContent/Content/StarterContent/Textures/T_Brick_Clay_Old_D.uasset" to "C:/Users/danny/Desktop/Mechanics_Sandbox/Content/StarterContent/Textures/T_Brick_Clay_Old_D.uasset"
[2019.10.24-21.16.06:621][  0]LogPackFactory: Copied "../../../Samples/StarterContent/Content/StarterContent/Textures/T_Brick_Clay_Old_N.uasset" to "C:/Users/danny/Desktop/Mechanics_Sandbox/Content/StarterContent/Textures/T_Brick_Clay_Old_N.uasset"
[2019.10.24-21.16.06:781][  0]LogPackFactory: Copied "../../../Samples/StarterContent/Content/StarterContent/Textures/T_Brick_Cut_Stone_D.uasset" to "C:/Users/danny/Desktop/Mechanics_Sandbox/Content/StarterContent/Textures/T_Brick_Cut_Stone_D.uasset"
[2019.10.24-21.16.06:934][  0]LogPackFactory: Copied "../../../Samples/StarterContent/Content/StarterContent/Textures/T_Brick_Cut_Stone_N.uasset" to "C:/Users/danny/Desktop/Mechanics_Sandbox/Content/StarterContent/Textures/T_Brick_Cut_Stone_N.uasset"
[2019.10.24-21.16.07:041][  0]LogPackFactory: Copied "../../../Samples/StarterContent/Content/StarterContent/Textures/T_Brick_Hewn_Stone_D.uasset" to "C:/Users/danny/Desktop/Mechanics_Sandbox/Content/StarterContent/Textures/T_Brick_Hewn_Stone_D.uasset"
[2019.10.24-21.16.07:183][  0]LogPackFactory: Copied "../../../Samples/StarterContent/Content/StarterContent/Textures/T_Brick_Hewn_Stone_M.uasset" to "C:/Users/danny/Desktop/Mechanics_Sandbox/Content/StarterContent/Textures/T_Brick_Hewn_Stone_M.uasset"
[2019.10.24-21.16.07:317][  0]LogPackFactory: Copied "../../../Samples/StarterContent/Content/StarterContent/Textures/T_Brick_Hewn_Stone_N.uasset" to "C:/Users/danny/Desktop/Mechanics_Sandbox/Content/StarterContent/Textures/T_Brick_Hewn_Stone_N.uasset"
[2019.10.24-21.16.07:363][  0]LogPackFactory: Copied "../../../Samples/StarterContent/Content/StarterContent/Textures/T_Burst_M.uasset" to "C:/Users/danny/Desktop/Mechanics_Sandbox/Content/StarterContent/Textures/T_Burst_M.uasset"
[2019.10.24-21.16.07:404][  0]LogPackFactory: Copied "../../../Samples/StarterContent/Content/StarterContent/Textures/T_Bush_D.uasset" to "C:/Users/danny/Desktop/Mechanics_Sandbox/Content/StarterContent/Textures/T_Bush_D.uasset"
[2019.10.24-21.16.07:493][  0]LogPackFactory: Copied "../../../Samples/StarterContent/Content/StarterContent/Textures/T_Bush_N.uasset" to "C:/Users/danny/Desktop/Mechanics_Sandbox/Content/StarterContent/Textures/T_Bush_N.uasset"
[2019.10.24-21.16.07:552][  0]LogPackFactory: Copied "../../../Samples/StarterContent/Content/StarterContent/Textures/T_Ceramic_Tile_M.uasset" to "C:/Users/danny/Desktop/Mechanics_Sandbox/Content/StarterContent/Textures/T_Ceramic_Tile_M.uasset"
[2019.10.24-21.16.07:598][  0]LogPackFactory: Copied "../../../Samples/StarterContent/Content/StarterContent/Textures/T_Ceramic_Tile_N.uasset" to "C:/Users/danny/Desktop/Mechanics_Sandbox/Content/StarterContent/Textures/T_Ceramic_Tile_N.uasset"
[2019.10.24-21.16.07:646][  0]LogPackFactory: Copied "../../../Samples/StarterContent/Content/StarterContent/Textures/T_Chair_M.uasset" to "C:/Users/danny/Desktop/Mechanics_Sandbox/Content/StarterContent/Textures/T_Chair_M.uasset"
[2019.10.24-21.16.07:717][  0]LogPackFactory: Copied "../../../Samples/StarterContent/Content/StarterContent/Textures/T_Chair_N.uasset" to "C:/Users/danny/Desktop/Mechanics_Sandbox/Content/StarterContent/Textures/T_Chair_N.uasset"
[2019.10.24-21.16.07:756][  0]LogPackFactory: Copied "../../../Samples/StarterContent/Content/StarterContent/Textures/T_Checker_Noise_M.uasset" to "C:/Users/danny/Desktop/Mechanics_Sandbox/Content/StarterContent/Textures/T_Checker_Noise_M.uasset"
[2019.10.24-21.16.07:890][  0]LogPackFactory: Copied "../../../Samples/StarterContent/Content/StarterContent/Textures/T_CobbleStone_Pebble_D.uasset" to "C:/Users/danny/Desktop/Mechanics_Sandbox/Content/StarterContent/Textures/T_CobbleStone_Pebble_D.uasset"
[2019.10.24-21.16.07:942][  0]LogPackFactory: Copied "../../../Samples/StarterContent/Content/StarterContent/Textures/T_CobbleStone_Pebble_M.uasset" to "C:/Users/danny/Desktop/Mechanics_Sandbox/Content/StarterContent/Textures/T_CobbleStone_Pebble_M.uasset"
[2019.10.24-21.16.08:105][  0]LogPackFactory: Copied "../../../Samples/StarterContent/Content/StarterContent/Textures/T_CobbleStone_Pebble_N.uasset" to "C:/Users/danny/Desktop/Mechanics_Sandbox/Content/StarterContent/Textures/T_CobbleStone_Pebble_N.uasset"
[2019.10.24-21.16.08:184][  0]LogPackFactory: Copied "../../../Samples/StarterContent/Content/StarterContent/Textures/T_CobbleStone_Rough_D.uasset" to "C:/Users/danny/Desktop/Mechanics_Sandbox/Content/StarterContent/Textures/T_CobbleStone_Rough_D.uasset"
[2019.10.24-21.16.08:266][  0]LogPackFactory: Copied "../../../Samples/StarterContent/Content/StarterContent/Textures/T_CobbleStone_Rough_N.uasset" to "C:/Users/danny/Desktop/Mechanics_Sandbox/Content/StarterContent/Textures/T_CobbleStone_Rough_N.uasset"
[2019.10.24-21.16.08:475][  0]LogPackFactory: Copied "../../../Samples/StarterContent/Content/StarterContent/Textures/T_CobbleStone_Smooth_D.uasset" to "C:/Users/danny/Desktop/Mechanics_Sandbox/Content/StarterContent/Textures/T_CobbleStone_Smooth_D.uasset"
[2019.10.24-21.16.08:597][  0]LogPackFactory: Copied "../../../Samples/StarterContent/Content/StarterContent/Textures/T_CobbleStone_Smooth_M.uasset" to "C:/Users/danny/Desktop/Mechanics_Sandbox/Content/StarterContent/Textures/T_CobbleStone_Smooth_M.uasset"
[2019.10.24-21.16.08:797][  0]LogPackFactory: Copied "../../../Samples/StarterContent/Content/StarterContent/Textures/T_CobbleStone_Smooth_N.uasset" to "C:/Users/danny/Desktop/Mechanics_Sandbox/Content/StarterContent/Textures/T_CobbleStone_Smooth_N.uasset"
[2019.10.24-21.16.08:950][  0]LogPackFactory: Copied "../../../Samples/StarterContent/Content/StarterContent/Textures/T_Concrete_Grime_D.uasset" to "C:/Users/danny/Desktop/Mechanics_Sandbox/Content/StarterContent/Textures/T_Concrete_Grime_D.uasset"
[2019.10.24-21.16.09:099][  0]LogPackFactory: Copied "../../../Samples/StarterContent/Content/StarterContent/Textures/T_Concrete_Panels_D.uasset" to "C:/Users/danny/Desktop/Mechanics_Sandbox/Content/StarterContent/Textures/T_Concrete_Panels_D.uasset"
[2019.10.24-21.16.09:231][  0]LogPackFactory: Copied "../../../Samples/StarterContent/Content/StarterContent/Textures/T_Concrete_Panels_N.uasset" to "C:/Users/danny/Desktop/Mechanics_Sandbox/Content/StarterContent/Textures/T_Concrete_Panels_N.uasset"
[2019.10.24-21.16.09:434][  0]LogPackFactory: Copied "../../../Samples/StarterContent/Content/StarterContent/Textures/T_Concrete_Poured_D.uasset" to "C:/Users/danny/Desktop/Mechanics_Sandbox/Content/StarterContent/Textures/T_Concrete_Poured_D.uasset"
[2019.10.24-21.16.09:541][  0]LogPackFactory: Copied "../../../Samples/StarterContent/Content/StarterContent/Textures/T_Concrete_Poured_N.uasset" to "C:/Users/danny/Desktop/Mechanics_Sandbox/Content/StarterContent/Textures/T_Concrete_Poured_N.uasset"
[2019.10.24-21.16.09:613][  0]LogPackFactory: Copied "../../../Samples/StarterContent/Content/StarterContent/Textures/T_Concrete_Tiles_D.uasset" to "C:/Users/danny/Desktop/Mechanics_Sandbox/Content/StarterContent/Textures/T_Concrete_Tiles_D.uasset"
[2019.10.24-21.16.09:789][  0]LogPackFactory: Copied "../../../Samples/StarterContent/Content/StarterContent/Textures/T_Concrete_Tiles_M.uasset" to "C:/Users/danny/Desktop/Mechanics_Sandbox/Content/StarterContent/Textures/T_Concrete_Tiles_M.uasset"
[2019.10.24-21.16.09:891][  0]LogPackFactory: Copied "../../../Samples/StarterContent/Content/StarterContent/Textures/T_Concrete_Tiles_N.uasset" to "C:/Users/danny/Desktop/Mechanics_Sandbox/Content/StarterContent/Textures/T_Concrete_Tiles_N.uasset"
[2019.10.24-21.16.09:914][  0]LogPackFactory: Copied "../../../Samples/StarterContent/Content/StarterContent/Textures/T_Concrete_Tiles_Variation_M.uasset" to "C:/Users/danny/Desktop/Mechanics_Sandbox/Content/StarterContent/Textures/T_Concrete_Tiles_Variation_M.uasset"
[2019.10.24-21.16.09:971][  0]LogPackFactory: Copied "../../../Samples/StarterContent/Content/StarterContent/Textures/T_Detail_Rocky_N.uasset" to "C:/Users/danny/Desktop/Mechanics_Sandbox/Content/StarterContent/Textures/T_Detail_Rocky_N.uasset"
[2019.10.24-21.16.10:053][  0]LogPackFactory: Copied "../../../Samples/StarterContent/Content/StarterContent/Textures/T_Door_M.uasset" to "C:/Users/danny/Desktop/Mechanics_Sandbox/Content/StarterContent/Textures/T_Door_M.uasset"
[2019.10.24-21.16.10:100][  0]LogPackFactory: Copied "../../../Samples/StarterContent/Content/StarterContent/Textures/T_Door_N.uasset" to "C:/Users/danny/Desktop/Mechanics_Sandbox/Content/StarterContent/Textures/T_Door_N.uasset"
[2019.10.24-21.16.10:131][  0]LogPackFactory: Copied "../../../Samples/StarterContent/Content/StarterContent/Textures/T_Dust_Particle_D.uasset" to "C:/Users/danny/Desktop/Mechanics_Sandbox/Content/StarterContent/Textures/T_Dust_Particle_D.uasset"
[2019.10.24-21.16.10:194][  0]LogPackFactory: Copied "../../../Samples/StarterContent/Content/StarterContent/Textures/T_Explosion_SubUV.uasset" to "C:/Users/danny/Desktop/Mechanics_Sandbox/Content/StarterContent/Textures/T_Explosion_SubUV.uasset"
[2019.10.24-21.16.10:264][  0]LogPackFactory: Copied "../../../Samples/StarterContent/Content/StarterContent/Textures/T_Fire_SubUV.uasset" to "C:/Users/danny/Desktop/Mechanics_Sandbox/Content/StarterContent/Textures/T_Fire_SubUV.uasset"
[2019.10.24-21.16.10:354][  0]LogPackFactory: Copied "../../../Samples/StarterContent/Content/StarterContent/Textures/T_Fire_Tiled_D.uasset" to "C:/Users/danny/Desktop/Mechanics_Sandbox/Content/StarterContent/Textures/T_Fire_Tiled_D.uasset"
[2019.10.24-21.16.10:418][  0]LogPackFactory: Copied "../../../Samples/StarterContent/Content/StarterContent/Textures/T_Frame_M.uasset" to "C:/Users/danny/Desktop/Mechanics_Sandbox/Content/StarterContent/Textures/T_Frame_M.uasset"
[2019.10.24-21.16.10:481][  0]LogPackFactory: Copied "../../../Samples/StarterContent/Content/StarterContent/Textures/T_Frame_N.uasset" to "C:/Users/danny/Desktop/Mechanics_Sandbox/Content/StarterContent/Textures/T_Frame_N.uasset"
[2019.10.24-21.16.10:550][  0]LogPackFactory: Copied "../../../Samples/StarterContent/Content/StarterContent/Textures/T_Gradinet_01.uasset" to "C:/Users/danny/Desktop/Mechanics_Sandbox/Content/StarterContent/Textures/T_Gradinet_01.uasset"
[2019.10.24-21.16.10:722][  0]LogPackFactory: Copied "../../../Samples/StarterContent/Content/StarterContent/Textures/T_Ground_Grass_D.uasset" to "C:/Users/danny/Desktop/Mechanics_Sandbox/Content/StarterContent/Textures/T_Ground_Grass_D.uasset"
[2019.10.24-21.16.10:873][  0]LogPackFactory: Copied "../../../Samples/StarterContent/Content/StarterContent/Textures/T_Ground_Grass_N.uasset" to "C:/Users/danny/Desktop/Mechanics_Sandbox/Content/StarterContent/Textures/T_Ground_Grass_N.uasset"
[2019.10.24-21.16.10:989][  0]LogPackFactory: Copied "../../../Samples/StarterContent/Content/StarterContent/Textures/T_Ground_Gravel_D.uasset" to "C:/Users/danny/Desktop/Mechanics_Sandbox/Content/StarterContent/Textures/T_Ground_Gravel_D.uasset"
[2019.10.24-21.16.11:113][  0]LogPackFactory: Copied "../../../Samples/StarterContent/Content/StarterContent/Textures/T_Ground_Gravel_N.uasset" to "C:/Users/danny/Desktop/Mechanics_Sandbox/Content/StarterContent/Textures/T_Ground_Gravel_N.uasset"
[2019.10.24-21.16.11:334][  0]LogPackFactory: Copied "../../../Samples/StarterContent/Content/StarterContent/Textures/T_ground_Moss_D.uasset" to "C:/Users/danny/Desktop/Mechanics_Sandbox/Content/StarterContent/Textures/T_ground_Moss_D.uasset"
[2019.10.24-21.16.11:452][  0]LogPackFactory: Copied "../../../Samples/StarterContent/Content/StarterContent/Textures/T_Ground_Moss_N.uasset" to "C:/Users/danny/Desktop/Mechanics_Sandbox/Content/StarterContent/Textures/T_Ground_Moss_N.uasset"
[2019.10.24-21.16.11:495][  0]LogPackFactory: Copied "../../../Samples/StarterContent/Content/StarterContent/Textures/T_Lamp_M.uasset" to "C:/Users/danny/Desktop/Mechanics_Sandbox/Content/StarterContent/Textures/T_Lamp_M.uasset"
[2019.10.24-21.16.11:600][  0]LogPackFactory: Copied "../../../Samples/StarterContent/Content/StarterContent/Textures/T_Lamp_N.uasset" to "C:/Users/danny/Desktop/Mechanics_Sandbox/Content/StarterContent/Textures/T_Lamp_N.uasset"
[2019.10.24-21.16.11:722][  0]LogPackFactory: Copied "../../../Samples/StarterContent/Content/StarterContent/Textures/T_MacroVariation.uasset" to "C:/Users/danny/Desktop/Mechanics_Sandbox/Content/StarterContent/Textures/T_MacroVariation.uasset"
[2019.10.24-21.16.11:847][  0]LogPackFactory: Copied "../../../Samples/StarterContent/Content/StarterContent/Textures/T_Metal_Aluminum_D.uasset" to "C:/Users/danny/Desktop/Mechanics_Sandbox/Content/StarterContent/Textures/T_Metal_Aluminum_D.uasset"
[2019.10.24-21.16.11:953][  0]LogPackFactory: Copied "../../../Samples/StarterContent/Content/StarterContent/Textures/T_Metal_Copper_D.uasset" to "C:/Users/danny/Desktop/Mechanics_Sandbox/Content/StarterContent/Textures/T_Metal_Copper_D.uasset"
[2019.10.24-21.16.12:100][  0]LogPackFactory: Copied "../../../Samples/StarterContent/Content/StarterContent/Textures/T_Metal_Gold_D.uasset" to "C:/Users/danny/Desktop/Mechanics_Sandbox/Content/StarterContent/Textures/T_Metal_Gold_D.uasset"
[2019.10.24-21.16.12:169][  0]LogPackFactory: Copied "../../../Samples/StarterContent/Content/StarterContent/Textures/T_Metal_Gold_N.uasset" to "C:/Users/danny/Desktop/Mechanics_Sandbox/Content/StarterContent/Textures/T_Metal_Gold_N.uasset"
[2019.10.24-21.16.12:295][  0]LogPackFactory: Copied "../../../Samples/StarterContent/Content/StarterContent/Textures/T_Metal_Rust_D.uasset" to "C:/Users/danny/Desktop/Mechanics_Sandbox/Content/StarterContent/Textures/T_Metal_Rust_D.uasset"
[2019.10.24-21.16.12:399][  0]LogPackFactory: Copied "../../../Samples/StarterContent/Content/StarterContent/Textures/T_Metal_Rust_N.uasset" to "C:/Users/danny/Desktop/Mechanics_Sandbox/Content/StarterContent/Textures/T_Metal_Rust_N.uasset"
[2019.10.24-21.16.12:493][  0]LogPackFactory: Copied "../../../Samples/StarterContent/Content/StarterContent/Textures/T_Metal_Steel_D.uasset" to "C:/Users/danny/Desktop/Mechanics_Sandbox/Content/StarterContent/Textures/T_Metal_Steel_D.uasset"
[2019.10.24-21.16.12:565][  0]LogPackFactory: Copied "../../../Samples/StarterContent/Content/StarterContent/Textures/T_Metal_Steel_N.uasset" to "C:/Users/danny/Desktop/Mechanics_Sandbox/Content/StarterContent/Textures/T_Metal_Steel_N.uasset"
[2019.10.24-21.16.12:712][  0]LogPackFactory: Copied "../../../Samples/StarterContent/Content/StarterContent/Textures/T_Perlin_Noise_M.uasset" to "C:/Users/danny/Desktop/Mechanics_Sandbox/Content/StarterContent/Textures/T_Perlin_Noise_M.uasset"
[2019.10.24-21.16.12:803][  0]LogPackFactory: Copied "../../../Samples/StarterContent/Content/StarterContent/Textures/T_RockMesh_M.uasset" to "C:/Users/danny/Desktop/Mechanics_Sandbox/Content/StarterContent/Textures/T_RockMesh_M.uasset"
[2019.10.24-21.16.12:888][  0]LogPackFactory: Copied "../../../Samples/StarterContent/Content/StarterContent/Textures/T_RockMesh_N.uasset" to "C:/Users/danny/Desktop/Mechanics_Sandbox/Content/StarterContent/Textures/T_RockMesh_N.uasset"
[2019.10.24-21.16.13:008][  0]LogPackFactory: Copied "../../../Samples/StarterContent/Content/StarterContent/Textures/T_Rock_Basalt_D.uasset" to "C:/Users/danny/Desktop/Mechanics_Sandbox/Content/StarterContent/Textures/T_Rock_Basalt_D.uasset"
[2019.10.24-21.16.13:208][  0]LogPackFactory: Copied "../../../Samples/StarterContent/Content/StarterContent/Textures/T_Rock_Basalt_N.uasset" to "C:/Users/danny/Desktop/Mechanics_Sandbox/Content/StarterContent/Textures/T_Rock_Basalt_N.uasset"
[2019.10.24-21.16.13:339][  0]LogPackFactory: Copied "../../../Samples/StarterContent/Content/StarterContent/Textures/T_Rock_Marble_Polished_D.uasset" to "C:/Users/danny/Desktop/Mechanics_Sandbox/Content/StarterContent/Textures/T_Rock_Marble_Polished_D.uasset"
[2019.10.24-21.16.13:581][  0]LogPackFactory: Copied "../../../Samples/StarterContent/Content/StarterContent/Textures/T_Rock_Sandstone_D.uasset" to "C:/Users/danny/Desktop/Mechanics_Sandbox/Content/StarterContent/Textures/T_Rock_Sandstone_D.uasset"
[2019.10.24-21.16.13:719][  0]LogPackFactory: Copied "../../../Samples/StarterContent/Content/StarterContent/Textures/T_Rock_Sandstone_N.uasset" to "C:/Users/danny/Desktop/Mechanics_Sandbox/Content/StarterContent/Textures/T_Rock_Sandstone_N.uasset"
[2019.10.24-21.16.13:854][  0]LogPackFactory: Copied "../../../Samples/StarterContent/Content/StarterContent/Textures/T_Rock_Slate_D.uasset" to "C:/Users/danny/Desktop/Mechanics_Sandbox/Content/StarterContent/Textures/T_Rock_Slate_D.uasset"
[2019.10.24-21.16.13:972][  0]LogPackFactory: Copied "../../../Samples/StarterContent/Content/StarterContent/Textures/T_Rock_Slate_N.uasset" to "C:/Users/danny/Desktop/Mechanics_Sandbox/Content/StarterContent/Textures/T_Rock_Slate_N.uasset"
[2019.10.24-21.16.14:093][  0]LogPackFactory: Copied "../../../Samples/StarterContent/Content/StarterContent/Textures/T_Rock_Smooth_Granite_D.uasset" to "C:/Users/danny/Desktop/Mechanics_Sandbox/Content/StarterContent/Textures/T_Rock_Smooth_Granite_D.uasset"
[2019.10.24-21.16.14:132][  0]LogPackFactory: Copied "../../../Samples/StarterContent/Content/StarterContent/Textures/T_Shelf_M.uasset" to "C:/Users/danny/Desktop/Mechanics_Sandbox/Content/StarterContent/Textures/T_Shelf_M.uasset"
[2019.10.24-21.16.14:174][  0]LogPackFactory: Copied "../../../Samples/StarterContent/Content/StarterContent/Textures/T_Shelf_N.uasset" to "C:/Users/danny/Desktop/Mechanics_Sandbox/Content/StarterContent/Textures/T_Shelf_N.uasset"
[2019.10.24-21.16.14:199][  0]LogPackFactory: Copied "../../../Samples/StarterContent/Content/StarterContent/Textures/T_Single_Tile_N.uasset" to "C:/Users/danny/Desktop/Mechanics_Sandbox/Content/StarterContent/Textures/T_Single_Tile_N.uasset"
[2019.10.24-21.16.14:295][  0]LogPackFactory: Copied "../../../Samples/StarterContent/Content/StarterContent/Textures/T_Smoke_SubUV.uasset" to "C:/Users/danny/Desktop/Mechanics_Sandbox/Content/StarterContent/Textures/T_Smoke_SubUV.uasset"
[2019.10.24-21.16.14:331][  0]LogPackFactory: Copied "../../../Samples/StarterContent/Content/StarterContent/Textures/T_Smoke_Tiled_D.uasset" to "C:/Users/danny/Desktop/Mechanics_Sandbox/Content/StarterContent/Textures/T_Smoke_Tiled_D.uasset"
[2019.10.24-21.16.14:374][  0]LogPackFactory: Copied "../../../Samples/StarterContent/Content/StarterContent/Textures/T_Spark_Core.uasset" to "C:/Users/danny/Desktop/Mechanics_Sandbox/Content/StarterContent/Textures/T_Spark_Core.uasset"
[2019.10.24-21.16.14:419][  0]LogPackFactory: Copied "../../../Samples/StarterContent/Content/StarterContent/Textures/T_Statue_M.uasset" to "C:/Users/danny/Desktop/Mechanics_Sandbox/Content/StarterContent/Textures/T_Statue_M.uasset"
[2019.10.24-21.16.14:465][  0]LogPackFactory: Copied "../../../Samples/StarterContent/Content/StarterContent/Textures/T_Statue_N.uasset" to "C:/Users/danny/Desktop/Mechanics_Sandbox/Content/StarterContent/Textures/T_Statue_N.uasset"
[2019.10.24-21.16.14:665][  0]LogPackFactory: Copied "../../../Samples/StarterContent/Content/StarterContent/Textures/T_TableRound_M.uasset" to "C:/Users/danny/Desktop/Mechanics_Sandbox/Content/StarterContent/Textures/T_TableRound_M.uasset"
[2019.10.24-21.16.14:732][  0]LogPackFactory: Copied "../../../Samples/StarterContent/Content/StarterContent/Textures/T_TableRound_N.uasset" to "C:/Users/danny/Desktop/Mechanics_Sandbox/Content/StarterContent/Textures/T_TableRound_N.uasset"
[2019.10.24-21.16.14:776][  0]LogPackFactory: Copied "../../../Samples/StarterContent/Content/StarterContent/Textures/T_Tech_Dot_M.uasset" to "C:/Users/danny/Desktop/Mechanics_Sandbox/Content/StarterContent/Textures/T_Tech_Dot_M.uasset"
[2019.10.24-21.16.14:845][  0]LogPackFactory: Copied "../../../Samples/StarterContent/Content/StarterContent/Textures/T_Tech_Dot_N.uasset" to "C:/Users/danny/Desktop/Mechanics_Sandbox/Content/StarterContent/Textures/T_Tech_Dot_N.uasset"
[2019.10.24-21.16.14:905][  0]LogPackFactory: Copied "../../../Samples/StarterContent/Content/StarterContent/Textures/T_Tech_Hex_Tile_M.uasset" to "C:/Users/danny/Desktop/Mechanics_Sandbox/Content/StarterContent/Textures/T_Tech_Hex_Tile_M.uasset"
[2019.10.24-21.16.14:968][  0]LogPackFactory: Copied "../../../Samples/StarterContent/Content/StarterContent/Textures/T_Tech_Hex_Tile_N.uasset" to "C:/Users/danny/Desktop/Mechanics_Sandbox/Content/StarterContent/Textures/T_Tech_Hex_Tile_N.uasset"
[2019.10.24-21.16.15:024][  0]LogPackFactory: Copied "../../../Samples/StarterContent/Content/StarterContent/Textures/T_Tech_Panel_M.uasset" to "C:/Users/danny/Desktop/Mechanics_Sandbox/Content/StarterContent/Textures/T_Tech_Panel_M.uasset"
[2019.10.24-21.16.15:074][  0]LogPackFactory: Copied "../../../Samples/StarterContent/Content/StarterContent/Textures/T_Tech_Panel_N.uasset" to "C:/Users/danny/Desktop/Mechanics_Sandbox/Content/StarterContent/Textures/T_Tech_Panel_N.uasset"
[2019.10.24-21.16.15:124][  0]LogPackFactory: Copied "../../../Samples/StarterContent/Content/StarterContent/Textures/T_Water_M.uasset" to "C:/Users/danny/Desktop/Mechanics_Sandbox/Content/StarterContent/Textures/T_Water_M.uasset"
[2019.10.24-21.16.15:191][  0]LogPackFactory: Copied "../../../Samples/StarterContent/Content/StarterContent/Textures/T_Water_N.uasset" to "C:/Users/danny/Desktop/Mechanics_Sandbox/Content/StarterContent/Textures/T_Water_N.uasset"
[2019.10.24-21.16.15:270][  0]LogPackFactory: Copied "../../../Samples/StarterContent/Content/StarterContent/Textures/T_Wood_Floor_Walnut_D.uasset" to "C:/Users/danny/Desktop/Mechanics_Sandbox/Content/StarterContent/Textures/T_Wood_Floor_Walnut_D.uasset"
[2019.10.24-21.16.15:405][  0]LogPackFactory: Copied "../../../Samples/StarterContent/Content/StarterContent/Textures/T_Wood_Floor_Walnut_M.uasset" to "C:/Users/danny/Desktop/Mechanics_Sandbox/Content/StarterContent/Textures/T_Wood_Floor_Walnut_M.uasset"
[2019.10.24-21.16.15:475][  0]LogPackFactory: Copied "../../../Samples/StarterContent/Content/StarterContent/Textures/T_Wood_Floor_Walnut_N.uasset" to "C:/Users/danny/Desktop/Mechanics_Sandbox/Content/StarterContent/Textures/T_Wood_Floor_Walnut_N.uasset"
[2019.10.24-21.16.15:633][  0]LogPackFactory: Copied "../../../Samples/StarterContent/Content/StarterContent/Textures/T_Wood_Oak_D.uasset" to "C:/Users/danny/Desktop/Mechanics_Sandbox/Content/StarterContent/Textures/T_Wood_Oak_D.uasset"
[2019.10.24-21.16.15:719][  0]LogPackFactory: Copied "../../../Samples/StarterContent/Content/StarterContent/Textures/T_Wood_Oak_N.uasset" to "C:/Users/danny/Desktop/Mechanics_Sandbox/Content/StarterContent/Textures/T_Wood_Oak_N.uasset"
[2019.10.24-21.16.15:865][  0]LogPackFactory: Copied "../../../Samples/StarterContent/Content/StarterContent/Textures/T_Wood_Pine_D.uasset" to "C:/Users/danny/Desktop/Mechanics_Sandbox/Content/StarterContent/Textures/T_Wood_Pine_D.uasset"
[2019.10.24-21.16.15:932][  0]LogPackFactory: Copied "../../../Samples/StarterContent/Content/StarterContent/Textures/T_Wood_Pine_N.uasset" to "C:/Users/danny/Desktop/Mechanics_Sandbox/Content/StarterContent/Textures/T_Wood_Pine_N.uasset"
[2019.10.24-21.16.16:036][  0]LogPackFactory: Copied "../../../Samples/StarterContent/Content/StarterContent/Textures/T_Wood_Walnut_D.uasset" to "C:/Users/danny/Desktop/Mechanics_Sandbox/Content/StarterContent/Textures/T_Wood_Walnut_D.uasset"
[2019.10.24-21.16.16:104][  0]LogPackFactory: Copied "../../../Samples/StarterContent/Content/StarterContent/Textures/T_Wood_Walnut_N.uasset" to "C:/Users/danny/Desktop/Mechanics_Sandbox/Content/StarterContent/Textures/T_Wood_Walnut_N.uasset"
[2019.10.24-21.16.16:481][  0]LogRenderer: Reallocating scene render targets to support 256x256 Format 10 NumSamples 1 (Frame:1).
[2019.10.24-21.16.16:776][  0]Cmd: OBJ SAVEPACKAGE PACKAGE="/Game/StarterContent/Architecture/Floor_400x400" FILE="C:/Users/danny/Desktop/Mechanics_Sandbox/Content/StarterContent/Architecture/Floor_400x400.uasset" SILENT=true
[2019.10.24-21.16.16:919][  0]LogSavePackage: Moving 'C:/Users/danny/Desktop/Mechanics_Sandbox/Saved/Floor_400x400C5EEE1A841DFF80E89964A93C6BD1407.tmp' to 'C:/Users/danny/Desktop/Mechanics_Sandbox/Content/StarterContent/Architecture/Floor_400x400.uasset'
[2019.10.24-21.16.16:964][  0]LogFeaturePack: Warning: Inserted 1 feature packs
[2019.10.24-21.16.16:977][  0]Cmd: MAP LOAD FILE="C:/Users/danny/Desktop/Mechanics_Sandbox/Content/FirstPersonBP/Maps/FirstPersonExampleMap.umap" TEMPLATE=0 SHOWPROGRESS=1 FEATURELEVEL=3
[2019.10.24-21.16.16:978][  0]LightingResults: New page: Lighting Build
[2019.10.24-21.16.16:984][  0]MapCheck: New page: Map Check
[2019.10.24-21.16.16:984][  0]LightingResults: New page: Lighting Build
[2019.10.24-21.16.17:056][  0]LogUObjectHash: Compacting FUObjectHashTables data took   6.10ms
[2019.10.24-21.16.19:557][  0]LogAIModule: Creating AISystem for world FirstPersonExampleMap
[2019.10.24-21.16.19:775][  0]LogEditorServer: Finished looking for orphan Actors (0.000 secs)
[2019.10.24-21.16.19:845][  0]LogUObjectHash: Compacting FUObjectHashTables data took   6.07ms
[2019.10.24-21.16.19:846][  0]Cmd: MAP CHECKDEP NOCLEARLOG
[2019.10.24-21.16.19:846][  0]MapCheck: Map check complete: 0 Error(s), 0 Warning(s), took 0.377ms to complete.
[2019.10.24-21.16.19:846][  0]LogFileHelpers: Loading map 'FirstPersonExampleMap' took 2.870
[2019.10.24-21.16.21:536][  0]LogCollectionManager: Loaded 0 collections in 0.002552 seconds
[2019.10.24-21.16.21:739][  0]LogFileCache: Scanning file cache for directory 'C:/Users/danny/Desktop/Mechanics_Sandbox/Saved/Collections/' took 0.01s
[2019.10.24-21.16.21:739][  0]LogFileCache: Scanning file cache for directory 'C:/Users/danny/Desktop/Mechanics_Sandbox/Content/Developers/danny/Collections/' took 0.01s
[2019.10.24-21.16.21:739][  0]LogFileCache: Scanning file cache for directory 'C:/Users/danny/Desktop/Mechanics_Sandbox/Content/Collections/' took 0.01s
[2019.10.24-21.16.21:739][  0]LogCollectionManager: Rebuilt the GUID cache for 0 collections in 0.000001 seconds
[2019.10.24-21.16.21:767][  0]LogContentBrowser: Native class hierarchy populated in 0.0258 seconds. Added 2733 classes and 661 folders.
[2019.10.24-21.16.21:819][  0]LogContentBrowser: Native class hierarchy updated for 'WidgetCarousel' in 0.0007 seconds. Added 0 classes and 0 folders.
[2019.10.24-21.16.21:824][  0]LogPakFile: Registered encryption key '00000000000000000000000000000000': 0 pak files mounted, 0 remain pending
[2019.10.24-21.16.21:826][  0]LogPakFile: Registered encryption key '00000000000000000000000000000000': 0 pak files mounted, 0 remain pending
[2019.10.24-21.16.21:827][  0]LogPakFile: Registered encryption key '00000000000000000000000000000000': 0 pak files mounted, 0 remain pending
[2019.10.24-21.16.21:829][  0]LogPakFile: Registered encryption key '00000000000000000000000000000000': 0 pak files mounted, 0 remain pending
[2019.10.24-21.16.21:831][  0]LogPakFile: Registered encryption key '00000000000000000000000000000000': 0 pak files mounted, 0 remain pending
[2019.10.24-21.16.21:833][  0]LogPakFile: Registered encryption key '00000000000000000000000000000000': 0 pak files mounted, 0 remain pending
[2019.10.24-21.16.21:834][  0]LogPakFile: Registered encryption key '00000000000000000000000000000000': 0 pak files mounted, 0 remain pending
[2019.10.24-21.16.21:836][  0]LogPakFile: Registered encryption key '00000000000000000000000000000000': 0 pak files mounted, 0 remain pending
[2019.10.24-21.16.21:837][  0]LogPakFile: Registered encryption key '00000000000000000000000000000000': 0 pak files mounted, 0 remain pending
[2019.10.24-21.16.21:839][  0]LogPakFile: Registered encryption key '00000000000000000000000000000000': 0 pak files mounted, 0 remain pending
[2019.10.24-21.16.21:841][  0]LogPakFile: Registered encryption key '00000000000000000000000000000000': 0 pak files mounted, 0 remain pending
[2019.10.24-21.16.21:844][  0]LogPakFile: Registered encryption key '00000000000000000000000000000000': 0 pak files mounted, 0 remain pending
[2019.10.24-21.16.21:845][  0]LogPakFile: Registered encryption key '00000000000000000000000000000000': 0 pak files mounted, 0 remain pending
[2019.10.24-21.16.21:848][  0]LogPakFile: Registered encryption key '00000000000000000000000000000000': 0 pak files mounted, 0 remain pending
[2019.10.24-21.16.21:850][  0]LogPakFile: Registered encryption key '00000000000000000000000000000000': 0 pak files mounted, 0 remain pending
[2019.10.24-21.16.21:852][  0]LogPakFile: Registered encryption key '00000000000000000000000000000000': 0 pak files mounted, 0 remain pending
[2019.10.24-21.16.21:854][  0]LogPakFile: Registered encryption key '00000000000000000000000000000000': 0 pak files mounted, 0 remain pending
[2019.10.24-21.16.21:857][  0]LogPakFile: Registered encryption key '00000000000000000000000000000000': 0 pak files mounted, 0 remain pending
[2019.10.24-21.16.21:859][  0]LogPakFile: Registered encryption key '00000000000000000000000000000000': 0 pak files mounted, 0 remain pending
[2019.10.24-21.16.21:861][  0]LogPakFile: Registered encryption key '00000000000000000000000000000000': 0 pak files mounted, 0 remain pending
[2019.10.24-21.16.21:863][  0]LogPakFile: Registered encryption key '00000000000000000000000000000000': 0 pak files mounted, 0 remain pending
[2019.10.24-21.16.21:865][  0]LogPakFile: Registered encryption key '00000000000000000000000000000000': 0 pak files mounted, 0 remain pending
[2019.10.24-21.16.21:867][  0]LogPakFile: Registered encryption key '00000000000000000000000000000000': 0 pak files mounted, 0 remain pending
[2019.10.24-21.16.21:868][  0]LogPakFile: Registered encryption key '00000000000000000000000000000000': 0 pak files mounted, 0 remain pending
[2019.10.24-21.16.21:870][  0]LogPakFile: Registered encryption key '00000000000000000000000000000000': 0 pak files mounted, 0 remain pending
[2019.10.24-21.16.21:871][  0]LogPakFile: Registered encryption key '00000000000000000000000000000000': 0 pak files mounted, 0 remain pending
[2019.10.24-21.16.22:001][  0]LogContentBrowser: Native class hierarchy updated for 'AddContentDialog' in 0.0007 seconds. Added 0 classes and 0 folders.
[2019.10.24-21.16.22:333][  0]LogSlate: Updating window title bar state: overlay mode, drag disabled, window buttons hidden, title bar hidden
[2019.10.24-21.16.22:359][  0]LogSlate: Updating window title bar state: overlay mode, drag disabled, window buttons hidden, title bar hidden
[2019.10.24-21.16.22:386][  0]LogSlate: Updating window title bar state: overlay mode, drag disabled, window buttons hidden, title bar hidden
[2019.10.24-21.16.22:408][  0]LogSlate: Updating window title bar state: overlay mode, drag disabled, window buttons hidden, title bar hidden
[2019.10.24-21.16.22:509][  0]LogSlate: Took 0.000615 seconds to synchronously load lazily loaded font '../../../Engine/Content/Slate/Fonts/Roboto-Regular.ttf' (155K)
[2019.10.24-21.16.22:570][  0]LogSlate: Took 0.038629 seconds to synchronously load lazily loaded font '../../../Engine/Content/Editor/Slate/Fonts/FontAwesome.ttf' (139K)
[2019.10.24-21.16.22:585][  0]LogSlate: Took 0.000440 seconds to synchronously load lazily loaded font '../../../Engine/Content/Slate/Fonts/Roboto-Bold.ttf' (160K)
[2019.10.24-21.16.22:630][  0]LogSlate: Took 0.037435 seconds to synchronously load lazily loaded font '../../../Engine/Content/Slate/Fonts/DroidSansMono.ttf' (77K)
[2019.10.24-21.16.23:096][  0]LogSlate: Took 0.000535 seconds to synchronously load lazily loaded font '../../../Engine/Content/Slate/Fonts/Roboto-Light.ttf' (167K)
[2019.10.24-21.16.23:264][  0]LogRenderer: Reallocating scene render targets to support 948x876 Format 10 NumSamples 1 (Frame:1).
[2019.10.24-21.16.23:987][  0]LogContentBrowser: Native class hierarchy updated for 'HierarchicalLODOutliner' in 0.0005 seconds. Added 0 classes and 0 folders.
[2019.10.24-21.16.23:987][  0]LogLoad: (Engine Initialization) Total time: 53.63 seconds
[2019.10.24-21.16.23:987][  0]LogLoad: (Engine Initialization) Total Blueprint compile time: 0.00 seconds
[2019.10.24-21.16.24:405][  0]LogContentStreaming: Texture pool size now 1000 MB
[2019.10.24-21.16.24:513][  1]LogRenderer: Reallocating scene render targets to support 948x892 Format 10 NumSamples 1 (Frame:3).
[2019.10.24-21.16.32:838][437]LogAssetRegistry: Asset discovery search completed in 49.1818 seconds
[2019.10.24-21.16.32:845][437]LogCollectionManager: Rebuilt the object cache for 0 collections in 0.000001 seconds (found 0 objects)
[2019.10.24-21.16.32:846][437]LogCollectionManager: Fixed up redirectors for 0 collections in 0.000452 seconds (updated 0 objects)
[2019.10.24-21.17.05:410][534]LogSlate: FSceneViewport::OnFocusLost() reason 0
[2019.10.24-21.17.16:002][965]LogRenderer: Reallocating scene render targets to support 948x896 Format 10 NumSamples 1 (Frame:819).
[2019.10.24-21.17.17:563][970]LogEditorViewport: Clicking on Actor (LMB): BP_Sky_Sphere_C (SkySphereBlueprint)
[2019.10.24-21.17.19:436][ 35]LogSlate: FSceneViewport::OnFocusLost() reason 2
[2019.10.24-21.17.23:133][ 49]LogSlate: Took 0.028579 seconds to synchronously load lazily loaded font '../../../Engine/Content/Slate/Fonts/Roboto-Italic.ttf' (157K)
[2019.10.24-21.17.34:078][520]LogSlate: Window 'Pick Parent Class' being destroyed
[2019.10.24-21.18.33:577][968]LogSlate: Took 0.000972 seconds to synchronously load lazily loaded font '../../../Engine/Content/Slate/Fonts/Roboto-Light.ttf' (167K)
[2019.10.24-21.18.33:597][968]LogAssetEditorManager: Opening Asset editor for Blueprint /Game/FirstPersonBP/Turret.Turret
[2019.10.24-21.18.34:700][968]LogContentBrowser: Native class hierarchy updated for 'BlueprintGraph' in 0.0014 seconds. Added 121 classes and 0 folders.
[2019.10.24-21.18.37:951][969]LogRenderer: Reallocating scene render targets to support 1004x896 Format 10 NumSamples 1 (Frame:1).
[2019.10.24-21.18.50:893][439]LogEditorViewport: Clicking on Actor (LMB): BP_Sky_Sphere_C (SkySphereBlueprint)
[2019.10.24-21.19.18:000][399]LogSlate: FSceneViewport::OnFocusLost() reason 0
[2019.10.24-21.19.21:009][498]LogSlate: Took 0.089994 seconds to synchronously load lazily loaded font '../../../Engine/Content/Slate/Fonts/Roboto-BoldCondensed.ttf' (158K)
[2019.10.24-21.19.38:600][214]LogSlate: Took 0.021893 seconds to synchronously load lazily loaded font '../../../Engine/Content/Slate/Fonts/Roboto-BoldCondensedItalic.ttf' (160K)
[2019.10.24-21.20.03:579][351]BlueprintLog: New page: Compile Turret
[2019.10.24-21.20.04:407][351]LogUObjectHash: Compacting FUObjectHashTables data took   8.13ms
[2019.10.24-21.21.45:081][711]BlueprintLog: New page: Compile Turret
[2019.10.24-21.21.45:562][711]LogUObjectHash: Compacting FUObjectHashTables data took   9.94ms
[2019.10.24-21.22.08:190][627]BlueprintLog: New page: Compile Turret
[2019.10.24-21.22.08:608][627]LogUObjectHash: Compacting FUObjectHashTables data took  10.17ms
[2019.10.24-21.22.26:056][319]BlueprintLog: New page: Compile Turret
[2019.10.24-21.22.26:460][319]LogUObjectHash: Compacting FUObjectHashTables data took   8.75ms
[2019.10.24-21.23.27:750][ 45]BlueprintLog: New page: Compile Turret
[2019.10.24-21.23.28:172][ 45]LogUObjectHash: Compacting FUObjectHashTables data took   6.72ms
[2019.10.24-21.23.32:686][216]BlueprintLog: New page: Compile Turret
[2019.10.24-21.23.33:095][216]LogUObjectHash: Compacting FUObjectHashTables data took   7.76ms
[2019.10.24-21.23.49:706][935]BlueprintLog: New page: Compile Turret
[2019.10.24-21.23.50:114][935]LogUObjectHash: Compacting FUObjectHashTables data took   8.01ms
[2019.10.24-21.24.23:826][300]LogSlate: FSceneViewport::OnFocusLost() reason 0
[2019.10.24-21.24.28:473][482]LogEditorViewport: Clicking on Actor (LMB): StaticMeshActor (Floor)
[2019.10.24-21.24.30:063][527]LogEditorViewport: Clicking on Actor (LMB): Turret_C (Turret)
[2019.10.24-21.24.30:830][560]Cmd: DELETE
[2019.10.24-21.24.30:830][560]Cmd: ACTOR DELETE
[2019.10.24-21.24.30:941][560]LogEditorActor: Deleted Actor: Turret_C
[2019.10.24-21.24.31:013][560]LogUObjectHash: Compacting FUObjectHashTables data took   7.05ms
[2019.10.24-21.24.31:014][560]LogEditorActor: Deleted 1 Actors (0.092 secs)
[2019.10.24-21.24.55:373][908]LogSlate: FSceneViewport::OnFocusLost() reason 0
[2019.10.24-21.26.36:752][ 68]BlueprintLog: New page: Compile Turret
[2019.10.24-21.26.37:180][ 68]LogUObjectHash: Compacting FUObjectHashTables data took   8.34ms
[2019.10.24-21.27.01:937][246]BlueprintLog: New page: Compile Turret
[2019.10.24-21.27.02:354][246]LogUObjectHash: Compacting FUObjectHashTables data took   7.38ms
[2019.10.24-21.28.04:845][113]LogUObjectHash: Compacting FUObjectHashTables data took   7.33ms
[2019.10.24-21.28.05:725][113]LogSavePackage: Moving 'C:/Users/danny/Desktop/Mechanics_Sandbox/Saved/FirstPersonExampleMap_Auto1B62EAE594B63CD962ED7D596749C0569.tmp' to 'C:/Users/danny/Desktop/Mechanics_Sandbox/Saved/Autosaves/Game/FirstPersonBP/Maps/FirstPersonExampleMap_Auto1.umap'
[2019.10.24-21.28.05:775][113]LogFileHelpers: Editor autosave (incl. sublevels) for '/Game/FirstPersonBP/Maps/FirstPersonExampleMap' took 1.008
[2019.10.24-21.28.05:776][113]LogFileHelpers: Editor autosave (incl. sublevels) for all levels took 1.008
[2019.10.24-21.28.05:783][113]OBJ SavePackage: Generating thumbnails for [0] asset(s) in package [/Game/FirstPersonBP/Turret] ([1] browsable assets)...
[2019.10.24-21.28.05:784][113]OBJ SavePackage: Finished generating thumbnails for package [/Game/FirstPersonBP/Turret]
[2019.10.24-21.28.05:785][113]Cmd: OBJ SAVEPACKAGE PACKAGE="/Game/FirstPersonBP/Turret" FILE="C:/Users/danny/Desktop/Mechanics_Sandbox/Saved/Autosaves/Game/FirstPersonBP/Turret_Auto1.uasset" SILENT=false AUTOSAVING=true
[2019.10.24-21.28.05:869][113]LogSavePackage: Moving 'C:/Users/danny/Desktop/Mechanics_Sandbox/Saved/Turret_Auto1BCE20C7D43E49815A28F9AB146E2D7FC.tmp' to 'C:/Users/danny/Desktop/Mechanics_Sandbox/Saved/Autosaves/Game/FirstPersonBP/Turret_Auto1.uasset'
[2019.10.24-21.28.05:872][113]LogFileHelpers: Auto-saving content packages took 0.092
[2019.10.24-21.28.21:294][663]BlueprintLog: New page: Compile Turret
[2019.10.24-21.28.21:718][663]LogUObjectHash: Compacting FUObjectHashTables data took   7.53ms
[2019.10.24-21.28.25:942][862]BlueprintLog: New page: Compile Turret
[2019.10.24-21.28.26:358][862]LogUObjectHash: Compacting FUObjectHashTables data took   9.78ms
[2019.10.24-21.30.21:598][412]BlueprintLog: New page: Compile Turret
[2019.10.24-21.30.22:073][412]LogUObjectHash: Compacting FUObjectHashTables data took   8.19ms
[2019.10.24-21.30.35:010][ 78]Cmd: OBJ SAVEPACKAGE PACKAGE="/Game/FirstPersonBP/Turret" FILE="C:/Users/danny/Desktop/Mechanics_Sandbox/Content/FirstPersonBP/Turret.uasset" SILENT=true
[2019.10.24-21.30.35:063][ 78]LogSavePackage: Moving 'C:/Users/danny/Desktop/Mechanics_Sandbox/Saved/Turret027C45C84C8859C9E26B12A131ABDC48.tmp' to 'C:/Users/danny/Desktop/Mechanics_Sandbox/Content/FirstPersonBP/Turret.uasset'
[2019.10.24-21.30.35:179][ 78]LogUObjectHash: Compacting FUObjectHashTables data took   8.66ms
[2019.10.24-21.30.35:686][ 78]LogSavePackage: Moving 'C:/Users/danny/Desktop/Mechanics_Sandbox/Saved/FirstPersonExampleMapD921D6DE4455AD10E83531BEA370E6A2.tmp' to 'C:/Users/danny/Desktop/Mechanics_Sandbox/Content/FirstPersonBP/Maps/FirstPersonExampleMap.umap'
[2019.10.24-21.30.35:750][ 78]LogFileHelpers: Saving map 'FirstPersonExampleMap' took 0.657
[2019.10.24-21.31.18:712][130]LogSlate: Window 'Change Variable Type' being destroyed
[2019.10.24-21.31.40:683][ 85]LogSlate: FSceneViewport::OnFocusLost() reason 0
[2019.10.24-21.31.54:379][710]LogSlate: FSceneViewport::OnFocusLost() reason 0
[2019.10.24-21.32.07:225][277]LogSlate: FSceneViewport::OnFocusLost() reason 0
[2019.10.24-21.33.04:890][453]BlueprintLog: New page: Compile Turret
[2019.10.24-21.33.05:311][453]LogUObjectHash: Compacting FUObjectHashTables data took   9.88ms
[2019.10.24-21.35.38:976][ 99]BlueprintLog: New page: Compile Turret
[2019.10.24-21.35.39:416][ 99]LogUObjectHash: Compacting FUObjectHashTables data took   9.01ms
[2019.10.24-21.36.27:290][102]BlueprintLog: New page: Compile Turret
[2019.10.24-21.36.27:735][102]LogUObjectHash: Compacting FUObjectHashTables data took   7.96ms
[2019.10.24-21.37.17:481][277]BlueprintLog: New page: Compile Turret
[2019.10.24-21.37.17:922][277]LogUObjectHash: Compacting FUObjectHashTables data took  10.53ms
[2019.10.24-21.37.23:076][487]BlueprintLog: New page: Compile Turret
[2019.10.24-21.37.23:501][487]LogUObjectHash: Compacting FUObjectHashTables data took   8.13ms
[2019.10.24-21.37.24:633][533]LogUObjectHash: Compacting FUObjectHashTables data took   7.16ms
[2019.10.24-21.37.24:665][533]Cmd: OBJ SAVEPACKAGE PACKAGE="/Game/FirstPersonBP/Turret" FILE="C:/Users/danny/Desktop/Mechanics_Sandbox/Content/FirstPersonBP/Turret.uasset" SILENT=true
[2019.10.24-21.37.24:760][533]LogSavePackage: Moving 'C:/Users/danny/Desktop/Mechanics_Sandbox/Saved/TurretB07CD5F94147C1FFE436469E72CE44DC.tmp' to 'C:/Users/danny/Desktop/Mechanics_Sandbox/Content/FirstPersonBP/Turret.uasset'
[2019.10.24-21.38.33:159][870]LogEditorTransaction: Undo Move Node
[2019.10.24-21.38.38:741][ 85]BlueprintLog: New page: Compile Turret
[2019.10.24-21.38.39:167][ 85]LogUObjectHash: Compacting FUObjectHashTables data took  10.08ms
[2019.10.24-21.39.02:641][377]LogUObjectHash: Compacting FUObjectHashTables data took   7.69ms
[2019.10.24-21.39.02:673][377]Cmd: OBJ SAVEPACKAGE PACKAGE="/Game/FirstPersonBP/Turret" FILE="C:/Users/danny/Desktop/Mechanics_Sandbox/Content/FirstPersonBP/Turret.uasset" SILENT=true
[2019.10.24-21.39.02:751][377]LogSavePackage: Moving 'C:/Users/danny/Desktop/Mechanics_Sandbox/Saved/TurretE697EACA4F67C4DEDDEC4EA87365D8C5.tmp' to 'C:/Users/danny/Desktop/Mechanics_Sandbox/Content/FirstPersonBP/Turret.uasset'
[2019.10.24-21.42.00:443][478]BlueprintLog: New page: Compile Turret
[2019.10.24-21.42.00:908][478]LogUObjectHash: Compacting FUObjectHashTables data took  11.03ms
[2019.10.24-21.42.06:682][708]BlueprintLog: New page: Compile Turret
[2019.10.24-21.42.07:111][708]LogUObjectHash: Compacting FUObjectHashTables data took   7.86ms
[2019.10.24-21.42.45:113][571]BlueprintLog: New page: Compile Turret
[2019.10.24-21.42.45:552][571]LogUObjectHash: Compacting FUObjectHashTables data took   9.44ms
[2019.10.24-21.43.45:309][481]BlueprintLog: New page: Compile Turret
[2019.10.24-21.43.45:806][481]LogUObjectHash: Compacting FUObjectHashTables data took  10.39ms
[2019.10.24-21.43.52:550][770]LogUObjectHash: Compacting FUObjectHashTables data took   7.65ms
[2019.10.24-21.43.52:551][770]LogFileHelpers: Editor autosave (incl. sublevels) for '/Game/FirstPersonBP/Maps/FirstPersonExampleMap' took 0.073
[2019.10.24-21.43.52:555][770]OBJ SavePackage: Generating thumbnails for [0] asset(s) in package [/Game/FirstPersonBP/Turret] ([1] browsable assets)...
[2019.10.24-21.43.52:556][770]OBJ SavePackage: Finished generating thumbnails for package [/Game/FirstPersonBP/Turret]
[2019.10.24-21.43.52:556][770]Cmd: OBJ SAVEPACKAGE PACKAGE="/Game/FirstPersonBP/Turret" FILE="C:/Users/danny/Desktop/Mechanics_Sandbox/Saved/Autosaves/Game/FirstPersonBP/Turret_Auto2.uasset" SILENT=false AUTOSAVING=true
[2019.10.24-21.43.52:666][770]LogSavePackage: Moving 'C:/Users/danny/Desktop/Mechanics_Sandbox/Saved/Turret_Auto21BCD2F1D45C9084F087171A541D42329.tmp' to 'C:/Users/danny/Desktop/Mechanics_Sandbox/Saved/Autosaves/Game/FirstPersonBP/Turret_Auto2.uasset'
[2019.10.24-21.43.52:669][770]LogFileHelpers: Auto-saving content packages took 0.116
[2019.10.24-21.43.56:717][925]BlueprintLog: New page: Compile Turret
[2019.10.24-21.43.57:227][925]LogUObjectHash: Compacting FUObjectHashTables data took   6.67ms
[2019.10.24-21.44.06:313][319]LogUObjectHash: Compacting FUObjectHashTables data took   8.40ms
[2019.10.24-21.44.06:344][319]Cmd: OBJ SAVEPACKAGE PACKAGE="/Game/FirstPersonBP/Turret" FILE="C:/Users/danny/Desktop/Mechanics_Sandbox/Content/FirstPersonBP/Turret.uasset" SILENT=true
[2019.10.24-21.44.06:485][319]LogSavePackage: Moving 'C:/Users/danny/Desktop/Mechanics_Sandbox/Saved/TurretAF850B384E89A45B9CD4BA81AF0F7E51.tmp' to 'C:/Users/danny/Desktop/Mechanics_Sandbox/Content/FirstPersonBP/Turret.uasset'
[2019.10.24-21.44.47:689][326]BlueprintLog: New page: Compile Turret
[2019.10.24-21.44.48:133][326]LogUObjectHash: Compacting FUObjectHashTables data took   8.10ms
[2019.10.24-21.44.59:898][834]BlueprintLog: New page: Compile Turret
[2019.10.24-21.45.00:346][834]LogUObjectHash: Compacting FUObjectHashTables data took  10.28ms
[2019.10.24-21.45.34:380][569]BlueprintLog: New page: Compile Turret
[2019.10.24-21.45.34:815][569]LogUObjectHash: Compacting FUObjectHashTables data took   8.29ms
[2019.10.24-21.46.24:446][  1]LogRenderer: Reallocating scene render targets to support 1076x896 Format 10 NumSamples 1 (Frame:2295).
[2019.10.24-21.46.26:577][ 87]LogSlate: FSceneViewport::OnFocusLost() reason 0
[2019.10.24-21.46.29:657][210]LogSlate: FSceneViewport::OnFocusLost() reason 0
[2019.10.24-21.46.42:864][819]LogSlate: Window 'Turret' being destroyed
[2019.10.24-21.46.42:881][819]LogSlate: Window 'Turret' being destroyed
[2019.10.24-21.46.44:260][875]LogAssetEditorManager: Opening Asset editor for Blueprint /Game/FirstPersonBP/Turret.Turret
[2019.10.24-21.46.48:492][991]BlueprintLog: New page: Compile Turret
[2019.10.24-21.46.48:941][991]LogUObjectHash: Compacting FUObjectHashTables data took   7.53ms
[2019.10.24-21.47.50:152][774]BlueprintLog: New page: Compile Turret
[2019.10.24-21.47.50:600][774]LogUObjectHash: Compacting FUObjectHashTables data took   8.09ms
[2019.10.24-21.49.17:354][  0]BlueprintLog: New page: Compile Turret
[2019.10.24-21.49.17:806][  0]LogUObjectHash: Compacting FUObjectHashTables data took  10.14ms
[2019.10.24-21.49.34:654][699]BlueprintLog: New page: Compile Turret
[2019.10.24-21.49.35:113][699]LogUObjectHash: Compacting FUObjectHashTables data took   8.13ms
[2019.10.24-21.49.52:631][558]BlueprintLog: New page: Compile Turret
[2019.10.24-21.49.53:149][558]LogUObjectHash: Compacting FUObjectHashTables data took   9.26ms
[2019.10.24-21.49.58:212][773]BlueprintLog: New page: Compile Turret
[2019.10.24-21.49.58:258][773]LogClass: Warning: Type mismatch in RateOfFire of Turret_C - Previous (BoolProperty) Current(FloatProperty) for package:  FObjectReader
[2019.10.24-21.49.58:664][773]LogUObjectHash: Compacting FUObjectHashTables data took   7.45ms
[2019.10.24-21.50.06:429][121]BlueprintLog: New page: Compile Turret
[2019.10.24-21.50.06:867][121]LogUObjectHash: Compacting FUObjectHashTables data took   8.65ms
[2019.10.24-21.50.20:600][719]BlueprintLog: New page: Compile Turret
[2019.10.24-21.50.21:064][719]LogUObjectHash: Compacting FUObjectHashTables data took  11.19ms
[2019.10.24-21.50.21:426][727]BlueprintLog: New page: Compile Turret
[2019.10.24-21.50.21:983][727]LogUObjectHash: Compacting FUObjectHashTables data took   8.47ms
[2019.10.24-21.50.41:269][571]BlueprintLog: New page: Compile Turret
[2019.10.24-21.50.41:730][571]LogUObjectHash: Compacting FUObjectHashTables data took   8.17ms
[2019.10.24-21.51.37:942][ 75]BlueprintLog: New page: Compile Turret
[2019.10.24-21.51.38:421][ 75]LogUObjectHash: Compacting FUObjectHashTables data took   8.66ms
[2019.10.24-21.51.50:383][606]BlueprintLog: New page: Compile Turret
[2019.10.24-21.51.50:861][606]LogUObjectHash: Compacting FUObjectHashTables data took   7.35ms
[2019.10.24-21.52.03:122][136]BlueprintLog: New page: Compile Turret
[2019.10.24-21.52.03:573][136]LogUObjectHash: Compacting FUObjectHashTables data took  10.00ms
[2019.10.24-21.52.04:693][179]LogUObjectHash: Compacting FUObjectHashTables data took   7.65ms
[2019.10.24-21.52.04:723][179]Cmd: OBJ SAVEPACKAGE PACKAGE="/Game/FirstPersonBP/Turret" FILE="C:/Users/danny/Desktop/Mechanics_Sandbox/Content/FirstPersonBP/Turret.uasset" SILENT=true
[2019.10.24-21.52.04:882][179]LogSavePackage: Moving 'C:/Users/danny/Desktop/Mechanics_Sandbox/Saved/Turret369079E24D9CE6E0B2270FBB05EC9777.tmp' to 'C:/Users/danny/Desktop/Mechanics_Sandbox/Content/FirstPersonBP/Turret.uasset'
[2019.10.24-21.53.46:921][261]BlueprintLog: New page: Compile Turret
[2019.10.24-21.53.47:384][261]LogUObjectHash: Compacting FUObjectHashTables data took   8.70ms
[2019.10.24-21.55.45:980][ 23]BlueprintLog: New page: Compile Turret
[2019.10.24-21.55.46:440][ 23]LogUObjectHash: Compacting FUObjectHashTables data took  11.30ms
[2019.10.24-21.56.18:001][555]BlueprintLog: New page: Compile Turret
[2019.10.24-21.56.18:474][555]LogUObjectHash: Compacting FUObjectHashTables data took   8.88ms
[2019.10.24-21.56.57:562][468]BlueprintLog: New page: Compile Turret
[2019.10.24-21.56.58:008][468]LogUObjectHash: Compacting FUObjectHashTables data took   8.75ms
[2019.10.24-21.57.33:507][ 46]BlueprintLog: New page: Compile Turret
[2019.10.24-21.57.33:973][ 46]LogUObjectHash: Compacting FUObjectHashTables data took  11.00ms
[2019.10.24-21.58.08:606][577]BlueprintLog: New page: Compile Turret
[2019.10.24-21.58.09:062][577]LogUObjectHash: Compacting FUObjectHashTables data took   8.45ms
[2019.10.24-21.59.02:143][ 68]LogUObjectHash: Compacting FUObjectHashTables data took   7.62ms
[2019.10.24-21.59.02:143][ 68]LogFileHelpers: Editor autosave (incl. sublevels) for '/Game/FirstPersonBP/Maps/FirstPersonExampleMap' took 0.078
[2019.10.24-21.59.02:148][ 68]OBJ SavePackage: Generating thumbnails for [0] asset(s) in package [/Game/FirstPersonBP/Turret] ([1] browsable assets)...
[2019.10.24-21.59.02:148][ 68]OBJ SavePackage: Finished generating thumbnails for package [/Game/FirstPersonBP/Turret]
[2019.10.24-21.59.02:149][ 68]Cmd: OBJ SAVEPACKAGE PACKAGE="/Game/FirstPersonBP/Turret" FILE="C:/Users/danny/Desktop/Mechanics_Sandbox/Saved/Autosaves/Game/FirstPersonBP/Turret_Auto3.uasset" SILENT=false AUTOSAVING=true
[2019.10.24-21.59.02:290][ 68]LogSavePackage: Moving 'C:/Users/danny/Desktop/Mechanics_Sandbox/Saved/Turret_Auto3698FAEC346921BE91A077F97B3E6B27E.tmp' to 'C:/Users/danny/Desktop/Mechanics_Sandbox/Saved/Autosaves/Game/FirstPersonBP/Turret_Auto3.uasset'
[2019.10.24-21.59.02:293][ 68]LogFileHelpers: Auto-saving content packages took 0.146
[2019.10.24-22.00.00:128][594]BlueprintLog: New page: Compile Turret
[2019.10.24-22.00.00:587][594]LogUObjectHash: Compacting FUObjectHashTables data took   8.21ms
[2019.10.24-22.00.42:935][591]BlueprintLog: New page: Compile Turret
[2019.10.24-22.00.43:381][591]LogUObjectHash: Compacting FUObjectHashTables data took   8.83ms
[2019.10.24-22.01.30:263][654]BlueprintLog: New page: Compile Turret
[2019.10.24-22.01.30:837][654]LogUObjectHash: Compacting FUObjectHashTables data took  11.51ms
[2019.10.24-22.04.03:734][883]BlueprintLog: New page: Compile Turret
[2019.10.24-22.04.04:220][883]LogUObjectHash: Compacting FUObjectHashTables data took   7.78ms
[2019.10.24-22.05.44:890][852]BlueprintLog: New page: Compile Turret
[2019.10.24-22.05.45:353][852]LogUObjectHash: Compacting FUObjectHashTables data took   8.06ms
[2019.10.24-22.06.09:191][866]BlueprintLog: New page: Compile Turret
[2019.10.24-22.06.09:651][866]LogUObjectHash: Compacting FUObjectHashTables data took   9.32ms
[2019.10.24-22.07.48:834][ 99]BlueprintLog: New page: Compile Turret
[2019.10.24-22.07.49:321][ 99]LogUObjectHash: Compacting FUObjectHashTables data took   8.53ms
[2019.10.24-22.08.03:873][740]BlueprintLog: New page: Compile Turret
[2019.10.24-22.08.04:351][740]LogUObjectHash: Compacting FUObjectHashTables data took  10.84ms
[2019.10.24-22.09.45:317][196]LogUObjectHash: Compacting FUObjectHashTables data took   7.77ms
[2019.10.24-22.09.45:318][196]LogFileHelpers: Editor autosave (incl. sublevels) for '/Game/FirstPersonBP/Maps/FirstPersonExampleMap' took 0.078
[2019.10.24-22.09.45:321][196]OBJ SavePackage: Generating thumbnails for [0] asset(s) in package [/Game/FirstPersonBP/Turret] ([1] browsable assets)...
[2019.10.24-22.09.45:322][196]OBJ SavePackage: Finished generating thumbnails for package [/Game/FirstPersonBP/Turret]
[2019.10.24-22.09.45:323][196]Cmd: OBJ SAVEPACKAGE PACKAGE="/Game/FirstPersonBP/Turret" FILE="C:/Users/danny/Desktop/Mechanics_Sandbox/Saved/Autosaves/Game/FirstPersonBP/Turret_Auto4.uasset" SILENT=false AUTOSAVING=true
[2019.10.24-22.09.45:482][196]LogSavePackage: Moving 'C:/Users/danny/Desktop/Mechanics_Sandbox/Saved/Turret_Auto4EBDA215446CFD88984D3408E89153A50.tmp' to 'C:/Users/danny/Desktop/Mechanics_Sandbox/Saved/Autosaves/Game/FirstPersonBP/Turret_Auto4.uasset'
[2019.10.24-22.09.45:485][196]LogFileHelpers: Auto-saving content packages took 0.165
[2019.10.24-22.10.13:687][281]LogEditorViewport: Clicking on Actor (LMB): BP_Sky_Sphere_C (SkySphereBlueprint)
[2019.10.24-22.10.15:129][326]LogEditorViewport: Clicking on Actor (LMB): BP_Sky_Sphere_C (SkySphereBlueprint)
[2019.10.24-22.10.27:635][754]LogSlate: FSceneViewport::OnFocusLost() reason 0
[2019.10.24-22.10.47:852][937]Cmd: OBJ SAVEPACKAGE PACKAGE="/Game/FirstPersonBP/Turret" FILE="C:/Users/danny/Desktop/Mechanics_Sandbox/Content/FirstPersonBP/Turret.uasset" SILENT=true
[2019.10.24-22.10.47:994][937]LogSavePackage: Moving 'C:/Users/danny/Desktop/Mechanics_Sandbox/Saved/Turret145260E945D4AA3C03D65EAA64E9524E.tmp' to 'C:/Users/danny/Desktop/Mechanics_Sandbox/Content/FirstPersonBP/Turret.uasset'
[2019.10.24-22.20.36:194][127]BlueprintLog: New page: Compile Turret
[2019.10.24-22.20.36:693][127]LogUObjectHash: Compacting FUObjectHashTables data took   8.73ms
[2019.10.24-22.21.05:287][303]LogUObjectHash: Compacting FUObjectHashTables data took   7.65ms
[2019.10.24-22.21.05:287][303]LogFileHelpers: Editor autosave (incl. sublevels) for '/Game/FirstPersonBP/Maps/FirstPersonExampleMap' took 0.095
[2019.10.24-22.21.05:291][303]OBJ SavePackage: Generating thumbnails for [0] asset(s) in package [/Game/FirstPersonBP/Turret] ([1] browsable assets)...
[2019.10.24-22.21.05:291][303]OBJ SavePackage: Finished generating thumbnails for package [/Game/FirstPersonBP/Turret]
[2019.10.24-22.21.05:292][303]Cmd: OBJ SAVEPACKAGE PACKAGE="/Game/FirstPersonBP/Turret" FILE="C:/Users/danny/Desktop/Mechanics_Sandbox/Saved/Autosaves/Game/FirstPersonBP/Turret_Auto5.uasset" SILENT=false AUTOSAVING=true
[2019.10.24-22.21.05:457][303]LogSavePackage: Moving 'C:/Users/danny/Desktop/Mechanics_Sandbox/Saved/Turret_Auto545433272444FAFE1E8EF81A760127FB0.tmp' to 'C:/Users/danny/Desktop/Mechanics_Sandbox/Saved/Autosaves/Game/FirstPersonBP/Turret_Auto5.uasset'
[2019.10.24-22.21.05:460][303]LogFileHelpers: Auto-saving content packages took 0.171
[2019.10.24-22.22.41:646][493]BlueprintLog: New page: Compile Turret
[2019.10.24-22.22.42:197][493]LogUObjectHash: Compacting FUObjectHashTables data took   8.22ms
[2019.10.24-22.23.05:247][381]BlueprintLog: New page: Compile Turret
[2019.10.24-22.23.05:716][381]LogUObjectHash: Compacting FUObjectHashTables data took   8.28ms
[2019.10.24-22.23.52:919][298]BlueprintLog: New page: Compile Turret
[2019.10.24-22.23.53:405][298]LogUObjectHash: Compacting FUObjectHashTables data took   8.54ms
[2019.10.24-22.25.09:142][268]BlueprintLog: New page: Compile Turret
[2019.10.24-22.25.09:619][268]LogUObjectHash: Compacting FUObjectHashTables data took   8.54ms
[2019.10.24-22.25.23:031][804]BlueprintLog: New page: Compile Turret
[2019.10.24-22.25.23:506][804]LogUObjectHash: Compacting FUObjectHashTables data took   7.90ms
[2019.10.24-22.25.25:103][851]Cmd: OBJ SAVEPACKAGE PACKAGE="/Game/FirstPersonBP/Turret" FILE="C:/Users/danny/Desktop/Mechanics_Sandbox/Content/FirstPersonBP/Turret.uasset" SILENT=true
[2019.10.24-22.25.25:252][851]LogSavePackage: Moving 'C:/Users/danny/Desktop/Mechanics_Sandbox/Saved/Turret52B3D7C9405252AAC0E45BA0DDC684F6.tmp' to 'C:/Users/danny/Desktop/Mechanics_Sandbox/Content/FirstPersonBP/Turret.uasset'
[2019.10.24-22.26.43:825][683]BlueprintLog: New page: Compile Turret
[2019.10.24-22.26.44:383][683]LogUObjectHash: Compacting FUObjectHashTables data took  10.51ms
[2019.10.24-22.28.02:567][562]Cmd: OBJ SAVEPACKAGE PACKAGE="/Game/FirstPersonBP/Turret" FILE="C:/Users/danny/Desktop/Mechanics_Sandbox/Content/FirstPersonBP/Turret.uasset" SILENT=true
[2019.10.24-22.28.02:743][562]LogSavePackage: Moving 'C:/Users/danny/Desktop/Mechanics_Sandbox/Saved/Turret593ECF224C7FE51E1224549323399138.tmp' to 'C:/Users/danny/Desktop/Mechanics_Sandbox/Content/FirstPersonBP/Turret.uasset'
[2019.10.24-22.31.24:267][497]LogUObjectHash: Compacting FUObjectHashTables data took  12.21ms
[2019.10.24-22.31.24:268][497]LogFileHelpers: Editor autosave (incl. sublevels) for '/Game/FirstPersonBP/Maps/FirstPersonExampleMap' took 0.101
[2019.10.24-22.31.24:271][497]OBJ SavePackage: Generating thumbnails for [0] asset(s) in package [/Game/FirstPersonBP/Turret] ([1] browsable assets)...
[2019.10.24-22.31.24:272][497]OBJ SavePackage: Finished generating thumbnails for package [/Game/FirstPersonBP/Turret]
[2019.10.24-22.31.24:272][497]Cmd: OBJ SAVEPACKAGE PACKAGE="/Game/FirstPersonBP/Turret" FILE="C:/Users/danny/Desktop/Mechanics_Sandbox/Saved/Autosaves/Game/FirstPersonBP/Turret_Auto6.uasset" SILENT=false AUTOSAVING=true
[2019.10.24-22.31.24:419][497]LogSavePackage: Moving 'C:/Users/danny/Desktop/Mechanics_Sandbox/Saved/Turret_Auto6C81BD1E3465ADAA76886DFB332A36E7F.tmp' to 'C:/Users/danny/Desktop/Mechanics_Sandbox/Saved/Autosaves/Game/FirstPersonBP/Turret_Auto6.uasset'
[2019.10.24-22.31.24:423][497]LogFileHelpers: Auto-saving content packages took 0.153
[2019.10.24-22.35.32:532][700]BlueprintLog: New page: Compile Turret
[2019.10.24-22.35.33:041][700]LogUObjectHash: Compacting FUObjectHashTables data took   9.42ms
[2019.10.24-22.39.12:854][525]BlueprintLog: New page: Compile Turret
[2019.10.24-22.39.13:339][525]LogUObjectHash: Compacting FUObjectHashTables data took   8.16ms
[2019.10.24-22.39.20:058][773]LogEditorTransaction: Undo Add In Parameter
[2019.10.24-22.39.21:243][799]BlueprintLog: New page: Compile Turret
[2019.10.24-22.39.21:713][799]LogUObjectHash: Compacting FUObjectHashTables data took   7.68ms
[2019.10.24-22.39.33:402][258]LogEditorViewport: Clicking on Actor (LMB): StaticMeshActor (Floor)
[2019.10.24-22.39.34:915][303]LogEditorViewport: Clicking on Actor (LMB): FirstPersonCharacter_C (FirstPersonCharacter)
[2019.10.24-22.39.36:515][332]LogSlate: FSceneViewport::OnFocusLost() reason 2
[2019.10.24-22.39.37:313][365]LogSlate: FSceneViewport::OnFocusLost() reason 2
[2019.10.24-22.39.37:326][365]LogAssetEditorManager: Opening Asset editor for Blueprint /Game/FirstPersonBP/Blueprints/FirstPersonCharacter.FirstPersonCharacter
[2019.10.24-22.40.17:508][475]LogSlate: FSceneViewport::OnFocusLost() reason 2
[2019.10.24-22.40.18:999][501]LogAssetEditorManager: Opening Asset editor for AnimMontage /Game/FirstPerson/Animations/FirstPersonFire_Montage.FirstPersonFire_Montage
[2019.10.24-22.40.19:236][501]LogBlueprintActionDatabase: Requesting refresh due to module change: AnimationEditor (loaded)
[2019.10.24-22.40.19:338][501]LogBlueprintActionDatabase: Requesting refresh due to module change: SkeletonEditor (loaded)
[2019.10.24-22.40.19:342][501]LogContentBrowser: Native class hierarchy updated for 'SkeletonEditor' in 0.0022 seconds. Added 1 classes and 2 folders.
[2019.10.24-22.40.20:256][501]LogActorComponent: RegisterComponentWithWorld: (/Engine/Transient.World_7:PersistentLevel.AnimationEditorPreviewActor_0.DebugSkelMeshComponent_0) Already registered. Aborting.
[2019.10.24-22.40.20:303][501]LogBlueprintActionDatabase: Requesting refresh due to module change: PinnedCommandList (loaded)
[2019.10.24-22.40.20:305][501]LogContentBrowser: Native class hierarchy updated for 'PinnedCommandList' in 0.0012 seconds. Added 1 classes and 0 folders.
[2019.10.24-22.40.20:565][501]LogSkeletalMesh: USkeletalMeshComponent::InitArticulated : Bodies already created (/Engine/Transient.World_7:PersistentLevel.AnimationEditorPreviewActor_0.DebugSkelMeshComponent_0) - call TermArticulated first.
[2019.10.24-22.40.22:994][501]LogContentBrowser: Verbose: The majority of assets in the view are of type: AnimSequence
[2019.10.24-22.42.36:041][382]BlueprintLog: New page: Compile Turret
[2019.10.24-22.42.36:074][382]LogBlueprint: Error: [Compiler Turret] The current value of the ' Spawn Transform ' pin is invalid: 'Spawn Transform' in action 'Begin Deferred Actor Spawn from Class' must have an input wired into it ("by ref" params expect a valid input to operate on).
[2019.10.24-22.42.36:076][382]LogBlueprint: Error: [Compiler Turret] The current value of the ' Spawn Transform ' pin is invalid: 'Spawn Transform' in action 'Finish Spawning Actor' must have an input wired into it ("by ref" params expect a valid input to operate on).
[2019.10.24-22.42.37:111][382]LogUObjectHash: Compacting FUObjectHashTables data took  16.56ms
[2019.10.24-22.42.37:144][382]LogBlueprint: Warning: [Compiler Turret] [5226.79] Compile of Turret failed. 2 Fatal Issue(s) 0 Warning(s) [in 1,102 ms] (/Game/FirstPersonBP/Turret.Turret)
[2019.10.24-22.45.48:904][627]BlueprintLog: New page: Compile Turret
[2019.10.24-22.45.49:555][627]LogUObjectHash: Compacting FUObjectHashTables data took  14.22ms
[2019.10.24-22.46.02:677][ 36]BlueprintLog: New page: Compile Turret
[2019.10.24-22.46.03:250][ 36]LogUObjectHash: Compacting FUObjectHashTables data took  10.05ms
[2019.10.24-22.46.03:864][ 51]Cmd: OBJ SAVEPACKAGE PACKAGE="/Game/FirstPersonBP/Turret" FILE="C:/Users/danny/Desktop/Mechanics_Sandbox/Content/FirstPersonBP/Turret.uasset" SILENT=true
[2019.10.24-22.46.04:347][ 51]LogSavePackage: Moving 'C:/Users/danny/Desktop/Mechanics_Sandbox/Saved/Turret28A8E7F044FFF1882B63B4970451ED16.tmp' to 'C:/Users/danny/Desktop/Mechanics_Sandbox/Content/FirstPersonBP/Turret.uasset'
[2019.10.24-22.46.07:430][133]LogSlate: FSceneViewport::OnFocusLost() reason 0
[2019.10.24-22.47.43:764][297]BlueprintLog: New page: Compile Turret
[2019.10.24-22.47.44:387][297]LogUObjectHash: Compacting FUObjectHashTables data took  10.67ms
[2019.10.24-22.47.53:566][569]Cmd: OBJ SAVEPACKAGE PACKAGE="/Game/FirstPersonBP/Turret" FILE="C:/Users/danny/Desktop/Mechanics_Sandbox/Content/FirstPersonBP/Turret.uasset" SILENT=true
[2019.10.24-22.47.53:739][569]LogSavePackage: Moving 'C:/Users/danny/Desktop/Mechanics_Sandbox/Saved/Turret7B0858F14EEE43165C7A1D81A4DC835D.tmp' to 'C:/Users/danny/Desktop/Mechanics_Sandbox/Content/FirstPersonBP/Turret.uasset'
[2019.10.24-22.47.54:420][587]LogSlate: FSceneViewport::OnFocusLost() reason 0
[2019.10.24-22.48.18:731][324]BlueprintLog: New page: Compile Turret
[2019.10.24-22.48.19:436][324]LogUObjectHash: Compacting FUObjectHashTables data took  12.35ms
[2019.10.24-22.49.05:979][176]BlueprintLog: New page: Compile Turret
[2019.10.24-22.49.06:571][176]LogUObjectHash: Compacting FUObjectHashTables data took  12.03ms
[2019.10.24-22.49.34:425][340]LogUObjectHash: Compacting FUObjectHashTables data took  11.78ms
[2019.10.24-22.49.34:425][340]LogFileHelpers: Editor autosave (incl. sublevels) for '/Game/FirstPersonBP/Maps/FirstPersonExampleMap' took 0.139
[2019.10.24-22.49.34:429][340]OBJ SavePackage: Generating thumbnails for [0] asset(s) in package [/Game/FirstPersonBP/Turret] ([1] browsable assets)...
[2019.10.24-22.49.34:429][340]OBJ SavePackage: Finished generating thumbnails for package [/Game/FirstPersonBP/Turret]
[2019.10.24-22.49.34:430][340]Cmd: OBJ SAVEPACKAGE PACKAGE="/Game/FirstPersonBP/Turret" FILE="C:/Users/danny/Desktop/Mechanics_Sandbox/Saved/Autosaves/Game/FirstPersonBP/Turret_Auto7.uasset" SILENT=false AUTOSAVING=true
[2019.10.24-22.49.34:651][340]LogSavePackage: Moving 'C:/Users/danny/Desktop/Mechanics_Sandbox/Saved/Turret_Auto79EF514374BA7212D46CB559CEE009F83.tmp' to 'C:/Users/danny/Desktop/Mechanics_Sandbox/Saved/Autosaves/Game/FirstPersonBP/Turret_Auto7.uasset'
[2019.10.24-22.49.34:657][340]LogFileHelpers: Auto-saving content packages took 0.228
[2019.10.24-23.01.37:549][957]LogUObjectHash: Compacting FUObjectHashTables data took   2.53ms
[2019.10.24-23.01.37:549][957]LogFileHelpers: Editor autosave (incl. sublevels) for '/Game/FirstPersonBP/Maps/FirstPersonExampleMap' took 0.097
[2019.10.24-23.01.37:553][957]OBJ SavePackage: Generating thumbnails for [0] asset(s) in package [/Game/FirstPersonBP/Turret] ([1] browsable assets)...
[2019.10.24-23.01.37:554][957]OBJ SavePackage: Finished generating thumbnails for package [/Game/FirstPersonBP/Turret]
[2019.10.24-23.01.37:554][957]Cmd: OBJ SAVEPACKAGE PACKAGE="/Game/FirstPersonBP/Turret" FILE="C:/Users/danny/Desktop/Mechanics_Sandbox/Saved/Autosaves/Game/FirstPersonBP/Turret_Auto8.uasset" SILENT=false AUTOSAVING=true
[2019.10.24-23.01.37:737][957]LogSavePackage: Moving 'C:/Users/danny/Desktop/Mechanics_Sandbox/Saved/Turret_Auto8A12D0E7142C981D1B3ED8E9982578909.tmp' to 'C:/Users/danny/Desktop/Mechanics_Sandbox/Saved/Autosaves/Game/FirstPersonBP/Turret_Auto8.uasset'
[2019.10.24-23.01.37:741][957]LogFileHelpers: Auto-saving content packages took 0.190
[2019.10.24-23.05.28:963][699]BlueprintLog: New page: Compile Turret
[2019.10.24-23.05.29:581][699]LogUObjectHash: Compacting FUObjectHashTables data took  10.19ms
[2019.10.24-23.08.48:133][733]BlueprintLog: New page: Compile Turret
[2019.10.24-23.08.48:758][733]LogUObjectHash: Compacting FUObjectHashTables data took  12.13ms
[2019.10.24-23.11.42:387][324]LogUObjectHash: Compacting FUObjectHashTables data took  11.70ms
[2019.10.24-23.11.42:388][324]LogFileHelpers: Editor autosave (incl. sublevels) for '/Game/FirstPersonBP/Maps/FirstPersonExampleMap' took 0.100
[2019.10.24-23.11.42:391][324]OBJ SavePackage: Generating thumbnails for [0] asset(s) in package [/Game/FirstPersonBP/Turret] ([1] browsable assets)...
[2019.10.24-23.11.42:392][324]OBJ SavePackage: Finished generating thumbnails for package [/Game/FirstPersonBP/Turret]
[2019.10.24-23.11.42:392][324]Cmd: OBJ SAVEPACKAGE PACKAGE="/Game/FirstPersonBP/Turret" FILE="C:/Users/danny/Desktop/Mechanics_Sandbox/Saved/Autosaves/Game/FirstPersonBP/Turret_Auto9.uasset" SILENT=false AUTOSAVING=true
[2019.10.24-23.11.42:569][324]LogSavePackage: Moving 'C:/Users/danny/Desktop/Mechanics_Sandbox/Saved/Turret_Auto9207F7B60458A0F86575D7FB327E58A22.tmp' to 'C:/Users/danny/Desktop/Mechanics_Sandbox/Saved/Autosaves/Game/FirstPersonBP/Turret_Auto9.uasset'
[2019.10.24-23.11.42:574][324]LogFileHelpers: Auto-saving content packages took 0.184
[2019.10.24-23.12.10:692][555]BlueprintLog: New page: Compile Turret
[2019.10.24-23.12.11:315][555]LogUObjectHash: Compacting FUObjectHashTables data took  13.65ms
[2019.10.24-23.21.43:105][433]LogUObjectHash: Compacting FUObjectHashTables data took  10.54ms
[2019.10.24-23.21.43:106][433]LogFileHelpers: Editor autosave (incl. sublevels) for '/Game/FirstPersonBP/Maps/FirstPersonExampleMap' took 0.105
[2019.10.24-23.21.43:109][433]OBJ SavePackage: Generating thumbnails for [0] asset(s) in package [/Game/FirstPersonBP/Turret] ([1] browsable assets)...
[2019.10.24-23.21.43:109][433]OBJ SavePackage: Finished generating thumbnails for package [/Game/FirstPersonBP/Turret]
[2019.10.24-23.21.43:109][433]Cmd: OBJ SAVEPACKAGE PACKAGE="/Game/FirstPersonBP/Turret" FILE="C:/Users/danny/Desktop/Mechanics_Sandbox/Saved/Autosaves/Game/FirstPersonBP/Turret_Auto0.uasset" SILENT=false AUTOSAVING=true
[2019.10.24-23.21.43:280][433]LogSavePackage: Moving 'C:/Users/danny/Desktop/Mechanics_Sandbox/Saved/Turret_Auto093FFD3F54078A81C33F22AA7B08D3353.tmp' to 'C:/Users/danny/Desktop/Mechanics_Sandbox/Saved/Autosaves/Game/FirstPersonBP/Turret_Auto0.uasset'
[2019.10.24-23.21.43:284][433]LogFileHelpers: Auto-saving content packages took 0.176
[2019.10.24-23.32.05:374][927]BlueprintLog: New page: Compile Turret
[2019.10.24-23.32.06:022][927]LogUObjectHash: Compacting FUObjectHashTables data took   9.01ms
[2019.10.24-23.33.46:897][322]LogUObjectHash: Compacting FUObjectHashTables data took  10.83ms
[2019.10.24-23.33.46:897][322]LogFileHelpers: Editor autosave (incl. sublevels) for '/Game/FirstPersonBP/Maps/FirstPersonExampleMap' took 0.104
[2019.10.24-23.33.46:901][322]OBJ SavePackage: Generating thumbnails for [0] asset(s) in package [/Game/FirstPersonBP/Turret] ([1] browsable assets)...
[2019.10.24-23.33.46:901][322]OBJ SavePackage: Finished generating thumbnails for package [/Game/FirstPersonBP/Turret]
[2019.10.24-23.33.46:902][322]Cmd: OBJ SAVEPACKAGE PACKAGE="/Game/FirstPersonBP/Turret" FILE="C:/Users/danny/Desktop/Mechanics_Sandbox/Saved/Autosaves/Game/FirstPersonBP/Turret_Auto1.uasset" SILENT=false AUTOSAVING=true
[2019.10.24-23.33.47:081][322]LogSavePackage: Moving 'C:/Users/danny/Desktop/Mechanics_Sandbox/Saved/Turret_Auto123F1E29F460C1536AA93048BDEF6AF5E.tmp' to 'C:/Users/danny/Desktop/Mechanics_Sandbox/Saved/Autosaves/Game/FirstPersonBP/Turret_Auto1.uasset'
[2019.10.24-23.33.47:088][322]LogFileHelpers: Auto-saving content packages took 0.188
[2019.10.24-23.37.36:032][491]BlueprintLog: New page: Compile Turret
[2019.10.24-23.37.36:689][491]LogUObjectHash: Compacting FUObjectHashTables data took  10.27ms
[2019.10.24-23.37.52:826][  9]LogEditorTransaction: Undo Move Node
[2019.10.24-23.39.04:045][271]BlueprintLog: New page: Compile Turret
[2019.10.24-23.39.04:705][271]LogUObjectHash: Compacting FUObjectHashTables data took  12.99ms
[2019.10.24-23.40.38:149][867]BlueprintLog: New page: Compile Turret
[2019.10.24-23.40.38:772][867]LogUObjectHash: Compacting FUObjectHashTables data took  11.96ms
[2019.10.24-23.40.58:394][479]BlueprintLog: New page: Compile Turret
[2019.10.24-23.40.58:993][479]LogUObjectHash: Compacting FUObjectHashTables data took  13.31ms
[2019.10.24-23.40.59:708][495]Cmd: OBJ SAVEPACKAGE PACKAGE="/Game/FirstPersonBP/Turret" FILE="C:/Users/danny/Desktop/Mechanics_Sandbox/Content/FirstPersonBP/Turret.uasset" SILENT=true
[2019.10.24-23.40.59:930][495]LogSavePackage: Moving 'C:/Users/danny/Desktop/Mechanics_Sandbox/Saved/TurretBAC4919149F7B0AD7E256E872B5E6710.tmp' to 'C:/Users/danny/Desktop/Mechanics_Sandbox/Content/FirstPersonBP/Turret.uasset'
[2019.10.24-23.41.00:764][508]LogSlate: FSceneViewport::OnFocusLost() reason 0
[2019.10.24-23.41.15:639][950]LogEditorTransaction: Undo Move Node
[2019.10.24-23.41.46:990][820]BlueprintLog: New page: Compile Turret
[2019.10.24-23.41.47:736][820]LogUObjectHash: Compacting FUObjectHashTables data took  17.90ms
[2019.10.24-23.42.37:035][ 58]BlueprintLog: New page: Compile Turret
[2019.10.24-23.42.37:673][ 58]LogUObjectHash: Compacting FUObjectHashTables data took  11.25ms
[2019.10.24-23.43.48:030][853]LogEditorTransaction: Undo Move Node
[2019.10.24-23.44.53:303][124]LogUObjectHash: Compacting FUObjectHashTables data took  12.93ms
[2019.10.24-23.44.53:303][124]LogFileHelpers: Editor autosave (incl. sublevels) for '/Game/FirstPersonBP/Maps/FirstPersonExampleMap' took 0.113
[2019.10.24-23.44.53:307][124]OBJ SavePackage: Generating thumbnails for [0] asset(s) in package [/Game/FirstPersonBP/Turret] ([1] browsable assets)...
[2019.10.24-23.44.53:307][124]OBJ SavePackage: Finished generating thumbnails for package [/Game/FirstPersonBP/Turret]
[2019.10.24-23.44.53:308][124]Cmd: OBJ SAVEPACKAGE PACKAGE="/Game/FirstPersonBP/Turret" FILE="C:/Users/danny/Desktop/Mechanics_Sandbox/Saved/Autosaves/Game/FirstPersonBP/Turret_Auto2.uasset" SILENT=false AUTOSAVING=true
[2019.10.24-23.44.53:524][124]LogSavePackage: Moving 'C:/Users/danny/Desktop/Mechanics_Sandbox/Saved/Turret_Auto29E16696D4994F4662F1CDEA8F8C4C989.tmp' to 'C:/Users/danny/Desktop/Mechanics_Sandbox/Saved/Autosaves/Game/FirstPersonBP/Turret_Auto2.uasset'
[2019.10.24-23.44.53:530][124]LogFileHelpers: Auto-saving content packages took 0.223
[2019.10.24-23.46.07:746][497]BlueprintLog: New page: Compile Turret
[2019.10.24-23.46.08:392][497]LogUObjectHash: Compacting FUObjectHashTables data took   9.54ms
[2019.10.24-23.46.53:225][985]Cmd: OBJ SAVEPACKAGE PACKAGE="/Game/FirstPersonBP/Turret" FILE="C:/Users/danny/Desktop/Mechanics_Sandbox/Content/FirstPersonBP/Turret.uasset" SILENT=true
[2019.10.24-23.46.53:437][985]LogSavePackage: Moving 'C:/Users/danny/Desktop/Mechanics_Sandbox/Saved/Turret9D5FB4C3497050EFA49F6BA4338015BA.tmp' to 'C:/Users/danny/Desktop/Mechanics_Sandbox/Content/FirstPersonBP/Turret.uasset'
[2019.10.24-23.46.54:374][ 11]LogSlate: FSceneViewport::OnFocusLost() reason 0
[2019.10.24-23.48.18:527][559]BlueprintLog: New page: Compile Turret
[2019.10.24-23.48.19:186][559]LogUObjectHash: Compacting FUObjectHashTables data took  12.64ms
[2019.10.24-23.49.54:774][196]BlueprintLog: New page: Compile Turret
[2019.10.24-23.49.55:437][196]LogUObjectHash: Compacting FUObjectHashTables data took  12.03ms
[2019.10.24-23.51.25:158][ 75]LogEditorTransaction: Undo Move Node
[2019.10.24-23.52.06:655][333]BlueprintLog: New page: Compile Turret
[2019.10.24-23.52.07:324][333]LogUObjectHash: Compacting FUObjectHashTables data took  12.22ms
[2019.10.24-23.53.45:285][308]BlueprintLog: New page: Compile Turret
[2019.10.24-23.53.46:049][308]LogUObjectHash: Compacting FUObjectHashTables data took  12.37ms
[2019.10.24-23.54.13:652][779]BlueprintLog: New page: Compile Turret
[2019.10.24-23.54.14:289][779]LogUObjectHash: Compacting FUObjectHashTables data took  12.48ms
[2019.10.24-23.54.14:373][779]Cmd: OBJ SAVEPACKAGE PACKAGE="/Game/FirstPersonBP/Turret" FILE="C:/Users/danny/Desktop/Mechanics_Sandbox/Content/FirstPersonBP/Turret.uasset" SILENT=true
[2019.10.24-23.54.14:611][779]LogSavePackage: Moving 'C:/Users/danny/Desktop/Mechanics_Sandbox/Saved/Turret894730A743A332A2BCC0C989F8D9EEB5.tmp' to 'C:/Users/danny/Desktop/Mechanics_Sandbox/Content/FirstPersonBP/Turret.uasset'
[2019.10.24-23.54.38:095][467]LogSlate: FSceneViewport::OnFocusLost() reason 0
[2019.10.24-23.54.39:778][509]BlueprintLog: New page: Compile Turret
[2019.10.24-23.54.40:584][509]LogUObjectHash: Compacting FUObjectHashTables data took  13.27ms
[2019.10.24-23.55.16:633][892]LogUObjectHash: Compacting FUObjectHashTables data took  13.67ms
[2019.10.24-23.55.16:634][892]LogFileHelpers: Editor autosave (incl. sublevels) for '/Game/FirstPersonBP/Maps/FirstPersonExampleMap' took 0.140
[2019.10.24-23.55.16:640][892]OBJ SavePackage: Generating thumbnails for [0] asset(s) in package [/Game/FirstPersonBP/Turret] ([1] browsable assets)...
[2019.10.24-23.55.16:641][892]OBJ SavePackage: Finished generating thumbnails for package [/Game/FirstPersonBP/Turret]
[2019.10.24-23.55.16:642][892]Cmd: OBJ SAVEPACKAGE PACKAGE="/Game/FirstPersonBP/Turret" FILE="C:/Users/danny/Desktop/Mechanics_Sandbox/Saved/Autosaves/Game/FirstPersonBP/Turret_Auto3.uasset" SILENT=false AUTOSAVING=true
[2019.10.24-23.55.17:125][892]LogSavePackage: Moving 'C:/Users/danny/Desktop/Mechanics_Sandbox/Saved/Turret_Auto392E34AB2464B72A9ACE77896A20FF0C4.tmp' to 'C:/Users/danny/Desktop/Mechanics_Sandbox/Saved/Autosaves/Game/FirstPersonBP/Turret_Auto3.uasset'
[2019.10.24-23.55.17:132][892]LogFileHelpers: Auto-saving content packages took 0.494
[2019.10.24-23.56.24:546][270]BlueprintLog: New page: Compile Turret
[2019.10.24-23.56.25:251][270]LogUObjectHash: Compacting FUObjectHashTables data took  11.23ms
[2019.10.24-23.56.26:015][282]LogUObjectHash: Compacting FUObjectHashTables data took  10.56ms
[2019.10.24-23.56.26:056][282]Cmd: OBJ SAVEPACKAGE PACKAGE="/Game/FirstPersonBP/Turret" FILE="C:/Users/danny/Desktop/Mechanics_Sandbox/Content/FirstPersonBP/Turret.uasset" SILENT=true
[2019.10.24-23.56.26:315][282]LogSavePackage: Moving 'C:/Users/danny/Desktop/Mechanics_Sandbox/Saved/TurretD23BD0F6419D2A66C0132AAA08B2FEC8.tmp' to 'C:/Users/danny/Desktop/Mechanics_Sandbox/Content/FirstPersonBP/Turret.uasset'
[2019.10.24-23.56.27:090][303]LogSlate: FSceneViewport::OnFocusLost() reason 0
[2019.10.24-23.58.33:840][ 62]BlueprintLog: New page: Compile Turret
[2019.10.24-23.58.34:665][ 62]LogUObjectHash: Compacting FUObjectHashTables data took  15.11ms
[2019.10.24-23.58.45:086][376]LogEditorTransaction: Undo Delete current selection
[2019.10.24-23.58.45:602][384]LogEditorTransaction: Undo Create Pin Link
[2019.10.24-23.58.46:046][392]LogEditorTransaction: Undo Move Node
[2019.10.24-23.58.46:475][399]LogEditorTransaction: Undo Move Node
[2019.10.24-23.58.46:946][407]LogEditorTransaction: Undo Create Pin Link
[2019.10.24-23.58.47:283][411]LogEditorTransaction: Undo Move Node
[2019.10.24-23.58.47:720][418]LogEditorTransaction: Undo Create Pin Link
[2019.10.24-23.58.48:186][426]LogEditorTransaction: Undo Add Node
[2019.10.24-23.58.48:631][433]LogEditorTransaction: Undo Add Node
[2019.10.24-23.58.49:017][439]LogEditorTransaction: Undo Change Variable Type
[2019.10.24-23.58.49:629][452]LogEditorTransaction: Undo Change Parameter Type
[2019.10.24-23.58.50:240][465]LogEditorTransaction: Undo Rename Variable
[2019.10.24-23.58.50:811][477]LogEditorTransaction: Undo Add Variable
[2019.10.24-23.58.51:457][490]LogEditorTransaction: Undo Move Node
[2019.10.24-23.58.52:188][507]LogEditorTransaction: Undo Move Node
[2019.10.24-23.58.53:993][552]Cmd: OBJ SAVEPACKAGE PACKAGE="/Game/FirstPersonBP/Turret" FILE="C:/Users/danny/Desktop/Mechanics_Sandbox/Content/FirstPersonBP/Turret.uasset" SILENT=true
[2019.10.24-23.58.54:275][552]LogSavePackage: Moving 'C:/Users/danny/Desktop/Mechanics_Sandbox/Saved/Turret4E4D8F1F499D4DE527859A82A8AFA016.tmp' to 'C:/Users/danny/Desktop/Mechanics_Sandbox/Content/FirstPersonBP/Turret.uasset'
[2019.10.24-23.58.55:619][581]LogSlate: FSceneViewport::OnFocusLost() reason 0
[2019.10.24-23.59.19:441][289]BlueprintLog: New page: Compile Turret
[2019.10.24-23.59.19:732][289]LogBlueprint: Warning: [Compiler Turret] Could not find a variable named "possibleTargets" in 'Turret_C'.
Make sure 'Turret_C' has been compiled for  Get possibleTargets
[2019.10.24-23.59.19:754][289]LogBlueprint: Error: [Compiler Turret] The property associated with  Possible Targets  could not be found in '/Game/FirstPersonBP/Turret.Turret_C'
[2019.10.24-23.59.20:391][289]LogUObjectHash: Compacting FUObjectHashTables data took  12.24ms
[2019.10.24-23.59.20:441][289]LogBlueprint: Warning: [Compiler Turret] [9830.08] Compile of Turret failed. 1 Fatal Issue(s) 1 Warning(s) [in 999 ms] (/Game/FirstPersonBP/Turret.Turret)
[2019.10.24-23.59.45:335][ 13]BlueprintLog: New page: Compile Turret
[2019.10.24-23.59.45:999][ 13]LogUObjectHash: Compacting FUObjectHashTables data took  12.43ms
[2019.10.25-00.00.01:292][481]Cmd: OBJ SAVEPACKAGE PACKAGE="/Game/FirstPersonBP/Turret" FILE="C:/Users/danny/Desktop/Mechanics_Sandbox/Content/FirstPersonBP/Turret.uasset" SILENT=true
[2019.10.25-00.00.01:546][481]LogSavePackage: Moving 'C:/Users/danny/Desktop/Mechanics_Sandbox/Saved/TurretBE8ACA764A3DA40606E58EB2799DD4AB.tmp' to 'C:/Users/danny/Desktop/Mechanics_Sandbox/Content/FirstPersonBP/Turret.uasset'
[2019.10.25-00.00.02:313][500]LogSlate: FSceneViewport::OnFocusLost() reason 0
[2019.10.25-00.01.40:384][398]Cmd: OBJ SAVEPACKAGE PACKAGE="/Game/FirstPersonBP/Turret" FILE="C:/Users/danny/Desktop/Mechanics_Sandbox/Content/FirstPersonBP/Turret.uasset" SILENT=true
[2019.10.25-00.01.40:644][398]LogSavePackage: Moving 'C:/Users/danny/Desktop/Mechanics_Sandbox/Saved/TurretC89BA63545F6E9C37276088CE410131F.tmp' to 'C:/Users/danny/Desktop/Mechanics_Sandbox/Content/FirstPersonBP/Turret.uasset'
[2019.10.25-00.01.42:603][444]LogSlate: FSceneViewport::OnFocusLost() reason 0
[2019.10.25-00.03.11:115][935]BlueprintLog: New page: Compile Turret
[2019.10.25-00.03.11:844][935]LogUObjectHash: Compacting FUObjectHashTables data took  17.06ms
[2019.10.25-00.03.36:563][356]Cmd: OBJ SAVEPACKAGE PACKAGE="/Game/FirstPersonBP/Turret" FILE="C:/Users/danny/Desktop/Mechanics_Sandbox/Content/FirstPersonBP/Turret.uasset" SILENT=true
[2019.10.25-00.03.36:831][356]LogSavePackage: Moving 'C:/Users/danny/Desktop/Mechanics_Sandbox/Saved/TurretACB13001437417C7D52124B374F59B42.tmp' to 'C:/Users/danny/Desktop/Mechanics_Sandbox/Content/FirstPersonBP/Turret.uasset'
[2019.10.25-00.03.43:530][562]LogSlate: FSceneViewport::OnFocusLost() reason 0
[2019.10.25-00.04.39:379][267]BlueprintLog: New page: Compile Turret
[2019.10.25-00.04.40:176][267]LogUObjectHash: Compacting FUObjectHashTables data took  17.74ms
[2019.10.25-00.06.18:699][729]BlueprintLog: New page: Compile Turret
[2019.10.25-00.06.19:390][729]LogUObjectHash: Compacting FUObjectHashTables data took  12.28ms
[2019.10.25-00.06.20:164][743]Cmd: OBJ SAVEPACKAGE PACKAGE="/Game/FirstPersonBP/Turret" FILE="C:/Users/danny/Desktop/Mechanics_Sandbox/Content/FirstPersonBP/Turret.uasset" SILENT=true
[2019.10.25-00.06.20:508][743]LogSavePackage: Moving 'C:/Users/danny/Desktop/Mechanics_Sandbox/Saved/TurretBE09EEDA49995734D6DA36BFDD9BCF0B.tmp' to 'C:/Users/danny/Desktop/Mechanics_Sandbox/Content/FirstPersonBP/Turret.uasset'
[2019.10.25-00.06.21:045][755]LogSlate: FSceneViewport::OnFocusLost() reason 0
[2019.10.25-00.06.30:194][977]LogUObjectHash: Compacting FUObjectHashTables data took  11.85ms
[2019.10.25-00.06.31:099][977]LogSlate: Window 'FirstPersonCharacter' being destroyed
[2019.10.25-00.06.31:302][977]LogActorComponent: UnregisterComponent: (/Engine/Transient.EditorFloorComp) Not registered. Aborting.
[2019.10.25-00.06.31:623][977]LogSlate: Window 'Viewport 1' being destroyed
[2019.10.25-00.06.31:868][977]LogSlate: Window 'Mechanics_Sandbox - Unreal Editor' being destroyed
[2019.10.25-00.06.31:871][977]LogWindowsTextInputMethodSystem: Display: IME system now deactivated.
[2019.10.25-00.06.32:450][978]Cmd: QUIT_EDITOR
[2019.10.25-00.06.32:606][978]LogExit: Preparing to exit.
[2019.10.25-00.06.33:870][978]LogExit: Editor shut down
[2019.10.25-00.06.33:871][978]LogExit: Transaction tracking system shut down
[2019.10.25-00.06.35:005][978]LogExit: Object subsystem successfully closed.
[2019.10.25-00.06.35:056][978]LogShaderCompilers: Display: Shaders left to compile 0
[2019.10.25-00.06.35:078][978]LogD3D11RHI: Shutdown
[2019.10.25-00.06.35:078][978]LogD3D11RHI: CleanupD3DDevice
[2019.10.25-00.06.35:083][978]LogRendererCore: FGlobalReadBuffer::ReleaseRHI
[2019.10.25-00.06.35:083][978]LogRendererCore: FGlobalDynamicReadBuffer::Cleanup()
[2019.10.25-00.06.35:084][978]LogRendererCore: FGlobalReadBuffer::ReleaseRHI
[2019.10.25-00.06.35:084][978]LogRendererCore: FGlobalDynamicReadBuffer::Cleanup()
[2019.10.25-00.06.35:084][978]LogRendererCore: FGlobalReadBuffer::ReleaseRHI
[2019.10.25-00.06.35:084][978]LogRendererCore: FGlobalDynamicReadBuffer::Cleanup()
[2019.10.25-00.06.35:513][978]LogD3D11RHI: ~FD3D11DynamicRHI
[2019.10.25-00.06.35:853][978]LogModuleManager: Shutting down and abandoning module PinnedCommandList (650)
[2019.10.25-00.06.35:853][978]LogModuleManager: Shutting down and abandoning module SkeletonEditor (648)
[2019.10.25-00.06.35:863][978]LogModuleManager: Shutting down and abandoning module AnimationEditor (646)
[2019.10.25-00.06.35:863][978]LogModuleManager: Shutting down and abandoning module BlueprintGraph (644)
[2019.10.25-00.06.35:863][978]LogModuleManager: Shutting down and abandoning module HierarchicalLODOutliner (642)
[2019.10.25-00.06.35:863][978]LogModuleManager: Shutting down and abandoning module AddContentDialog (640)
[2019.10.25-00.06.35:868][978]LogModuleManager: Shutting down and abandoning module WidgetCarousel (639)
[2019.10.25-00.06.35:868][978]LogModuleManager: Shutting down and abandoning module CollectionManager (636)
[2019.10.25-00.06.35:869][978]LogModuleManager: Shutting down and abandoning module SceneOutliner (634)
[2019.10.25-00.06.35:870][978]LogModuleManager: Shutting down and abandoning module EditorWidgets (632)
[2019.10.25-00.06.35:870][978]LogModuleManager: Shutting down and abandoning module StatsViewer (630)
[2019.10.25-00.06.35:870][978]LogModuleManager: Shutting down and abandoning module FoliageEdit (628)
[2019.10.25-00.06.35:870][978]LogModuleManager: Shutting down and abandoning module LandscapeEditor (626)
[2019.10.25-00.06.35:871][978]LogModuleManager: Shutting down and abandoning module MeshPaintMode (624)
[2019.10.25-00.06.35:871][978]LogModuleManager: Shutting down and abandoning module SceneDepthPickerMode (622)
[2019.10.25-00.06.35:871][978]LogModuleManager: Shutting down and abandoning module ActorPickerMode (620)
[2019.10.25-00.06.35:871][978]LogModuleManager: Shutting down and abandoning module GeometryMode (618)
[2019.10.25-00.06.35:871][978]LogModuleManager: Shutting down and abandoning module TextureAlignMode (616)
[2019.10.25-00.06.35:871][978]LogModuleManager: Shutting down and abandoning module BspMode (614)
[2019.10.25-00.06.35:871][978]LogModuleManager: Shutting down and abandoning module PIEPreviewDeviceProfileSelector (612)
[2019.10.25-00.06.35:871][978]LogModuleManager: Shutting down and abandoning module SequenceRecorderSections (610)
[2019.10.25-00.06.35:871][978]LogModuleManager: Shutting down and abandoning module AutomationWorker (608)
[2019.10.25-00.06.35:872][978]LogModuleManager: Shutting down and abandoning module OculusMR (606)
[2019.10.25-00.06.35:872][978]LogModuleManager: Shutting down and abandoning module AudioCaptureEditor (604)
[2019.10.25-00.06.35:872][978]LogModuleManager: Shutting down and abandoning module MatineeToLevelSequence (602)
[2019.10.25-00.06.35:872][978]LogModuleManager: Shutting down and abandoning module LevelSequenceEditor (600)
[2019.10.25-00.06.35:872][978]LogModuleManager: Shutting down and abandoning module PlacementMode (599)
[2019.10.25-00.06.35:872][978]LogModuleManager: Shutting down and abandoning module MaterialEditor (598)
[2019.10.25-00.06.35:873][978]LogModuleManager: Shutting down and abandoning module ActorSequenceEditor (594)
[2019.10.25-00.06.35:873][978]LogModuleManager: Shutting down and abandoning module WmfMediaFactory (592)
[2019.10.25-00.06.35:873][978]LogModuleManager: Shutting down and abandoning module WmfMediaEditor (590)
[2019.10.25-00.06.35:873][978]LogModuleManager: Shutting down and abandoning module WebMMediaFactory (588)
[2019.10.25-00.06.35:873][978]LogModuleManager: Shutting down and abandoning module WebMMediaEditor (586)
[2019.10.25-00.06.35:873][978]LogModuleManager: Shutting down and abandoning module WebMMedia (584)
[2019.10.25-00.06.35:874][978]LogModuleManager: Shutting down and abandoning module MediaPlayerEditor (582)
[2019.10.25-00.06.35:874][978]LogModuleManager: Shutting down and abandoning module MediaCompositingEditor (580)
[2019.10.25-00.06.35:874][978]LogModuleManager: Shutting down and abandoning module SequenceRecorder (579)
[2019.10.25-00.06.35:874][978]LogModuleManager: Shutting down and abandoning module OpenExrWrapper (576)
[2019.10.25-00.06.35:874][978]LogModuleManager: Shutting down and abandoning module ImgMediaFactory (574)
[2019.10.25-00.06.35:875][978]LogModuleManager: Shutting down and abandoning module ImgMediaEditor (572)
[2019.10.25-00.06.35:875][978]LogModuleManager: Shutting down and abandoning module AvfMediaFactory (570)
[2019.10.25-00.06.35:875][978]LogModuleManager: Shutting down and abandoning module AvfMediaEditor (568)
[2019.10.25-00.06.35:875][978]LogModuleManager: Shutting down and abandoning module AndroidMediaFactory (566)
[2019.10.25-00.06.35:875][978]LogModuleManager: Shutting down and abandoning module AndroidMediaEditor (564)
[2019.10.25-00.06.35:875][978]LogModuleManager: Shutting down and abandoning module MagicLeapCameraPreviewFactory (562)
[2019.10.25-00.06.35:875][978]LogModuleManager: Shutting down and abandoning module MagicLeapMediaCodecFactory (560)
[2019.10.25-00.06.35:875][978]LogModuleManager: Shutting down and abandoning module MagicLeapMediaFactory (558)
[2019.10.25-00.06.35:875][978]LogModuleManager: Shutting down and abandoning module MagicLeapMediaEditor (556)
[2019.10.25-00.06.35:876][978]LogModuleManager: Shutting down and abandoning module CharacterAI (554)
[2019.10.25-00.06.35:876][978]LogModuleManager: Shutting down and abandoning module SmartSnapping (552)
[2019.10.25-00.06.35:876][978]LogModuleManager: Shutting down and abandoning module SessionServices (550)
[2019.10.25-00.06.35:876][978]LogModuleManager: Shutting down and abandoning module MeshPaint (548)
[2019.10.25-00.06.35:876][978]LogModuleManager: Shutting down and abandoning module ViewportSnapping (546)
[2019.10.25-00.06.35:876][978]LogModuleManager: Shutting down and abandoning module ViewportInteraction (544)
[2019.10.25-00.06.35:876][978]LogModuleManager: Shutting down and abandoning module ClothPainter (542)
[2019.10.25-00.06.35:876][978]LogModuleManager: Shutting down and abandoning module SkeletalMeshEditor (541)
[2019.10.25-00.06.35:876][978]LogModuleManager: Shutting down and abandoning module LogVisualizer (538)
[2019.10.25-00.06.35:877][978]LogModuleManager: Shutting down and abandoning module IntroTutorials (536)
[2019.10.25-00.06.35:887][978]LogModuleManager: Shutting down and abandoning module GameProjectGeneration (535)
[2019.10.25-00.06.35:887][978]LogModuleManager: Shutting down and abandoning module LuminPlatformEditor (532)
[2019.10.25-00.06.35:887][978]LogModuleManager: Shutting down and abandoning module IOSPlatformEditor (530)
[2019.10.25-00.06.35:888][978]LogModuleManager: Shutting down and abandoning module HTML5PlatformEditor (528)
[2019.10.25-00.06.35:888][978]LogModuleManager: Shutting down and abandoning module AndroidPlatformEditor (526)
[2019.10.25-00.06.35:888][978]LogModuleManager: Shutting down and abandoning module AndroidDeviceDetection (525)
[2019.10.25-00.06.36:502][978]LogModuleManager: Shutting down and abandoning module WindowsPlatformEditor (522)
[2019.10.25-00.06.36:503][978]LogModuleManager: Shutting down and abandoning module LuminRuntimeSettings (520)
[2019.10.25-00.06.36:503][978]LogModuleManager: Shutting down and abandoning module IOSRuntimeSettings (518)
[2019.10.25-00.06.36:503][978]LogModuleManager: Shutting down and abandoning module AndroidRuntimeSettings (516)
[2019.10.25-00.06.36:503][978]LogModuleManager: Shutting down and abandoning module TimeManagementEditor (514)
[2019.10.25-00.06.36:503][978]LogModuleManager: Shutting down and abandoning module InputBindingEditor (512)
[2019.10.25-00.06.36:503][978]LogModuleManager: Shutting down and abandoning module MergeActors (510)
[2019.10.25-00.06.36:503][978]LogModuleManager: Shutting down and abandoning module LocalizationDashboard (508)
[2019.10.25-00.06.36:504][978]LogModuleManager: Shutting down and abandoning module LocalizationService (507)
[2019.10.25-00.06.36:504][978]LogModuleManager: Shutting down and abandoning module HardwareTargeting (504)
[2019.10.25-00.06.36:504][978]LogModuleManager: Shutting down and abandoning module DeviceProfileEditor (502)
[2019.10.25-00.06.36:504][978]LogModuleManager: Shutting down and abandoning module UndoHistory (500)
[2019.10.25-00.06.36:504][978]LogModuleManager: Shutting down and abandoning module XmlParser (498)
[2019.10.25-00.06.36:504][978]LogModuleManager: Shutting down and abandoning module Blutility (496)
[2019.10.25-00.06.36:504][978]LogModuleManager: Shutting down and abandoning module ProjectSettingsViewer (494)
[2019.10.25-00.06.36:505][978]LogModuleManager: Shutting down and abandoning module ProjectTargetPlatformEditor (493)
[2019.10.25-00.06.36:506][978]LogModuleManager: Shutting down and abandoning module EditorSettingsViewer (490)
[2019.10.25-00.06.36:506][978]LogModuleManager: Shutting down and abandoning module SettingsEditor (488)
[2019.10.25-00.06.36:527][978]LogModuleManager: Shutting down and abandoning module ProjectLauncher (486)
[2019.10.25-00.06.36:527][978]LogModuleManager: Shutting down and abandoning module SessionFrontend (484)
[2019.10.25-00.06.36:527][978]LogModuleManager: Shutting down and abandoning module ProfilerClient (482)
[2019.10.25-00.06.36:527][978]LogModuleManager: Shutting down and abandoning module DeviceManager (480)
[2019.10.25-00.06.36:528][978]LogModuleManager: Shutting down and abandoning module TargetDeviceServices (479)
[2019.10.25-00.06.36:571][978]LogModuleManager: Shutting down and abandoning module AutomationController (476)
[2019.10.25-00.06.36:571][978]LogModuleManager: Shutting down and abandoning module AutomationWindow (474)
[2019.10.25-00.06.36:571][978]LogModuleManager: Shutting down and abandoning module Layers (472)
[2019.10.25-00.06.36:571][978]LogModuleManager: Shutting down and abandoning module ComponentVisualizers (470)
[2019.10.25-00.06.36:571][978]LogModuleManager: Shutting down and abandoning module DetailCustomizations (468)
[2019.10.25-00.06.36:572][978]LogModuleManager: Shutting down and abandoning module PackagesDialog (466)
[2019.10.25-00.06.36:573][978]LogModuleManager: Shutting down and abandoning module AnimationBlueprintEditor (464)
[2019.10.25-00.06.36:573][978]LogModuleManager: Shutting down and abandoning module Persona (462)
[2019.10.25-00.06.36:573][978]LogModuleManager: Shutting down and abandoning module AdvancedPreviewScene (461)
[2019.10.25-00.06.36:573][978]LogModuleManager: Shutting down and abandoning module AnimGraph (459)
[2019.10.25-00.06.36:573][978]LogModuleManager: Shutting down and abandoning module Kismet (456)
[2019.10.25-00.06.36:619][978]LogModuleManager: Shutting down and abandoning module GraphEditor (454)
[2019.10.25-00.06.36:619][978]LogModuleManager: Shutting down and abandoning module ClassViewer (452)
[2019.10.25-00.06.36:625][978]LogModuleManager: Shutting down and abandoning module Toolbox (450)
[2019.10.25-00.06.36:625][978]LogModuleManager: Shutting down and abandoning module ModuleUI (448)
[2019.10.25-00.06.36:625][978]LogModuleManager: Shutting down and abandoning module MovieSceneTools (446)
[2019.10.25-00.06.36:625][978]LogModuleManager: Shutting down and abandoning module OutputLog (444)
[2019.10.25-00.06.36:625][978]LogModuleManager: Shutting down and abandoning module GammaUI (442)
[2019.10.25-00.06.36:625][978]LogModuleManager: Shutting down and abandoning module Documentation (440)
[2019.10.25-00.06.36:633][978]LogModuleManager: Shutting down and abandoning module LiveCoding (438)
[2019.10.25-00.06.36:634][978]LogModuleManager: Shutting down and abandoning module LevelSequence (436)
[2019.10.25-00.06.36:634][978]LogModuleManager: Shutting down and abandoning module MovieSceneTracks (434)
[2019.10.25-00.06.36:634][978]LogModuleManager: Shutting down and abandoning module MovieScene (432)
[2019.10.25-00.06.36:634][978]LogModuleManager: Shutting down and abandoning module StreamingPauseRendering (430)
[2019.10.25-00.06.36:635][978]LogModuleManager: Shutting down and abandoning module LauncherPlatform (428)
[2019.10.25-00.06.36:635][978]LogModuleManager: Shutting down and abandoning module AnalyticsET (426)
[2019.10.25-00.06.36:635][978]LogModuleManager: Shutting down and abandoning module PortalServices (424)
[2019.10.25-00.06.36:635][978]LogModuleManager: Shutting down and abandoning module PortalRpc (422)
[2019.10.25-00.06.36:635][978]LogModuleManager: Shutting down and abandoning module MessagingRpc (420)
[2019.10.25-00.06.36:635][978]LogModuleManager: Shutting down and abandoning module AIModule (418)
[2019.10.25-00.06.36:636][978]LogModuleManager: Shutting down and abandoning module GameplayDebugger (417)
[2019.10.25-00.06.36:636][978]LogModuleManager: Shutting down and abandoning module AITestSuite (415)
[2019.10.25-00.06.36:636][978]LogModuleManager: Shutting down and abandoning module NavigationSystem (413)
[2019.10.25-00.06.36:636][978]LogModuleManager: Shutting down and abandoning module DesktopPlatform (410)
[2019.10.25-00.06.36:636][978]LogModuleManager: Shutting down and abandoning module ImageWriteQueue (408)
[2019.10.25-00.06.36:650][978]LogModuleManager: Shutting down and abandoning module ProfilerService (406)
[2019.10.25-00.06.36:855][978]LogModuleManager: Shutting down and abandoning module TaskGraph (404)
[2019.10.25-00.06.36:856][978]LogModuleManager: Shutting down and abandoning module SteamVRController (402)
[2019.10.25-00.06.36:856][978]LogModuleManager: Shutting down and abandoning module ProceduralMeshComponentEditor (400)
[2019.10.25-00.06.36:856][978]LogModuleManager: Shutting down and abandoning module ProceduralMeshComponent (398)
[2019.10.25-00.06.36:856][978]LogModuleManager: Shutting down and abandoning module OculusEditor (396)
[2019.10.25-00.06.36:857][978]LogModuleManager: Shutting down and abandoning module OculusInput (394)
[2019.10.25-00.06.36:857][978]LogModuleManager: Shutting down and abandoning module MobilePatchingUtils (392)
[2019.10.25-00.06.36:857][978]LogModuleManager: Shutting down and abandoning module EditableMesh (390)
[2019.10.25-00.06.36:857][978]LogModuleManager: Shutting down and abandoning module CustomMeshComponent (388)
[2019.10.25-00.06.36:858][978]LogModuleManager: Shutting down and abandoning module CableComponent (386)
[2019.10.25-00.06.36:858][978]LogModuleManager: Shutting down and abandoning module AudioCapture (384)
[2019.10.25-00.06.36:858][978]LogModuleManager: Shutting down and abandoning module ArchVisCharacter (382)
[2019.10.25-00.06.36:858][978]LogModuleManager: Shutting down and abandoning module AndroidPermission (380)
[2019.10.25-00.06.36:858][978]LogModuleManager: Shutting down and abandoning module NUTUnrealEngine4 (378)
[2019.10.25-00.06.36:858][978]LogModuleManager: Shutting down and abandoning module NetcodeUnitTest (376)
[2019.10.25-00.06.36:858][978]LogModuleManager: Shutting down and abandoning module MediaCompositing (374)
[2019.10.25-00.06.36:858][978]LogModuleManager: Shutting down and abandoning module LinearTimecode (372)
[2019.10.25-00.06.36:858][978]LogModuleManager: Shutting down and abandoning module ImgMedia (370)
[2019.10.25-00.06.36:859][978]LogModuleManager: Shutting down and abandoning module MagicLeapHelperVulkan (368)
[2019.10.25-00.06.36:859][978]LogModuleManager: Shutting down and abandoning module MagicLeapHelperOpenGL (366)
[2019.10.25-00.06.36:859][978]LogModuleManager: Shutting down and abandoning module MagicLeapAudio (364)
[2019.10.25-00.06.36:859][978]LogModuleManager: Shutting down and abandoning module HTML5Networking (362)
[2019.10.25-00.06.36:859][978]LogModuleManager: Shutting down and abandoning module GeometryCacheTracks (360)
[2019.10.25-00.06.36:859][978]LogModuleManager: Shutting down and abandoning module GeometryCacheSequencer (358)
[2019.10.25-00.06.36:859][978]LogModuleManager: Shutting down and abandoning module BackChannel (356)
[2019.10.25-00.06.36:859][978]LogModuleManager: Shutting down and abandoning module AppleVision (354)
[2019.10.25-00.06.36:859][978]LogModuleManager: Shutting down and abandoning module AppleImageUtilsBlueprintSupport (352)
[2019.10.25-00.06.36:859][978]LogModuleManager: Shutting down and abandoning module AppleImageUtils (350)
[2019.10.25-00.06.36:860][978]LogModuleManager: Shutting down and abandoning module AlembicImporter (348)
[2019.10.25-00.06.36:860][978]LogModuleManager: Shutting down and abandoning module AlembicLibrary (347)
[2019.10.25-00.06.36:860][978]LogModuleManager: Shutting down and abandoning module GeometryCache (346)
[2019.10.25-00.06.36:860][978]LogModuleManager: Shutting down and abandoning module GeometryCacheEd (345)
[2019.10.25-00.06.36:860][978]LogModuleManager: Shutting down and abandoning module VariantManagerContent (340)
[2019.10.25-00.06.36:861][978]LogModuleManager: Shutting down and abandoning module DatasmithContentEditor (338)
[2019.10.25-00.06.36:861][978]LogModuleManager: Shutting down and abandoning module SpeedTreeImporter (336)
[2019.10.25-00.06.36:861][978]LogModuleManager: Shutting down and abandoning module PluginBrowser (334)
[2019.10.25-00.06.36:862][978]LogModuleManager: Shutting down and abandoning module MobileLauncherProfileWizard (332)
[2019.10.25-00.06.36:862][978]LogModuleManager: Shutting down and abandoning module MaterialAnalyzer (330)
[2019.10.25-00.06.36:863][978]LogModuleManager: Shutting down and abandoning module CryptoKeysOpenSSL (328)
[2019.10.25-00.06.36:863][978]LogModuleManager: Shutting down and abandoning module CryptoKeys (326)
[2019.10.25-00.06.36:863][978]LogModuleManager: Shutting down and abandoning module VisualStudioSourceCodeAccess (324)
[2019.10.25-00.06.36:863][978]LogModuleManager: Shutting down and abandoning module VisualStudioCodeSourceCodeAccess (322)
[2019.10.25-00.06.36:863][978]LogModuleManager: Shutting down and abandoning module UObjectPlugin (320)
[2019.10.25-00.06.36:863][978]LogModuleManager: Shutting down and abandoning module SubversionSourceControl (318)
[2019.10.25-00.06.36:863][978]LogModuleManager: Shutting down and abandoning module PerforceSourceControl (316)
[2019.10.25-00.06.36:864][978]LogModuleManager: Shutting down and abandoning module GitSourceControl (314)
[2019.10.25-00.06.36:864][978]LogModuleManager: Shutting down and abandoning module SourceControl (313)
[2019.10.25-00.06.36:864][978]LogModuleManager: Shutting down and abandoning module CLionSourceCodeAccess (310)
[2019.10.25-00.06.36:864][978]LogModuleManager: Shutting down and abandoning module AnimationSharingEd (308)
[2019.10.25-00.06.36:864][978]LogModuleManager: Shutting down and abandoning module ActorLayerUtilitiesEditor (306)
[2019.10.25-00.06.36:864][978]LogModuleManager: Shutting down and abandoning module ActorLayerUtilities (304)
[2019.10.25-00.06.36:864][978]LogModuleManager: Shutting down and abandoning module LightPropagationVolumeEditor (302)
[2019.10.25-00.06.36:864][978]LogModuleManager: Shutting down and abandoning module PaperTiledImporter (300)
[2019.10.25-00.06.36:864][978]LogModuleManager: Shutting down and abandoning module PaperSpriteSheetImporter (298)
[2019.10.25-00.06.36:865][978]LogModuleManager: Shutting down and abandoning module Paper2DEditor (296)
[2019.10.25-00.06.36:865][978]LogModuleManager: Shutting down and abandoning module SignificanceManager (294)
[2019.10.25-00.06.36:865][978]LogModuleManager: Shutting down and abandoning module RuntimePhysXCooking (292)
[2019.10.25-00.06.36:867][978]LogModuleManager: Shutting down and abandoning module PhysXVehiclesEditor (290)
[2019.10.25-00.06.36:867][978]LogModuleManager: Shutting down and abandoning module PhysXVehicles (288)
[2019.10.25-00.06.36:868][978]LogModuleManager: Shutting down and abandoning module LocationServicesBPLibrary (286)
[2019.10.25-00.06.36:868][978]LogModuleManager: Shutting down and abandoning module ActorSequence (284)
[2019.10.25-00.06.36:868][978]LogModuleManager: Shutting down and abandoning module UdpMessaging (282)
[2019.10.25-00.06.36:969][978]LogModuleManager: Shutting down and abandoning module TcpMessaging (280)
[2019.10.25-00.06.37:072][978]LogModuleManager: Shutting down and abandoning module MagicLeapIdentity (278)
[2019.10.25-00.06.37:072][978]LogModuleManager: Shutting down and abandoning module MagicLeapSecureStorage (276)
[2019.10.25-00.06.37:072][978]LogModuleManager: Shutting down and abandoning module MagicLeapHandTracking (274)
[2019.10.25-00.06.37:072][978]LogModuleManager: Shutting down and abandoning module MagicLeapEyeTracker (272)
[2019.10.25-00.06.37:073][978]LogModuleManager: Shutting down and abandoning module MagicLeapController (270)
[2019.10.25-00.06.37:116][978]LogSlate: Slate User Destroyed.  User Index 0, Is Virtual User: 0
[2019.10.25-00.06.37:117][978]LogModuleManager: Shutting down and abandoning module MagicLeapAR (268)
[2019.10.25-00.06.37:117][978]LogModuleManager: Shutting down and abandoning module AugmentedReality (267)
[2019.10.25-00.06.37:117][978]LogModuleManager: Shutting down and abandoning module GameplayTagsEditor (264)
[2019.10.25-00.06.37:117][978]LogModuleManager: Shutting down and abandoning module FacialAnimationEditor (262)
[2019.10.25-00.06.37:118][978]LogModuleManager: Shutting down and abandoning module FacialAnimation (260)
[2019.10.25-00.06.37:118][978]LogModuleManager: Shutting down and abandoning module DataValidation (258)
[2019.10.25-00.06.37:118][978]LogModuleManager: Shutting down and abandoning module AssetManagerEditor (256)
[2019.10.25-00.06.37:118][978]LogModuleManager: Shutting down and abandoning module LevelEditor (255)
[2019.10.25-00.06.37:122][978]LogModuleManager: Shutting down and abandoning module PixelInspectorModule (254)
[2019.10.25-00.06.37:122][978]LogModuleManager: Shutting down and abandoning module CommonMenuExtensions (252)
[2019.10.25-00.06.37:123][978]LogModuleManager: Shutting down and abandoning module MainFrame (250)
[2019.10.25-00.06.37:123][978]LogModuleManager: Shutting down and abandoning module HotReload (249)
[2019.10.25-00.06.37:125][978]LogModuleManager: Shutting down and abandoning module ContentBrowser (245)
[2019.10.25-00.06.37:134][978]LogModuleManager: Shutting down and abandoning module TreeMap (243)
[2019.10.25-00.06.37:134][978]LogModuleManager: Shutting down and abandoning module AnimationSharing (240)
[2019.10.25-00.06.37:134][978]LogModuleManager: Shutting down and abandoning module LightPropagationVolumeRuntime (238)
[2019.10.25-00.06.37:134][978]LogModuleManager: Shutting down and abandoning module AISupportModule (236)
[2019.10.25-00.06.37:134][978]LogModuleManager: Shutting down and abandoning module Paper2D (234)
[2019.10.25-00.06.37:134][978]LogModuleManager: Shutting down and abandoning module WindowsMoviePlayer (232)
[2019.10.25-00.06.37:135][978]LogModuleManager: Shutting down and abandoning module WebMMoviePlayer (230)
[2019.10.25-00.06.37:135][978]LogModuleManager: Shutting down and abandoning module PacketHandler (228)
[2019.10.25-00.06.37:135][978]LogModuleManager: Shutting down and abandoning module ClothingSystemEditor (226)
[2019.10.25-00.06.37:135][978]LogModuleManager: Shutting down and abandoning module ClothingSystemRuntime (224)
[2019.10.25-00.06.37:135][978]LogModuleManager: Shutting down and abandoning module MediaAssets (222)
[2019.10.25-00.06.37:135][978]LogModuleManager: Shutting down and abandoning module Overlay (220)
[2019.10.25-00.06.37:136][978]LogModuleManager: Shutting down and abandoning module OverlayEditor (219)
[2019.10.25-00.06.37:136][978]LogModuleManager: Shutting down and abandoning module VREditor (216)
[2019.10.25-00.06.37:136][978]LogModuleManager: Shutting down and abandoning module StringTableEditor (214)
[2019.10.25-00.06.37:136][978]LogModuleManager: Shutting down and abandoning module GameplayTasksEditor (212)
[2019.10.25-00.06.37:136][978]LogModuleManager: Shutting down and abandoning module BehaviorTreeEditor (210)
[2019.10.25-00.06.37:136][978]LogModuleManager: Shutting down and abandoning module FunctionalTesting (208)
[2019.10.25-00.06.37:136][978]LogModuleManager: Shutting down and abandoning module CollisionAnalyzer (206)
[2019.10.25-00.06.37:136][978]LogModuleManager: Shutting down and abandoning module WorkspaceMenuStructure (205)
[2019.10.25-00.06.37:136][978]LogModuleManager: Shutting down and abandoning module UMG (202)
[2019.10.25-00.06.37:137][978]LogModuleManager: Shutting down and abandoning module UMGEditor (201)
[2019.10.25-00.06.37:137][978]LogModuleManager: Shutting down and abandoning module Sequencer (200)
[2019.10.25-00.06.37:137][978]LogModuleManager: Shutting down and abandoning module MessageLog (197)
[2019.10.25-00.06.37:137][978]LogModuleManager: Shutting down and abandoning module SlateReflector (192)
[2019.10.25-00.06.37:138][978]LogModuleManager: Shutting down and abandoning module Slate (190)
[2019.10.25-00.06.37:138][978]LogModuleManager: Shutting down and abandoning module EditorStyle (188)
[2019.10.25-00.06.37:146][978]LogModuleManager: Shutting down and abandoning module UnrealEd (186)
[2019.10.25-00.06.37:146][978]LogModuleManager: Shutting down and abandoning module MRMesh (184)
[2019.10.25-00.06.37:146][978]LogModuleManager: Shutting down and abandoning module SourceCodeAccess (182)
[2019.10.25-00.06.37:146][978]LogModuleManager: Shutting down and abandoning module HeadMountedDisplay (180)
[2019.10.25-00.06.37:146][978]LogModuleManager: Shutting down and abandoning module XAudio2 (178)
[2019.10.25-00.06.37:146][978]LogModuleManager: Shutting down and abandoning module Networking (176)
[2019.10.25-00.06.37:146][978]LogModuleManager: Shutting down and abandoning module Core (174)
[2019.10.25-00.06.37:146][978]LogModuleManager: Shutting down and abandoning module KismetCompiler (172)
[2019.10.25-00.06.37:146][978]LogModuleManager: Shutting down and abandoning module MeshUtilities (170)
[2019.10.25-00.06.37:147][978]LogModuleManager: Shutting down and abandoning module MeshMergeUtilities (169)
[2019.10.25-00.06.37:147][978]LogModuleManager: Shutting down and abandoning module MeshReductionInterface (168)
[2019.10.25-00.06.37:147][978]LogModuleManager: Shutting down and abandoning module SkeletalMeshReduction (167)
[2019.10.25-00.06.37:147][978]LogModuleManager: Shutting down and abandoning module ProxyLODMeshReduction (165)
[2019.10.25-00.06.37:147][978]LogModuleManager: Shutting down and abandoning module QuadricMeshReduction (163)
[2019.10.25-00.06.37:147][978]LogModuleManager: Shutting down and abandoning module MaterialBaking (159)
[2019.10.25-00.06.37:147][978]LogModuleManager: Shutting down and abandoning module DerivedDataCache (154)
[2019.10.25-00.06.37:179][978]LogDerivedDataCache: Shutdown
[2019.10.25-00.06.37:179][978]LogModuleManager: Shutting down and abandoning module XGEController (152)
[2019.10.25-00.06.37:179][978]LogModuleManager: Shutting down and abandoning module TargetPlatform (150)
[2019.10.25-00.06.37:180][978]LogModuleManager: Shutting down and abandoning module VulkanShaderFormat (149)
[2019.10.25-00.06.37:180][978]LogModuleManager: Shutting down and abandoning module ShaderFormatVectorVM (147)
[2019.10.25-00.06.37:180][978]LogModuleManager: Shutting down and abandoning module ShaderFormatOpenGL (145)
[2019.10.25-00.06.37:180][978]LogModuleManager: Shutting down and abandoning module ShaderFormatD3D (143)
[2019.10.25-00.06.37:180][978]LogModuleManager: Shutting down and abandoning module MetalShaderFormat (141)
[2019.10.25-00.06.37:180][978]LogModuleManager: Shutting down and abandoning module TextureFormatUncompressed (139)
[2019.10.25-00.06.37:180][978]LogModuleManager: Shutting down and abandoning module TextureFormatPVR (137)
[2019.10.25-00.06.37:181][978]LogModuleManager: Shutting down and abandoning module TextureFormatDXT (135)
[2019.10.25-00.06.37:181][978]LogModuleManager: Shutting down and abandoning module TextureFormatIntelISPCTexComp (133)
[2019.10.25-00.06.37:181][978]LogModuleManager: Shutting down and abandoning module TextureFormatASTC (131)
[2019.10.25-00.06.37:181][978]LogModuleManager: Shutting down and abandoning module ImageWrapper (130)
[2019.10.25-00.06.37:181][978]LogModuleManager: Shutting down and abandoning module TextureFormatAndroid (127)
[2019.10.25-00.06.37:181][978]LogModuleManager: Shutting down and abandoning module AudioFormatOpus (125)
[2019.10.25-00.06.37:182][978]LogModuleManager: Shutting down and abandoning module AudioFormatOgg (123)
[2019.10.25-00.06.37:182][978]LogModuleManager: Shutting down and abandoning module AudioFormatADPCM (121)
[2019.10.25-00.06.37:182][978]LogModuleManager: Shutting down and abandoning module LuminTargetPlatform (119)
[2019.10.25-00.06.37:216][978]LogModuleManager: Shutting down and abandoning module LinuxTargetPlatform (117)
[2019.10.25-00.06.37:217][978]LogModuleManager: Shutting down and abandoning module LinuxServerTargetPlatform (115)
[2019.10.25-00.06.37:217][978]LogModuleManager: Shutting down and abandoning module LinuxNoEditorTargetPlatform (113)
[2019.10.25-00.06.37:217][978]LogModuleManager: Shutting down and abandoning module LinuxClientTargetPlatform (111)
[2019.10.25-00.06.37:217][978]LogModuleManager: Shutting down and abandoning module TVOSTargetPlatform (109)
[2019.10.25-00.06.37:234][978]LogModuleManager: Shutting down and abandoning module Messaging (107)
[2019.10.25-00.06.37:235][978]LogModuleManager: Shutting down and abandoning module IOSTargetPlatform (105)
[2019.10.25-00.06.37:247][978]LogModuleManager: Shutting down and abandoning module HTML5TargetPlatform (103)
[2019.10.25-00.06.37:247][978]LogModuleManager: Shutting down and abandoning module AndroidTargetPlatform (101)
[2019.10.25-00.06.37:466][978]LogModuleManager: Shutting down and abandoning module WindowsTargetPlatform (99)
[2019.10.25-00.06.37:466][978]LogModuleManager: Shutting down and abandoning module WindowsServerTargetPlatform (97)
[2019.10.25-00.06.37:466][978]LogModuleManager: Shutting down and abandoning module WindowsNoEditorTargetPlatform (95)
[2019.10.25-00.06.37:466][978]LogModuleManager: Shutting down and abandoning module WindowsClientTargetPlatform (93)
[2019.10.25-00.06.37:467][978]LogModuleManager: Shutting down and abandoning module MacTargetPlatform (91)
[2019.10.25-00.06.37:467][978]LogModuleManager: Shutting down and abandoning module MacServerTargetPlatform (89)
[2019.10.25-00.06.37:467][978]LogModuleManager: Shutting down and abandoning module MacNoEditorTargetPlatform (87)
[2019.10.25-00.06.37:467][978]LogModuleManager: Shutting down and abandoning module MacClientTargetPlatform (85)
[2019.10.25-00.06.37:467][978]LogModuleManager: Shutting down and abandoning module AllDesktopTargetPlatform (83)
[2019.10.25-00.06.37:468][978]LogModuleManager: Shutting down and abandoning module InputCore (80)
[2019.10.25-00.06.37:468][978]LogModuleManager: Shutting down and abandoning module Settings (78)
[2019.10.25-00.06.37:468][978]LogModuleManager: Shutting down and abandoning module DirectoryWatcher (76)
[2019.10.25-00.06.37:471][978]LogModuleManager: Shutting down and abandoning module PhysXCooking (74)
[2019.10.25-00.06.37:472][978]LogModuleManager: Shutting down and abandoning module SteamVR (72)
[2019.10.25-00.06.37:472][978]LogHMD: Freeing OpenVRDLLHandle.
[2019.10.25-00.06.37:472][978]LogModuleManager: Shutting down and abandoning module OculusHMD (70)
[2019.10.25-00.06.37:472][978]LogModuleManager: Shutting down and abandoning module ExampleDeviceProfileSelector (68)
[2019.10.25-00.06.37:473][978]LogModuleManager: Shutting down and abandoning module LauncherChunkInstaller (66)
[2019.10.25-00.06.37:474][978]LogModuleManager: Shutting down and abandoning module OnlineBlueprintSupport (64)
[2019.10.25-00.06.37:474][978]LogModuleManager: Shutting down and abandoning module OnlineSubsystem (60)
[2019.10.25-00.06.37:484][978]LogModuleManager: Shutting down and abandoning module XMPP (55)
[2019.10.25-00.06.37:485][978]LogModuleManager: Shutting down and abandoning module WebSockets (54)
[2019.10.25-00.06.37:534][978]LogModuleManager: Shutting down and abandoning module HTTP (51)
[2019.10.25-00.06.37:535][978]LogHttp: Display: Http module shutting down, but needs to wait on 1 outstanding Http requests:
[2019.10.25-00.06.37:535][978]LogHttp: Display: 	verb=[POST] url=[https://datarouter.ol.epicgames.com/datarouter/api/v1/public/data?SessionID=%7B44E28C15-4028-970E-6D20-10BD5674100F%7D&AppID=UEEditor.Rocket.Release&AppVersion=4.22.3-7053642%2B%2B%2BUE4%2BRelease-4.22&UserID=00819556409e18e3f6717ab01550a1c3%7C4189fef67e57406088c8c78838cc1a4f%7Cb91a0d1d-f291-41b7-8881-48a40c55c360&AppEnvironment=datacollector-binary&UploadType=eteventstream] status=Processing
[2019.10.25-00.06.37:553][978]LogModuleManager: Shutting down and abandoning module SSL (50)
[2019.10.25-00.06.37:584][978]LogModuleManager: Shutting down and abandoning module WmfMedia (46)
[2019.10.25-00.06.37:589][978]LogModuleManager: Shutting down and abandoning module Media (45)
[2019.10.25-00.06.37:596][978]LogModuleManager: Shutting down and abandoning module MagicLeap (42)
[2019.10.25-00.06.37:597][978]LogModuleManager: Shutting down and abandoning module DatasmithContent (40)
[2019.10.25-00.06.37:598][978]LogModuleManager: Shutting down and abandoning module AnimationModifiers (38)
[2019.10.25-00.06.37:622][978]LogModuleManager: Shutting down and abandoning module PropertyEditor (37)
[2019.10.25-00.06.37:623][978]LogModuleManager: Shutting down and abandoning module AudioEditor (34)
[2019.10.25-00.06.37:625][978]LogModuleManager: Shutting down and abandoning module TextureCompressor (32)
[2019.10.25-00.06.37:626][978]LogModuleManager: Shutting down and abandoning module RenderCore (30)
[2019.10.25-00.06.37:626][978]LogModuleManager: Shutting down and abandoning module Landscape (28)
[2019.10.25-00.06.37:626][978]LogModuleManager: Shutting down and abandoning module SlateRHIRenderer (26)
[2019.10.25-00.06.37:635][978]LogModuleManager: Shutting down and abandoning module OpenGLDrv (24)
[2019.10.25-00.06.37:635][978]LogModuleManager: Shutting down and abandoning module D3D11RHI (22)
[2019.10.25-00.06.37:635][978]LogModuleManager: Shutting down and abandoning module AnimGraphRuntime (20)
[2019.10.25-00.06.37:635][978]LogModuleManager: Shutting down and abandoning module Renderer (18)
[2019.10.25-00.06.37:636][978]LogModuleManager: Shutting down and abandoning module Engine (16)
[2019.10.25-00.06.37:636][978]LogModuleManager: Shutting down and abandoning module CoreUObject (14)
[2019.10.25-00.06.37:636][978]LogModuleManager: Shutting down and abandoning module NetworkFile (12)
[2019.10.25-00.06.37:636][978]LogModuleManager: Shutting down and abandoning module CookedIterativeFile (10)
[2019.10.25-00.06.37:636][978]LogModuleManager: Shutting down and abandoning module StreamingFile (8)
[2019.10.25-00.06.37:636][978]LogModuleManager: Shutting down and abandoning module SandboxFile (6)
[2019.10.25-00.06.37:636][978]LogModuleManager: Shutting down and abandoning module PakFile (4)
[2019.10.25-00.06.37:637][978]LogModuleManager: Shutting down and abandoning module RSA (3)
[2019.10.25-00.06.37:686][978]LogExit: Exiting.
[2019.10.25-00.06.37:759][978]Log file closed, 10/24/19 17:06:37
