Log file open, 11/17/19 12:30:24
LogWindows: Failed to load 'aqProf.dll' (GetLastError=126)
LogWindows: File 'aqProf.dll' does not exist
LogWindows: Failed to load 'VtuneApi.dll' (GetLastError=126)
LogWindows: File 'VtuneApi.dll' does not exist
LogWindows: Failed to load 'VtuneApi32e.dll' (GetLastError=126)
LogWindows: File 'VtuneApi32e.dll' does not exist
LogConsoleResponse: Display: Failed to find resolution value strings in scalability ini. Falling back to default.
LogInit: Display: Running engine for game: Mechanics_Sandbox
LogPakFile: Registered encryption key '00000000000000000000000000000000': 0 pak files mounted, 0 remain pending
LogPlatformFile: Not using cached read wrapper
LogTaskGraph: Started task graph with 5 named threads and 23 total threads with 3 sets of task threads.
LogStats: Stats thread started at 0.617540
LogD3D11RHI: Loaded GFSDK_Aftermath_Lib.x64.dll
LogICUInternationalization: ICU TimeZone Detection - Raw Offset: -8:00, Platform Override: ''
LogPluginManager: Mounting plugin Paper2D
LogPluginManager: Mounting plugin AISupport
LogPluginManager: Mounting plugin LightPropagationVolume
LogPluginManager: Mounting plugin ActorLayerUtilities
LogPluginManager: Mounting plugin AnimationSharing
LogPluginManager: Mounting plugin CLionSourceCodeAccess
LogPluginManager: Mounting plugin CodeLiteSourceCodeAccess
LogPluginManager: Mounting plugin GitSourceControl
LogPluginManager: Mounting plugin KDevelopSourceCodeAccess
LogPluginManager: Mounting plugin NullSourceCodeAccess
LogPluginManager: Mounting plugin PerforceSourceControl
LogPluginManager: Mounting plugin SubversionSourceControl
LogPluginManager: Mounting plugin UObjectPlugin
LogPluginManager: Mounting plugin VisualStudioCodeSourceCodeAccess
LogPluginManager: Mounting plugin VisualStudioSourceCodeAccess
LogPluginManager: Mounting plugin XCodeSourceCodeAccess
LogPluginManager: Mounting plugin AssetManagerEditor
LogPluginManager: Mounting plugin CryptoKeys
LogPluginManager: Mounting plugin DataValidation
LogPluginManager: Mounting plugin FacialAnimation
LogPluginManager: Mounting plugin GameplayTagsEditor
LogPluginManager: Mounting plugin MacGraphicsSwitching
LogPluginManager: Mounting plugin MaterialAnalyzer
LogPluginManager: Mounting plugin MobileLauncherProfileWizard
LogPluginManager: Mounting plugin PluginBrowser
LogPluginManager: Mounting plugin SpeedTreeImporter
LogPluginManager: Mounting plugin DatasmithContent
LogPluginManager: Mounting plugin VariantManagerContent
LogPluginManager: Mounting plugin AlembicImporter
LogPluginManager: Mounting plugin AppleImageUtils
LogPluginManager: Mounting plugin AppleVision
LogPluginManager: Mounting plugin BackChannel
LogPluginManager: Mounting plugin CharacterAI
LogPluginManager: Mounting plugin GeometryCache
LogPluginManager: Mounting plugin HTML5Networking
LogPluginManager: Mounting plugin ProxyLODPlugin
LogPluginManager: Mounting plugin SkeletalReduction
LogPluginManager: Mounting plugin MagicLeap
LogPluginManager: Mounting plugin MagicLeapMedia
LogPluginManager: Mounting plugin AndroidMedia
LogPluginManager: Mounting plugin AvfMedia
LogPluginManager: Mounting plugin ImgMedia
LogPluginManager: Mounting plugin LinearTimecode
LogPluginManager: Mounting plugin MediaCompositing
LogPluginManager: Mounting plugin MediaPlayerEditor
LogPluginManager: Mounting plugin WebMMedia
LogPluginManager: Mounting plugin WmfMedia
LogPluginManager: Mounting plugin TcpMessaging
LogPluginManager: Mounting plugin UdpMessaging
LogPluginManager: Mounting plugin ActorSequence
LogPluginManager: Mounting plugin LevelSequenceEditor
LogPluginManager: Mounting plugin MatineeToLevelSequence
LogPluginManager: Mounting plugin NetcodeUnitTest
LogPluginManager: Mounting plugin NUTUnrealEngine4
LogPluginManager: Mounting plugin OnlineSubsystemGooglePlay
LogPluginManager: Mounting plugin OnlineSubsystemIOS
LogPluginManager: Mounting plugin OnlineSubsystem
LogPluginManager: Mounting plugin OnlineSubsystemNull
LogPluginManager: Mounting plugin OnlineSubsystemUtils
LogPluginManager: Mounting plugin LauncherChunkInstaller
LogPluginManager: Mounting plugin AndroidDeviceProfileSelector
LogPluginManager: Mounting plugin AndroidMoviePlayer
LogPluginManager: Mounting plugin AndroidPermission
LogPluginManager: Mounting plugin ApexDestruction
LogPluginManager: Mounting plugin AppleMoviePlayer
LogPluginManager: Mounting plugin ArchVisCharacter
LogPluginManager: Mounting plugin AudioCapture
LogPluginManager: Mounting plugin CableComponent
LogPluginManager: Mounting plugin CustomMeshComponent
LogPluginManager: Mounting plugin EditableMesh
LogPluginManager: Mounting plugin ExampleDeviceProfileSelector
LogPluginManager: Mounting plugin Firebase
LogPluginManager: Mounting plugin GoogleCloudMessaging
LogPluginManager: Mounting plugin IOSDeviceProfileSelector
LogPluginManager: Mounting plugin LinuxDeviceProfileSelector
LogPluginManager: Mounting plugin LocationServicesBPLibrary
LogPluginManager: Mounting plugin MobilePatchingUtils
LogPluginManager: Mounting plugin OculusVR
LogPluginManager: Mounting plugin PhysXVehicles
LogPluginManager: Mounting plugin ProceduralMeshComponent
LogPluginManager: Mounting plugin RuntimePhysXCooking
LogPluginManager: Mounting plugin SignificanceManager
LogPluginManager: Mounting plugin SteamVR
LogPluginManager: Mounting plugin WebMMoviePlayer
LogPluginManager: Mounting plugin WindowsMoviePlayer
LogInit: Using libcurl 7.55.1-DEV
LogInit:  - built for x86_64-pc-win32
LogInit:  - supports SSL with OpenSSL/1.1.1
LogInit:  - supports HTTP deflate (compression) using libz 1.2.8
LogInit:  - other features:
LogInit:      CURL_VERSION_SSL
LogInit:      CURL_VERSION_LIBZ
LogInit:      CURL_VERSION_IPV6
LogInit:      CURL_VERSION_ASYNCHDNS
LogInit:      CURL_VERSION_LARGEFILE
LogInit:      CURL_VERSION_IDN
LogInit:  CurlRequestOptions (configurable via config and command line):
LogInit:  - bVerifyPeer = true  - Libcurl will verify peer certificate
LogInit:  - bUseHttpProxy = false  - Libcurl will NOT use HTTP proxy
LogInit:  - bDontReuseConnections = false  - Libcurl will reuse connections
LogInit:  - MaxHostConnections = 16  - Libcurl will limit the number of connections to a host
LogInit:  - LocalHostAddr = Default
LogInit:  - BufferSize = 65536
LogInit: WinSock: version 1.1 (2.2), MaxSocks=32767, MaxUdp=65467
LogInit: Build: ++UE4+Release-4.22-CL-7053642
LogInit: Engine Version: 4.22.3-7053642+++UE4+Release-4.22
LogInit: Compatible Engine Version: 4.22.0-5660361+++UE4+Release-4.22
LogInit: Net CL: 5660361
LogInit: OS: Windows 10 (Release 1903) (), CPU: Intel(R) Core(TM) i7-7700HQ CPU @ 2.80GHz, GPU: Intel(R) HD Graphics 630
LogInit: Compiled (64-bit): Jun 18 2019 03:09:11
LogInit: Compiled with Visual C++: 19.16.27025.01
LogInit: Build Configuration: Development
LogInit: Branch Name: ++UE4+Release-4.22
LogInit: Command Line: 
LogInit: Base Directory: D:/EpicGames/UE_4.22/Engine/Binaries/Win64/
LogInit: Installed Engine Build: 1
LogDevObjectVersion: Number of dev versions registered: 23
LogDevObjectVersion:   Dev-Blueprints (B0D832E4-1F89-4F0D-ACCF-7EB736FD4AA2): 10
LogDevObjectVersion:   Dev-Build (E1C64328-A22C-4D53-A36C-8E866417BD8C): 0
LogDevObjectVersion:   Dev-Core (375EC13C-06E4-48FB-B500-84F0262A717E): 3
LogDevObjectVersion:   Dev-Editor (E4B068ED-F494-42E9-A231-DA0B2E46BB41): 30
LogDevObjectVersion:   Dev-Framework (CFFC743F-43B0-4480-9391-14DF171D2073): 35
LogDevObjectVersion:   Dev-Mobile (B02B49B5-BB20-44E9-A304-32B752E40360): 2
LogDevObjectVersion:   Dev-Networking (A4E4105C-59A1-49B5-A7C5-40C4547EDFEE): 0
LogDevObjectVersion:   Dev-Online (39C831C9-5AE6-47DC-9A44-9C173E1C8E7C): 0
LogDevObjectVersion:   Dev-Physics (78F01B33-EBEA-4F98-B9B4-84EACCB95AA2): 0
LogDevObjectVersion:   Dev-Platform (6631380F-2D4D-43E0-8009-CF276956A95A): 0
LogDevObjectVersion:   Dev-Rendering (12F88B9F-8875-4AFC-A67C-D90C383ABD29): 28
LogDevObjectVersion:   Dev-Sequencer (7B5AE74C-D270-4C10-A958-57980B212A5A): 11
LogDevObjectVersion:   Dev-VR (D7296918-1DD6-4BDD-9DE2-64A83CC13884): 2
LogDevObjectVersion:   Dev-LoadTimes (C2A15278-BFE7-4AFE-6C17-90FF531DF755): 1
LogDevObjectVersion:   Private-Geometry (6EACA3D4-40EC-4CC1-B786-8BED09428FC5): 3
LogDevObjectVersion:   Dev-AnimPhys (29E575DD-E0A3-4627-9D10-D276232CDCEA): 17
LogDevObjectVersion:   Dev-Anim (AF43A65D-7FD3-4947-9873-3E8ED9C1BB05): 2
LogDevObjectVersion:   Dev-ReflectionCapture (6B266CEC-1EC7-4B8F-A30B-E4D90942FC07): 1
LogDevObjectVersion:   Dev-Automation (0DF73D61-A23F-47EA-B727-89E90C41499A): 1
LogDevObjectVersion:   FortniteMain (601D1886-AC64-4F84-AA16-D3DE0DEAC7D6): 25
LogDevObjectVersion:   Dev-Enterprise (9DFFBCD6-494F-0158-E221-12823C92A888): 6
LogDevObjectVersion:   Dev-Niagara (F2AED0AC-9AFE-416F-8664-AA7FFA26D6FC): 1
LogDevObjectVersion:   Dev-Destruction (174F1F0B-B4C6-45A5-B13F-2EE8D0FB917D): 2
LogInit: Presizing for max 16777216 objects, including 0 objects not considered by GC, pre-allocating 0 bytes for permanent pool.
LogInit: Object subsystem initialized
LogConfig: Setting CVar [[con.DebugEarlyDefault:1]]
LogConfig: Setting CVar [[r.setres:1280x720]]
[2019.11.17-20.30.26:881][  0]LogConfig: Setting CVar [[r.VSync:0]]
[2019.11.17-20.30.26:882][  0]LogConfig: Setting CVar [[r.RHICmdBypass:0]]
[2019.11.17-20.30.26:882][  0]LogConfig: Applying CVar settings from Section [/Script/Engine.RendererSettings] File [C:/Users/danny/Desktop/Systems_Sandbox/Mechanics_Sandbox/Saved/Config/Windows/Engine.ini]
[2019.11.17-20.30.26:882][  0]LogConfig: Setting CVar [[r.GPUCrashDebugging:0]]
[2019.11.17-20.30.26:882][  0]LogConfig: Applying CVar settings from Section [/Script/Engine.RendererOverrideSettings] File [C:/Users/danny/Desktop/Systems_Sandbox/Mechanics_Sandbox/Saved/Config/Windows/Engine.ini]
[2019.11.17-20.30.26:882][  0]LogConfig: Applying CVar settings from Section [/Script/Engine.StreamingSettings] File [C:/Users/danny/Desktop/Systems_Sandbox/Mechanics_Sandbox/Saved/Config/Windows/Engine.ini]
[2019.11.17-20.30.26:882][  0]LogConfig: Setting CVar [[s.MinBulkDataSizeForAsyncLoading:131072]]
[2019.11.17-20.30.26:882][  0]LogConfig: Setting CVar [[s.AsyncLoadingThreadEnabled:0]]
[2019.11.17-20.30.26:882][  0]LogConfig: Setting CVar [[s.EventDrivenLoaderEnabled:1]]
[2019.11.17-20.30.26:882][  0]LogConfig: Setting CVar [[s.WarnIfTimeLimitExceeded:0]]
[2019.11.17-20.30.26:882][  0]LogConfig: Setting CVar [[s.TimeLimitExceededMultiplier:1.5]]
[2019.11.17-20.30.26:882][  0]LogConfig: Setting CVar [[s.TimeLimitExceededMinTime:0.005]]
[2019.11.17-20.30.26:882][  0]LogConfig: Setting CVar [[s.UseBackgroundLevelStreaming:1]]
[2019.11.17-20.30.26:882][  0]LogConfig: Setting CVar [[s.PriorityAsyncLoadingExtraTime:15.0]]
[2019.11.17-20.30.26:882][  0]LogConfig: Setting CVar [[s.LevelStreamingActorsUpdateTimeLimit:5.0]]
[2019.11.17-20.30.26:882][  0]LogConfig: Setting CVar [[s.PriorityLevelStreamingActorsUpdateExtraTime:5.0]]
[2019.11.17-20.30.26:882][  0]LogConfig: Setting CVar [[s.LevelStreamingComponentsRegistrationGranularity:10]]
[2019.11.17-20.30.26:882][  0]LogConfig: Setting CVar [[s.UnregisterComponentsTimeLimit:1.0]]
[2019.11.17-20.30.26:883][  0]LogConfig: Setting CVar [[s.LevelStreamingComponentsUnregistrationGranularity:5]]
[2019.11.17-20.30.26:883][  0]LogConfig: Applying CVar settings from Section [/Script/Engine.GarbageCollectionSettings] File [C:/Users/danny/Desktop/Systems_Sandbox/Mechanics_Sandbox/Saved/Config/Windows/Engine.ini]
[2019.11.17-20.30.26:883][  0]LogConfig: Setting CVar [[gc.MaxObjectsNotConsideredByGC:1]]
[2019.11.17-20.30.26:883][  0]LogConfig: Setting CVar [[gc.SizeOfPermanentObjectPool:0]]
[2019.11.17-20.30.26:883][  0]LogConfig: Setting CVar [[gc.FlushStreamingOnGC:0]]
[2019.11.17-20.30.26:883][  0]LogConfig: Setting CVar [[gc.NumRetriesBeforeForcingGC:10]]
[2019.11.17-20.30.26:883][  0]LogConfig: Setting CVar [[gc.AllowParallelGC:1]]
[2019.11.17-20.30.26:883][  0]LogConfig: Setting CVar [[gc.TimeBetweenPurgingPendingKillObjects:61.1]]
[2019.11.17-20.30.26:883][  0]LogConfig: Setting CVar [[gc.MaxObjectsInEditor:16777216]]
[2019.11.17-20.30.26:883][  0]LogConfig: Setting CVar [[gc.IncrementalBeginDestroyEnabled:1]]
[2019.11.17-20.30.26:883][  0]LogConfig: Setting CVar [[gc.CreateGCClusters:1]]
[2019.11.17-20.30.26:883][  0]LogConfig: Setting CVar [[gc.MinGCClusterSize:5]]
[2019.11.17-20.30.26:883][  0]LogConfig: Setting CVar [[gc.ActorClusteringEnabled:0]]
[2019.11.17-20.30.26:883][  0]LogConfig: Setting CVar [[gc.BlueprintClusteringEnabled:0]]
[2019.11.17-20.30.26:884][  0]LogConfig: Setting CVar [[gc.UseDisregardForGCOnDedicatedServers:0]]
[2019.11.17-20.30.26:884][  0]LogConfig: Applying CVar settings from Section [/Script/Engine.NetworkSettings] File [C:/Users/danny/Desktop/Systems_Sandbox/Mechanics_Sandbox/Saved/Config/Windows/Engine.ini]
[2019.11.17-20.30.26:884][  0]LogConfig: Applying CVar settings from Section [/Script/UnrealEd.CookerSettings] File [C:/Users/danny/Desktop/Systems_Sandbox/Mechanics_Sandbox/Saved/Config/Windows/Engine.ini]
[2019.11.17-20.30.26:899][  0]LogConfig: Applying CVar settings from Section [ViewDistanceQuality@3] File [C:/Users/danny/Desktop/Systems_Sandbox/Mechanics_Sandbox/Saved/Config/Windows/Scalability.ini]
[2019.11.17-20.30.26:899][  0]LogConfig: Setting CVar [[r.SkeletalMeshLODBias:0]]
[2019.11.17-20.30.26:899][  0]LogConfig: Setting CVar [[r.ViewDistanceScale:1.0]]
[2019.11.17-20.30.26:899][  0]LogConfig: Applying CVar settings from Section [AntiAliasingQuality@3] File [C:/Users/danny/Desktop/Systems_Sandbox/Mechanics_Sandbox/Saved/Config/Windows/Scalability.ini]
[2019.11.17-20.30.26:899][  0]LogConfig: Setting CVar [[r.PostProcessAAQuality:4]]
[2019.11.17-20.30.26:899][  0]LogConfig: Applying CVar settings from Section [ShadowQuality@3] File [C:/Users/danny/Desktop/Systems_Sandbox/Mechanics_Sandbox/Saved/Config/Windows/Scalability.ini]
[2019.11.17-20.30.26:899][  0]LogConfig: Setting CVar [[r.LightFunctionQuality:1]]
[2019.11.17-20.30.26:899][  0]LogConfig: Setting CVar [[r.ShadowQuality:5]]
[2019.11.17-20.30.26:900][  0]LogConfig: Setting CVar [[r.Shadow.CSM.MaxCascades:10]]
[2019.11.17-20.30.26:900][  0]LogConfig: Setting CVar [[r.Shadow.MaxResolution:2048]]
[2019.11.17-20.30.26:900][  0]LogConfig: Setting CVar [[r.Shadow.MaxCSMResolution:2048]]
[2019.11.17-20.30.26:900][  0]LogConfig: Setting CVar [[r.Shadow.RadiusThreshold:0.01]]
[2019.11.17-20.30.26:900][  0]LogConfig: Setting CVar [[r.Shadow.DistanceScale:1.0]]
[2019.11.17-20.30.26:900][  0]LogConfig: Setting CVar [[r.Shadow.CSM.TransitionScale:1.0]]
[2019.11.17-20.30.26:900][  0]LogConfig: Setting CVar [[r.Shadow.PreShadowResolutionFactor:1.0]]
[2019.11.17-20.30.26:900][  0]LogConfig: Setting CVar [[r.DistanceFieldShadowing:1]]
[2019.11.17-20.30.26:900][  0]LogConfig: Setting CVar [[r.DistanceFieldAO:1]]
[2019.11.17-20.30.26:900][  0]LogConfig: Setting CVar [[r.AOQuality:2]]
[2019.11.17-20.30.26:900][  0]LogConfig: Setting CVar [[r.VolumetricFog:1]]
[2019.11.17-20.30.26:900][  0]LogConfig: Setting CVar [[r.VolumetricFog.GridPixelSize:8]]
[2019.11.17-20.30.26:900][  0]LogConfig: Setting CVar [[r.VolumetricFog.GridSizeZ:128]]
[2019.11.17-20.30.26:900][  0]LogConfig: Setting CVar [[r.VolumetricFog.HistoryMissSupersampleCount:4]]
[2019.11.17-20.30.26:900][  0]LogConfig: Setting CVar [[r.LightMaxDrawDistanceScale:1]]
[2019.11.17-20.30.26:900][  0]LogConfig: Setting CVar [[r.CapsuleShadows:1]]
[2019.11.17-20.30.26:900][  0]LogConfig: Applying CVar settings from Section [PostProcessQuality@3] File [C:/Users/danny/Desktop/Systems_Sandbox/Mechanics_Sandbox/Saved/Config/Windows/Scalability.ini]
[2019.11.17-20.30.26:900][  0]LogConfig: Setting CVar [[r.MotionBlurQuality:4]]
[2019.11.17-20.30.26:900][  0]LogConfig: Setting CVar [[r.AmbientOcclusionMipLevelFactor:0.4]]
[2019.11.17-20.30.26:901][  0]LogConfig: Setting CVar [[r.AmbientOcclusionMaxQuality:100]]
[2019.11.17-20.30.26:901][  0]LogConfig: Setting CVar [[r.AmbientOcclusionLevels:-1]]
[2019.11.17-20.30.26:901][  0]LogConfig: Setting CVar [[r.AmbientOcclusionRadiusScale:1.0]]
[2019.11.17-20.30.26:901][  0]LogConfig: Setting CVar [[r.DepthOfFieldQuality:2]]
[2019.11.17-20.30.26:901][  0]LogConfig: Setting CVar [[r.RenderTargetPoolMin:400]]
[2019.11.17-20.30.26:901][  0]LogConfig: Setting CVar [[r.LensFlareQuality:2]]
[2019.11.17-20.30.26:901][  0]LogConfig: Setting CVar [[r.SceneColorFringeQuality:1]]
[2019.11.17-20.30.26:901][  0]LogConfig: Setting CVar [[r.EyeAdaptationQuality:2]]
[2019.11.17-20.30.26:901][  0]LogConfig: Setting CVar [[r.BloomQuality:5]]
[2019.11.17-20.30.26:901][  0]LogConfig: Setting CVar [[r.FastBlurThreshold:100]]
[2019.11.17-20.30.26:901][  0]LogConfig: Setting CVar [[r.Upscale.Quality:3]]
[2019.11.17-20.30.26:901][  0]LogConfig: Setting CVar [[r.Tonemapper.GrainQuantization:1]]
[2019.11.17-20.30.26:901][  0]LogConfig: Setting CVar [[r.LightShaftQuality:1]]
[2019.11.17-20.30.26:901][  0]LogConfig: Setting CVar [[r.Filter.SizeScale:1]]
[2019.11.17-20.30.26:901][  0]LogConfig: Setting CVar [[r.Tonemapper.Quality:5]]
[2019.11.17-20.30.26:901][  0]LogConfig: Setting CVar [[r.DOF.Gather.AccumulatorQuality:1        ; higher gathering accumulator quality]]
[2019.11.17-20.30.26:901][  0]LogConfig: Setting CVar [[r.DOF.Gather.PostfilterMethod:1          ; Median3x3 postfilering method]]
[2019.11.17-20.30.26:901][  0]LogConfig: Setting CVar [[r.DOF.Gather.EnableBokehSettings:0       ; no bokeh simulation when gathering]]
[2019.11.17-20.30.26:901][  0]LogConfig: Setting CVar [[r.DOF.Gather.RingCount:4                 ; medium number of samples when gathering]]
[2019.11.17-20.30.26:902][  0]LogConfig: Setting CVar [[r.DOF.Scatter.ForegroundCompositing:1    ; additive foreground scattering]]
[2019.11.17-20.30.26:902][  0]LogConfig: Setting CVar [[r.DOF.Scatter.BackgroundCompositing:2    ; additive background scattering]]
[2019.11.17-20.30.26:902][  0]LogConfig: Setting CVar [[r.DOF.Scatter.EnableBokehSettings:1      ; bokeh simulation when scattering]]
[2019.11.17-20.30.26:902][  0]LogConfig: Setting CVar [[r.DOF.Scatter.MaxSpriteRatio:0.1         ; only a maximum of 10% of scattered bokeh]]
[2019.11.17-20.30.26:902][  0]LogConfig: Setting CVar [[r.DOF.Recombine.Quality:1                ; cheap slight out of focus]]
[2019.11.17-20.30.26:902][  0]LogConfig: Setting CVar [[r.DOF.Recombine.EnableBokehSettings:0    ; no bokeh simulation on slight out of focus]]
[2019.11.17-20.30.26:902][  0]LogConfig: Setting CVar [[r.DOF.TemporalAAQuality:1                ; more stable temporal accumulation]]
[2019.11.17-20.30.26:902][  0]LogConfig: Setting CVar [[r.DOF.Kernel.MaxForegroundRadius:0.025]]
[2019.11.17-20.30.26:902][  0]LogConfig: Setting CVar [[r.DOF.Kernel.MaxBackgroundRadius:0.025]]
[2019.11.17-20.30.26:902][  0]LogConfig: Applying CVar settings from Section [TextureQuality@3] File [C:/Users/danny/Desktop/Systems_Sandbox/Mechanics_Sandbox/Saved/Config/Windows/Scalability.ini]
[2019.11.17-20.30.26:902][  0]LogConfig: Setting CVar [[r.Streaming.MipBias:0]]
[2019.11.17-20.30.26:902][  0]LogConfig: Setting CVar [[r.Streaming.AmortizeCPUToGPUCopy:0]]
[2019.11.17-20.30.26:902][  0]LogConfig: Setting CVar [[r.Streaming.MaxNumTexturesToStreamPerFrame:0]]
[2019.11.17-20.30.26:902][  0]LogConfig: Setting CVar [[r.Streaming.Boost:1]]
[2019.11.17-20.30.26:903][  0]LogConfig: Setting CVar [[r.MaxAnisotropy:8]]
[2019.11.17-20.30.26:903][  0]LogConfig: Setting CVar [[r.Streaming.LimitPoolSizeToVRAM:0]]
[2019.11.17-20.30.26:903][  0]LogConfig: Setting CVar [[r.Streaming.PoolSize:1000]]
[2019.11.17-20.30.26:903][  0]LogConfig: Setting CVar [[r.Streaming.MaxEffectiveScreenSize:0]]
[2019.11.17-20.30.26:903][  0]LogConfig: Applying CVar settings from Section [EffectsQuality@3] File [C:/Users/danny/Desktop/Systems_Sandbox/Mechanics_Sandbox/Saved/Config/Windows/Scalability.ini]
[2019.11.17-20.30.26:903][  0]LogConfig: Setting CVar [[r.TranslucencyLightingVolumeDim:64]]
[2019.11.17-20.30.26:903][  0]LogConfig: Setting CVar [[r.RefractionQuality:2]]
[2019.11.17-20.30.26:903][  0]LogConfig: Setting CVar [[r.SSR.Quality:3]]
[2019.11.17-20.30.26:903][  0]LogConfig: Setting CVar [[r.SceneColorFormat:4]]
[2019.11.17-20.30.26:903][  0]LogConfig: Setting CVar [[r.DetailMode:2]]
[2019.11.17-20.30.26:903][  0]LogConfig: Setting CVar [[r.TranslucencyVolumeBlur:1]]
[2019.11.17-20.30.26:903][  0]LogConfig: Setting CVar [[r.MaterialQualityLevel:1 ; High quality]]
[2019.11.17-20.30.26:903][  0]LogConfig: Setting CVar [[r.SSS.Scale:1]]
[2019.11.17-20.30.26:903][  0]LogConfig: Setting CVar [[r.SSS.SampleSet:2]]
[2019.11.17-20.30.26:903][  0]LogConfig: Setting CVar [[r.SSS.Quality:1]]
[2019.11.17-20.30.26:903][  0]LogConfig: Setting CVar [[r.SSS.HalfRes:1]]
[2019.11.17-20.30.26:903][  0]LogConfig: Setting CVar [[r.EmitterSpawnRateScale:1.0]]
[2019.11.17-20.30.26:904][  0]LogConfig: Setting CVar [[r.ParticleLightQuality:2]]
[2019.11.17-20.30.26:904][  0]LogConfig: Applying CVar settings from Section [FoliageQuality@3] File [C:/Users/danny/Desktop/Systems_Sandbox/Mechanics_Sandbox/Saved/Config/Windows/Scalability.ini]
[2019.11.17-20.30.26:904][  0]LogConfig: Setting CVar [[foliage.DensityScale:1.0]]
[2019.11.17-20.30.26:904][  0]LogConfig: Setting CVar [[grass.DensityScale:1.0]]
[2019.11.17-20.30.26:904][  0]LogInit: Selected Device Profile: [Windows]
[2019.11.17-20.30.26:904][  0]LogInit: Applying CVar settings loaded from the selected device profile: [Windows]
[2019.11.17-20.30.26:997][  0]LogHAL: Display: Platform has ~ 16 GB [17059446784 / 17179869184 / 16], which maps to Larger [LargestMinGB=32, LargerMinGB=12, DefaultMinGB=8, SmallerMinGB=6, SmallestMinGB=0)
[2019.11.17-20.30.26:997][  0]LogConfig: Setting CVar [[r.Vulkan.UseRealUBs:0		; Required until we fix HLR fall-out]]
[2019.11.17-20.30.26:997][  0]LogInit: Going up to parent DeviceProfile []
[2019.11.17-20.30.26:997][  0]LogConfig: Applying CVar settings from Section [ViewDistanceQuality@3] File [C:/Users/danny/Desktop/Systems_Sandbox/Mechanics_Sandbox/Saved/Config/Windows/Scalability.ini]
[2019.11.17-20.30.26:997][  0]LogConfig: Setting CVar [[r.SkeletalMeshLODBias:0]]
[2019.11.17-20.30.26:997][  0]LogConfig: Setting CVar [[r.ViewDistanceScale:1.0]]
[2019.11.17-20.30.26:997][  0]LogConfig: Applying CVar settings from Section [AntiAliasingQuality@3] File [C:/Users/danny/Desktop/Systems_Sandbox/Mechanics_Sandbox/Saved/Config/Windows/Scalability.ini]
[2019.11.17-20.30.26:997][  0]LogConfig: Setting CVar [[r.PostProcessAAQuality:4]]
[2019.11.17-20.30.26:997][  0]LogConfig: Applying CVar settings from Section [ShadowQuality@3] File [C:/Users/danny/Desktop/Systems_Sandbox/Mechanics_Sandbox/Saved/Config/Windows/Scalability.ini]
[2019.11.17-20.30.26:998][  0]LogConfig: Setting CVar [[r.LightFunctionQuality:1]]
[2019.11.17-20.30.26:998][  0]LogConfig: Setting CVar [[r.ShadowQuality:5]]
[2019.11.17-20.30.26:998][  0]LogConfig: Setting CVar [[r.Shadow.CSM.MaxCascades:10]]
[2019.11.17-20.30.26:998][  0]LogConfig: Setting CVar [[r.Shadow.MaxResolution:2048]]
[2019.11.17-20.30.26:998][  0]LogConfig: Setting CVar [[r.Shadow.MaxCSMResolution:2048]]
[2019.11.17-20.30.26:998][  0]LogConfig: Setting CVar [[r.Shadow.RadiusThreshold:0.01]]
[2019.11.17-20.30.26:998][  0]LogConfig: Setting CVar [[r.Shadow.DistanceScale:1.0]]
[2019.11.17-20.30.26:998][  0]LogConfig: Setting CVar [[r.Shadow.CSM.TransitionScale:1.0]]
[2019.11.17-20.30.26:998][  0]LogConfig: Setting CVar [[r.Shadow.PreShadowResolutionFactor:1.0]]
[2019.11.17-20.30.26:998][  0]LogConfig: Setting CVar [[r.DistanceFieldShadowing:1]]
[2019.11.17-20.30.26:998][  0]LogConfig: Setting CVar [[r.DistanceFieldAO:1]]
[2019.11.17-20.30.26:998][  0]LogConfig: Setting CVar [[r.AOQuality:2]]
[2019.11.17-20.30.26:998][  0]LogConfig: Setting CVar [[r.VolumetricFog:1]]
[2019.11.17-20.30.26:999][  0]LogConfig: Setting CVar [[r.VolumetricFog.GridPixelSize:8]]
[2019.11.17-20.30.26:999][  0]LogConfig: Setting CVar [[r.VolumetricFog.GridSizeZ:128]]
[2019.11.17-20.30.26:999][  0]LogConfig: Setting CVar [[r.VolumetricFog.HistoryMissSupersampleCount:4]]
[2019.11.17-20.30.26:999][  0]LogConfig: Setting CVar [[r.LightMaxDrawDistanceScale:1]]
[2019.11.17-20.30.26:999][  0]LogConfig: Setting CVar [[r.CapsuleShadows:1]]
[2019.11.17-20.30.26:999][  0]LogConfig: Applying CVar settings from Section [PostProcessQuality@3] File [C:/Users/danny/Desktop/Systems_Sandbox/Mechanics_Sandbox/Saved/Config/Windows/Scalability.ini]
[2019.11.17-20.30.26:999][  0]LogConfig: Setting CVar [[r.MotionBlurQuality:4]]
[2019.11.17-20.30.26:999][  0]LogConfig: Setting CVar [[r.AmbientOcclusionMipLevelFactor:0.4]]
[2019.11.17-20.30.26:999][  0]LogConfig: Setting CVar [[r.AmbientOcclusionMaxQuality:100]]
[2019.11.17-20.30.26:999][  0]LogConfig: Setting CVar [[r.AmbientOcclusionLevels:-1]]
[2019.11.17-20.30.26:999][  0]LogConfig: Setting CVar [[r.AmbientOcclusionRadiusScale:1.0]]
[2019.11.17-20.30.26:999][  0]LogConfig: Setting CVar [[r.DepthOfFieldQuality:2]]
[2019.11.17-20.30.26:999][  0]LogConfig: Setting CVar [[r.RenderTargetPoolMin:400]]
[2019.11.17-20.30.26:999][  0]LogConfig: Setting CVar [[r.LensFlareQuality:2]]
[2019.11.17-20.30.26:999][  0]LogConfig: Setting CVar [[r.SceneColorFringeQuality:1]]
[2019.11.17-20.30.26:999][  0]LogConfig: Setting CVar [[r.EyeAdaptationQuality:2]]
[2019.11.17-20.30.26:999][  0]LogConfig: Setting CVar [[r.BloomQuality:5]]
[2019.11.17-20.30.26:999][  0]LogConfig: Setting CVar [[r.FastBlurThreshold:100]]
[2019.11.17-20.30.26:999][  0]LogConfig: Setting CVar [[r.Upscale.Quality:3]]
[2019.11.17-20.30.26:999][  0]LogConfig: Setting CVar [[r.Tonemapper.GrainQuantization:1]]
[2019.11.17-20.30.26:999][  0]LogConfig: Setting CVar [[r.LightShaftQuality:1]]
[2019.11.17-20.30.26:999][  0]LogConfig: Setting CVar [[r.Filter.SizeScale:1]]
[2019.11.17-20.30.27:000][  0]LogConfig: Setting CVar [[r.Tonemapper.Quality:5]]
[2019.11.17-20.30.27:000][  0]LogConfig: Setting CVar [[r.DOF.Gather.AccumulatorQuality:1        ; higher gathering accumulator quality]]
[2019.11.17-20.30.27:000][  0]LogConfig: Setting CVar [[r.DOF.Gather.PostfilterMethod:1          ; Median3x3 postfilering method]]
[2019.11.17-20.30.27:000][  0]LogConfig: Setting CVar [[r.DOF.Gather.EnableBokehSettings:0       ; no bokeh simulation when gathering]]
[2019.11.17-20.30.27:000][  0]LogConfig: Setting CVar [[r.DOF.Gather.RingCount:4                 ; medium number of samples when gathering]]
[2019.11.17-20.30.27:000][  0]LogConfig: Setting CVar [[r.DOF.Scatter.ForegroundCompositing:1    ; additive foreground scattering]]
[2019.11.17-20.30.27:000][  0]LogConfig: Setting CVar [[r.DOF.Scatter.BackgroundCompositing:2    ; additive background scattering]]
[2019.11.17-20.30.27:000][  0]LogConfig: Setting CVar [[r.DOF.Scatter.EnableBokehSettings:1      ; bokeh simulation when scattering]]
[2019.11.17-20.30.27:000][  0]LogConfig: Setting CVar [[r.DOF.Scatter.MaxSpriteRatio:0.1         ; only a maximum of 10% of scattered bokeh]]
[2019.11.17-20.30.27:000][  0]LogConfig: Setting CVar [[r.DOF.Recombine.Quality:1                ; cheap slight out of focus]]
[2019.11.17-20.30.27:000][  0]LogConfig: Setting CVar [[r.DOF.Recombine.EnableBokehSettings:0    ; no bokeh simulation on slight out of focus]]
[2019.11.17-20.30.27:000][  0]LogConfig: Setting CVar [[r.DOF.TemporalAAQuality:1                ; more stable temporal accumulation]]
[2019.11.17-20.30.27:000][  0]LogConfig: Setting CVar [[r.DOF.Kernel.MaxForegroundRadius:0.025]]
[2019.11.17-20.30.27:000][  0]LogConfig: Setting CVar [[r.DOF.Kernel.MaxBackgroundRadius:0.025]]
[2019.11.17-20.30.27:001][  0]LogConfig: Applying CVar settings from Section [TextureQuality@3] File [C:/Users/danny/Desktop/Systems_Sandbox/Mechanics_Sandbox/Saved/Config/Windows/Scalability.ini]
[2019.11.17-20.30.27:001][  0]LogConfig: Setting CVar [[r.Streaming.MipBias:0]]
[2019.11.17-20.30.27:001][  0]LogConfig: Setting CVar [[r.Streaming.AmortizeCPUToGPUCopy:0]]
[2019.11.17-20.30.27:001][  0]LogConfig: Setting CVar [[r.Streaming.MaxNumTexturesToStreamPerFrame:0]]
[2019.11.17-20.30.27:001][  0]LogConfig: Setting CVar [[r.Streaming.Boost:1]]
[2019.11.17-20.30.27:001][  0]LogConfig: Setting CVar [[r.MaxAnisotropy:8]]
[2019.11.17-20.30.27:001][  0]LogConfig: Setting CVar [[r.Streaming.LimitPoolSizeToVRAM:0]]
[2019.11.17-20.30.27:001][  0]LogConfig: Setting CVar [[r.Streaming.PoolSize:1000]]
[2019.11.17-20.30.27:001][  0]LogConfig: Setting CVar [[r.Streaming.MaxEffectiveScreenSize:0]]
[2019.11.17-20.30.27:001][  0]LogConfig: Applying CVar settings from Section [EffectsQuality@3] File [C:/Users/danny/Desktop/Systems_Sandbox/Mechanics_Sandbox/Saved/Config/Windows/Scalability.ini]
[2019.11.17-20.30.27:001][  0]LogConfig: Setting CVar [[r.TranslucencyLightingVolumeDim:64]]
[2019.11.17-20.30.27:001][  0]LogConfig: Setting CVar [[r.RefractionQuality:2]]
[2019.11.17-20.30.27:001][  0]LogConfig: Setting CVar [[r.SSR.Quality:3]]
[2019.11.17-20.30.27:002][  0]LogConfig: Setting CVar [[r.SceneColorFormat:4]]
[2019.11.17-20.30.27:002][  0]LogConfig: Setting CVar [[r.DetailMode:2]]
[2019.11.17-20.30.27:002][  0]LogConfig: Setting CVar [[r.TranslucencyVolumeBlur:1]]
[2019.11.17-20.30.27:002][  0]LogConfig: Setting CVar [[r.MaterialQualityLevel:1 ; High quality]]
[2019.11.17-20.30.27:002][  0]LogConfig: Setting CVar [[r.SSS.Scale:1]]
[2019.11.17-20.30.27:002][  0]LogConfig: Setting CVar [[r.SSS.SampleSet:2]]
[2019.11.17-20.30.27:002][  0]LogConfig: Setting CVar [[r.SSS.Quality:1]]
[2019.11.17-20.30.27:002][  0]LogConfig: Setting CVar [[r.SSS.HalfRes:1]]
[2019.11.17-20.30.27:002][  0]LogConfig: Setting CVar [[r.EmitterSpawnRateScale:1.0]]
[2019.11.17-20.30.27:002][  0]LogConfig: Setting CVar [[r.ParticleLightQuality:2]]
[2019.11.17-20.30.27:002][  0]LogConfig: Applying CVar settings from Section [FoliageQuality@3] File [C:/Users/danny/Desktop/Systems_Sandbox/Mechanics_Sandbox/Saved/Config/Windows/Scalability.ini]
[2019.11.17-20.30.27:002][  0]LogConfig: Setting CVar [[foliage.DensityScale:1.0]]
[2019.11.17-20.30.27:002][  0]LogConfig: Setting CVar [[grass.DensityScale:1.0]]
[2019.11.17-20.30.27:002][  0]LogConfig: Applying CVar settings from Section [Startup] File [../../../Engine/Config/ConsoleVariables.ini]
[2019.11.17-20.30.27:024][  0]LogConfig: Setting CVar [[net.UseAdaptiveNetUpdateFrequency:0]]
[2019.11.17-20.30.27:024][  0]LogConfig: Setting CVar [[p.chaos.AllowCreatePhysxBodies:1]]
[2019.11.17-20.30.27:024][  0]LogConfig: Applying CVar settings from Section [ConsoleVariables] File [C:/Users/danny/Desktop/Systems_Sandbox/Mechanics_Sandbox/Saved/Config/Windows/Engine.ini]
[2019.11.17-20.30.27:024][  0]LogInit: Computer: MIMSI
[2019.11.17-20.30.27:024][  0]LogInit: User: danny
[2019.11.17-20.30.27:024][  0]LogInit: CPU Page size=4096, Cores=4
[2019.11.17-20.30.27:025][  0]LogInit: High frequency timer resolution =10.000000 MHz
[2019.11.17-20.30.27:025][  0]LogMemory: Memory total: Physical=15.9GB (16GB approx)
[2019.11.17-20.30.27:026][  0]LogMemory: Platform Memory Stats for Windows
[2019.11.17-20.30.27:026][  0]LogMemory: Process Physical Memory: 98.75 MB used, 98.76 MB peak
[2019.11.17-20.30.27:026][  0]LogMemory: Process Virtual Memory: 97.69 MB used, 97.69 MB peak
[2019.11.17-20.30.27:026][  0]LogMemory: Physical Memory: 9598.42 MB used,  6670.74 MB free, 16269.16 MB total
[2019.11.17-20.30.27:026][  0]LogMemory: Virtual Memory: 4650.83 MB used,  134213080.00 MB free, 134217728.00 MB total
[2019.11.17-20.30.27:115][  0]LogInit: Using OS detected language (en-US).
[2019.11.17-20.30.27:115][  0]LogInit: Using OS detected locale (en-US).
[2019.11.17-20.30.27:119][  0]LogTextLocalizationManager: No specific localization for 'en-US' exists, so the 'en' localization will be used.
[2019.11.17-20.30.28:087][  0]LogSlate: New Slate User Created.  User Index 0, Is Virtual User: 0
[2019.11.17-20.30.28:088][  0]LogSlate: Slate User Registered.  User Index 0, Is Virtual User: 0
[2019.11.17-20.30.36:258][  0]LogHMD: Failed to initialize OpenVR with code 100
[2019.11.17-20.30.36:258][  0]LogD3D11RHI: D3D11 adapters:
[2019.11.17-20.30.36:444][  0]LogD3D11RHI:    0. 'NVIDIA GeForce GTX 1070' (Feature Level 11_0)
[2019.11.17-20.30.36:444][  0]LogD3D11RHI:       8082/0/8134 MB DedicatedVideo/DedicatedSystem/SharedSystem, Outputs:2, VendorId:0x10de
[2019.11.17-20.30.36:484][  0]LogD3D11RHI:    1. 'Intel(R) HD Graphics 630' (Feature Level 11_0)
[2019.11.17-20.30.36:484][  0]LogD3D11RHI:       128/0/8134 MB DedicatedVideo/DedicatedSystem/SharedSystem, Outputs:0, VendorId:0x8086
[2019.11.17-20.30.36:491][  0]LogD3D11RHI:    2. 'Microsoft Basic Render Driver' (Feature Level 11_0)
[2019.11.17-20.30.36:491][  0]LogD3D11RHI:       0/0/8134 MB DedicatedVideo/DedicatedSystem/SharedSystem, Outputs:0, VendorId:0x1414
[2019.11.17-20.30.36:491][  0]LogD3D11RHI: Chosen D3D11 Adapter: 0
[2019.11.17-20.30.36:585][  0]LogD3D11RHI: Creating new Direct3DDevice
[2019.11.17-20.30.36:585][  0]LogD3D11RHI:     GPU DeviceId: 0x1ba1 (for the marketing name, search the web for "GPU Device Id")
[2019.11.17-20.30.36:585][  0]LogWindows: EnumDisplayDevices:
[2019.11.17-20.30.36:585][  0]LogWindows:    0. 'Intel(R) HD Graphics 630' (P:1 D:1)
[2019.11.17-20.30.36:586][  0]LogWindows:    1. 'Intel(R) HD Graphics 630' (P:0 D:0)
[2019.11.17-20.30.36:588][  0]LogWindows:    2. 'Intel(R) HD Graphics 630' (P:0 D:0)
[2019.11.17-20.30.36:589][  0]LogWindows:    3. 'NVIDIA GeForce GTX 1070' (P:0 D:1)
[2019.11.17-20.30.36:590][  0]LogWindows:    4. 'NVIDIA GeForce GTX 1070' (P:0 D:0)
[2019.11.17-20.30.36:593][  0]LogWindows:    5. 'NVIDIA GeForce GTX 1070' (P:0 D:0)
[2019.11.17-20.30.36:593][  0]LogWindows:    6. 'NVIDIA GeForce GTX 1070' (P:0 D:0)
[2019.11.17-20.30.36:594][  0]LogWindows: DebugString: PrimaryIsNotTheChoosenAdapter PrimaryIsNotTheChoosenAdapter PrimaryIsNotTheChoosenAdapter FoundDriverCount:4 
[2019.11.17-20.30.36:594][  0]LogD3D11RHI:     Adapter Name: NVIDIA GeForce GTX 1070
[2019.11.17-20.30.36:594][  0]LogD3D11RHI:   Driver Version: 440.97 (internal:26.21.14.4097, unified:440.97)
[2019.11.17-20.30.36:594][  0]LogD3D11RHI:      Driver Date: 10-16-2019
[2019.11.17-20.30.36:594][  0]LogRHI: Texture pool is 5657 MB (70% of 8082 MB)
[2019.11.17-20.30.36:736][  0]LogD3D11RHI: Async texture creation enabled
[2019.11.17-20.30.36:751][  0]LogRendererCore: FGlobalReadBuffer::InitRHI
[2019.11.17-20.30.36:752][  0]LogRendererCore: FGlobalReadBuffer::InitRHI
[2019.11.17-20.30.36:752][  0]LogRendererCore: FGlobalReadBuffer::InitRHI
[2019.11.17-20.30.36:768][  0]LogD3D11RHI: GPU Timing Frequency: 1000.000000 (Debug: 2 1)
[2019.11.17-20.30.38:702][  0]LogTemp: Display: Module 'AllDesktopTargetPlatform' loaded TargetPlatform 'AllDesktop'
[2019.11.17-20.30.38:750][  0]LogTemp: Display: Module 'MacClientTargetPlatform' loaded TargetPlatform 'MacClient'
[2019.11.17-20.30.38:800][  0]LogTemp: Display: Module 'MacNoEditorTargetPlatform' loaded TargetPlatform 'MacNoEditor'
[2019.11.17-20.30.38:848][  0]LogTemp: Display: Module 'MacServerTargetPlatform' loaded TargetPlatform 'MacServer'
[2019.11.17-20.30.38:906][  0]LogTemp: Display: Module 'MacTargetPlatform' loaded TargetPlatform 'Mac'
[2019.11.17-20.30.38:964][  0]LogTemp: Display: Module 'WindowsClientTargetPlatform' loaded TargetPlatform 'WindowsClient'
[2019.11.17-20.30.39:015][  0]LogTemp: Display: Module 'WindowsNoEditorTargetPlatform' loaded TargetPlatform 'WindowsNoEditor'
[2019.11.17-20.30.39:057][  0]LogTemp: Display: Module 'WindowsServerTargetPlatform' loaded TargetPlatform 'WindowsServer'
[2019.11.17-20.30.39:083][  0]LogTemp: Display: Module 'WindowsTargetPlatform' loaded TargetPlatform 'Windows'
[2019.11.17-20.30.39:450][  0]LogTemp: Display: Module 'AndroidTargetPlatform' loaded TargetPlatform 'Android'
[2019.11.17-20.30.39:450][  0]LogTemp: Display: Module 'AndroidTargetPlatform' loaded TargetPlatform 'Android_ASTC'
[2019.11.17-20.30.39:450][  0]LogTemp: Display: Module 'AndroidTargetPlatform' loaded TargetPlatform 'Android_ATC'
[2019.11.17-20.30.39:450][  0]LogTemp: Display: Module 'AndroidTargetPlatform' loaded TargetPlatform 'Android_DXT'
[2019.11.17-20.30.39:450][  0]LogTemp: Display: Module 'AndroidTargetPlatform' loaded TargetPlatform 'Android_ETC1'
[2019.11.17-20.30.39:450][  0]LogTemp: Display: Module 'AndroidTargetPlatform' loaded TargetPlatform 'Android_ETC1a'
[2019.11.17-20.30.39:450][  0]LogTemp: Display: Module 'AndroidTargetPlatform' loaded TargetPlatform 'Android_ETC2'
[2019.11.17-20.30.39:450][  0]LogTemp: Display: Module 'AndroidTargetPlatform' loaded TargetPlatform 'Android_PVRTC'
[2019.11.17-20.30.39:451][  0]LogTemp: Display: Module 'AndroidTargetPlatform' loaded TargetPlatform 'AndroidClient'
[2019.11.17-20.30.39:451][  0]LogTemp: Display: Module 'AndroidTargetPlatform' loaded TargetPlatform 'Android_ASTCClient'
[2019.11.17-20.30.39:451][  0]LogTemp: Display: Module 'AndroidTargetPlatform' loaded TargetPlatform 'Android_ATCClient'
[2019.11.17-20.30.39:451][  0]LogTemp: Display: Module 'AndroidTargetPlatform' loaded TargetPlatform 'Android_DXTClient'
[2019.11.17-20.30.39:451][  0]LogTemp: Display: Module 'AndroidTargetPlatform' loaded TargetPlatform 'Android_ETC1Client'
[2019.11.17-20.30.39:451][  0]LogTemp: Display: Module 'AndroidTargetPlatform' loaded TargetPlatform 'Android_ETC1aClient'
[2019.11.17-20.30.39:451][  0]LogTemp: Display: Module 'AndroidTargetPlatform' loaded TargetPlatform 'Android_ETC2Client'
[2019.11.17-20.30.39:451][  0]LogTemp: Display: Module 'AndroidTargetPlatform' loaded TargetPlatform 'Android_PVRTCClient'
[2019.11.17-20.30.39:451][  0]LogTemp: Display: Module 'AndroidTargetPlatform' loaded TargetPlatform 'Android_Multi'
[2019.11.17-20.30.39:451][  0]LogTemp: Display: Module 'AndroidTargetPlatform' loaded TargetPlatform 'Android_MultiClient'
[2019.11.17-20.30.39:456][  0]LogTemp: Display: Module 'HTML5TargetPlatform' loaded TargetPlatform 'HTML5'
[2019.11.17-20.30.39:592][  0]LogTemp: Display: Module 'IOSTargetPlatform' loaded TargetPlatform 'IOSClient'
[2019.11.17-20.30.39:592][  0]LogTemp: Display: Module 'IOSTargetPlatform' loaded TargetPlatform 'IOS'
[2019.11.17-20.30.39:678][  0]LogTemp: Display: Module 'TVOSTargetPlatform' loaded TargetPlatform 'TVOSClient'
[2019.11.17-20.30.39:679][  0]LogTemp: Display: Module 'TVOSTargetPlatform' loaded TargetPlatform 'TVOS'
[2019.11.17-20.30.39:726][  0]LogTemp: Display: Module 'LinuxClientTargetPlatform' loaded TargetPlatform 'LinuxClient'
[2019.11.17-20.30.39:771][  0]LogTemp: Display: Module 'LinuxNoEditorTargetPlatform' loaded TargetPlatform 'LinuxNoEditor'
[2019.11.17-20.30.39:811][  0]LogTemp: Display: Module 'LinuxServerTargetPlatform' loaded TargetPlatform 'LinuxServer'
[2019.11.17-20.30.39:885][  0]LogTemp: Display: Module 'LinuxTargetPlatform' loaded TargetPlatform 'Linux'
[2019.11.17-20.30.40:059][  0]LogTemp: Display: Module 'LuminTargetPlatform' loaded TargetPlatform 'Lumin'
[2019.11.17-20.30.40:059][  0]LogTemp: Display: Module 'LuminTargetPlatform' loaded TargetPlatform 'LuminClient'
[2019.11.17-20.30.40:059][  0]LogTargetPlatformManager: Display: Building Assets For Windows
[2019.11.17-20.30.40:082][  0]LogAudioDebug: Display: Lib vorbis DLL was dynamically loaded.
[2019.11.17-20.30.40:212][  0]LogShaderCompilers: Guid format shader working directory is -11 characters bigger than the processId version (C:/Users/danny/Desktop/Systems_Sandbox/Mechanics_Sandbox/Intermediate/Shaders/WorkingDirectory/10848/).
[2019.11.17-20.30.40:212][  0]LogShaderCompilers: Cleaned the shader compiler working directory 'C:/Users/danny/AppData/Local/Temp/UnrealShaderWorkingDir/F03BADB149D5562178F2ACBED5CC0673/'.
[2019.11.17-20.30.40:218][  0]LogXGEController: Cleaning working directory: C:/Users/danny/AppData/Local/Temp/UnrealXGEWorkingDir/
[2019.11.17-20.30.40:218][  0]LogXGEController: Cannot use XGE Controller as Incredibuild is not installed on this machine.
[2019.11.17-20.30.40:219][  0]LogShaderCompilers: Cannot use XGE Shader Compiler as Incredibuild is not installed on this machine.
[2019.11.17-20.30.40:219][  0]LogShaderCompilers: Display: Using Local Shader Compiler.
[2019.11.17-20.30.47:398][  0]LogDerivedDataCache: Display: Max Cache Size: 512 MB
[2019.11.17-20.30.47:539][  0]LogDerivedDataCache: Loaded boot cache 0.14s 71MB C:/Users/danny/AppData/Local/UnrealEngine/4.22/DerivedDataCache/Boot.ddc.
[2019.11.17-20.30.47:539][  0]LogDerivedDataCache: Display: Loaded Boot cache: C:/Users/danny/AppData/Local/UnrealEngine/4.22/DerivedDataCache/Boot.ddc
[2019.11.17-20.30.47:539][  0]LogDerivedDataCache: FDerivedDataBackendGraph:  Pak pak cache file C:/Users/danny/Desktop/Systems_Sandbox/Mechanics_Sandbox/DerivedDataCache/DDC.ddp not found, will not use a pak cache.
[2019.11.17-20.30.47:539][  0]LogDerivedDataCache: Unable to find inner node Pak for hierarchical cache Hierarchy.
[2019.11.17-20.30.47:539][  0]LogDerivedDataCache: FDerivedDataBackendGraph:  CompressedPak pak cache file C:/Users/danny/Desktop/Systems_Sandbox/Mechanics_Sandbox/DerivedDataCache/Compressed.ddp not found, will not use a pak cache.
[2019.11.17-20.30.47:539][  0]LogDerivedDataCache: Unable to find inner node CompressedPak for hierarchical cache Hierarchy.
[2019.11.17-20.30.47:875][  0]LogDerivedDataCache: Display: Pak cache opened for reading ../../../Engine/DerivedDataCache/Compressed.ddp.
[2019.11.17-20.30.47:875][  0]LogDerivedDataCache: FDerivedDataBackendGraph:  EnterprisePak pak cache file ../../../Enterprise/DerivedDataCache/Compressed.ddp not found, will not use a pak cache.
[2019.11.17-20.30.47:875][  0]LogDerivedDataCache: Unable to find inner node EnterprisePak for hierarchical cache Hierarchy.
[2019.11.17-20.30.47:889][  0]LogDerivedDataCache: Using Local data cache path C:/Users/danny/AppData/Local/UnrealEngine/Common/DerivedDataCache: Writable
[2019.11.17-20.30.47:889][  0]LogDerivedDataCache: Shared data cache path not found in *engine.ini, will not use an Shared cache.
[2019.11.17-20.30.47:889][  0]LogDerivedDataCache: Unable to find inner node Shared for hierarchical cache Hierarchy.
[2019.11.17-20.30.47:973][  0]LogMaterial: Verifying Global Shaders for PCD3D_SM5
[2019.11.17-20.30.47:977][  0]LogSlate: Using FreeType 2.6.0
[2019.11.17-20.30.47:980][  0]LogSlate: SlateFontServices - WITH_FREETYPE: 1, WITH_HARFBUZZ: 1
[2019.11.17-20.30.48:324][  0]LogAssetRegistry: FAssetRegistry took 0.0671 seconds to start up
[2019.11.17-20.30.49:638][  0]LogInit: Selected Device Profile: [Windows]
[2019.11.17-20.30.50:234][  0]LogMeshReduction: Using QuadricMeshReduction for automatic static mesh reduction
[2019.11.17-20.30.50:234][  0]LogMeshReduction: Using SimplygonMeshReduction for automatic skeletal mesh reduction
[2019.11.17-20.30.50:234][  0]LogMeshReduction: Using ProxyLODMeshReduction for automatic mesh merging
[2019.11.17-20.30.50:234][  0]LogMeshReduction: No distributed automatic mesh merging module available
[2019.11.17-20.30.50:234][  0]LogMeshMerging: No distributed automatic mesh merging module available
[2019.11.17-20.30.50:696][  0]LogNetVersion: Mechanics_Sandbox 1.0.0, NetCL: 5660361, EngineNetVer: 10, GameNetVer: 0 (Checksum: 3413983669)
[2019.11.17-20.30.54:458][  0]LogPackageLocalizationCache: Processed 10 localized package path(s) for 1 prioritized culture(s) in 0.176052 seconds
[2019.11.17-20.30.54:482][  0]LogUObjectArray: 42205 objects as part of root set at end of initial load.
[2019.11.17-20.30.54:482][  0]LogUObjectAllocator: 7325032 out of 0 bytes used by permanent object pool.
[2019.11.17-20.30.54:482][  0]LogUObjectArray: CloseDisregardForGC: 0/0 objects in disregard for GC pool
[2019.11.17-20.31.03:957][  0]LogTcpMessaging: Initializing TcpMessaging bridge
[2019.11.17-20.31.03:976][  0]LogUdpMessaging: Initializing bridge on interface 0.0.0.0:0 to multicast group 230.0.0.1:6666.
[2019.11.17-20.31.04:332][  0]SourceControl: Source control is disabled
[2019.11.17-20.31.04:332][  0]SourceControl: Source control is disabled
[2019.11.17-20.31.04:336][  0]SourceControl: Source control is disabled
[2019.11.17-20.31.04:340][  0]SourceControl: Source control is disabled
[2019.11.17-20.31.04:624][  0]LogAndroidPermission: UAndroidPermissionCallbackProxy::GetInstance
[2019.11.17-20.31.05:027][  0]LogOcInput: OculusInput pre-init called
[2019.11.17-20.31.07:973][  0]LogEngine: Initializing Engine...
[2019.11.17-20.31.07:976][  0]LogHMD: Failed to initialize OpenVR with code 100
[2019.11.17-20.31.07:978][  0]LogStats: UGameplayTagsManager::InitializeManager -  0.000 s
[2019.11.17-20.31.09:357][  0]LogInit: Initializing FReadOnlyCVARCache
[2019.11.17-20.31.09:387][  0]LogAIModule: Creating AISystem for world Untitled
[2019.11.17-20.31.09:486][  0]LogInit: XAudio2 using 'Headset Earphone (SteelSeries Arctis 5 Chat)' : 2 channels at 48 kHz using 16 bits per sample (channel mask 0x3)
[2019.11.17-20.31.09:564][  0]LogInit: FAudioDevice initialized.
[2019.11.17-20.31.09:565][  0]LogNetVersion: Set ProjectVersion to 1.0.0.0. Version Checksum will be recalculated on next use.
[2019.11.17-20.31.09:702][  0]LogDerivedDataCache: Saved boot cache 0.14s 71MB C:/Users/danny/AppData/Local/UnrealEngine/4.22/DerivedDataCache/Boot.ddc.
[2019.11.17-20.31.09:738][  0]LogInit: Texture streaming: Enabled
[2019.11.17-20.31.09:789][  0]LogEngineSessionManager: EngineSessionManager initialized
[2019.11.17-20.31.09:789][  0]LogEngineSessionManager: EngineSessionManager sent abnormal shutdown report. Type=Crashed, SessionId={5E5D6862-4BBC-AB25-611C-C68BAE2C34F5}
[2019.11.17-20.31.09:844][  0]LogInit: Transaction tracking system initialized
[2019.11.17-20.31.09:898][  0]BlueprintLog: New page: Editor Load
[2019.11.17-20.31.10:094][  0]LocalizationService: Localization service is disabled
[2019.11.17-20.31.12:250][  0]LogFileCache: Scanning file cache for directory 'C:/Users/danny/Desktop/Systems_Sandbox/Mechanics_Sandbox/Content/' took 0.04s
[2019.11.17-20.31.12:250][  0]LogCook: Display: Max memory allowance for cook 16384mb min free memory 0mb
[2019.11.17-20.31.12:250][  0]LogCook: Display: Mobile HDR setting 1
[2019.11.17-20.31.13:333][  0]SourceControl: Source control is disabled
[2019.11.17-20.31.13:546][  0]LogSlate: Took 0.000797 seconds to synchronously load lazily loaded font '../../../Engine/Content/Slate/Fonts/Roboto-Regular.ttf' (155K)
[2019.11.17-20.31.35:867][  0]LogSlate: Window 'Restore Packages' being destroyed
[2019.11.17-20.31.35:868][  0]LogWindowsTextInputMethodSystem: Display: IME system now deactivated.
[2019.11.17-20.31.35:873][  0]LogWindowsTextInputMethodSystem: Display: IME system now deactivated.
[2019.11.17-20.31.35:907][  0]Cmd: MAP LOAD FILE="C:/Users/danny/Desktop/Systems_Sandbox/Mechanics_Sandbox/Content/FirstPersonBP/Maps/FirstPersonExampleMap.umap" TEMPLATE=0 SHOWPROGRESS=1 FEATURELEVEL=3
[2019.11.17-20.31.35:924][  0]LightingResults: New page: Lighting Build
[2019.11.17-20.31.35:932][  0]MapCheck: New page: Map Check
[2019.11.17-20.31.35:932][  0]LightingResults: New page: Lighting Build
[2019.11.17-20.31.36:009][  0]LogUObjectHash: Compacting FUObjectHashTables data took   6.31ms
[2019.11.17-20.31.41:542][  0]LogAIModule: Creating AISystem for world FirstPersonExampleMap
[2019.11.17-20.31.41:662][  0]LogStreaming: Display: ULevelStreaming::RequestLevel(/Game/Maps/Door_Breached) is flushing async loading
[2019.11.17-20.31.41:663][  0]LogStreaming: Display: Flushing async loaders.
[2019.11.17-20.31.41:705][  0]LogStreaming: Display: ULevelStreaming::RequestLevel(/Game/Maps/Door_Kit) is flushing async loading
[2019.11.17-20.31.41:816][  0]LogStreaming: Display: ULevelStreaming::RequestLevel(/Game/Maps/Turret_Kit) is flushing async loading
[2019.11.17-20.31.42:937][  0]LogStreaming: Display: ULevelStreaming::RequestLevel(/Game/Maps/Laser_Kit) is flushing async loading
[2019.11.17-20.31.43:208][  0]LogStreaming: Display: ULevelStreaming::RequestLevel(/Game/Maps/Camera_Kit) is flushing async loading
[2019.11.17-20.31.43:273][  0]LogStreaming: Display: ULevelStreaming::RequestLevel(/Game/Maps/Explosive_Kit) is flushing async loading
[2019.11.17-20.31.43:467][  0]LogStreaming: Display: ULevelStreaming::RequestLevel(/Game/Maps/Teleport_Kit) is flushing async loading
[2019.11.17-20.31.43:600][  0]LogEditorServer: Finished looking for orphan Actors (0.000 secs)
[2019.11.17-20.31.43:735][  0]LogUObjectHash: Compacting FUObjectHashTables data took  11.57ms
[2019.11.17-20.31.43:736][  0]Cmd: MAP CHECKDEP NOCLEARLOG
[2019.11.17-20.31.43:740][  0]MapCheck: Map check complete: 0 Error(s), 0 Warning(s), took 3.55ms to complete.
[2019.11.17-20.31.43:740][  0]LogFileHelpers: Loading map 'FirstPersonExampleMap' took 7.833
[2019.11.17-20.31.44:127][  0]LogCollectionManager: Loaded 0 collections in 0.004168 seconds
[2019.11.17-20.31.44:146][  0]LogFileCache: Scanning file cache for directory 'C:/Users/danny/Desktop/Systems_Sandbox/Mechanics_Sandbox/Saved/Collections/' took 0.01s
[2019.11.17-20.31.44:146][  0]LogFileCache: Scanning file cache for directory 'C:/Users/danny/Desktop/Systems_Sandbox/Mechanics_Sandbox/Content/Developers/danny/Collections/' took 0.00s
[2019.11.17-20.31.44:146][  0]LogFileCache: Scanning file cache for directory 'C:/Users/danny/Desktop/Systems_Sandbox/Mechanics_Sandbox/Content/Collections/' took 0.00s
[2019.11.17-20.31.44:146][  0]LogCollectionManager: Rebuilt the GUID cache for 0 collections in 0.000001 seconds
[2019.11.17-20.31.44:190][  0]LogContentBrowser: Native class hierarchy populated in 0.0425 seconds. Added 2742 classes and 666 folders.
[2019.11.17-20.31.44:211][  0]LogContentBrowser: Native class hierarchy updated for 'WidgetCarousel' in 0.0008 seconds. Added 0 classes and 0 folders.
[2019.11.17-20.31.44:238][  0]LogPakFile: Registered encryption key '00000000000000000000000000000000': 0 pak files mounted, 0 remain pending
[2019.11.17-20.31.44:263][  0]LogPakFile: Registered encryption key '00000000000000000000000000000000': 0 pak files mounted, 0 remain pending
[2019.11.17-20.31.44:325][  0]LogPakFile: Registered encryption key '00000000000000000000000000000000': 0 pak files mounted, 0 remain pending
[2019.11.17-20.31.44:341][  0]LogPakFile: Registered encryption key '00000000000000000000000000000000': 0 pak files mounted, 0 remain pending
[2019.11.17-20.31.44:360][  0]LogPakFile: Registered encryption key '00000000000000000000000000000000': 0 pak files mounted, 0 remain pending
[2019.11.17-20.31.44:379][  0]LogPakFile: Registered encryption key '00000000000000000000000000000000': 0 pak files mounted, 0 remain pending
[2019.11.17-20.31.44:396][  0]LogPakFile: Registered encryption key '00000000000000000000000000000000': 0 pak files mounted, 0 remain pending
[2019.11.17-20.31.44:412][  0]LogPakFile: Registered encryption key '00000000000000000000000000000000': 0 pak files mounted, 0 remain pending
[2019.11.17-20.31.44:432][  0]LogPakFile: Registered encryption key '00000000000000000000000000000000': 0 pak files mounted, 0 remain pending
[2019.11.17-20.31.44:451][  0]LogPakFile: Registered encryption key '00000000000000000000000000000000': 0 pak files mounted, 0 remain pending
[2019.11.17-20.31.44:469][  0]LogPakFile: Registered encryption key '00000000000000000000000000000000': 0 pak files mounted, 0 remain pending
[2019.11.17-20.31.44:486][  0]LogPakFile: Registered encryption key '00000000000000000000000000000000': 0 pak files mounted, 0 remain pending
[2019.11.17-20.31.44:504][  0]LogPakFile: Registered encryption key '00000000000000000000000000000000': 0 pak files mounted, 0 remain pending
[2019.11.17-20.31.44:522][  0]LogPakFile: Registered encryption key '00000000000000000000000000000000': 0 pak files mounted, 0 remain pending
[2019.11.17-20.31.44:540][  0]LogPakFile: Registered encryption key '00000000000000000000000000000000': 0 pak files mounted, 0 remain pending
[2019.11.17-20.31.44:557][  0]LogPakFile: Registered encryption key '00000000000000000000000000000000': 0 pak files mounted, 0 remain pending
[2019.11.17-20.31.44:662][  0]LogPakFile: Registered encryption key '00000000000000000000000000000000': 0 pak files mounted, 0 remain pending
[2019.11.17-20.31.44:678][  0]LogPakFile: Registered encryption key '00000000000000000000000000000000': 0 pak files mounted, 0 remain pending
[2019.11.17-20.31.44:693][  0]LogPakFile: Registered encryption key '00000000000000000000000000000000': 0 pak files mounted, 0 remain pending
[2019.11.17-20.31.44:711][  0]LogPakFile: Registered encryption key '00000000000000000000000000000000': 0 pak files mounted, 0 remain pending
[2019.11.17-20.31.44:731][  0]LogPakFile: Registered encryption key '00000000000000000000000000000000': 0 pak files mounted, 0 remain pending
[2019.11.17-20.31.44:747][  0]LogPakFile: Registered encryption key '00000000000000000000000000000000': 0 pak files mounted, 0 remain pending
[2019.11.17-20.31.44:762][  0]LogPakFile: Registered encryption key '00000000000000000000000000000000': 0 pak files mounted, 0 remain pending
[2019.11.17-20.31.44:779][  0]LogPakFile: Registered encryption key '00000000000000000000000000000000': 0 pak files mounted, 0 remain pending
[2019.11.17-20.31.44:796][  0]LogPakFile: Registered encryption key '00000000000000000000000000000000': 0 pak files mounted, 0 remain pending
[2019.11.17-20.31.44:813][  0]LogPakFile: Registered encryption key '00000000000000000000000000000000': 0 pak files mounted, 0 remain pending
[2019.11.17-20.31.45:316][  0]LogContentBrowser: Native class hierarchy updated for 'AddContentDialog' in 0.0009 seconds. Added 0 classes and 0 folders.
[2019.11.17-20.31.45:367][  0]LogContentBrowser: Native class hierarchy updated for 'WorldBrowser' in 0.0009 seconds. Added 2 classes and 3 folders.
[2019.11.17-20.31.45:496][  0]LogSlate: Updating window title bar state: overlay mode, drag disabled, window buttons hidden, title bar hidden
[2019.11.17-20.31.45:533][  0]LogSlate: Updating window title bar state: overlay mode, drag disabled, window buttons hidden, title bar hidden
[2019.11.17-20.31.45:568][  0]LogSlate: Updating window title bar state: overlay mode, drag disabled, window buttons hidden, title bar hidden
[2019.11.17-20.31.45:608][  0]LogSlate: Updating window title bar state: overlay mode, drag disabled, window buttons hidden, title bar hidden
[2019.11.17-20.31.45:683][  0]LogContentBrowser: Native class hierarchy updated for 'HierarchicalLODOutliner' in 0.0009 seconds. Added 0 classes and 0 folders.
[2019.11.17-20.31.45:683][  0]LogLoad: (Engine Initialization) Total time: 89.00 seconds
[2019.11.17-20.31.45:683][  0]LogLoad: (Engine Initialization) Total Blueprint compile time: 0.00 seconds
[2019.11.17-20.31.45:971][  0]LogContentStreaming: Texture pool size now 1000 MB
[2019.11.17-20.31.46:000][  0]LogSlate: Took 0.020377 seconds to synchronously load lazily loaded font '../../../Engine/Content/Editor/Slate/Fonts/FontAwesome.ttf' (139K)
[2019.11.17-20.31.46:002][  0]LogSlate: Took 0.000767 seconds to synchronously load lazily loaded font '../../../Engine/Content/Slate/Fonts/Roboto-Bold.ttf' (160K)
[2019.11.17-20.31.46:031][  0]LogSlate: Took 0.019628 seconds to synchronously load lazily loaded font '../../../Engine/Content/Slate/Fonts/DroidSansMono.ttf' (77K)
[2019.11.17-20.31.46:379][  0]LogSlate: Took 0.015537 seconds to synchronously load lazily loaded font '../../../Engine/Content/Slate/Fonts/Roboto-Light.ttf' (167K)
[2019.11.17-20.31.46:704][  1]LogRenderer: Reallocating scene render targets to support 956x696 Format 10 NumSamples 1 (Frame:1).
[2019.11.17-20.31.47:424][  2]LogSlate: Took 0.000556 seconds to synchronously load lazily loaded font '../../../Engine/Content/Slate/Fonts/Roboto-Light.ttf' (167K)
[2019.11.17-20.31.50:558][ 21]LogAssetRegistry: Asset discovery search completed in 62.2583 seconds
[2019.11.17-20.31.50:570][ 21]LogCollectionManager: Rebuilt the object cache for 0 collections in 0.000001 seconds (found 0 objects)
[2019.11.17-20.31.50:571][ 21]LogCollectionManager: Fixed up redirectors for 0 collections in 0.000671 seconds (updated 0 objects)
[2019.11.17-20.32.14:959][826]LogEditorViewport: Clicking on Actor (LMB): StaticMeshActor (Wall2)
[2019.11.17-20.32.16:012][841]LogSlate: FSceneViewport::OnFocusLost() reason 0
[2019.11.17-20.32.17:763][907]LogAssetEditorManager: Opening Asset editor for Blueprint /Game/FirstPersonBP/Blueprints/FirstPersonCharacter.FirstPersonCharacter
[2019.11.17-20.32.19:069][907]LogContentBrowser: Native class hierarchy updated for 'BlueprintGraph' in 0.0023 seconds. Added 121 classes and 0 folders.
[2019.11.17-20.32.21:660][907]LogAssetEditorManager: Opening Asset editor for Blueprint /Game/FirstPersonBP/Blueprints/FirstPersonProjectile.FirstPersonProjectile
[2019.11.17-20.32.22:607][907]LogAssetEditorManager: Opening Asset editor for Blueprint /Game/Kits/Kit.Kit
[2019.11.17-20.32.23:521][907]LogAssetEditorManager: Opening Asset editor for Blueprint /Game/ChangeKitTrigger.ChangeKitTrigger
[2019.11.17-20.32.24:467][907]LogAssetEditorManager: Opening Asset editor for Blueprint /Game/Kits/LevelEventObject/LevelEventObject.LevelEventObject
[2019.11.17-20.32.25:588][907]LogAssetEditorManager: Opening Asset editor for Blueprint /Game/TargetingSystem/TargetingSystem.TargetingSystem
[2019.11.17-20.32.26:680][907]LogAssetEditorManager: Opening Asset editor for Blueprint /Game/TargetingSystem/Single-Lock.Single-Lock
[2019.11.17-20.32.27:704][907]LogAssetEditorManager: Opening Asset editor for WidgetBlueprint /Game/TargetingSystem/TargetingIcon.TargetingIcon
[2019.11.17-20.32.28:609][907]LogBlueprintActionDatabase: Requesting refresh due to module change: SequencerWidgets (loaded)
[2019.11.17-20.32.28:807][907]LogAssetEditorManager: Opening Asset editor for Blueprint /Game/Kits/ExplosivePB/RadiusMine.RadiusMine
[2019.11.17-20.32.29:780][907]LogAssetEditorManager: Opening Asset editor for Blueprint /Game/Kits/HomingProjectile.HomingProjectile
[2019.11.17-20.32.30:757][907]LogAssetEditorManager: Opening Asset editor for Blueprint /Game/Kits/Safe/GameplayButton.GameplayButton
[2019.11.17-20.32.31:736][907]LogAssetEditorManager: Opening Asset editor for Blueprint /Game/Kits/Safe/Safe.Safe
[2019.11.17-20.32.33:592][907]LogSlate: Took 0.012727 seconds to synchronously load lazily loaded font '../../../Engine/Content/Slate/Fonts/Roboto-BoldCondensed.ttf' (158K)
[2019.11.17-20.32.34:069][908]LogSlate: Took 0.000512 seconds to synchronously load lazily loaded font '../../../Engine/Content/Slate/Fonts/Roboto-Italic.ttf' (157K)
[2019.11.17-20.32.44:050][141]LogSlate: FSceneViewport::OnFocusLost() reason 0
[2019.11.17-20.32.53:984][369]LogSlate: FSceneViewport::OnFocusLost() reason 0
[2019.11.17-20.33.02:517][580]LogEditorTransaction: Undo Modify Component(s)
[2019.11.17-20.33.03:113][591]LogEditorTransaction: Undo Reset Location
[2019.11.17-20.33.03:622][601]LogEditorTransaction: Undo Modify Component(s)
[2019.11.17-20.33.03:942][603]LogEditorTransaction: Undo Clicking on Actors
[2019.11.17-20.33.05:364][635]LogSlate: FSceneViewport::OnFocusLost() reason 0
[2019.11.17-20.33.12:591][847]LogSlate: FSceneViewport::OnFocusLost() reason 0
[2019.11.17-20.33.17:485][984]BlueprintLog: New page: Compile Safe
[2019.11.17-20.33.18:325][984]LogUObjectHash: Compacting FUObjectHashTables data took  16.77ms
[2019.11.17-20.33.25:362][154]LogSlate: FSceneViewport::OnFocusLost() reason 0
[2019.11.17-20.33.32:600][355]BlueprintLog: New page: Compile Safe
[2019.11.17-20.33.33:266][355]LogUObjectHash: Compacting FUObjectHashTables data took  14.53ms
[2019.11.17-20.33.44:814][655]LogSlate: FSceneViewport::OnFocusLost() reason 0
[2019.11.17-20.33.44:907][658]BlueprintLog: New page: Compile Safe
[2019.11.17-20.33.45:626][658]LogUObjectHash: Compacting FUObjectHashTables data took   9.27ms
[2019.11.17-20.34.01:128][ 91]LogSlate: FSceneViewport::OnFocusLost() reason 0
[2019.11.17-20.34.03:352][151]LogSlate: FSceneViewport::OnFocusLost() reason 0
[2019.11.17-20.34.07:072][245]LogSlate: FSceneViewport::OnFocusLost() reason 0
[2019.11.17-20.34.11:094][349]LogSlate: FSceneViewport::OnFocusLost() reason 0
[2019.11.17-20.34.14:252][428]Cmd: OBJ SAVEPACKAGE PACKAGE="/Game/Kits/Safe/Safe" FILE="C:/Users/danny/Desktop/Systems_Sandbox/Mechanics_Sandbox/Content/Kits/Safe/Safe.uasset" SILENT=true
[2019.11.17-20.34.14:566][428]LogSavePackage: Moving 'C:/Users/danny/Desktop/Systems_Sandbox/Mechanics_Sandbox/Saved/SafeA2CB0E3F49E0C02DAE41D6A973414A28.tmp' to 'C:/Users/danny/Desktop/Systems_Sandbox/Mechanics_Sandbox/Content/Kits/Safe/Safe.uasset'
[2019.11.17-20.34.22:467][623]LogSlate: FSceneViewport::OnFocusLost() reason 0
[2019.11.17-20.34.28:670][773]LogSlate: FSceneViewport::OnFocusLost() reason 0
[2019.11.17-20.34.32:874][877]LogSlate: FSceneViewport::OnFocusLost() reason 0
[2019.11.17-20.34.32:983][881]BlueprintLog: New page: Compile Safe
[2019.11.17-20.34.33:725][881]LogUObjectHash: Compacting FUObjectHashTables data took  10.11ms
[2019.11.17-20.34.35:002][905]LogTemp: Repeating last play command: Selected Viewport
[2019.11.17-20.34.35:109][905]LogBlueprintUserMessages: Early PlayInEditor Detection: Level '/Game/FirstPersonBP/Maps/FirstPersonExampleMap.FirstPersonExampleMap:PersistentLevel' has LevelScriptBlueprint '/Game/FirstPersonBP/Maps/FirstPersonExampleMap.FirstPersonExampleMap:PersistentLevel.FirstPersonExampleMap' with GeneratedClass '/Game/FirstPersonBP/Maps/FirstPersonExampleMap.FirstPersonExampleMap_C' with ClassGeneratedBy '/Game/FirstPersonBP/Maps/FirstPersonExampleMap.FirstPersonExampleMap:PersistentLevel.FirstPersonExampleMap'
[2019.11.17-20.34.35:111][905]LogBlueprintUserMessages: Early PlayInEditor Detection: Level '/Game/Maps/Door_Breached.Door_Breached:PersistentLevel' has LevelScriptBlueprint '/Game/Maps/Door_Breached.Door_Breached:PersistentLevel.Door_Breached' with GeneratedClass '/Game/Maps/Door_Breached.Door_Breached_C' with ClassGeneratedBy '/Game/Maps/Door_Breached.Door_Breached:PersistentLevel.Door_Breached'
[2019.11.17-20.34.35:112][905]LogBlueprintUserMessages: Early PlayInEditor Detection: Level '/Game/Maps/Door_Kit.Door_Kit:PersistentLevel' has LevelScriptBlueprint '/Game/Maps/Door_Kit.Door_Kit:PersistentLevel.Door_Kit' with GeneratedClass '/Game/Maps/Door_Kit.Door_Kit_C' with ClassGeneratedBy '/Game/Maps/Door_Kit.Door_Kit:PersistentLevel.Door_Kit'
[2019.11.17-20.34.35:113][905]LogBlueprintUserMessages: Early PlayInEditor Detection: Level '/Game/Maps/Turret_Kit.Turret_Kit:PersistentLevel' has LevelScriptBlueprint '/Game/Maps/Turret_Kit.Turret_Kit:PersistentLevel.Turret_Kit' with GeneratedClass '/Game/Maps/Turret_Kit.Turret_Kit_C' with ClassGeneratedBy '/Game/Maps/Turret_Kit.Turret_Kit:PersistentLevel.Turret_Kit'
[2019.11.17-20.34.35:114][905]LogBlueprintUserMessages: Early PlayInEditor Detection: Level '/Game/Maps/Laser_Kit.Laser_Kit:PersistentLevel' has LevelScriptBlueprint '/Game/Maps/Laser_Kit.Laser_Kit:PersistentLevel.Laser_Kit' with GeneratedClass '/Game/Maps/Laser_Kit.Laser_Kit_C' with ClassGeneratedBy '/Game/Maps/Laser_Kit.Laser_Kit:PersistentLevel.Laser_Kit'
[2019.11.17-20.34.35:115][905]LogBlueprintUserMessages: Early PlayInEditor Detection: Level '/Game/Maps/Camera_Kit.Camera_Kit:PersistentLevel' has LevelScriptBlueprint '/Game/Maps/Camera_Kit.Camera_Kit:PersistentLevel.Camera_Kit' with GeneratedClass '/Game/Maps/Camera_Kit.Camera_Kit_C' with ClassGeneratedBy '/Game/Maps/Camera_Kit.Camera_Kit:PersistentLevel.Camera_Kit'
[2019.11.17-20.34.35:116][905]LogBlueprintUserMessages: Early PlayInEditor Detection: Level '/Game/Maps/Explosive_Kit.Explosive_Kit:PersistentLevel' has LevelScriptBlueprint '/Game/Maps/Explosive_Kit.Explosive_Kit:PersistentLevel.Explosive_Kit' with GeneratedClass '/Game/Maps/Explosive_Kit.Explosive_Kit_C' with ClassGeneratedBy '/Game/Maps/Explosive_Kit.Explosive_Kit:PersistentLevel.Explosive_Kit'
[2019.11.17-20.34.35:117][905]LogBlueprintUserMessages: Early PlayInEditor Detection: Level '/Game/Maps/Teleport_Kit.Teleport_Kit:PersistentLevel' has LevelScriptBlueprint '/Game/Maps/Teleport_Kit.Teleport_Kit:PersistentLevel.Teleport_Kit' with GeneratedClass '/Game/Maps/Teleport_Kit.Teleport_Kit_C' with ClassGeneratedBy '/Game/Maps/Teleport_Kit.Teleport_Kit:PersistentLevel.Teleport_Kit'
[2019.11.17-20.34.35:118][905]LogPlayLevel: PlayLevel: No blueprints needed recompiling
[2019.11.17-20.34.35:119][905]PIE: New page: PIE session: FirstPersonExampleMap (Nov 17, 2019, 4:34:35 AM)
[2019.11.17-20.34.35:135][905]LogPlayLevel: Creating play world package: /Game/FirstPersonBP/Maps/UEDPIE_0_FirstPersonExampleMap
[2019.11.17-20.34.35:196][905]LogPlayLevel: PIE: StaticDuplicateObject took: (0.060015s)
[2019.11.17-20.34.35:197][905]LogAIModule: Creating AISystem for world FirstPersonExampleMap
[2019.11.17-20.34.35:198][905]LogPlayLevel: PIE: World Init took: (0.001583s)
[2019.11.17-20.34.35:198][905]LogPlayLevel: PIE: Created PIE world by copying editor world from /Game/FirstPersonBP/Maps/FirstPersonExampleMap.FirstPersonExampleMap to /Game/FirstPersonBP/Maps/UEDPIE_0_FirstPersonExampleMap.FirstPersonExampleMap (0.063008s)
[2019.11.17-20.34.35:330][905]LogUObjectHash: Compacting FUObjectHashTables data took  10.71ms
[2019.11.17-20.34.35:402][905]LogInit: XAudio2 using 'Headset Earphone (SteelSeries Arctis 5 Chat)' : 2 channels at 48 kHz using 16 bits per sample (channel mask 0x3)
[2019.11.17-20.34.35:442][905]LogInit: FAudioDevice initialized.
[2019.11.17-20.34.35:509][905]LogLoad: Game class is 'FirstPersonGameMode_C'
[2019.11.17-20.34.35:518][905]LogWorld: Bringing World /Game/FirstPersonBP/Maps/UEDPIE_0_FirstPersonExampleMap.FirstPersonExampleMap up for play (max tick rate 60) at 2019.11.17-12.34.35
[2019.11.17-20.34.35:520][905]LogWorld: Bringing up level for play took: 0.009104
[2019.11.17-20.34.35:540][905]LogBlueprintActionDatabase: Requesting refresh due to module change: Voice (loaded)
[2019.11.17-20.34.35:544][905]LogBlueprintActionDatabase: Requesting refresh due to module change: MovieSceneCapture (loaded)
[2019.11.17-20.34.35:546][905]LogContentBrowser: Native class hierarchy updated for 'MovieSceneCapture' in 0.0010 seconds. Added 20 classes and 0 folders.
[2019.11.17-20.34.35:548][905]PIE: Play in editor start time for /Game/FirstPersonBP/Maps/UEDPIE_0_FirstPersonExampleMap -0.124
[2019.11.17-20.34.35:549][905]LogBlueprintUserMessages: Late PlayInEditor Detection: Level '/Game/FirstPersonBP/Maps/FirstPersonExampleMap.FirstPersonExampleMap:PersistentLevel' has LevelScriptBlueprint '/Game/FirstPersonBP/Maps/FirstPersonExampleMap.FirstPersonExampleMap:PersistentLevel.FirstPersonExampleMap' with GeneratedClass '/Game/FirstPersonBP/Maps/FirstPersonExampleMap.FirstPersonExampleMap_C' with ClassGeneratedBy '/Game/FirstPersonBP/Maps/FirstPersonExampleMap.FirstPersonExampleMap:PersistentLevel.FirstPersonExampleMap'
[2019.11.17-20.34.35:551][905]LogBlueprintUserMessages: Late PlayInEditor Detection: Level '/Game/Maps/Door_Breached.Door_Breached:PersistentLevel' has LevelScriptBlueprint '/Game/Maps/Door_Breached.Door_Breached:PersistentLevel.Door_Breached' with GeneratedClass '/Game/Maps/Door_Breached.Door_Breached_C' with ClassGeneratedBy '/Game/Maps/Door_Breached.Door_Breached:PersistentLevel.Door_Breached'
[2019.11.17-20.34.35:552][905]LogBlueprintUserMessages: Late PlayInEditor Detection: Level '/Game/Maps/Door_Kit.Door_Kit:PersistentLevel' has LevelScriptBlueprint '/Game/Maps/Door_Kit.Door_Kit:PersistentLevel.Door_Kit' with GeneratedClass '/Game/Maps/Door_Kit.Door_Kit_C' with ClassGeneratedBy '/Game/Maps/Door_Kit.Door_Kit:PersistentLevel.Door_Kit'
[2019.11.17-20.34.35:554][905]LogBlueprintUserMessages: Late PlayInEditor Detection: Level '/Game/Maps/Turret_Kit.Turret_Kit:PersistentLevel' has LevelScriptBlueprint '/Game/Maps/Turret_Kit.Turret_Kit:PersistentLevel.Turret_Kit' with GeneratedClass '/Game/Maps/Turret_Kit.Turret_Kit_C' with ClassGeneratedBy '/Game/Maps/Turret_Kit.Turret_Kit:PersistentLevel.Turret_Kit'
[2019.11.17-20.34.35:555][905]LogBlueprintUserMessages: Late PlayInEditor Detection: Level '/Game/Maps/Laser_Kit.Laser_Kit:PersistentLevel' has LevelScriptBlueprint '/Game/Maps/Laser_Kit.Laser_Kit:PersistentLevel.Laser_Kit' with GeneratedClass '/Game/Maps/Laser_Kit.Laser_Kit_C' with ClassGeneratedBy '/Game/Maps/Laser_Kit.Laser_Kit:PersistentLevel.Laser_Kit'
[2019.11.17-20.34.35:556][905]LogBlueprintUserMessages: Late PlayInEditor Detection: Level '/Game/Maps/Camera_Kit.Camera_Kit:PersistentLevel' has LevelScriptBlueprint '/Game/Maps/Camera_Kit.Camera_Kit:PersistentLevel.Camera_Kit' with GeneratedClass '/Game/Maps/Camera_Kit.Camera_Kit_C' with ClassGeneratedBy '/Game/Maps/Camera_Kit.Camera_Kit:PersistentLevel.Camera_Kit'
[2019.11.17-20.34.35:558][905]LogBlueprintUserMessages: Late PlayInEditor Detection: Level '/Game/Maps/Explosive_Kit.Explosive_Kit:PersistentLevel' has LevelScriptBlueprint '/Game/Maps/Explosive_Kit.Explosive_Kit:PersistentLevel.Explosive_Kit' with GeneratedClass '/Game/Maps/Explosive_Kit.Explosive_Kit_C' with ClassGeneratedBy '/Game/Maps/Explosive_Kit.Explosive_Kit:PersistentLevel.Explosive_Kit'
[2019.11.17-20.34.35:558][905]LogBlueprintUserMessages: Late PlayInEditor Detection: Level '/Game/Maps/Teleport_Kit.Teleport_Kit:PersistentLevel' has LevelScriptBlueprint '/Game/Maps/Teleport_Kit.Teleport_Kit:PersistentLevel.Teleport_Kit' with GeneratedClass '/Game/Maps/Teleport_Kit.Teleport_Kit_C' with ClassGeneratedBy '/Game/Maps/Teleport_Kit.Teleport_Kit:PersistentLevel.Teleport_Kit'
[2019.11.17-20.34.38:751][955]LogSlate: FSceneViewport::OnFocusLost() reason 0
[2019.11.17-20.35.10:026][640]LogSlate: FSceneViewport::OnFocusLost() reason 2
[2019.11.17-20.35.16:170][789]LogBlueprintDebug: Warning: Hit breakpoint on node 'K2Node_DynamicCast', from offset 7241
[2019.11.17-20.35.16:171][789]LogBlueprintDebug: 
Script call stack:
	Function /Game/FirstPersonBP/Blueprints/FirstPersonCharacter.FirstPersonCharacter_C:InpActEvt_Interact_K2Node_InputActionEvent_1
	Function /Game/FirstPersonBP/Blueprints/FirstPersonCharacter.FirstPersonCharacter_C:ExecuteUbergraph_FirstPersonCharacter

[2019.11.17-20.35.16:186][789]LogSlate: FSceneViewport::OnFocusLost() reason 2
[2019.11.17-20.35.26:995][789]LogBlueprintUserMessages: Early EndPlayMap Detection: Level '/Game/FirstPersonBP/Maps/FirstPersonExampleMap.FirstPersonExampleMap:PersistentLevel' has LevelScriptBlueprint '/Game/FirstPersonBP/Maps/FirstPersonExampleMap.FirstPersonExampleMap:PersistentLevel.FirstPersonExampleMap' with GeneratedClass '/Game/FirstPersonBP/Maps/FirstPersonExampleMap.FirstPersonExampleMap_C' with ClassGeneratedBy '/Game/FirstPersonBP/Maps/FirstPersonExampleMap.FirstPersonExampleMap:PersistentLevel.FirstPersonExampleMap'
[2019.11.17-20.35.26:997][789]LogBlueprintUserMessages: Early EndPlayMap Detection: Level '/Game/Maps/Door_Breached.Door_Breached:PersistentLevel' has LevelScriptBlueprint '/Game/Maps/Door_Breached.Door_Breached:PersistentLevel.Door_Breached' with GeneratedClass '/Game/Maps/Door_Breached.Door_Breached_C' with ClassGeneratedBy '/Game/Maps/Door_Breached.Door_Breached:PersistentLevel.Door_Breached'
[2019.11.17-20.35.26:998][789]LogBlueprintUserMessages: Early EndPlayMap Detection: Level '/Game/Maps/Door_Kit.Door_Kit:PersistentLevel' has LevelScriptBlueprint '/Game/Maps/Door_Kit.Door_Kit:PersistentLevel.Door_Kit' with GeneratedClass '/Game/Maps/Door_Kit.Door_Kit_C' with ClassGeneratedBy '/Game/Maps/Door_Kit.Door_Kit:PersistentLevel.Door_Kit'
[2019.11.17-20.35.26:999][789]LogBlueprintUserMessages: Early EndPlayMap Detection: Level '/Game/Maps/Turret_Kit.Turret_Kit:PersistentLevel' has LevelScriptBlueprint '/Game/Maps/Turret_Kit.Turret_Kit:PersistentLevel.Turret_Kit' with GeneratedClass '/Game/Maps/Turret_Kit.Turret_Kit_C' with ClassGeneratedBy '/Game/Maps/Turret_Kit.Turret_Kit:PersistentLevel.Turret_Kit'
[2019.11.17-20.35.27:000][789]LogBlueprintUserMessages: Early EndPlayMap Detection: Level '/Game/Maps/Laser_Kit.Laser_Kit:PersistentLevel' has LevelScriptBlueprint '/Game/Maps/Laser_Kit.Laser_Kit:PersistentLevel.Laser_Kit' with GeneratedClass '/Game/Maps/Laser_Kit.Laser_Kit_C' with ClassGeneratedBy '/Game/Maps/Laser_Kit.Laser_Kit:PersistentLevel.Laser_Kit'
[2019.11.17-20.35.27:002][789]LogBlueprintUserMessages: Early EndPlayMap Detection: Level '/Game/Maps/Camera_Kit.Camera_Kit:PersistentLevel' has LevelScriptBlueprint '/Game/Maps/Camera_Kit.Camera_Kit:PersistentLevel.Camera_Kit' with GeneratedClass '/Game/Maps/Camera_Kit.Camera_Kit_C' with ClassGeneratedBy '/Game/Maps/Camera_Kit.Camera_Kit:PersistentLevel.Camera_Kit'
[2019.11.17-20.35.27:003][789]LogBlueprintUserMessages: Early EndPlayMap Detection: Level '/Game/Maps/Explosive_Kit.Explosive_Kit:PersistentLevel' has LevelScriptBlueprint '/Game/Maps/Explosive_Kit.Explosive_Kit:PersistentLevel.Explosive_Kit' with GeneratedClass '/Game/Maps/Explosive_Kit.Explosive_Kit_C' with ClassGeneratedBy '/Game/Maps/Explosive_Kit.Explosive_Kit:PersistentLevel.Explosive_Kit'
[2019.11.17-20.35.27:005][789]LogBlueprintUserMessages: Early EndPlayMap Detection: Level '/Game/Maps/Teleport_Kit.Teleport_Kit:PersistentLevel' has LevelScriptBlueprint '/Game/Maps/Teleport_Kit.Teleport_Kit:PersistentLevel.Teleport_Kit' with GeneratedClass '/Game/Maps/Teleport_Kit.Teleport_Kit_C' with ClassGeneratedBy '/Game/Maps/Teleport_Kit.Teleport_Kit:PersistentLevel.Teleport_Kit'
[2019.11.17-20.35.27:007][789]LogSlate: Updating window title bar state: overlay mode, drag disabled, window buttons hidden, title bar hidden
[2019.11.17-20.35.27:109][789]LogPlayLevel: Display: Shutting down PIE online subsystems
[2019.11.17-20.35.27:110][789]LogBlueprintUserMessages: Late EndPlayMap Detection: Level '/Game/FirstPersonBP/Maps/FirstPersonExampleMap.FirstPersonExampleMap:PersistentLevel' has LevelScriptBlueprint '/Game/FirstPersonBP/Maps/FirstPersonExampleMap.FirstPersonExampleMap:PersistentLevel.FirstPersonExampleMap' with GeneratedClass '/Game/FirstPersonBP/Maps/FirstPersonExampleMap.FirstPersonExampleMap_C' with ClassGeneratedBy '/Game/FirstPersonBP/Maps/FirstPersonExampleMap.FirstPersonExampleMap:PersistentLevel.FirstPersonExampleMap'
[2019.11.17-20.35.27:112][789]LogBlueprintUserMessages: Late EndPlayMap Detection: Level '/Game/Maps/Door_Breached.Door_Breached:PersistentLevel' has LevelScriptBlueprint '/Game/Maps/Door_Breached.Door_Breached:PersistentLevel.Door_Breached' with GeneratedClass '/Game/Maps/Door_Breached.Door_Breached_C' with ClassGeneratedBy '/Game/Maps/Door_Breached.Door_Breached:PersistentLevel.Door_Breached'
[2019.11.17-20.35.27:113][789]LogBlueprintUserMessages: Late EndPlayMap Detection: Level '/Game/Maps/Door_Kit.Door_Kit:PersistentLevel' has LevelScriptBlueprint '/Game/Maps/Door_Kit.Door_Kit:PersistentLevel.Door_Kit' with GeneratedClass '/Game/Maps/Door_Kit.Door_Kit_C' with ClassGeneratedBy '/Game/Maps/Door_Kit.Door_Kit:PersistentLevel.Door_Kit'
[2019.11.17-20.35.27:114][789]LogBlueprintUserMessages: Late EndPlayMap Detection: Level '/Game/Maps/Turret_Kit.Turret_Kit:PersistentLevel' has LevelScriptBlueprint '/Game/Maps/Turret_Kit.Turret_Kit:PersistentLevel.Turret_Kit' with GeneratedClass '/Game/Maps/Turret_Kit.Turret_Kit_C' with ClassGeneratedBy '/Game/Maps/Turret_Kit.Turret_Kit:PersistentLevel.Turret_Kit'
[2019.11.17-20.35.27:115][789]LogBlueprintUserMessages: Late EndPlayMap Detection: Level '/Game/Maps/Laser_Kit.Laser_Kit:PersistentLevel' has LevelScriptBlueprint '/Game/Maps/Laser_Kit.Laser_Kit:PersistentLevel.Laser_Kit' with GeneratedClass '/Game/Maps/Laser_Kit.Laser_Kit_C' with ClassGeneratedBy '/Game/Maps/Laser_Kit.Laser_Kit:PersistentLevel.Laser_Kit'
[2019.11.17-20.35.27:116][789]LogBlueprintUserMessages: Late EndPlayMap Detection: Level '/Game/Maps/Camera_Kit.Camera_Kit:PersistentLevel' has LevelScriptBlueprint '/Game/Maps/Camera_Kit.Camera_Kit:PersistentLevel.Camera_Kit' with GeneratedClass '/Game/Maps/Camera_Kit.Camera_Kit_C' with ClassGeneratedBy '/Game/Maps/Camera_Kit.Camera_Kit:PersistentLevel.Camera_Kit'
[2019.11.17-20.35.27:117][789]LogBlueprintUserMessages: Late EndPlayMap Detection: Level '/Game/Maps/Explosive_Kit.Explosive_Kit:PersistentLevel' has LevelScriptBlueprint '/Game/Maps/Explosive_Kit.Explosive_Kit:PersistentLevel.Explosive_Kit' with GeneratedClass '/Game/Maps/Explosive_Kit.Explosive_Kit_C' with ClassGeneratedBy '/Game/Maps/Explosive_Kit.Explosive_Kit:PersistentLevel.Explosive_Kit'
[2019.11.17-20.35.27:118][789]LogBlueprintUserMessages: Late EndPlayMap Detection: Level '/Game/Maps/Teleport_Kit.Teleport_Kit:PersistentLevel' has LevelScriptBlueprint '/Game/Maps/Teleport_Kit.Teleport_Kit:PersistentLevel.Teleport_Kit' with GeneratedClass '/Game/Maps/Teleport_Kit.Teleport_Kit_C' with ClassGeneratedBy '/Game/Maps/Teleport_Kit.Teleport_Kit:PersistentLevel.Teleport_Kit'
[2019.11.17-20.35.27:265][789]LogSlate: Updating window title bar state: overlay mode, drag disabled, window buttons hidden, title bar hidden
[2019.11.17-20.35.27:381][789]LogUObjectHash: Compacting FUObjectHashTables data took  14.61ms
[2019.11.17-20.35.28:328][790]LogPlayLevel: Display: Destroying online subsystem :Context_18
[2019.11.17-20.35.45:235][262]LogEditorTransaction: Undo Set Location
[2019.11.17-20.35.45:849][275]LogEditorTransaction: Undo Modify Component(s)
[2019.11.17-20.35.47:437][326]LogEditorTransaction: Undo Modify Component(s)
[2019.11.17-20.35.49:504][394]LogEditorTransaction: Undo Set Location
[2019.11.17-20.35.50:054][407]LogEditorTransaction: Undo Modify Component(s)
[2019.11.17-20.35.50:466][417]LogEditorTransaction: Undo Modify Component(s)
[2019.11.17-20.35.50:893][428]LogEditorTransaction: Undo Set Location
[2019.11.17-20.35.51:293][436]LogEditorTransaction: Undo Set Location
[2019.11.17-20.35.51:919][454]LogEditorTransaction: Undo Set Location
[2019.11.17-20.35.52:394][466]LogEditorTransaction: Undo Modify Component(s)
[2019.11.17-20.35.54:161][513]LogSlate: FSceneViewport::OnFocusLost() reason 0
[2019.11.17-20.36.00:151][681]LogSlate: FSceneViewport::OnFocusLost() reason 0
[2019.11.17-20.36.04:015][797]LogEditorTransaction: Undo Attach Component
[2019.11.17-20.36.05:771][851]Cmd: OBJ SAVEPACKAGE PACKAGE="/Game/Kits/Safe/Safe" FILE="C:/Users/danny/Desktop/Systems_Sandbox/Mechanics_Sandbox/Content/Kits/Safe/Safe.uasset" SILENT=true
[2019.11.17-20.36.06:096][851]LogSavePackage: Moving 'C:/Users/danny/Desktop/Systems_Sandbox/Mechanics_Sandbox/Saved/SafeFC12B5B742B3B748A9FE499E4CB9DB97.tmp' to 'C:/Users/danny/Desktop/Systems_Sandbox/Mechanics_Sandbox/Content/Kits/Safe/Safe.uasset'
[2019.11.17-20.36.24:652][383]LogTemp: Repeating last play command: Selected Viewport
[2019.11.17-20.36.24:774][383]LogBlueprintUserMessages: Early PlayInEditor Detection: Level '/Game/FirstPersonBP/Maps/FirstPersonExampleMap.FirstPersonExampleMap:PersistentLevel' has LevelScriptBlueprint '/Game/FirstPersonBP/Maps/FirstPersonExampleMap.FirstPersonExampleMap:PersistentLevel.FirstPersonExampleMap' with GeneratedClass '/Game/FirstPersonBP/Maps/FirstPersonExampleMap.FirstPersonExampleMap_C' with ClassGeneratedBy '/Game/FirstPersonBP/Maps/FirstPersonExampleMap.FirstPersonExampleMap:PersistentLevel.FirstPersonExampleMap'
[2019.11.17-20.36.24:776][383]LogBlueprintUserMessages: Early PlayInEditor Detection: Level '/Game/Maps/Door_Breached.Door_Breached:PersistentLevel' has LevelScriptBlueprint '/Game/Maps/Door_Breached.Door_Breached:PersistentLevel.Door_Breached' with GeneratedClass '/Game/Maps/Door_Breached.Door_Breached_C' with ClassGeneratedBy '/Game/Maps/Door_Breached.Door_Breached:PersistentLevel.Door_Breached'
[2019.11.17-20.36.24:778][383]LogBlueprintUserMessages: Early PlayInEditor Detection: Level '/Game/Maps/Door_Kit.Door_Kit:PersistentLevel' has LevelScriptBlueprint '/Game/Maps/Door_Kit.Door_Kit:PersistentLevel.Door_Kit' with GeneratedClass '/Game/Maps/Door_Kit.Door_Kit_C' with ClassGeneratedBy '/Game/Maps/Door_Kit.Door_Kit:PersistentLevel.Door_Kit'
[2019.11.17-20.36.24:779][383]LogBlueprintUserMessages: Early PlayInEditor Detection: Level '/Game/Maps/Turret_Kit.Turret_Kit:PersistentLevel' has LevelScriptBlueprint '/Game/Maps/Turret_Kit.Turret_Kit:PersistentLevel.Turret_Kit' with GeneratedClass '/Game/Maps/Turret_Kit.Turret_Kit_C' with ClassGeneratedBy '/Game/Maps/Turret_Kit.Turret_Kit:PersistentLevel.Turret_Kit'
[2019.11.17-20.36.24:781][383]LogBlueprintUserMessages: Early PlayInEditor Detection: Level '/Game/Maps/Laser_Kit.Laser_Kit:PersistentLevel' has LevelScriptBlueprint '/Game/Maps/Laser_Kit.Laser_Kit:PersistentLevel.Laser_Kit' with GeneratedClass '/Game/Maps/Laser_Kit.Laser_Kit_C' with ClassGeneratedBy '/Game/Maps/Laser_Kit.Laser_Kit:PersistentLevel.Laser_Kit'
[2019.11.17-20.36.24:782][383]LogBlueprintUserMessages: Early PlayInEditor Detection: Level '/Game/Maps/Camera_Kit.Camera_Kit:PersistentLevel' has LevelScriptBlueprint '/Game/Maps/Camera_Kit.Camera_Kit:PersistentLevel.Camera_Kit' with GeneratedClass '/Game/Maps/Camera_Kit.Camera_Kit_C' with ClassGeneratedBy '/Game/Maps/Camera_Kit.Camera_Kit:PersistentLevel.Camera_Kit'
[2019.11.17-20.36.24:783][383]LogBlueprintUserMessages: Early PlayInEditor Detection: Level '/Game/Maps/Explosive_Kit.Explosive_Kit:PersistentLevel' has LevelScriptBlueprint '/Game/Maps/Explosive_Kit.Explosive_Kit:PersistentLevel.Explosive_Kit' with GeneratedClass '/Game/Maps/Explosive_Kit.Explosive_Kit_C' with ClassGeneratedBy '/Game/Maps/Explosive_Kit.Explosive_Kit:PersistentLevel.Explosive_Kit'
[2019.11.17-20.36.24:784][383]LogBlueprintUserMessages: Early PlayInEditor Detection: Level '/Game/Maps/Teleport_Kit.Teleport_Kit:PersistentLevel' has LevelScriptBlueprint '/Game/Maps/Teleport_Kit.Teleport_Kit:PersistentLevel.Teleport_Kit' with GeneratedClass '/Game/Maps/Teleport_Kit.Teleport_Kit_C' with ClassGeneratedBy '/Game/Maps/Teleport_Kit.Teleport_Kit:PersistentLevel.Teleport_Kit'
[2019.11.17-20.36.24:785][383]LogPlayLevel: PlayLevel: No blueprints needed recompiling
[2019.11.17-20.36.24:786][383]PIE: New page: PIE session: FirstPersonExampleMap (Nov 17, 2019, 4:36:24 AM)
[2019.11.17-20.36.24:787][383]LogPlayLevel: Creating play world package: /Game/FirstPersonBP/Maps/UEDPIE_0_FirstPersonExampleMap
[2019.11.17-20.36.24:835][383]LogPlayLevel: PIE: StaticDuplicateObject took: (0.047302s)
[2019.11.17-20.36.24:837][383]LogAIModule: Creating AISystem for world FirstPersonExampleMap
[2019.11.17-20.36.24:838][383]LogPlayLevel: PIE: World Init took: (0.002629s)
[2019.11.17-20.36.24:838][383]LogPlayLevel: PIE: Created PIE world by copying editor world from /Game/FirstPersonBP/Maps/FirstPersonExampleMap.FirstPersonExampleMap to /Game/FirstPersonBP/Maps/UEDPIE_0_FirstPersonExampleMap.FirstPersonExampleMap (0.051563s)
[2019.11.17-20.36.25:039][383]LogUObjectHash: Compacting FUObjectHashTables data took  12.10ms
[2019.11.17-20.36.25:107][383]LogInit: XAudio2 using 'Headset Earphone (SteelSeries Arctis 5 Chat)' : 2 channels at 48 kHz using 16 bits per sample (channel mask 0x3)
[2019.11.17-20.36.25:144][383]LogInit: FAudioDevice initialized.
[2019.11.17-20.36.25:193][383]LogLoad: Game class is 'FirstPersonGameMode_C'
[2019.11.17-20.36.25:203][383]LogWorld: Bringing World /Game/FirstPersonBP/Maps/UEDPIE_0_FirstPersonExampleMap.FirstPersonExampleMap up for play (max tick rate 60) at 2019.11.17-12.36.25
[2019.11.17-20.36.25:205][383]LogWorld: Bringing up level for play took: 0.009541
[2019.11.17-20.36.25:221][383]PIE: Play in editor start time for /Game/FirstPersonBP/Maps/UEDPIE_0_FirstPersonExampleMap -0.45
[2019.11.17-20.36.25:222][383]LogBlueprintUserMessages: Late PlayInEditor Detection: Level '/Game/FirstPersonBP/Maps/FirstPersonExampleMap.FirstPersonExampleMap:PersistentLevel' has LevelScriptBlueprint '/Game/FirstPersonBP/Maps/FirstPersonExampleMap.FirstPersonExampleMap:PersistentLevel.FirstPersonExampleMap' with GeneratedClass '/Game/FirstPersonBP/Maps/FirstPersonExampleMap.FirstPersonExampleMap_C' with ClassGeneratedBy '/Game/FirstPersonBP/Maps/FirstPersonExampleMap.FirstPersonExampleMap:PersistentLevel.FirstPersonExampleMap'
[2019.11.17-20.36.25:223][383]LogBlueprintUserMessages: Late PlayInEditor Detection: Level '/Game/Maps/Door_Breached.Door_Breached:PersistentLevel' has LevelScriptBlueprint '/Game/Maps/Door_Breached.Door_Breached:PersistentLevel.Door_Breached' with GeneratedClass '/Game/Maps/Door_Breached.Door_Breached_C' with ClassGeneratedBy '/Game/Maps/Door_Breached.Door_Breached:PersistentLevel.Door_Breached'
[2019.11.17-20.36.25:224][383]LogBlueprintUserMessages: Late PlayInEditor Detection: Level '/Game/Maps/Door_Kit.Door_Kit:PersistentLevel' has LevelScriptBlueprint '/Game/Maps/Door_Kit.Door_Kit:PersistentLevel.Door_Kit' with GeneratedClass '/Game/Maps/Door_Kit.Door_Kit_C' with ClassGeneratedBy '/Game/Maps/Door_Kit.Door_Kit:PersistentLevel.Door_Kit'
[2019.11.17-20.36.25:225][383]LogBlueprintUserMessages: Late PlayInEditor Detection: Level '/Game/Maps/Turret_Kit.Turret_Kit:PersistentLevel' has LevelScriptBlueprint '/Game/Maps/Turret_Kit.Turret_Kit:PersistentLevel.Turret_Kit' with GeneratedClass '/Game/Maps/Turret_Kit.Turret_Kit_C' with ClassGeneratedBy '/Game/Maps/Turret_Kit.Turret_Kit:PersistentLevel.Turret_Kit'
[2019.11.17-20.36.25:226][383]LogBlueprintUserMessages: Late PlayInEditor Detection: Level '/Game/Maps/Laser_Kit.Laser_Kit:PersistentLevel' has LevelScriptBlueprint '/Game/Maps/Laser_Kit.Laser_Kit:PersistentLevel.Laser_Kit' with GeneratedClass '/Game/Maps/Laser_Kit.Laser_Kit_C' with ClassGeneratedBy '/Game/Maps/Laser_Kit.Laser_Kit:PersistentLevel.Laser_Kit'
[2019.11.17-20.36.25:227][383]LogBlueprintUserMessages: Late PlayInEditor Detection: Level '/Game/Maps/Camera_Kit.Camera_Kit:PersistentLevel' has LevelScriptBlueprint '/Game/Maps/Camera_Kit.Camera_Kit:PersistentLevel.Camera_Kit' with GeneratedClass '/Game/Maps/Camera_Kit.Camera_Kit_C' with ClassGeneratedBy '/Game/Maps/Camera_Kit.Camera_Kit:PersistentLevel.Camera_Kit'
[2019.11.17-20.36.25:228][383]LogBlueprintUserMessages: Late PlayInEditor Detection: Level '/Game/Maps/Explosive_Kit.Explosive_Kit:PersistentLevel' has LevelScriptBlueprint '/Game/Maps/Explosive_Kit.Explosive_Kit:PersistentLevel.Explosive_Kit' with GeneratedClass '/Game/Maps/Explosive_Kit.Explosive_Kit_C' with ClassGeneratedBy '/Game/Maps/Explosive_Kit.Explosive_Kit:PersistentLevel.Explosive_Kit'
[2019.11.17-20.36.25:229][383]LogBlueprintUserMessages: Late PlayInEditor Detection: Level '/Game/Maps/Teleport_Kit.Teleport_Kit:PersistentLevel' has LevelScriptBlueprint '/Game/Maps/Teleport_Kit.Teleport_Kit:PersistentLevel.Teleport_Kit' with GeneratedClass '/Game/Maps/Teleport_Kit.Teleport_Kit_C' with ClassGeneratedBy '/Game/Maps/Teleport_Kit.Teleport_Kit:PersistentLevel.Teleport_Kit'
[2019.11.17-20.36.46:826][938]LogSlate: FSceneViewport::OnFocusLost() reason 2
[2019.11.17-20.37.08:795][603]LogBlueprintUserMessages: Early EndPlayMap Detection: Level '/Game/FirstPersonBP/Maps/FirstPersonExampleMap.FirstPersonExampleMap:PersistentLevel' has LevelScriptBlueprint '/Game/FirstPersonBP/Maps/FirstPersonExampleMap.FirstPersonExampleMap:PersistentLevel.FirstPersonExampleMap' with GeneratedClass '/Game/FirstPersonBP/Maps/FirstPersonExampleMap.FirstPersonExampleMap_C' with ClassGeneratedBy '/Game/FirstPersonBP/Maps/FirstPersonExampleMap.FirstPersonExampleMap:PersistentLevel.FirstPersonExampleMap'
[2019.11.17-20.37.08:798][603]LogBlueprintUserMessages: Early EndPlayMap Detection: Level '/Game/Maps/Door_Breached.Door_Breached:PersistentLevel' has LevelScriptBlueprint '/Game/Maps/Door_Breached.Door_Breached:PersistentLevel.Door_Breached' with GeneratedClass '/Game/Maps/Door_Breached.Door_Breached_C' with ClassGeneratedBy '/Game/Maps/Door_Breached.Door_Breached:PersistentLevel.Door_Breached'
[2019.11.17-20.37.08:800][603]LogBlueprintUserMessages: Early EndPlayMap Detection: Level '/Game/Maps/Door_Kit.Door_Kit:PersistentLevel' has LevelScriptBlueprint '/Game/Maps/Door_Kit.Door_Kit:PersistentLevel.Door_Kit' with GeneratedClass '/Game/Maps/Door_Kit.Door_Kit_C' with ClassGeneratedBy '/Game/Maps/Door_Kit.Door_Kit:PersistentLevel.Door_Kit'
[2019.11.17-20.37.08:801][603]LogBlueprintUserMessages: Early EndPlayMap Detection: Level '/Game/Maps/Turret_Kit.Turret_Kit:PersistentLevel' has LevelScriptBlueprint '/Game/Maps/Turret_Kit.Turret_Kit:PersistentLevel.Turret_Kit' with GeneratedClass '/Game/Maps/Turret_Kit.Turret_Kit_C' with ClassGeneratedBy '/Game/Maps/Turret_Kit.Turret_Kit:PersistentLevel.Turret_Kit'
[2019.11.17-20.37.08:802][603]LogBlueprintUserMessages: Early EndPlayMap Detection: Level '/Game/Maps/Laser_Kit.Laser_Kit:PersistentLevel' has LevelScriptBlueprint '/Game/Maps/Laser_Kit.Laser_Kit:PersistentLevel.Laser_Kit' with GeneratedClass '/Game/Maps/Laser_Kit.Laser_Kit_C' with ClassGeneratedBy '/Game/Maps/Laser_Kit.Laser_Kit:PersistentLevel.Laser_Kit'
[2019.11.17-20.37.08:803][603]LogBlueprintUserMessages: Early EndPlayMap Detection: Level '/Game/Maps/Camera_Kit.Camera_Kit:PersistentLevel' has LevelScriptBlueprint '/Game/Maps/Camera_Kit.Camera_Kit:PersistentLevel.Camera_Kit' with GeneratedClass '/Game/Maps/Camera_Kit.Camera_Kit_C' with ClassGeneratedBy '/Game/Maps/Camera_Kit.Camera_Kit:PersistentLevel.Camera_Kit'
[2019.11.17-20.37.08:804][603]LogBlueprintUserMessages: Early EndPlayMap Detection: Level '/Game/Maps/Explosive_Kit.Explosive_Kit:PersistentLevel' has LevelScriptBlueprint '/Game/Maps/Explosive_Kit.Explosive_Kit:PersistentLevel.Explosive_Kit' with GeneratedClass '/Game/Maps/Explosive_Kit.Explosive_Kit_C' with ClassGeneratedBy '/Game/Maps/Explosive_Kit.Explosive_Kit:PersistentLevel.Explosive_Kit'
[2019.11.17-20.37.08:806][603]LogBlueprintUserMessages: Early EndPlayMap Detection: Level '/Game/Maps/Teleport_Kit.Teleport_Kit:PersistentLevel' has LevelScriptBlueprint '/Game/Maps/Teleport_Kit.Teleport_Kit:PersistentLevel.Teleport_Kit' with GeneratedClass '/Game/Maps/Teleport_Kit.Teleport_Kit_C' with ClassGeneratedBy '/Game/Maps/Teleport_Kit.Teleport_Kit:PersistentLevel.Teleport_Kit'
[2019.11.17-20.37.08:808][603]LogSlate: Updating window title bar state: overlay mode, drag disabled, window buttons hidden, title bar hidden
[2019.11.17-20.37.08:931][603]LogPlayLevel: Display: Shutting down PIE online subsystems
[2019.11.17-20.37.08:932][603]LogBlueprintUserMessages: Late EndPlayMap Detection: Level '/Game/FirstPersonBP/Maps/FirstPersonExampleMap.FirstPersonExampleMap:PersistentLevel' has LevelScriptBlueprint '/Game/FirstPersonBP/Maps/FirstPersonExampleMap.FirstPersonExampleMap:PersistentLevel.FirstPersonExampleMap' with GeneratedClass '/Game/FirstPersonBP/Maps/FirstPersonExampleMap.FirstPersonExampleMap_C' with ClassGeneratedBy '/Game/FirstPersonBP/Maps/FirstPersonExampleMap.FirstPersonExampleMap:PersistentLevel.FirstPersonExampleMap'
[2019.11.17-20.37.08:934][603]LogBlueprintUserMessages: Late EndPlayMap Detection: Level '/Game/Maps/Door_Breached.Door_Breached:PersistentLevel' has LevelScriptBlueprint '/Game/Maps/Door_Breached.Door_Breached:PersistentLevel.Door_Breached' with GeneratedClass '/Game/Maps/Door_Breached.Door_Breached_C' with ClassGeneratedBy '/Game/Maps/Door_Breached.Door_Breached:PersistentLevel.Door_Breached'
[2019.11.17-20.37.08:935][603]LogBlueprintUserMessages: Late EndPlayMap Detection: Level '/Game/Maps/Door_Kit.Door_Kit:PersistentLevel' has LevelScriptBlueprint '/Game/Maps/Door_Kit.Door_Kit:PersistentLevel.Door_Kit' with GeneratedClass '/Game/Maps/Door_Kit.Door_Kit_C' with ClassGeneratedBy '/Game/Maps/Door_Kit.Door_Kit:PersistentLevel.Door_Kit'
[2019.11.17-20.37.08:936][603]LogBlueprintUserMessages: Late EndPlayMap Detection: Level '/Game/Maps/Turret_Kit.Turret_Kit:PersistentLevel' has LevelScriptBlueprint '/Game/Maps/Turret_Kit.Turret_Kit:PersistentLevel.Turret_Kit' with GeneratedClass '/Game/Maps/Turret_Kit.Turret_Kit_C' with ClassGeneratedBy '/Game/Maps/Turret_Kit.Turret_Kit:PersistentLevel.Turret_Kit'
[2019.11.17-20.37.08:938][603]LogBlueprintUserMessages: Late EndPlayMap Detection: Level '/Game/Maps/Laser_Kit.Laser_Kit:PersistentLevel' has LevelScriptBlueprint '/Game/Maps/Laser_Kit.Laser_Kit:PersistentLevel.Laser_Kit' with GeneratedClass '/Game/Maps/Laser_Kit.Laser_Kit_C' with ClassGeneratedBy '/Game/Maps/Laser_Kit.Laser_Kit:PersistentLevel.Laser_Kit'
[2019.11.17-20.37.08:938][603]LogBlueprintUserMessages: Late EndPlayMap Detection: Level '/Game/Maps/Camera_Kit.Camera_Kit:PersistentLevel' has LevelScriptBlueprint '/Game/Maps/Camera_Kit.Camera_Kit:PersistentLevel.Camera_Kit' with GeneratedClass '/Game/Maps/Camera_Kit.Camera_Kit_C' with ClassGeneratedBy '/Game/Maps/Camera_Kit.Camera_Kit:PersistentLevel.Camera_Kit'
[2019.11.17-20.37.08:940][603]LogBlueprintUserMessages: Late EndPlayMap Detection: Level '/Game/Maps/Explosive_Kit.Explosive_Kit:PersistentLevel' has LevelScriptBlueprint '/Game/Maps/Explosive_Kit.Explosive_Kit:PersistentLevel.Explosive_Kit' with GeneratedClass '/Game/Maps/Explosive_Kit.Explosive_Kit_C' with ClassGeneratedBy '/Game/Maps/Explosive_Kit.Explosive_Kit:PersistentLevel.Explosive_Kit'
[2019.11.17-20.37.08:942][603]LogBlueprintUserMessages: Late EndPlayMap Detection: Level '/Game/Maps/Teleport_Kit.Teleport_Kit:PersistentLevel' has LevelScriptBlueprint '/Game/Maps/Teleport_Kit.Teleport_Kit:PersistentLevel.Teleport_Kit' with GeneratedClass '/Game/Maps/Teleport_Kit.Teleport_Kit_C' with ClassGeneratedBy '/Game/Maps/Teleport_Kit.Teleport_Kit:PersistentLevel.Teleport_Kit'
[2019.11.17-20.37.09:082][603]LogSlate: Updating window title bar state: overlay mode, drag disabled, window buttons hidden, title bar hidden
[2019.11.17-20.37.09:098][603]LogUObjectHash: Compacting FUObjectHashTables data took   7.72ms
[2019.11.17-20.37.09:319][604]LogPlayLevel: Display: Destroying online subsystem :Context_19
[2019.11.17-20.37.10:085][629]LogEditorTransaction: Undo Detach Components
[2019.11.17-20.37.38:118][405]Cmd: OBJ SAVEPACKAGE PACKAGE="/Game/Kits/Safe/Safe" FILE="C:/Users/danny/Desktop/Systems_Sandbox/Mechanics_Sandbox/Content/Kits/Safe/Safe.uasset" SILENT=true
[2019.11.17-20.37.38:414][405]LogSavePackage: Moving 'C:/Users/danny/Desktop/Systems_Sandbox/Mechanics_Sandbox/Saved/SafeE10CAC9142618E5DA5BCE7B964997379.tmp' to 'C:/Users/danny/Desktop/Systems_Sandbox/Mechanics_Sandbox/Content/Kits/Safe/Safe.uasset'
[2019.11.17-20.37.40:239][450]LogTemp: Repeating last play command: Selected Viewport
[2019.11.17-20.37.40:341][450]LogBlueprintUserMessages: Early PlayInEditor Detection: Level '/Game/FirstPersonBP/Maps/FirstPersonExampleMap.FirstPersonExampleMap:PersistentLevel' has LevelScriptBlueprint '/Game/FirstPersonBP/Maps/FirstPersonExampleMap.FirstPersonExampleMap:PersistentLevel.FirstPersonExampleMap' with GeneratedClass '/Game/FirstPersonBP/Maps/FirstPersonExampleMap.FirstPersonExampleMap_C' with ClassGeneratedBy '/Game/FirstPersonBP/Maps/FirstPersonExampleMap.FirstPersonExampleMap:PersistentLevel.FirstPersonExampleMap'
[2019.11.17-20.37.40:343][450]LogBlueprintUserMessages: Early PlayInEditor Detection: Level '/Game/Maps/Door_Breached.Door_Breached:PersistentLevel' has LevelScriptBlueprint '/Game/Maps/Door_Breached.Door_Breached:PersistentLevel.Door_Breached' with GeneratedClass '/Game/Maps/Door_Breached.Door_Breached_C' with ClassGeneratedBy '/Game/Maps/Door_Breached.Door_Breached:PersistentLevel.Door_Breached'
[2019.11.17-20.37.40:344][450]LogBlueprintUserMessages: Early PlayInEditor Detection: Level '/Game/Maps/Door_Kit.Door_Kit:PersistentLevel' has LevelScriptBlueprint '/Game/Maps/Door_Kit.Door_Kit:PersistentLevel.Door_Kit' with GeneratedClass '/Game/Maps/Door_Kit.Door_Kit_C' with ClassGeneratedBy '/Game/Maps/Door_Kit.Door_Kit:PersistentLevel.Door_Kit'
[2019.11.17-20.37.40:345][450]LogBlueprintUserMessages: Early PlayInEditor Detection: Level '/Game/Maps/Turret_Kit.Turret_Kit:PersistentLevel' has LevelScriptBlueprint '/Game/Maps/Turret_Kit.Turret_Kit:PersistentLevel.Turret_Kit' with GeneratedClass '/Game/Maps/Turret_Kit.Turret_Kit_C' with ClassGeneratedBy '/Game/Maps/Turret_Kit.Turret_Kit:PersistentLevel.Turret_Kit'
[2019.11.17-20.37.40:346][450]LogBlueprintUserMessages: Early PlayInEditor Detection: Level '/Game/Maps/Laser_Kit.Laser_Kit:PersistentLevel' has LevelScriptBlueprint '/Game/Maps/Laser_Kit.Laser_Kit:PersistentLevel.Laser_Kit' with GeneratedClass '/Game/Maps/Laser_Kit.Laser_Kit_C' with ClassGeneratedBy '/Game/Maps/Laser_Kit.Laser_Kit:PersistentLevel.Laser_Kit'
[2019.11.17-20.37.40:347][450]LogBlueprintUserMessages: Early PlayInEditor Detection: Level '/Game/Maps/Camera_Kit.Camera_Kit:PersistentLevel' has LevelScriptBlueprint '/Game/Maps/Camera_Kit.Camera_Kit:PersistentLevel.Camera_Kit' with GeneratedClass '/Game/Maps/Camera_Kit.Camera_Kit_C' with ClassGeneratedBy '/Game/Maps/Camera_Kit.Camera_Kit:PersistentLevel.Camera_Kit'
[2019.11.17-20.37.40:348][450]LogBlueprintUserMessages: Early PlayInEditor Detection: Level '/Game/Maps/Explosive_Kit.Explosive_Kit:PersistentLevel' has LevelScriptBlueprint '/Game/Maps/Explosive_Kit.Explosive_Kit:PersistentLevel.Explosive_Kit' with GeneratedClass '/Game/Maps/Explosive_Kit.Explosive_Kit_C' with ClassGeneratedBy '/Game/Maps/Explosive_Kit.Explosive_Kit:PersistentLevel.Explosive_Kit'
[2019.11.17-20.37.40:350][450]LogBlueprintUserMessages: Early PlayInEditor Detection: Level '/Game/Maps/Teleport_Kit.Teleport_Kit:PersistentLevel' has LevelScriptBlueprint '/Game/Maps/Teleport_Kit.Teleport_Kit:PersistentLevel.Teleport_Kit' with GeneratedClass '/Game/Maps/Teleport_Kit.Teleport_Kit_C' with ClassGeneratedBy '/Game/Maps/Teleport_Kit.Teleport_Kit:PersistentLevel.Teleport_Kit'
[2019.11.17-20.37.40:351][450]BlueprintLog: New page: Pre-Play auto-recompile
[2019.11.17-20.37.40:360][450]LogPlayLevel: [PlayLevel] Compiling Safe before play...
[2019.11.17-20.37.41:201][450]LogUObjectHash: Compacting FUObjectHashTables data took  12.19ms
[2019.11.17-20.37.41:201][450]LogPlayLevel: PlayLevel: Blueprint regeneration took 850 ms (1 blueprints)
[2019.11.17-20.37.41:202][450]PIE: New page: PIE session: FirstPersonExampleMap (Nov 17, 2019, 4:37:41 AM)
[2019.11.17-20.37.41:202][450]LogPlayLevel: Creating play world package: /Game/FirstPersonBP/Maps/UEDPIE_0_FirstPersonExampleMap
[2019.11.17-20.37.41:243][450]LogPlayLevel: PIE: StaticDuplicateObject took: (0.040190s)
[2019.11.17-20.37.41:245][450]LogAIModule: Creating AISystem for world FirstPersonExampleMap
[2019.11.17-20.37.41:246][450]LogPlayLevel: PIE: World Init took: (0.002553s)
[2019.11.17-20.37.41:247][450]LogPlayLevel: PIE: Created PIE world by copying editor world from /Game/FirstPersonBP/Maps/FirstPersonExampleMap.FirstPersonExampleMap to /Game/FirstPersonBP/Maps/UEDPIE_0_FirstPersonExampleMap.FirstPersonExampleMap (0.044545s)
[2019.11.17-20.37.41:387][450]LogUObjectHash: Compacting FUObjectHashTables data took   7.75ms
[2019.11.17-20.37.41:461][450]LogInit: XAudio2 using 'Headset Earphone (SteelSeries Arctis 5 Chat)' : 2 channels at 48 kHz using 16 bits per sample (channel mask 0x3)
[2019.11.17-20.37.41:505][450]LogInit: FAudioDevice initialized.
[2019.11.17-20.37.41:550][450]LogLoad: Game class is 'FirstPersonGameMode_C'
[2019.11.17-20.37.41:558][450]LogWorld: Bringing World /Game/FirstPersonBP/Maps/UEDPIE_0_FirstPersonExampleMap.FirstPersonExampleMap up for play (max tick rate 60) at 2019.11.17-12.37.41
[2019.11.17-20.37.41:561][450]LogWorld: Bringing up level for play took: 0.008920
[2019.11.17-20.37.41:577][450]PIE: Play in editor start time for /Game/FirstPersonBP/Maps/UEDPIE_0_FirstPersonExampleMap 1.906
[2019.11.17-20.37.41:578][450]LogBlueprintUserMessages: Late PlayInEditor Detection: Level '/Game/FirstPersonBP/Maps/FirstPersonExampleMap.FirstPersonExampleMap:PersistentLevel' has LevelScriptBlueprint '/Game/FirstPersonBP/Maps/FirstPersonExampleMap.FirstPersonExampleMap:PersistentLevel.FirstPersonExampleMap' with GeneratedClass '/Game/FirstPersonBP/Maps/FirstPersonExampleMap.FirstPersonExampleMap_C' with ClassGeneratedBy '/Game/FirstPersonBP/Maps/FirstPersonExampleMap.FirstPersonExampleMap:PersistentLevel.FirstPersonExampleMap'
[2019.11.17-20.37.41:580][450]LogBlueprintUserMessages: Late PlayInEditor Detection: Level '/Game/Maps/Door_Breached.Door_Breached:PersistentLevel' has LevelScriptBlueprint '/Game/Maps/Door_Breached.Door_Breached:PersistentLevel.Door_Breached' with GeneratedClass '/Game/Maps/Door_Breached.Door_Breached_C' with ClassGeneratedBy '/Game/Maps/Door_Breached.Door_Breached:PersistentLevel.Door_Breached'
[2019.11.17-20.37.41:582][450]LogBlueprintUserMessages: Late PlayInEditor Detection: Level '/Game/Maps/Door_Kit.Door_Kit:PersistentLevel' has LevelScriptBlueprint '/Game/Maps/Door_Kit.Door_Kit:PersistentLevel.Door_Kit' with GeneratedClass '/Game/Maps/Door_Kit.Door_Kit_C' with ClassGeneratedBy '/Game/Maps/Door_Kit.Door_Kit:PersistentLevel.Door_Kit'
[2019.11.17-20.37.41:583][450]LogBlueprintUserMessages: Late PlayInEditor Detection: Level '/Game/Maps/Turret_Kit.Turret_Kit:PersistentLevel' has LevelScriptBlueprint '/Game/Maps/Turret_Kit.Turret_Kit:PersistentLevel.Turret_Kit' with GeneratedClass '/Game/Maps/Turret_Kit.Turret_Kit_C' with ClassGeneratedBy '/Game/Maps/Turret_Kit.Turret_Kit:PersistentLevel.Turret_Kit'
[2019.11.17-20.37.41:585][450]LogBlueprintUserMessages: Late PlayInEditor Detection: Level '/Game/Maps/Laser_Kit.Laser_Kit:PersistentLevel' has LevelScriptBlueprint '/Game/Maps/Laser_Kit.Laser_Kit:PersistentLevel.Laser_Kit' with GeneratedClass '/Game/Maps/Laser_Kit.Laser_Kit_C' with ClassGeneratedBy '/Game/Maps/Laser_Kit.Laser_Kit:PersistentLevel.Laser_Kit'
[2019.11.17-20.37.41:586][450]LogBlueprintUserMessages: Late PlayInEditor Detection: Level '/Game/Maps/Camera_Kit.Camera_Kit:PersistentLevel' has LevelScriptBlueprint '/Game/Maps/Camera_Kit.Camera_Kit:PersistentLevel.Camera_Kit' with GeneratedClass '/Game/Maps/Camera_Kit.Camera_Kit_C' with ClassGeneratedBy '/Game/Maps/Camera_Kit.Camera_Kit:PersistentLevel.Camera_Kit'
[2019.11.17-20.37.41:587][450]LogBlueprintUserMessages: Late PlayInEditor Detection: Level '/Game/Maps/Explosive_Kit.Explosive_Kit:PersistentLevel' has LevelScriptBlueprint '/Game/Maps/Explosive_Kit.Explosive_Kit:PersistentLevel.Explosive_Kit' with GeneratedClass '/Game/Maps/Explosive_Kit.Explosive_Kit_C' with ClassGeneratedBy '/Game/Maps/Explosive_Kit.Explosive_Kit:PersistentLevel.Explosive_Kit'
[2019.11.17-20.37.41:588][450]LogBlueprintUserMessages: Late PlayInEditor Detection: Level '/Game/Maps/Teleport_Kit.Teleport_Kit:PersistentLevel' has LevelScriptBlueprint '/Game/Maps/Teleport_Kit.Teleport_Kit:PersistentLevel.Teleport_Kit' with GeneratedClass '/Game/Maps/Teleport_Kit.Teleport_Kit_C' with ClassGeneratedBy '/Game/Maps/Teleport_Kit.Teleport_Kit:PersistentLevel.Teleport_Kit'
[2019.11.17-20.37.54:541][807]LogSlate: FSceneViewport::OnFocusLost() reason 2
[2019.11.17-20.38.00:725][944]LogBlueprintDebug: Warning: Hit breakpoint on node 'K2Node_IfThenElse', from offset 7663
[2019.11.17-20.38.00:725][944]LogBlueprintDebug: 
Script call stack:
	Function /Game/FirstPersonBP/Blueprints/FirstPersonCharacter.FirstPersonCharacter_C:InpActEvt_Interact_K2Node_InputActionEvent_1
	Function /Game/FirstPersonBP/Blueprints/FirstPersonCharacter.FirstPersonCharacter_C:ExecuteUbergraph_FirstPersonCharacter

[2019.11.17-20.38.00:740][944]LogSlate: FSceneViewport::OnFocusLost() reason 2
[2019.11.17-20.38.23:010][998]LogBlueprintUserMessages: Early EndPlayMap Detection: Level '/Game/FirstPersonBP/Maps/FirstPersonExampleMap.FirstPersonExampleMap:PersistentLevel' has LevelScriptBlueprint '/Game/FirstPersonBP/Maps/FirstPersonExampleMap.FirstPersonExampleMap:PersistentLevel.FirstPersonExampleMap' with GeneratedClass '/Game/FirstPersonBP/Maps/FirstPersonExampleMap.FirstPersonExampleMap_C' with ClassGeneratedBy '/Game/FirstPersonBP/Maps/FirstPersonExampleMap.FirstPersonExampleMap:PersistentLevel.FirstPersonExampleMap'
[2019.11.17-20.38.23:012][998]LogBlueprintUserMessages: Early EndPlayMap Detection: Level '/Game/Maps/Door_Breached.Door_Breached:PersistentLevel' has LevelScriptBlueprint '/Game/Maps/Door_Breached.Door_Breached:PersistentLevel.Door_Breached' with GeneratedClass '/Game/Maps/Door_Breached.Door_Breached_C' with ClassGeneratedBy '/Game/Maps/Door_Breached.Door_Breached:PersistentLevel.Door_Breached'
[2019.11.17-20.38.23:014][998]LogBlueprintUserMessages: Early EndPlayMap Detection: Level '/Game/Maps/Door_Kit.Door_Kit:PersistentLevel' has LevelScriptBlueprint '/Game/Maps/Door_Kit.Door_Kit:PersistentLevel.Door_Kit' with GeneratedClass '/Game/Maps/Door_Kit.Door_Kit_C' with ClassGeneratedBy '/Game/Maps/Door_Kit.Door_Kit:PersistentLevel.Door_Kit'
[2019.11.17-20.38.23:015][998]LogBlueprintUserMessages: Early EndPlayMap Detection: Level '/Game/Maps/Turret_Kit.Turret_Kit:PersistentLevel' has LevelScriptBlueprint '/Game/Maps/Turret_Kit.Turret_Kit:PersistentLevel.Turret_Kit' with GeneratedClass '/Game/Maps/Turret_Kit.Turret_Kit_C' with ClassGeneratedBy '/Game/Maps/Turret_Kit.Turret_Kit:PersistentLevel.Turret_Kit'
[2019.11.17-20.38.23:016][998]LogBlueprintUserMessages: Early EndPlayMap Detection: Level '/Game/Maps/Laser_Kit.Laser_Kit:PersistentLevel' has LevelScriptBlueprint '/Game/Maps/Laser_Kit.Laser_Kit:PersistentLevel.Laser_Kit' with GeneratedClass '/Game/Maps/Laser_Kit.Laser_Kit_C' with ClassGeneratedBy '/Game/Maps/Laser_Kit.Laser_Kit:PersistentLevel.Laser_Kit'
[2019.11.17-20.38.23:018][998]LogBlueprintUserMessages: Early EndPlayMap Detection: Level '/Game/Maps/Camera_Kit.Camera_Kit:PersistentLevel' has LevelScriptBlueprint '/Game/Maps/Camera_Kit.Camera_Kit:PersistentLevel.Camera_Kit' with GeneratedClass '/Game/Maps/Camera_Kit.Camera_Kit_C' with ClassGeneratedBy '/Game/Maps/Camera_Kit.Camera_Kit:PersistentLevel.Camera_Kit'
[2019.11.17-20.38.23:019][998]LogBlueprintUserMessages: Early EndPlayMap Detection: Level '/Game/Maps/Explosive_Kit.Explosive_Kit:PersistentLevel' has LevelScriptBlueprint '/Game/Maps/Explosive_Kit.Explosive_Kit:PersistentLevel.Explosive_Kit' with GeneratedClass '/Game/Maps/Explosive_Kit.Explosive_Kit_C' with ClassGeneratedBy '/Game/Maps/Explosive_Kit.Explosive_Kit:PersistentLevel.Explosive_Kit'
[2019.11.17-20.38.23:020][998]LogBlueprintUserMessages: Early EndPlayMap Detection: Level '/Game/Maps/Teleport_Kit.Teleport_Kit:PersistentLevel' has LevelScriptBlueprint '/Game/Maps/Teleport_Kit.Teleport_Kit:PersistentLevel.Teleport_Kit' with GeneratedClass '/Game/Maps/Teleport_Kit.Teleport_Kit_C' with ClassGeneratedBy '/Game/Maps/Teleport_Kit.Teleport_Kit:PersistentLevel.Teleport_Kit'
[2019.11.17-20.38.23:022][998]LogSlate: Updating window title bar state: overlay mode, drag disabled, window buttons hidden, title bar hidden
[2019.11.17-20.38.23:128][998]LogPlayLevel: Display: Shutting down PIE online subsystems
[2019.11.17-20.38.23:129][998]LogBlueprintUserMessages: Late EndPlayMap Detection: Level '/Game/FirstPersonBP/Maps/FirstPersonExampleMap.FirstPersonExampleMap:PersistentLevel' has LevelScriptBlueprint '/Game/FirstPersonBP/Maps/FirstPersonExampleMap.FirstPersonExampleMap:PersistentLevel.FirstPersonExampleMap' with GeneratedClass '/Game/FirstPersonBP/Maps/FirstPersonExampleMap.FirstPersonExampleMap_C' with ClassGeneratedBy '/Game/FirstPersonBP/Maps/FirstPersonExampleMap.FirstPersonExampleMap:PersistentLevel.FirstPersonExampleMap'
[2019.11.17-20.38.23:130][998]LogBlueprintUserMessages: Late EndPlayMap Detection: Level '/Game/Maps/Door_Breached.Door_Breached:PersistentLevel' has LevelScriptBlueprint '/Game/Maps/Door_Breached.Door_Breached:PersistentLevel.Door_Breached' with GeneratedClass '/Game/Maps/Door_Breached.Door_Breached_C' with ClassGeneratedBy '/Game/Maps/Door_Breached.Door_Breached:PersistentLevel.Door_Breached'
[2019.11.17-20.38.23:132][998]LogBlueprintUserMessages: Late EndPlayMap Detection: Level '/Game/Maps/Door_Kit.Door_Kit:PersistentLevel' has LevelScriptBlueprint '/Game/Maps/Door_Kit.Door_Kit:PersistentLevel.Door_Kit' with GeneratedClass '/Game/Maps/Door_Kit.Door_Kit_C' with ClassGeneratedBy '/Game/Maps/Door_Kit.Door_Kit:PersistentLevel.Door_Kit'
[2019.11.17-20.38.23:133][998]LogBlueprintUserMessages: Late EndPlayMap Detection: Level '/Game/Maps/Turret_Kit.Turret_Kit:PersistentLevel' has LevelScriptBlueprint '/Game/Maps/Turret_Kit.Turret_Kit:PersistentLevel.Turret_Kit' with GeneratedClass '/Game/Maps/Turret_Kit.Turret_Kit_C' with ClassGeneratedBy '/Game/Maps/Turret_Kit.Turret_Kit:PersistentLevel.Turret_Kit'
[2019.11.17-20.38.23:134][998]LogBlueprintUserMessages: Late EndPlayMap Detection: Level '/Game/Maps/Laser_Kit.Laser_Kit:PersistentLevel' has LevelScriptBlueprint '/Game/Maps/Laser_Kit.Laser_Kit:PersistentLevel.Laser_Kit' with GeneratedClass '/Game/Maps/Laser_Kit.Laser_Kit_C' with ClassGeneratedBy '/Game/Maps/Laser_Kit.Laser_Kit:PersistentLevel.Laser_Kit'
[2019.11.17-20.38.23:134][998]LogBlueprintUserMessages: Late EndPlayMap Detection: Level '/Game/Maps/Camera_Kit.Camera_Kit:PersistentLevel' has LevelScriptBlueprint '/Game/Maps/Camera_Kit.Camera_Kit:PersistentLevel.Camera_Kit' with GeneratedClass '/Game/Maps/Camera_Kit.Camera_Kit_C' with ClassGeneratedBy '/Game/Maps/Camera_Kit.Camera_Kit:PersistentLevel.Camera_Kit'
[2019.11.17-20.38.23:135][998]LogBlueprintUserMessages: Late EndPlayMap Detection: Level '/Game/Maps/Explosive_Kit.Explosive_Kit:PersistentLevel' has LevelScriptBlueprint '/Game/Maps/Explosive_Kit.Explosive_Kit:PersistentLevel.Explosive_Kit' with GeneratedClass '/Game/Maps/Explosive_Kit.Explosive_Kit_C' with ClassGeneratedBy '/Game/Maps/Explosive_Kit.Explosive_Kit:PersistentLevel.Explosive_Kit'
[2019.11.17-20.38.23:137][998]LogBlueprintUserMessages: Late EndPlayMap Detection: Level '/Game/Maps/Teleport_Kit.Teleport_Kit:PersistentLevel' has LevelScriptBlueprint '/Game/Maps/Teleport_Kit.Teleport_Kit:PersistentLevel.Teleport_Kit' with GeneratedClass '/Game/Maps/Teleport_Kit.Teleport_Kit_C' with ClassGeneratedBy '/Game/Maps/Teleport_Kit.Teleport_Kit:PersistentLevel.Teleport_Kit'
[2019.11.17-20.38.23:266][998]LogSlate: Updating window title bar state: overlay mode, drag disabled, window buttons hidden, title bar hidden
[2019.11.17-20.38.23:279][998]LogUObjectHash: Compacting FUObjectHashTables data took   5.71ms
[2019.11.17-20.38.23:363][999]LogPlayLevel: Display: Destroying online subsystem :Context_20
[2019.11.17-20.38.45:141][649]LogTemp: Repeating last play command: Selected Viewport
[2019.11.17-20.38.45:281][649]LogBlueprintUserMessages: Early PlayInEditor Detection: Level '/Game/FirstPersonBP/Maps/FirstPersonExampleMap.FirstPersonExampleMap:PersistentLevel' has LevelScriptBlueprint '/Game/FirstPersonBP/Maps/FirstPersonExampleMap.FirstPersonExampleMap:PersistentLevel.FirstPersonExampleMap' with GeneratedClass '/Game/FirstPersonBP/Maps/FirstPersonExampleMap.FirstPersonExampleMap_C' with ClassGeneratedBy '/Game/FirstPersonBP/Maps/FirstPersonExampleMap.FirstPersonExampleMap:PersistentLevel.FirstPersonExampleMap'
[2019.11.17-20.38.45:283][649]LogBlueprintUserMessages: Early PlayInEditor Detection: Level '/Game/Maps/Door_Breached.Door_Breached:PersistentLevel' has LevelScriptBlueprint '/Game/Maps/Door_Breached.Door_Breached:PersistentLevel.Door_Breached' with GeneratedClass '/Game/Maps/Door_Breached.Door_Breached_C' with ClassGeneratedBy '/Game/Maps/Door_Breached.Door_Breached:PersistentLevel.Door_Breached'
[2019.11.17-20.38.45:284][649]LogBlueprintUserMessages: Early PlayInEditor Detection: Level '/Game/Maps/Door_Kit.Door_Kit:PersistentLevel' has LevelScriptBlueprint '/Game/Maps/Door_Kit.Door_Kit:PersistentLevel.Door_Kit' with GeneratedClass '/Game/Maps/Door_Kit.Door_Kit_C' with ClassGeneratedBy '/Game/Maps/Door_Kit.Door_Kit:PersistentLevel.Door_Kit'
[2019.11.17-20.38.45:286][649]LogBlueprintUserMessages: Early PlayInEditor Detection: Level '/Game/Maps/Turret_Kit.Turret_Kit:PersistentLevel' has LevelScriptBlueprint '/Game/Maps/Turret_Kit.Turret_Kit:PersistentLevel.Turret_Kit' with GeneratedClass '/Game/Maps/Turret_Kit.Turret_Kit_C' with ClassGeneratedBy '/Game/Maps/Turret_Kit.Turret_Kit:PersistentLevel.Turret_Kit'
[2019.11.17-20.38.45:287][649]LogBlueprintUserMessages: Early PlayInEditor Detection: Level '/Game/Maps/Laser_Kit.Laser_Kit:PersistentLevel' has LevelScriptBlueprint '/Game/Maps/Laser_Kit.Laser_Kit:PersistentLevel.Laser_Kit' with GeneratedClass '/Game/Maps/Laser_Kit.Laser_Kit_C' with ClassGeneratedBy '/Game/Maps/Laser_Kit.Laser_Kit:PersistentLevel.Laser_Kit'
[2019.11.17-20.38.45:288][649]LogBlueprintUserMessages: Early PlayInEditor Detection: Level '/Game/Maps/Camera_Kit.Camera_Kit:PersistentLevel' has LevelScriptBlueprint '/Game/Maps/Camera_Kit.Camera_Kit:PersistentLevel.Camera_Kit' with GeneratedClass '/Game/Maps/Camera_Kit.Camera_Kit_C' with ClassGeneratedBy '/Game/Maps/Camera_Kit.Camera_Kit:PersistentLevel.Camera_Kit'
[2019.11.17-20.38.45:289][649]LogBlueprintUserMessages: Early PlayInEditor Detection: Level '/Game/Maps/Explosive_Kit.Explosive_Kit:PersistentLevel' has LevelScriptBlueprint '/Game/Maps/Explosive_Kit.Explosive_Kit:PersistentLevel.Explosive_Kit' with GeneratedClass '/Game/Maps/Explosive_Kit.Explosive_Kit_C' with ClassGeneratedBy '/Game/Maps/Explosive_Kit.Explosive_Kit:PersistentLevel.Explosive_Kit'
[2019.11.17-20.38.45:291][649]LogBlueprintUserMessages: Early PlayInEditor Detection: Level '/Game/Maps/Teleport_Kit.Teleport_Kit:PersistentLevel' has LevelScriptBlueprint '/Game/Maps/Teleport_Kit.Teleport_Kit:PersistentLevel.Teleport_Kit' with GeneratedClass '/Game/Maps/Teleport_Kit.Teleport_Kit_C' with ClassGeneratedBy '/Game/Maps/Teleport_Kit.Teleport_Kit:PersistentLevel.Teleport_Kit'
[2019.11.17-20.38.45:292][649]LogPlayLevel: PlayLevel: No blueprints needed recompiling
[2019.11.17-20.38.45:292][649]PIE: New page: PIE session: FirstPersonExampleMap (Nov 17, 2019, 4:38:45 AM)
[2019.11.17-20.38.45:293][649]LogPlayLevel: Creating play world package: /Game/FirstPersonBP/Maps/UEDPIE_0_FirstPersonExampleMap
[2019.11.17-20.38.45:332][649]LogPlayLevel: PIE: StaticDuplicateObject took: (0.038727s)
[2019.11.17-20.38.45:334][649]LogAIModule: Creating AISystem for world FirstPersonExampleMap
[2019.11.17-20.38.45:609][649]LogPlayLevel: PIE: World Init took: (0.277292s)
[2019.11.17-20.38.45:610][649]LogPlayLevel: PIE: Created PIE world by copying editor world from /Game/FirstPersonBP/Maps/FirstPersonExampleMap.FirstPersonExampleMap to /Game/FirstPersonBP/Maps/UEDPIE_0_FirstPersonExampleMap.FirstPersonExampleMap (0.317186s)
[2019.11.17-20.38.45:733][649]LogUObjectHash: Compacting FUObjectHashTables data took   7.00ms
[2019.11.17-20.38.45:801][649]LogInit: XAudio2 using 'Headset Earphone (SteelSeries Arctis 5 Chat)' : 2 channels at 48 kHz using 16 bits per sample (channel mask 0x3)
[2019.11.17-20.38.45:841][649]LogInit: FAudioDevice initialized.
[2019.11.17-20.38.45:887][649]LogLoad: Game class is 'FirstPersonGameMode_C'
[2019.11.17-20.38.45:900][649]LogWorld: Bringing World /Game/FirstPersonBP/Maps/UEDPIE_0_FirstPersonExampleMap.FirstPersonExampleMap up for play (max tick rate 60) at 2019.11.17-12.38.45
[2019.11.17-20.38.45:902][649]LogWorld: Bringing up level for play took: 0.012278
[2019.11.17-20.38.45:919][649]PIE: Play in editor start time for /Game/FirstPersonBP/Maps/UEDPIE_0_FirstPersonExampleMap 0.247
[2019.11.17-20.38.45:920][649]LogBlueprintUserMessages: Late PlayInEditor Detection: Level '/Game/FirstPersonBP/Maps/FirstPersonExampleMap.FirstPersonExampleMap:PersistentLevel' has LevelScriptBlueprint '/Game/FirstPersonBP/Maps/FirstPersonExampleMap.FirstPersonExampleMap:PersistentLevel.FirstPersonExampleMap' with GeneratedClass '/Game/FirstPersonBP/Maps/FirstPersonExampleMap.FirstPersonExampleMap_C' with ClassGeneratedBy '/Game/FirstPersonBP/Maps/FirstPersonExampleMap.FirstPersonExampleMap:PersistentLevel.FirstPersonExampleMap'
[2019.11.17-20.38.45:921][649]LogBlueprintUserMessages: Late PlayInEditor Detection: Level '/Game/Maps/Door_Breached.Door_Breached:PersistentLevel' has LevelScriptBlueprint '/Game/Maps/Door_Breached.Door_Breached:PersistentLevel.Door_Breached' with GeneratedClass '/Game/Maps/Door_Breached.Door_Breached_C' with ClassGeneratedBy '/Game/Maps/Door_Breached.Door_Breached:PersistentLevel.Door_Breached'
[2019.11.17-20.38.45:923][649]LogBlueprintUserMessages: Late PlayInEditor Detection: Level '/Game/Maps/Door_Kit.Door_Kit:PersistentLevel' has LevelScriptBlueprint '/Game/Maps/Door_Kit.Door_Kit:PersistentLevel.Door_Kit' with GeneratedClass '/Game/Maps/Door_Kit.Door_Kit_C' with ClassGeneratedBy '/Game/Maps/Door_Kit.Door_Kit:PersistentLevel.Door_Kit'
[2019.11.17-20.38.45:924][649]LogBlueprintUserMessages: Late PlayInEditor Detection: Level '/Game/Maps/Turret_Kit.Turret_Kit:PersistentLevel' has LevelScriptBlueprint '/Game/Maps/Turret_Kit.Turret_Kit:PersistentLevel.Turret_Kit' with GeneratedClass '/Game/Maps/Turret_Kit.Turret_Kit_C' with ClassGeneratedBy '/Game/Maps/Turret_Kit.Turret_Kit:PersistentLevel.Turret_Kit'
[2019.11.17-20.38.45:925][649]LogBlueprintUserMessages: Late PlayInEditor Detection: Level '/Game/Maps/Laser_Kit.Laser_Kit:PersistentLevel' has LevelScriptBlueprint '/Game/Maps/Laser_Kit.Laser_Kit:PersistentLevel.Laser_Kit' with GeneratedClass '/Game/Maps/Laser_Kit.Laser_Kit_C' with ClassGeneratedBy '/Game/Maps/Laser_Kit.Laser_Kit:PersistentLevel.Laser_Kit'
[2019.11.17-20.38.45:927][649]LogBlueprintUserMessages: Late PlayInEditor Detection: Level '/Game/Maps/Camera_Kit.Camera_Kit:PersistentLevel' has LevelScriptBlueprint '/Game/Maps/Camera_Kit.Camera_Kit:PersistentLevel.Camera_Kit' with GeneratedClass '/Game/Maps/Camera_Kit.Camera_Kit_C' with ClassGeneratedBy '/Game/Maps/Camera_Kit.Camera_Kit:PersistentLevel.Camera_Kit'
[2019.11.17-20.38.45:928][649]LogBlueprintUserMessages: Late PlayInEditor Detection: Level '/Game/Maps/Explosive_Kit.Explosive_Kit:PersistentLevel' has LevelScriptBlueprint '/Game/Maps/Explosive_Kit.Explosive_Kit:PersistentLevel.Explosive_Kit' with GeneratedClass '/Game/Maps/Explosive_Kit.Explosive_Kit_C' with ClassGeneratedBy '/Game/Maps/Explosive_Kit.Explosive_Kit:PersistentLevel.Explosive_Kit'
[2019.11.17-20.38.45:929][649]LogBlueprintUserMessages: Late PlayInEditor Detection: Level '/Game/Maps/Teleport_Kit.Teleport_Kit:PersistentLevel' has LevelScriptBlueprint '/Game/Maps/Teleport_Kit.Teleport_Kit:PersistentLevel.Teleport_Kit' with GeneratedClass '/Game/Maps/Teleport_Kit.Teleport_Kit_C' with ClassGeneratedBy '/Game/Maps/Teleport_Kit.Teleport_Kit:PersistentLevel.Teleport_Kit'
[2019.11.17-20.38.47:957][700]LogBlueprintDebug: Warning: Hit breakpoint on node 'K2Node_IfThenElse', from offset 7663
[2019.11.17-20.38.47:958][700]LogBlueprintDebug: 
Script call stack:
	Function /Game/FirstPersonBP/Blueprints/FirstPersonCharacter.FirstPersonCharacter_C:InpActEvt_Interact_K2Node_InputActionEvent_1
	Function /Game/FirstPersonBP/Blueprints/FirstPersonCharacter.FirstPersonCharacter_C:ExecuteUbergraph_FirstPersonCharacter

[2019.11.17-20.38.47:974][700]LogSlate: FSceneViewport::OnFocusLost() reason 2
[2019.11.17-20.39.01:512][923]LogSlate: FSceneViewport::OnFocusLost() reason 2
[2019.11.17-20.39.08:045][ 99]LogBlueprintDebug: Warning: Hit breakpoint on node 'K2Node_IfThenElse', from offset 170
[2019.11.17-20.39.08:045][ 99]LogBlueprintDebug: 
Script call stack:
	Function /Game/FirstPersonBP/Blueprints/FirstPersonCharacter.FirstPersonCharacter_C:InpActEvt_Interact_K2Node_InputActionEvent_1
	Function /Game/FirstPersonBP/Blueprints/FirstPersonCharacter.FirstPersonCharacter_C:ExecuteUbergraph_FirstPersonCharacter
	Function /Game/Kits/Safe/Safe.Safe_C:Press Button
	Function /Game/Kits/Safe/Safe.Safe_C:ExecuteUbergraph_Safe

[2019.11.17-20.39.08:059][ 99]LogSlate: FSceneViewport::OnFocusLost() reason 2
[2019.11.17-20.39.32:947][ 99]LogBlueprintUserMessages: Early EndPlayMap Detection: Level '/Game/FirstPersonBP/Maps/FirstPersonExampleMap.FirstPersonExampleMap:PersistentLevel' has LevelScriptBlueprint '/Game/FirstPersonBP/Maps/FirstPersonExampleMap.FirstPersonExampleMap:PersistentLevel.FirstPersonExampleMap' with GeneratedClass '/Game/FirstPersonBP/Maps/FirstPersonExampleMap.FirstPersonExampleMap_C' with ClassGeneratedBy '/Game/FirstPersonBP/Maps/FirstPersonExampleMap.FirstPersonExampleMap:PersistentLevel.FirstPersonExampleMap'
[2019.11.17-20.39.32:949][ 99]LogBlueprintUserMessages: Early EndPlayMap Detection: Level '/Game/Maps/Door_Breached.Door_Breached:PersistentLevel' has LevelScriptBlueprint '/Game/Maps/Door_Breached.Door_Breached:PersistentLevel.Door_Breached' with GeneratedClass '/Game/Maps/Door_Breached.Door_Breached_C' with ClassGeneratedBy '/Game/Maps/Door_Breached.Door_Breached:PersistentLevel.Door_Breached'
[2019.11.17-20.39.32:951][ 99]LogBlueprintUserMessages: Early EndPlayMap Detection: Level '/Game/Maps/Door_Kit.Door_Kit:PersistentLevel' has LevelScriptBlueprint '/Game/Maps/Door_Kit.Door_Kit:PersistentLevel.Door_Kit' with GeneratedClass '/Game/Maps/Door_Kit.Door_Kit_C' with ClassGeneratedBy '/Game/Maps/Door_Kit.Door_Kit:PersistentLevel.Door_Kit'
[2019.11.17-20.39.32:952][ 99]LogBlueprintUserMessages: Early EndPlayMap Detection: Level '/Game/Maps/Turret_Kit.Turret_Kit:PersistentLevel' has LevelScriptBlueprint '/Game/Maps/Turret_Kit.Turret_Kit:PersistentLevel.Turret_Kit' with GeneratedClass '/Game/Maps/Turret_Kit.Turret_Kit_C' with ClassGeneratedBy '/Game/Maps/Turret_Kit.Turret_Kit:PersistentLevel.Turret_Kit'
[2019.11.17-20.39.32:953][ 99]LogBlueprintUserMessages: Early EndPlayMap Detection: Level '/Game/Maps/Laser_Kit.Laser_Kit:PersistentLevel' has LevelScriptBlueprint '/Game/Maps/Laser_Kit.Laser_Kit:PersistentLevel.Laser_Kit' with GeneratedClass '/Game/Maps/Laser_Kit.Laser_Kit_C' with ClassGeneratedBy '/Game/Maps/Laser_Kit.Laser_Kit:PersistentLevel.Laser_Kit'
[2019.11.17-20.39.32:955][ 99]LogBlueprintUserMessages: Early EndPlayMap Detection: Level '/Game/Maps/Camera_Kit.Camera_Kit:PersistentLevel' has LevelScriptBlueprint '/Game/Maps/Camera_Kit.Camera_Kit:PersistentLevel.Camera_Kit' with GeneratedClass '/Game/Maps/Camera_Kit.Camera_Kit_C' with ClassGeneratedBy '/Game/Maps/Camera_Kit.Camera_Kit:PersistentLevel.Camera_Kit'
[2019.11.17-20.39.32:956][ 99]LogBlueprintUserMessages: Early EndPlayMap Detection: Level '/Game/Maps/Explosive_Kit.Explosive_Kit:PersistentLevel' has LevelScriptBlueprint '/Game/Maps/Explosive_Kit.Explosive_Kit:PersistentLevel.Explosive_Kit' with GeneratedClass '/Game/Maps/Explosive_Kit.Explosive_Kit_C' with ClassGeneratedBy '/Game/Maps/Explosive_Kit.Explosive_Kit:PersistentLevel.Explosive_Kit'
[2019.11.17-20.39.32:958][ 99]LogBlueprintUserMessages: Early EndPlayMap Detection: Level '/Game/Maps/Teleport_Kit.Teleport_Kit:PersistentLevel' has LevelScriptBlueprint '/Game/Maps/Teleport_Kit.Teleport_Kit:PersistentLevel.Teleport_Kit' with GeneratedClass '/Game/Maps/Teleport_Kit.Teleport_Kit_C' with ClassGeneratedBy '/Game/Maps/Teleport_Kit.Teleport_Kit:PersistentLevel.Teleport_Kit'
[2019.11.17-20.39.32:960][ 99]LogSlate: Updating window title bar state: overlay mode, drag disabled, window buttons hidden, title bar hidden
[2019.11.17-20.39.33:128][ 99]LogPlayLevel: Display: Shutting down PIE online subsystems
[2019.11.17-20.39.33:129][ 99]LogBlueprintUserMessages: Late EndPlayMap Detection: Level '/Game/FirstPersonBP/Maps/FirstPersonExampleMap.FirstPersonExampleMap:PersistentLevel' has LevelScriptBlueprint '/Game/FirstPersonBP/Maps/FirstPersonExampleMap.FirstPersonExampleMap:PersistentLevel.FirstPersonExampleMap' with GeneratedClass '/Game/FirstPersonBP/Maps/FirstPersonExampleMap.FirstPersonExampleMap_C' with ClassGeneratedBy '/Game/FirstPersonBP/Maps/FirstPersonExampleMap.FirstPersonExampleMap:PersistentLevel.FirstPersonExampleMap'
[2019.11.17-20.39.33:130][ 99]LogBlueprintUserMessages: Late EndPlayMap Detection: Level '/Game/Maps/Door_Breached.Door_Breached:PersistentLevel' has LevelScriptBlueprint '/Game/Maps/Door_Breached.Door_Breached:PersistentLevel.Door_Breached' with GeneratedClass '/Game/Maps/Door_Breached.Door_Breached_C' with ClassGeneratedBy '/Game/Maps/Door_Breached.Door_Breached:PersistentLevel.Door_Breached'
[2019.11.17-20.39.33:132][ 99]LogBlueprintUserMessages: Late EndPlayMap Detection: Level '/Game/Maps/Door_Kit.Door_Kit:PersistentLevel' has LevelScriptBlueprint '/Game/Maps/Door_Kit.Door_Kit:PersistentLevel.Door_Kit' with GeneratedClass '/Game/Maps/Door_Kit.Door_Kit_C' with ClassGeneratedBy '/Game/Maps/Door_Kit.Door_Kit:PersistentLevel.Door_Kit'
[2019.11.17-20.39.33:133][ 99]LogBlueprintUserMessages: Late EndPlayMap Detection: Level '/Game/Maps/Turret_Kit.Turret_Kit:PersistentLevel' has LevelScriptBlueprint '/Game/Maps/Turret_Kit.Turret_Kit:PersistentLevel.Turret_Kit' with GeneratedClass '/Game/Maps/Turret_Kit.Turret_Kit_C' with ClassGeneratedBy '/Game/Maps/Turret_Kit.Turret_Kit:PersistentLevel.Turret_Kit'
[2019.11.17-20.39.33:134][ 99]LogBlueprintUserMessages: Late EndPlayMap Detection: Level '/Game/Maps/Laser_Kit.Laser_Kit:PersistentLevel' has LevelScriptBlueprint '/Game/Maps/Laser_Kit.Laser_Kit:PersistentLevel.Laser_Kit' with GeneratedClass '/Game/Maps/Laser_Kit.Laser_Kit_C' with ClassGeneratedBy '/Game/Maps/Laser_Kit.Laser_Kit:PersistentLevel.Laser_Kit'
[2019.11.17-20.39.33:136][ 99]LogBlueprintUserMessages: Late EndPlayMap Detection: Level '/Game/Maps/Camera_Kit.Camera_Kit:PersistentLevel' has LevelScriptBlueprint '/Game/Maps/Camera_Kit.Camera_Kit:PersistentLevel.Camera_Kit' with GeneratedClass '/Game/Maps/Camera_Kit.Camera_Kit_C' with ClassGeneratedBy '/Game/Maps/Camera_Kit.Camera_Kit:PersistentLevel.Camera_Kit'
[2019.11.17-20.39.33:137][ 99]LogBlueprintUserMessages: Late EndPlayMap Detection: Level '/Game/Maps/Explosive_Kit.Explosive_Kit:PersistentLevel' has LevelScriptBlueprint '/Game/Maps/Explosive_Kit.Explosive_Kit:PersistentLevel.Explosive_Kit' with GeneratedClass '/Game/Maps/Explosive_Kit.Explosive_Kit_C' with ClassGeneratedBy '/Game/Maps/Explosive_Kit.Explosive_Kit:PersistentLevel.Explosive_Kit'
[2019.11.17-20.39.33:138][ 99]LogBlueprintUserMessages: Late EndPlayMap Detection: Level '/Game/Maps/Teleport_Kit.Teleport_Kit:PersistentLevel' has LevelScriptBlueprint '/Game/Maps/Teleport_Kit.Teleport_Kit:PersistentLevel.Teleport_Kit' with GeneratedClass '/Game/Maps/Teleport_Kit.Teleport_Kit_C' with ClassGeneratedBy '/Game/Maps/Teleport_Kit.Teleport_Kit:PersistentLevel.Teleport_Kit'
[2019.11.17-20.39.33:317][ 99]LogSlate: Updating window title bar state: overlay mode, drag disabled, window buttons hidden, title bar hidden
[2019.11.17-20.39.33:334][ 99]LogUObjectHash: Compacting FUObjectHashTables data took  10.49ms
[2019.11.17-20.39.33:889][100]LogPlayLevel: Display: Destroying online subsystem :Context_21
[2019.11.17-20.39.52:037][602]LogSlate: Took 0.010364 seconds to synchronously load lazily loaded font '../../../Engine/Content/Slate/Fonts/Roboto-BoldCondensedItalic.ttf' (160K)
[2019.11.17-20.40.04:261][983]BlueprintLog: New page: Compile Safe
[2019.11.17-20.40.05:110][983]LogUObjectHash: Compacting FUObjectHashTables data took  10.93ms
[2019.11.17-20.40.06:249][991]LogUObjectHash: Compacting FUObjectHashTables data took   9.99ms
[2019.11.17-20.40.06:404][991]LogUObjectHash: Compacting FUObjectHashTables data took   2.76ms
[2019.11.17-20.40.07:342][991]LogSavePackage: Moving 'C:/Users/danny/Desktop/Systems_Sandbox/Mechanics_Sandbox/Saved/FirstPersonExampleMapE3C97F934991E1A4FB482FA663C940F6.tmp' to 'C:/Users/danny/Desktop/Systems_Sandbox/Mechanics_Sandbox/Content/FirstPersonBP/Maps/FirstPersonExampleMap.umap'
[2019.11.17-20.40.07:488][991]LogFileHelpers: Saving map 'FirstPersonExampleMap' took 1.204
[2019.11.17-20.40.08:145][991]LogSavePackage: Moving 'C:/Users/danny/Desktop/Systems_Sandbox/Mechanics_Sandbox/Saved/FirstPersonCharacterA83D010F40B2B383264AB58ABBF03199.tmp' to 'C:/Users/danny/Desktop/Systems_Sandbox/Mechanics_Sandbox/Content/FirstPersonBP/Blueprints/FirstPersonCharacter.uasset'
[2019.11.17-20.40.08:198][991]Cmd: OBJ SAVEPACKAGE PACKAGE="/Game/Kits/Safe/Safe" FILE="C:/Users/danny/Desktop/Systems_Sandbox/Mechanics_Sandbox/Content/Kits/Safe/Safe.uasset" SILENT=true
[2019.11.17-20.40.08:543][991]LogSavePackage: Moving 'C:/Users/danny/Desktop/Systems_Sandbox/Mechanics_Sandbox/Saved/SafeE6EAF1B548CE3F7DD923D98AE0EB854E.tmp' to 'C:/Users/danny/Desktop/Systems_Sandbox/Mechanics_Sandbox/Content/Kits/Safe/Safe.uasset'
[2019.11.17-20.40.29:776][585]BlueprintLog: New page: Compile FirstPersonCharacter
[2019.11.17-20.40.30:541][585]LogUObjectHash: Compacting FUObjectHashTables data took   8.77ms
[2019.11.17-20.40.31:966][595]LogTemp: Repeating last play command: Selected Viewport
[2019.11.17-20.40.32:180][595]LogBlueprintUserMessages: Early PlayInEditor Detection: Level '/Game/FirstPersonBP/Maps/FirstPersonExampleMap.FirstPersonExampleMap:PersistentLevel' has LevelScriptBlueprint '/Game/FirstPersonBP/Maps/FirstPersonExampleMap.FirstPersonExampleMap:PersistentLevel.FirstPersonExampleMap' with GeneratedClass '/Game/FirstPersonBP/Maps/FirstPersonExampleMap.FirstPersonExampleMap_C' with ClassGeneratedBy '/Game/FirstPersonBP/Maps/FirstPersonExampleMap.FirstPersonExampleMap:PersistentLevel.FirstPersonExampleMap'
[2019.11.17-20.40.32:182][595]LogBlueprintUserMessages: Early PlayInEditor Detection: Level '/Game/Maps/Door_Breached.Door_Breached:PersistentLevel' has LevelScriptBlueprint '/Game/Maps/Door_Breached.Door_Breached:PersistentLevel.Door_Breached' with GeneratedClass '/Game/Maps/Door_Breached.Door_Breached_C' with ClassGeneratedBy '/Game/Maps/Door_Breached.Door_Breached:PersistentLevel.Door_Breached'
[2019.11.17-20.40.32:183][595]LogBlueprintUserMessages: Early PlayInEditor Detection: Level '/Game/Maps/Door_Kit.Door_Kit:PersistentLevel' has LevelScriptBlueprint '/Game/Maps/Door_Kit.Door_Kit:PersistentLevel.Door_Kit' with GeneratedClass '/Game/Maps/Door_Kit.Door_Kit_C' with ClassGeneratedBy '/Game/Maps/Door_Kit.Door_Kit:PersistentLevel.Door_Kit'
[2019.11.17-20.40.32:184][595]LogBlueprintUserMessages: Early PlayInEditor Detection: Level '/Game/Maps/Turret_Kit.Turret_Kit:PersistentLevel' has LevelScriptBlueprint '/Game/Maps/Turret_Kit.Turret_Kit:PersistentLevel.Turret_Kit' with GeneratedClass '/Game/Maps/Turret_Kit.Turret_Kit_C' with ClassGeneratedBy '/Game/Maps/Turret_Kit.Turret_Kit:PersistentLevel.Turret_Kit'
[2019.11.17-20.40.32:185][595]LogBlueprintUserMessages: Early PlayInEditor Detection: Level '/Game/Maps/Laser_Kit.Laser_Kit:PersistentLevel' has LevelScriptBlueprint '/Game/Maps/Laser_Kit.Laser_Kit:PersistentLevel.Laser_Kit' with GeneratedClass '/Game/Maps/Laser_Kit.Laser_Kit_C' with ClassGeneratedBy '/Game/Maps/Laser_Kit.Laser_Kit:PersistentLevel.Laser_Kit'
[2019.11.17-20.40.32:186][595]LogBlueprintUserMessages: Early PlayInEditor Detection: Level '/Game/Maps/Camera_Kit.Camera_Kit:PersistentLevel' has LevelScriptBlueprint '/Game/Maps/Camera_Kit.Camera_Kit:PersistentLevel.Camera_Kit' with GeneratedClass '/Game/Maps/Camera_Kit.Camera_Kit_C' with ClassGeneratedBy '/Game/Maps/Camera_Kit.Camera_Kit:PersistentLevel.Camera_Kit'
[2019.11.17-20.40.32:187][595]LogBlueprintUserMessages: Early PlayInEditor Detection: Level '/Game/Maps/Explosive_Kit.Explosive_Kit:PersistentLevel' has LevelScriptBlueprint '/Game/Maps/Explosive_Kit.Explosive_Kit:PersistentLevel.Explosive_Kit' with GeneratedClass '/Game/Maps/Explosive_Kit.Explosive_Kit_C' with ClassGeneratedBy '/Game/Maps/Explosive_Kit.Explosive_Kit:PersistentLevel.Explosive_Kit'
[2019.11.17-20.40.32:189][595]LogBlueprintUserMessages: Early PlayInEditor Detection: Level '/Game/Maps/Teleport_Kit.Teleport_Kit:PersistentLevel' has LevelScriptBlueprint '/Game/Maps/Teleport_Kit.Teleport_Kit:PersistentLevel.Teleport_Kit' with GeneratedClass '/Game/Maps/Teleport_Kit.Teleport_Kit_C' with ClassGeneratedBy '/Game/Maps/Teleport_Kit.Teleport_Kit:PersistentLevel.Teleport_Kit'
[2019.11.17-20.40.32:190][595]LogPlayLevel: PlayLevel: No blueprints needed recompiling
[2019.11.17-20.40.32:190][595]PIE: New page: PIE session: FirstPersonExampleMap (Nov 17, 2019, 4:40:32 AM)
[2019.11.17-20.40.32:190][595]LogPlayLevel: Creating play world package: /Game/FirstPersonBP/Maps/UEDPIE_0_FirstPersonExampleMap
[2019.11.17-20.40.32:231][595]LogPlayLevel: PIE: StaticDuplicateObject took: (0.040596s)
[2019.11.17-20.40.32:233][595]LogAIModule: Creating AISystem for world FirstPersonExampleMap
[2019.11.17-20.40.32:234][595]LogPlayLevel: PIE: World Init took: (0.002179s)
[2019.11.17-20.40.32:235][595]LogPlayLevel: PIE: Created PIE world by copying editor world from /Game/FirstPersonBP/Maps/FirstPersonExampleMap.FirstPersonExampleMap to /Game/FirstPersonBP/Maps/UEDPIE_0_FirstPersonExampleMap.FirstPersonExampleMap (0.044146s)
[2019.11.17-20.40.32:374][595]LogUObjectHash: Compacting FUObjectHashTables data took  10.91ms
[2019.11.17-20.40.32:449][595]LogInit: XAudio2 using 'Headset Earphone (SteelSeries Arctis 5 Chat)' : 2 channels at 48 kHz using 16 bits per sample (channel mask 0x3)
[2019.11.17-20.40.32:490][595]LogInit: FAudioDevice initialized.
[2019.11.17-20.40.32:533][595]LogLoad: Game class is 'FirstPersonGameMode_C'
[2019.11.17-20.40.32:544][595]LogWorld: Bringing World /Game/FirstPersonBP/Maps/UEDPIE_0_FirstPersonExampleMap.FirstPersonExampleMap up for play (max tick rate 60) at 2019.11.17-12.40.32
[2019.11.17-20.40.32:546][595]LogWorld: Bringing up level for play took: 0.010624
[2019.11.17-20.40.32:561][595]PIE: Play in editor start time for /Game/FirstPersonBP/Maps/UEDPIE_0_FirstPersonExampleMap 0.889
[2019.11.17-20.40.32:562][595]LogBlueprintUserMessages: Late PlayInEditor Detection: Level '/Game/FirstPersonBP/Maps/FirstPersonExampleMap.FirstPersonExampleMap:PersistentLevel' has LevelScriptBlueprint '/Game/FirstPersonBP/Maps/FirstPersonExampleMap.FirstPersonExampleMap:PersistentLevel.FirstPersonExampleMap' with GeneratedClass '/Game/FirstPersonBP/Maps/FirstPersonExampleMap.FirstPersonExampleMap_C' with ClassGeneratedBy '/Game/FirstPersonBP/Maps/FirstPersonExampleMap.FirstPersonExampleMap:PersistentLevel.FirstPersonExampleMap'
[2019.11.17-20.40.32:564][595]LogBlueprintUserMessages: Late PlayInEditor Detection: Level '/Game/Maps/Door_Breached.Door_Breached:PersistentLevel' has LevelScriptBlueprint '/Game/Maps/Door_Breached.Door_Breached:PersistentLevel.Door_Breached' with GeneratedClass '/Game/Maps/Door_Breached.Door_Breached_C' with ClassGeneratedBy '/Game/Maps/Door_Breached.Door_Breached:PersistentLevel.Door_Breached'
[2019.11.17-20.40.32:566][595]LogBlueprintUserMessages: Late PlayInEditor Detection: Level '/Game/Maps/Door_Kit.Door_Kit:PersistentLevel' has LevelScriptBlueprint '/Game/Maps/Door_Kit.Door_Kit:PersistentLevel.Door_Kit' with GeneratedClass '/Game/Maps/Door_Kit.Door_Kit_C' with ClassGeneratedBy '/Game/Maps/Door_Kit.Door_Kit:PersistentLevel.Door_Kit'
[2019.11.17-20.40.32:567][595]LogBlueprintUserMessages: Late PlayInEditor Detection: Level '/Game/Maps/Turret_Kit.Turret_Kit:PersistentLevel' has LevelScriptBlueprint '/Game/Maps/Turret_Kit.Turret_Kit:PersistentLevel.Turret_Kit' with GeneratedClass '/Game/Maps/Turret_Kit.Turret_Kit_C' with ClassGeneratedBy '/Game/Maps/Turret_Kit.Turret_Kit:PersistentLevel.Turret_Kit'
[2019.11.17-20.40.32:568][595]LogBlueprintUserMessages: Late PlayInEditor Detection: Level '/Game/Maps/Laser_Kit.Laser_Kit:PersistentLevel' has LevelScriptBlueprint '/Game/Maps/Laser_Kit.Laser_Kit:PersistentLevel.Laser_Kit' with GeneratedClass '/Game/Maps/Laser_Kit.Laser_Kit_C' with ClassGeneratedBy '/Game/Maps/Laser_Kit.Laser_Kit:PersistentLevel.Laser_Kit'
[2019.11.17-20.40.32:569][595]LogBlueprintUserMessages: Late PlayInEditor Detection: Level '/Game/Maps/Camera_Kit.Camera_Kit:PersistentLevel' has LevelScriptBlueprint '/Game/Maps/Camera_Kit.Camera_Kit:PersistentLevel.Camera_Kit' with GeneratedClass '/Game/Maps/Camera_Kit.Camera_Kit_C' with ClassGeneratedBy '/Game/Maps/Camera_Kit.Camera_Kit:PersistentLevel.Camera_Kit'
[2019.11.17-20.40.32:570][595]LogBlueprintUserMessages: Late PlayInEditor Detection: Level '/Game/Maps/Explosive_Kit.Explosive_Kit:PersistentLevel' has LevelScriptBlueprint '/Game/Maps/Explosive_Kit.Explosive_Kit:PersistentLevel.Explosive_Kit' with GeneratedClass '/Game/Maps/Explosive_Kit.Explosive_Kit_C' with ClassGeneratedBy '/Game/Maps/Explosive_Kit.Explosive_Kit:PersistentLevel.Explosive_Kit'
[2019.11.17-20.40.32:572][595]LogBlueprintUserMessages: Late PlayInEditor Detection: Level '/Game/Maps/Teleport_Kit.Teleport_Kit:PersistentLevel' has LevelScriptBlueprint '/Game/Maps/Teleport_Kit.Teleport_Kit:PersistentLevel.Teleport_Kit' with GeneratedClass '/Game/Maps/Teleport_Kit.Teleport_Kit_C' with ClassGeneratedBy '/Game/Maps/Teleport_Kit.Teleport_Kit:PersistentLevel.Teleport_Kit'
[2019.11.17-20.40.36:587][673]LogBlueprintUserMessages: [Safe_2] Safe: BEEP
[2019.11.17-20.40.38:317][712]LogBlueprintUserMessages: [Safe_2] Safe: BEEP
[2019.11.17-20.40.39:577][747]LogBlueprintUserMessages: [Safe_2] Safe: BEEP
[2019.11.17-20.40.40:944][785]LogBlueprintUserMessages: [Safe_2] Safe: BEEP
[2019.11.17-20.40.41:822][803]LogBlueprintUserMessages: [Safe_2] Safe: BEEP
[2019.11.17-20.40.42:415][819]LogBlueprintUserMessages: [Safe_2] Safe: BEEP
[2019.11.17-20.40.42:981][834]LogBlueprintUserMessages: [Safe_2] Safe: Code sequence at full length; clear a character(s) first
[2019.11.17-20.40.44:466][874]LogBlueprintUserMessages: [Safe_2] Safe: Code sequence at full length; clear a character(s) first
[2019.11.17-20.40.45:553][904]LogBlueprintUserMessages: [Safe_2] Safe: Code sequence at full length; clear a character(s) first
[2019.11.17-20.40.53:577][123]LogBlueprintUserMessages: [Safe_2] Safe: Code entered is incorrect
[2019.11.17-20.40.55:302][172]LogBlueprintUserMessages: [Safe_2] Safe: Code entered is incorrect
[2019.11.17-20.40.57:691][237]LogBlueprintUserMessages: Early EndPlayMap Detection: Level '/Game/FirstPersonBP/Maps/FirstPersonExampleMap.FirstPersonExampleMap:PersistentLevel' has LevelScriptBlueprint '/Game/FirstPersonBP/Maps/FirstPersonExampleMap.FirstPersonExampleMap:PersistentLevel.FirstPersonExampleMap' with GeneratedClass '/Game/FirstPersonBP/Maps/FirstPersonExampleMap.FirstPersonExampleMap_C' with ClassGeneratedBy '/Game/FirstPersonBP/Maps/FirstPersonExampleMap.FirstPersonExampleMap:PersistentLevel.FirstPersonExampleMap'
[2019.11.17-20.40.57:693][237]LogBlueprintUserMessages: Early EndPlayMap Detection: Level '/Game/Maps/Door_Breached.Door_Breached:PersistentLevel' has LevelScriptBlueprint '/Game/Maps/Door_Breached.Door_Breached:PersistentLevel.Door_Breached' with GeneratedClass '/Game/Maps/Door_Breached.Door_Breached_C' with ClassGeneratedBy '/Game/Maps/Door_Breached.Door_Breached:PersistentLevel.Door_Breached'
[2019.11.17-20.40.57:695][237]LogBlueprintUserMessages: Early EndPlayMap Detection: Level '/Game/Maps/Door_Kit.Door_Kit:PersistentLevel' has LevelScriptBlueprint '/Game/Maps/Door_Kit.Door_Kit:PersistentLevel.Door_Kit' with GeneratedClass '/Game/Maps/Door_Kit.Door_Kit_C' with ClassGeneratedBy '/Game/Maps/Door_Kit.Door_Kit:PersistentLevel.Door_Kit'
[2019.11.17-20.40.57:696][237]LogBlueprintUserMessages: Early EndPlayMap Detection: Level '/Game/Maps/Turret_Kit.Turret_Kit:PersistentLevel' has LevelScriptBlueprint '/Game/Maps/Turret_Kit.Turret_Kit:PersistentLevel.Turret_Kit' with GeneratedClass '/Game/Maps/Turret_Kit.Turret_Kit_C' with ClassGeneratedBy '/Game/Maps/Turret_Kit.Turret_Kit:PersistentLevel.Turret_Kit'
[2019.11.17-20.40.57:698][237]LogBlueprintUserMessages: Early EndPlayMap Detection: Level '/Game/Maps/Laser_Kit.Laser_Kit:PersistentLevel' has LevelScriptBlueprint '/Game/Maps/Laser_Kit.Laser_Kit:PersistentLevel.Laser_Kit' with GeneratedClass '/Game/Maps/Laser_Kit.Laser_Kit_C' with ClassGeneratedBy '/Game/Maps/Laser_Kit.Laser_Kit:PersistentLevel.Laser_Kit'
[2019.11.17-20.40.57:699][237]LogBlueprintUserMessages: Early EndPlayMap Detection: Level '/Game/Maps/Camera_Kit.Camera_Kit:PersistentLevel' has LevelScriptBlueprint '/Game/Maps/Camera_Kit.Camera_Kit:PersistentLevel.Camera_Kit' with GeneratedClass '/Game/Maps/Camera_Kit.Camera_Kit_C' with ClassGeneratedBy '/Game/Maps/Camera_Kit.Camera_Kit:PersistentLevel.Camera_Kit'
[2019.11.17-20.40.57:700][237]LogBlueprintUserMessages: Early EndPlayMap Detection: Level '/Game/Maps/Explosive_Kit.Explosive_Kit:PersistentLevel' has LevelScriptBlueprint '/Game/Maps/Explosive_Kit.Explosive_Kit:PersistentLevel.Explosive_Kit' with GeneratedClass '/Game/Maps/Explosive_Kit.Explosive_Kit_C' with ClassGeneratedBy '/Game/Maps/Explosive_Kit.Explosive_Kit:PersistentLevel.Explosive_Kit'
[2019.11.17-20.40.57:702][237]LogBlueprintUserMessages: Early EndPlayMap Detection: Level '/Game/Maps/Teleport_Kit.Teleport_Kit:PersistentLevel' has LevelScriptBlueprint '/Game/Maps/Teleport_Kit.Teleport_Kit:PersistentLevel.Teleport_Kit' with GeneratedClass '/Game/Maps/Teleport_Kit.Teleport_Kit_C' with ClassGeneratedBy '/Game/Maps/Teleport_Kit.Teleport_Kit:PersistentLevel.Teleport_Kit'
[2019.11.17-20.40.57:704][237]LogSlate: Updating window title bar state: overlay mode, drag disabled, window buttons hidden, title bar hidden
[2019.11.17-20.40.57:830][237]LogPlayLevel: Display: Shutting down PIE online subsystems
[2019.11.17-20.40.57:831][237]LogBlueprintUserMessages: Late EndPlayMap Detection: Level '/Game/FirstPersonBP/Maps/FirstPersonExampleMap.FirstPersonExampleMap:PersistentLevel' has LevelScriptBlueprint '/Game/FirstPersonBP/Maps/FirstPersonExampleMap.FirstPersonExampleMap:PersistentLevel.FirstPersonExampleMap' with GeneratedClass '/Game/FirstPersonBP/Maps/FirstPersonExampleMap.FirstPersonExampleMap_C' with ClassGeneratedBy '/Game/FirstPersonBP/Maps/FirstPersonExampleMap.FirstPersonExampleMap:PersistentLevel.FirstPersonExampleMap'
[2019.11.17-20.40.57:833][237]LogBlueprintUserMessages: Late EndPlayMap Detection: Level '/Game/Maps/Door_Breached.Door_Breached:PersistentLevel' has LevelScriptBlueprint '/Game/Maps/Door_Breached.Door_Breached:PersistentLevel.Door_Breached' with GeneratedClass '/Game/Maps/Door_Breached.Door_Breached_C' with ClassGeneratedBy '/Game/Maps/Door_Breached.Door_Breached:PersistentLevel.Door_Breached'
[2019.11.17-20.40.57:834][237]LogBlueprintUserMessages: Late EndPlayMap Detection: Level '/Game/Maps/Door_Kit.Door_Kit:PersistentLevel' has LevelScriptBlueprint '/Game/Maps/Door_Kit.Door_Kit:PersistentLevel.Door_Kit' with GeneratedClass '/Game/Maps/Door_Kit.Door_Kit_C' with ClassGeneratedBy '/Game/Maps/Door_Kit.Door_Kit:PersistentLevel.Door_Kit'
[2019.11.17-20.40.57:835][237]LogBlueprintUserMessages: Late EndPlayMap Detection: Level '/Game/Maps/Turret_Kit.Turret_Kit:PersistentLevel' has LevelScriptBlueprint '/Game/Maps/Turret_Kit.Turret_Kit:PersistentLevel.Turret_Kit' with GeneratedClass '/Game/Maps/Turret_Kit.Turret_Kit_C' with ClassGeneratedBy '/Game/Maps/Turret_Kit.Turret_Kit:PersistentLevel.Turret_Kit'
[2019.11.17-20.40.57:837][237]LogBlueprintUserMessages: Late EndPlayMap Detection: Level '/Game/Maps/Laser_Kit.Laser_Kit:PersistentLevel' has LevelScriptBlueprint '/Game/Maps/Laser_Kit.Laser_Kit:PersistentLevel.Laser_Kit' with GeneratedClass '/Game/Maps/Laser_Kit.Laser_Kit_C' with ClassGeneratedBy '/Game/Maps/Laser_Kit.Laser_Kit:PersistentLevel.Laser_Kit'
[2019.11.17-20.40.57:838][237]LogBlueprintUserMessages: Late EndPlayMap Detection: Level '/Game/Maps/Camera_Kit.Camera_Kit:PersistentLevel' has LevelScriptBlueprint '/Game/Maps/Camera_Kit.Camera_Kit:PersistentLevel.Camera_Kit' with GeneratedClass '/Game/Maps/Camera_Kit.Camera_Kit_C' with ClassGeneratedBy '/Game/Maps/Camera_Kit.Camera_Kit:PersistentLevel.Camera_Kit'
[2019.11.17-20.40.57:840][237]LogBlueprintUserMessages: Late EndPlayMap Detection: Level '/Game/Maps/Explosive_Kit.Explosive_Kit:PersistentLevel' has LevelScriptBlueprint '/Game/Maps/Explosive_Kit.Explosive_Kit:PersistentLevel.Explosive_Kit' with GeneratedClass '/Game/Maps/Explosive_Kit.Explosive_Kit_C' with ClassGeneratedBy '/Game/Maps/Explosive_Kit.Explosive_Kit:PersistentLevel.Explosive_Kit'
[2019.11.17-20.40.57:841][237]LogBlueprintUserMessages: Late EndPlayMap Detection: Level '/Game/Maps/Teleport_Kit.Teleport_Kit:PersistentLevel' has LevelScriptBlueprint '/Game/Maps/Teleport_Kit.Teleport_Kit:PersistentLevel.Teleport_Kit' with GeneratedClass '/Game/Maps/Teleport_Kit.Teleport_Kit_C' with ClassGeneratedBy '/Game/Maps/Teleport_Kit.Teleport_Kit:PersistentLevel.Teleport_Kit'
[2019.11.17-20.40.57:979][237]LogSlate: Updating window title bar state: overlay mode, drag disabled, window buttons hidden, title bar hidden
[2019.11.17-20.40.57:992][237]LogUObjectHash: Compacting FUObjectHashTables data took   7.97ms
[2019.11.17-20.40.59:022][238]LogPlayLevel: Display: Destroying online subsystem :Context_23
[2019.11.17-20.40.59:287][244]LogSlate: FSceneViewport::OnFocusLost() reason 0
[2019.11.17-20.41.57:302][880]BlueprintLog: New page: Compile Safe
[2019.11.17-20.41.58:031][880]LogUObjectHash: Compacting FUObjectHashTables data took  12.57ms
[2019.11.17-20.41.59:705][915]LogTemp: Repeating last play command: Selected Viewport
[2019.11.17-20.41.59:842][915]LogBlueprintUserMessages: Early PlayInEditor Detection: Level '/Game/FirstPersonBP/Maps/FirstPersonExampleMap.FirstPersonExampleMap:PersistentLevel' has LevelScriptBlueprint '/Game/FirstPersonBP/Maps/FirstPersonExampleMap.FirstPersonExampleMap:PersistentLevel.FirstPersonExampleMap' with GeneratedClass '/Game/FirstPersonBP/Maps/FirstPersonExampleMap.FirstPersonExampleMap_C' with ClassGeneratedBy '/Game/FirstPersonBP/Maps/FirstPersonExampleMap.FirstPersonExampleMap:PersistentLevel.FirstPersonExampleMap'
[2019.11.17-20.41.59:844][915]LogBlueprintUserMessages: Early PlayInEditor Detection: Level '/Game/Maps/Door_Breached.Door_Breached:PersistentLevel' has LevelScriptBlueprint '/Game/Maps/Door_Breached.Door_Breached:PersistentLevel.Door_Breached' with GeneratedClass '/Game/Maps/Door_Breached.Door_Breached_C' with ClassGeneratedBy '/Game/Maps/Door_Breached.Door_Breached:PersistentLevel.Door_Breached'
[2019.11.17-20.41.59:846][915]LogBlueprintUserMessages: Early PlayInEditor Detection: Level '/Game/Maps/Door_Kit.Door_Kit:PersistentLevel' has LevelScriptBlueprint '/Game/Maps/Door_Kit.Door_Kit:PersistentLevel.Door_Kit' with GeneratedClass '/Game/Maps/Door_Kit.Door_Kit_C' with ClassGeneratedBy '/Game/Maps/Door_Kit.Door_Kit:PersistentLevel.Door_Kit'
[2019.11.17-20.41.59:847][915]LogBlueprintUserMessages: Early PlayInEditor Detection: Level '/Game/Maps/Turret_Kit.Turret_Kit:PersistentLevel' has LevelScriptBlueprint '/Game/Maps/Turret_Kit.Turret_Kit:PersistentLevel.Turret_Kit' with GeneratedClass '/Game/Maps/Turret_Kit.Turret_Kit_C' with ClassGeneratedBy '/Game/Maps/Turret_Kit.Turret_Kit:PersistentLevel.Turret_Kit'
[2019.11.17-20.41.59:849][915]LogBlueprintUserMessages: Early PlayInEditor Detection: Level '/Game/Maps/Laser_Kit.Laser_Kit:PersistentLevel' has LevelScriptBlueprint '/Game/Maps/Laser_Kit.Laser_Kit:PersistentLevel.Laser_Kit' with GeneratedClass '/Game/Maps/Laser_Kit.Laser_Kit_C' with ClassGeneratedBy '/Game/Maps/Laser_Kit.Laser_Kit:PersistentLevel.Laser_Kit'
[2019.11.17-20.41.59:851][915]LogBlueprintUserMessages: Early PlayInEditor Detection: Level '/Game/Maps/Camera_Kit.Camera_Kit:PersistentLevel' has LevelScriptBlueprint '/Game/Maps/Camera_Kit.Camera_Kit:PersistentLevel.Camera_Kit' with GeneratedClass '/Game/Maps/Camera_Kit.Camera_Kit_C' with ClassGeneratedBy '/Game/Maps/Camera_Kit.Camera_Kit:PersistentLevel.Camera_Kit'
[2019.11.17-20.41.59:852][915]LogBlueprintUserMessages: Early PlayInEditor Detection: Level '/Game/Maps/Explosive_Kit.Explosive_Kit:PersistentLevel' has LevelScriptBlueprint '/Game/Maps/Explosive_Kit.Explosive_Kit:PersistentLevel.Explosive_Kit' with GeneratedClass '/Game/Maps/Explosive_Kit.Explosive_Kit_C' with ClassGeneratedBy '/Game/Maps/Explosive_Kit.Explosive_Kit:PersistentLevel.Explosive_Kit'
[2019.11.17-20.41.59:853][915]LogBlueprintUserMessages: Early PlayInEditor Detection: Level '/Game/Maps/Teleport_Kit.Teleport_Kit:PersistentLevel' has LevelScriptBlueprint '/Game/Maps/Teleport_Kit.Teleport_Kit:PersistentLevel.Teleport_Kit' with GeneratedClass '/Game/Maps/Teleport_Kit.Teleport_Kit_C' with ClassGeneratedBy '/Game/Maps/Teleport_Kit.Teleport_Kit:PersistentLevel.Teleport_Kit'
[2019.11.17-20.41.59:855][915]LogPlayLevel: PlayLevel: No blueprints needed recompiling
[2019.11.17-20.41.59:855][915]PIE: New page: PIE session: FirstPersonExampleMap (Nov 17, 2019, 4:41:59 AM)
[2019.11.17-20.41.59:856][915]LogPlayLevel: Creating play world package: /Game/FirstPersonBP/Maps/UEDPIE_0_FirstPersonExampleMap
[2019.11.17-20.41.59:900][915]LogPlayLevel: PIE: StaticDuplicateObject took: (0.044520s)
[2019.11.17-20.41.59:903][915]LogAIModule: Creating AISystem for world FirstPersonExampleMap
[2019.11.17-20.41.59:904][915]LogPlayLevel: PIE: World Init took: (0.003028s)
[2019.11.17-20.41.59:905][915]LogPlayLevel: PIE: Created PIE world by copying editor world from /Game/FirstPersonBP/Maps/FirstPersonExampleMap.FirstPersonExampleMap to /Game/FirstPersonBP/Maps/UEDPIE_0_FirstPersonExampleMap.FirstPersonExampleMap (0.049499s)
[2019.11.17-20.42.00:056][915]LogUObjectHash: Compacting FUObjectHashTables data took  10.61ms
[2019.11.17-20.42.00:122][915]LogInit: XAudio2 using 'Headset Earphone (SteelSeries Arctis 5 Chat)' : 2 channels at 48 kHz using 16 bits per sample (channel mask 0x3)
[2019.11.17-20.42.00:164][915]LogInit: FAudioDevice initialized.
[2019.11.17-20.42.00:212][915]LogLoad: Game class is 'FirstPersonGameMode_C'
[2019.11.17-20.42.00:224][915]LogWorld: Bringing World /Game/FirstPersonBP/Maps/UEDPIE_0_FirstPersonExampleMap.FirstPersonExampleMap up for play (max tick rate 60) at 2019.11.17-12.42.00
[2019.11.17-20.42.00:226][915]LogWorld: Bringing up level for play took: 0.011078
[2019.11.17-20.42.00:242][915]PIE: Play in editor start time for /Game/FirstPersonBP/Maps/UEDPIE_0_FirstPersonExampleMap 0.57
[2019.11.17-20.42.00:243][915]LogBlueprintUserMessages: Late PlayInEditor Detection: Level '/Game/FirstPersonBP/Maps/FirstPersonExampleMap.FirstPersonExampleMap:PersistentLevel' has LevelScriptBlueprint '/Game/FirstPersonBP/Maps/FirstPersonExampleMap.FirstPersonExampleMap:PersistentLevel.FirstPersonExampleMap' with GeneratedClass '/Game/FirstPersonBP/Maps/FirstPersonExampleMap.FirstPersonExampleMap_C' with ClassGeneratedBy '/Game/FirstPersonBP/Maps/FirstPersonExampleMap.FirstPersonExampleMap:PersistentLevel.FirstPersonExampleMap'
[2019.11.17-20.42.00:245][915]LogBlueprintUserMessages: Late PlayInEditor Detection: Level '/Game/Maps/Door_Breached.Door_Breached:PersistentLevel' has LevelScriptBlueprint '/Game/Maps/Door_Breached.Door_Breached:PersistentLevel.Door_Breached' with GeneratedClass '/Game/Maps/Door_Breached.Door_Breached_C' with ClassGeneratedBy '/Game/Maps/Door_Breached.Door_Breached:PersistentLevel.Door_Breached'
[2019.11.17-20.42.00:246][915]LogBlueprintUserMessages: Late PlayInEditor Detection: Level '/Game/Maps/Door_Kit.Door_Kit:PersistentLevel' has LevelScriptBlueprint '/Game/Maps/Door_Kit.Door_Kit:PersistentLevel.Door_Kit' with GeneratedClass '/Game/Maps/Door_Kit.Door_Kit_C' with ClassGeneratedBy '/Game/Maps/Door_Kit.Door_Kit:PersistentLevel.Door_Kit'
[2019.11.17-20.42.00:247][915]LogBlueprintUserMessages: Late PlayInEditor Detection: Level '/Game/Maps/Turret_Kit.Turret_Kit:PersistentLevel' has LevelScriptBlueprint '/Game/Maps/Turret_Kit.Turret_Kit:PersistentLevel.Turret_Kit' with GeneratedClass '/Game/Maps/Turret_Kit.Turret_Kit_C' with ClassGeneratedBy '/Game/Maps/Turret_Kit.Turret_Kit:PersistentLevel.Turret_Kit'
[2019.11.17-20.42.00:247][915]LogBlueprintUserMessages: Late PlayInEditor Detection: Level '/Game/Maps/Laser_Kit.Laser_Kit:PersistentLevel' has LevelScriptBlueprint '/Game/Maps/Laser_Kit.Laser_Kit:PersistentLevel.Laser_Kit' with GeneratedClass '/Game/Maps/Laser_Kit.Laser_Kit_C' with ClassGeneratedBy '/Game/Maps/Laser_Kit.Laser_Kit:PersistentLevel.Laser_Kit'
[2019.11.17-20.42.00:248][915]LogBlueprintUserMessages: Late PlayInEditor Detection: Level '/Game/Maps/Camera_Kit.Camera_Kit:PersistentLevel' has LevelScriptBlueprint '/Game/Maps/Camera_Kit.Camera_Kit:PersistentLevel.Camera_Kit' with GeneratedClass '/Game/Maps/Camera_Kit.Camera_Kit_C' with ClassGeneratedBy '/Game/Maps/Camera_Kit.Camera_Kit:PersistentLevel.Camera_Kit'
[2019.11.17-20.42.00:249][915]LogBlueprintUserMessages: Late PlayInEditor Detection: Level '/Game/Maps/Explosive_Kit.Explosive_Kit:PersistentLevel' has LevelScriptBlueprint '/Game/Maps/Explosive_Kit.Explosive_Kit:PersistentLevel.Explosive_Kit' with GeneratedClass '/Game/Maps/Explosive_Kit.Explosive_Kit_C' with ClassGeneratedBy '/Game/Maps/Explosive_Kit.Explosive_Kit:PersistentLevel.Explosive_Kit'
[2019.11.17-20.42.00:250][915]LogBlueprintUserMessages: Late PlayInEditor Detection: Level '/Game/Maps/Teleport_Kit.Teleport_Kit:PersistentLevel' has LevelScriptBlueprint '/Game/Maps/Teleport_Kit.Teleport_Kit:PersistentLevel.Teleport_Kit' with GeneratedClass '/Game/Maps/Teleport_Kit.Teleport_Kit_C' with ClassGeneratedBy '/Game/Maps/Teleport_Kit.Teleport_Kit:PersistentLevel.Teleport_Kit'
[2019.11.17-20.42.02:981][979]LogBlueprintUserMessages: [Safe_2] Safe: BEEP
[2019.11.17-20.42.03:772][  3]LogBlueprintUserMessages: [Safe_2] Safe: BEEP
[2019.11.17-20.42.04:376][ 21]LogBlueprintUserMessages: [Safe_2] Safe: BEEP
[2019.11.17-20.42.05:128][ 44]LogBlueprintUserMessages: [Safe_2] Safe: BEEP
[2019.11.17-20.42.05:960][ 69]LogBlueprintUserMessages: [Safe_2] Safe: BEEP
[2019.11.17-20.42.06:530][ 86]LogBlueprintUserMessages: [Safe_2] Safe: BEEP
[2019.11.17-20.42.07:298][110]LogBlueprintUserMessages: [Safe_2] Safe: Code sequence at full length; clear a character(s) first
[2019.11.17-20.42.10:628][207]LogBlueprintUserMessages: [Safe_2] Safe: Code entered is incorrect
[2019.11.17-20.42.15:634][359]LogBlueprintUserMessages: [Safe_2] Safe: BEEP
[2019.11.17-20.42.17:517][416]LogBlueprintUserMessages: Early EndPlayMap Detection: Level '/Game/FirstPersonBP/Maps/FirstPersonExampleMap.FirstPersonExampleMap:PersistentLevel' has LevelScriptBlueprint '/Game/FirstPersonBP/Maps/FirstPersonExampleMap.FirstPersonExampleMap:PersistentLevel.FirstPersonExampleMap' with GeneratedClass '/Game/FirstPersonBP/Maps/FirstPersonExampleMap.FirstPersonExampleMap_C' with ClassGeneratedBy '/Game/FirstPersonBP/Maps/FirstPersonExampleMap.FirstPersonExampleMap:PersistentLevel.FirstPersonExampleMap'
[2019.11.17-20.42.17:518][416]LogBlueprintUserMessages: Early EndPlayMap Detection: Level '/Game/Maps/Door_Breached.Door_Breached:PersistentLevel' has LevelScriptBlueprint '/Game/Maps/Door_Breached.Door_Breached:PersistentLevel.Door_Breached' with GeneratedClass '/Game/Maps/Door_Breached.Door_Breached_C' with ClassGeneratedBy '/Game/Maps/Door_Breached.Door_Breached:PersistentLevel.Door_Breached'
[2019.11.17-20.42.17:520][416]LogBlueprintUserMessages: Early EndPlayMap Detection: Level '/Game/Maps/Door_Kit.Door_Kit:PersistentLevel' has LevelScriptBlueprint '/Game/Maps/Door_Kit.Door_Kit:PersistentLevel.Door_Kit' with GeneratedClass '/Game/Maps/Door_Kit.Door_Kit_C' with ClassGeneratedBy '/Game/Maps/Door_Kit.Door_Kit:PersistentLevel.Door_Kit'
[2019.11.17-20.42.17:521][416]LogBlueprintUserMessages: Early EndPlayMap Detection: Level '/Game/Maps/Turret_Kit.Turret_Kit:PersistentLevel' has LevelScriptBlueprint '/Game/Maps/Turret_Kit.Turret_Kit:PersistentLevel.Turret_Kit' with GeneratedClass '/Game/Maps/Turret_Kit.Turret_Kit_C' with ClassGeneratedBy '/Game/Maps/Turret_Kit.Turret_Kit:PersistentLevel.Turret_Kit'
[2019.11.17-20.42.17:522][416]LogBlueprintUserMessages: Early EndPlayMap Detection: Level '/Game/Maps/Laser_Kit.Laser_Kit:PersistentLevel' has LevelScriptBlueprint '/Game/Maps/Laser_Kit.Laser_Kit:PersistentLevel.Laser_Kit' with GeneratedClass '/Game/Maps/Laser_Kit.Laser_Kit_C' with ClassGeneratedBy '/Game/Maps/Laser_Kit.Laser_Kit:PersistentLevel.Laser_Kit'
[2019.11.17-20.42.17:523][416]LogBlueprintUserMessages: Early EndPlayMap Detection: Level '/Game/Maps/Camera_Kit.Camera_Kit:PersistentLevel' has LevelScriptBlueprint '/Game/Maps/Camera_Kit.Camera_Kit:PersistentLevel.Camera_Kit' with GeneratedClass '/Game/Maps/Camera_Kit.Camera_Kit_C' with ClassGeneratedBy '/Game/Maps/Camera_Kit.Camera_Kit:PersistentLevel.Camera_Kit'
[2019.11.17-20.42.17:525][416]LogBlueprintUserMessages: Early EndPlayMap Detection: Level '/Game/Maps/Explosive_Kit.Explosive_Kit:PersistentLevel' has LevelScriptBlueprint '/Game/Maps/Explosive_Kit.Explosive_Kit:PersistentLevel.Explosive_Kit' with GeneratedClass '/Game/Maps/Explosive_Kit.Explosive_Kit_C' with ClassGeneratedBy '/Game/Maps/Explosive_Kit.Explosive_Kit:PersistentLevel.Explosive_Kit'
[2019.11.17-20.42.17:526][416]LogBlueprintUserMessages: Early EndPlayMap Detection: Level '/Game/Maps/Teleport_Kit.Teleport_Kit:PersistentLevel' has LevelScriptBlueprint '/Game/Maps/Teleport_Kit.Teleport_Kit:PersistentLevel.Teleport_Kit' with GeneratedClass '/Game/Maps/Teleport_Kit.Teleport_Kit_C' with ClassGeneratedBy '/Game/Maps/Teleport_Kit.Teleport_Kit:PersistentLevel.Teleport_Kit'
[2019.11.17-20.42.17:528][416]LogSlate: Updating window title bar state: overlay mode, drag disabled, window buttons hidden, title bar hidden
[2019.11.17-20.42.17:601][416]LogPlayLevel: Display: Shutting down PIE online subsystems
[2019.11.17-20.42.17:602][416]LogBlueprintUserMessages: Late EndPlayMap Detection: Level '/Game/FirstPersonBP/Maps/FirstPersonExampleMap.FirstPersonExampleMap:PersistentLevel' has LevelScriptBlueprint '/Game/FirstPersonBP/Maps/FirstPersonExampleMap.FirstPersonExampleMap:PersistentLevel.FirstPersonExampleMap' with GeneratedClass '/Game/FirstPersonBP/Maps/FirstPersonExampleMap.FirstPersonExampleMap_C' with ClassGeneratedBy '/Game/FirstPersonBP/Maps/FirstPersonExampleMap.FirstPersonExampleMap:PersistentLevel.FirstPersonExampleMap'
[2019.11.17-20.42.17:604][416]LogBlueprintUserMessages: Late EndPlayMap Detection: Level '/Game/Maps/Door_Breached.Door_Breached:PersistentLevel' has LevelScriptBlueprint '/Game/Maps/Door_Breached.Door_Breached:PersistentLevel.Door_Breached' with GeneratedClass '/Game/Maps/Door_Breached.Door_Breached_C' with ClassGeneratedBy '/Game/Maps/Door_Breached.Door_Breached:PersistentLevel.Door_Breached'
[2019.11.17-20.42.17:605][416]LogBlueprintUserMessages: Late EndPlayMap Detection: Level '/Game/Maps/Door_Kit.Door_Kit:PersistentLevel' has LevelScriptBlueprint '/Game/Maps/Door_Kit.Door_Kit:PersistentLevel.Door_Kit' with GeneratedClass '/Game/Maps/Door_Kit.Door_Kit_C' with ClassGeneratedBy '/Game/Maps/Door_Kit.Door_Kit:PersistentLevel.Door_Kit'
[2019.11.17-20.42.17:606][416]LogBlueprintUserMessages: Late EndPlayMap Detection: Level '/Game/Maps/Turret_Kit.Turret_Kit:PersistentLevel' has LevelScriptBlueprint '/Game/Maps/Turret_Kit.Turret_Kit:PersistentLevel.Turret_Kit' with GeneratedClass '/Game/Maps/Turret_Kit.Turret_Kit_C' with ClassGeneratedBy '/Game/Maps/Turret_Kit.Turret_Kit:PersistentLevel.Turret_Kit'
[2019.11.17-20.42.17:607][416]LogBlueprintUserMessages: Late EndPlayMap Detection: Level '/Game/Maps/Laser_Kit.Laser_Kit:PersistentLevel' has LevelScriptBlueprint '/Game/Maps/Laser_Kit.Laser_Kit:PersistentLevel.Laser_Kit' with GeneratedClass '/Game/Maps/Laser_Kit.Laser_Kit_C' with ClassGeneratedBy '/Game/Maps/Laser_Kit.Laser_Kit:PersistentLevel.Laser_Kit'
[2019.11.17-20.42.17:608][416]LogBlueprintUserMessages: Late EndPlayMap Detection: Level '/Game/Maps/Camera_Kit.Camera_Kit:PersistentLevel' has LevelScriptBlueprint '/Game/Maps/Camera_Kit.Camera_Kit:PersistentLevel.Camera_Kit' with GeneratedClass '/Game/Maps/Camera_Kit.Camera_Kit_C' with ClassGeneratedBy '/Game/Maps/Camera_Kit.Camera_Kit:PersistentLevel.Camera_Kit'
[2019.11.17-20.42.17:609][416]LogBlueprintUserMessages: Late EndPlayMap Detection: Level '/Game/Maps/Explosive_Kit.Explosive_Kit:PersistentLevel' has LevelScriptBlueprint '/Game/Maps/Explosive_Kit.Explosive_Kit:PersistentLevel.Explosive_Kit' with GeneratedClass '/Game/Maps/Explosive_Kit.Explosive_Kit_C' with ClassGeneratedBy '/Game/Maps/Explosive_Kit.Explosive_Kit:PersistentLevel.Explosive_Kit'
[2019.11.17-20.42.17:610][416]LogBlueprintUserMessages: Late EndPlayMap Detection: Level '/Game/Maps/Teleport_Kit.Teleport_Kit:PersistentLevel' has LevelScriptBlueprint '/Game/Maps/Teleport_Kit.Teleport_Kit:PersistentLevel.Teleport_Kit' with GeneratedClass '/Game/Maps/Teleport_Kit.Teleport_Kit_C' with ClassGeneratedBy '/Game/Maps/Teleport_Kit.Teleport_Kit:PersistentLevel.Teleport_Kit'
[2019.11.17-20.42.17:734][416]LogSlate: Updating window title bar state: overlay mode, drag disabled, window buttons hidden, title bar hidden
[2019.11.17-20.42.17:749][416]LogUObjectHash: Compacting FUObjectHashTables data took   9.29ms
[2019.11.17-20.42.18:207][417]LogPlayLevel: Display: Destroying online subsystem :Context_24
[2019.11.17-20.42.18:875][438]LogSlate: FSceneViewport::OnFocusLost() reason 0
[2019.11.17-20.43.04:409][771]LogTemp: Repeating last play command: Selected Viewport
[2019.11.17-20.43.04:514][771]LogBlueprintUserMessages: Early PlayInEditor Detection: Level '/Game/FirstPersonBP/Maps/FirstPersonExampleMap.FirstPersonExampleMap:PersistentLevel' has LevelScriptBlueprint '/Game/FirstPersonBP/Maps/FirstPersonExampleMap.FirstPersonExampleMap:PersistentLevel.FirstPersonExampleMap' with GeneratedClass '/Game/FirstPersonBP/Maps/FirstPersonExampleMap.FirstPersonExampleMap_C' with ClassGeneratedBy '/Game/FirstPersonBP/Maps/FirstPersonExampleMap.FirstPersonExampleMap:PersistentLevel.FirstPersonExampleMap'
[2019.11.17-20.43.04:515][771]LogBlueprintUserMessages: Early PlayInEditor Detection: Level '/Game/Maps/Door_Breached.Door_Breached:PersistentLevel' has LevelScriptBlueprint '/Game/Maps/Door_Breached.Door_Breached:PersistentLevel.Door_Breached' with GeneratedClass '/Game/Maps/Door_Breached.Door_Breached_C' with ClassGeneratedBy '/Game/Maps/Door_Breached.Door_Breached:PersistentLevel.Door_Breached'
[2019.11.17-20.43.04:516][771]LogBlueprintUserMessages: Early PlayInEditor Detection: Level '/Game/Maps/Door_Kit.Door_Kit:PersistentLevel' has LevelScriptBlueprint '/Game/Maps/Door_Kit.Door_Kit:PersistentLevel.Door_Kit' with GeneratedClass '/Game/Maps/Door_Kit.Door_Kit_C' with ClassGeneratedBy '/Game/Maps/Door_Kit.Door_Kit:PersistentLevel.Door_Kit'
[2019.11.17-20.43.04:517][771]LogBlueprintUserMessages: Early PlayInEditor Detection: Level '/Game/Maps/Turret_Kit.Turret_Kit:PersistentLevel' has LevelScriptBlueprint '/Game/Maps/Turret_Kit.Turret_Kit:PersistentLevel.Turret_Kit' with GeneratedClass '/Game/Maps/Turret_Kit.Turret_Kit_C' with ClassGeneratedBy '/Game/Maps/Turret_Kit.Turret_Kit:PersistentLevel.Turret_Kit'
[2019.11.17-20.43.04:519][771]LogBlueprintUserMessages: Early PlayInEditor Detection: Level '/Game/Maps/Laser_Kit.Laser_Kit:PersistentLevel' has LevelScriptBlueprint '/Game/Maps/Laser_Kit.Laser_Kit:PersistentLevel.Laser_Kit' with GeneratedClass '/Game/Maps/Laser_Kit.Laser_Kit_C' with ClassGeneratedBy '/Game/Maps/Laser_Kit.Laser_Kit:PersistentLevel.Laser_Kit'
[2019.11.17-20.43.04:520][771]LogBlueprintUserMessages: Early PlayInEditor Detection: Level '/Game/Maps/Camera_Kit.Camera_Kit:PersistentLevel' has LevelScriptBlueprint '/Game/Maps/Camera_Kit.Camera_Kit:PersistentLevel.Camera_Kit' with GeneratedClass '/Game/Maps/Camera_Kit.Camera_Kit_C' with ClassGeneratedBy '/Game/Maps/Camera_Kit.Camera_Kit:PersistentLevel.Camera_Kit'
[2019.11.17-20.43.04:521][771]LogBlueprintUserMessages: Early PlayInEditor Detection: Level '/Game/Maps/Explosive_Kit.Explosive_Kit:PersistentLevel' has LevelScriptBlueprint '/Game/Maps/Explosive_Kit.Explosive_Kit:PersistentLevel.Explosive_Kit' with GeneratedClass '/Game/Maps/Explosive_Kit.Explosive_Kit_C' with ClassGeneratedBy '/Game/Maps/Explosive_Kit.Explosive_Kit:PersistentLevel.Explosive_Kit'
[2019.11.17-20.43.04:522][771]LogBlueprintUserMessages: Early PlayInEditor Detection: Level '/Game/Maps/Teleport_Kit.Teleport_Kit:PersistentLevel' has LevelScriptBlueprint '/Game/Maps/Teleport_Kit.Teleport_Kit:PersistentLevel.Teleport_Kit' with GeneratedClass '/Game/Maps/Teleport_Kit.Teleport_Kit_C' with ClassGeneratedBy '/Game/Maps/Teleport_Kit.Teleport_Kit:PersistentLevel.Teleport_Kit'
[2019.11.17-20.43.04:524][771]LogPlayLevel: PlayLevel: No blueprints needed recompiling
[2019.11.17-20.43.04:525][771]PIE: New page: PIE session: FirstPersonExampleMap (Nov 17, 2019, 4:43:04 AM)
[2019.11.17-20.43.04:525][771]LogPlayLevel: Creating play world package: /Game/FirstPersonBP/Maps/UEDPIE_0_FirstPersonExampleMap
[2019.11.17-20.43.04:572][771]LogPlayLevel: PIE: StaticDuplicateObject took: (0.046662s)
[2019.11.17-20.43.04:574][771]LogAIModule: Creating AISystem for world FirstPersonExampleMap
[2019.11.17-20.43.04:576][771]LogPlayLevel: PIE: World Init took: (0.002646s)
[2019.11.17-20.43.04:576][771]LogPlayLevel: PIE: Created PIE world by copying editor world from /Game/FirstPersonBP/Maps/FirstPersonExampleMap.FirstPersonExampleMap to /Game/FirstPersonBP/Maps/UEDPIE_0_FirstPersonExampleMap.FirstPersonExampleMap (0.050710s)
[2019.11.17-20.43.04:729][771]LogUObjectHash: Compacting FUObjectHashTables data took   8.84ms
[2019.11.17-20.43.04:809][771]LogInit: XAudio2 using 'Headset Earphone (SteelSeries Arctis 5 Chat)' : 2 channels at 48 kHz using 16 bits per sample (channel mask 0x3)
[2019.11.17-20.43.04:854][771]LogInit: FAudioDevice initialized.
[2019.11.17-20.43.04:902][771]LogLoad: Game class is 'FirstPersonGameMode_C'
[2019.11.17-20.43.04:913][771]LogWorld: Bringing World /Game/FirstPersonBP/Maps/UEDPIE_0_FirstPersonExampleMap.FirstPersonExampleMap up for play (max tick rate 60) at 2019.11.17-12.43.04
[2019.11.17-20.43.04:915][771]LogWorld: Bringing up level for play took: 0.011343
[2019.11.17-20.43.04:932][771]PIE: Play in editor start time for /Game/FirstPersonBP/Maps/UEDPIE_0_FirstPersonExampleMap 1.261
[2019.11.17-20.43.04:933][771]LogBlueprintUserMessages: Late PlayInEditor Detection: Level '/Game/FirstPersonBP/Maps/FirstPersonExampleMap.FirstPersonExampleMap:PersistentLevel' has LevelScriptBlueprint '/Game/FirstPersonBP/Maps/FirstPersonExampleMap.FirstPersonExampleMap:PersistentLevel.FirstPersonExampleMap' with GeneratedClass '/Game/FirstPersonBP/Maps/FirstPersonExampleMap.FirstPersonExampleMap_C' with ClassGeneratedBy '/Game/FirstPersonBP/Maps/FirstPersonExampleMap.FirstPersonExampleMap:PersistentLevel.FirstPersonExampleMap'
[2019.11.17-20.43.04:934][771]LogBlueprintUserMessages: Late PlayInEditor Detection: Level '/Game/Maps/Door_Breached.Door_Breached:PersistentLevel' has LevelScriptBlueprint '/Game/Maps/Door_Breached.Door_Breached:PersistentLevel.Door_Breached' with GeneratedClass '/Game/Maps/Door_Breached.Door_Breached_C' with ClassGeneratedBy '/Game/Maps/Door_Breached.Door_Breached:PersistentLevel.Door_Breached'
[2019.11.17-20.43.04:935][771]LogBlueprintUserMessages: Late PlayInEditor Detection: Level '/Game/Maps/Door_Kit.Door_Kit:PersistentLevel' has LevelScriptBlueprint '/Game/Maps/Door_Kit.Door_Kit:PersistentLevel.Door_Kit' with GeneratedClass '/Game/Maps/Door_Kit.Door_Kit_C' with ClassGeneratedBy '/Game/Maps/Door_Kit.Door_Kit:PersistentLevel.Door_Kit'
[2019.11.17-20.43.04:936][771]LogBlueprintUserMessages: Late PlayInEditor Detection: Level '/Game/Maps/Turret_Kit.Turret_Kit:PersistentLevel' has LevelScriptBlueprint '/Game/Maps/Turret_Kit.Turret_Kit:PersistentLevel.Turret_Kit' with GeneratedClass '/Game/Maps/Turret_Kit.Turret_Kit_C' with ClassGeneratedBy '/Game/Maps/Turret_Kit.Turret_Kit:PersistentLevel.Turret_Kit'
[2019.11.17-20.43.04:937][771]LogBlueprintUserMessages: Late PlayInEditor Detection: Level '/Game/Maps/Laser_Kit.Laser_Kit:PersistentLevel' has LevelScriptBlueprint '/Game/Maps/Laser_Kit.Laser_Kit:PersistentLevel.Laser_Kit' with GeneratedClass '/Game/Maps/Laser_Kit.Laser_Kit_C' with ClassGeneratedBy '/Game/Maps/Laser_Kit.Laser_Kit:PersistentLevel.Laser_Kit'
[2019.11.17-20.43.04:939][771]LogBlueprintUserMessages: Late PlayInEditor Detection: Level '/Game/Maps/Camera_Kit.Camera_Kit:PersistentLevel' has LevelScriptBlueprint '/Game/Maps/Camera_Kit.Camera_Kit:PersistentLevel.Camera_Kit' with GeneratedClass '/Game/Maps/Camera_Kit.Camera_Kit_C' with ClassGeneratedBy '/Game/Maps/Camera_Kit.Camera_Kit:PersistentLevel.Camera_Kit'
[2019.11.17-20.43.04:940][771]LogBlueprintUserMessages: Late PlayInEditor Detection: Level '/Game/Maps/Explosive_Kit.Explosive_Kit:PersistentLevel' has LevelScriptBlueprint '/Game/Maps/Explosive_Kit.Explosive_Kit:PersistentLevel.Explosive_Kit' with GeneratedClass '/Game/Maps/Explosive_Kit.Explosive_Kit_C' with ClassGeneratedBy '/Game/Maps/Explosive_Kit.Explosive_Kit:PersistentLevel.Explosive_Kit'
[2019.11.17-20.43.04:941][771]LogBlueprintUserMessages: Late PlayInEditor Detection: Level '/Game/Maps/Teleport_Kit.Teleport_Kit:PersistentLevel' has LevelScriptBlueprint '/Game/Maps/Teleport_Kit.Teleport_Kit:PersistentLevel.Teleport_Kit' with GeneratedClass '/Game/Maps/Teleport_Kit.Teleport_Kit_C' with ClassGeneratedBy '/Game/Maps/Teleport_Kit.Teleport_Kit:PersistentLevel.Teleport_Kit'
[2019.11.17-20.43.07:493][830]LogBlueprintUserMessages: [Safe_2] Safe: BEEP
[2019.11.17-20.43.08:074][845]LogBlueprintUserMessages: [Safe_2] Safe: BEEP
[2019.11.17-20.43.08:837][862]LogBlueprintUserMessages: [Safe_2] Safe: BEEP
[2019.11.17-20.43.10:155][888]LogBlueprintDebug: Warning: Hit breakpoint on node 'K2Node_VariableSet', from offset 2146
[2019.11.17-20.43.10:156][888]LogBlueprintDebug: 
Script call stack:
	Function /Game/FirstPersonBP/Blueprints/FirstPersonCharacter.FirstPersonCharacter_C:InpActEvt_Interact_K2Node_InputActionEvent_1
	Function /Game/FirstPersonBP/Blueprints/FirstPersonCharacter.FirstPersonCharacter_C:ExecuteUbergraph_FirstPersonCharacter
	Function /Game/Kits/Safe/Safe.Safe_C:Press Button
	Function /Game/Kits/Safe/Safe.Safe_C:ExecuteUbergraph_Safe

[2019.11.17-20.43.10:171][888]LogSlate: FSceneViewport::OnFocusLost() reason 2
[2019.11.17-20.43.22:090][888]LogBlueprintUserMessages: Early EndPlayMap Detection: Level '/Game/FirstPersonBP/Maps/FirstPersonExampleMap.FirstPersonExampleMap:PersistentLevel' has LevelScriptBlueprint '/Game/FirstPersonBP/Maps/FirstPersonExampleMap.FirstPersonExampleMap:PersistentLevel.FirstPersonExampleMap' with GeneratedClass '/Game/FirstPersonBP/Maps/FirstPersonExampleMap.FirstPersonExampleMap_C' with ClassGeneratedBy '/Game/FirstPersonBP/Maps/FirstPersonExampleMap.FirstPersonExampleMap:PersistentLevel.FirstPersonExampleMap'
[2019.11.17-20.43.22:091][888]LogBlueprintUserMessages: Early EndPlayMap Detection: Level '/Game/Maps/Door_Breached.Door_Breached:PersistentLevel' has LevelScriptBlueprint '/Game/Maps/Door_Breached.Door_Breached:PersistentLevel.Door_Breached' with GeneratedClass '/Game/Maps/Door_Breached.Door_Breached_C' with ClassGeneratedBy '/Game/Maps/Door_Breached.Door_Breached:PersistentLevel.Door_Breached'
[2019.11.17-20.43.22:093][888]LogBlueprintUserMessages: Early EndPlayMap Detection: Level '/Game/Maps/Door_Kit.Door_Kit:PersistentLevel' has LevelScriptBlueprint '/Game/Maps/Door_Kit.Door_Kit:PersistentLevel.Door_Kit' with GeneratedClass '/Game/Maps/Door_Kit.Door_Kit_C' with ClassGeneratedBy '/Game/Maps/Door_Kit.Door_Kit:PersistentLevel.Door_Kit'
[2019.11.17-20.43.22:095][888]LogBlueprintUserMessages: Early EndPlayMap Detection: Level '/Game/Maps/Turret_Kit.Turret_Kit:PersistentLevel' has LevelScriptBlueprint '/Game/Maps/Turret_Kit.Turret_Kit:PersistentLevel.Turret_Kit' with GeneratedClass '/Game/Maps/Turret_Kit.Turret_Kit_C' with ClassGeneratedBy '/Game/Maps/Turret_Kit.Turret_Kit:PersistentLevel.Turret_Kit'
[2019.11.17-20.43.22:096][888]LogBlueprintUserMessages: Early EndPlayMap Detection: Level '/Game/Maps/Laser_Kit.Laser_Kit:PersistentLevel' has LevelScriptBlueprint '/Game/Maps/Laser_Kit.Laser_Kit:PersistentLevel.Laser_Kit' with GeneratedClass '/Game/Maps/Laser_Kit.Laser_Kit_C' with ClassGeneratedBy '/Game/Maps/Laser_Kit.Laser_Kit:PersistentLevel.Laser_Kit'
[2019.11.17-20.43.22:097][888]LogBlueprintUserMessages: Early EndPlayMap Detection: Level '/Game/Maps/Camera_Kit.Camera_Kit:PersistentLevel' has LevelScriptBlueprint '/Game/Maps/Camera_Kit.Camera_Kit:PersistentLevel.Camera_Kit' with GeneratedClass '/Game/Maps/Camera_Kit.Camera_Kit_C' with ClassGeneratedBy '/Game/Maps/Camera_Kit.Camera_Kit:PersistentLevel.Camera_Kit'
[2019.11.17-20.43.22:098][888]LogBlueprintUserMessages: Early EndPlayMap Detection: Level '/Game/Maps/Explosive_Kit.Explosive_Kit:PersistentLevel' has LevelScriptBlueprint '/Game/Maps/Explosive_Kit.Explosive_Kit:PersistentLevel.Explosive_Kit' with GeneratedClass '/Game/Maps/Explosive_Kit.Explosive_Kit_C' with ClassGeneratedBy '/Game/Maps/Explosive_Kit.Explosive_Kit:PersistentLevel.Explosive_Kit'
[2019.11.17-20.43.22:100][888]LogBlueprintUserMessages: Early EndPlayMap Detection: Level '/Game/Maps/Teleport_Kit.Teleport_Kit:PersistentLevel' has LevelScriptBlueprint '/Game/Maps/Teleport_Kit.Teleport_Kit:PersistentLevel.Teleport_Kit' with GeneratedClass '/Game/Maps/Teleport_Kit.Teleport_Kit_C' with ClassGeneratedBy '/Game/Maps/Teleport_Kit.Teleport_Kit:PersistentLevel.Teleport_Kit'
[2019.11.17-20.43.22:102][888]LogSlate: Updating window title bar state: overlay mode, drag disabled, window buttons hidden, title bar hidden
[2019.11.17-20.43.22:188][888]LogPlayLevel: Display: Shutting down PIE online subsystems
[2019.11.17-20.43.22:188][888]LogBlueprintUserMessages: Late EndPlayMap Detection: Level '/Game/FirstPersonBP/Maps/FirstPersonExampleMap.FirstPersonExampleMap:PersistentLevel' has LevelScriptBlueprint '/Game/FirstPersonBP/Maps/FirstPersonExampleMap.FirstPersonExampleMap:PersistentLevel.FirstPersonExampleMap' with GeneratedClass '/Game/FirstPersonBP/Maps/FirstPersonExampleMap.FirstPersonExampleMap_C' with ClassGeneratedBy '/Game/FirstPersonBP/Maps/FirstPersonExampleMap.FirstPersonExampleMap:PersistentLevel.FirstPersonExampleMap'
[2019.11.17-20.43.22:190][888]LogBlueprintUserMessages: Late EndPlayMap Detection: Level '/Game/Maps/Door_Breached.Door_Breached:PersistentLevel' has LevelScriptBlueprint '/Game/Maps/Door_Breached.Door_Breached:PersistentLevel.Door_Breached' with GeneratedClass '/Game/Maps/Door_Breached.Door_Breached_C' with ClassGeneratedBy '/Game/Maps/Door_Breached.Door_Breached:PersistentLevel.Door_Breached'
[2019.11.17-20.43.22:191][888]LogBlueprintUserMessages: Late EndPlayMap Detection: Level '/Game/Maps/Door_Kit.Door_Kit:PersistentLevel' has LevelScriptBlueprint '/Game/Maps/Door_Kit.Door_Kit:PersistentLevel.Door_Kit' with GeneratedClass '/Game/Maps/Door_Kit.Door_Kit_C' with ClassGeneratedBy '/Game/Maps/Door_Kit.Door_Kit:PersistentLevel.Door_Kit'
[2019.11.17-20.43.22:192][888]LogBlueprintUserMessages: Late EndPlayMap Detection: Level '/Game/Maps/Turret_Kit.Turret_Kit:PersistentLevel' has LevelScriptBlueprint '/Game/Maps/Turret_Kit.Turret_Kit:PersistentLevel.Turret_Kit' with GeneratedClass '/Game/Maps/Turret_Kit.Turret_Kit_C' with ClassGeneratedBy '/Game/Maps/Turret_Kit.Turret_Kit:PersistentLevel.Turret_Kit'
[2019.11.17-20.43.22:193][888]LogBlueprintUserMessages: Late EndPlayMap Detection: Level '/Game/Maps/Laser_Kit.Laser_Kit:PersistentLevel' has LevelScriptBlueprint '/Game/Maps/Laser_Kit.Laser_Kit:PersistentLevel.Laser_Kit' with GeneratedClass '/Game/Maps/Laser_Kit.Laser_Kit_C' with ClassGeneratedBy '/Game/Maps/Laser_Kit.Laser_Kit:PersistentLevel.Laser_Kit'
[2019.11.17-20.43.22:194][888]LogBlueprintUserMessages: Late EndPlayMap Detection: Level '/Game/Maps/Camera_Kit.Camera_Kit:PersistentLevel' has LevelScriptBlueprint '/Game/Maps/Camera_Kit.Camera_Kit:PersistentLevel.Camera_Kit' with GeneratedClass '/Game/Maps/Camera_Kit.Camera_Kit_C' with ClassGeneratedBy '/Game/Maps/Camera_Kit.Camera_Kit:PersistentLevel.Camera_Kit'
[2019.11.17-20.43.22:195][888]LogBlueprintUserMessages: Late EndPlayMap Detection: Level '/Game/Maps/Explosive_Kit.Explosive_Kit:PersistentLevel' has LevelScriptBlueprint '/Game/Maps/Explosive_Kit.Explosive_Kit:PersistentLevel.Explosive_Kit' with GeneratedClass '/Game/Maps/Explosive_Kit.Explosive_Kit_C' with ClassGeneratedBy '/Game/Maps/Explosive_Kit.Explosive_Kit:PersistentLevel.Explosive_Kit'
[2019.11.17-20.43.22:196][888]LogBlueprintUserMessages: Late EndPlayMap Detection: Level '/Game/Maps/Teleport_Kit.Teleport_Kit:PersistentLevel' has LevelScriptBlueprint '/Game/Maps/Teleport_Kit.Teleport_Kit:PersistentLevel.Teleport_Kit' with GeneratedClass '/Game/Maps/Teleport_Kit.Teleport_Kit_C' with ClassGeneratedBy '/Game/Maps/Teleport_Kit.Teleport_Kit:PersistentLevel.Teleport_Kit'
[2019.11.17-20.43.22:321][888]LogSlate: Updating window title bar state: overlay mode, drag disabled, window buttons hidden, title bar hidden
[2019.11.17-20.43.22:333][888]LogUObjectHash: Compacting FUObjectHashTables data took   5.70ms
[2019.11.17-20.43.22:770][889]LogPlayLevel: Display: Destroying online subsystem :Context_25
[2019.11.17-20.43.26:595][  4]LogTemp: Repeating last play command: Selected Viewport
[2019.11.17-20.43.26:702][  4]LogBlueprintUserMessages: Early PlayInEditor Detection: Level '/Game/FirstPersonBP/Maps/FirstPersonExampleMap.FirstPersonExampleMap:PersistentLevel' has LevelScriptBlueprint '/Game/FirstPersonBP/Maps/FirstPersonExampleMap.FirstPersonExampleMap:PersistentLevel.FirstPersonExampleMap' with GeneratedClass '/Game/FirstPersonBP/Maps/FirstPersonExampleMap.FirstPersonExampleMap_C' with ClassGeneratedBy '/Game/FirstPersonBP/Maps/FirstPersonExampleMap.FirstPersonExampleMap:PersistentLevel.FirstPersonExampleMap'
[2019.11.17-20.43.26:704][  4]LogBlueprintUserMessages: Early PlayInEditor Detection: Level '/Game/Maps/Door_Breached.Door_Breached:PersistentLevel' has LevelScriptBlueprint '/Game/Maps/Door_Breached.Door_Breached:PersistentLevel.Door_Breached' with GeneratedClass '/Game/Maps/Door_Breached.Door_Breached_C' with ClassGeneratedBy '/Game/Maps/Door_Breached.Door_Breached:PersistentLevel.Door_Breached'
[2019.11.17-20.43.26:705][  4]LogBlueprintUserMessages: Early PlayInEditor Detection: Level '/Game/Maps/Door_Kit.Door_Kit:PersistentLevel' has LevelScriptBlueprint '/Game/Maps/Door_Kit.Door_Kit:PersistentLevel.Door_Kit' with GeneratedClass '/Game/Maps/Door_Kit.Door_Kit_C' with ClassGeneratedBy '/Game/Maps/Door_Kit.Door_Kit:PersistentLevel.Door_Kit'
[2019.11.17-20.43.26:706][  4]LogBlueprintUserMessages: Early PlayInEditor Detection: Level '/Game/Maps/Turret_Kit.Turret_Kit:PersistentLevel' has LevelScriptBlueprint '/Game/Maps/Turret_Kit.Turret_Kit:PersistentLevel.Turret_Kit' with GeneratedClass '/Game/Maps/Turret_Kit.Turret_Kit_C' with ClassGeneratedBy '/Game/Maps/Turret_Kit.Turret_Kit:PersistentLevel.Turret_Kit'
[2019.11.17-20.43.26:707][  4]LogBlueprintUserMessages: Early PlayInEditor Detection: Level '/Game/Maps/Laser_Kit.Laser_Kit:PersistentLevel' has LevelScriptBlueprint '/Game/Maps/Laser_Kit.Laser_Kit:PersistentLevel.Laser_Kit' with GeneratedClass '/Game/Maps/Laser_Kit.Laser_Kit_C' with ClassGeneratedBy '/Game/Maps/Laser_Kit.Laser_Kit:PersistentLevel.Laser_Kit'
[2019.11.17-20.43.26:708][  4]LogBlueprintUserMessages: Early PlayInEditor Detection: Level '/Game/Maps/Camera_Kit.Camera_Kit:PersistentLevel' has LevelScriptBlueprint '/Game/Maps/Camera_Kit.Camera_Kit:PersistentLevel.Camera_Kit' with GeneratedClass '/Game/Maps/Camera_Kit.Camera_Kit_C' with ClassGeneratedBy '/Game/Maps/Camera_Kit.Camera_Kit:PersistentLevel.Camera_Kit'
[2019.11.17-20.43.26:709][  4]LogBlueprintUserMessages: Early PlayInEditor Detection: Level '/Game/Maps/Explosive_Kit.Explosive_Kit:PersistentLevel' has LevelScriptBlueprint '/Game/Maps/Explosive_Kit.Explosive_Kit:PersistentLevel.Explosive_Kit' with GeneratedClass '/Game/Maps/Explosive_Kit.Explosive_Kit_C' with ClassGeneratedBy '/Game/Maps/Explosive_Kit.Explosive_Kit:PersistentLevel.Explosive_Kit'
[2019.11.17-20.43.26:710][  4]LogBlueprintUserMessages: Early PlayInEditor Detection: Level '/Game/Maps/Teleport_Kit.Teleport_Kit:PersistentLevel' has LevelScriptBlueprint '/Game/Maps/Teleport_Kit.Teleport_Kit:PersistentLevel.Teleport_Kit' with GeneratedClass '/Game/Maps/Teleport_Kit.Teleport_Kit_C' with ClassGeneratedBy '/Game/Maps/Teleport_Kit.Teleport_Kit:PersistentLevel.Teleport_Kit'
[2019.11.17-20.43.26:711][  4]BlueprintLog: New page: Pre-Play auto-recompile
[2019.11.17-20.43.26:721][  4]LogPlayLevel: [PlayLevel] Compiling Safe before play...
[2019.11.17-20.43.27:527][  4]LogUObjectHash: Compacting FUObjectHashTables data took  10.79ms
[2019.11.17-20.43.27:527][  4]LogPlayLevel: PlayLevel: Blueprint regeneration took 816 ms (1 blueprints)
[2019.11.17-20.43.27:528][  4]PIE: New page: PIE session: FirstPersonExampleMap (Nov 17, 2019, 4:43:27 AM)
[2019.11.17-20.43.27:528][  4]LogPlayLevel: Creating play world package: /Game/FirstPersonBP/Maps/UEDPIE_0_FirstPersonExampleMap
[2019.11.17-20.43.27:565][  4]LogPlayLevel: PIE: StaticDuplicateObject took: (0.036571s)
[2019.11.17-20.43.27:568][  4]LogAIModule: Creating AISystem for world FirstPersonExampleMap
[2019.11.17-20.43.27:569][  4]LogPlayLevel: PIE: World Init took: (0.002112s)
[2019.11.17-20.43.27:569][  4]LogPlayLevel: PIE: Created PIE world by copying editor world from /Game/FirstPersonBP/Maps/FirstPersonExampleMap.FirstPersonExampleMap to /Game/FirstPersonBP/Maps/UEDPIE_0_FirstPersonExampleMap.FirstPersonExampleMap (0.040615s)
[2019.11.17-20.43.27:710][  4]LogUObjectHash: Compacting FUObjectHashTables data took   8.52ms
[2019.11.17-20.43.27:790][  4]LogInit: XAudio2 using 'Headset Earphone (SteelSeries Arctis 5 Chat)' : 2 channels at 48 kHz using 16 bits per sample (channel mask 0x3)
[2019.11.17-20.43.27:835][  4]LogInit: FAudioDevice initialized.
[2019.11.17-20.43.27:884][  4]LogLoad: Game class is 'FirstPersonGameMode_C'
[2019.11.17-20.43.27:898][  4]LogWorld: Bringing World /Game/FirstPersonBP/Maps/UEDPIE_0_FirstPersonExampleMap.FirstPersonExampleMap up for play (max tick rate 60) at 2019.11.17-12.43.27
[2019.11.17-20.43.27:900][  4]LogWorld: Bringing up level for play took: 0.012707
[2019.11.17-20.43.27:916][  4]PIE: Play in editor start time for /Game/FirstPersonBP/Maps/UEDPIE_0_FirstPersonExampleMap 2.245
[2019.11.17-20.43.27:917][  4]LogBlueprintUserMessages: Late PlayInEditor Detection: Level '/Game/FirstPersonBP/Maps/FirstPersonExampleMap.FirstPersonExampleMap:PersistentLevel' has LevelScriptBlueprint '/Game/FirstPersonBP/Maps/FirstPersonExampleMap.FirstPersonExampleMap:PersistentLevel.FirstPersonExampleMap' with GeneratedClass '/Game/FirstPersonBP/Maps/FirstPersonExampleMap.FirstPersonExampleMap_C' with ClassGeneratedBy '/Game/FirstPersonBP/Maps/FirstPersonExampleMap.FirstPersonExampleMap:PersistentLevel.FirstPersonExampleMap'
[2019.11.17-20.43.27:918][  4]LogBlueprintUserMessages: Late PlayInEditor Detection: Level '/Game/Maps/Door_Breached.Door_Breached:PersistentLevel' has LevelScriptBlueprint '/Game/Maps/Door_Breached.Door_Breached:PersistentLevel.Door_Breached' with GeneratedClass '/Game/Maps/Door_Breached.Door_Breached_C' with ClassGeneratedBy '/Game/Maps/Door_Breached.Door_Breached:PersistentLevel.Door_Breached'
[2019.11.17-20.43.27:919][  4]LogBlueprintUserMessages: Late PlayInEditor Detection: Level '/Game/Maps/Door_Kit.Door_Kit:PersistentLevel' has LevelScriptBlueprint '/Game/Maps/Door_Kit.Door_Kit:PersistentLevel.Door_Kit' with GeneratedClass '/Game/Maps/Door_Kit.Door_Kit_C' with ClassGeneratedBy '/Game/Maps/Door_Kit.Door_Kit:PersistentLevel.Door_Kit'
[2019.11.17-20.43.27:920][  4]LogBlueprintUserMessages: Late PlayInEditor Detection: Level '/Game/Maps/Turret_Kit.Turret_Kit:PersistentLevel' has LevelScriptBlueprint '/Game/Maps/Turret_Kit.Turret_Kit:PersistentLevel.Turret_Kit' with GeneratedClass '/Game/Maps/Turret_Kit.Turret_Kit_C' with ClassGeneratedBy '/Game/Maps/Turret_Kit.Turret_Kit:PersistentLevel.Turret_Kit'
[2019.11.17-20.43.27:921][  4]LogBlueprintUserMessages: Late PlayInEditor Detection: Level '/Game/Maps/Laser_Kit.Laser_Kit:PersistentLevel' has LevelScriptBlueprint '/Game/Maps/Laser_Kit.Laser_Kit:PersistentLevel.Laser_Kit' with GeneratedClass '/Game/Maps/Laser_Kit.Laser_Kit_C' with ClassGeneratedBy '/Game/Maps/Laser_Kit.Laser_Kit:PersistentLevel.Laser_Kit'
[2019.11.17-20.43.27:922][  4]LogBlueprintUserMessages: Late PlayInEditor Detection: Level '/Game/Maps/Camera_Kit.Camera_Kit:PersistentLevel' has LevelScriptBlueprint '/Game/Maps/Camera_Kit.Camera_Kit:PersistentLevel.Camera_Kit' with GeneratedClass '/Game/Maps/Camera_Kit.Camera_Kit_C' with ClassGeneratedBy '/Game/Maps/Camera_Kit.Camera_Kit:PersistentLevel.Camera_Kit'
[2019.11.17-20.43.27:924][  4]LogBlueprintUserMessages: Late PlayInEditor Detection: Level '/Game/Maps/Explosive_Kit.Explosive_Kit:PersistentLevel' has LevelScriptBlueprint '/Game/Maps/Explosive_Kit.Explosive_Kit:PersistentLevel.Explosive_Kit' with GeneratedClass '/Game/Maps/Explosive_Kit.Explosive_Kit_C' with ClassGeneratedBy '/Game/Maps/Explosive_Kit.Explosive_Kit:PersistentLevel.Explosive_Kit'
[2019.11.17-20.43.27:925][  4]LogBlueprintUserMessages: Late PlayInEditor Detection: Level '/Game/Maps/Teleport_Kit.Teleport_Kit:PersistentLevel' has LevelScriptBlueprint '/Game/Maps/Teleport_Kit.Teleport_Kit:PersistentLevel.Teleport_Kit' with GeneratedClass '/Game/Maps/Teleport_Kit.Teleport_Kit_C' with ClassGeneratedBy '/Game/Maps/Teleport_Kit.Teleport_Kit:PersistentLevel.Teleport_Kit'
[2019.11.17-20.43.30:943][ 74]LogBlueprintUserMessages: [Safe_2] Safe: BEEP
[2019.11.17-20.43.32:390][116]LogBlueprintUserMessages: [Safe_2] Safe: BEEP
[2019.11.17-20.43.32:891][131]LogBlueprintUserMessages: [Safe_2] Safe: BEEP
[2019.11.17-20.43.35:105][197]LogBlueprintDebug: Warning: Hit breakpoint on node 'K2Node_VariableSet', from offset 2104
[2019.11.17-20.43.35:106][197]LogBlueprintDebug: 
Script call stack:
	Function /Game/FirstPersonBP/Blueprints/FirstPersonCharacter.FirstPersonCharacter_C:InpActEvt_Interact_K2Node_InputActionEvent_1
	Function /Game/FirstPersonBP/Blueprints/FirstPersonCharacter.FirstPersonCharacter_C:ExecuteUbergraph_FirstPersonCharacter
	Function /Game/Kits/Safe/Safe.Safe_C:Press Button
	Function /Game/Kits/Safe/Safe.Safe_C:ExecuteUbergraph_Safe

[2019.11.17-20.43.35:117][197]LogSlate: FSceneViewport::OnFocusLost() reason 2
[2019.11.17-20.44.09:088][197]LogBlueprintUserMessages: Early EndPlayMap Detection: Level '/Game/FirstPersonBP/Maps/FirstPersonExampleMap.FirstPersonExampleMap:PersistentLevel' has LevelScriptBlueprint '/Game/FirstPersonBP/Maps/FirstPersonExampleMap.FirstPersonExampleMap:PersistentLevel.FirstPersonExampleMap' with GeneratedClass '/Game/FirstPersonBP/Maps/FirstPersonExampleMap.FirstPersonExampleMap_C' with ClassGeneratedBy '/Game/FirstPersonBP/Maps/FirstPersonExampleMap.FirstPersonExampleMap:PersistentLevel.FirstPersonExampleMap'
[2019.11.17-20.44.09:090][197]LogBlueprintUserMessages: Early EndPlayMap Detection: Level '/Game/Maps/Door_Breached.Door_Breached:PersistentLevel' has LevelScriptBlueprint '/Game/Maps/Door_Breached.Door_Breached:PersistentLevel.Door_Breached' with GeneratedClass '/Game/Maps/Door_Breached.Door_Breached_C' with ClassGeneratedBy '/Game/Maps/Door_Breached.Door_Breached:PersistentLevel.Door_Breached'
[2019.11.17-20.44.09:091][197]LogBlueprintUserMessages: Early EndPlayMap Detection: Level '/Game/Maps/Door_Kit.Door_Kit:PersistentLevel' has LevelScriptBlueprint '/Game/Maps/Door_Kit.Door_Kit:PersistentLevel.Door_Kit' with GeneratedClass '/Game/Maps/Door_Kit.Door_Kit_C' with ClassGeneratedBy '/Game/Maps/Door_Kit.Door_Kit:PersistentLevel.Door_Kit'
[2019.11.17-20.44.09:092][197]LogBlueprintUserMessages: Early EndPlayMap Detection: Level '/Game/Maps/Turret_Kit.Turret_Kit:PersistentLevel' has LevelScriptBlueprint '/Game/Maps/Turret_Kit.Turret_Kit:PersistentLevel.Turret_Kit' with GeneratedClass '/Game/Maps/Turret_Kit.Turret_Kit_C' with ClassGeneratedBy '/Game/Maps/Turret_Kit.Turret_Kit:PersistentLevel.Turret_Kit'
[2019.11.17-20.44.09:093][197]LogBlueprintUserMessages: Early EndPlayMap Detection: Level '/Game/Maps/Laser_Kit.Laser_Kit:PersistentLevel' has LevelScriptBlueprint '/Game/Maps/Laser_Kit.Laser_Kit:PersistentLevel.Laser_Kit' with GeneratedClass '/Game/Maps/Laser_Kit.Laser_Kit_C' with ClassGeneratedBy '/Game/Maps/Laser_Kit.Laser_Kit:PersistentLevel.Laser_Kit'
[2019.11.17-20.44.09:095][197]LogBlueprintUserMessages: Early EndPlayMap Detection: Level '/Game/Maps/Camera_Kit.Camera_Kit:PersistentLevel' has LevelScriptBlueprint '/Game/Maps/Camera_Kit.Camera_Kit:PersistentLevel.Camera_Kit' with GeneratedClass '/Game/Maps/Camera_Kit.Camera_Kit_C' with ClassGeneratedBy '/Game/Maps/Camera_Kit.Camera_Kit:PersistentLevel.Camera_Kit'
[2019.11.17-20.44.09:096][197]LogBlueprintUserMessages: Early EndPlayMap Detection: Level '/Game/Maps/Explosive_Kit.Explosive_Kit:PersistentLevel' has LevelScriptBlueprint '/Game/Maps/Explosive_Kit.Explosive_Kit:PersistentLevel.Explosive_Kit' with GeneratedClass '/Game/Maps/Explosive_Kit.Explosive_Kit_C' with ClassGeneratedBy '/Game/Maps/Explosive_Kit.Explosive_Kit:PersistentLevel.Explosive_Kit'
[2019.11.17-20.44.09:097][197]LogBlueprintUserMessages: Early EndPlayMap Detection: Level '/Game/Maps/Teleport_Kit.Teleport_Kit:PersistentLevel' has LevelScriptBlueprint '/Game/Maps/Teleport_Kit.Teleport_Kit:PersistentLevel.Teleport_Kit' with GeneratedClass '/Game/Maps/Teleport_Kit.Teleport_Kit_C' with ClassGeneratedBy '/Game/Maps/Teleport_Kit.Teleport_Kit:PersistentLevel.Teleport_Kit'
[2019.11.17-20.44.09:099][197]LogSlate: Updating window title bar state: overlay mode, drag disabled, window buttons hidden, title bar hidden
[2019.11.17-20.44.09:159][197]LogPlayLevel: Display: Shutting down PIE online subsystems
[2019.11.17-20.44.09:160][197]LogBlueprintUserMessages: Late EndPlayMap Detection: Level '/Game/FirstPersonBP/Maps/FirstPersonExampleMap.FirstPersonExampleMap:PersistentLevel' has LevelScriptBlueprint '/Game/FirstPersonBP/Maps/FirstPersonExampleMap.FirstPersonExampleMap:PersistentLevel.FirstPersonExampleMap' with GeneratedClass '/Game/FirstPersonBP/Maps/FirstPersonExampleMap.FirstPersonExampleMap_C' with ClassGeneratedBy '/Game/FirstPersonBP/Maps/FirstPersonExampleMap.FirstPersonExampleMap:PersistentLevel.FirstPersonExampleMap'
[2019.11.17-20.44.09:161][197]LogBlueprintUserMessages: Late EndPlayMap Detection: Level '/Game/Maps/Door_Breached.Door_Breached:PersistentLevel' has LevelScriptBlueprint '/Game/Maps/Door_Breached.Door_Breached:PersistentLevel.Door_Breached' with GeneratedClass '/Game/Maps/Door_Breached.Door_Breached_C' with ClassGeneratedBy '/Game/Maps/Door_Breached.Door_Breached:PersistentLevel.Door_Breached'
[2019.11.17-20.44.09:163][197]LogBlueprintUserMessages: Late EndPlayMap Detection: Level '/Game/Maps/Door_Kit.Door_Kit:PersistentLevel' has LevelScriptBlueprint '/Game/Maps/Door_Kit.Door_Kit:PersistentLevel.Door_Kit' with GeneratedClass '/Game/Maps/Door_Kit.Door_Kit_C' with ClassGeneratedBy '/Game/Maps/Door_Kit.Door_Kit:PersistentLevel.Door_Kit'
[2019.11.17-20.44.09:164][197]LogBlueprintUserMessages: Late EndPlayMap Detection: Level '/Game/Maps/Turret_Kit.Turret_Kit:PersistentLevel' has LevelScriptBlueprint '/Game/Maps/Turret_Kit.Turret_Kit:PersistentLevel.Turret_Kit' with GeneratedClass '/Game/Maps/Turret_Kit.Turret_Kit_C' with ClassGeneratedBy '/Game/Maps/Turret_Kit.Turret_Kit:PersistentLevel.Turret_Kit'
[2019.11.17-20.44.09:164][197]LogBlueprintUserMessages: Late EndPlayMap Detection: Level '/Game/Maps/Laser_Kit.Laser_Kit:PersistentLevel' has LevelScriptBlueprint '/Game/Maps/Laser_Kit.Laser_Kit:PersistentLevel.Laser_Kit' with GeneratedClass '/Game/Maps/Laser_Kit.Laser_Kit_C' with ClassGeneratedBy '/Game/Maps/Laser_Kit.Laser_Kit:PersistentLevel.Laser_Kit'
[2019.11.17-20.44.09:165][197]LogBlueprintUserMessages: Late EndPlayMap Detection: Level '/Game/Maps/Camera_Kit.Camera_Kit:PersistentLevel' has LevelScriptBlueprint '/Game/Maps/Camera_Kit.Camera_Kit:PersistentLevel.Camera_Kit' with GeneratedClass '/Game/Maps/Camera_Kit.Camera_Kit_C' with ClassGeneratedBy '/Game/Maps/Camera_Kit.Camera_Kit:PersistentLevel.Camera_Kit'
[2019.11.17-20.44.09:166][197]LogBlueprintUserMessages: Late EndPlayMap Detection: Level '/Game/Maps/Explosive_Kit.Explosive_Kit:PersistentLevel' has LevelScriptBlueprint '/Game/Maps/Explosive_Kit.Explosive_Kit:PersistentLevel.Explosive_Kit' with GeneratedClass '/Game/Maps/Explosive_Kit.Explosive_Kit_C' with ClassGeneratedBy '/Game/Maps/Explosive_Kit.Explosive_Kit:PersistentLevel.Explosive_Kit'
[2019.11.17-20.44.09:167][197]LogBlueprintUserMessages: Late EndPlayMap Detection: Level '/Game/Maps/Teleport_Kit.Teleport_Kit:PersistentLevel' has LevelScriptBlueprint '/Game/Maps/Teleport_Kit.Teleport_Kit:PersistentLevel.Teleport_Kit' with GeneratedClass '/Game/Maps/Teleport_Kit.Teleport_Kit_C' with ClassGeneratedBy '/Game/Maps/Teleport_Kit.Teleport_Kit:PersistentLevel.Teleport_Kit'
[2019.11.17-20.44.09:300][197]LogSlate: Updating window title bar state: overlay mode, drag disabled, window buttons hidden, title bar hidden
[2019.11.17-20.44.09:314][197]LogUObjectHash: Compacting FUObjectHashTables data took   6.30ms
[2019.11.17-20.44.09:402][198]LogPlayLevel: Display: Destroying online subsystem :Context_26
[2019.11.17-20.44.45:984][131]LogUnrealEdMisc: Warning: Heartbeat event firing too frequently (36.581 sec). This should never happen. Something is wrong with the timer delegate!
[2019.11.17-20.45.31:478][478]LogTemp: Repeating last play command: Selected Viewport
[2019.11.17-20.45.31:621][478]LogBlueprintUserMessages: Early PlayInEditor Detection: Level '/Game/FirstPersonBP/Maps/FirstPersonExampleMap.FirstPersonExampleMap:PersistentLevel' has LevelScriptBlueprint '/Game/FirstPersonBP/Maps/FirstPersonExampleMap.FirstPersonExampleMap:PersistentLevel.FirstPersonExampleMap' with GeneratedClass '/Game/FirstPersonBP/Maps/FirstPersonExampleMap.FirstPersonExampleMap_C' with ClassGeneratedBy '/Game/FirstPersonBP/Maps/FirstPersonExampleMap.FirstPersonExampleMap:PersistentLevel.FirstPersonExampleMap'
[2019.11.17-20.45.31:623][478]LogBlueprintUserMessages: Early PlayInEditor Detection: Level '/Game/Maps/Door_Breached.Door_Breached:PersistentLevel' has LevelScriptBlueprint '/Game/Maps/Door_Breached.Door_Breached:PersistentLevel.Door_Breached' with GeneratedClass '/Game/Maps/Door_Breached.Door_Breached_C' with ClassGeneratedBy '/Game/Maps/Door_Breached.Door_Breached:PersistentLevel.Door_Breached'
[2019.11.17-20.45.31:625][478]LogBlueprintUserMessages: Early PlayInEditor Detection: Level '/Game/Maps/Door_Kit.Door_Kit:PersistentLevel' has LevelScriptBlueprint '/Game/Maps/Door_Kit.Door_Kit:PersistentLevel.Door_Kit' with GeneratedClass '/Game/Maps/Door_Kit.Door_Kit_C' with ClassGeneratedBy '/Game/Maps/Door_Kit.Door_Kit:PersistentLevel.Door_Kit'
[2019.11.17-20.45.31:626][478]LogBlueprintUserMessages: Early PlayInEditor Detection: Level '/Game/Maps/Turret_Kit.Turret_Kit:PersistentLevel' has LevelScriptBlueprint '/Game/Maps/Turret_Kit.Turret_Kit:PersistentLevel.Turret_Kit' with GeneratedClass '/Game/Maps/Turret_Kit.Turret_Kit_C' with ClassGeneratedBy '/Game/Maps/Turret_Kit.Turret_Kit:PersistentLevel.Turret_Kit'
[2019.11.17-20.45.31:627][478]LogBlueprintUserMessages: Early PlayInEditor Detection: Level '/Game/Maps/Laser_Kit.Laser_Kit:PersistentLevel' has LevelScriptBlueprint '/Game/Maps/Laser_Kit.Laser_Kit:PersistentLevel.Laser_Kit' with GeneratedClass '/Game/Maps/Laser_Kit.Laser_Kit_C' with ClassGeneratedBy '/Game/Maps/Laser_Kit.Laser_Kit:PersistentLevel.Laser_Kit'
[2019.11.17-20.45.31:628][478]LogBlueprintUserMessages: Early PlayInEditor Detection: Level '/Game/Maps/Camera_Kit.Camera_Kit:PersistentLevel' has LevelScriptBlueprint '/Game/Maps/Camera_Kit.Camera_Kit:PersistentLevel.Camera_Kit' with GeneratedClass '/Game/Maps/Camera_Kit.Camera_Kit_C' with ClassGeneratedBy '/Game/Maps/Camera_Kit.Camera_Kit:PersistentLevel.Camera_Kit'
[2019.11.17-20.45.31:629][478]LogBlueprintUserMessages: Early PlayInEditor Detection: Level '/Game/Maps/Explosive_Kit.Explosive_Kit:PersistentLevel' has LevelScriptBlueprint '/Game/Maps/Explosive_Kit.Explosive_Kit:PersistentLevel.Explosive_Kit' with GeneratedClass '/Game/Maps/Explosive_Kit.Explosive_Kit_C' with ClassGeneratedBy '/Game/Maps/Explosive_Kit.Explosive_Kit:PersistentLevel.Explosive_Kit'
[2019.11.17-20.45.31:630][478]LogBlueprintUserMessages: Early PlayInEditor Detection: Level '/Game/Maps/Teleport_Kit.Teleport_Kit:PersistentLevel' has LevelScriptBlueprint '/Game/Maps/Teleport_Kit.Teleport_Kit:PersistentLevel.Teleport_Kit' with GeneratedClass '/Game/Maps/Teleport_Kit.Teleport_Kit_C' with ClassGeneratedBy '/Game/Maps/Teleport_Kit.Teleport_Kit:PersistentLevel.Teleport_Kit'
[2019.11.17-20.45.31:631][478]BlueprintLog: New page: Pre-Play auto-recompile
[2019.11.17-20.45.31:641][478]LogPlayLevel: [PlayLevel] Compiling Safe before play...
[2019.11.17-20.45.32:557][478]LogUObjectHash: Compacting FUObjectHashTables data took  10.40ms
[2019.11.17-20.45.32:557][478]LogPlayLevel: PlayLevel: Blueprint regeneration took 926 ms (1 blueprints)
[2019.11.17-20.45.32:557][478]PIE: New page: PIE session: FirstPersonExampleMap (Nov 17, 2019, 4:45:32 AM)
[2019.11.17-20.45.32:558][478]LogPlayLevel: Creating play world package: /Game/FirstPersonBP/Maps/UEDPIE_0_FirstPersonExampleMap
[2019.11.17-20.45.32:600][478]LogPlayLevel: PIE: StaticDuplicateObject took: (0.041135s)
[2019.11.17-20.45.32:602][478]LogAIModule: Creating AISystem for world FirstPersonExampleMap
[2019.11.17-20.45.32:603][478]LogPlayLevel: PIE: World Init took: (0.002955s)
[2019.11.17-20.45.32:604][478]LogPlayLevel: PIE: Created PIE world by copying editor world from /Game/FirstPersonBP/Maps/FirstPersonExampleMap.FirstPersonExampleMap to /Game/FirstPersonBP/Maps/UEDPIE_0_FirstPersonExampleMap.FirstPersonExampleMap (0.045574s)
[2019.11.17-20.45.32:731][478]LogUObjectHash: Compacting FUObjectHashTables data took   6.40ms
[2019.11.17-20.45.32:808][478]LogInit: XAudio2 using 'Headset Earphone (SteelSeries Arctis 5 Chat)' : 2 channels at 48 kHz using 16 bits per sample (channel mask 0x3)
[2019.11.17-20.45.32:851][478]LogInit: FAudioDevice initialized.
[2019.11.17-20.45.32:902][478]LogLoad: Game class is 'FirstPersonGameMode_C'
[2019.11.17-20.45.32:912][478]LogWorld: Bringing World /Game/FirstPersonBP/Maps/UEDPIE_0_FirstPersonExampleMap.FirstPersonExampleMap up for play (max tick rate 60) at 2019.11.17-12.45.32
[2019.11.17-20.45.32:915][478]LogWorld: Bringing up level for play took: 0.010689
[2019.11.17-20.45.32:930][478]PIE: Play in editor start time for /Game/FirstPersonBP/Maps/UEDPIE_0_FirstPersonExampleMap 1.259
[2019.11.17-20.45.32:931][478]LogBlueprintUserMessages: Late PlayInEditor Detection: Level '/Game/FirstPersonBP/Maps/FirstPersonExampleMap.FirstPersonExampleMap:PersistentLevel' has LevelScriptBlueprint '/Game/FirstPersonBP/Maps/FirstPersonExampleMap.FirstPersonExampleMap:PersistentLevel.FirstPersonExampleMap' with GeneratedClass '/Game/FirstPersonBP/Maps/FirstPersonExampleMap.FirstPersonExampleMap_C' with ClassGeneratedBy '/Game/FirstPersonBP/Maps/FirstPersonExampleMap.FirstPersonExampleMap:PersistentLevel.FirstPersonExampleMap'
[2019.11.17-20.45.32:932][478]LogBlueprintUserMessages: Late PlayInEditor Detection: Level '/Game/Maps/Door_Breached.Door_Breached:PersistentLevel' has LevelScriptBlueprint '/Game/Maps/Door_Breached.Door_Breached:PersistentLevel.Door_Breached' with GeneratedClass '/Game/Maps/Door_Breached.Door_Breached_C' with ClassGeneratedBy '/Game/Maps/Door_Breached.Door_Breached:PersistentLevel.Door_Breached'
[2019.11.17-20.45.32:933][478]LogBlueprintUserMessages: Late PlayInEditor Detection: Level '/Game/Maps/Door_Kit.Door_Kit:PersistentLevel' has LevelScriptBlueprint '/Game/Maps/Door_Kit.Door_Kit:PersistentLevel.Door_Kit' with GeneratedClass '/Game/Maps/Door_Kit.Door_Kit_C' with ClassGeneratedBy '/Game/Maps/Door_Kit.Door_Kit:PersistentLevel.Door_Kit'
[2019.11.17-20.45.32:934][478]LogBlueprintUserMessages: Late PlayInEditor Detection: Level '/Game/Maps/Turret_Kit.Turret_Kit:PersistentLevel' has LevelScriptBlueprint '/Game/Maps/Turret_Kit.Turret_Kit:PersistentLevel.Turret_Kit' with GeneratedClass '/Game/Maps/Turret_Kit.Turret_Kit_C' with ClassGeneratedBy '/Game/Maps/Turret_Kit.Turret_Kit:PersistentLevel.Turret_Kit'
[2019.11.17-20.45.32:935][478]LogBlueprintUserMessages: Late PlayInEditor Detection: Level '/Game/Maps/Laser_Kit.Laser_Kit:PersistentLevel' has LevelScriptBlueprint '/Game/Maps/Laser_Kit.Laser_Kit:PersistentLevel.Laser_Kit' with GeneratedClass '/Game/Maps/Laser_Kit.Laser_Kit_C' with ClassGeneratedBy '/Game/Maps/Laser_Kit.Laser_Kit:PersistentLevel.Laser_Kit'
[2019.11.17-20.45.32:936][478]LogBlueprintUserMessages: Late PlayInEditor Detection: Level '/Game/Maps/Camera_Kit.Camera_Kit:PersistentLevel' has LevelScriptBlueprint '/Game/Maps/Camera_Kit.Camera_Kit:PersistentLevel.Camera_Kit' with GeneratedClass '/Game/Maps/Camera_Kit.Camera_Kit_C' with ClassGeneratedBy '/Game/Maps/Camera_Kit.Camera_Kit:PersistentLevel.Camera_Kit'
[2019.11.17-20.45.32:937][478]LogBlueprintUserMessages: Late PlayInEditor Detection: Level '/Game/Maps/Explosive_Kit.Explosive_Kit:PersistentLevel' has LevelScriptBlueprint '/Game/Maps/Explosive_Kit.Explosive_Kit:PersistentLevel.Explosive_Kit' with GeneratedClass '/Game/Maps/Explosive_Kit.Explosive_Kit_C' with ClassGeneratedBy '/Game/Maps/Explosive_Kit.Explosive_Kit:PersistentLevel.Explosive_Kit'
[2019.11.17-20.45.32:939][478]LogBlueprintUserMessages: Late PlayInEditor Detection: Level '/Game/Maps/Teleport_Kit.Teleport_Kit:PersistentLevel' has LevelScriptBlueprint '/Game/Maps/Teleport_Kit.Teleport_Kit:PersistentLevel.Teleport_Kit' with GeneratedClass '/Game/Maps/Teleport_Kit.Teleport_Kit_C' with ClassGeneratedBy '/Game/Maps/Teleport_Kit.Teleport_Kit:PersistentLevel.Teleport_Kit'
[2019.11.17-20.45.35:879][545]LogBlueprintUserMessages: [Safe_2] Safe: BEEP
[2019.11.17-20.45.36:300][557]LogBlueprintUserMessages: [Safe_2] Safe: BEEP
[2019.11.17-20.45.36:677][568]LogBlueprintUserMessages: [Safe_2] Safe: BEEP
[2019.11.17-20.45.37:115][580]LogBlueprintUserMessages: [Safe_2] Safe: BEEP
[2019.11.17-20.45.39:983][662]LogBlueprintUserMessages: [Safe_2] Safe: BEEP
[2019.11.17-20.45.40:586][679]LogBlueprintUserMessages: [Safe_2] Safe: BEEP
[2019.11.17-20.45.42:185][724]LogBlueprintUserMessages: Early EndPlayMap Detection: Level '/Game/FirstPersonBP/Maps/FirstPersonExampleMap.FirstPersonExampleMap:PersistentLevel' has LevelScriptBlueprint '/Game/FirstPersonBP/Maps/FirstPersonExampleMap.FirstPersonExampleMap:PersistentLevel.FirstPersonExampleMap' with GeneratedClass '/Game/FirstPersonBP/Maps/FirstPersonExampleMap.FirstPersonExampleMap_C' with ClassGeneratedBy '/Game/FirstPersonBP/Maps/FirstPersonExampleMap.FirstPersonExampleMap:PersistentLevel.FirstPersonExampleMap'
[2019.11.17-20.45.42:186][724]LogBlueprintUserMessages: Early EndPlayMap Detection: Level '/Game/Maps/Door_Breached.Door_Breached:PersistentLevel' has LevelScriptBlueprint '/Game/Maps/Door_Breached.Door_Breached:PersistentLevel.Door_Breached' with GeneratedClass '/Game/Maps/Door_Breached.Door_Breached_C' with ClassGeneratedBy '/Game/Maps/Door_Breached.Door_Breached:PersistentLevel.Door_Breached'
[2019.11.17-20.45.42:188][724]LogBlueprintUserMessages: Early EndPlayMap Detection: Level '/Game/Maps/Door_Kit.Door_Kit:PersistentLevel' has LevelScriptBlueprint '/Game/Maps/Door_Kit.Door_Kit:PersistentLevel.Door_Kit' with GeneratedClass '/Game/Maps/Door_Kit.Door_Kit_C' with ClassGeneratedBy '/Game/Maps/Door_Kit.Door_Kit:PersistentLevel.Door_Kit'
[2019.11.17-20.45.42:189][724]LogBlueprintUserMessages: Early EndPlayMap Detection: Level '/Game/Maps/Turret_Kit.Turret_Kit:PersistentLevel' has LevelScriptBlueprint '/Game/Maps/Turret_Kit.Turret_Kit:PersistentLevel.Turret_Kit' with GeneratedClass '/Game/Maps/Turret_Kit.Turret_Kit_C' with ClassGeneratedBy '/Game/Maps/Turret_Kit.Turret_Kit:PersistentLevel.Turret_Kit'
[2019.11.17-20.45.42:191][724]LogBlueprintUserMessages: Early EndPlayMap Detection: Level '/Game/Maps/Laser_Kit.Laser_Kit:PersistentLevel' has LevelScriptBlueprint '/Game/Maps/Laser_Kit.Laser_Kit:PersistentLevel.Laser_Kit' with GeneratedClass '/Game/Maps/Laser_Kit.Laser_Kit_C' with ClassGeneratedBy '/Game/Maps/Laser_Kit.Laser_Kit:PersistentLevel.Laser_Kit'
[2019.11.17-20.45.42:192][724]LogBlueprintUserMessages: Early EndPlayMap Detection: Level '/Game/Maps/Camera_Kit.Camera_Kit:PersistentLevel' has LevelScriptBlueprint '/Game/Maps/Camera_Kit.Camera_Kit:PersistentLevel.Camera_Kit' with GeneratedClass '/Game/Maps/Camera_Kit.Camera_Kit_C' with ClassGeneratedBy '/Game/Maps/Camera_Kit.Camera_Kit:PersistentLevel.Camera_Kit'
[2019.11.17-20.45.42:194][724]LogBlueprintUserMessages: Early EndPlayMap Detection: Level '/Game/Maps/Explosive_Kit.Explosive_Kit:PersistentLevel' has LevelScriptBlueprint '/Game/Maps/Explosive_Kit.Explosive_Kit:PersistentLevel.Explosive_Kit' with GeneratedClass '/Game/Maps/Explosive_Kit.Explosive_Kit_C' with ClassGeneratedBy '/Game/Maps/Explosive_Kit.Explosive_Kit:PersistentLevel.Explosive_Kit'
[2019.11.17-20.45.42:195][724]LogBlueprintUserMessages: Early EndPlayMap Detection: Level '/Game/Maps/Teleport_Kit.Teleport_Kit:PersistentLevel' has LevelScriptBlueprint '/Game/Maps/Teleport_Kit.Teleport_Kit:PersistentLevel.Teleport_Kit' with GeneratedClass '/Game/Maps/Teleport_Kit.Teleport_Kit_C' with ClassGeneratedBy '/Game/Maps/Teleport_Kit.Teleport_Kit:PersistentLevel.Teleport_Kit'
[2019.11.17-20.45.42:197][724]LogSlate: Updating window title bar state: overlay mode, drag disabled, window buttons hidden, title bar hidden
[2019.11.17-20.45.42:247][724]LogPlayLevel: Display: Shutting down PIE online subsystems
[2019.11.17-20.45.42:247][724]LogBlueprintUserMessages: Late EndPlayMap Detection: Level '/Game/FirstPersonBP/Maps/FirstPersonExampleMap.FirstPersonExampleMap:PersistentLevel' has LevelScriptBlueprint '/Game/FirstPersonBP/Maps/FirstPersonExampleMap.FirstPersonExampleMap:PersistentLevel.FirstPersonExampleMap' with GeneratedClass '/Game/FirstPersonBP/Maps/FirstPersonExampleMap.FirstPersonExampleMap_C' with ClassGeneratedBy '/Game/FirstPersonBP/Maps/FirstPersonExampleMap.FirstPersonExampleMap:PersistentLevel.FirstPersonExampleMap'
[2019.11.17-20.45.42:249][724]LogBlueprintUserMessages: Late EndPlayMap Detection: Level '/Game/Maps/Door_Breached.Door_Breached:PersistentLevel' has LevelScriptBlueprint '/Game/Maps/Door_Breached.Door_Breached:PersistentLevel.Door_Breached' with GeneratedClass '/Game/Maps/Door_Breached.Door_Breached_C' with ClassGeneratedBy '/Game/Maps/Door_Breached.Door_Breached:PersistentLevel.Door_Breached'
[2019.11.17-20.45.42:250][724]LogBlueprintUserMessages: Late EndPlayMap Detection: Level '/Game/Maps/Door_Kit.Door_Kit:PersistentLevel' has LevelScriptBlueprint '/Game/Maps/Door_Kit.Door_Kit:PersistentLevel.Door_Kit' with GeneratedClass '/Game/Maps/Door_Kit.Door_Kit_C' with ClassGeneratedBy '/Game/Maps/Door_Kit.Door_Kit:PersistentLevel.Door_Kit'
[2019.11.17-20.45.42:251][724]LogBlueprintUserMessages: Late EndPlayMap Detection: Level '/Game/Maps/Turret_Kit.Turret_Kit:PersistentLevel' has LevelScriptBlueprint '/Game/Maps/Turret_Kit.Turret_Kit:PersistentLevel.Turret_Kit' with GeneratedClass '/Game/Maps/Turret_Kit.Turret_Kit_C' with ClassGeneratedBy '/Game/Maps/Turret_Kit.Turret_Kit:PersistentLevel.Turret_Kit'
[2019.11.17-20.45.42:252][724]LogBlueprintUserMessages: Late EndPlayMap Detection: Level '/Game/Maps/Laser_Kit.Laser_Kit:PersistentLevel' has LevelScriptBlueprint '/Game/Maps/Laser_Kit.Laser_Kit:PersistentLevel.Laser_Kit' with GeneratedClass '/Game/Maps/Laser_Kit.Laser_Kit_C' with ClassGeneratedBy '/Game/Maps/Laser_Kit.Laser_Kit:PersistentLevel.Laser_Kit'
[2019.11.17-20.45.42:253][724]LogBlueprintUserMessages: Late EndPlayMap Detection: Level '/Game/Maps/Camera_Kit.Camera_Kit:PersistentLevel' has LevelScriptBlueprint '/Game/Maps/Camera_Kit.Camera_Kit:PersistentLevel.Camera_Kit' with GeneratedClass '/Game/Maps/Camera_Kit.Camera_Kit_C' with ClassGeneratedBy '/Game/Maps/Camera_Kit.Camera_Kit:PersistentLevel.Camera_Kit'
[2019.11.17-20.45.42:254][724]LogBlueprintUserMessages: Late EndPlayMap Detection: Level '/Game/Maps/Explosive_Kit.Explosive_Kit:PersistentLevel' has LevelScriptBlueprint '/Game/Maps/Explosive_Kit.Explosive_Kit:PersistentLevel.Explosive_Kit' with GeneratedClass '/Game/Maps/Explosive_Kit.Explosive_Kit_C' with ClassGeneratedBy '/Game/Maps/Explosive_Kit.Explosive_Kit:PersistentLevel.Explosive_Kit'
[2019.11.17-20.45.42:255][724]LogBlueprintUserMessages: Late EndPlayMap Detection: Level '/Game/Maps/Teleport_Kit.Teleport_Kit:PersistentLevel' has LevelScriptBlueprint '/Game/Maps/Teleport_Kit.Teleport_Kit:PersistentLevel.Teleport_Kit' with GeneratedClass '/Game/Maps/Teleport_Kit.Teleport_Kit_C' with ClassGeneratedBy '/Game/Maps/Teleport_Kit.Teleport_Kit:PersistentLevel.Teleport_Kit'
[2019.11.17-20.45.42:381][724]LogSlate: Updating window title bar state: overlay mode, drag disabled, window buttons hidden, title bar hidden
[2019.11.17-20.45.42:395][724]LogUObjectHash: Compacting FUObjectHashTables data took   7.35ms
[2019.11.17-20.45.42:504][725]LogPlayLevel: Display: Destroying online subsystem :Context_27
[2019.11.17-20.45.43:552][755]LogSlate: FSceneViewport::OnFocusLost() reason 0
[2019.11.17-20.45.47:871][869]LogTemp: Repeating last play command: Selected Viewport
[2019.11.17-20.45.48:023][869]LogBlueprintUserMessages: Early PlayInEditor Detection: Level '/Game/FirstPersonBP/Maps/FirstPersonExampleMap.FirstPersonExampleMap:PersistentLevel' has LevelScriptBlueprint '/Game/FirstPersonBP/Maps/FirstPersonExampleMap.FirstPersonExampleMap:PersistentLevel.FirstPersonExampleMap' with GeneratedClass '/Game/FirstPersonBP/Maps/FirstPersonExampleMap.FirstPersonExampleMap_C' with ClassGeneratedBy '/Game/FirstPersonBP/Maps/FirstPersonExampleMap.FirstPersonExampleMap:PersistentLevel.FirstPersonExampleMap'
[2019.11.17-20.45.48:025][869]LogBlueprintUserMessages: Early PlayInEditor Detection: Level '/Game/Maps/Door_Breached.Door_Breached:PersistentLevel' has LevelScriptBlueprint '/Game/Maps/Door_Breached.Door_Breached:PersistentLevel.Door_Breached' with GeneratedClass '/Game/Maps/Door_Breached.Door_Breached_C' with ClassGeneratedBy '/Game/Maps/Door_Breached.Door_Breached:PersistentLevel.Door_Breached'
[2019.11.17-20.45.48:026][869]LogBlueprintUserMessages: Early PlayInEditor Detection: Level '/Game/Maps/Door_Kit.Door_Kit:PersistentLevel' has LevelScriptBlueprint '/Game/Maps/Door_Kit.Door_Kit:PersistentLevel.Door_Kit' with GeneratedClass '/Game/Maps/Door_Kit.Door_Kit_C' with ClassGeneratedBy '/Game/Maps/Door_Kit.Door_Kit:PersistentLevel.Door_Kit'
[2019.11.17-20.45.48:027][869]LogBlueprintUserMessages: Early PlayInEditor Detection: Level '/Game/Maps/Turret_Kit.Turret_Kit:PersistentLevel' has LevelScriptBlueprint '/Game/Maps/Turret_Kit.Turret_Kit:PersistentLevel.Turret_Kit' with GeneratedClass '/Game/Maps/Turret_Kit.Turret_Kit_C' with ClassGeneratedBy '/Game/Maps/Turret_Kit.Turret_Kit:PersistentLevel.Turret_Kit'
[2019.11.17-20.45.48:029][869]LogBlueprintUserMessages: Early PlayInEditor Detection: Level '/Game/Maps/Laser_Kit.Laser_Kit:PersistentLevel' has LevelScriptBlueprint '/Game/Maps/Laser_Kit.Laser_Kit:PersistentLevel.Laser_Kit' with GeneratedClass '/Game/Maps/Laser_Kit.Laser_Kit_C' with ClassGeneratedBy '/Game/Maps/Laser_Kit.Laser_Kit:PersistentLevel.Laser_Kit'
[2019.11.17-20.45.48:031][869]LogBlueprintUserMessages: Early PlayInEditor Detection: Level '/Game/Maps/Camera_Kit.Camera_Kit:PersistentLevel' has LevelScriptBlueprint '/Game/Maps/Camera_Kit.Camera_Kit:PersistentLevel.Camera_Kit' with GeneratedClass '/Game/Maps/Camera_Kit.Camera_Kit_C' with ClassGeneratedBy '/Game/Maps/Camera_Kit.Camera_Kit:PersistentLevel.Camera_Kit'
[2019.11.17-20.45.48:032][869]LogBlueprintUserMessages: Early PlayInEditor Detection: Level '/Game/Maps/Explosive_Kit.Explosive_Kit:PersistentLevel' has LevelScriptBlueprint '/Game/Maps/Explosive_Kit.Explosive_Kit:PersistentLevel.Explosive_Kit' with GeneratedClass '/Game/Maps/Explosive_Kit.Explosive_Kit_C' with ClassGeneratedBy '/Game/Maps/Explosive_Kit.Explosive_Kit:PersistentLevel.Explosive_Kit'
[2019.11.17-20.45.48:033][869]LogBlueprintUserMessages: Early PlayInEditor Detection: Level '/Game/Maps/Teleport_Kit.Teleport_Kit:PersistentLevel' has LevelScriptBlueprint '/Game/Maps/Teleport_Kit.Teleport_Kit:PersistentLevel.Teleport_Kit' with GeneratedClass '/Game/Maps/Teleport_Kit.Teleport_Kit_C' with ClassGeneratedBy '/Game/Maps/Teleport_Kit.Teleport_Kit:PersistentLevel.Teleport_Kit'
[2019.11.17-20.45.48:035][869]BlueprintLog: New page: Pre-Play auto-recompile
[2019.11.17-20.45.48:044][869]LogPlayLevel: [PlayLevel] Compiling Safe before play...
[2019.11.17-20.45.48:864][869]LogUObjectHash: Compacting FUObjectHashTables data took  11.01ms
[2019.11.17-20.45.48:864][869]LogPlayLevel: PlayLevel: Blueprint regeneration took 829 ms (1 blueprints)
[2019.11.17-20.45.48:865][869]PIE: New page: PIE session: FirstPersonExampleMap (Nov 17, 2019, 4:45:48 AM)
[2019.11.17-20.45.48:866][869]LogPlayLevel: Creating play world package: /Game/FirstPersonBP/Maps/UEDPIE_0_FirstPersonExampleMap
[2019.11.17-20.45.48:908][869]LogPlayLevel: PIE: StaticDuplicateObject took: (0.042206s)
[2019.11.17-20.45.48:910][869]LogAIModule: Creating AISystem for world FirstPersonExampleMap
[2019.11.17-20.45.48:911][869]LogPlayLevel: PIE: World Init took: (0.002173s)
[2019.11.17-20.45.48:912][869]LogPlayLevel: PIE: Created PIE world by copying editor world from /Game/FirstPersonBP/Maps/FirstPersonExampleMap.FirstPersonExampleMap to /Game/FirstPersonBP/Maps/UEDPIE_0_FirstPersonExampleMap.FirstPersonExampleMap (0.045945s)
[2019.11.17-20.45.49:068][869]LogUObjectHash: Compacting FUObjectHashTables data took   7.84ms
[2019.11.17-20.45.49:147][869]LogInit: XAudio2 using 'Headset Earphone (SteelSeries Arctis 5 Chat)' : 2 channels at 48 kHz using 16 bits per sample (channel mask 0x3)
[2019.11.17-20.45.49:190][869]LogInit: FAudioDevice initialized.
[2019.11.17-20.45.49:240][869]LogLoad: Game class is 'FirstPersonGameMode_C'
[2019.11.17-20.45.49:252][869]LogWorld: Bringing World /Game/FirstPersonBP/Maps/UEDPIE_0_FirstPersonExampleMap.FirstPersonExampleMap up for play (max tick rate 60) at 2019.11.17-12.45.49
[2019.11.17-20.45.49:254][869]LogWorld: Bringing up level for play took: 0.010996
[2019.11.17-20.45.49:271][869]PIE: Play in editor start time for /Game/FirstPersonBP/Maps/UEDPIE_0_FirstPersonExampleMap 1.599
[2019.11.17-20.45.49:271][869]LogBlueprintUserMessages: Late PlayInEditor Detection: Level '/Game/FirstPersonBP/Maps/FirstPersonExampleMap.FirstPersonExampleMap:PersistentLevel' has LevelScriptBlueprint '/Game/FirstPersonBP/Maps/FirstPersonExampleMap.FirstPersonExampleMap:PersistentLevel.FirstPersonExampleMap' with GeneratedClass '/Game/FirstPersonBP/Maps/FirstPersonExampleMap.FirstPersonExampleMap_C' with ClassGeneratedBy '/Game/FirstPersonBP/Maps/FirstPersonExampleMap.FirstPersonExampleMap:PersistentLevel.FirstPersonExampleMap'
[2019.11.17-20.45.49:273][869]LogBlueprintUserMessages: Late PlayInEditor Detection: Level '/Game/Maps/Door_Breached.Door_Breached:PersistentLevel' has LevelScriptBlueprint '/Game/Maps/Door_Breached.Door_Breached:PersistentLevel.Door_Breached' with GeneratedClass '/Game/Maps/Door_Breached.Door_Breached_C' with ClassGeneratedBy '/Game/Maps/Door_Breached.Door_Breached:PersistentLevel.Door_Breached'
[2019.11.17-20.45.49:275][869]LogBlueprintUserMessages: Late PlayInEditor Detection: Level '/Game/Maps/Door_Kit.Door_Kit:PersistentLevel' has LevelScriptBlueprint '/Game/Maps/Door_Kit.Door_Kit:PersistentLevel.Door_Kit' with GeneratedClass '/Game/Maps/Door_Kit.Door_Kit_C' with ClassGeneratedBy '/Game/Maps/Door_Kit.Door_Kit:PersistentLevel.Door_Kit'
[2019.11.17-20.45.49:276][869]LogBlueprintUserMessages: Late PlayInEditor Detection: Level '/Game/Maps/Turret_Kit.Turret_Kit:PersistentLevel' has LevelScriptBlueprint '/Game/Maps/Turret_Kit.Turret_Kit:PersistentLevel.Turret_Kit' with GeneratedClass '/Game/Maps/Turret_Kit.Turret_Kit_C' with ClassGeneratedBy '/Game/Maps/Turret_Kit.Turret_Kit:PersistentLevel.Turret_Kit'
[2019.11.17-20.45.49:277][869]LogBlueprintUserMessages: Late PlayInEditor Detection: Level '/Game/Maps/Laser_Kit.Laser_Kit:PersistentLevel' has LevelScriptBlueprint '/Game/Maps/Laser_Kit.Laser_Kit:PersistentLevel.Laser_Kit' with GeneratedClass '/Game/Maps/Laser_Kit.Laser_Kit_C' with ClassGeneratedBy '/Game/Maps/Laser_Kit.Laser_Kit:PersistentLevel.Laser_Kit'
[2019.11.17-20.45.49:277][869]LogBlueprintUserMessages: Late PlayInEditor Detection: Level '/Game/Maps/Camera_Kit.Camera_Kit:PersistentLevel' has LevelScriptBlueprint '/Game/Maps/Camera_Kit.Camera_Kit:PersistentLevel.Camera_Kit' with GeneratedClass '/Game/Maps/Camera_Kit.Camera_Kit_C' with ClassGeneratedBy '/Game/Maps/Camera_Kit.Camera_Kit:PersistentLevel.Camera_Kit'
[2019.11.17-20.45.49:279][869]LogBlueprintUserMessages: Late PlayInEditor Detection: Level '/Game/Maps/Explosive_Kit.Explosive_Kit:PersistentLevel' has LevelScriptBlueprint '/Game/Maps/Explosive_Kit.Explosive_Kit:PersistentLevel.Explosive_Kit' with GeneratedClass '/Game/Maps/Explosive_Kit.Explosive_Kit_C' with ClassGeneratedBy '/Game/Maps/Explosive_Kit.Explosive_Kit:PersistentLevel.Explosive_Kit'
[2019.11.17-20.45.49:280][869]LogBlueprintUserMessages: Late PlayInEditor Detection: Level '/Game/Maps/Teleport_Kit.Teleport_Kit:PersistentLevel' has LevelScriptBlueprint '/Game/Maps/Teleport_Kit.Teleport_Kit:PersistentLevel.Teleport_Kit' with GeneratedClass '/Game/Maps/Teleport_Kit.Teleport_Kit_C' with ClassGeneratedBy '/Game/Maps/Teleport_Kit.Teleport_Kit:PersistentLevel.Teleport_Kit'
[2019.11.17-20.45.51:732][920]LogBlueprintUserMessages: [Safe_2] Safe: BEEP
[2019.11.17-20.45.52:257][935]LogBlueprintUserMessages: [Safe_2] Safe: BEEP
[2019.11.17-20.45.52:742][949]LogBlueprintUserMessages: [Safe_2] Safe: BEEP
[2019.11.17-20.45.54:081][987]LogBlueprintUserMessages: [Safe_2] Safe: BEEP
[2019.11.17-20.46.00:008][162]LogBlueprintUserMessages: Early EndPlayMap Detection: Level '/Game/FirstPersonBP/Maps/FirstPersonExampleMap.FirstPersonExampleMap:PersistentLevel' has LevelScriptBlueprint '/Game/FirstPersonBP/Maps/FirstPersonExampleMap.FirstPersonExampleMap:PersistentLevel.FirstPersonExampleMap' with GeneratedClass '/Game/FirstPersonBP/Maps/FirstPersonExampleMap.FirstPersonExampleMap_C' with ClassGeneratedBy '/Game/FirstPersonBP/Maps/FirstPersonExampleMap.FirstPersonExampleMap:PersistentLevel.FirstPersonExampleMap'
[2019.11.17-20.46.00:011][162]LogBlueprintUserMessages: Early EndPlayMap Detection: Level '/Game/Maps/Door_Breached.Door_Breached:PersistentLevel' has LevelScriptBlueprint '/Game/Maps/Door_Breached.Door_Breached:PersistentLevel.Door_Breached' with GeneratedClass '/Game/Maps/Door_Breached.Door_Breached_C' with ClassGeneratedBy '/Game/Maps/Door_Breached.Door_Breached:PersistentLevel.Door_Breached'
[2019.11.17-20.46.00:013][162]LogBlueprintUserMessages: Early EndPlayMap Detection: Level '/Game/Maps/Door_Kit.Door_Kit:PersistentLevel' has LevelScriptBlueprint '/Game/Maps/Door_Kit.Door_Kit:PersistentLevel.Door_Kit' with GeneratedClass '/Game/Maps/Door_Kit.Door_Kit_C' with ClassGeneratedBy '/Game/Maps/Door_Kit.Door_Kit:PersistentLevel.Door_Kit'
[2019.11.17-20.46.00:014][162]LogBlueprintUserMessages: Early EndPlayMap Detection: Level '/Game/Maps/Turret_Kit.Turret_Kit:PersistentLevel' has LevelScriptBlueprint '/Game/Maps/Turret_Kit.Turret_Kit:PersistentLevel.Turret_Kit' with GeneratedClass '/Game/Maps/Turret_Kit.Turret_Kit_C' with ClassGeneratedBy '/Game/Maps/Turret_Kit.Turret_Kit:PersistentLevel.Turret_Kit'
[2019.11.17-20.46.00:016][162]LogBlueprintUserMessages: Early EndPlayMap Detection: Level '/Game/Maps/Laser_Kit.Laser_Kit:PersistentLevel' has LevelScriptBlueprint '/Game/Maps/Laser_Kit.Laser_Kit:PersistentLevel.Laser_Kit' with GeneratedClass '/Game/Maps/Laser_Kit.Laser_Kit_C' with ClassGeneratedBy '/Game/Maps/Laser_Kit.Laser_Kit:PersistentLevel.Laser_Kit'
[2019.11.17-20.46.00:017][162]LogBlueprintUserMessages: Early EndPlayMap Detection: Level '/Game/Maps/Camera_Kit.Camera_Kit:PersistentLevel' has LevelScriptBlueprint '/Game/Maps/Camera_Kit.Camera_Kit:PersistentLevel.Camera_Kit' with GeneratedClass '/Game/Maps/Camera_Kit.Camera_Kit_C' with ClassGeneratedBy '/Game/Maps/Camera_Kit.Camera_Kit:PersistentLevel.Camera_Kit'
[2019.11.17-20.46.00:019][162]LogBlueprintUserMessages: Early EndPlayMap Detection: Level '/Game/Maps/Explosive_Kit.Explosive_Kit:PersistentLevel' has LevelScriptBlueprint '/Game/Maps/Explosive_Kit.Explosive_Kit:PersistentLevel.Explosive_Kit' with GeneratedClass '/Game/Maps/Explosive_Kit.Explosive_Kit_C' with ClassGeneratedBy '/Game/Maps/Explosive_Kit.Explosive_Kit:PersistentLevel.Explosive_Kit'
[2019.11.17-20.46.00:020][162]LogBlueprintUserMessages: Early EndPlayMap Detection: Level '/Game/Maps/Teleport_Kit.Teleport_Kit:PersistentLevel' has LevelScriptBlueprint '/Game/Maps/Teleport_Kit.Teleport_Kit:PersistentLevel.Teleport_Kit' with GeneratedClass '/Game/Maps/Teleport_Kit.Teleport_Kit_C' with ClassGeneratedBy '/Game/Maps/Teleport_Kit.Teleport_Kit:PersistentLevel.Teleport_Kit'
[2019.11.17-20.46.00:021][162]LogSlate: Updating window title bar state: overlay mode, drag disabled, window buttons hidden, title bar hidden
[2019.11.17-20.46.00:079][162]LogPlayLevel: Display: Shutting down PIE online subsystems
[2019.11.17-20.46.00:080][162]LogBlueprintUserMessages: Late EndPlayMap Detection: Level '/Game/FirstPersonBP/Maps/FirstPersonExampleMap.FirstPersonExampleMap:PersistentLevel' has LevelScriptBlueprint '/Game/FirstPersonBP/Maps/FirstPersonExampleMap.FirstPersonExampleMap:PersistentLevel.FirstPersonExampleMap' with GeneratedClass '/Game/FirstPersonBP/Maps/FirstPersonExampleMap.FirstPersonExampleMap_C' with ClassGeneratedBy '/Game/FirstPersonBP/Maps/FirstPersonExampleMap.FirstPersonExampleMap:PersistentLevel.FirstPersonExampleMap'
[2019.11.17-20.46.00:082][162]LogBlueprintUserMessages: Late EndPlayMap Detection: Level '/Game/Maps/Door_Breached.Door_Breached:PersistentLevel' has LevelScriptBlueprint '/Game/Maps/Door_Breached.Door_Breached:PersistentLevel.Door_Breached' with GeneratedClass '/Game/Maps/Door_Breached.Door_Breached_C' with ClassGeneratedBy '/Game/Maps/Door_Breached.Door_Breached:PersistentLevel.Door_Breached'
[2019.11.17-20.46.00:083][162]LogBlueprintUserMessages: Late EndPlayMap Detection: Level '/Game/Maps/Door_Kit.Door_Kit:PersistentLevel' has LevelScriptBlueprint '/Game/Maps/Door_Kit.Door_Kit:PersistentLevel.Door_Kit' with GeneratedClass '/Game/Maps/Door_Kit.Door_Kit_C' with ClassGeneratedBy '/Game/Maps/Door_Kit.Door_Kit:PersistentLevel.Door_Kit'
[2019.11.17-20.46.00:084][162]LogBlueprintUserMessages: Late EndPlayMap Detection: Level '/Game/Maps/Turret_Kit.Turret_Kit:PersistentLevel' has LevelScriptBlueprint '/Game/Maps/Turret_Kit.Turret_Kit:PersistentLevel.Turret_Kit' with GeneratedClass '/Game/Maps/Turret_Kit.Turret_Kit_C' with ClassGeneratedBy '/Game/Maps/Turret_Kit.Turret_Kit:PersistentLevel.Turret_Kit'
[2019.11.17-20.46.00:085][162]LogBlueprintUserMessages: Late EndPlayMap Detection: Level '/Game/Maps/Laser_Kit.Laser_Kit:PersistentLevel' has LevelScriptBlueprint '/Game/Maps/Laser_Kit.Laser_Kit:PersistentLevel.Laser_Kit' with GeneratedClass '/Game/Maps/Laser_Kit.Laser_Kit_C' with ClassGeneratedBy '/Game/Maps/Laser_Kit.Laser_Kit:PersistentLevel.Laser_Kit'
[2019.11.17-20.46.00:086][162]LogBlueprintUserMessages: Late EndPlayMap Detection: Level '/Game/Maps/Camera_Kit.Camera_Kit:PersistentLevel' has LevelScriptBlueprint '/Game/Maps/Camera_Kit.Camera_Kit:PersistentLevel.Camera_Kit' with GeneratedClass '/Game/Maps/Camera_Kit.Camera_Kit_C' with ClassGeneratedBy '/Game/Maps/Camera_Kit.Camera_Kit:PersistentLevel.Camera_Kit'
[2019.11.17-20.46.00:087][162]LogBlueprintUserMessages: Late EndPlayMap Detection: Level '/Game/Maps/Explosive_Kit.Explosive_Kit:PersistentLevel' has LevelScriptBlueprint '/Game/Maps/Explosive_Kit.Explosive_Kit:PersistentLevel.Explosive_Kit' with GeneratedClass '/Game/Maps/Explosive_Kit.Explosive_Kit_C' with ClassGeneratedBy '/Game/Maps/Explosive_Kit.Explosive_Kit:PersistentLevel.Explosive_Kit'
[2019.11.17-20.46.00:088][162]LogBlueprintUserMessages: Late EndPlayMap Detection: Level '/Game/Maps/Teleport_Kit.Teleport_Kit:PersistentLevel' has LevelScriptBlueprint '/Game/Maps/Teleport_Kit.Teleport_Kit:PersistentLevel.Teleport_Kit' with GeneratedClass '/Game/Maps/Teleport_Kit.Teleport_Kit_C' with ClassGeneratedBy '/Game/Maps/Teleport_Kit.Teleport_Kit:PersistentLevel.Teleport_Kit'
[2019.11.17-20.46.00:221][162]LogSlate: Updating window title bar state: overlay mode, drag disabled, window buttons hidden, title bar hidden
[2019.11.17-20.46.00:233][162]LogUObjectHash: Compacting FUObjectHashTables data took   6.46ms
[2019.11.17-20.46.00:348][163]LogPlayLevel: Display: Destroying online subsystem :Context_28
[2019.11.17-20.46.01:634][200]LogSlate: FSceneViewport::OnFocusLost() reason 0
[2019.11.17-20.46.08:971][419]LogTemp: Repeating last play command: Selected Viewport
[2019.11.17-20.46.09:111][419]LogBlueprintUserMessages: Early PlayInEditor Detection: Level '/Game/FirstPersonBP/Maps/FirstPersonExampleMap.FirstPersonExampleMap:PersistentLevel' has LevelScriptBlueprint '/Game/FirstPersonBP/Maps/FirstPersonExampleMap.FirstPersonExampleMap:PersistentLevel.FirstPersonExampleMap' with GeneratedClass '/Game/FirstPersonBP/Maps/FirstPersonExampleMap.FirstPersonExampleMap_C' with ClassGeneratedBy '/Game/FirstPersonBP/Maps/FirstPersonExampleMap.FirstPersonExampleMap:PersistentLevel.FirstPersonExampleMap'
[2019.11.17-20.46.09:113][419]LogBlueprintUserMessages: Early PlayInEditor Detection: Level '/Game/Maps/Door_Breached.Door_Breached:PersistentLevel' has LevelScriptBlueprint '/Game/Maps/Door_Breached.Door_Breached:PersistentLevel.Door_Breached' with GeneratedClass '/Game/Maps/Door_Breached.Door_Breached_C' with ClassGeneratedBy '/Game/Maps/Door_Breached.Door_Breached:PersistentLevel.Door_Breached'
[2019.11.17-20.46.09:115][419]LogBlueprintUserMessages: Early PlayInEditor Detection: Level '/Game/Maps/Door_Kit.Door_Kit:PersistentLevel' has LevelScriptBlueprint '/Game/Maps/Door_Kit.Door_Kit:PersistentLevel.Door_Kit' with GeneratedClass '/Game/Maps/Door_Kit.Door_Kit_C' with ClassGeneratedBy '/Game/Maps/Door_Kit.Door_Kit:PersistentLevel.Door_Kit'
[2019.11.17-20.46.09:116][419]LogBlueprintUserMessages: Early PlayInEditor Detection: Level '/Game/Maps/Turret_Kit.Turret_Kit:PersistentLevel' has LevelScriptBlueprint '/Game/Maps/Turret_Kit.Turret_Kit:PersistentLevel.Turret_Kit' with GeneratedClass '/Game/Maps/Turret_Kit.Turret_Kit_C' with ClassGeneratedBy '/Game/Maps/Turret_Kit.Turret_Kit:PersistentLevel.Turret_Kit'
[2019.11.17-20.46.09:117][419]LogBlueprintUserMessages: Early PlayInEditor Detection: Level '/Game/Maps/Laser_Kit.Laser_Kit:PersistentLevel' has LevelScriptBlueprint '/Game/Maps/Laser_Kit.Laser_Kit:PersistentLevel.Laser_Kit' with GeneratedClass '/Game/Maps/Laser_Kit.Laser_Kit_C' with ClassGeneratedBy '/Game/Maps/Laser_Kit.Laser_Kit:PersistentLevel.Laser_Kit'
[2019.11.17-20.46.09:118][419]LogBlueprintUserMessages: Early PlayInEditor Detection: Level '/Game/Maps/Camera_Kit.Camera_Kit:PersistentLevel' has LevelScriptBlueprint '/Game/Maps/Camera_Kit.Camera_Kit:PersistentLevel.Camera_Kit' with GeneratedClass '/Game/Maps/Camera_Kit.Camera_Kit_C' with ClassGeneratedBy '/Game/Maps/Camera_Kit.Camera_Kit:PersistentLevel.Camera_Kit'
[2019.11.17-20.46.09:119][419]LogBlueprintUserMessages: Early PlayInEditor Detection: Level '/Game/Maps/Explosive_Kit.Explosive_Kit:PersistentLevel' has LevelScriptBlueprint '/Game/Maps/Explosive_Kit.Explosive_Kit:PersistentLevel.Explosive_Kit' with GeneratedClass '/Game/Maps/Explosive_Kit.Explosive_Kit_C' with ClassGeneratedBy '/Game/Maps/Explosive_Kit.Explosive_Kit:PersistentLevel.Explosive_Kit'
[2019.11.17-20.46.09:120][419]LogBlueprintUserMessages: Early PlayInEditor Detection: Level '/Game/Maps/Teleport_Kit.Teleport_Kit:PersistentLevel' has LevelScriptBlueprint '/Game/Maps/Teleport_Kit.Teleport_Kit:PersistentLevel.Teleport_Kit' with GeneratedClass '/Game/Maps/Teleport_Kit.Teleport_Kit_C' with ClassGeneratedBy '/Game/Maps/Teleport_Kit.Teleport_Kit:PersistentLevel.Teleport_Kit'
[2019.11.17-20.46.09:122][419]BlueprintLog: New page: Pre-Play auto-recompile
[2019.11.17-20.46.09:132][419]LogPlayLevel: [PlayLevel] Compiling Safe before play...
[2019.11.17-20.46.09:950][419]LogUObjectHash: Compacting FUObjectHashTables data took  12.34ms
[2019.11.17-20.46.09:950][419]LogPlayLevel: PlayLevel: Blueprint regeneration took 829 ms (1 blueprints)
[2019.11.17-20.46.09:951][419]PIE: New page: PIE session: FirstPersonExampleMap (Nov 17, 2019, 4:46:09 AM)
[2019.11.17-20.46.09:951][419]LogPlayLevel: Creating play world package: /Game/FirstPersonBP/Maps/UEDPIE_0_FirstPersonExampleMap
[2019.11.17-20.46.09:995][419]LogPlayLevel: PIE: StaticDuplicateObject took: (0.042792s)
[2019.11.17-20.46.09:997][419]LogAIModule: Creating AISystem for world FirstPersonExampleMap
[2019.11.17-20.46.09:997][419]LogPlayLevel: PIE: World Init took: (0.001829s)
[2019.11.17-20.46.09:998][419]LogPlayLevel: PIE: Created PIE world by copying editor world from /Game/FirstPersonBP/Maps/FirstPersonExampleMap.FirstPersonExampleMap to /Game/FirstPersonBP/Maps/UEDPIE_0_FirstPersonExampleMap.FirstPersonExampleMap (0.046027s)
[2019.11.17-20.46.10:123][419]LogUObjectHash: Compacting FUObjectHashTables data took   6.19ms
[2019.11.17-20.46.10:193][419]LogInit: XAudio2 using 'Headset Earphone (SteelSeries Arctis 5 Chat)' : 2 channels at 48 kHz using 16 bits per sample (channel mask 0x3)
[2019.11.17-20.46.10:232][419]LogInit: FAudioDevice initialized.
[2019.11.17-20.46.10:283][419]LogLoad: Game class is 'FirstPersonGameMode_C'
[2019.11.17-20.46.10:295][419]LogWorld: Bringing World /Game/FirstPersonBP/Maps/UEDPIE_0_FirstPersonExampleMap.FirstPersonExampleMap up for play (max tick rate 60) at 2019.11.17-12.46.10
[2019.11.17-20.46.10:296][419]LogWorld: Bringing up level for play took: 0.010781
[2019.11.17-20.46.10:312][419]PIE: Play in editor start time for /Game/FirstPersonBP/Maps/UEDPIE_0_FirstPersonExampleMap 0.641
[2019.11.17-20.46.10:314][419]LogBlueprintUserMessages: Late PlayInEditor Detection: Level '/Game/FirstPersonBP/Maps/FirstPersonExampleMap.FirstPersonExampleMap:PersistentLevel' has LevelScriptBlueprint '/Game/FirstPersonBP/Maps/FirstPersonExampleMap.FirstPersonExampleMap:PersistentLevel.FirstPersonExampleMap' with GeneratedClass '/Game/FirstPersonBP/Maps/FirstPersonExampleMap.FirstPersonExampleMap_C' with ClassGeneratedBy '/Game/FirstPersonBP/Maps/FirstPersonExampleMap.FirstPersonExampleMap:PersistentLevel.FirstPersonExampleMap'
[2019.11.17-20.46.10:316][419]LogBlueprintUserMessages: Late PlayInEditor Detection: Level '/Game/Maps/Door_Breached.Door_Breached:PersistentLevel' has LevelScriptBlueprint '/Game/Maps/Door_Breached.Door_Breached:PersistentLevel.Door_Breached' with GeneratedClass '/Game/Maps/Door_Breached.Door_Breached_C' with ClassGeneratedBy '/Game/Maps/Door_Breached.Door_Breached:PersistentLevel.Door_Breached'
[2019.11.17-20.46.10:317][419]LogBlueprintUserMessages: Late PlayInEditor Detection: Level '/Game/Maps/Door_Kit.Door_Kit:PersistentLevel' has LevelScriptBlueprint '/Game/Maps/Door_Kit.Door_Kit:PersistentLevel.Door_Kit' with GeneratedClass '/Game/Maps/Door_Kit.Door_Kit_C' with ClassGeneratedBy '/Game/Maps/Door_Kit.Door_Kit:PersistentLevel.Door_Kit'
[2019.11.17-20.46.10:318][419]LogBlueprintUserMessages: Late PlayInEditor Detection: Level '/Game/Maps/Turret_Kit.Turret_Kit:PersistentLevel' has LevelScriptBlueprint '/Game/Maps/Turret_Kit.Turret_Kit:PersistentLevel.Turret_Kit' with GeneratedClass '/Game/Maps/Turret_Kit.Turret_Kit_C' with ClassGeneratedBy '/Game/Maps/Turret_Kit.Turret_Kit:PersistentLevel.Turret_Kit'
[2019.11.17-20.46.10:319][419]LogBlueprintUserMessages: Late PlayInEditor Detection: Level '/Game/Maps/Laser_Kit.Laser_Kit:PersistentLevel' has LevelScriptBlueprint '/Game/Maps/Laser_Kit.Laser_Kit:PersistentLevel.Laser_Kit' with GeneratedClass '/Game/Maps/Laser_Kit.Laser_Kit_C' with ClassGeneratedBy '/Game/Maps/Laser_Kit.Laser_Kit:PersistentLevel.Laser_Kit'
[2019.11.17-20.46.10:320][419]LogBlueprintUserMessages: Late PlayInEditor Detection: Level '/Game/Maps/Camera_Kit.Camera_Kit:PersistentLevel' has LevelScriptBlueprint '/Game/Maps/Camera_Kit.Camera_Kit:PersistentLevel.Camera_Kit' with GeneratedClass '/Game/Maps/Camera_Kit.Camera_Kit_C' with ClassGeneratedBy '/Game/Maps/Camera_Kit.Camera_Kit:PersistentLevel.Camera_Kit'
[2019.11.17-20.46.10:321][419]LogBlueprintUserMessages: Late PlayInEditor Detection: Level '/Game/Maps/Explosive_Kit.Explosive_Kit:PersistentLevel' has LevelScriptBlueprint '/Game/Maps/Explosive_Kit.Explosive_Kit:PersistentLevel.Explosive_Kit' with GeneratedClass '/Game/Maps/Explosive_Kit.Explosive_Kit_C' with ClassGeneratedBy '/Game/Maps/Explosive_Kit.Explosive_Kit:PersistentLevel.Explosive_Kit'
[2019.11.17-20.46.10:322][419]LogBlueprintUserMessages: Late PlayInEditor Detection: Level '/Game/Maps/Teleport_Kit.Teleport_Kit:PersistentLevel' has LevelScriptBlueprint '/Game/Maps/Teleport_Kit.Teleport_Kit:PersistentLevel.Teleport_Kit' with GeneratedClass '/Game/Maps/Teleport_Kit.Teleport_Kit_C' with ClassGeneratedBy '/Game/Maps/Teleport_Kit.Teleport_Kit:PersistentLevel.Teleport_Kit'
[2019.11.17-20.46.13:301][481]LogBlueprintUserMessages: [Safe_2] Safe: BEEP
[2019.11.17-20.46.14:383][510]LogBlueprintUserMessages: [Safe_2] Safe: BEEP
[2019.11.17-20.46.14:797][521]LogBlueprintUserMessages: [Safe_2] Safe: BEEP
[2019.11.17-20.46.15:382][537]LogBlueprintUserMessages: [Safe_2] Safe: BEEP
[2019.11.17-20.46.19:682][659]LogBlueprintUserMessages: Early EndPlayMap Detection: Level '/Game/FirstPersonBP/Maps/FirstPersonExampleMap.FirstPersonExampleMap:PersistentLevel' has LevelScriptBlueprint '/Game/FirstPersonBP/Maps/FirstPersonExampleMap.FirstPersonExampleMap:PersistentLevel.FirstPersonExampleMap' with GeneratedClass '/Game/FirstPersonBP/Maps/FirstPersonExampleMap.FirstPersonExampleMap_C' with ClassGeneratedBy '/Game/FirstPersonBP/Maps/FirstPersonExampleMap.FirstPersonExampleMap:PersistentLevel.FirstPersonExampleMap'
[2019.11.17-20.46.19:684][659]LogBlueprintUserMessages: Early EndPlayMap Detection: Level '/Game/Maps/Door_Breached.Door_Breached:PersistentLevel' has LevelScriptBlueprint '/Game/Maps/Door_Breached.Door_Breached:PersistentLevel.Door_Breached' with GeneratedClass '/Game/Maps/Door_Breached.Door_Breached_C' with ClassGeneratedBy '/Game/Maps/Door_Breached.Door_Breached:PersistentLevel.Door_Breached'
[2019.11.17-20.46.19:686][659]LogBlueprintUserMessages: Early EndPlayMap Detection: Level '/Game/Maps/Door_Kit.Door_Kit:PersistentLevel' has LevelScriptBlueprint '/Game/Maps/Door_Kit.Door_Kit:PersistentLevel.Door_Kit' with GeneratedClass '/Game/Maps/Door_Kit.Door_Kit_C' with ClassGeneratedBy '/Game/Maps/Door_Kit.Door_Kit:PersistentLevel.Door_Kit'
[2019.11.17-20.46.19:688][659]LogBlueprintUserMessages: Early EndPlayMap Detection: Level '/Game/Maps/Turret_Kit.Turret_Kit:PersistentLevel' has LevelScriptBlueprint '/Game/Maps/Turret_Kit.Turret_Kit:PersistentLevel.Turret_Kit' with GeneratedClass '/Game/Maps/Turret_Kit.Turret_Kit_C' with ClassGeneratedBy '/Game/Maps/Turret_Kit.Turret_Kit:PersistentLevel.Turret_Kit'
[2019.11.17-20.46.19:689][659]LogBlueprintUserMessages: Early EndPlayMap Detection: Level '/Game/Maps/Laser_Kit.Laser_Kit:PersistentLevel' has LevelScriptBlueprint '/Game/Maps/Laser_Kit.Laser_Kit:PersistentLevel.Laser_Kit' with GeneratedClass '/Game/Maps/Laser_Kit.Laser_Kit_C' with ClassGeneratedBy '/Game/Maps/Laser_Kit.Laser_Kit:PersistentLevel.Laser_Kit'
[2019.11.17-20.46.19:690][659]LogBlueprintUserMessages: Early EndPlayMap Detection: Level '/Game/Maps/Camera_Kit.Camera_Kit:PersistentLevel' has LevelScriptBlueprint '/Game/Maps/Camera_Kit.Camera_Kit:PersistentLevel.Camera_Kit' with GeneratedClass '/Game/Maps/Camera_Kit.Camera_Kit_C' with ClassGeneratedBy '/Game/Maps/Camera_Kit.Camera_Kit:PersistentLevel.Camera_Kit'
[2019.11.17-20.46.19:692][659]LogBlueprintUserMessages: Early EndPlayMap Detection: Level '/Game/Maps/Explosive_Kit.Explosive_Kit:PersistentLevel' has LevelScriptBlueprint '/Game/Maps/Explosive_Kit.Explosive_Kit:PersistentLevel.Explosive_Kit' with GeneratedClass '/Game/Maps/Explosive_Kit.Explosive_Kit_C' with ClassGeneratedBy '/Game/Maps/Explosive_Kit.Explosive_Kit:PersistentLevel.Explosive_Kit'
[2019.11.17-20.46.19:693][659]LogBlueprintUserMessages: Early EndPlayMap Detection: Level '/Game/Maps/Teleport_Kit.Teleport_Kit:PersistentLevel' has LevelScriptBlueprint '/Game/Maps/Teleport_Kit.Teleport_Kit:PersistentLevel.Teleport_Kit' with GeneratedClass '/Game/Maps/Teleport_Kit.Teleport_Kit_C' with ClassGeneratedBy '/Game/Maps/Teleport_Kit.Teleport_Kit:PersistentLevel.Teleport_Kit'
[2019.11.17-20.46.19:695][659]LogSlate: Updating window title bar state: overlay mode, drag disabled, window buttons hidden, title bar hidden
[2019.11.17-20.46.19:744][659]LogPlayLevel: Display: Shutting down PIE online subsystems
[2019.11.17-20.46.19:745][659]LogBlueprintUserMessages: Late EndPlayMap Detection: Level '/Game/FirstPersonBP/Maps/FirstPersonExampleMap.FirstPersonExampleMap:PersistentLevel' has LevelScriptBlueprint '/Game/FirstPersonBP/Maps/FirstPersonExampleMap.FirstPersonExampleMap:PersistentLevel.FirstPersonExampleMap' with GeneratedClass '/Game/FirstPersonBP/Maps/FirstPersonExampleMap.FirstPersonExampleMap_C' with ClassGeneratedBy '/Game/FirstPersonBP/Maps/FirstPersonExampleMap.FirstPersonExampleMap:PersistentLevel.FirstPersonExampleMap'
[2019.11.17-20.46.19:747][659]LogBlueprintUserMessages: Late EndPlayMap Detection: Level '/Game/Maps/Door_Breached.Door_Breached:PersistentLevel' has LevelScriptBlueprint '/Game/Maps/Door_Breached.Door_Breached:PersistentLevel.Door_Breached' with GeneratedClass '/Game/Maps/Door_Breached.Door_Breached_C' with ClassGeneratedBy '/Game/Maps/Door_Breached.Door_Breached:PersistentLevel.Door_Breached'
[2019.11.17-20.46.19:748][659]LogBlueprintUserMessages: Late EndPlayMap Detection: Level '/Game/Maps/Door_Kit.Door_Kit:PersistentLevel' has LevelScriptBlueprint '/Game/Maps/Door_Kit.Door_Kit:PersistentLevel.Door_Kit' with GeneratedClass '/Game/Maps/Door_Kit.Door_Kit_C' with ClassGeneratedBy '/Game/Maps/Door_Kit.Door_Kit:PersistentLevel.Door_Kit'
[2019.11.17-20.46.19:748][659]LogBlueprintUserMessages: Late EndPlayMap Detection: Level '/Game/Maps/Turret_Kit.Turret_Kit:PersistentLevel' has LevelScriptBlueprint '/Game/Maps/Turret_Kit.Turret_Kit:PersistentLevel.Turret_Kit' with GeneratedClass '/Game/Maps/Turret_Kit.Turret_Kit_C' with ClassGeneratedBy '/Game/Maps/Turret_Kit.Turret_Kit:PersistentLevel.Turret_Kit'
[2019.11.17-20.46.19:749][659]LogBlueprintUserMessages: Late EndPlayMap Detection: Level '/Game/Maps/Laser_Kit.Laser_Kit:PersistentLevel' has LevelScriptBlueprint '/Game/Maps/Laser_Kit.Laser_Kit:PersistentLevel.Laser_Kit' with GeneratedClass '/Game/Maps/Laser_Kit.Laser_Kit_C' with ClassGeneratedBy '/Game/Maps/Laser_Kit.Laser_Kit:PersistentLevel.Laser_Kit'
[2019.11.17-20.46.19:750][659]LogBlueprintUserMessages: Late EndPlayMap Detection: Level '/Game/Maps/Camera_Kit.Camera_Kit:PersistentLevel' has LevelScriptBlueprint '/Game/Maps/Camera_Kit.Camera_Kit:PersistentLevel.Camera_Kit' with GeneratedClass '/Game/Maps/Camera_Kit.Camera_Kit_C' with ClassGeneratedBy '/Game/Maps/Camera_Kit.Camera_Kit:PersistentLevel.Camera_Kit'
[2019.11.17-20.46.19:751][659]LogBlueprintUserMessages: Late EndPlayMap Detection: Level '/Game/Maps/Explosive_Kit.Explosive_Kit:PersistentLevel' has LevelScriptBlueprint '/Game/Maps/Explosive_Kit.Explosive_Kit:PersistentLevel.Explosive_Kit' with GeneratedClass '/Game/Maps/Explosive_Kit.Explosive_Kit_C' with ClassGeneratedBy '/Game/Maps/Explosive_Kit.Explosive_Kit:PersistentLevel.Explosive_Kit'
[2019.11.17-20.46.19:752][659]LogBlueprintUserMessages: Late EndPlayMap Detection: Level '/Game/Maps/Teleport_Kit.Teleport_Kit:PersistentLevel' has LevelScriptBlueprint '/Game/Maps/Teleport_Kit.Teleport_Kit:PersistentLevel.Teleport_Kit' with GeneratedClass '/Game/Maps/Teleport_Kit.Teleport_Kit_C' with ClassGeneratedBy '/Game/Maps/Teleport_Kit.Teleport_Kit:PersistentLevel.Teleport_Kit'
[2019.11.17-20.46.19:885][659]LogSlate: Updating window title bar state: overlay mode, drag disabled, window buttons hidden, title bar hidden
[2019.11.17-20.46.19:898][659]LogUObjectHash: Compacting FUObjectHashTables data took   5.64ms
[2019.11.17-20.46.20:018][660]LogPlayLevel: Display: Destroying online subsystem :Context_29
[2019.11.17-20.46.20:453][671]LogSlate: FSceneViewport::OnFocusLost() reason 0
[2019.11.17-20.46.56:789][658]BlueprintLog: New page: Compile Safe
[2019.11.17-20.46.57:458][658]LogUObjectHash: Compacting FUObjectHashTables data took   9.24ms
[2019.11.17-20.46.58:343][668]LogTemp: Repeating last play command: Selected Viewport
[2019.11.17-20.46.58:481][668]LogBlueprintUserMessages: Early PlayInEditor Detection: Level '/Game/FirstPersonBP/Maps/FirstPersonExampleMap.FirstPersonExampleMap:PersistentLevel' has LevelScriptBlueprint '/Game/FirstPersonBP/Maps/FirstPersonExampleMap.FirstPersonExampleMap:PersistentLevel.FirstPersonExampleMap' with GeneratedClass '/Game/FirstPersonBP/Maps/FirstPersonExampleMap.FirstPersonExampleMap_C' with ClassGeneratedBy '/Game/FirstPersonBP/Maps/FirstPersonExampleMap.FirstPersonExampleMap:PersistentLevel.FirstPersonExampleMap'
[2019.11.17-20.46.58:482][668]LogBlueprintUserMessages: Early PlayInEditor Detection: Level '/Game/Maps/Door_Breached.Door_Breached:PersistentLevel' has LevelScriptBlueprint '/Game/Maps/Door_Breached.Door_Breached:PersistentLevel.Door_Breached' with GeneratedClass '/Game/Maps/Door_Breached.Door_Breached_C' with ClassGeneratedBy '/Game/Maps/Door_Breached.Door_Breached:PersistentLevel.Door_Breached'
[2019.11.17-20.46.58:483][668]LogBlueprintUserMessages: Early PlayInEditor Detection: Level '/Game/Maps/Door_Kit.Door_Kit:PersistentLevel' has LevelScriptBlueprint '/Game/Maps/Door_Kit.Door_Kit:PersistentLevel.Door_Kit' with GeneratedClass '/Game/Maps/Door_Kit.Door_Kit_C' with ClassGeneratedBy '/Game/Maps/Door_Kit.Door_Kit:PersistentLevel.Door_Kit'
[2019.11.17-20.46.58:484][668]LogBlueprintUserMessages: Early PlayInEditor Detection: Level '/Game/Maps/Turret_Kit.Turret_Kit:PersistentLevel' has LevelScriptBlueprint '/Game/Maps/Turret_Kit.Turret_Kit:PersistentLevel.Turret_Kit' with GeneratedClass '/Game/Maps/Turret_Kit.Turret_Kit_C' with ClassGeneratedBy '/Game/Maps/Turret_Kit.Turret_Kit:PersistentLevel.Turret_Kit'
[2019.11.17-20.46.58:485][668]LogBlueprintUserMessages: Early PlayInEditor Detection: Level '/Game/Maps/Laser_Kit.Laser_Kit:PersistentLevel' has LevelScriptBlueprint '/Game/Maps/Laser_Kit.Laser_Kit:PersistentLevel.Laser_Kit' with GeneratedClass '/Game/Maps/Laser_Kit.Laser_Kit_C' with ClassGeneratedBy '/Game/Maps/Laser_Kit.Laser_Kit:PersistentLevel.Laser_Kit'
[2019.11.17-20.46.58:486][668]LogBlueprintUserMessages: Early PlayInEditor Detection: Level '/Game/Maps/Camera_Kit.Camera_Kit:PersistentLevel' has LevelScriptBlueprint '/Game/Maps/Camera_Kit.Camera_Kit:PersistentLevel.Camera_Kit' with GeneratedClass '/Game/Maps/Camera_Kit.Camera_Kit_C' with ClassGeneratedBy '/Game/Maps/Camera_Kit.Camera_Kit:PersistentLevel.Camera_Kit'
[2019.11.17-20.46.58:487][668]LogBlueprintUserMessages: Early PlayInEditor Detection: Level '/Game/Maps/Explosive_Kit.Explosive_Kit:PersistentLevel' has LevelScriptBlueprint '/Game/Maps/Explosive_Kit.Explosive_Kit:PersistentLevel.Explosive_Kit' with GeneratedClass '/Game/Maps/Explosive_Kit.Explosive_Kit_C' with ClassGeneratedBy '/Game/Maps/Explosive_Kit.Explosive_Kit:PersistentLevel.Explosive_Kit'
[2019.11.17-20.46.58:488][668]LogBlueprintUserMessages: Early PlayInEditor Detection: Level '/Game/Maps/Teleport_Kit.Teleport_Kit:PersistentLevel' has LevelScriptBlueprint '/Game/Maps/Teleport_Kit.Teleport_Kit:PersistentLevel.Teleport_Kit' with GeneratedClass '/Game/Maps/Teleport_Kit.Teleport_Kit_C' with ClassGeneratedBy '/Game/Maps/Teleport_Kit.Teleport_Kit:PersistentLevel.Teleport_Kit'
[2019.11.17-20.46.58:489][668]LogPlayLevel: PlayLevel: No blueprints needed recompiling
[2019.11.17-20.46.58:489][668]PIE: New page: PIE session: FirstPersonExampleMap (Nov 17, 2019, 4:46:58 AM)
[2019.11.17-20.46.58:490][668]LogPlayLevel: Creating play world package: /Game/FirstPersonBP/Maps/UEDPIE_0_FirstPersonExampleMap
[2019.11.17-20.46.58:531][668]LogPlayLevel: PIE: StaticDuplicateObject took: (0.040577s)
[2019.11.17-20.46.58:533][668]LogAIModule: Creating AISystem for world FirstPersonExampleMap
[2019.11.17-20.46.58:534][668]LogPlayLevel: PIE: World Init took: (0.002434s)
[2019.11.17-20.46.58:534][668]LogPlayLevel: PIE: Created PIE world by copying editor world from /Game/FirstPersonBP/Maps/FirstPersonExampleMap.FirstPersonExampleMap to /Game/FirstPersonBP/Maps/UEDPIE_0_FirstPersonExampleMap.FirstPersonExampleMap (0.044344s)
[2019.11.17-20.46.58:680][668]LogUObjectHash: Compacting FUObjectHashTables data took  12.60ms
[2019.11.17-20.46.58:756][668]LogInit: XAudio2 using 'Headset Earphone (SteelSeries Arctis 5 Chat)' : 2 channels at 48 kHz using 16 bits per sample (channel mask 0x3)
[2019.11.17-20.46.58:800][668]LogInit: FAudioDevice initialized.
[2019.11.17-20.46.58:849][668]LogLoad: Game class is 'FirstPersonGameMode_C'
[2019.11.17-20.46.58:860][668]LogWorld: Bringing World /Game/FirstPersonBP/Maps/UEDPIE_0_FirstPersonExampleMap.FirstPersonExampleMap up for play (max tick rate 60) at 2019.11.17-12.46.58
[2019.11.17-20.46.58:862][668]LogWorld: Bringing up level for play took: 0.010680
[2019.11.17-20.46.58:880][668]PIE: Play in editor start time for /Game/FirstPersonBP/Maps/UEDPIE_0_FirstPersonExampleMap 1.208
[2019.11.17-20.46.58:881][668]LogBlueprintUserMessages: Late PlayInEditor Detection: Level '/Game/FirstPersonBP/Maps/FirstPersonExampleMap.FirstPersonExampleMap:PersistentLevel' has LevelScriptBlueprint '/Game/FirstPersonBP/Maps/FirstPersonExampleMap.FirstPersonExampleMap:PersistentLevel.FirstPersonExampleMap' with GeneratedClass '/Game/FirstPersonBP/Maps/FirstPersonExampleMap.FirstPersonExampleMap_C' with ClassGeneratedBy '/Game/FirstPersonBP/Maps/FirstPersonExampleMap.FirstPersonExampleMap:PersistentLevel.FirstPersonExampleMap'
[2019.11.17-20.46.58:882][668]LogBlueprintUserMessages: Late PlayInEditor Detection: Level '/Game/Maps/Door_Breached.Door_Breached:PersistentLevel' has LevelScriptBlueprint '/Game/Maps/Door_Breached.Door_Breached:PersistentLevel.Door_Breached' with GeneratedClass '/Game/Maps/Door_Breached.Door_Breached_C' with ClassGeneratedBy '/Game/Maps/Door_Breached.Door_Breached:PersistentLevel.Door_Breached'
[2019.11.17-20.46.58:883][668]LogBlueprintUserMessages: Late PlayInEditor Detection: Level '/Game/Maps/Door_Kit.Door_Kit:PersistentLevel' has LevelScriptBlueprint '/Game/Maps/Door_Kit.Door_Kit:PersistentLevel.Door_Kit' with GeneratedClass '/Game/Maps/Door_Kit.Door_Kit_C' with ClassGeneratedBy '/Game/Maps/Door_Kit.Door_Kit:PersistentLevel.Door_Kit'
[2019.11.17-20.46.58:884][668]LogBlueprintUserMessages: Late PlayInEditor Detection: Level '/Game/Maps/Turret_Kit.Turret_Kit:PersistentLevel' has LevelScriptBlueprint '/Game/Maps/Turret_Kit.Turret_Kit:PersistentLevel.Turret_Kit' with GeneratedClass '/Game/Maps/Turret_Kit.Turret_Kit_C' with ClassGeneratedBy '/Game/Maps/Turret_Kit.Turret_Kit:PersistentLevel.Turret_Kit'
[2019.11.17-20.46.58:885][668]LogBlueprintUserMessages: Late PlayInEditor Detection: Level '/Game/Maps/Laser_Kit.Laser_Kit:PersistentLevel' has LevelScriptBlueprint '/Game/Maps/Laser_Kit.Laser_Kit:PersistentLevel.Laser_Kit' with GeneratedClass '/Game/Maps/Laser_Kit.Laser_Kit_C' with ClassGeneratedBy '/Game/Maps/Laser_Kit.Laser_Kit:PersistentLevel.Laser_Kit'
[2019.11.17-20.46.58:886][668]LogBlueprintUserMessages: Late PlayInEditor Detection: Level '/Game/Maps/Camera_Kit.Camera_Kit:PersistentLevel' has LevelScriptBlueprint '/Game/Maps/Camera_Kit.Camera_Kit:PersistentLevel.Camera_Kit' with GeneratedClass '/Game/Maps/Camera_Kit.Camera_Kit_C' with ClassGeneratedBy '/Game/Maps/Camera_Kit.Camera_Kit:PersistentLevel.Camera_Kit'
[2019.11.17-20.46.58:887][668]LogBlueprintUserMessages: Late PlayInEditor Detection: Level '/Game/Maps/Explosive_Kit.Explosive_Kit:PersistentLevel' has LevelScriptBlueprint '/Game/Maps/Explosive_Kit.Explosive_Kit:PersistentLevel.Explosive_Kit' with GeneratedClass '/Game/Maps/Explosive_Kit.Explosive_Kit_C' with ClassGeneratedBy '/Game/Maps/Explosive_Kit.Explosive_Kit:PersistentLevel.Explosive_Kit'
[2019.11.17-20.46.58:888][668]LogBlueprintUserMessages: Late PlayInEditor Detection: Level '/Game/Maps/Teleport_Kit.Teleport_Kit:PersistentLevel' has LevelScriptBlueprint '/Game/Maps/Teleport_Kit.Teleport_Kit:PersistentLevel.Teleport_Kit' with GeneratedClass '/Game/Maps/Teleport_Kit.Teleport_Kit_C' with ClassGeneratedBy '/Game/Maps/Teleport_Kit.Teleport_Kit:PersistentLevel.Teleport_Kit'
[2019.11.17-20.47.01:671][722]LogBlueprintUserMessages: [Safe_2] Safe: BEEP
[2019.11.17-20.47.02:215][735]LogBlueprintUserMessages: [Safe_2] Safe: BEEP
[2019.11.17-20.47.03:615][769]LogBlueprintUserMessages: [Safe_2] Safe: BEEP
[2019.11.17-20.47.04:466][789]LogBlueprintUserMessages: [Safe_2] Safe: BEEP
[2019.11.17-20.47.17:029][ 87]LogBlueprintUserMessages: Early EndPlayMap Detection: Level '/Game/FirstPersonBP/Maps/FirstPersonExampleMap.FirstPersonExampleMap:PersistentLevel' has LevelScriptBlueprint '/Game/FirstPersonBP/Maps/FirstPersonExampleMap.FirstPersonExampleMap:PersistentLevel.FirstPersonExampleMap' with GeneratedClass '/Game/FirstPersonBP/Maps/FirstPersonExampleMap.FirstPersonExampleMap_C' with ClassGeneratedBy '/Game/FirstPersonBP/Maps/FirstPersonExampleMap.FirstPersonExampleMap:PersistentLevel.FirstPersonExampleMap'
[2019.11.17-20.47.17:031][ 87]LogBlueprintUserMessages: Early EndPlayMap Detection: Level '/Game/Maps/Door_Breached.Door_Breached:PersistentLevel' has LevelScriptBlueprint '/Game/Maps/Door_Breached.Door_Breached:PersistentLevel.Door_Breached' with GeneratedClass '/Game/Maps/Door_Breached.Door_Breached_C' with ClassGeneratedBy '/Game/Maps/Door_Breached.Door_Breached:PersistentLevel.Door_Breached'
[2019.11.17-20.47.17:032][ 87]LogBlueprintUserMessages: Early EndPlayMap Detection: Level '/Game/Maps/Door_Kit.Door_Kit:PersistentLevel' has LevelScriptBlueprint '/Game/Maps/Door_Kit.Door_Kit:PersistentLevel.Door_Kit' with GeneratedClass '/Game/Maps/Door_Kit.Door_Kit_C' with ClassGeneratedBy '/Game/Maps/Door_Kit.Door_Kit:PersistentLevel.Door_Kit'
[2019.11.17-20.47.17:033][ 87]LogBlueprintUserMessages: Early EndPlayMap Detection: Level '/Game/Maps/Turret_Kit.Turret_Kit:PersistentLevel' has LevelScriptBlueprint '/Game/Maps/Turret_Kit.Turret_Kit:PersistentLevel.Turret_Kit' with GeneratedClass '/Game/Maps/Turret_Kit.Turret_Kit_C' with ClassGeneratedBy '/Game/Maps/Turret_Kit.Turret_Kit:PersistentLevel.Turret_Kit'
[2019.11.17-20.47.17:034][ 87]LogBlueprintUserMessages: Early EndPlayMap Detection: Level '/Game/Maps/Laser_Kit.Laser_Kit:PersistentLevel' has LevelScriptBlueprint '/Game/Maps/Laser_Kit.Laser_Kit:PersistentLevel.Laser_Kit' with GeneratedClass '/Game/Maps/Laser_Kit.Laser_Kit_C' with ClassGeneratedBy '/Game/Maps/Laser_Kit.Laser_Kit:PersistentLevel.Laser_Kit'
[2019.11.17-20.47.17:036][ 87]LogBlueprintUserMessages: Early EndPlayMap Detection: Level '/Game/Maps/Camera_Kit.Camera_Kit:PersistentLevel' has LevelScriptBlueprint '/Game/Maps/Camera_Kit.Camera_Kit:PersistentLevel.Camera_Kit' with GeneratedClass '/Game/Maps/Camera_Kit.Camera_Kit_C' with ClassGeneratedBy '/Game/Maps/Camera_Kit.Camera_Kit:PersistentLevel.Camera_Kit'
[2019.11.17-20.47.17:037][ 87]LogBlueprintUserMessages: Early EndPlayMap Detection: Level '/Game/Maps/Explosive_Kit.Explosive_Kit:PersistentLevel' has LevelScriptBlueprint '/Game/Maps/Explosive_Kit.Explosive_Kit:PersistentLevel.Explosive_Kit' with GeneratedClass '/Game/Maps/Explosive_Kit.Explosive_Kit_C' with ClassGeneratedBy '/Game/Maps/Explosive_Kit.Explosive_Kit:PersistentLevel.Explosive_Kit'
[2019.11.17-20.47.17:039][ 87]LogBlueprintUserMessages: Early EndPlayMap Detection: Level '/Game/Maps/Teleport_Kit.Teleport_Kit:PersistentLevel' has LevelScriptBlueprint '/Game/Maps/Teleport_Kit.Teleport_Kit:PersistentLevel.Teleport_Kit' with GeneratedClass '/Game/Maps/Teleport_Kit.Teleport_Kit_C' with ClassGeneratedBy '/Game/Maps/Teleport_Kit.Teleport_Kit:PersistentLevel.Teleport_Kit'
[2019.11.17-20.47.17:042][ 87]LogSlate: Updating window title bar state: overlay mode, drag disabled, window buttons hidden, title bar hidden
[2019.11.17-20.47.17:119][ 87]LogPlayLevel: Display: Shutting down PIE online subsystems
[2019.11.17-20.47.17:120][ 87]LogBlueprintUserMessages: Late EndPlayMap Detection: Level '/Game/FirstPersonBP/Maps/FirstPersonExampleMap.FirstPersonExampleMap:PersistentLevel' has LevelScriptBlueprint '/Game/FirstPersonBP/Maps/FirstPersonExampleMap.FirstPersonExampleMap:PersistentLevel.FirstPersonExampleMap' with GeneratedClass '/Game/FirstPersonBP/Maps/FirstPersonExampleMap.FirstPersonExampleMap_C' with ClassGeneratedBy '/Game/FirstPersonBP/Maps/FirstPersonExampleMap.FirstPersonExampleMap:PersistentLevel.FirstPersonExampleMap'
[2019.11.17-20.47.17:121][ 87]LogBlueprintUserMessages: Late EndPlayMap Detection: Level '/Game/Maps/Door_Breached.Door_Breached:PersistentLevel' has LevelScriptBlueprint '/Game/Maps/Door_Breached.Door_Breached:PersistentLevel.Door_Breached' with GeneratedClass '/Game/Maps/Door_Breached.Door_Breached_C' with ClassGeneratedBy '/Game/Maps/Door_Breached.Door_Breached:PersistentLevel.Door_Breached'
[2019.11.17-20.47.17:122][ 87]LogBlueprintUserMessages: Late EndPlayMap Detection: Level '/Game/Maps/Door_Kit.Door_Kit:PersistentLevel' has LevelScriptBlueprint '/Game/Maps/Door_Kit.Door_Kit:PersistentLevel.Door_Kit' with GeneratedClass '/Game/Maps/Door_Kit.Door_Kit_C' with ClassGeneratedBy '/Game/Maps/Door_Kit.Door_Kit:PersistentLevel.Door_Kit'
[2019.11.17-20.47.17:124][ 87]LogBlueprintUserMessages: Late EndPlayMap Detection: Level '/Game/Maps/Turret_Kit.Turret_Kit:PersistentLevel' has LevelScriptBlueprint '/Game/Maps/Turret_Kit.Turret_Kit:PersistentLevel.Turret_Kit' with GeneratedClass '/Game/Maps/Turret_Kit.Turret_Kit_C' with ClassGeneratedBy '/Game/Maps/Turret_Kit.Turret_Kit:PersistentLevel.Turret_Kit'
[2019.11.17-20.47.17:125][ 87]LogBlueprintUserMessages: Late EndPlayMap Detection: Level '/Game/Maps/Laser_Kit.Laser_Kit:PersistentLevel' has LevelScriptBlueprint '/Game/Maps/Laser_Kit.Laser_Kit:PersistentLevel.Laser_Kit' with GeneratedClass '/Game/Maps/Laser_Kit.Laser_Kit_C' with ClassGeneratedBy '/Game/Maps/Laser_Kit.Laser_Kit:PersistentLevel.Laser_Kit'
[2019.11.17-20.47.17:126][ 87]LogBlueprintUserMessages: Late EndPlayMap Detection: Level '/Game/Maps/Camera_Kit.Camera_Kit:PersistentLevel' has LevelScriptBlueprint '/Game/Maps/Camera_Kit.Camera_Kit:PersistentLevel.Camera_Kit' with GeneratedClass '/Game/Maps/Camera_Kit.Camera_Kit_C' with ClassGeneratedBy '/Game/Maps/Camera_Kit.Camera_Kit:PersistentLevel.Camera_Kit'
[2019.11.17-20.47.17:127][ 87]LogBlueprintUserMessages: Late EndPlayMap Detection: Level '/Game/Maps/Explosive_Kit.Explosive_Kit:PersistentLevel' has LevelScriptBlueprint '/Game/Maps/Explosive_Kit.Explosive_Kit:PersistentLevel.Explosive_Kit' with GeneratedClass '/Game/Maps/Explosive_Kit.Explosive_Kit_C' with ClassGeneratedBy '/Game/Maps/Explosive_Kit.Explosive_Kit:PersistentLevel.Explosive_Kit'
[2019.11.17-20.47.17:128][ 87]LogBlueprintUserMessages: Late EndPlayMap Detection: Level '/Game/Maps/Teleport_Kit.Teleport_Kit:PersistentLevel' has LevelScriptBlueprint '/Game/Maps/Teleport_Kit.Teleport_Kit:PersistentLevel.Teleport_Kit' with GeneratedClass '/Game/Maps/Teleport_Kit.Teleport_Kit_C' with ClassGeneratedBy '/Game/Maps/Teleport_Kit.Teleport_Kit:PersistentLevel.Teleport_Kit'
[2019.11.17-20.47.17:261][ 87]LogSlate: Updating window title bar state: overlay mode, drag disabled, window buttons hidden, title bar hidden
[2019.11.17-20.47.17:277][ 87]LogUObjectHash: Compacting FUObjectHashTables data took   8.43ms
[2019.11.17-20.47.17:667][ 88]LogPlayLevel: Display: Destroying online subsystem :Context_30
[2019.11.17-20.47.18:032][ 96]LogSlate: FSceneViewport::OnFocusLost() reason 0
[2019.11.17-20.47.23:774][238]BlueprintLog: New page: Compile Safe
[2019.11.17-20.47.24:439][238]LogUObjectHash: Compacting FUObjectHashTables data took   9.89ms
[2019.11.17-20.47.25:349][249]LogTemp: Repeating last play command: Selected Viewport
[2019.11.17-20.47.25:488][249]LogBlueprintUserMessages: Early PlayInEditor Detection: Level '/Game/FirstPersonBP/Maps/FirstPersonExampleMap.FirstPersonExampleMap:PersistentLevel' has LevelScriptBlueprint '/Game/FirstPersonBP/Maps/FirstPersonExampleMap.FirstPersonExampleMap:PersistentLevel.FirstPersonExampleMap' with GeneratedClass '/Game/FirstPersonBP/Maps/FirstPersonExampleMap.FirstPersonExampleMap_C' with ClassGeneratedBy '/Game/FirstPersonBP/Maps/FirstPersonExampleMap.FirstPersonExampleMap:PersistentLevel.FirstPersonExampleMap'
[2019.11.17-20.47.25:489][249]LogBlueprintUserMessages: Early PlayInEditor Detection: Level '/Game/Maps/Door_Breached.Door_Breached:PersistentLevel' has LevelScriptBlueprint '/Game/Maps/Door_Breached.Door_Breached:PersistentLevel.Door_Breached' with GeneratedClass '/Game/Maps/Door_Breached.Door_Breached_C' with ClassGeneratedBy '/Game/Maps/Door_Breached.Door_Breached:PersistentLevel.Door_Breached'
[2019.11.17-20.47.25:490][249]LogBlueprintUserMessages: Early PlayInEditor Detection: Level '/Game/Maps/Door_Kit.Door_Kit:PersistentLevel' has LevelScriptBlueprint '/Game/Maps/Door_Kit.Door_Kit:PersistentLevel.Door_Kit' with GeneratedClass '/Game/Maps/Door_Kit.Door_Kit_C' with ClassGeneratedBy '/Game/Maps/Door_Kit.Door_Kit:PersistentLevel.Door_Kit'
[2019.11.17-20.47.25:491][249]LogBlueprintUserMessages: Early PlayInEditor Detection: Level '/Game/Maps/Turret_Kit.Turret_Kit:PersistentLevel' has LevelScriptBlueprint '/Game/Maps/Turret_Kit.Turret_Kit:PersistentLevel.Turret_Kit' with GeneratedClass '/Game/Maps/Turret_Kit.Turret_Kit_C' with ClassGeneratedBy '/Game/Maps/Turret_Kit.Turret_Kit:PersistentLevel.Turret_Kit'
[2019.11.17-20.47.25:493][249]LogBlueprintUserMessages: Early PlayInEditor Detection: Level '/Game/Maps/Laser_Kit.Laser_Kit:PersistentLevel' has LevelScriptBlueprint '/Game/Maps/Laser_Kit.Laser_Kit:PersistentLevel.Laser_Kit' with GeneratedClass '/Game/Maps/Laser_Kit.Laser_Kit_C' with ClassGeneratedBy '/Game/Maps/Laser_Kit.Laser_Kit:PersistentLevel.Laser_Kit'
[2019.11.17-20.47.25:494][249]LogBlueprintUserMessages: Early PlayInEditor Detection: Level '/Game/Maps/Camera_Kit.Camera_Kit:PersistentLevel' has LevelScriptBlueprint '/Game/Maps/Camera_Kit.Camera_Kit:PersistentLevel.Camera_Kit' with GeneratedClass '/Game/Maps/Camera_Kit.Camera_Kit_C' with ClassGeneratedBy '/Game/Maps/Camera_Kit.Camera_Kit:PersistentLevel.Camera_Kit'
[2019.11.17-20.47.25:495][249]LogBlueprintUserMessages: Early PlayInEditor Detection: Level '/Game/Maps/Explosive_Kit.Explosive_Kit:PersistentLevel' has LevelScriptBlueprint '/Game/Maps/Explosive_Kit.Explosive_Kit:PersistentLevel.Explosive_Kit' with GeneratedClass '/Game/Maps/Explosive_Kit.Explosive_Kit_C' with ClassGeneratedBy '/Game/Maps/Explosive_Kit.Explosive_Kit:PersistentLevel.Explosive_Kit'
[2019.11.17-20.47.25:497][249]LogBlueprintUserMessages: Early PlayInEditor Detection: Level '/Game/Maps/Teleport_Kit.Teleport_Kit:PersistentLevel' has LevelScriptBlueprint '/Game/Maps/Teleport_Kit.Teleport_Kit:PersistentLevel.Teleport_Kit' with GeneratedClass '/Game/Maps/Teleport_Kit.Teleport_Kit_C' with ClassGeneratedBy '/Game/Maps/Teleport_Kit.Teleport_Kit:PersistentLevel.Teleport_Kit'
[2019.11.17-20.47.25:498][249]LogPlayLevel: PlayLevel: No blueprints needed recompiling
[2019.11.17-20.47.25:498][249]PIE: New page: PIE session: FirstPersonExampleMap (Nov 17, 2019, 4:47:25 AM)
[2019.11.17-20.47.25:499][249]LogPlayLevel: Creating play world package: /Game/FirstPersonBP/Maps/UEDPIE_0_FirstPersonExampleMap
[2019.11.17-20.47.25:541][249]LogPlayLevel: PIE: StaticDuplicateObject took: (0.042033s)
[2019.11.17-20.47.25:543][249]LogAIModule: Creating AISystem for world FirstPersonExampleMap
[2019.11.17-20.47.25:544][249]LogPlayLevel: PIE: World Init took: (0.001901s)
[2019.11.17-20.47.25:544][249]LogPlayLevel: PIE: Created PIE world by copying editor world from /Game/FirstPersonBP/Maps/FirstPersonExampleMap.FirstPersonExampleMap to /Game/FirstPersonBP/Maps/UEDPIE_0_FirstPersonExampleMap.FirstPersonExampleMap (0.045325s)
[2019.11.17-20.47.25:693][249]LogUObjectHash: Compacting FUObjectHashTables data took  10.32ms
[2019.11.17-20.47.25:771][249]LogInit: XAudio2 using 'Headset Earphone (SteelSeries Arctis 5 Chat)' : 2 channels at 48 kHz using 16 bits per sample (channel mask 0x3)
[2019.11.17-20.47.25:819][249]LogInit: FAudioDevice initialized.
[2019.11.17-20.47.25:871][249]LogLoad: Game class is 'FirstPersonGameMode_C'
[2019.11.17-20.47.25:882][249]LogWorld: Bringing World /Game/FirstPersonBP/Maps/UEDPIE_0_FirstPersonExampleMap.FirstPersonExampleMap up for play (max tick rate 60) at 2019.11.17-12.47.25
[2019.11.17-20.47.25:884][249]LogWorld: Bringing up level for play took: 0.009829
[2019.11.17-20.47.25:901][249]PIE: Play in editor start time for /Game/FirstPersonBP/Maps/UEDPIE_0_FirstPersonExampleMap 0.23
[2019.11.17-20.47.25:902][249]LogBlueprintUserMessages: Late PlayInEditor Detection: Level '/Game/FirstPersonBP/Maps/FirstPersonExampleMap.FirstPersonExampleMap:PersistentLevel' has LevelScriptBlueprint '/Game/FirstPersonBP/Maps/FirstPersonExampleMap.FirstPersonExampleMap:PersistentLevel.FirstPersonExampleMap' with GeneratedClass '/Game/FirstPersonBP/Maps/FirstPersonExampleMap.FirstPersonExampleMap_C' with ClassGeneratedBy '/Game/FirstPersonBP/Maps/FirstPersonExampleMap.FirstPersonExampleMap:PersistentLevel.FirstPersonExampleMap'
[2019.11.17-20.47.25:905][249]LogBlueprintUserMessages: Late PlayInEditor Detection: Level '/Game/Maps/Door_Breached.Door_Breached:PersistentLevel' has LevelScriptBlueprint '/Game/Maps/Door_Breached.Door_Breached:PersistentLevel.Door_Breached' with GeneratedClass '/Game/Maps/Door_Breached.Door_Breached_C' with ClassGeneratedBy '/Game/Maps/Door_Breached.Door_Breached:PersistentLevel.Door_Breached'
[2019.11.17-20.47.25:906][249]LogBlueprintUserMessages: Late PlayInEditor Detection: Level '/Game/Maps/Door_Kit.Door_Kit:PersistentLevel' has LevelScriptBlueprint '/Game/Maps/Door_Kit.Door_Kit:PersistentLevel.Door_Kit' with GeneratedClass '/Game/Maps/Door_Kit.Door_Kit_C' with ClassGeneratedBy '/Game/Maps/Door_Kit.Door_Kit:PersistentLevel.Door_Kit'
[2019.11.17-20.47.25:908][249]LogBlueprintUserMessages: Late PlayInEditor Detection: Level '/Game/Maps/Turret_Kit.Turret_Kit:PersistentLevel' has LevelScriptBlueprint '/Game/Maps/Turret_Kit.Turret_Kit:PersistentLevel.Turret_Kit' with GeneratedClass '/Game/Maps/Turret_Kit.Turret_Kit_C' with ClassGeneratedBy '/Game/Maps/Turret_Kit.Turret_Kit:PersistentLevel.Turret_Kit'
[2019.11.17-20.47.25:909][249]LogBlueprintUserMessages: Late PlayInEditor Detection: Level '/Game/Maps/Laser_Kit.Laser_Kit:PersistentLevel' has LevelScriptBlueprint '/Game/Maps/Laser_Kit.Laser_Kit:PersistentLevel.Laser_Kit' with GeneratedClass '/Game/Maps/Laser_Kit.Laser_Kit_C' with ClassGeneratedBy '/Game/Maps/Laser_Kit.Laser_Kit:PersistentLevel.Laser_Kit'
[2019.11.17-20.47.25:910][249]LogBlueprintUserMessages: Late PlayInEditor Detection: Level '/Game/Maps/Camera_Kit.Camera_Kit:PersistentLevel' has LevelScriptBlueprint '/Game/Maps/Camera_Kit.Camera_Kit:PersistentLevel.Camera_Kit' with GeneratedClass '/Game/Maps/Camera_Kit.Camera_Kit_C' with ClassGeneratedBy '/Game/Maps/Camera_Kit.Camera_Kit:PersistentLevel.Camera_Kit'
[2019.11.17-20.47.25:911][249]LogBlueprintUserMessages: Late PlayInEditor Detection: Level '/Game/Maps/Explosive_Kit.Explosive_Kit:PersistentLevel' has LevelScriptBlueprint '/Game/Maps/Explosive_Kit.Explosive_Kit:PersistentLevel.Explosive_Kit' with GeneratedClass '/Game/Maps/Explosive_Kit.Explosive_Kit_C' with ClassGeneratedBy '/Game/Maps/Explosive_Kit.Explosive_Kit:PersistentLevel.Explosive_Kit'
[2019.11.17-20.47.25:912][249]LogBlueprintUserMessages: Late PlayInEditor Detection: Level '/Game/Maps/Teleport_Kit.Teleport_Kit:PersistentLevel' has LevelScriptBlueprint '/Game/Maps/Teleport_Kit.Teleport_Kit:PersistentLevel.Teleport_Kit' with GeneratedClass '/Game/Maps/Teleport_Kit.Teleport_Kit_C' with ClassGeneratedBy '/Game/Maps/Teleport_Kit.Teleport_Kit:PersistentLevel.Teleport_Kit'
[2019.11.17-20.47.28:313][300]LogBlueprintUserMessages: [Safe_2] Safe: BEEP
[2019.11.17-20.47.28:988][318]LogBlueprintUserMessages: [Safe_2] Safe: BEEP
[2019.11.17-20.47.30:691][365]LogBlueprintUserMessages: [Safe_2] Safe: Code sequence already empty
[2019.11.17-20.47.31:457][385]LogBlueprintUserMessages: [Safe_2] Safe: Code sequence already empty
[2019.11.17-20.47.31:829][395]LogBlueprintUserMessages: [Safe_2] Safe: Code sequence already empty
[2019.11.17-20.47.32:025][400]LogBlueprintUserMessages: [Safe_2] Safe: Code sequence already empty
[2019.11.17-20.47.32:216][405]LogBlueprintUserMessages: [Safe_2] Safe: Code sequence already empty
[2019.11.17-20.47.32:362][409]LogBlueprintUserMessages: [Safe_2] Safe: Code sequence already empty
[2019.11.17-20.47.32:508][413]LogBlueprintUserMessages: [Safe_2] Safe: Code sequence already empty
[2019.11.17-20.47.32:658][417]LogBlueprintUserMessages: [Safe_2] Safe: Code sequence already empty
[2019.11.17-20.47.32:815][421]LogBlueprintUserMessages: [Safe_2] Safe: Code sequence already empty
[2019.11.17-20.47.32:991][426]LogBlueprintUserMessages: [Safe_2] Safe: Code sequence already empty
[2019.11.17-20.47.35:117][479]LogBlueprintUserMessages: [Safe_2] Safe: BEEP
[2019.11.17-20.47.35:561][491]LogBlueprintUserMessages: [Safe_2] Safe: BEEP
[2019.11.17-20.47.35:900][500]LogBlueprintUserMessages: [Safe_2] Safe: BEEP
[2019.11.17-20.47.36:526][517]LogBlueprintUserMessages: [Safe_2] Safe: BEEP
[2019.11.17-20.47.37:877][553]LogBlueprintUserMessages: [Safe_2] Safe: BEEP
[2019.11.17-20.47.38:217][562]LogBlueprintUserMessages: [Safe_2] Safe: BEEP
[2019.11.17-20.47.39:735][603]LogBlueprintUserMessages: [Safe_2] Safe: Code sequence at full length; clear a character(s) first
[2019.11.17-20.47.40:306][618]LogBlueprintUserMessages: [Safe_2] Safe: Code sequence at full length; clear a character(s) first
[2019.11.17-20.47.42:039][664]LogBlueprintUserMessages: [Safe_2] Safe: Code entered is incorrect
[2019.11.17-20.47.46:275][777]LogBlueprintUserMessages: [Safe_2] Safe: BEEP
[2019.11.17-20.47.47:544][811]LogBlueprintUserMessages: [Safe_2] Safe: BEEP
[2019.11.17-20.47.48:554][838]LogBlueprintUserMessages: [Safe_2] Safe: BEEP
[2019.11.17-20.47.49:343][859]LogBlueprintUserMessages: [Safe_2] Safe: Code entered is incorrect
[2019.11.17-20.47.50:474][892]LogBlueprintUserMessages: [Safe_2] Safe: Code entered is incorrect
[2019.11.17-20.47.50:686][898]LogBlueprintUserMessages: [Safe_2] Safe: Code entered is incorrect
[2019.11.17-20.47.50:874][903]LogBlueprintUserMessages: [Safe_2] Safe: Code entered is incorrect
[2019.11.17-20.47.53:844][983]LogBlueprintUserMessages: [Safe_2] Safe: BEEP
[2019.11.17-20.47.54:199][993]LogBlueprintUserMessages: [Safe_2] Safe: BEEP
[2019.11.17-20.47.54:487][  1]LogBlueprintUserMessages: [Safe_2] Safe: BEEP
[2019.11.17-20.47.56:665][ 59]LogBlueprintUserMessages: [Safe_2] Safe: Unlocked
[2019.11.17-20.48.02:816][224]LogBlueprintUserMessages: Early EndPlayMap Detection: Level '/Game/FirstPersonBP/Maps/FirstPersonExampleMap.FirstPersonExampleMap:PersistentLevel' has LevelScriptBlueprint '/Game/FirstPersonBP/Maps/FirstPersonExampleMap.FirstPersonExampleMap:PersistentLevel.FirstPersonExampleMap' with GeneratedClass '/Game/FirstPersonBP/Maps/FirstPersonExampleMap.FirstPersonExampleMap_C' with ClassGeneratedBy '/Game/FirstPersonBP/Maps/FirstPersonExampleMap.FirstPersonExampleMap:PersistentLevel.FirstPersonExampleMap'
[2019.11.17-20.48.02:818][224]LogBlueprintUserMessages: Early EndPlayMap Detection: Level '/Game/Maps/Door_Breached.Door_Breached:PersistentLevel' has LevelScriptBlueprint '/Game/Maps/Door_Breached.Door_Breached:PersistentLevel.Door_Breached' with GeneratedClass '/Game/Maps/Door_Breached.Door_Breached_C' with ClassGeneratedBy '/Game/Maps/Door_Breached.Door_Breached:PersistentLevel.Door_Breached'
[2019.11.17-20.48.02:819][224]LogBlueprintUserMessages: Early EndPlayMap Detection: Level '/Game/Maps/Door_Kit.Door_Kit:PersistentLevel' has LevelScriptBlueprint '/Game/Maps/Door_Kit.Door_Kit:PersistentLevel.Door_Kit' with GeneratedClass '/Game/Maps/Door_Kit.Door_Kit_C' with ClassGeneratedBy '/Game/Maps/Door_Kit.Door_Kit:PersistentLevel.Door_Kit'
[2019.11.17-20.48.02:820][224]LogBlueprintUserMessages: Early EndPlayMap Detection: Level '/Game/Maps/Turret_Kit.Turret_Kit:PersistentLevel' has LevelScriptBlueprint '/Game/Maps/Turret_Kit.Turret_Kit:PersistentLevel.Turret_Kit' with GeneratedClass '/Game/Maps/Turret_Kit.Turret_Kit_C' with ClassGeneratedBy '/Game/Maps/Turret_Kit.Turret_Kit:PersistentLevel.Turret_Kit'
[2019.11.17-20.48.02:821][224]LogBlueprintUserMessages: Early EndPlayMap Detection: Level '/Game/Maps/Laser_Kit.Laser_Kit:PersistentLevel' has LevelScriptBlueprint '/Game/Maps/Laser_Kit.Laser_Kit:PersistentLevel.Laser_Kit' with GeneratedClass '/Game/Maps/Laser_Kit.Laser_Kit_C' with ClassGeneratedBy '/Game/Maps/Laser_Kit.Laser_Kit:PersistentLevel.Laser_Kit'
[2019.11.17-20.48.02:822][224]LogBlueprintUserMessages: Early EndPlayMap Detection: Level '/Game/Maps/Camera_Kit.Camera_Kit:PersistentLevel' has LevelScriptBlueprint '/Game/Maps/Camera_Kit.Camera_Kit:PersistentLevel.Camera_Kit' with GeneratedClass '/Game/Maps/Camera_Kit.Camera_Kit_C' with ClassGeneratedBy '/Game/Maps/Camera_Kit.Camera_Kit:PersistentLevel.Camera_Kit'
[2019.11.17-20.48.02:823][224]LogBlueprintUserMessages: Early EndPlayMap Detection: Level '/Game/Maps/Explosive_Kit.Explosive_Kit:PersistentLevel' has LevelScriptBlueprint '/Game/Maps/Explosive_Kit.Explosive_Kit:PersistentLevel.Explosive_Kit' with GeneratedClass '/Game/Maps/Explosive_Kit.Explosive_Kit_C' with ClassGeneratedBy '/Game/Maps/Explosive_Kit.Explosive_Kit:PersistentLevel.Explosive_Kit'
[2019.11.17-20.48.02:825][224]LogBlueprintUserMessages: Early EndPlayMap Detection: Level '/Game/Maps/Teleport_Kit.Teleport_Kit:PersistentLevel' has LevelScriptBlueprint '/Game/Maps/Teleport_Kit.Teleport_Kit:PersistentLevel.Teleport_Kit' with GeneratedClass '/Game/Maps/Teleport_Kit.Teleport_Kit_C' with ClassGeneratedBy '/Game/Maps/Teleport_Kit.Teleport_Kit:PersistentLevel.Teleport_Kit'
[2019.11.17-20.48.02:826][224]LogSlate: Updating window title bar state: overlay mode, drag disabled, window buttons hidden, title bar hidden
[2019.11.17-20.48.02:901][224]LogPlayLevel: Display: Shutting down PIE online subsystems
[2019.11.17-20.48.02:902][224]LogBlueprintUserMessages: Late EndPlayMap Detection: Level '/Game/FirstPersonBP/Maps/FirstPersonExampleMap.FirstPersonExampleMap:PersistentLevel' has LevelScriptBlueprint '/Game/FirstPersonBP/Maps/FirstPersonExampleMap.FirstPersonExampleMap:PersistentLevel.FirstPersonExampleMap' with GeneratedClass '/Game/FirstPersonBP/Maps/FirstPersonExampleMap.FirstPersonExampleMap_C' with ClassGeneratedBy '/Game/FirstPersonBP/Maps/FirstPersonExampleMap.FirstPersonExampleMap:PersistentLevel.FirstPersonExampleMap'
[2019.11.17-20.48.02:903][224]LogBlueprintUserMessages: Late EndPlayMap Detection: Level '/Game/Maps/Door_Breached.Door_Breached:PersistentLevel' has LevelScriptBlueprint '/Game/Maps/Door_Breached.Door_Breached:PersistentLevel.Door_Breached' with GeneratedClass '/Game/Maps/Door_Breached.Door_Breached_C' with ClassGeneratedBy '/Game/Maps/Door_Breached.Door_Breached:PersistentLevel.Door_Breached'
[2019.11.17-20.48.02:905][224]LogBlueprintUserMessages: Late EndPlayMap Detection: Level '/Game/Maps/Door_Kit.Door_Kit:PersistentLevel' has LevelScriptBlueprint '/Game/Maps/Door_Kit.Door_Kit:PersistentLevel.Door_Kit' with GeneratedClass '/Game/Maps/Door_Kit.Door_Kit_C' with ClassGeneratedBy '/Game/Maps/Door_Kit.Door_Kit:PersistentLevel.Door_Kit'
[2019.11.17-20.48.02:906][224]LogBlueprintUserMessages: Late EndPlayMap Detection: Level '/Game/Maps/Turret_Kit.Turret_Kit:PersistentLevel' has LevelScriptBlueprint '/Game/Maps/Turret_Kit.Turret_Kit:PersistentLevel.Turret_Kit' with GeneratedClass '/Game/Maps/Turret_Kit.Turret_Kit_C' with ClassGeneratedBy '/Game/Maps/Turret_Kit.Turret_Kit:PersistentLevel.Turret_Kit'
[2019.11.17-20.48.02:907][224]LogBlueprintUserMessages: Late EndPlayMap Detection: Level '/Game/Maps/Laser_Kit.Laser_Kit:PersistentLevel' has LevelScriptBlueprint '/Game/Maps/Laser_Kit.Laser_Kit:PersistentLevel.Laser_Kit' with GeneratedClass '/Game/Maps/Laser_Kit.Laser_Kit_C' with ClassGeneratedBy '/Game/Maps/Laser_Kit.Laser_Kit:PersistentLevel.Laser_Kit'
[2019.11.17-20.48.02:908][224]LogBlueprintUserMessages: Late EndPlayMap Detection: Level '/Game/Maps/Camera_Kit.Camera_Kit:PersistentLevel' has LevelScriptBlueprint '/Game/Maps/Camera_Kit.Camera_Kit:PersistentLevel.Camera_Kit' with GeneratedClass '/Game/Maps/Camera_Kit.Camera_Kit_C' with ClassGeneratedBy '/Game/Maps/Camera_Kit.Camera_Kit:PersistentLevel.Camera_Kit'
[2019.11.17-20.48.02:909][224]LogBlueprintUserMessages: Late EndPlayMap Detection: Level '/Game/Maps/Explosive_Kit.Explosive_Kit:PersistentLevel' has LevelScriptBlueprint '/Game/Maps/Explosive_Kit.Explosive_Kit:PersistentLevel.Explosive_Kit' with GeneratedClass '/Game/Maps/Explosive_Kit.Explosive_Kit_C' with ClassGeneratedBy '/Game/Maps/Explosive_Kit.Explosive_Kit:PersistentLevel.Explosive_Kit'
[2019.11.17-20.48.02:910][224]LogBlueprintUserMessages: Late EndPlayMap Detection: Level '/Game/Maps/Teleport_Kit.Teleport_Kit:PersistentLevel' has LevelScriptBlueprint '/Game/Maps/Teleport_Kit.Teleport_Kit:PersistentLevel.Teleport_Kit' with GeneratedClass '/Game/Maps/Teleport_Kit.Teleport_Kit_C' with ClassGeneratedBy '/Game/Maps/Teleport_Kit.Teleport_Kit:PersistentLevel.Teleport_Kit'
[2019.11.17-20.48.03:036][224]LogSlate: Updating window title bar state: overlay mode, drag disabled, window buttons hidden, title bar hidden
[2019.11.17-20.48.03:049][224]LogUObjectHash: Compacting FUObjectHashTables data took   7.21ms
[2019.11.17-20.48.03:417][225]LogPlayLevel: Display: Destroying online subsystem :Context_31
[2019.11.17-20.48.04:577][255]LogSlate: FSceneViewport::OnFocusLost() reason 0
[2019.11.17-20.48.15:718][557]LogSlate: FSceneViewport::OnFocusLost() reason 0
[2019.11.17-20.48.15:849][561]BlueprintLog: New page: Compile Safe
[2019.11.17-20.48.16:622][561]LogUObjectHash: Compacting FUObjectHashTables data took   8.92ms
[2019.11.17-20.48.21:087][673]LogSlate: FSceneViewport::OnFocusLost() reason 0
[2019.11.17-20.48.21:181][676]LogTemp: Repeating last play command: Selected Viewport
[2019.11.17-20.48.21:292][676]LogBlueprintUserMessages: Early PlayInEditor Detection: Level '/Game/FirstPersonBP/Maps/FirstPersonExampleMap.FirstPersonExampleMap:PersistentLevel' has LevelScriptBlueprint '/Game/FirstPersonBP/Maps/FirstPersonExampleMap.FirstPersonExampleMap:PersistentLevel.FirstPersonExampleMap' with GeneratedClass '/Game/FirstPersonBP/Maps/FirstPersonExampleMap.FirstPersonExampleMap_C' with ClassGeneratedBy '/Game/FirstPersonBP/Maps/FirstPersonExampleMap.FirstPersonExampleMap:PersistentLevel.FirstPersonExampleMap'
[2019.11.17-20.48.21:294][676]LogBlueprintUserMessages: Early PlayInEditor Detection: Level '/Game/Maps/Door_Breached.Door_Breached:PersistentLevel' has LevelScriptBlueprint '/Game/Maps/Door_Breached.Door_Breached:PersistentLevel.Door_Breached' with GeneratedClass '/Game/Maps/Door_Breached.Door_Breached_C' with ClassGeneratedBy '/Game/Maps/Door_Breached.Door_Breached:PersistentLevel.Door_Breached'
[2019.11.17-20.48.21:295][676]LogBlueprintUserMessages: Early PlayInEditor Detection: Level '/Game/Maps/Door_Kit.Door_Kit:PersistentLevel' has LevelScriptBlueprint '/Game/Maps/Door_Kit.Door_Kit:PersistentLevel.Door_Kit' with GeneratedClass '/Game/Maps/Door_Kit.Door_Kit_C' with ClassGeneratedBy '/Game/Maps/Door_Kit.Door_Kit:PersistentLevel.Door_Kit'
[2019.11.17-20.48.21:296][676]LogBlueprintUserMessages: Early PlayInEditor Detection: Level '/Game/Maps/Turret_Kit.Turret_Kit:PersistentLevel' has LevelScriptBlueprint '/Game/Maps/Turret_Kit.Turret_Kit:PersistentLevel.Turret_Kit' with GeneratedClass '/Game/Maps/Turret_Kit.Turret_Kit_C' with ClassGeneratedBy '/Game/Maps/Turret_Kit.Turret_Kit:PersistentLevel.Turret_Kit'
[2019.11.17-20.48.21:297][676]LogBlueprintUserMessages: Early PlayInEditor Detection: Level '/Game/Maps/Laser_Kit.Laser_Kit:PersistentLevel' has LevelScriptBlueprint '/Game/Maps/Laser_Kit.Laser_Kit:PersistentLevel.Laser_Kit' with GeneratedClass '/Game/Maps/Laser_Kit.Laser_Kit_C' with ClassGeneratedBy '/Game/Maps/Laser_Kit.Laser_Kit:PersistentLevel.Laser_Kit'
[2019.11.17-20.48.21:298][676]LogBlueprintUserMessages: Early PlayInEditor Detection: Level '/Game/Maps/Camera_Kit.Camera_Kit:PersistentLevel' has LevelScriptBlueprint '/Game/Maps/Camera_Kit.Camera_Kit:PersistentLevel.Camera_Kit' with GeneratedClass '/Game/Maps/Camera_Kit.Camera_Kit_C' with ClassGeneratedBy '/Game/Maps/Camera_Kit.Camera_Kit:PersistentLevel.Camera_Kit'
[2019.11.17-20.48.21:299][676]LogBlueprintUserMessages: Early PlayInEditor Detection: Level '/Game/Maps/Explosive_Kit.Explosive_Kit:PersistentLevel' has LevelScriptBlueprint '/Game/Maps/Explosive_Kit.Explosive_Kit:PersistentLevel.Explosive_Kit' with GeneratedClass '/Game/Maps/Explosive_Kit.Explosive_Kit_C' with ClassGeneratedBy '/Game/Maps/Explosive_Kit.Explosive_Kit:PersistentLevel.Explosive_Kit'
[2019.11.17-20.48.21:300][676]LogBlueprintUserMessages: Early PlayInEditor Detection: Level '/Game/Maps/Teleport_Kit.Teleport_Kit:PersistentLevel' has LevelScriptBlueprint '/Game/Maps/Teleport_Kit.Teleport_Kit:PersistentLevel.Teleport_Kit' with GeneratedClass '/Game/Maps/Teleport_Kit.Teleport_Kit_C' with ClassGeneratedBy '/Game/Maps/Teleport_Kit.Teleport_Kit:PersistentLevel.Teleport_Kit'
[2019.11.17-20.48.21:302][676]BlueprintLog: New page: Pre-Play auto-recompile
[2019.11.17-20.48.21:313][676]LogPlayLevel: [PlayLevel] Compiling Safe before play...
[2019.11.17-20.48.22:173][676]LogUObjectHash: Compacting FUObjectHashTables data took  11.06ms
[2019.11.17-20.48.22:173][676]LogPlayLevel: PlayLevel: Blueprint regeneration took 871 ms (1 blueprints)
[2019.11.17-20.48.22:174][676]PIE: New page: PIE session: FirstPersonExampleMap (Nov 17, 2019, 4:48:22 AM)
[2019.11.17-20.48.22:174][676]LogPlayLevel: Creating play world package: /Game/FirstPersonBP/Maps/UEDPIE_0_FirstPersonExampleMap
[2019.11.17-20.48.22:215][676]LogPlayLevel: PIE: StaticDuplicateObject took: (0.039985s)
[2019.11.17-20.48.22:217][676]LogAIModule: Creating AISystem for world FirstPersonExampleMap
[2019.11.17-20.48.22:218][676]LogPlayLevel: PIE: World Init took: (0.003119s)
[2019.11.17-20.48.22:219][676]LogPlayLevel: PIE: Created PIE world by copying editor world from /Game/FirstPersonBP/Maps/FirstPersonExampleMap.FirstPersonExampleMap to /Game/FirstPersonBP/Maps/UEDPIE_0_FirstPersonExampleMap.FirstPersonExampleMap (0.044796s)
[2019.11.17-20.48.22:344][676]LogUObjectHash: Compacting FUObjectHashTables data took   5.38ms
[2019.11.17-20.48.22:428][676]LogInit: XAudio2 using 'Headset Earphone (SteelSeries Arctis 5 Chat)' : 2 channels at 48 kHz using 16 bits per sample (channel mask 0x3)
[2019.11.17-20.48.22:475][676]LogInit: FAudioDevice initialized.
[2019.11.17-20.48.22:520][676]LogLoad: Game class is 'FirstPersonGameMode_C'
[2019.11.17-20.48.22:535][676]LogWorld: Bringing World /Game/FirstPersonBP/Maps/UEDPIE_0_FirstPersonExampleMap.FirstPersonExampleMap up for play (max tick rate 60) at 2019.11.17-12.48.22
[2019.11.17-20.48.22:537][676]LogWorld: Bringing up level for play took: 0.014203
[2019.11.17-20.48.22:552][676]PIE: Play in editor start time for /Game/FirstPersonBP/Maps/UEDPIE_0_FirstPersonExampleMap 0.881
[2019.11.17-20.48.22:553][676]LogBlueprintUserMessages: Late PlayInEditor Detection: Level '/Game/FirstPersonBP/Maps/FirstPersonExampleMap.FirstPersonExampleMap:PersistentLevel' has LevelScriptBlueprint '/Game/FirstPersonBP/Maps/FirstPersonExampleMap.FirstPersonExampleMap:PersistentLevel.FirstPersonExampleMap' with GeneratedClass '/Game/FirstPersonBP/Maps/FirstPersonExampleMap.FirstPersonExampleMap_C' with ClassGeneratedBy '/Game/FirstPersonBP/Maps/FirstPersonExampleMap.FirstPersonExampleMap:PersistentLevel.FirstPersonExampleMap'
[2019.11.17-20.48.22:555][676]LogBlueprintUserMessages: Late PlayInEditor Detection: Level '/Game/Maps/Door_Breached.Door_Breached:PersistentLevel' has LevelScriptBlueprint '/Game/Maps/Door_Breached.Door_Breached:PersistentLevel.Door_Breached' with GeneratedClass '/Game/Maps/Door_Breached.Door_Breached_C' with ClassGeneratedBy '/Game/Maps/Door_Breached.Door_Breached:PersistentLevel.Door_Breached'
[2019.11.17-20.48.22:557][676]LogBlueprintUserMessages: Late PlayInEditor Detection: Level '/Game/Maps/Door_Kit.Door_Kit:PersistentLevel' has LevelScriptBlueprint '/Game/Maps/Door_Kit.Door_Kit:PersistentLevel.Door_Kit' with GeneratedClass '/Game/Maps/Door_Kit.Door_Kit_C' with ClassGeneratedBy '/Game/Maps/Door_Kit.Door_Kit:PersistentLevel.Door_Kit'
[2019.11.17-20.48.22:558][676]LogBlueprintUserMessages: Late PlayInEditor Detection: Level '/Game/Maps/Turret_Kit.Turret_Kit:PersistentLevel' has LevelScriptBlueprint '/Game/Maps/Turret_Kit.Turret_Kit:PersistentLevel.Turret_Kit' with GeneratedClass '/Game/Maps/Turret_Kit.Turret_Kit_C' with ClassGeneratedBy '/Game/Maps/Turret_Kit.Turret_Kit:PersistentLevel.Turret_Kit'
[2019.11.17-20.48.22:559][676]LogBlueprintUserMessages: Late PlayInEditor Detection: Level '/Game/Maps/Laser_Kit.Laser_Kit:PersistentLevel' has LevelScriptBlueprint '/Game/Maps/Laser_Kit.Laser_Kit:PersistentLevel.Laser_Kit' with GeneratedClass '/Game/Maps/Laser_Kit.Laser_Kit_C' with ClassGeneratedBy '/Game/Maps/Laser_Kit.Laser_Kit:PersistentLevel.Laser_Kit'
[2019.11.17-20.48.22:560][676]LogBlueprintUserMessages: Late PlayInEditor Detection: Level '/Game/Maps/Camera_Kit.Camera_Kit:PersistentLevel' has LevelScriptBlueprint '/Game/Maps/Camera_Kit.Camera_Kit:PersistentLevel.Camera_Kit' with GeneratedClass '/Game/Maps/Camera_Kit.Camera_Kit_C' with ClassGeneratedBy '/Game/Maps/Camera_Kit.Camera_Kit:PersistentLevel.Camera_Kit'
[2019.11.17-20.48.22:562][676]LogBlueprintUserMessages: Late PlayInEditor Detection: Level '/Game/Maps/Explosive_Kit.Explosive_Kit:PersistentLevel' has LevelScriptBlueprint '/Game/Maps/Explosive_Kit.Explosive_Kit:PersistentLevel.Explosive_Kit' with GeneratedClass '/Game/Maps/Explosive_Kit.Explosive_Kit_C' with ClassGeneratedBy '/Game/Maps/Explosive_Kit.Explosive_Kit:PersistentLevel.Explosive_Kit'
[2019.11.17-20.48.22:564][676]LogBlueprintUserMessages: Late PlayInEditor Detection: Level '/Game/Maps/Teleport_Kit.Teleport_Kit:PersistentLevel' has LevelScriptBlueprint '/Game/Maps/Teleport_Kit.Teleport_Kit:PersistentLevel.Teleport_Kit' with GeneratedClass '/Game/Maps/Teleport_Kit.Teleport_Kit_C' with ClassGeneratedBy '/Game/Maps/Teleport_Kit.Teleport_Kit:PersistentLevel.Teleport_Kit'
[2019.11.17-20.48.25:154][738]LogBlueprintUserMessages: [Safe_2] Safe: BEEP
[2019.11.17-20.48.25:602][751]LogBlueprintUserMessages: [Safe_2] Safe: BEEP
[2019.11.17-20.48.26:047][764]LogBlueprintUserMessages: [Safe_2] Safe: BEEP
[2019.11.17-20.48.26:506][778]LogBlueprintUserMessages: [Safe_2] Safe: BEEP
[2019.11.17-20.48.26:950][790]LogBlueprintUserMessages: [Safe_2] Safe: BEEP
[2019.11.17-20.48.27:612][809]LogBlueprintUserMessages: [Safe_2] Safe: BEEP
[2019.11.17-20.48.29:018][851]LogBlueprintUserMessages: [Safe_2] Safe: Code sequence at full length; clear a character(s) first
[2019.11.17-20.48.31:389][920]LogBlueprintUserMessages: Early EndPlayMap Detection: Level '/Game/FirstPersonBP/Maps/FirstPersonExampleMap.FirstPersonExampleMap:PersistentLevel' has LevelScriptBlueprint '/Game/FirstPersonBP/Maps/FirstPersonExampleMap.FirstPersonExampleMap:PersistentLevel.FirstPersonExampleMap' with GeneratedClass '/Game/FirstPersonBP/Maps/FirstPersonExampleMap.FirstPersonExampleMap_C' with ClassGeneratedBy '/Game/FirstPersonBP/Maps/FirstPersonExampleMap.FirstPersonExampleMap:PersistentLevel.FirstPersonExampleMap'
[2019.11.17-20.48.31:391][920]LogBlueprintUserMessages: Early EndPlayMap Detection: Level '/Game/Maps/Door_Breached.Door_Breached:PersistentLevel' has LevelScriptBlueprint '/Game/Maps/Door_Breached.Door_Breached:PersistentLevel.Door_Breached' with GeneratedClass '/Game/Maps/Door_Breached.Door_Breached_C' with ClassGeneratedBy '/Game/Maps/Door_Breached.Door_Breached:PersistentLevel.Door_Breached'
[2019.11.17-20.48.31:392][920]LogBlueprintUserMessages: Early EndPlayMap Detection: Level '/Game/Maps/Door_Kit.Door_Kit:PersistentLevel' has LevelScriptBlueprint '/Game/Maps/Door_Kit.Door_Kit:PersistentLevel.Door_Kit' with GeneratedClass '/Game/Maps/Door_Kit.Door_Kit_C' with ClassGeneratedBy '/Game/Maps/Door_Kit.Door_Kit:PersistentLevel.Door_Kit'
[2019.11.17-20.48.31:393][920]LogBlueprintUserMessages: Early EndPlayMap Detection: Level '/Game/Maps/Turret_Kit.Turret_Kit:PersistentLevel' has LevelScriptBlueprint '/Game/Maps/Turret_Kit.Turret_Kit:PersistentLevel.Turret_Kit' with GeneratedClass '/Game/Maps/Turret_Kit.Turret_Kit_C' with ClassGeneratedBy '/Game/Maps/Turret_Kit.Turret_Kit:PersistentLevel.Turret_Kit'
[2019.11.17-20.48.31:394][920]LogBlueprintUserMessages: Early EndPlayMap Detection: Level '/Game/Maps/Laser_Kit.Laser_Kit:PersistentLevel' has LevelScriptBlueprint '/Game/Maps/Laser_Kit.Laser_Kit:PersistentLevel.Laser_Kit' with GeneratedClass '/Game/Maps/Laser_Kit.Laser_Kit_C' with ClassGeneratedBy '/Game/Maps/Laser_Kit.Laser_Kit:PersistentLevel.Laser_Kit'
[2019.11.17-20.48.31:395][920]LogBlueprintUserMessages: Early EndPlayMap Detection: Level '/Game/Maps/Camera_Kit.Camera_Kit:PersistentLevel' has LevelScriptBlueprint '/Game/Maps/Camera_Kit.Camera_Kit:PersistentLevel.Camera_Kit' with GeneratedClass '/Game/Maps/Camera_Kit.Camera_Kit_C' with ClassGeneratedBy '/Game/Maps/Camera_Kit.Camera_Kit:PersistentLevel.Camera_Kit'
[2019.11.17-20.48.31:397][920]LogBlueprintUserMessages: Early EndPlayMap Detection: Level '/Game/Maps/Explosive_Kit.Explosive_Kit:PersistentLevel' has LevelScriptBlueprint '/Game/Maps/Explosive_Kit.Explosive_Kit:PersistentLevel.Explosive_Kit' with GeneratedClass '/Game/Maps/Explosive_Kit.Explosive_Kit_C' with ClassGeneratedBy '/Game/Maps/Explosive_Kit.Explosive_Kit:PersistentLevel.Explosive_Kit'
[2019.11.17-20.48.31:398][920]LogBlueprintUserMessages: Early EndPlayMap Detection: Level '/Game/Maps/Teleport_Kit.Teleport_Kit:PersistentLevel' has LevelScriptBlueprint '/Game/Maps/Teleport_Kit.Teleport_Kit:PersistentLevel.Teleport_Kit' with GeneratedClass '/Game/Maps/Teleport_Kit.Teleport_Kit_C' with ClassGeneratedBy '/Game/Maps/Teleport_Kit.Teleport_Kit:PersistentLevel.Teleport_Kit'
[2019.11.17-20.48.31:400][920]LogSlate: Updating window title bar state: overlay mode, drag disabled, window buttons hidden, title bar hidden
[2019.11.17-20.48.31:455][920]LogPlayLevel: Display: Shutting down PIE online subsystems
[2019.11.17-20.48.31:455][920]LogBlueprintUserMessages: Late EndPlayMap Detection: Level '/Game/FirstPersonBP/Maps/FirstPersonExampleMap.FirstPersonExampleMap:PersistentLevel' has LevelScriptBlueprint '/Game/FirstPersonBP/Maps/FirstPersonExampleMap.FirstPersonExampleMap:PersistentLevel.FirstPersonExampleMap' with GeneratedClass '/Game/FirstPersonBP/Maps/FirstPersonExampleMap.FirstPersonExampleMap_C' with ClassGeneratedBy '/Game/FirstPersonBP/Maps/FirstPersonExampleMap.FirstPersonExampleMap:PersistentLevel.FirstPersonExampleMap'
[2019.11.17-20.48.31:457][920]LogBlueprintUserMessages: Late EndPlayMap Detection: Level '/Game/Maps/Door_Breached.Door_Breached:PersistentLevel' has LevelScriptBlueprint '/Game/Maps/Door_Breached.Door_Breached:PersistentLevel.Door_Breached' with GeneratedClass '/Game/Maps/Door_Breached.Door_Breached_C' with ClassGeneratedBy '/Game/Maps/Door_Breached.Door_Breached:PersistentLevel.Door_Breached'
[2019.11.17-20.48.31:458][920]LogBlueprintUserMessages: Late EndPlayMap Detection: Level '/Game/Maps/Door_Kit.Door_Kit:PersistentLevel' has LevelScriptBlueprint '/Game/Maps/Door_Kit.Door_Kit:PersistentLevel.Door_Kit' with GeneratedClass '/Game/Maps/Door_Kit.Door_Kit_C' with ClassGeneratedBy '/Game/Maps/Door_Kit.Door_Kit:PersistentLevel.Door_Kit'
[2019.11.17-20.48.31:459][920]LogBlueprintUserMessages: Late EndPlayMap Detection: Level '/Game/Maps/Turret_Kit.Turret_Kit:PersistentLevel' has LevelScriptBlueprint '/Game/Maps/Turret_Kit.Turret_Kit:PersistentLevel.Turret_Kit' with GeneratedClass '/Game/Maps/Turret_Kit.Turret_Kit_C' with ClassGeneratedBy '/Game/Maps/Turret_Kit.Turret_Kit:PersistentLevel.Turret_Kit'
[2019.11.17-20.48.31:460][920]LogBlueprintUserMessages: Late EndPlayMap Detection: Level '/Game/Maps/Laser_Kit.Laser_Kit:PersistentLevel' has LevelScriptBlueprint '/Game/Maps/Laser_Kit.Laser_Kit:PersistentLevel.Laser_Kit' with GeneratedClass '/Game/Maps/Laser_Kit.Laser_Kit_C' with ClassGeneratedBy '/Game/Maps/Laser_Kit.Laser_Kit:PersistentLevel.Laser_Kit'
[2019.11.17-20.48.31:460][920]LogBlueprintUserMessages: Late EndPlayMap Detection: Level '/Game/Maps/Camera_Kit.Camera_Kit:PersistentLevel' has LevelScriptBlueprint '/Game/Maps/Camera_Kit.Camera_Kit:PersistentLevel.Camera_Kit' with GeneratedClass '/Game/Maps/Camera_Kit.Camera_Kit_C' with ClassGeneratedBy '/Game/Maps/Camera_Kit.Camera_Kit:PersistentLevel.Camera_Kit'
[2019.11.17-20.48.31:462][920]LogBlueprintUserMessages: Late EndPlayMap Detection: Level '/Game/Maps/Explosive_Kit.Explosive_Kit:PersistentLevel' has LevelScriptBlueprint '/Game/Maps/Explosive_Kit.Explosive_Kit:PersistentLevel.Explosive_Kit' with GeneratedClass '/Game/Maps/Explosive_Kit.Explosive_Kit_C' with ClassGeneratedBy '/Game/Maps/Explosive_Kit.Explosive_Kit:PersistentLevel.Explosive_Kit'
[2019.11.17-20.48.31:463][920]LogBlueprintUserMessages: Late EndPlayMap Detection: Level '/Game/Maps/Teleport_Kit.Teleport_Kit:PersistentLevel' has LevelScriptBlueprint '/Game/Maps/Teleport_Kit.Teleport_Kit:PersistentLevel.Teleport_Kit' with GeneratedClass '/Game/Maps/Teleport_Kit.Teleport_Kit_C' with ClassGeneratedBy '/Game/Maps/Teleport_Kit.Teleport_Kit:PersistentLevel.Teleport_Kit'
[2019.11.17-20.48.31:593][920]LogSlate: Updating window title bar state: overlay mode, drag disabled, window buttons hidden, title bar hidden
[2019.11.17-20.48.31:608][920]LogUObjectHash: Compacting FUObjectHashTables data took   6.52ms
[2019.11.17-20.48.31:707][921]LogPlayLevel: Display: Destroying online subsystem :Context_32
[2019.11.17-20.48.33:924][977]LogSlate: FSceneViewport::OnFocusLost() reason 0
[2019.11.17-20.49.07:227][866]BlueprintLog: New page: Compile Safe
[2019.11.17-20.49.07:932][866]LogUObjectHash: Compacting FUObjectHashTables data took  11.77ms
[2019.11.17-20.49.16:232][ 62]LogEditorTransaction: Undo Modify Component(s)
[2019.11.17-20.49.17:683][ 98]LogSlate: FSceneViewport::OnFocusLost() reason 0
[2019.11.17-20.49.24:189][273]LogSlate: FSceneViewport::OnFocusLost() reason 0
[2019.11.17-20.49.30:195][444]BlueprintLog: New page: Compile Safe
[2019.11.17-20.49.30:940][444]LogUObjectHash: Compacting FUObjectHashTables data took  11.51ms
[2019.11.17-20.49.39:842][692]LogSlate: FSceneViewport::OnFocusLost() reason 0
[2019.11.17-20.50.00:703][214]BlueprintLog: New page: Compile Safe
[2019.11.17-20.50.01:493][214]LogUObjectHash: Compacting FUObjectHashTables data took  11.35ms
[2019.11.17-20.50.02:571][227]LogTemp: Repeating last play command: Selected Viewport
[2019.11.17-20.50.02:757][227]LogBlueprintUserMessages: Early PlayInEditor Detection: Level '/Game/FirstPersonBP/Maps/FirstPersonExampleMap.FirstPersonExampleMap:PersistentLevel' has LevelScriptBlueprint '/Game/FirstPersonBP/Maps/FirstPersonExampleMap.FirstPersonExampleMap:PersistentLevel.FirstPersonExampleMap' with GeneratedClass '/Game/FirstPersonBP/Maps/FirstPersonExampleMap.FirstPersonExampleMap_C' with ClassGeneratedBy '/Game/FirstPersonBP/Maps/FirstPersonExampleMap.FirstPersonExampleMap:PersistentLevel.FirstPersonExampleMap'
[2019.11.17-20.50.02:759][227]LogBlueprintUserMessages: Early PlayInEditor Detection: Level '/Game/Maps/Door_Breached.Door_Breached:PersistentLevel' has LevelScriptBlueprint '/Game/Maps/Door_Breached.Door_Breached:PersistentLevel.Door_Breached' with GeneratedClass '/Game/Maps/Door_Breached.Door_Breached_C' with ClassGeneratedBy '/Game/Maps/Door_Breached.Door_Breached:PersistentLevel.Door_Breached'
[2019.11.17-20.50.02:760][227]LogBlueprintUserMessages: Early PlayInEditor Detection: Level '/Game/Maps/Door_Kit.Door_Kit:PersistentLevel' has LevelScriptBlueprint '/Game/Maps/Door_Kit.Door_Kit:PersistentLevel.Door_Kit' with GeneratedClass '/Game/Maps/Door_Kit.Door_Kit_C' with ClassGeneratedBy '/Game/Maps/Door_Kit.Door_Kit:PersistentLevel.Door_Kit'
[2019.11.17-20.50.02:761][227]LogBlueprintUserMessages: Early PlayInEditor Detection: Level '/Game/Maps/Turret_Kit.Turret_Kit:PersistentLevel' has LevelScriptBlueprint '/Game/Maps/Turret_Kit.Turret_Kit:PersistentLevel.Turret_Kit' with GeneratedClass '/Game/Maps/Turret_Kit.Turret_Kit_C' with ClassGeneratedBy '/Game/Maps/Turret_Kit.Turret_Kit:PersistentLevel.Turret_Kit'
[2019.11.17-20.50.02:762][227]LogBlueprintUserMessages: Early PlayInEditor Detection: Level '/Game/Maps/Laser_Kit.Laser_Kit:PersistentLevel' has LevelScriptBlueprint '/Game/Maps/Laser_Kit.Laser_Kit:PersistentLevel.Laser_Kit' with GeneratedClass '/Game/Maps/Laser_Kit.Laser_Kit_C' with ClassGeneratedBy '/Game/Maps/Laser_Kit.Laser_Kit:PersistentLevel.Laser_Kit'
[2019.11.17-20.50.02:763][227]LogBlueprintUserMessages: Early PlayInEditor Detection: Level '/Game/Maps/Camera_Kit.Camera_Kit:PersistentLevel' has LevelScriptBlueprint '/Game/Maps/Camera_Kit.Camera_Kit:PersistentLevel.Camera_Kit' with GeneratedClass '/Game/Maps/Camera_Kit.Camera_Kit_C' with ClassGeneratedBy '/Game/Maps/Camera_Kit.Camera_Kit:PersistentLevel.Camera_Kit'
[2019.11.17-20.50.02:764][227]LogBlueprintUserMessages: Early PlayInEditor Detection: Level '/Game/Maps/Explosive_Kit.Explosive_Kit:PersistentLevel' has LevelScriptBlueprint '/Game/Maps/Explosive_Kit.Explosive_Kit:PersistentLevel.Explosive_Kit' with GeneratedClass '/Game/Maps/Explosive_Kit.Explosive_Kit_C' with ClassGeneratedBy '/Game/Maps/Explosive_Kit.Explosive_Kit:PersistentLevel.Explosive_Kit'
[2019.11.17-20.50.02:765][227]LogBlueprintUserMessages: Early PlayInEditor Detection: Level '/Game/Maps/Teleport_Kit.Teleport_Kit:PersistentLevel' has LevelScriptBlueprint '/Game/Maps/Teleport_Kit.Teleport_Kit:PersistentLevel.Teleport_Kit' with GeneratedClass '/Game/Maps/Teleport_Kit.Teleport_Kit_C' with ClassGeneratedBy '/Game/Maps/Teleport_Kit.Teleport_Kit:PersistentLevel.Teleport_Kit'
[2019.11.17-20.50.02:766][227]LogPlayLevel: PlayLevel: No blueprints needed recompiling
[2019.11.17-20.50.02:767][227]PIE: New page: PIE session: FirstPersonExampleMap (Nov 17, 2019, 4:50:02 AM)
[2019.11.17-20.50.02:767][227]LogPlayLevel: Creating play world package: /Game/FirstPersonBP/Maps/UEDPIE_0_FirstPersonExampleMap
[2019.11.17-20.50.02:811][227]LogPlayLevel: PIE: StaticDuplicateObject took: (0.042816s)
[2019.11.17-20.50.02:813][227]LogAIModule: Creating AISystem for world FirstPersonExampleMap
[2019.11.17-20.50.02:814][227]LogPlayLevel: PIE: World Init took: (0.002468s)
[2019.11.17-20.50.02:815][227]LogPlayLevel: PIE: Created PIE world by copying editor world from /Game/FirstPersonBP/Maps/FirstPersonExampleMap.FirstPersonExampleMap to /Game/FirstPersonBP/Maps/UEDPIE_0_FirstPersonExampleMap.FirstPersonExampleMap (0.047197s)
[2019.11.17-20.50.02:953][227]LogUObjectHash: Compacting FUObjectHashTables data took  11.11ms
[2019.11.17-20.50.03:022][227]LogInit: XAudio2 using 'Headset Earphone (SteelSeries Arctis 5 Chat)' : 2 channels at 48 kHz using 16 bits per sample (channel mask 0x3)
[2019.11.17-20.50.03:062][227]LogInit: FAudioDevice initialized.
[2019.11.17-20.50.03:110][227]LogLoad: Game class is 'FirstPersonGameMode_C'
[2019.11.17-20.50.03:123][227]LogWorld: Bringing World /Game/FirstPersonBP/Maps/UEDPIE_0_FirstPersonExampleMap.FirstPersonExampleMap up for play (max tick rate 60) at 2019.11.17-12.50.03
[2019.11.17-20.50.03:125][227]LogWorld: Bringing up level for play took: 0.011777
[2019.11.17-20.50.03:141][227]PIE: Play in editor start time for /Game/FirstPersonBP/Maps/UEDPIE_0_FirstPersonExampleMap 1.469
[2019.11.17-20.50.03:142][227]LogBlueprintUserMessages: Late PlayInEditor Detection: Level '/Game/FirstPersonBP/Maps/FirstPersonExampleMap.FirstPersonExampleMap:PersistentLevel' has LevelScriptBlueprint '/Game/FirstPersonBP/Maps/FirstPersonExampleMap.FirstPersonExampleMap:PersistentLevel.FirstPersonExampleMap' with GeneratedClass '/Game/FirstPersonBP/Maps/FirstPersonExampleMap.FirstPersonExampleMap_C' with ClassGeneratedBy '/Game/FirstPersonBP/Maps/FirstPersonExampleMap.FirstPersonExampleMap:PersistentLevel.FirstPersonExampleMap'
[2019.11.17-20.50.03:144][227]LogBlueprintUserMessages: Late PlayInEditor Detection: Level '/Game/Maps/Door_Breached.Door_Breached:PersistentLevel' has LevelScriptBlueprint '/Game/Maps/Door_Breached.Door_Breached:PersistentLevel.Door_Breached' with GeneratedClass '/Game/Maps/Door_Breached.Door_Breached_C' with ClassGeneratedBy '/Game/Maps/Door_Breached.Door_Breached:PersistentLevel.Door_Breached'
[2019.11.17-20.50.03:146][227]LogBlueprintUserMessages: Late PlayInEditor Detection: Level '/Game/Maps/Door_Kit.Door_Kit:PersistentLevel' has LevelScriptBlueprint '/Game/Maps/Door_Kit.Door_Kit:PersistentLevel.Door_Kit' with GeneratedClass '/Game/Maps/Door_Kit.Door_Kit_C' with ClassGeneratedBy '/Game/Maps/Door_Kit.Door_Kit:PersistentLevel.Door_Kit'
[2019.11.17-20.50.03:147][227]LogBlueprintUserMessages: Late PlayInEditor Detection: Level '/Game/Maps/Turret_Kit.Turret_Kit:PersistentLevel' has LevelScriptBlueprint '/Game/Maps/Turret_Kit.Turret_Kit:PersistentLevel.Turret_Kit' with GeneratedClass '/Game/Maps/Turret_Kit.Turret_Kit_C' with ClassGeneratedBy '/Game/Maps/Turret_Kit.Turret_Kit:PersistentLevel.Turret_Kit'
[2019.11.17-20.50.03:148][227]LogBlueprintUserMessages: Late PlayInEditor Detection: Level '/Game/Maps/Laser_Kit.Laser_Kit:PersistentLevel' has LevelScriptBlueprint '/Game/Maps/Laser_Kit.Laser_Kit:PersistentLevel.Laser_Kit' with GeneratedClass '/Game/Maps/Laser_Kit.Laser_Kit_C' with ClassGeneratedBy '/Game/Maps/Laser_Kit.Laser_Kit:PersistentLevel.Laser_Kit'
[2019.11.17-20.50.03:150][227]LogBlueprintUserMessages: Late PlayInEditor Detection: Level '/Game/Maps/Camera_Kit.Camera_Kit:PersistentLevel' has LevelScriptBlueprint '/Game/Maps/Camera_Kit.Camera_Kit:PersistentLevel.Camera_Kit' with GeneratedClass '/Game/Maps/Camera_Kit.Camera_Kit_C' with ClassGeneratedBy '/Game/Maps/Camera_Kit.Camera_Kit:PersistentLevel.Camera_Kit'
[2019.11.17-20.50.03:151][227]LogBlueprintUserMessages: Late PlayInEditor Detection: Level '/Game/Maps/Explosive_Kit.Explosive_Kit:PersistentLevel' has LevelScriptBlueprint '/Game/Maps/Explosive_Kit.Explosive_Kit:PersistentLevel.Explosive_Kit' with GeneratedClass '/Game/Maps/Explosive_Kit.Explosive_Kit_C' with ClassGeneratedBy '/Game/Maps/Explosive_Kit.Explosive_Kit:PersistentLevel.Explosive_Kit'
[2019.11.17-20.50.03:152][227]LogBlueprintUserMessages: Late PlayInEditor Detection: Level '/Game/Maps/Teleport_Kit.Teleport_Kit:PersistentLevel' has LevelScriptBlueprint '/Game/Maps/Teleport_Kit.Teleport_Kit:PersistentLevel.Teleport_Kit' with GeneratedClass '/Game/Maps/Teleport_Kit.Teleport_Kit_C' with ClassGeneratedBy '/Game/Maps/Teleport_Kit.Teleport_Kit:PersistentLevel.Teleport_Kit'
[2019.11.17-20.50.07:674][340]LogBlueprintUserMessages: [Safe_2] Safe: BEEP
[2019.11.17-20.50.08:146][354]LogBlueprintUserMessages: [Safe_2] Safe: BEEP
[2019.11.17-20.50.08:510][365]LogBlueprintUserMessages: [Safe_2] Safe: BEEP
[2019.11.17-20.50.09:467][392]LogBlueprintUserMessages: [Safe_2] Safe: BEEP
[2019.11.17-20.50.11:053][438]LogBlueprintUserMessages: [Safe_2] Safe: BEEP
[2019.11.17-20.50.12:724][486]LogBlueprintUserMessages: [Safe_2] Safe: BEEP
[2019.11.17-20.50.13:710][516]LogBlueprintUserMessages: [Safe_2] Safe: Code entered is incorrect
[2019.11.17-20.50.14:604][542]LogBlueprintUserMessages: [Safe_2] Safe: Code entered is incorrect
[2019.11.17-20.50.17:081][613]LogBlueprintUserMessages: [Safe_2] Safe: BEEP
[2019.11.17-20.50.17:250][618]LogBlueprintUserMessages: [Safe_2] Safe: BEEP
[2019.11.17-20.50.17:444][624]LogBlueprintUserMessages: [Safe_2] Safe: BEEP
[2019.11.17-20.50.17:953][638]LogBlueprintUserMessages: [Safe_2] Safe: Unlocked
[2019.11.17-20.50.20:369][711]LogBlueprintUserMessages: Early EndPlayMap Detection: Level '/Game/FirstPersonBP/Maps/FirstPersonExampleMap.FirstPersonExampleMap:PersistentLevel' has LevelScriptBlueprint '/Game/FirstPersonBP/Maps/FirstPersonExampleMap.FirstPersonExampleMap:PersistentLevel.FirstPersonExampleMap' with GeneratedClass '/Game/FirstPersonBP/Maps/FirstPersonExampleMap.FirstPersonExampleMap_C' with ClassGeneratedBy '/Game/FirstPersonBP/Maps/FirstPersonExampleMap.FirstPersonExampleMap:PersistentLevel.FirstPersonExampleMap'
[2019.11.17-20.50.20:371][711]LogBlueprintUserMessages: Early EndPlayMap Detection: Level '/Game/Maps/Door_Breached.Door_Breached:PersistentLevel' has LevelScriptBlueprint '/Game/Maps/Door_Breached.Door_Breached:PersistentLevel.Door_Breached' with GeneratedClass '/Game/Maps/Door_Breached.Door_Breached_C' with ClassGeneratedBy '/Game/Maps/Door_Breached.Door_Breached:PersistentLevel.Door_Breached'
[2019.11.17-20.50.20:372][711]LogBlueprintUserMessages: Early EndPlayMap Detection: Level '/Game/Maps/Door_Kit.Door_Kit:PersistentLevel' has LevelScriptBlueprint '/Game/Maps/Door_Kit.Door_Kit:PersistentLevel.Door_Kit' with GeneratedClass '/Game/Maps/Door_Kit.Door_Kit_C' with ClassGeneratedBy '/Game/Maps/Door_Kit.Door_Kit:PersistentLevel.Door_Kit'
[2019.11.17-20.50.20:374][711]LogBlueprintUserMessages: Early EndPlayMap Detection: Level '/Game/Maps/Turret_Kit.Turret_Kit:PersistentLevel' has LevelScriptBlueprint '/Game/Maps/Turret_Kit.Turret_Kit:PersistentLevel.Turret_Kit' with GeneratedClass '/Game/Maps/Turret_Kit.Turret_Kit_C' with ClassGeneratedBy '/Game/Maps/Turret_Kit.Turret_Kit:PersistentLevel.Turret_Kit'
[2019.11.17-20.50.20:375][711]LogBlueprintUserMessages: Early EndPlayMap Detection: Level '/Game/Maps/Laser_Kit.Laser_Kit:PersistentLevel' has LevelScriptBlueprint '/Game/Maps/Laser_Kit.Laser_Kit:PersistentLevel.Laser_Kit' with GeneratedClass '/Game/Maps/Laser_Kit.Laser_Kit_C' with ClassGeneratedBy '/Game/Maps/Laser_Kit.Laser_Kit:PersistentLevel.Laser_Kit'
[2019.11.17-20.50.20:376][711]LogBlueprintUserMessages: Early EndPlayMap Detection: Level '/Game/Maps/Camera_Kit.Camera_Kit:PersistentLevel' has LevelScriptBlueprint '/Game/Maps/Camera_Kit.Camera_Kit:PersistentLevel.Camera_Kit' with GeneratedClass '/Game/Maps/Camera_Kit.Camera_Kit_C' with ClassGeneratedBy '/Game/Maps/Camera_Kit.Camera_Kit:PersistentLevel.Camera_Kit'
[2019.11.17-20.50.20:377][711]LogBlueprintUserMessages: Early EndPlayMap Detection: Level '/Game/Maps/Explosive_Kit.Explosive_Kit:PersistentLevel' has LevelScriptBlueprint '/Game/Maps/Explosive_Kit.Explosive_Kit:PersistentLevel.Explosive_Kit' with GeneratedClass '/Game/Maps/Explosive_Kit.Explosive_Kit_C' with ClassGeneratedBy '/Game/Maps/Explosive_Kit.Explosive_Kit:PersistentLevel.Explosive_Kit'
[2019.11.17-20.50.20:378][711]LogBlueprintUserMessages: Early EndPlayMap Detection: Level '/Game/Maps/Teleport_Kit.Teleport_Kit:PersistentLevel' has LevelScriptBlueprint '/Game/Maps/Teleport_Kit.Teleport_Kit:PersistentLevel.Teleport_Kit' with GeneratedClass '/Game/Maps/Teleport_Kit.Teleport_Kit_C' with ClassGeneratedBy '/Game/Maps/Teleport_Kit.Teleport_Kit:PersistentLevel.Teleport_Kit'
[2019.11.17-20.50.20:380][711]LogSlate: Updating window title bar state: overlay mode, drag disabled, window buttons hidden, title bar hidden
[2019.11.17-20.50.20:464][711]LogPlayLevel: Display: Shutting down PIE online subsystems
[2019.11.17-20.50.20:465][711]LogBlueprintUserMessages: Late EndPlayMap Detection: Level '/Game/FirstPersonBP/Maps/FirstPersonExampleMap.FirstPersonExampleMap:PersistentLevel' has LevelScriptBlueprint '/Game/FirstPersonBP/Maps/FirstPersonExampleMap.FirstPersonExampleMap:PersistentLevel.FirstPersonExampleMap' with GeneratedClass '/Game/FirstPersonBP/Maps/FirstPersonExampleMap.FirstPersonExampleMap_C' with ClassGeneratedBy '/Game/FirstPersonBP/Maps/FirstPersonExampleMap.FirstPersonExampleMap:PersistentLevel.FirstPersonExampleMap'
[2019.11.17-20.50.20:466][711]LogBlueprintUserMessages: Late EndPlayMap Detection: Level '/Game/Maps/Door_Breached.Door_Breached:PersistentLevel' has LevelScriptBlueprint '/Game/Maps/Door_Breached.Door_Breached:PersistentLevel.Door_Breached' with GeneratedClass '/Game/Maps/Door_Breached.Door_Breached_C' with ClassGeneratedBy '/Game/Maps/Door_Breached.Door_Breached:PersistentLevel.Door_Breached'
[2019.11.17-20.50.20:467][711]LogBlueprintUserMessages: Late EndPlayMap Detection: Level '/Game/Maps/Door_Kit.Door_Kit:PersistentLevel' has LevelScriptBlueprint '/Game/Maps/Door_Kit.Door_Kit:PersistentLevel.Door_Kit' with GeneratedClass '/Game/Maps/Door_Kit.Door_Kit_C' with ClassGeneratedBy '/Game/Maps/Door_Kit.Door_Kit:PersistentLevel.Door_Kit'
[2019.11.17-20.50.20:468][711]LogBlueprintUserMessages: Late EndPlayMap Detection: Level '/Game/Maps/Turret_Kit.Turret_Kit:PersistentLevel' has LevelScriptBlueprint '/Game/Maps/Turret_Kit.Turret_Kit:PersistentLevel.Turret_Kit' with GeneratedClass '/Game/Maps/Turret_Kit.Turret_Kit_C' with ClassGeneratedBy '/Game/Maps/Turret_Kit.Turret_Kit:PersistentLevel.Turret_Kit'
[2019.11.17-20.50.20:469][711]LogBlueprintUserMessages: Late EndPlayMap Detection: Level '/Game/Maps/Laser_Kit.Laser_Kit:PersistentLevel' has LevelScriptBlueprint '/Game/Maps/Laser_Kit.Laser_Kit:PersistentLevel.Laser_Kit' with GeneratedClass '/Game/Maps/Laser_Kit.Laser_Kit_C' with ClassGeneratedBy '/Game/Maps/Laser_Kit.Laser_Kit:PersistentLevel.Laser_Kit'
[2019.11.17-20.50.20:470][711]LogBlueprintUserMessages: Late EndPlayMap Detection: Level '/Game/Maps/Camera_Kit.Camera_Kit:PersistentLevel' has LevelScriptBlueprint '/Game/Maps/Camera_Kit.Camera_Kit:PersistentLevel.Camera_Kit' with GeneratedClass '/Game/Maps/Camera_Kit.Camera_Kit_C' with ClassGeneratedBy '/Game/Maps/Camera_Kit.Camera_Kit:PersistentLevel.Camera_Kit'
[2019.11.17-20.50.20:471][711]LogBlueprintUserMessages: Late EndPlayMap Detection: Level '/Game/Maps/Explosive_Kit.Explosive_Kit:PersistentLevel' has LevelScriptBlueprint '/Game/Maps/Explosive_Kit.Explosive_Kit:PersistentLevel.Explosive_Kit' with GeneratedClass '/Game/Maps/Explosive_Kit.Explosive_Kit_C' with ClassGeneratedBy '/Game/Maps/Explosive_Kit.Explosive_Kit:PersistentLevel.Explosive_Kit'
[2019.11.17-20.50.20:472][711]LogBlueprintUserMessages: Late EndPlayMap Detection: Level '/Game/Maps/Teleport_Kit.Teleport_Kit:PersistentLevel' has LevelScriptBlueprint '/Game/Maps/Teleport_Kit.Teleport_Kit:PersistentLevel.Teleport_Kit' with GeneratedClass '/Game/Maps/Teleport_Kit.Teleport_Kit_C' with ClassGeneratedBy '/Game/Maps/Teleport_Kit.Teleport_Kit:PersistentLevel.Teleport_Kit'
[2019.11.17-20.50.20:605][711]LogSlate: Updating window title bar state: overlay mode, drag disabled, window buttons hidden, title bar hidden
[2019.11.17-20.50.20:620][711]LogUObjectHash: Compacting FUObjectHashTables data took   7.74ms
[2019.11.17-20.50.21:032][712]LogPlayLevel: Display: Destroying online subsystem :Context_33
[2019.11.17-20.50.21:967][738]LogSlate: FSceneViewport::OnFocusLost() reason 0
[2019.11.17-20.50.25:849][859]BlueprintLog: New page: Compile Safe
[2019.11.17-20.50.26:576][859]LogUObjectHash: Compacting FUObjectHashTables data took  11.63ms
[2019.11.17-20.50.27:632][876]LogTemp: Repeating last play command: Selected Viewport
[2019.11.17-20.50.27:810][876]LogBlueprintUserMessages: Early PlayInEditor Detection: Level '/Game/FirstPersonBP/Maps/FirstPersonExampleMap.FirstPersonExampleMap:PersistentLevel' has LevelScriptBlueprint '/Game/FirstPersonBP/Maps/FirstPersonExampleMap.FirstPersonExampleMap:PersistentLevel.FirstPersonExampleMap' with GeneratedClass '/Game/FirstPersonBP/Maps/FirstPersonExampleMap.FirstPersonExampleMap_C' with ClassGeneratedBy '/Game/FirstPersonBP/Maps/FirstPersonExampleMap.FirstPersonExampleMap:PersistentLevel.FirstPersonExampleMap'
[2019.11.17-20.50.27:812][876]LogBlueprintUserMessages: Early PlayInEditor Detection: Level '/Game/Maps/Door_Breached.Door_Breached:PersistentLevel' has LevelScriptBlueprint '/Game/Maps/Door_Breached.Door_Breached:PersistentLevel.Door_Breached' with GeneratedClass '/Game/Maps/Door_Breached.Door_Breached_C' with ClassGeneratedBy '/Game/Maps/Door_Breached.Door_Breached:PersistentLevel.Door_Breached'
[2019.11.17-20.50.27:814][876]LogBlueprintUserMessages: Early PlayInEditor Detection: Level '/Game/Maps/Door_Kit.Door_Kit:PersistentLevel' has LevelScriptBlueprint '/Game/Maps/Door_Kit.Door_Kit:PersistentLevel.Door_Kit' with GeneratedClass '/Game/Maps/Door_Kit.Door_Kit_C' with ClassGeneratedBy '/Game/Maps/Door_Kit.Door_Kit:PersistentLevel.Door_Kit'
[2019.11.17-20.50.27:815][876]LogBlueprintUserMessages: Early PlayInEditor Detection: Level '/Game/Maps/Turret_Kit.Turret_Kit:PersistentLevel' has LevelScriptBlueprint '/Game/Maps/Turret_Kit.Turret_Kit:PersistentLevel.Turret_Kit' with GeneratedClass '/Game/Maps/Turret_Kit.Turret_Kit_C' with ClassGeneratedBy '/Game/Maps/Turret_Kit.Turret_Kit:PersistentLevel.Turret_Kit'
[2019.11.17-20.50.27:817][876]LogBlueprintUserMessages: Early PlayInEditor Detection: Level '/Game/Maps/Laser_Kit.Laser_Kit:PersistentLevel' has LevelScriptBlueprint '/Game/Maps/Laser_Kit.Laser_Kit:PersistentLevel.Laser_Kit' with GeneratedClass '/Game/Maps/Laser_Kit.Laser_Kit_C' with ClassGeneratedBy '/Game/Maps/Laser_Kit.Laser_Kit:PersistentLevel.Laser_Kit'
[2019.11.17-20.50.27:818][876]LogBlueprintUserMessages: Early PlayInEditor Detection: Level '/Game/Maps/Camera_Kit.Camera_Kit:PersistentLevel' has LevelScriptBlueprint '/Game/Maps/Camera_Kit.Camera_Kit:PersistentLevel.Camera_Kit' with GeneratedClass '/Game/Maps/Camera_Kit.Camera_Kit_C' with ClassGeneratedBy '/Game/Maps/Camera_Kit.Camera_Kit:PersistentLevel.Camera_Kit'
[2019.11.17-20.50.27:820][876]LogBlueprintUserMessages: Early PlayInEditor Detection: Level '/Game/Maps/Explosive_Kit.Explosive_Kit:PersistentLevel' has LevelScriptBlueprint '/Game/Maps/Explosive_Kit.Explosive_Kit:PersistentLevel.Explosive_Kit' with GeneratedClass '/Game/Maps/Explosive_Kit.Explosive_Kit_C' with ClassGeneratedBy '/Game/Maps/Explosive_Kit.Explosive_Kit:PersistentLevel.Explosive_Kit'
[2019.11.17-20.50.27:821][876]LogBlueprintUserMessages: Early PlayInEditor Detection: Level '/Game/Maps/Teleport_Kit.Teleport_Kit:PersistentLevel' has LevelScriptBlueprint '/Game/Maps/Teleport_Kit.Teleport_Kit:PersistentLevel.Teleport_Kit' with GeneratedClass '/Game/Maps/Teleport_Kit.Teleport_Kit_C' with ClassGeneratedBy '/Game/Maps/Teleport_Kit.Teleport_Kit:PersistentLevel.Teleport_Kit'
[2019.11.17-20.50.27:823][876]LogPlayLevel: PlayLevel: No blueprints needed recompiling
[2019.11.17-20.50.27:824][876]PIE: New page: PIE session: FirstPersonExampleMap (Nov 17, 2019, 4:50:27 AM)
[2019.11.17-20.50.27:824][876]LogPlayLevel: Creating play world package: /Game/FirstPersonBP/Maps/UEDPIE_0_FirstPersonExampleMap
[2019.11.17-20.50.27:881][876]LogPlayLevel: PIE: StaticDuplicateObject took: (0.055994s)
[2019.11.17-20.50.27:883][876]LogAIModule: Creating AISystem for world FirstPersonExampleMap
[2019.11.17-20.50.27:885][876]LogPlayLevel: PIE: World Init took: (0.002851s)
[2019.11.17-20.50.27:885][876]LogPlayLevel: PIE: Created PIE world by copying editor world from /Game/FirstPersonBP/Maps/FirstPersonExampleMap.FirstPersonExampleMap to /Game/FirstPersonBP/Maps/UEDPIE_0_FirstPersonExampleMap.FirstPersonExampleMap (0.060739s)
[2019.11.17-20.50.28:060][876]LogUObjectHash: Compacting FUObjectHashTables data took  12.29ms
[2019.11.17-20.50.28:150][876]LogInit: XAudio2 using 'Headset Earphone (SteelSeries Arctis 5 Chat)' : 2 channels at 48 kHz using 16 bits per sample (channel mask 0x3)
[2019.11.17-20.50.28:200][876]LogInit: FAudioDevice initialized.
[2019.11.17-20.50.28:249][876]LogLoad: Game class is 'FirstPersonGameMode_C'
[2019.11.17-20.50.28:261][876]LogWorld: Bringing World /Game/FirstPersonBP/Maps/UEDPIE_0_FirstPersonExampleMap.FirstPersonExampleMap up for play (max tick rate 60) at 2019.11.17-12.50.28
[2019.11.17-20.50.28:263][876]LogWorld: Bringing up level for play took: 0.011109
[2019.11.17-20.50.28:280][876]PIE: Play in editor start time for /Game/FirstPersonBP/Maps/UEDPIE_0_FirstPersonExampleMap 0.608
[2019.11.17-20.50.28:281][876]LogBlueprintUserMessages: Late PlayInEditor Detection: Level '/Game/FirstPersonBP/Maps/FirstPersonExampleMap.FirstPersonExampleMap:PersistentLevel' has LevelScriptBlueprint '/Game/FirstPersonBP/Maps/FirstPersonExampleMap.FirstPersonExampleMap:PersistentLevel.FirstPersonExampleMap' with GeneratedClass '/Game/FirstPersonBP/Maps/FirstPersonExampleMap.FirstPersonExampleMap_C' with ClassGeneratedBy '/Game/FirstPersonBP/Maps/FirstPersonExampleMap.FirstPersonExampleMap:PersistentLevel.FirstPersonExampleMap'
[2019.11.17-20.50.28:284][876]LogBlueprintUserMessages: Late PlayInEditor Detection: Level '/Game/Maps/Door_Breached.Door_Breached:PersistentLevel' has LevelScriptBlueprint '/Game/Maps/Door_Breached.Door_Breached:PersistentLevel.Door_Breached' with GeneratedClass '/Game/Maps/Door_Breached.Door_Breached_C' with ClassGeneratedBy '/Game/Maps/Door_Breached.Door_Breached:PersistentLevel.Door_Breached'
[2019.11.17-20.50.28:286][876]LogBlueprintUserMessages: Late PlayInEditor Detection: Level '/Game/Maps/Door_Kit.Door_Kit:PersistentLevel' has LevelScriptBlueprint '/Game/Maps/Door_Kit.Door_Kit:PersistentLevel.Door_Kit' with GeneratedClass '/Game/Maps/Door_Kit.Door_Kit_C' with ClassGeneratedBy '/Game/Maps/Door_Kit.Door_Kit:PersistentLevel.Door_Kit'
[2019.11.17-20.50.28:288][876]LogBlueprintUserMessages: Late PlayInEditor Detection: Level '/Game/Maps/Turret_Kit.Turret_Kit:PersistentLevel' has LevelScriptBlueprint '/Game/Maps/Turret_Kit.Turret_Kit:PersistentLevel.Turret_Kit' with GeneratedClass '/Game/Maps/Turret_Kit.Turret_Kit_C' with ClassGeneratedBy '/Game/Maps/Turret_Kit.Turret_Kit:PersistentLevel.Turret_Kit'
[2019.11.17-20.50.28:289][876]LogBlueprintUserMessages: Late PlayInEditor Detection: Level '/Game/Maps/Laser_Kit.Laser_Kit:PersistentLevel' has LevelScriptBlueprint '/Game/Maps/Laser_Kit.Laser_Kit:PersistentLevel.Laser_Kit' with GeneratedClass '/Game/Maps/Laser_Kit.Laser_Kit_C' with ClassGeneratedBy '/Game/Maps/Laser_Kit.Laser_Kit:PersistentLevel.Laser_Kit'
[2019.11.17-20.50.28:291][876]LogBlueprintUserMessages: Late PlayInEditor Detection: Level '/Game/Maps/Camera_Kit.Camera_Kit:PersistentLevel' has LevelScriptBlueprint '/Game/Maps/Camera_Kit.Camera_Kit:PersistentLevel.Camera_Kit' with GeneratedClass '/Game/Maps/Camera_Kit.Camera_Kit_C' with ClassGeneratedBy '/Game/Maps/Camera_Kit.Camera_Kit:PersistentLevel.Camera_Kit'
[2019.11.17-20.50.28:292][876]LogBlueprintUserMessages: Late PlayInEditor Detection: Level '/Game/Maps/Explosive_Kit.Explosive_Kit:PersistentLevel' has LevelScriptBlueprint '/Game/Maps/Explosive_Kit.Explosive_Kit:PersistentLevel.Explosive_Kit' with GeneratedClass '/Game/Maps/Explosive_Kit.Explosive_Kit_C' with ClassGeneratedBy '/Game/Maps/Explosive_Kit.Explosive_Kit:PersistentLevel.Explosive_Kit'
[2019.11.17-20.50.28:294][876]LogBlueprintUserMessages: Late PlayInEditor Detection: Level '/Game/Maps/Teleport_Kit.Teleport_Kit:PersistentLevel' has LevelScriptBlueprint '/Game/Maps/Teleport_Kit.Teleport_Kit:PersistentLevel.Teleport_Kit' with GeneratedClass '/Game/Maps/Teleport_Kit.Teleport_Kit_C' with ClassGeneratedBy '/Game/Maps/Teleport_Kit.Teleport_Kit:PersistentLevel.Teleport_Kit'
[2019.11.17-20.50.31:333][938]LogBlueprintUserMessages: [Safe_2] Safe: BEEP
[2019.11.17-20.50.31:664][948]LogBlueprintUserMessages: [Safe_2] Safe: BEEP
[2019.11.17-20.50.31:861][954]LogBlueprintUserMessages: [Safe_2] Safe: BEEP
[2019.11.17-20.50.32:031][959]LogBlueprintUserMessages: [Safe_2] Safe: BEEP
[2019.11.17-20.50.32:198][964]LogBlueprintUserMessages: [Safe_2] Safe: BEEP
[2019.11.17-20.50.32:491][973]LogBlueprintUserMessages: [Safe_2] Safe: BEEP
[2019.11.17-20.50.32:721][980]LogBlueprintUserMessages: [Safe_2] Safe: Code sequence at full length; clear a character(s) first
[2019.11.17-20.50.32:902][985]LogBlueprintUserMessages: [Safe_2] Safe: Code sequence at full length; clear a character(s) first
[2019.11.17-20.50.34:102][ 20]LogBlueprintUserMessages: [Safe_2] Safe: Unlocked
[2019.11.17-20.50.41:453][229]LogLevel: ActivateLevel /Game/Maps/UEDPIE_0_Door_Kit 1 1 1
[2019.11.17-20.50.41:585][231]LogLevel: ActivateLevel /Game/Maps/UEDPIE_0_Door_Kit 1 1 1
[2019.11.17-20.50.41:689][234]LogLevel: Warning: Failed to find streaming level object associated with 'None'
[2019.11.17-20.50.42:127][246]LogLevel: ActivateLevel /Game/Maps/UEDPIE_0_Door_Kit 0 0 1
[2019.11.17-20.50.42:357][247]LogUObjectHash: Compacting FUObjectHashTables data took   9.10ms
[2019.11.17-20.50.42:359][247]LogLevel: ActivateLevel /Game/Maps/UEDPIE_0_Teleport_Kit 1 1 0
[2019.11.17-20.50.42:439][248]LogLevel: ActivateLevel /Game/Maps/UEDPIE_0_Door_Kit 0 0 1
[2019.11.17-20.50.42:439][248]LogLevel: Warning: Failed to find streaming level object associated with 'None'
[2019.11.17-20.50.42:586][251]LogLevel: ActivateLevel /Game/Maps/UEDPIE_0_Door_Kit 1 1 1
[2019.11.17-20.50.42:587][251]LogLevel: Warning: Failed to find streaming level object associated with 'None'
[2019.11.17-20.50.44:407][300]LogLevel: ActivateLevel /Game/Maps/UEDPIE_0_Teleport_Kit 0 0 0
[2019.11.17-20.50.44:606][301]LogUObjectHash: Compacting FUObjectHashTables data took   7.62ms
[2019.11.17-20.50.44:858][309]LogLevel: ActivateLevel /Game/Maps/UEDPIE_0_Door_Kit 0 0 1
[2019.11.17-20.50.45:048][310]LogUObjectHash: Compacting FUObjectHashTables data took   1.82ms
[2019.11.17-20.50.45:050][310]LogLevel: Warning: Failed to find streaming level object associated with 'None'
[2019.11.17-20.50.45:090][311]LogLevel: ActivateLevel /Game/Maps/UEDPIE_0_Door_Kit 0 0 1
[2019.11.17-20.50.45:119][312]LogLevel: ActivateLevel /Game/Maps/UEDPIE_0_Door_Kit 0 0 1
[2019.11.17-20.50.45:157][313]LogLevel: ActivateLevel /Game/Maps/UEDPIE_0_Door_Kit 0 0 1
[2019.11.17-20.50.47:998][391]LogBlueprintUserMessages: Early EndPlayMap Detection: Level '/Game/FirstPersonBP/Maps/FirstPersonExampleMap.FirstPersonExampleMap:PersistentLevel' has LevelScriptBlueprint '/Game/FirstPersonBP/Maps/FirstPersonExampleMap.FirstPersonExampleMap:PersistentLevel.FirstPersonExampleMap' with GeneratedClass '/Game/FirstPersonBP/Maps/FirstPersonExampleMap.FirstPersonExampleMap_C' with ClassGeneratedBy '/Game/FirstPersonBP/Maps/FirstPersonExampleMap.FirstPersonExampleMap:PersistentLevel.FirstPersonExampleMap'
[2019.11.17-20.50.48:000][391]LogBlueprintUserMessages: Early EndPlayMap Detection: Level '/Game/Maps/Door_Breached.Door_Breached:PersistentLevel' has LevelScriptBlueprint '/Game/Maps/Door_Breached.Door_Breached:PersistentLevel.Door_Breached' with GeneratedClass '/Game/Maps/Door_Breached.Door_Breached_C' with ClassGeneratedBy '/Game/Maps/Door_Breached.Door_Breached:PersistentLevel.Door_Breached'
[2019.11.17-20.50.48:001][391]LogBlueprintUserMessages: Early EndPlayMap Detection: Level '/Game/Maps/Door_Kit.Door_Kit:PersistentLevel' has LevelScriptBlueprint '/Game/Maps/Door_Kit.Door_Kit:PersistentLevel.Door_Kit' with GeneratedClass '/Game/Maps/Door_Kit.Door_Kit_C' with ClassGeneratedBy '/Game/Maps/Door_Kit.Door_Kit:PersistentLevel.Door_Kit'
[2019.11.17-20.50.48:002][391]LogBlueprintUserMessages: Early EndPlayMap Detection: Level '/Game/Maps/Turret_Kit.Turret_Kit:PersistentLevel' has LevelScriptBlueprint '/Game/Maps/Turret_Kit.Turret_Kit:PersistentLevel.Turret_Kit' with GeneratedClass '/Game/Maps/Turret_Kit.Turret_Kit_C' with ClassGeneratedBy '/Game/Maps/Turret_Kit.Turret_Kit:PersistentLevel.Turret_Kit'
[2019.11.17-20.50.48:004][391]LogBlueprintUserMessages: Early EndPlayMap Detection: Level '/Game/Maps/Laser_Kit.Laser_Kit:PersistentLevel' has LevelScriptBlueprint '/Game/Maps/Laser_Kit.Laser_Kit:PersistentLevel.Laser_Kit' with GeneratedClass '/Game/Maps/Laser_Kit.Laser_Kit_C' with ClassGeneratedBy '/Game/Maps/Laser_Kit.Laser_Kit:PersistentLevel.Laser_Kit'
[2019.11.17-20.50.48:005][391]LogBlueprintUserMessages: Early EndPlayMap Detection: Level '/Game/Maps/Camera_Kit.Camera_Kit:PersistentLevel' has LevelScriptBlueprint '/Game/Maps/Camera_Kit.Camera_Kit:PersistentLevel.Camera_Kit' with GeneratedClass '/Game/Maps/Camera_Kit.Camera_Kit_C' with ClassGeneratedBy '/Game/Maps/Camera_Kit.Camera_Kit:PersistentLevel.Camera_Kit'
[2019.11.17-20.50.48:006][391]LogBlueprintUserMessages: Early EndPlayMap Detection: Level '/Game/Maps/Explosive_Kit.Explosive_Kit:PersistentLevel' has LevelScriptBlueprint '/Game/Maps/Explosive_Kit.Explosive_Kit:PersistentLevel.Explosive_Kit' with GeneratedClass '/Game/Maps/Explosive_Kit.Explosive_Kit_C' with ClassGeneratedBy '/Game/Maps/Explosive_Kit.Explosive_Kit:PersistentLevel.Explosive_Kit'
[2019.11.17-20.50.48:008][391]LogBlueprintUserMessages: Early EndPlayMap Detection: Level '/Game/Maps/Teleport_Kit.Teleport_Kit:PersistentLevel' has LevelScriptBlueprint '/Game/Maps/Teleport_Kit.Teleport_Kit:PersistentLevel.Teleport_Kit' with GeneratedClass '/Game/Maps/Teleport_Kit.Teleport_Kit_C' with ClassGeneratedBy '/Game/Maps/Teleport_Kit.Teleport_Kit:PersistentLevel.Teleport_Kit'
[2019.11.17-20.50.48:010][391]LogSlate: Updating window title bar state: overlay mode, drag disabled, window buttons hidden, title bar hidden
[2019.11.17-20.50.48:091][391]LogPlayLevel: Display: Shutting down PIE online subsystems
[2019.11.17-20.50.48:092][391]LogBlueprintUserMessages: Late EndPlayMap Detection: Level '/Game/FirstPersonBP/Maps/FirstPersonExampleMap.FirstPersonExampleMap:PersistentLevel' has LevelScriptBlueprint '/Game/FirstPersonBP/Maps/FirstPersonExampleMap.FirstPersonExampleMap:PersistentLevel.FirstPersonExampleMap' with GeneratedClass '/Game/FirstPersonBP/Maps/FirstPersonExampleMap.FirstPersonExampleMap_C' with ClassGeneratedBy '/Game/FirstPersonBP/Maps/FirstPersonExampleMap.FirstPersonExampleMap:PersistentLevel.FirstPersonExampleMap'
[2019.11.17-20.50.48:094][391]LogBlueprintUserMessages: Late EndPlayMap Detection: Level '/Game/Maps/Door_Breached.Door_Breached:PersistentLevel' has LevelScriptBlueprint '/Game/Maps/Door_Breached.Door_Breached:PersistentLevel.Door_Breached' with GeneratedClass '/Game/Maps/Door_Breached.Door_Breached_C' with ClassGeneratedBy '/Game/Maps/Door_Breached.Door_Breached:PersistentLevel.Door_Breached'
[2019.11.17-20.50.48:095][391]LogBlueprintUserMessages: Late EndPlayMap Detection: Level '/Game/Maps/Door_Kit.Door_Kit:PersistentLevel' has LevelScriptBlueprint '/Game/Maps/Door_Kit.Door_Kit:PersistentLevel.Door_Kit' with GeneratedClass '/Game/Maps/Door_Kit.Door_Kit_C' with ClassGeneratedBy '/Game/Maps/Door_Kit.Door_Kit:PersistentLevel.Door_Kit'
[2019.11.17-20.50.48:097][391]LogBlueprintUserMessages: Late EndPlayMap Detection: Level '/Game/Maps/Turret_Kit.Turret_Kit:PersistentLevel' has LevelScriptBlueprint '/Game/Maps/Turret_Kit.Turret_Kit:PersistentLevel.Turret_Kit' with GeneratedClass '/Game/Maps/Turret_Kit.Turret_Kit_C' with ClassGeneratedBy '/Game/Maps/Turret_Kit.Turret_Kit:PersistentLevel.Turret_Kit'
[2019.11.17-20.50.48:098][391]LogBlueprintUserMessages: Late EndPlayMap Detection: Level '/Game/Maps/Laser_Kit.Laser_Kit:PersistentLevel' has LevelScriptBlueprint '/Game/Maps/Laser_Kit.Laser_Kit:PersistentLevel.Laser_Kit' with GeneratedClass '/Game/Maps/Laser_Kit.Laser_Kit_C' with ClassGeneratedBy '/Game/Maps/Laser_Kit.Laser_Kit:PersistentLevel.Laser_Kit'
[2019.11.17-20.50.48:099][391]LogBlueprintUserMessages: Late EndPlayMap Detection: Level '/Game/Maps/Camera_Kit.Camera_Kit:PersistentLevel' has LevelScriptBlueprint '/Game/Maps/Camera_Kit.Camera_Kit:PersistentLevel.Camera_Kit' with GeneratedClass '/Game/Maps/Camera_Kit.Camera_Kit_C' with ClassGeneratedBy '/Game/Maps/Camera_Kit.Camera_Kit:PersistentLevel.Camera_Kit'
[2019.11.17-20.50.48:100][391]LogBlueprintUserMessages: Late EndPlayMap Detection: Level '/Game/Maps/Explosive_Kit.Explosive_Kit:PersistentLevel' has LevelScriptBlueprint '/Game/Maps/Explosive_Kit.Explosive_Kit:PersistentLevel.Explosive_Kit' with GeneratedClass '/Game/Maps/Explosive_Kit.Explosive_Kit_C' with ClassGeneratedBy '/Game/Maps/Explosive_Kit.Explosive_Kit:PersistentLevel.Explosive_Kit'
[2019.11.17-20.50.48:101][391]LogBlueprintUserMessages: Late EndPlayMap Detection: Level '/Game/Maps/Teleport_Kit.Teleport_Kit:PersistentLevel' has LevelScriptBlueprint '/Game/Maps/Teleport_Kit.Teleport_Kit:PersistentLevel.Teleport_Kit' with GeneratedClass '/Game/Maps/Teleport_Kit.Teleport_Kit_C' with ClassGeneratedBy '/Game/Maps/Teleport_Kit.Teleport_Kit:PersistentLevel.Teleport_Kit'
[2019.11.17-20.50.48:229][391]LogSlate: Updating window title bar state: overlay mode, drag disabled, window buttons hidden, title bar hidden
[2019.11.17-20.50.48:242][391]LogUObjectHash: Compacting FUObjectHashTables data took   6.57ms
[2019.11.17-20.50.48:612][392]LogPlayLevel: Display: Destroying online subsystem :Context_34
[2019.11.17-20.50.52:162][494]LogSlate: FSceneViewport::OnFocusLost() reason 0
[2019.11.17-20.51.05:075][841]LogEditorViewport: Clicking on Actor (LMB): Safe_C (Safe)
[2019.11.17-20.51.05:545][849]Cmd: CAMERA ALIGN ACTIVEVIEWPORTONLY
[2019.11.17-20.51.13:524][ 28]LogSlate: FSceneViewport::OnFocusLost() reason 0
[2019.11.17-20.51.46:876][838]LogTemp: Repeating last play command: Selected Viewport
[2019.11.17-20.51.46:980][838]LogBlueprintUserMessages: Early PlayInEditor Detection: Level '/Game/FirstPersonBP/Maps/FirstPersonExampleMap.FirstPersonExampleMap:PersistentLevel' has LevelScriptBlueprint '/Game/FirstPersonBP/Maps/FirstPersonExampleMap.FirstPersonExampleMap:PersistentLevel.FirstPersonExampleMap' with GeneratedClass '/Game/FirstPersonBP/Maps/FirstPersonExampleMap.FirstPersonExampleMap_C' with ClassGeneratedBy '/Game/FirstPersonBP/Maps/FirstPersonExampleMap.FirstPersonExampleMap:PersistentLevel.FirstPersonExampleMap'
[2019.11.17-20.51.46:982][838]LogBlueprintUserMessages: Early PlayInEditor Detection: Level '/Game/Maps/Door_Breached.Door_Breached:PersistentLevel' has LevelScriptBlueprint '/Game/Maps/Door_Breached.Door_Breached:PersistentLevel.Door_Breached' with GeneratedClass '/Game/Maps/Door_Breached.Door_Breached_C' with ClassGeneratedBy '/Game/Maps/Door_Breached.Door_Breached:PersistentLevel.Door_Breached'
[2019.11.17-20.51.46:983][838]LogBlueprintUserMessages: Early PlayInEditor Detection: Level '/Game/Maps/Door_Kit.Door_Kit:PersistentLevel' has LevelScriptBlueprint '/Game/Maps/Door_Kit.Door_Kit:PersistentLevel.Door_Kit' with GeneratedClass '/Game/Maps/Door_Kit.Door_Kit_C' with ClassGeneratedBy '/Game/Maps/Door_Kit.Door_Kit:PersistentLevel.Door_Kit'
[2019.11.17-20.51.46:984][838]LogBlueprintUserMessages: Early PlayInEditor Detection: Level '/Game/Maps/Turret_Kit.Turret_Kit:PersistentLevel' has LevelScriptBlueprint '/Game/Maps/Turret_Kit.Turret_Kit:PersistentLevel.Turret_Kit' with GeneratedClass '/Game/Maps/Turret_Kit.Turret_Kit_C' with ClassGeneratedBy '/Game/Maps/Turret_Kit.Turret_Kit:PersistentLevel.Turret_Kit'
[2019.11.17-20.51.46:985][838]LogBlueprintUserMessages: Early PlayInEditor Detection: Level '/Game/Maps/Laser_Kit.Laser_Kit:PersistentLevel' has LevelScriptBlueprint '/Game/Maps/Laser_Kit.Laser_Kit:PersistentLevel.Laser_Kit' with GeneratedClass '/Game/Maps/Laser_Kit.Laser_Kit_C' with ClassGeneratedBy '/Game/Maps/Laser_Kit.Laser_Kit:PersistentLevel.Laser_Kit'
[2019.11.17-20.51.46:987][838]LogBlueprintUserMessages: Early PlayInEditor Detection: Level '/Game/Maps/Camera_Kit.Camera_Kit:PersistentLevel' has LevelScriptBlueprint '/Game/Maps/Camera_Kit.Camera_Kit:PersistentLevel.Camera_Kit' with GeneratedClass '/Game/Maps/Camera_Kit.Camera_Kit_C' with ClassGeneratedBy '/Game/Maps/Camera_Kit.Camera_Kit:PersistentLevel.Camera_Kit'
[2019.11.17-20.51.46:988][838]LogBlueprintUserMessages: Early PlayInEditor Detection: Level '/Game/Maps/Explosive_Kit.Explosive_Kit:PersistentLevel' has LevelScriptBlueprint '/Game/Maps/Explosive_Kit.Explosive_Kit:PersistentLevel.Explosive_Kit' with GeneratedClass '/Game/Maps/Explosive_Kit.Explosive_Kit_C' with ClassGeneratedBy '/Game/Maps/Explosive_Kit.Explosive_Kit:PersistentLevel.Explosive_Kit'
[2019.11.17-20.51.46:989][838]LogBlueprintUserMessages: Early PlayInEditor Detection: Level '/Game/Maps/Teleport_Kit.Teleport_Kit:PersistentLevel' has LevelScriptBlueprint '/Game/Maps/Teleport_Kit.Teleport_Kit:PersistentLevel.Teleport_Kit' with GeneratedClass '/Game/Maps/Teleport_Kit.Teleport_Kit_C' with ClassGeneratedBy '/Game/Maps/Teleport_Kit.Teleport_Kit:PersistentLevel.Teleport_Kit'
[2019.11.17-20.51.46:990][838]BlueprintLog: New page: Pre-Play auto-recompile
[2019.11.17-20.51.47:001][838]LogPlayLevel: [PlayLevel] Compiling Safe before play...
[2019.11.17-20.51.47:938][838]LogUObjectHash: Compacting FUObjectHashTables data took  11.81ms
[2019.11.17-20.51.47:939][838]LogPlayLevel: PlayLevel: Blueprint regeneration took 948 ms (1 blueprints)
[2019.11.17-20.51.47:939][838]PIE: New page: PIE session: FirstPersonExampleMap (Nov 17, 2019, 4:51:47 AM)
[2019.11.17-20.51.47:940][838]LogPlayLevel: Creating play world package: /Game/FirstPersonBP/Maps/UEDPIE_0_FirstPersonExampleMap
[2019.11.17-20.51.47:984][838]LogPlayLevel: PIE: StaticDuplicateObject took: (0.043343s)
[2019.11.17-20.51.47:986][838]LogAIModule: Creating AISystem for world FirstPersonExampleMap
[2019.11.17-20.51.47:988][838]LogPlayLevel: PIE: World Init took: (0.003485s)
[2019.11.17-20.51.47:988][838]LogPlayLevel: PIE: Created PIE world by copying editor world from /Game/FirstPersonBP/Maps/FirstPersonExampleMap.FirstPersonExampleMap to /Game/FirstPersonBP/Maps/UEDPIE_0_FirstPersonExampleMap.FirstPersonExampleMap (0.048269s)
[2019.11.17-20.51.48:132][838]LogUObjectHash: Compacting FUObjectHashTables data took   7.39ms
[2019.11.17-20.51.48:209][838]LogInit: XAudio2 using 'Headset Earphone (SteelSeries Arctis 5 Chat)' : 2 channels at 48 kHz using 16 bits per sample (channel mask 0x3)
[2019.11.17-20.51.48:249][838]LogInit: FAudioDevice initialized.
[2019.11.17-20.51.48:300][838]LogLoad: Game class is 'FirstPersonGameMode_C'
[2019.11.17-20.51.48:311][838]LogWorld: Bringing World /Game/FirstPersonBP/Maps/UEDPIE_0_FirstPersonExampleMap.FirstPersonExampleMap up for play (max tick rate 60) at 2019.11.17-12.51.48
[2019.11.17-20.51.48:313][838]LogWorld: Bringing up level for play took: 0.010289
[2019.11.17-20.51.48:329][838]PIE: Play in editor start time for /Game/FirstPersonBP/Maps/UEDPIE_0_FirstPersonExampleMap 0.658
[2019.11.17-20.51.48:330][838]LogBlueprintUserMessages: Late PlayInEditor Detection: Level '/Game/FirstPersonBP/Maps/FirstPersonExampleMap.FirstPersonExampleMap:PersistentLevel' has LevelScriptBlueprint '/Game/FirstPersonBP/Maps/FirstPersonExampleMap.FirstPersonExampleMap:PersistentLevel.FirstPersonExampleMap' with GeneratedClass '/Game/FirstPersonBP/Maps/FirstPersonExampleMap.FirstPersonExampleMap_C' with ClassGeneratedBy '/Game/FirstPersonBP/Maps/FirstPersonExampleMap.FirstPersonExampleMap:PersistentLevel.FirstPersonExampleMap'
[2019.11.17-20.51.48:332][838]LogBlueprintUserMessages: Late PlayInEditor Detection: Level '/Game/Maps/Door_Breached.Door_Breached:PersistentLevel' has LevelScriptBlueprint '/Game/Maps/Door_Breached.Door_Breached:PersistentLevel.Door_Breached' with GeneratedClass '/Game/Maps/Door_Breached.Door_Breached_C' with ClassGeneratedBy '/Game/Maps/Door_Breached.Door_Breached:PersistentLevel.Door_Breached'
[2019.11.17-20.51.48:334][838]LogBlueprintUserMessages: Late PlayInEditor Detection: Level '/Game/Maps/Door_Kit.Door_Kit:PersistentLevel' has LevelScriptBlueprint '/Game/Maps/Door_Kit.Door_Kit:PersistentLevel.Door_Kit' with GeneratedClass '/Game/Maps/Door_Kit.Door_Kit_C' with ClassGeneratedBy '/Game/Maps/Door_Kit.Door_Kit:PersistentLevel.Door_Kit'
[2019.11.17-20.51.48:335][838]LogBlueprintUserMessages: Late PlayInEditor Detection: Level '/Game/Maps/Turret_Kit.Turret_Kit:PersistentLevel' has LevelScriptBlueprint '/Game/Maps/Turret_Kit.Turret_Kit:PersistentLevel.Turret_Kit' with GeneratedClass '/Game/Maps/Turret_Kit.Turret_Kit_C' with ClassGeneratedBy '/Game/Maps/Turret_Kit.Turret_Kit:PersistentLevel.Turret_Kit'
[2019.11.17-20.51.48:336][838]LogBlueprintUserMessages: Late PlayInEditor Detection: Level '/Game/Maps/Laser_Kit.Laser_Kit:PersistentLevel' has LevelScriptBlueprint '/Game/Maps/Laser_Kit.Laser_Kit:PersistentLevel.Laser_Kit' with GeneratedClass '/Game/Maps/Laser_Kit.Laser_Kit_C' with ClassGeneratedBy '/Game/Maps/Laser_Kit.Laser_Kit:PersistentLevel.Laser_Kit'
[2019.11.17-20.51.48:337][838]LogBlueprintUserMessages: Late PlayInEditor Detection: Level '/Game/Maps/Camera_Kit.Camera_Kit:PersistentLevel' has LevelScriptBlueprint '/Game/Maps/Camera_Kit.Camera_Kit:PersistentLevel.Camera_Kit' with GeneratedClass '/Game/Maps/Camera_Kit.Camera_Kit_C' with ClassGeneratedBy '/Game/Maps/Camera_Kit.Camera_Kit:PersistentLevel.Camera_Kit'
[2019.11.17-20.51.48:338][838]LogBlueprintUserMessages: Late PlayInEditor Detection: Level '/Game/Maps/Explosive_Kit.Explosive_Kit:PersistentLevel' has LevelScriptBlueprint '/Game/Maps/Explosive_Kit.Explosive_Kit:PersistentLevel.Explosive_Kit' with GeneratedClass '/Game/Maps/Explosive_Kit.Explosive_Kit_C' with ClassGeneratedBy '/Game/Maps/Explosive_Kit.Explosive_Kit:PersistentLevel.Explosive_Kit'
[2019.11.17-20.51.48:339][838]LogBlueprintUserMessages: Late PlayInEditor Detection: Level '/Game/Maps/Teleport_Kit.Teleport_Kit:PersistentLevel' has LevelScriptBlueprint '/Game/Maps/Teleport_Kit.Teleport_Kit:PersistentLevel.Teleport_Kit' with GeneratedClass '/Game/Maps/Teleport_Kit.Teleport_Kit_C' with ClassGeneratedBy '/Game/Maps/Teleport_Kit.Teleport_Kit:PersistentLevel.Teleport_Kit'
[2019.11.17-20.51.50:225][879]LogBlueprintUserMessages: Early EndPlayMap Detection: Level '/Game/FirstPersonBP/Maps/FirstPersonExampleMap.FirstPersonExampleMap:PersistentLevel' has LevelScriptBlueprint '/Game/FirstPersonBP/Maps/FirstPersonExampleMap.FirstPersonExampleMap:PersistentLevel.FirstPersonExampleMap' with GeneratedClass '/Game/FirstPersonBP/Maps/FirstPersonExampleMap.FirstPersonExampleMap_C' with ClassGeneratedBy '/Game/FirstPersonBP/Maps/FirstPersonExampleMap.FirstPersonExampleMap:PersistentLevel.FirstPersonExampleMap'
[2019.11.17-20.51.50:227][879]LogBlueprintUserMessages: Early EndPlayMap Detection: Level '/Game/Maps/Door_Breached.Door_Breached:PersistentLevel' has LevelScriptBlueprint '/Game/Maps/Door_Breached.Door_Breached:PersistentLevel.Door_Breached' with GeneratedClass '/Game/Maps/Door_Breached.Door_Breached_C' with ClassGeneratedBy '/Game/Maps/Door_Breached.Door_Breached:PersistentLevel.Door_Breached'
[2019.11.17-20.51.50:228][879]LogBlueprintUserMessages: Early EndPlayMap Detection: Level '/Game/Maps/Door_Kit.Door_Kit:PersistentLevel' has LevelScriptBlueprint '/Game/Maps/Door_Kit.Door_Kit:PersistentLevel.Door_Kit' with GeneratedClass '/Game/Maps/Door_Kit.Door_Kit_C' with ClassGeneratedBy '/Game/Maps/Door_Kit.Door_Kit:PersistentLevel.Door_Kit'
[2019.11.17-20.51.50:230][879]LogBlueprintUserMessages: Early EndPlayMap Detection: Level '/Game/Maps/Turret_Kit.Turret_Kit:PersistentLevel' has LevelScriptBlueprint '/Game/Maps/Turret_Kit.Turret_Kit:PersistentLevel.Turret_Kit' with GeneratedClass '/Game/Maps/Turret_Kit.Turret_Kit_C' with ClassGeneratedBy '/Game/Maps/Turret_Kit.Turret_Kit:PersistentLevel.Turret_Kit'
[2019.11.17-20.51.50:231][879]LogBlueprintUserMessages: Early EndPlayMap Detection: Level '/Game/Maps/Laser_Kit.Laser_Kit:PersistentLevel' has LevelScriptBlueprint '/Game/Maps/Laser_Kit.Laser_Kit:PersistentLevel.Laser_Kit' with GeneratedClass '/Game/Maps/Laser_Kit.Laser_Kit_C' with ClassGeneratedBy '/Game/Maps/Laser_Kit.Laser_Kit:PersistentLevel.Laser_Kit'
[2019.11.17-20.51.50:232][879]LogBlueprintUserMessages: Early EndPlayMap Detection: Level '/Game/Maps/Camera_Kit.Camera_Kit:PersistentLevel' has LevelScriptBlueprint '/Game/Maps/Camera_Kit.Camera_Kit:PersistentLevel.Camera_Kit' with GeneratedClass '/Game/Maps/Camera_Kit.Camera_Kit_C' with ClassGeneratedBy '/Game/Maps/Camera_Kit.Camera_Kit:PersistentLevel.Camera_Kit'
[2019.11.17-20.51.50:233][879]LogBlueprintUserMessages: Early EndPlayMap Detection: Level '/Game/Maps/Explosive_Kit.Explosive_Kit:PersistentLevel' has LevelScriptBlueprint '/Game/Maps/Explosive_Kit.Explosive_Kit:PersistentLevel.Explosive_Kit' with GeneratedClass '/Game/Maps/Explosive_Kit.Explosive_Kit_C' with ClassGeneratedBy '/Game/Maps/Explosive_Kit.Explosive_Kit:PersistentLevel.Explosive_Kit'
[2019.11.17-20.51.50:235][879]LogBlueprintUserMessages: Early EndPlayMap Detection: Level '/Game/Maps/Teleport_Kit.Teleport_Kit:PersistentLevel' has LevelScriptBlueprint '/Game/Maps/Teleport_Kit.Teleport_Kit:PersistentLevel.Teleport_Kit' with GeneratedClass '/Game/Maps/Teleport_Kit.Teleport_Kit_C' with ClassGeneratedBy '/Game/Maps/Teleport_Kit.Teleport_Kit:PersistentLevel.Teleport_Kit'
[2019.11.17-20.51.50:236][879]LogSlate: Updating window title bar state: overlay mode, drag disabled, window buttons hidden, title bar hidden
[2019.11.17-20.51.50:285][879]LogPlayLevel: Display: Shutting down PIE online subsystems
[2019.11.17-20.51.50:286][879]LogBlueprintUserMessages: Late EndPlayMap Detection: Level '/Game/FirstPersonBP/Maps/FirstPersonExampleMap.FirstPersonExampleMap:PersistentLevel' has LevelScriptBlueprint '/Game/FirstPersonBP/Maps/FirstPersonExampleMap.FirstPersonExampleMap:PersistentLevel.FirstPersonExampleMap' with GeneratedClass '/Game/FirstPersonBP/Maps/FirstPersonExampleMap.FirstPersonExampleMap_C' with ClassGeneratedBy '/Game/FirstPersonBP/Maps/FirstPersonExampleMap.FirstPersonExampleMap:PersistentLevel.FirstPersonExampleMap'
[2019.11.17-20.51.50:288][879]LogBlueprintUserMessages: Late EndPlayMap Detection: Level '/Game/Maps/Door_Breached.Door_Breached:PersistentLevel' has LevelScriptBlueprint '/Game/Maps/Door_Breached.Door_Breached:PersistentLevel.Door_Breached' with GeneratedClass '/Game/Maps/Door_Breached.Door_Breached_C' with ClassGeneratedBy '/Game/Maps/Door_Breached.Door_Breached:PersistentLevel.Door_Breached'
[2019.11.17-20.51.50:290][879]LogBlueprintUserMessages: Late EndPlayMap Detection: Level '/Game/Maps/Door_Kit.Door_Kit:PersistentLevel' has LevelScriptBlueprint '/Game/Maps/Door_Kit.Door_Kit:PersistentLevel.Door_Kit' with GeneratedClass '/Game/Maps/Door_Kit.Door_Kit_C' with ClassGeneratedBy '/Game/Maps/Door_Kit.Door_Kit:PersistentLevel.Door_Kit'
[2019.11.17-20.51.50:291][879]LogBlueprintUserMessages: Late EndPlayMap Detection: Level '/Game/Maps/Turret_Kit.Turret_Kit:PersistentLevel' has LevelScriptBlueprint '/Game/Maps/Turret_Kit.Turret_Kit:PersistentLevel.Turret_Kit' with GeneratedClass '/Game/Maps/Turret_Kit.Turret_Kit_C' with ClassGeneratedBy '/Game/Maps/Turret_Kit.Turret_Kit:PersistentLevel.Turret_Kit'
[2019.11.17-20.51.50:292][879]LogBlueprintUserMessages: Late EndPlayMap Detection: Level '/Game/Maps/Laser_Kit.Laser_Kit:PersistentLevel' has LevelScriptBlueprint '/Game/Maps/Laser_Kit.Laser_Kit:PersistentLevel.Laser_Kit' with GeneratedClass '/Game/Maps/Laser_Kit.Laser_Kit_C' with ClassGeneratedBy '/Game/Maps/Laser_Kit.Laser_Kit:PersistentLevel.Laser_Kit'
[2019.11.17-20.51.50:293][879]LogBlueprintUserMessages: Late EndPlayMap Detection: Level '/Game/Maps/Camera_Kit.Camera_Kit:PersistentLevel' has LevelScriptBlueprint '/Game/Maps/Camera_Kit.Camera_Kit:PersistentLevel.Camera_Kit' with GeneratedClass '/Game/Maps/Camera_Kit.Camera_Kit_C' with ClassGeneratedBy '/Game/Maps/Camera_Kit.Camera_Kit:PersistentLevel.Camera_Kit'
[2019.11.17-20.51.50:294][879]LogBlueprintUserMessages: Late EndPlayMap Detection: Level '/Game/Maps/Explosive_Kit.Explosive_Kit:PersistentLevel' has LevelScriptBlueprint '/Game/Maps/Explosive_Kit.Explosive_Kit:PersistentLevel.Explosive_Kit' with GeneratedClass '/Game/Maps/Explosive_Kit.Explosive_Kit_C' with ClassGeneratedBy '/Game/Maps/Explosive_Kit.Explosive_Kit:PersistentLevel.Explosive_Kit'
[2019.11.17-20.51.50:295][879]LogBlueprintUserMessages: Late EndPlayMap Detection: Level '/Game/Maps/Teleport_Kit.Teleport_Kit:PersistentLevel' has LevelScriptBlueprint '/Game/Maps/Teleport_Kit.Teleport_Kit:PersistentLevel.Teleport_Kit' with GeneratedClass '/Game/Maps/Teleport_Kit.Teleport_Kit_C' with ClassGeneratedBy '/Game/Maps/Teleport_Kit.Teleport_Kit:PersistentLevel.Teleport_Kit'
[2019.11.17-20.51.50:412][879]LogSlate: Updating window title bar state: overlay mode, drag disabled, window buttons hidden, title bar hidden
[2019.11.17-20.51.50:426][879]LogUObjectHash: Compacting FUObjectHashTables data took   5.41ms
[2019.11.17-20.51.50:520][880]LogPlayLevel: Display: Destroying online subsystem :Context_35
[2019.11.17-20.51.54:944][ 11]LogEditorViewport: Clicking on Actor (LMB): Safe_C (Safe)
[2019.11.17-20.51.56:946][ 63]LogSlate: FSceneViewport::OnFocusLost() reason 0
[2019.11.17-20.52.08:452][383]BlueprintLog: New page: Compile Safe
[2019.11.17-20.52.09:160][383]LogUObjectHash: Compacting FUObjectHashTables data took  12.73ms
[2019.11.17-20.52.23:514][707]BlueprintLog: New page: Compile Safe
[2019.11.17-20.52.24:195][707]LogUObjectHash: Compacting FUObjectHashTables data took  13.50ms
[2019.11.17-20.52.25:053][717]LogTemp: Repeating last play command: Selected Viewport
[2019.11.17-20.52.25:200][717]LogBlueprintUserMessages: Early PlayInEditor Detection: Level '/Game/FirstPersonBP/Maps/FirstPersonExampleMap.FirstPersonExampleMap:PersistentLevel' has LevelScriptBlueprint '/Game/FirstPersonBP/Maps/FirstPersonExampleMap.FirstPersonExampleMap:PersistentLevel.FirstPersonExampleMap' with GeneratedClass '/Game/FirstPersonBP/Maps/FirstPersonExampleMap.FirstPersonExampleMap_C' with ClassGeneratedBy '/Game/FirstPersonBP/Maps/FirstPersonExampleMap.FirstPersonExampleMap:PersistentLevel.FirstPersonExampleMap'
[2019.11.17-20.52.25:202][717]LogBlueprintUserMessages: Early PlayInEditor Detection: Level '/Game/Maps/Door_Breached.Door_Breached:PersistentLevel' has LevelScriptBlueprint '/Game/Maps/Door_Breached.Door_Breached:PersistentLevel.Door_Breached' with GeneratedClass '/Game/Maps/Door_Breached.Door_Breached_C' with ClassGeneratedBy '/Game/Maps/Door_Breached.Door_Breached:PersistentLevel.Door_Breached'
[2019.11.17-20.52.25:203][717]LogBlueprintUserMessages: Early PlayInEditor Detection: Level '/Game/Maps/Door_Kit.Door_Kit:PersistentLevel' has LevelScriptBlueprint '/Game/Maps/Door_Kit.Door_Kit:PersistentLevel.Door_Kit' with GeneratedClass '/Game/Maps/Door_Kit.Door_Kit_C' with ClassGeneratedBy '/Game/Maps/Door_Kit.Door_Kit:PersistentLevel.Door_Kit'
[2019.11.17-20.52.25:204][717]LogBlueprintUserMessages: Early PlayInEditor Detection: Level '/Game/Maps/Turret_Kit.Turret_Kit:PersistentLevel' has LevelScriptBlueprint '/Game/Maps/Turret_Kit.Turret_Kit:PersistentLevel.Turret_Kit' with GeneratedClass '/Game/Maps/Turret_Kit.Turret_Kit_C' with ClassGeneratedBy '/Game/Maps/Turret_Kit.Turret_Kit:PersistentLevel.Turret_Kit'
[2019.11.17-20.52.25:206][717]LogBlueprintUserMessages: Early PlayInEditor Detection: Level '/Game/Maps/Laser_Kit.Laser_Kit:PersistentLevel' has LevelScriptBlueprint '/Game/Maps/Laser_Kit.Laser_Kit:PersistentLevel.Laser_Kit' with GeneratedClass '/Game/Maps/Laser_Kit.Laser_Kit_C' with ClassGeneratedBy '/Game/Maps/Laser_Kit.Laser_Kit:PersistentLevel.Laser_Kit'
[2019.11.17-20.52.25:207][717]LogBlueprintUserMessages: Early PlayInEditor Detection: Level '/Game/Maps/Camera_Kit.Camera_Kit:PersistentLevel' has LevelScriptBlueprint '/Game/Maps/Camera_Kit.Camera_Kit:PersistentLevel.Camera_Kit' with GeneratedClass '/Game/Maps/Camera_Kit.Camera_Kit_C' with ClassGeneratedBy '/Game/Maps/Camera_Kit.Camera_Kit:PersistentLevel.Camera_Kit'
[2019.11.17-20.52.25:208][717]LogBlueprintUserMessages: Early PlayInEditor Detection: Level '/Game/Maps/Explosive_Kit.Explosive_Kit:PersistentLevel' has LevelScriptBlueprint '/Game/Maps/Explosive_Kit.Explosive_Kit:PersistentLevel.Explosive_Kit' with GeneratedClass '/Game/Maps/Explosive_Kit.Explosive_Kit_C' with ClassGeneratedBy '/Game/Maps/Explosive_Kit.Explosive_Kit:PersistentLevel.Explosive_Kit'
[2019.11.17-20.52.25:210][717]LogBlueprintUserMessages: Early PlayInEditor Detection: Level '/Game/Maps/Teleport_Kit.Teleport_Kit:PersistentLevel' has LevelScriptBlueprint '/Game/Maps/Teleport_Kit.Teleport_Kit:PersistentLevel.Teleport_Kit' with GeneratedClass '/Game/Maps/Teleport_Kit.Teleport_Kit_C' with ClassGeneratedBy '/Game/Maps/Teleport_Kit.Teleport_Kit:PersistentLevel.Teleport_Kit'
[2019.11.17-20.52.25:211][717]LogPlayLevel: PlayLevel: No blueprints needed recompiling
[2019.11.17-20.52.25:212][717]PIE: New page: PIE session: FirstPersonExampleMap (Nov 17, 2019, 4:52:25 AM)
[2019.11.17-20.52.25:213][717]LogPlayLevel: Creating play world package: /Game/FirstPersonBP/Maps/UEDPIE_0_FirstPersonExampleMap
[2019.11.17-20.52.25:254][717]LogPlayLevel: PIE: StaticDuplicateObject took: (0.040462s)
[2019.11.17-20.52.25:256][717]LogAIModule: Creating AISystem for world FirstPersonExampleMap
[2019.11.17-20.52.25:257][717]LogPlayLevel: PIE: World Init took: (0.002123s)
[2019.11.17-20.52.25:257][717]LogPlayLevel: PIE: Created PIE world by copying editor world from /Game/FirstPersonBP/Maps/FirstPersonExampleMap.FirstPersonExampleMap to /Game/FirstPersonBP/Maps/UEDPIE_0_FirstPersonExampleMap.FirstPersonExampleMap (0.044060s)
[2019.11.17-20.52.25:394][717]LogUObjectHash: Compacting FUObjectHashTables data took   9.28ms
[2019.11.17-20.52.25:461][717]LogInit: XAudio2 using 'Headset Earphone (SteelSeries Arctis 5 Chat)' : 2 channels at 48 kHz using 16 bits per sample (channel mask 0x3)
[2019.11.17-20.52.25:500][717]LogInit: FAudioDevice initialized.
[2019.11.17-20.52.25:552][717]LogLoad: Game class is 'FirstPersonGameMode_C'
[2019.11.17-20.52.25:564][717]LogWorld: Bringing World /Game/FirstPersonBP/Maps/UEDPIE_0_FirstPersonExampleMap.FirstPersonExampleMap up for play (max tick rate 60) at 2019.11.17-12.52.25
[2019.11.17-20.52.25:566][717]LogWorld: Bringing up level for play took: 0.011773
[2019.11.17-20.52.25:582][717]PIE: Play in editor start time for /Game/FirstPersonBP/Maps/UEDPIE_0_FirstPersonExampleMap -0.089
[2019.11.17-20.52.25:583][717]LogBlueprintUserMessages: Late PlayInEditor Detection: Level '/Game/FirstPersonBP/Maps/FirstPersonExampleMap.FirstPersonExampleMap:PersistentLevel' has LevelScriptBlueprint '/Game/FirstPersonBP/Maps/FirstPersonExampleMap.FirstPersonExampleMap:PersistentLevel.FirstPersonExampleMap' with GeneratedClass '/Game/FirstPersonBP/Maps/FirstPersonExampleMap.FirstPersonExampleMap_C' with ClassGeneratedBy '/Game/FirstPersonBP/Maps/FirstPersonExampleMap.FirstPersonExampleMap:PersistentLevel.FirstPersonExampleMap'
[2019.11.17-20.52.25:585][717]LogBlueprintUserMessages: Late PlayInEditor Detection: Level '/Game/Maps/Door_Breached.Door_Breached:PersistentLevel' has LevelScriptBlueprint '/Game/Maps/Door_Breached.Door_Breached:PersistentLevel.Door_Breached' with GeneratedClass '/Game/Maps/Door_Breached.Door_Breached_C' with ClassGeneratedBy '/Game/Maps/Door_Breached.Door_Breached:PersistentLevel.Door_Breached'
[2019.11.17-20.52.25:586][717]LogBlueprintUserMessages: Late PlayInEditor Detection: Level '/Game/Maps/Door_Kit.Door_Kit:PersistentLevel' has LevelScriptBlueprint '/Game/Maps/Door_Kit.Door_Kit:PersistentLevel.Door_Kit' with GeneratedClass '/Game/Maps/Door_Kit.Door_Kit_C' with ClassGeneratedBy '/Game/Maps/Door_Kit.Door_Kit:PersistentLevel.Door_Kit'
[2019.11.17-20.52.25:587][717]LogBlueprintUserMessages: Late PlayInEditor Detection: Level '/Game/Maps/Turret_Kit.Turret_Kit:PersistentLevel' has LevelScriptBlueprint '/Game/Maps/Turret_Kit.Turret_Kit:PersistentLevel.Turret_Kit' with GeneratedClass '/Game/Maps/Turret_Kit.Turret_Kit_C' with ClassGeneratedBy '/Game/Maps/Turret_Kit.Turret_Kit:PersistentLevel.Turret_Kit'
[2019.11.17-20.52.25:588][717]LogBlueprintUserMessages: Late PlayInEditor Detection: Level '/Game/Maps/Laser_Kit.Laser_Kit:PersistentLevel' has LevelScriptBlueprint '/Game/Maps/Laser_Kit.Laser_Kit:PersistentLevel.Laser_Kit' with GeneratedClass '/Game/Maps/Laser_Kit.Laser_Kit_C' with ClassGeneratedBy '/Game/Maps/Laser_Kit.Laser_Kit:PersistentLevel.Laser_Kit'
[2019.11.17-20.52.25:589][717]LogBlueprintUserMessages: Late PlayInEditor Detection: Level '/Game/Maps/Camera_Kit.Camera_Kit:PersistentLevel' has LevelScriptBlueprint '/Game/Maps/Camera_Kit.Camera_Kit:PersistentLevel.Camera_Kit' with GeneratedClass '/Game/Maps/Camera_Kit.Camera_Kit_C' with ClassGeneratedBy '/Game/Maps/Camera_Kit.Camera_Kit:PersistentLevel.Camera_Kit'
[2019.11.17-20.52.25:590][717]LogBlueprintUserMessages: Late PlayInEditor Detection: Level '/Game/Maps/Explosive_Kit.Explosive_Kit:PersistentLevel' has LevelScriptBlueprint '/Game/Maps/Explosive_Kit.Explosive_Kit:PersistentLevel.Explosive_Kit' with GeneratedClass '/Game/Maps/Explosive_Kit.Explosive_Kit_C' with ClassGeneratedBy '/Game/Maps/Explosive_Kit.Explosive_Kit:PersistentLevel.Explosive_Kit'
[2019.11.17-20.52.25:591][717]LogBlueprintUserMessages: Late PlayInEditor Detection: Level '/Game/Maps/Teleport_Kit.Teleport_Kit:PersistentLevel' has LevelScriptBlueprint '/Game/Maps/Teleport_Kit.Teleport_Kit:PersistentLevel.Teleport_Kit' with GeneratedClass '/Game/Maps/Teleport_Kit.Teleport_Kit_C' with ClassGeneratedBy '/Game/Maps/Teleport_Kit.Teleport_Kit:PersistentLevel.Teleport_Kit'
[2019.11.17-20.52.30:275][836]LogBlueprintUserMessages: [Safe_2] Safe: BEEP
[2019.11.17-20.52.30:475][842]LogBlueprintUserMessages: [Safe_2] Safe: BEEP
[2019.11.17-20.52.30:609][846]LogBlueprintUserMessages: [Safe_2] Safe: BEEP
[2019.11.17-20.52.30:750][850]LogBlueprintUserMessages: [Safe_2] Safe: BEEP
[2019.11.17-20.52.30:918][855]LogBlueprintUserMessages: [Safe_2] Safe: BEEP
[2019.11.17-20.52.31:056][859]LogBlueprintUserMessages: [Safe_2] Safe: BEEP
[2019.11.17-20.52.31:456][870]LogBlueprintUserMessages: [Safe_2] Safe: Unlocked
[2019.11.17-20.52.37:492][ 36]LogBlueprintUserMessages: Early EndPlayMap Detection: Level '/Game/FirstPersonBP/Maps/FirstPersonExampleMap.FirstPersonExampleMap:PersistentLevel' has LevelScriptBlueprint '/Game/FirstPersonBP/Maps/FirstPersonExampleMap.FirstPersonExampleMap:PersistentLevel.FirstPersonExampleMap' with GeneratedClass '/Game/FirstPersonBP/Maps/FirstPersonExampleMap.FirstPersonExampleMap_C' with ClassGeneratedBy '/Game/FirstPersonBP/Maps/FirstPersonExampleMap.FirstPersonExampleMap:PersistentLevel.FirstPersonExampleMap'
[2019.11.17-20.52.37:494][ 36]LogBlueprintUserMessages: Early EndPlayMap Detection: Level '/Game/Maps/Door_Breached.Door_Breached:PersistentLevel' has LevelScriptBlueprint '/Game/Maps/Door_Breached.Door_Breached:PersistentLevel.Door_Breached' with GeneratedClass '/Game/Maps/Door_Breached.Door_Breached_C' with ClassGeneratedBy '/Game/Maps/Door_Breached.Door_Breached:PersistentLevel.Door_Breached'
[2019.11.17-20.52.37:496][ 36]LogBlueprintUserMessages: Early EndPlayMap Detection: Level '/Game/Maps/Door_Kit.Door_Kit:PersistentLevel' has LevelScriptBlueprint '/Game/Maps/Door_Kit.Door_Kit:PersistentLevel.Door_Kit' with GeneratedClass '/Game/Maps/Door_Kit.Door_Kit_C' with ClassGeneratedBy '/Game/Maps/Door_Kit.Door_Kit:PersistentLevel.Door_Kit'
[2019.11.17-20.52.37:497][ 36]LogBlueprintUserMessages: Early EndPlayMap Detection: Level '/Game/Maps/Turret_Kit.Turret_Kit:PersistentLevel' has LevelScriptBlueprint '/Game/Maps/Turret_Kit.Turret_Kit:PersistentLevel.Turret_Kit' with GeneratedClass '/Game/Maps/Turret_Kit.Turret_Kit_C' with ClassGeneratedBy '/Game/Maps/Turret_Kit.Turret_Kit:PersistentLevel.Turret_Kit'
[2019.11.17-20.52.37:498][ 36]LogBlueprintUserMessages: Early EndPlayMap Detection: Level '/Game/Maps/Laser_Kit.Laser_Kit:PersistentLevel' has LevelScriptBlueprint '/Game/Maps/Laser_Kit.Laser_Kit:PersistentLevel.Laser_Kit' with GeneratedClass '/Game/Maps/Laser_Kit.Laser_Kit_C' with ClassGeneratedBy '/Game/Maps/Laser_Kit.Laser_Kit:PersistentLevel.Laser_Kit'
[2019.11.17-20.52.37:500][ 36]LogBlueprintUserMessages: Early EndPlayMap Detection: Level '/Game/Maps/Camera_Kit.Camera_Kit:PersistentLevel' has LevelScriptBlueprint '/Game/Maps/Camera_Kit.Camera_Kit:PersistentLevel.Camera_Kit' with GeneratedClass '/Game/Maps/Camera_Kit.Camera_Kit_C' with ClassGeneratedBy '/Game/Maps/Camera_Kit.Camera_Kit:PersistentLevel.Camera_Kit'
[2019.11.17-20.52.37:501][ 36]LogBlueprintUserMessages: Early EndPlayMap Detection: Level '/Game/Maps/Explosive_Kit.Explosive_Kit:PersistentLevel' has LevelScriptBlueprint '/Game/Maps/Explosive_Kit.Explosive_Kit:PersistentLevel.Explosive_Kit' with GeneratedClass '/Game/Maps/Explosive_Kit.Explosive_Kit_C' with ClassGeneratedBy '/Game/Maps/Explosive_Kit.Explosive_Kit:PersistentLevel.Explosive_Kit'
[2019.11.17-20.52.37:502][ 36]LogBlueprintUserMessages: Early EndPlayMap Detection: Level '/Game/Maps/Teleport_Kit.Teleport_Kit:PersistentLevel' has LevelScriptBlueprint '/Game/Maps/Teleport_Kit.Teleport_Kit:PersistentLevel.Teleport_Kit' with GeneratedClass '/Game/Maps/Teleport_Kit.Teleport_Kit_C' with ClassGeneratedBy '/Game/Maps/Teleport_Kit.Teleport_Kit:PersistentLevel.Teleport_Kit'
[2019.11.17-20.52.37:505][ 36]LogSlate: Updating window title bar state: overlay mode, drag disabled, window buttons hidden, title bar hidden
[2019.11.17-20.52.37:583][ 36]LogPlayLevel: Display: Shutting down PIE online subsystems
[2019.11.17-20.52.37:584][ 36]LogBlueprintUserMessages: Late EndPlayMap Detection: Level '/Game/FirstPersonBP/Maps/FirstPersonExampleMap.FirstPersonExampleMap:PersistentLevel' has LevelScriptBlueprint '/Game/FirstPersonBP/Maps/FirstPersonExampleMap.FirstPersonExampleMap:PersistentLevel.FirstPersonExampleMap' with GeneratedClass '/Game/FirstPersonBP/Maps/FirstPersonExampleMap.FirstPersonExampleMap_C' with ClassGeneratedBy '/Game/FirstPersonBP/Maps/FirstPersonExampleMap.FirstPersonExampleMap:PersistentLevel.FirstPersonExampleMap'
[2019.11.17-20.52.37:585][ 36]LogBlueprintUserMessages: Late EndPlayMap Detection: Level '/Game/Maps/Door_Breached.Door_Breached:PersistentLevel' has LevelScriptBlueprint '/Game/Maps/Door_Breached.Door_Breached:PersistentLevel.Door_Breached' with GeneratedClass '/Game/Maps/Door_Breached.Door_Breached_C' with ClassGeneratedBy '/Game/Maps/Door_Breached.Door_Breached:PersistentLevel.Door_Breached'
[2019.11.17-20.52.37:586][ 36]LogBlueprintUserMessages: Late EndPlayMap Detection: Level '/Game/Maps/Door_Kit.Door_Kit:PersistentLevel' has LevelScriptBlueprint '/Game/Maps/Door_Kit.Door_Kit:PersistentLevel.Door_Kit' with GeneratedClass '/Game/Maps/Door_Kit.Door_Kit_C' with ClassGeneratedBy '/Game/Maps/Door_Kit.Door_Kit:PersistentLevel.Door_Kit'
[2019.11.17-20.52.37:587][ 36]LogBlueprintUserMessages: Late EndPlayMap Detection: Level '/Game/Maps/Turret_Kit.Turret_Kit:PersistentLevel' has LevelScriptBlueprint '/Game/Maps/Turret_Kit.Turret_Kit:PersistentLevel.Turret_Kit' with GeneratedClass '/Game/Maps/Turret_Kit.Turret_Kit_C' with ClassGeneratedBy '/Game/Maps/Turret_Kit.Turret_Kit:PersistentLevel.Turret_Kit'
[2019.11.17-20.52.37:588][ 36]LogBlueprintUserMessages: Late EndPlayMap Detection: Level '/Game/Maps/Laser_Kit.Laser_Kit:PersistentLevel' has LevelScriptBlueprint '/Game/Maps/Laser_Kit.Laser_Kit:PersistentLevel.Laser_Kit' with GeneratedClass '/Game/Maps/Laser_Kit.Laser_Kit_C' with ClassGeneratedBy '/Game/Maps/Laser_Kit.Laser_Kit:PersistentLevel.Laser_Kit'
[2019.11.17-20.52.37:589][ 36]LogBlueprintUserMessages: Late EndPlayMap Detection: Level '/Game/Maps/Camera_Kit.Camera_Kit:PersistentLevel' has LevelScriptBlueprint '/Game/Maps/Camera_Kit.Camera_Kit:PersistentLevel.Camera_Kit' with GeneratedClass '/Game/Maps/Camera_Kit.Camera_Kit_C' with ClassGeneratedBy '/Game/Maps/Camera_Kit.Camera_Kit:PersistentLevel.Camera_Kit'
[2019.11.17-20.52.37:590][ 36]LogBlueprintUserMessages: Late EndPlayMap Detection: Level '/Game/Maps/Explosive_Kit.Explosive_Kit:PersistentLevel' has LevelScriptBlueprint '/Game/Maps/Explosive_Kit.Explosive_Kit:PersistentLevel.Explosive_Kit' with GeneratedClass '/Game/Maps/Explosive_Kit.Explosive_Kit_C' with ClassGeneratedBy '/Game/Maps/Explosive_Kit.Explosive_Kit:PersistentLevel.Explosive_Kit'
[2019.11.17-20.52.37:591][ 36]LogBlueprintUserMessages: Late EndPlayMap Detection: Level '/Game/Maps/Teleport_Kit.Teleport_Kit:PersistentLevel' has LevelScriptBlueprint '/Game/Maps/Teleport_Kit.Teleport_Kit:PersistentLevel.Teleport_Kit' with GeneratedClass '/Game/Maps/Teleport_Kit.Teleport_Kit_C' with ClassGeneratedBy '/Game/Maps/Teleport_Kit.Teleport_Kit:PersistentLevel.Teleport_Kit'
[2019.11.17-20.52.37:724][ 36]LogSlate: Updating window title bar state: overlay mode, drag disabled, window buttons hidden, title bar hidden
[2019.11.17-20.52.37:740][ 36]LogUObjectHash: Compacting FUObjectHashTables data took   9.29ms
[2019.11.17-20.52.38:104][ 37]LogPlayLevel: Display: Destroying online subsystem :Context_36
[2019.11.17-20.52.39:542][ 78]LogSlate: FSceneViewport::OnFocusLost() reason 0
[2019.11.17-20.52.46:960][267]LogTemp: Repeating last play command: Selected Viewport
[2019.11.17-20.52.47:066][267]LogBlueprintUserMessages: Early PlayInEditor Detection: Level '/Game/FirstPersonBP/Maps/FirstPersonExampleMap.FirstPersonExampleMap:PersistentLevel' has LevelScriptBlueprint '/Game/FirstPersonBP/Maps/FirstPersonExampleMap.FirstPersonExampleMap:PersistentLevel.FirstPersonExampleMap' with GeneratedClass '/Game/FirstPersonBP/Maps/FirstPersonExampleMap.FirstPersonExampleMap_C' with ClassGeneratedBy '/Game/FirstPersonBP/Maps/FirstPersonExampleMap.FirstPersonExampleMap:PersistentLevel.FirstPersonExampleMap'
[2019.11.17-20.52.47:068][267]LogBlueprintUserMessages: Early PlayInEditor Detection: Level '/Game/Maps/Door_Breached.Door_Breached:PersistentLevel' has LevelScriptBlueprint '/Game/Maps/Door_Breached.Door_Breached:PersistentLevel.Door_Breached' with GeneratedClass '/Game/Maps/Door_Breached.Door_Breached_C' with ClassGeneratedBy '/Game/Maps/Door_Breached.Door_Breached:PersistentLevel.Door_Breached'
[2019.11.17-20.52.47:069][267]LogBlueprintUserMessages: Early PlayInEditor Detection: Level '/Game/Maps/Door_Kit.Door_Kit:PersistentLevel' has LevelScriptBlueprint '/Game/Maps/Door_Kit.Door_Kit:PersistentLevel.Door_Kit' with GeneratedClass '/Game/Maps/Door_Kit.Door_Kit_C' with ClassGeneratedBy '/Game/Maps/Door_Kit.Door_Kit:PersistentLevel.Door_Kit'
[2019.11.17-20.52.47:070][267]LogBlueprintUserMessages: Early PlayInEditor Detection: Level '/Game/Maps/Turret_Kit.Turret_Kit:PersistentLevel' has LevelScriptBlueprint '/Game/Maps/Turret_Kit.Turret_Kit:PersistentLevel.Turret_Kit' with GeneratedClass '/Game/Maps/Turret_Kit.Turret_Kit_C' with ClassGeneratedBy '/Game/Maps/Turret_Kit.Turret_Kit:PersistentLevel.Turret_Kit'
[2019.11.17-20.52.47:072][267]LogBlueprintUserMessages: Early PlayInEditor Detection: Level '/Game/Maps/Laser_Kit.Laser_Kit:PersistentLevel' has LevelScriptBlueprint '/Game/Maps/Laser_Kit.Laser_Kit:PersistentLevel.Laser_Kit' with GeneratedClass '/Game/Maps/Laser_Kit.Laser_Kit_C' with ClassGeneratedBy '/Game/Maps/Laser_Kit.Laser_Kit:PersistentLevel.Laser_Kit'
[2019.11.17-20.52.47:073][267]LogBlueprintUserMessages: Early PlayInEditor Detection: Level '/Game/Maps/Camera_Kit.Camera_Kit:PersistentLevel' has LevelScriptBlueprint '/Game/Maps/Camera_Kit.Camera_Kit:PersistentLevel.Camera_Kit' with GeneratedClass '/Game/Maps/Camera_Kit.Camera_Kit_C' with ClassGeneratedBy '/Game/Maps/Camera_Kit.Camera_Kit:PersistentLevel.Camera_Kit'
[2019.11.17-20.52.47:074][267]LogBlueprintUserMessages: Early PlayInEditor Detection: Level '/Game/Maps/Explosive_Kit.Explosive_Kit:PersistentLevel' has LevelScriptBlueprint '/Game/Maps/Explosive_Kit.Explosive_Kit:PersistentLevel.Explosive_Kit' with GeneratedClass '/Game/Maps/Explosive_Kit.Explosive_Kit_C' with ClassGeneratedBy '/Game/Maps/Explosive_Kit.Explosive_Kit:PersistentLevel.Explosive_Kit'
[2019.11.17-20.52.47:075][267]LogBlueprintUserMessages: Early PlayInEditor Detection: Level '/Game/Maps/Teleport_Kit.Teleport_Kit:PersistentLevel' has LevelScriptBlueprint '/Game/Maps/Teleport_Kit.Teleport_Kit:PersistentLevel.Teleport_Kit' with GeneratedClass '/Game/Maps/Teleport_Kit.Teleport_Kit_C' with ClassGeneratedBy '/Game/Maps/Teleport_Kit.Teleport_Kit:PersistentLevel.Teleport_Kit'
[2019.11.17-20.52.47:076][267]LogPlayLevel: PlayLevel: No blueprints needed recompiling
[2019.11.17-20.52.47:077][267]PIE: New page: PIE session: FirstPersonExampleMap (Nov 17, 2019, 4:52:47 AM)
[2019.11.17-20.52.47:077][267]LogPlayLevel: Creating play world package: /Game/FirstPersonBP/Maps/UEDPIE_0_FirstPersonExampleMap
[2019.11.17-20.52.47:124][267]LogPlayLevel: PIE: StaticDuplicateObject took: (0.046032s)
[2019.11.17-20.52.47:127][267]LogAIModule: Creating AISystem for world FirstPersonExampleMap
[2019.11.17-20.52.47:128][267]LogPlayLevel: PIE: World Init took: (0.002915s)
[2019.11.17-20.52.47:128][267]LogPlayLevel: PIE: Created PIE world by copying editor world from /Game/FirstPersonBP/Maps/FirstPersonExampleMap.FirstPersonExampleMap to /Game/FirstPersonBP/Maps/UEDPIE_0_FirstPersonExampleMap.FirstPersonExampleMap (0.050873s)
[2019.11.17-20.52.47:266][267]LogUObjectHash: Compacting FUObjectHashTables data took   8.94ms
[2019.11.17-20.52.47:343][267]LogInit: XAudio2 using 'Headset Earphone (SteelSeries Arctis 5 Chat)' : 2 channels at 48 kHz using 16 bits per sample (channel mask 0x3)
[2019.11.17-20.52.47:385][267]LogInit: FAudioDevice initialized.
[2019.11.17-20.52.47:433][267]LogLoad: Game class is 'FirstPersonGameMode_C'
[2019.11.17-20.52.47:445][267]LogWorld: Bringing World /Game/FirstPersonBP/Maps/UEDPIE_0_FirstPersonExampleMap.FirstPersonExampleMap up for play (max tick rate 60) at 2019.11.17-12.52.47
[2019.11.17-20.52.47:446][267]LogWorld: Bringing up level for play took: 0.010822
[2019.11.17-20.52.47:463][267]PIE: Play in editor start time for /Game/FirstPersonBP/Maps/UEDPIE_0_FirstPersonExampleMap -0.208
[2019.11.17-20.52.47:464][267]LogBlueprintUserMessages: Late PlayInEditor Detection: Level '/Game/FirstPersonBP/Maps/FirstPersonExampleMap.FirstPersonExampleMap:PersistentLevel' has LevelScriptBlueprint '/Game/FirstPersonBP/Maps/FirstPersonExampleMap.FirstPersonExampleMap:PersistentLevel.FirstPersonExampleMap' with GeneratedClass '/Game/FirstPersonBP/Maps/FirstPersonExampleMap.FirstPersonExampleMap_C' with ClassGeneratedBy '/Game/FirstPersonBP/Maps/FirstPersonExampleMap.FirstPersonExampleMap:PersistentLevel.FirstPersonExampleMap'
[2019.11.17-20.52.47:466][267]LogBlueprintUserMessages: Late PlayInEditor Detection: Level '/Game/Maps/Door_Breached.Door_Breached:PersistentLevel' has LevelScriptBlueprint '/Game/Maps/Door_Breached.Door_Breached:PersistentLevel.Door_Breached' with GeneratedClass '/Game/Maps/Door_Breached.Door_Breached_C' with ClassGeneratedBy '/Game/Maps/Door_Breached.Door_Breached:PersistentLevel.Door_Breached'
[2019.11.17-20.52.47:468][267]LogBlueprintUserMessages: Late PlayInEditor Detection: Level '/Game/Maps/Door_Kit.Door_Kit:PersistentLevel' has LevelScriptBlueprint '/Game/Maps/Door_Kit.Door_Kit:PersistentLevel.Door_Kit' with GeneratedClass '/Game/Maps/Door_Kit.Door_Kit_C' with ClassGeneratedBy '/Game/Maps/Door_Kit.Door_Kit:PersistentLevel.Door_Kit'
[2019.11.17-20.52.47:469][267]LogBlueprintUserMessages: Late PlayInEditor Detection: Level '/Game/Maps/Turret_Kit.Turret_Kit:PersistentLevel' has LevelScriptBlueprint '/Game/Maps/Turret_Kit.Turret_Kit:PersistentLevel.Turret_Kit' with GeneratedClass '/Game/Maps/Turret_Kit.Turret_Kit_C' with ClassGeneratedBy '/Game/Maps/Turret_Kit.Turret_Kit:PersistentLevel.Turret_Kit'
[2019.11.17-20.52.47:471][267]LogBlueprintUserMessages: Late PlayInEditor Detection: Level '/Game/Maps/Laser_Kit.Laser_Kit:PersistentLevel' has LevelScriptBlueprint '/Game/Maps/Laser_Kit.Laser_Kit:PersistentLevel.Laser_Kit' with GeneratedClass '/Game/Maps/Laser_Kit.Laser_Kit_C' with ClassGeneratedBy '/Game/Maps/Laser_Kit.Laser_Kit:PersistentLevel.Laser_Kit'
[2019.11.17-20.52.47:472][267]LogBlueprintUserMessages: Late PlayInEditor Detection: Level '/Game/Maps/Camera_Kit.Camera_Kit:PersistentLevel' has LevelScriptBlueprint '/Game/Maps/Camera_Kit.Camera_Kit:PersistentLevel.Camera_Kit' with GeneratedClass '/Game/Maps/Camera_Kit.Camera_Kit_C' with ClassGeneratedBy '/Game/Maps/Camera_Kit.Camera_Kit:PersistentLevel.Camera_Kit'
[2019.11.17-20.52.47:473][267]LogBlueprintUserMessages: Late PlayInEditor Detection: Level '/Game/Maps/Explosive_Kit.Explosive_Kit:PersistentLevel' has LevelScriptBlueprint '/Game/Maps/Explosive_Kit.Explosive_Kit:PersistentLevel.Explosive_Kit' with GeneratedClass '/Game/Maps/Explosive_Kit.Explosive_Kit_C' with ClassGeneratedBy '/Game/Maps/Explosive_Kit.Explosive_Kit:PersistentLevel.Explosive_Kit'
[2019.11.17-20.52.47:474][267]LogBlueprintUserMessages: Late PlayInEditor Detection: Level '/Game/Maps/Teleport_Kit.Teleport_Kit:PersistentLevel' has LevelScriptBlueprint '/Game/Maps/Teleport_Kit.Teleport_Kit:PersistentLevel.Teleport_Kit' with GeneratedClass '/Game/Maps/Teleport_Kit.Teleport_Kit_C' with ClassGeneratedBy '/Game/Maps/Teleport_Kit.Teleport_Kit:PersistentLevel.Teleport_Kit'
[2019.11.17-20.52.49:757][313]LogBlueprintUserMessages: [Safe_2] Safe: BEEP
[2019.11.17-20.52.49:963][318]LogBlueprintUserMessages: [Safe_2] Safe: BEEP
[2019.11.17-20.52.50:133][322]LogBlueprintUserMessages: [Safe_2] Safe: BEEP
[2019.11.17-20.52.50:308][326]LogBlueprintUserMessages: [Safe_2] Safe: BEEP
[2019.11.17-20.52.50:427][329]LogBlueprintUserMessages: [Safe_2] Safe: BEEP
[2019.11.17-20.52.50:559][332]LogBlueprintUserMessages: [Safe_2] Safe: BEEP
[2019.11.17-20.52.51:015][342]LogBlueprintUserMessages: [Safe_2] Safe: Unlocked
[2019.11.17-20.52.52:586][378]LogBlueprintUserMessages: Early EndPlayMap Detection: Level '/Game/FirstPersonBP/Maps/FirstPersonExampleMap.FirstPersonExampleMap:PersistentLevel' has LevelScriptBlueprint '/Game/FirstPersonBP/Maps/FirstPersonExampleMap.FirstPersonExampleMap:PersistentLevel.FirstPersonExampleMap' with GeneratedClass '/Game/FirstPersonBP/Maps/FirstPersonExampleMap.FirstPersonExampleMap_C' with ClassGeneratedBy '/Game/FirstPersonBP/Maps/FirstPersonExampleMap.FirstPersonExampleMap:PersistentLevel.FirstPersonExampleMap'
[2019.11.17-20.52.52:588][378]LogBlueprintUserMessages: Early EndPlayMap Detection: Level '/Game/Maps/Door_Breached.Door_Breached:PersistentLevel' has LevelScriptBlueprint '/Game/Maps/Door_Breached.Door_Breached:PersistentLevel.Door_Breached' with GeneratedClass '/Game/Maps/Door_Breached.Door_Breached_C' with ClassGeneratedBy '/Game/Maps/Door_Breached.Door_Breached:PersistentLevel.Door_Breached'
[2019.11.17-20.52.52:589][378]LogBlueprintUserMessages: Early EndPlayMap Detection: Level '/Game/Maps/Door_Kit.Door_Kit:PersistentLevel' has LevelScriptBlueprint '/Game/Maps/Door_Kit.Door_Kit:PersistentLevel.Door_Kit' with GeneratedClass '/Game/Maps/Door_Kit.Door_Kit_C' with ClassGeneratedBy '/Game/Maps/Door_Kit.Door_Kit:PersistentLevel.Door_Kit'
[2019.11.17-20.52.52:591][378]LogBlueprintUserMessages: Early EndPlayMap Detection: Level '/Game/Maps/Turret_Kit.Turret_Kit:PersistentLevel' has LevelScriptBlueprint '/Game/Maps/Turret_Kit.Turret_Kit:PersistentLevel.Turret_Kit' with GeneratedClass '/Game/Maps/Turret_Kit.Turret_Kit_C' with ClassGeneratedBy '/Game/Maps/Turret_Kit.Turret_Kit:PersistentLevel.Turret_Kit'
[2019.11.17-20.52.52:592][378]LogBlueprintUserMessages: Early EndPlayMap Detection: Level '/Game/Maps/Laser_Kit.Laser_Kit:PersistentLevel' has LevelScriptBlueprint '/Game/Maps/Laser_Kit.Laser_Kit:PersistentLevel.Laser_Kit' with GeneratedClass '/Game/Maps/Laser_Kit.Laser_Kit_C' with ClassGeneratedBy '/Game/Maps/Laser_Kit.Laser_Kit:PersistentLevel.Laser_Kit'
[2019.11.17-20.52.52:594][378]LogBlueprintUserMessages: Early EndPlayMap Detection: Level '/Game/Maps/Camera_Kit.Camera_Kit:PersistentLevel' has LevelScriptBlueprint '/Game/Maps/Camera_Kit.Camera_Kit:PersistentLevel.Camera_Kit' with GeneratedClass '/Game/Maps/Camera_Kit.Camera_Kit_C' with ClassGeneratedBy '/Game/Maps/Camera_Kit.Camera_Kit:PersistentLevel.Camera_Kit'
[2019.11.17-20.52.52:595][378]LogBlueprintUserMessages: Early EndPlayMap Detection: Level '/Game/Maps/Explosive_Kit.Explosive_Kit:PersistentLevel' has LevelScriptBlueprint '/Game/Maps/Explosive_Kit.Explosive_Kit:PersistentLevel.Explosive_Kit' with GeneratedClass '/Game/Maps/Explosive_Kit.Explosive_Kit_C' with ClassGeneratedBy '/Game/Maps/Explosive_Kit.Explosive_Kit:PersistentLevel.Explosive_Kit'
[2019.11.17-20.52.52:596][378]LogBlueprintUserMessages: Early EndPlayMap Detection: Level '/Game/Maps/Teleport_Kit.Teleport_Kit:PersistentLevel' has LevelScriptBlueprint '/Game/Maps/Teleport_Kit.Teleport_Kit:PersistentLevel.Teleport_Kit' with GeneratedClass '/Game/Maps/Teleport_Kit.Teleport_Kit_C' with ClassGeneratedBy '/Game/Maps/Teleport_Kit.Teleport_Kit:PersistentLevel.Teleport_Kit'
[2019.11.17-20.52.52:598][378]LogSlate: Updating window title bar state: overlay mode, drag disabled, window buttons hidden, title bar hidden
[2019.11.17-20.52.52:682][378]LogPlayLevel: Display: Shutting down PIE online subsystems
[2019.11.17-20.52.52:683][378]LogBlueprintUserMessages: Late EndPlayMap Detection: Level '/Game/FirstPersonBP/Maps/FirstPersonExampleMap.FirstPersonExampleMap:PersistentLevel' has LevelScriptBlueprint '/Game/FirstPersonBP/Maps/FirstPersonExampleMap.FirstPersonExampleMap:PersistentLevel.FirstPersonExampleMap' with GeneratedClass '/Game/FirstPersonBP/Maps/FirstPersonExampleMap.FirstPersonExampleMap_C' with ClassGeneratedBy '/Game/FirstPersonBP/Maps/FirstPersonExampleMap.FirstPersonExampleMap:PersistentLevel.FirstPersonExampleMap'
[2019.11.17-20.52.52:685][378]LogBlueprintUserMessages: Late EndPlayMap Detection: Level '/Game/Maps/Door_Breached.Door_Breached:PersistentLevel' has LevelScriptBlueprint '/Game/Maps/Door_Breached.Door_Breached:PersistentLevel.Door_Breached' with GeneratedClass '/Game/Maps/Door_Breached.Door_Breached_C' with ClassGeneratedBy '/Game/Maps/Door_Breached.Door_Breached:PersistentLevel.Door_Breached'
[2019.11.17-20.52.52:686][378]LogBlueprintUserMessages: Late EndPlayMap Detection: Level '/Game/Maps/Door_Kit.Door_Kit:PersistentLevel' has LevelScriptBlueprint '/Game/Maps/Door_Kit.Door_Kit:PersistentLevel.Door_Kit' with GeneratedClass '/Game/Maps/Door_Kit.Door_Kit_C' with ClassGeneratedBy '/Game/Maps/Door_Kit.Door_Kit:PersistentLevel.Door_Kit'
[2019.11.17-20.52.52:687][378]LogBlueprintUserMessages: Late EndPlayMap Detection: Level '/Game/Maps/Turret_Kit.Turret_Kit:PersistentLevel' has LevelScriptBlueprint '/Game/Maps/Turret_Kit.Turret_Kit:PersistentLevel.Turret_Kit' with GeneratedClass '/Game/Maps/Turret_Kit.Turret_Kit_C' with ClassGeneratedBy '/Game/Maps/Turret_Kit.Turret_Kit:PersistentLevel.Turret_Kit'
[2019.11.17-20.52.52:689][378]LogBlueprintUserMessages: Late EndPlayMap Detection: Level '/Game/Maps/Laser_Kit.Laser_Kit:PersistentLevel' has LevelScriptBlueprint '/Game/Maps/Laser_Kit.Laser_Kit:PersistentLevel.Laser_Kit' with GeneratedClass '/Game/Maps/Laser_Kit.Laser_Kit_C' with ClassGeneratedBy '/Game/Maps/Laser_Kit.Laser_Kit:PersistentLevel.Laser_Kit'
[2019.11.17-20.52.52:690][378]LogBlueprintUserMessages: Late EndPlayMap Detection: Level '/Game/Maps/Camera_Kit.Camera_Kit:PersistentLevel' has LevelScriptBlueprint '/Game/Maps/Camera_Kit.Camera_Kit:PersistentLevel.Camera_Kit' with GeneratedClass '/Game/Maps/Camera_Kit.Camera_Kit_C' with ClassGeneratedBy '/Game/Maps/Camera_Kit.Camera_Kit:PersistentLevel.Camera_Kit'
[2019.11.17-20.52.52:691][378]LogBlueprintUserMessages: Late EndPlayMap Detection: Level '/Game/Maps/Explosive_Kit.Explosive_Kit:PersistentLevel' has LevelScriptBlueprint '/Game/Maps/Explosive_Kit.Explosive_Kit:PersistentLevel.Explosive_Kit' with GeneratedClass '/Game/Maps/Explosive_Kit.Explosive_Kit_C' with ClassGeneratedBy '/Game/Maps/Explosive_Kit.Explosive_Kit:PersistentLevel.Explosive_Kit'
[2019.11.17-20.52.52:692][378]LogBlueprintUserMessages: Late EndPlayMap Detection: Level '/Game/Maps/Teleport_Kit.Teleport_Kit:PersistentLevel' has LevelScriptBlueprint '/Game/Maps/Teleport_Kit.Teleport_Kit:PersistentLevel.Teleport_Kit' with GeneratedClass '/Game/Maps/Teleport_Kit.Teleport_Kit_C' with ClassGeneratedBy '/Game/Maps/Teleport_Kit.Teleport_Kit:PersistentLevel.Teleport_Kit'
[2019.11.17-20.52.52:825][378]LogSlate: Updating window title bar state: overlay mode, drag disabled, window buttons hidden, title bar hidden
[2019.11.17-20.52.52:838][378]LogUObjectHash: Compacting FUObjectHashTables data took   7.40ms
[2019.11.17-20.52.53:160][379]LogPlayLevel: Display: Destroying online subsystem :Context_37
[2019.11.17-20.52.53:899][397]LogSlate: FSceneViewport::OnFocusLost() reason 0
[2019.11.17-20.53.18:631][ 46]BlueprintLog: New page: Compile Safe
[2019.11.17-20.53.19:310][ 46]LogUObjectHash: Compacting FUObjectHashTables data took   9.67ms
[2019.11.17-20.53.26:461][218]LogTemp: Repeating last play command: Selected Viewport
[2019.11.17-20.53.26:601][218]LogBlueprintUserMessages: Early PlayInEditor Detection: Level '/Game/FirstPersonBP/Maps/FirstPersonExampleMap.FirstPersonExampleMap:PersistentLevel' has LevelScriptBlueprint '/Game/FirstPersonBP/Maps/FirstPersonExampleMap.FirstPersonExampleMap:PersistentLevel.FirstPersonExampleMap' with GeneratedClass '/Game/FirstPersonBP/Maps/FirstPersonExampleMap.FirstPersonExampleMap_C' with ClassGeneratedBy '/Game/FirstPersonBP/Maps/FirstPersonExampleMap.FirstPersonExampleMap:PersistentLevel.FirstPersonExampleMap'
[2019.11.17-20.53.26:603][218]LogBlueprintUserMessages: Early PlayInEditor Detection: Level '/Game/Maps/Door_Breached.Door_Breached:PersistentLevel' has LevelScriptBlueprint '/Game/Maps/Door_Breached.Door_Breached:PersistentLevel.Door_Breached' with GeneratedClass '/Game/Maps/Door_Breached.Door_Breached_C' with ClassGeneratedBy '/Game/Maps/Door_Breached.Door_Breached:PersistentLevel.Door_Breached'
[2019.11.17-20.53.26:605][218]LogBlueprintUserMessages: Early PlayInEditor Detection: Level '/Game/Maps/Door_Kit.Door_Kit:PersistentLevel' has LevelScriptBlueprint '/Game/Maps/Door_Kit.Door_Kit:PersistentLevel.Door_Kit' with GeneratedClass '/Game/Maps/Door_Kit.Door_Kit_C' with ClassGeneratedBy '/Game/Maps/Door_Kit.Door_Kit:PersistentLevel.Door_Kit'
[2019.11.17-20.53.26:605][218]LogBlueprintUserMessages: Early PlayInEditor Detection: Level '/Game/Maps/Turret_Kit.Turret_Kit:PersistentLevel' has LevelScriptBlueprint '/Game/Maps/Turret_Kit.Turret_Kit:PersistentLevel.Turret_Kit' with GeneratedClass '/Game/Maps/Turret_Kit.Turret_Kit_C' with ClassGeneratedBy '/Game/Maps/Turret_Kit.Turret_Kit:PersistentLevel.Turret_Kit'
[2019.11.17-20.53.26:607][218]LogBlueprintUserMessages: Early PlayInEditor Detection: Level '/Game/Maps/Laser_Kit.Laser_Kit:PersistentLevel' has LevelScriptBlueprint '/Game/Maps/Laser_Kit.Laser_Kit:PersistentLevel.Laser_Kit' with GeneratedClass '/Game/Maps/Laser_Kit.Laser_Kit_C' with ClassGeneratedBy '/Game/Maps/Laser_Kit.Laser_Kit:PersistentLevel.Laser_Kit'
[2019.11.17-20.53.26:607][218]LogBlueprintUserMessages: Early PlayInEditor Detection: Level '/Game/Maps/Camera_Kit.Camera_Kit:PersistentLevel' has LevelScriptBlueprint '/Game/Maps/Camera_Kit.Camera_Kit:PersistentLevel.Camera_Kit' with GeneratedClass '/Game/Maps/Camera_Kit.Camera_Kit_C' with ClassGeneratedBy '/Game/Maps/Camera_Kit.Camera_Kit:PersistentLevel.Camera_Kit'
[2019.11.17-20.53.26:608][218]LogBlueprintUserMessages: Early PlayInEditor Detection: Level '/Game/Maps/Explosive_Kit.Explosive_Kit:PersistentLevel' has LevelScriptBlueprint '/Game/Maps/Explosive_Kit.Explosive_Kit:PersistentLevel.Explosive_Kit' with GeneratedClass '/Game/Maps/Explosive_Kit.Explosive_Kit_C' with ClassGeneratedBy '/Game/Maps/Explosive_Kit.Explosive_Kit:PersistentLevel.Explosive_Kit'
[2019.11.17-20.53.26:609][218]LogBlueprintUserMessages: Early PlayInEditor Detection: Level '/Game/Maps/Teleport_Kit.Teleport_Kit:PersistentLevel' has LevelScriptBlueprint '/Game/Maps/Teleport_Kit.Teleport_Kit:PersistentLevel.Teleport_Kit' with GeneratedClass '/Game/Maps/Teleport_Kit.Teleport_Kit_C' with ClassGeneratedBy '/Game/Maps/Teleport_Kit.Teleport_Kit:PersistentLevel.Teleport_Kit'
[2019.11.17-20.53.26:611][218]LogPlayLevel: PlayLevel: No blueprints needed recompiling
[2019.11.17-20.53.26:611][218]PIE: New page: PIE session: FirstPersonExampleMap (Nov 17, 2019, 4:53:26 AM)
[2019.11.17-20.53.26:612][218]LogPlayLevel: Creating play world package: /Game/FirstPersonBP/Maps/UEDPIE_0_FirstPersonExampleMap
[2019.11.17-20.53.26:651][218]LogPlayLevel: PIE: StaticDuplicateObject took: (0.038568s)
[2019.11.17-20.53.26:653][218]LogAIModule: Creating AISystem for world FirstPersonExampleMap
[2019.11.17-20.53.26:654][218]LogPlayLevel: PIE: World Init took: (0.002323s)
[2019.11.17-20.53.26:654][218]LogPlayLevel: PIE: Created PIE world by copying editor world from /Game/FirstPersonBP/Maps/FirstPersonExampleMap.FirstPersonExampleMap to /Game/FirstPersonBP/Maps/UEDPIE_0_FirstPersonExampleMap.FirstPersonExampleMap (0.042226s)
[2019.11.17-20.53.26:803][218]LogUObjectHash: Compacting FUObjectHashTables data took  11.68ms
[2019.11.17-20.53.26:876][218]LogInit: XAudio2 using 'Headset Earphone (SteelSeries Arctis 5 Chat)' : 2 channels at 48 kHz using 16 bits per sample (channel mask 0x3)
[2019.11.17-20.53.26:919][218]LogInit: FAudioDevice initialized.
[2019.11.17-20.53.26:965][218]LogLoad: Game class is 'FirstPersonGameMode_C'
[2019.11.17-20.53.26:977][218]LogWorld: Bringing World /Game/FirstPersonBP/Maps/UEDPIE_0_FirstPersonExampleMap.FirstPersonExampleMap up for play (max tick rate 60) at 2019.11.17-12.53.26
[2019.11.17-20.53.26:979][218]LogWorld: Bringing up level for play took: 0.011978
[2019.11.17-20.53.26:995][218]PIE: Play in editor start time for /Game/FirstPersonBP/Maps/UEDPIE_0_FirstPersonExampleMap 1.324
[2019.11.17-20.53.26:996][218]LogBlueprintUserMessages: Late PlayInEditor Detection: Level '/Game/FirstPersonBP/Maps/FirstPersonExampleMap.FirstPersonExampleMap:PersistentLevel' has LevelScriptBlueprint '/Game/FirstPersonBP/Maps/FirstPersonExampleMap.FirstPersonExampleMap:PersistentLevel.FirstPersonExampleMap' with GeneratedClass '/Game/FirstPersonBP/Maps/FirstPersonExampleMap.FirstPersonExampleMap_C' with ClassGeneratedBy '/Game/FirstPersonBP/Maps/FirstPersonExampleMap.FirstPersonExampleMap:PersistentLevel.FirstPersonExampleMap'
[2019.11.17-20.53.26:998][218]LogBlueprintUserMessages: Late PlayInEditor Detection: Level '/Game/Maps/Door_Breached.Door_Breached:PersistentLevel' has LevelScriptBlueprint '/Game/Maps/Door_Breached.Door_Breached:PersistentLevel.Door_Breached' with GeneratedClass '/Game/Maps/Door_Breached.Door_Breached_C' with ClassGeneratedBy '/Game/Maps/Door_Breached.Door_Breached:PersistentLevel.Door_Breached'
[2019.11.17-20.53.26:999][218]LogBlueprintUserMessages: Late PlayInEditor Detection: Level '/Game/Maps/Door_Kit.Door_Kit:PersistentLevel' has LevelScriptBlueprint '/Game/Maps/Door_Kit.Door_Kit:PersistentLevel.Door_Kit' with GeneratedClass '/Game/Maps/Door_Kit.Door_Kit_C' with ClassGeneratedBy '/Game/Maps/Door_Kit.Door_Kit:PersistentLevel.Door_Kit'
[2019.11.17-20.53.27:000][218]LogBlueprintUserMessages: Late PlayInEditor Detection: Level '/Game/Maps/Turret_Kit.Turret_Kit:PersistentLevel' has LevelScriptBlueprint '/Game/Maps/Turret_Kit.Turret_Kit:PersistentLevel.Turret_Kit' with GeneratedClass '/Game/Maps/Turret_Kit.Turret_Kit_C' with ClassGeneratedBy '/Game/Maps/Turret_Kit.Turret_Kit:PersistentLevel.Turret_Kit'
[2019.11.17-20.53.27:002][218]LogBlueprintUserMessages: Late PlayInEditor Detection: Level '/Game/Maps/Laser_Kit.Laser_Kit:PersistentLevel' has LevelScriptBlueprint '/Game/Maps/Laser_Kit.Laser_Kit:PersistentLevel.Laser_Kit' with GeneratedClass '/Game/Maps/Laser_Kit.Laser_Kit_C' with ClassGeneratedBy '/Game/Maps/Laser_Kit.Laser_Kit:PersistentLevel.Laser_Kit'
[2019.11.17-20.53.27:003][218]LogBlueprintUserMessages: Late PlayInEditor Detection: Level '/Game/Maps/Camera_Kit.Camera_Kit:PersistentLevel' has LevelScriptBlueprint '/Game/Maps/Camera_Kit.Camera_Kit:PersistentLevel.Camera_Kit' with GeneratedClass '/Game/Maps/Camera_Kit.Camera_Kit_C' with ClassGeneratedBy '/Game/Maps/Camera_Kit.Camera_Kit:PersistentLevel.Camera_Kit'
[2019.11.17-20.53.27:004][218]LogBlueprintUserMessages: Late PlayInEditor Detection: Level '/Game/Maps/Explosive_Kit.Explosive_Kit:PersistentLevel' has LevelScriptBlueprint '/Game/Maps/Explosive_Kit.Explosive_Kit:PersistentLevel.Explosive_Kit' with GeneratedClass '/Game/Maps/Explosive_Kit.Explosive_Kit_C' with ClassGeneratedBy '/Game/Maps/Explosive_Kit.Explosive_Kit:PersistentLevel.Explosive_Kit'
[2019.11.17-20.53.27:005][218]LogBlueprintUserMessages: Late PlayInEditor Detection: Level '/Game/Maps/Teleport_Kit.Teleport_Kit:PersistentLevel' has LevelScriptBlueprint '/Game/Maps/Teleport_Kit.Teleport_Kit:PersistentLevel.Teleport_Kit' with GeneratedClass '/Game/Maps/Teleport_Kit.Teleport_Kit_C' with ClassGeneratedBy '/Game/Maps/Teleport_Kit.Teleport_Kit:PersistentLevel.Teleport_Kit'
[2019.11.17-20.53.29:816][271]LogBlueprintUserMessages: [Safe_2] Safe: BEEP
[2019.11.17-20.53.30:020][276]LogBlueprintUserMessages: [Safe_2] Safe: BEEP
[2019.11.17-20.53.30:188][280]LogBlueprintUserMessages: [Safe_2] Safe: BEEP
[2019.11.17-20.53.30:310][283]LogBlueprintUserMessages: [Safe_2] Safe: BEEP
[2019.11.17-20.53.30:470][287]LogBlueprintUserMessages: [Safe_2] Safe: BEEP
[2019.11.17-20.53.30:631][291]LogBlueprintUserMessages: [Safe_2] Safe: BEEP
[2019.11.17-20.53.31:285][306]LogBlueprintUserMessages: [Safe_2] Safe: Unlocked
[2019.11.17-20.53.35:718][409]LogBlueprintUserMessages: Early EndPlayMap Detection: Level '/Game/FirstPersonBP/Maps/FirstPersonExampleMap.FirstPersonExampleMap:PersistentLevel' has LevelScriptBlueprint '/Game/FirstPersonBP/Maps/FirstPersonExampleMap.FirstPersonExampleMap:PersistentLevel.FirstPersonExampleMap' with GeneratedClass '/Game/FirstPersonBP/Maps/FirstPersonExampleMap.FirstPersonExampleMap_C' with ClassGeneratedBy '/Game/FirstPersonBP/Maps/FirstPersonExampleMap.FirstPersonExampleMap:PersistentLevel.FirstPersonExampleMap'
[2019.11.17-20.53.35:721][409]LogBlueprintUserMessages: Early EndPlayMap Detection: Level '/Game/Maps/Door_Breached.Door_Breached:PersistentLevel' has LevelScriptBlueprint '/Game/Maps/Door_Breached.Door_Breached:PersistentLevel.Door_Breached' with GeneratedClass '/Game/Maps/Door_Breached.Door_Breached_C' with ClassGeneratedBy '/Game/Maps/Door_Breached.Door_Breached:PersistentLevel.Door_Breached'
[2019.11.17-20.53.35:722][409]LogBlueprintUserMessages: Early EndPlayMap Detection: Level '/Game/Maps/Door_Kit.Door_Kit:PersistentLevel' has LevelScriptBlueprint '/Game/Maps/Door_Kit.Door_Kit:PersistentLevel.Door_Kit' with GeneratedClass '/Game/Maps/Door_Kit.Door_Kit_C' with ClassGeneratedBy '/Game/Maps/Door_Kit.Door_Kit:PersistentLevel.Door_Kit'
[2019.11.17-20.53.35:723][409]LogBlueprintUserMessages: Early EndPlayMap Detection: Level '/Game/Maps/Turret_Kit.Turret_Kit:PersistentLevel' has LevelScriptBlueprint '/Game/Maps/Turret_Kit.Turret_Kit:PersistentLevel.Turret_Kit' with GeneratedClass '/Game/Maps/Turret_Kit.Turret_Kit_C' with ClassGeneratedBy '/Game/Maps/Turret_Kit.Turret_Kit:PersistentLevel.Turret_Kit'
[2019.11.17-20.53.35:724][409]LogBlueprintUserMessages: Early EndPlayMap Detection: Level '/Game/Maps/Laser_Kit.Laser_Kit:PersistentLevel' has LevelScriptBlueprint '/Game/Maps/Laser_Kit.Laser_Kit:PersistentLevel.Laser_Kit' with GeneratedClass '/Game/Maps/Laser_Kit.Laser_Kit_C' with ClassGeneratedBy '/Game/Maps/Laser_Kit.Laser_Kit:PersistentLevel.Laser_Kit'
[2019.11.17-20.53.35:726][409]LogBlueprintUserMessages: Early EndPlayMap Detection: Level '/Game/Maps/Camera_Kit.Camera_Kit:PersistentLevel' has LevelScriptBlueprint '/Game/Maps/Camera_Kit.Camera_Kit:PersistentLevel.Camera_Kit' with GeneratedClass '/Game/Maps/Camera_Kit.Camera_Kit_C' with ClassGeneratedBy '/Game/Maps/Camera_Kit.Camera_Kit:PersistentLevel.Camera_Kit'
[2019.11.17-20.53.35:727][409]LogBlueprintUserMessages: Early EndPlayMap Detection: Level '/Game/Maps/Explosive_Kit.Explosive_Kit:PersistentLevel' has LevelScriptBlueprint '/Game/Maps/Explosive_Kit.Explosive_Kit:PersistentLevel.Explosive_Kit' with GeneratedClass '/Game/Maps/Explosive_Kit.Explosive_Kit_C' with ClassGeneratedBy '/Game/Maps/Explosive_Kit.Explosive_Kit:PersistentLevel.Explosive_Kit'
[2019.11.17-20.53.35:728][409]LogBlueprintUserMessages: Early EndPlayMap Detection: Level '/Game/Maps/Teleport_Kit.Teleport_Kit:PersistentLevel' has LevelScriptBlueprint '/Game/Maps/Teleport_Kit.Teleport_Kit:PersistentLevel.Teleport_Kit' with GeneratedClass '/Game/Maps/Teleport_Kit.Teleport_Kit_C' with ClassGeneratedBy '/Game/Maps/Teleport_Kit.Teleport_Kit:PersistentLevel.Teleport_Kit'
[2019.11.17-20.53.35:730][409]LogSlate: Updating window title bar state: overlay mode, drag disabled, window buttons hidden, title bar hidden
[2019.11.17-20.53.35:815][409]LogPlayLevel: Display: Shutting down PIE online subsystems
[2019.11.17-20.53.35:816][409]LogBlueprintUserMessages: Late EndPlayMap Detection: Level '/Game/FirstPersonBP/Maps/FirstPersonExampleMap.FirstPersonExampleMap:PersistentLevel' has LevelScriptBlueprint '/Game/FirstPersonBP/Maps/FirstPersonExampleMap.FirstPersonExampleMap:PersistentLevel.FirstPersonExampleMap' with GeneratedClass '/Game/FirstPersonBP/Maps/FirstPersonExampleMap.FirstPersonExampleMap_C' with ClassGeneratedBy '/Game/FirstPersonBP/Maps/FirstPersonExampleMap.FirstPersonExampleMap:PersistentLevel.FirstPersonExampleMap'
[2019.11.17-20.53.35:817][409]LogBlueprintUserMessages: Late EndPlayMap Detection: Level '/Game/Maps/Door_Breached.Door_Breached:PersistentLevel' has LevelScriptBlueprint '/Game/Maps/Door_Breached.Door_Breached:PersistentLevel.Door_Breached' with GeneratedClass '/Game/Maps/Door_Breached.Door_Breached_C' with ClassGeneratedBy '/Game/Maps/Door_Breached.Door_Breached:PersistentLevel.Door_Breached'
[2019.11.17-20.53.35:818][409]LogBlueprintUserMessages: Late EndPlayMap Detection: Level '/Game/Maps/Door_Kit.Door_Kit:PersistentLevel' has LevelScriptBlueprint '/Game/Maps/Door_Kit.Door_Kit:PersistentLevel.Door_Kit' with GeneratedClass '/Game/Maps/Door_Kit.Door_Kit_C' with ClassGeneratedBy '/Game/Maps/Door_Kit.Door_Kit:PersistentLevel.Door_Kit'
[2019.11.17-20.53.35:819][409]LogBlueprintUserMessages: Late EndPlayMap Detection: Level '/Game/Maps/Turret_Kit.Turret_Kit:PersistentLevel' has LevelScriptBlueprint '/Game/Maps/Turret_Kit.Turret_Kit:PersistentLevel.Turret_Kit' with GeneratedClass '/Game/Maps/Turret_Kit.Turret_Kit_C' with ClassGeneratedBy '/Game/Maps/Turret_Kit.Turret_Kit:PersistentLevel.Turret_Kit'
[2019.11.17-20.53.35:820][409]LogBlueprintUserMessages: Late EndPlayMap Detection: Level '/Game/Maps/Laser_Kit.Laser_Kit:PersistentLevel' has LevelScriptBlueprint '/Game/Maps/Laser_Kit.Laser_Kit:PersistentLevel.Laser_Kit' with GeneratedClass '/Game/Maps/Laser_Kit.Laser_Kit_C' with ClassGeneratedBy '/Game/Maps/Laser_Kit.Laser_Kit:PersistentLevel.Laser_Kit'
[2019.11.17-20.53.35:821][409]LogBlueprintUserMessages: Late EndPlayMap Detection: Level '/Game/Maps/Camera_Kit.Camera_Kit:PersistentLevel' has LevelScriptBlueprint '/Game/Maps/Camera_Kit.Camera_Kit:PersistentLevel.Camera_Kit' with GeneratedClass '/Game/Maps/Camera_Kit.Camera_Kit_C' with ClassGeneratedBy '/Game/Maps/Camera_Kit.Camera_Kit:PersistentLevel.Camera_Kit'
[2019.11.17-20.53.35:822][409]LogBlueprintUserMessages: Late EndPlayMap Detection: Level '/Game/Maps/Explosive_Kit.Explosive_Kit:PersistentLevel' has LevelScriptBlueprint '/Game/Maps/Explosive_Kit.Explosive_Kit:PersistentLevel.Explosive_Kit' with GeneratedClass '/Game/Maps/Explosive_Kit.Explosive_Kit_C' with ClassGeneratedBy '/Game/Maps/Explosive_Kit.Explosive_Kit:PersistentLevel.Explosive_Kit'
[2019.11.17-20.53.35:823][409]LogBlueprintUserMessages: Late EndPlayMap Detection: Level '/Game/Maps/Teleport_Kit.Teleport_Kit:PersistentLevel' has LevelScriptBlueprint '/Game/Maps/Teleport_Kit.Teleport_Kit:PersistentLevel.Teleport_Kit' with GeneratedClass '/Game/Maps/Teleport_Kit.Teleport_Kit_C' with ClassGeneratedBy '/Game/Maps/Teleport_Kit.Teleport_Kit:PersistentLevel.Teleport_Kit'
[2019.11.17-20.53.35:947][409]LogSlate: Updating window title bar state: overlay mode, drag disabled, window buttons hidden, title bar hidden
[2019.11.17-20.53.35:963][409]LogUObjectHash: Compacting FUObjectHashTables data took   9.18ms
[2019.11.17-20.53.36:305][410]LogPlayLevel: Display: Destroying online subsystem :Context_38
[2019.11.17-20.53.37:366][439]LogSlate: FSceneViewport::OnFocusLost() reason 0
[2019.11.17-20.53.54:016][922]BlueprintLog: New page: Compile Safe
[2019.11.17-20.53.54:698][922]LogUObjectHash: Compacting FUObjectHashTables data took  11.31ms
[2019.11.17-20.53.56:693][963]LogTemp: Repeating last play command: Selected Viewport
[2019.11.17-20.53.56:836][963]LogBlueprintUserMessages: Early PlayInEditor Detection: Level '/Game/FirstPersonBP/Maps/FirstPersonExampleMap.FirstPersonExampleMap:PersistentLevel' has LevelScriptBlueprint '/Game/FirstPersonBP/Maps/FirstPersonExampleMap.FirstPersonExampleMap:PersistentLevel.FirstPersonExampleMap' with GeneratedClass '/Game/FirstPersonBP/Maps/FirstPersonExampleMap.FirstPersonExampleMap_C' with ClassGeneratedBy '/Game/FirstPersonBP/Maps/FirstPersonExampleMap.FirstPersonExampleMap:PersistentLevel.FirstPersonExampleMap'
[2019.11.17-20.53.56:838][963]LogBlueprintUserMessages: Early PlayInEditor Detection: Level '/Game/Maps/Door_Breached.Door_Breached:PersistentLevel' has LevelScriptBlueprint '/Game/Maps/Door_Breached.Door_Breached:PersistentLevel.Door_Breached' with GeneratedClass '/Game/Maps/Door_Breached.Door_Breached_C' with ClassGeneratedBy '/Game/Maps/Door_Breached.Door_Breached:PersistentLevel.Door_Breached'
[2019.11.17-20.53.56:839][963]LogBlueprintUserMessages: Early PlayInEditor Detection: Level '/Game/Maps/Door_Kit.Door_Kit:PersistentLevel' has LevelScriptBlueprint '/Game/Maps/Door_Kit.Door_Kit:PersistentLevel.Door_Kit' with GeneratedClass '/Game/Maps/Door_Kit.Door_Kit_C' with ClassGeneratedBy '/Game/Maps/Door_Kit.Door_Kit:PersistentLevel.Door_Kit'
[2019.11.17-20.53.56:840][963]LogBlueprintUserMessages: Early PlayInEditor Detection: Level '/Game/Maps/Turret_Kit.Turret_Kit:PersistentLevel' has LevelScriptBlueprint '/Game/Maps/Turret_Kit.Turret_Kit:PersistentLevel.Turret_Kit' with GeneratedClass '/Game/Maps/Turret_Kit.Turret_Kit_C' with ClassGeneratedBy '/Game/Maps/Turret_Kit.Turret_Kit:PersistentLevel.Turret_Kit'
[2019.11.17-20.53.56:842][963]LogBlueprintUserMessages: Early PlayInEditor Detection: Level '/Game/Maps/Laser_Kit.Laser_Kit:PersistentLevel' has LevelScriptBlueprint '/Game/Maps/Laser_Kit.Laser_Kit:PersistentLevel.Laser_Kit' with GeneratedClass '/Game/Maps/Laser_Kit.Laser_Kit_C' with ClassGeneratedBy '/Game/Maps/Laser_Kit.Laser_Kit:PersistentLevel.Laser_Kit'
[2019.11.17-20.53.56:843][963]LogBlueprintUserMessages: Early PlayInEditor Detection: Level '/Game/Maps/Camera_Kit.Camera_Kit:PersistentLevel' has LevelScriptBlueprint '/Game/Maps/Camera_Kit.Camera_Kit:PersistentLevel.Camera_Kit' with GeneratedClass '/Game/Maps/Camera_Kit.Camera_Kit_C' with ClassGeneratedBy '/Game/Maps/Camera_Kit.Camera_Kit:PersistentLevel.Camera_Kit'
[2019.11.17-20.53.56:844][963]LogBlueprintUserMessages: Early PlayInEditor Detection: Level '/Game/Maps/Explosive_Kit.Explosive_Kit:PersistentLevel' has LevelScriptBlueprint '/Game/Maps/Explosive_Kit.Explosive_Kit:PersistentLevel.Explosive_Kit' with GeneratedClass '/Game/Maps/Explosive_Kit.Explosive_Kit_C' with ClassGeneratedBy '/Game/Maps/Explosive_Kit.Explosive_Kit:PersistentLevel.Explosive_Kit'
[2019.11.17-20.53.56:845][963]LogBlueprintUserMessages: Early PlayInEditor Detection: Level '/Game/Maps/Teleport_Kit.Teleport_Kit:PersistentLevel' has LevelScriptBlueprint '/Game/Maps/Teleport_Kit.Teleport_Kit:PersistentLevel.Teleport_Kit' with GeneratedClass '/Game/Maps/Teleport_Kit.Teleport_Kit_C' with ClassGeneratedBy '/Game/Maps/Teleport_Kit.Teleport_Kit:PersistentLevel.Teleport_Kit'
[2019.11.17-20.53.56:846][963]LogPlayLevel: PlayLevel: No blueprints needed recompiling
[2019.11.17-20.53.56:847][963]PIE: New page: PIE session: FirstPersonExampleMap (Nov 17, 2019, 4:53:56 AM)
[2019.11.17-20.53.56:847][963]LogPlayLevel: Creating play world package: /Game/FirstPersonBP/Maps/UEDPIE_0_FirstPersonExampleMap
[2019.11.17-20.53.56:885][963]LogPlayLevel: PIE: StaticDuplicateObject took: (0.036988s)
[2019.11.17-20.53.56:887][963]LogAIModule: Creating AISystem for world FirstPersonExampleMap
[2019.11.17-20.53.56:888][963]LogPlayLevel: PIE: World Init took: (0.002644s)
[2019.11.17-20.53.56:888][963]LogPlayLevel: PIE: Created PIE world by copying editor world from /Game/FirstPersonBP/Maps/FirstPersonExampleMap.FirstPersonExampleMap to /Game/FirstPersonBP/Maps/UEDPIE_0_FirstPersonExampleMap.FirstPersonExampleMap (0.040939s)
[2019.11.17-20.53.57:036][963]LogUObjectHash: Compacting FUObjectHashTables data took  13.79ms
[2019.11.17-20.53.57:109][963]LogInit: XAudio2 using 'Headset Earphone (SteelSeries Arctis 5 Chat)' : 2 channels at 48 kHz using 16 bits per sample (channel mask 0x3)
[2019.11.17-20.53.57:157][963]LogInit: FAudioDevice initialized.
[2019.11.17-20.53.57:204][963]LogLoad: Game class is 'FirstPersonGameMode_C'
[2019.11.17-20.53.57:218][963]LogWorld: Bringing World /Game/FirstPersonBP/Maps/UEDPIE_0_FirstPersonExampleMap.FirstPersonExampleMap up for play (max tick rate 60) at 2019.11.17-12.53.57
[2019.11.17-20.53.57:219][963]LogWorld: Bringing up level for play took: 0.012429
[2019.11.17-20.53.57:237][963]PIE: Play in editor start time for /Game/FirstPersonBP/Maps/UEDPIE_0_FirstPersonExampleMap -0.435
[2019.11.17-20.53.57:238][963]LogBlueprintUserMessages: Late PlayInEditor Detection: Level '/Game/FirstPersonBP/Maps/FirstPersonExampleMap.FirstPersonExampleMap:PersistentLevel' has LevelScriptBlueprint '/Game/FirstPersonBP/Maps/FirstPersonExampleMap.FirstPersonExampleMap:PersistentLevel.FirstPersonExampleMap' with GeneratedClass '/Game/FirstPersonBP/Maps/FirstPersonExampleMap.FirstPersonExampleMap_C' with ClassGeneratedBy '/Game/FirstPersonBP/Maps/FirstPersonExampleMap.FirstPersonExampleMap:PersistentLevel.FirstPersonExampleMap'
[2019.11.17-20.53.57:241][963]LogBlueprintUserMessages: Late PlayInEditor Detection: Level '/Game/Maps/Door_Breached.Door_Breached:PersistentLevel' has LevelScriptBlueprint '/Game/Maps/Door_Breached.Door_Breached:PersistentLevel.Door_Breached' with GeneratedClass '/Game/Maps/Door_Breached.Door_Breached_C' with ClassGeneratedBy '/Game/Maps/Door_Breached.Door_Breached:PersistentLevel.Door_Breached'
[2019.11.17-20.53.57:242][963]LogBlueprintUserMessages: Late PlayInEditor Detection: Level '/Game/Maps/Door_Kit.Door_Kit:PersistentLevel' has LevelScriptBlueprint '/Game/Maps/Door_Kit.Door_Kit:PersistentLevel.Door_Kit' with GeneratedClass '/Game/Maps/Door_Kit.Door_Kit_C' with ClassGeneratedBy '/Game/Maps/Door_Kit.Door_Kit:PersistentLevel.Door_Kit'
[2019.11.17-20.53.57:243][963]LogBlueprintUserMessages: Late PlayInEditor Detection: Level '/Game/Maps/Turret_Kit.Turret_Kit:PersistentLevel' has LevelScriptBlueprint '/Game/Maps/Turret_Kit.Turret_Kit:PersistentLevel.Turret_Kit' with GeneratedClass '/Game/Maps/Turret_Kit.Turret_Kit_C' with ClassGeneratedBy '/Game/Maps/Turret_Kit.Turret_Kit:PersistentLevel.Turret_Kit'
[2019.11.17-20.53.57:244][963]LogBlueprintUserMessages: Late PlayInEditor Detection: Level '/Game/Maps/Laser_Kit.Laser_Kit:PersistentLevel' has LevelScriptBlueprint '/Game/Maps/Laser_Kit.Laser_Kit:PersistentLevel.Laser_Kit' with GeneratedClass '/Game/Maps/Laser_Kit.Laser_Kit_C' with ClassGeneratedBy '/Game/Maps/Laser_Kit.Laser_Kit:PersistentLevel.Laser_Kit'
[2019.11.17-20.53.57:246][963]LogBlueprintUserMessages: Late PlayInEditor Detection: Level '/Game/Maps/Camera_Kit.Camera_Kit:PersistentLevel' has LevelScriptBlueprint '/Game/Maps/Camera_Kit.Camera_Kit:PersistentLevel.Camera_Kit' with GeneratedClass '/Game/Maps/Camera_Kit.Camera_Kit_C' with ClassGeneratedBy '/Game/Maps/Camera_Kit.Camera_Kit:PersistentLevel.Camera_Kit'
[2019.11.17-20.53.57:248][963]LogBlueprintUserMessages: Late PlayInEditor Detection: Level '/Game/Maps/Explosive_Kit.Explosive_Kit:PersistentLevel' has LevelScriptBlueprint '/Game/Maps/Explosive_Kit.Explosive_Kit:PersistentLevel.Explosive_Kit' with GeneratedClass '/Game/Maps/Explosive_Kit.Explosive_Kit_C' with ClassGeneratedBy '/Game/Maps/Explosive_Kit.Explosive_Kit:PersistentLevel.Explosive_Kit'
[2019.11.17-20.53.57:249][963]LogBlueprintUserMessages: Late PlayInEditor Detection: Level '/Game/Maps/Teleport_Kit.Teleport_Kit:PersistentLevel' has LevelScriptBlueprint '/Game/Maps/Teleport_Kit.Teleport_Kit:PersistentLevel.Teleport_Kit' with GeneratedClass '/Game/Maps/Teleport_Kit.Teleport_Kit_C' with ClassGeneratedBy '/Game/Maps/Teleport_Kit.Teleport_Kit:PersistentLevel.Teleport_Kit'
[2019.11.17-20.54.00:646][ 30]LogBlueprintUserMessages: [Safe_2] Safe: BEEP
[2019.11.17-20.54.00:894][ 36]LogBlueprintUserMessages: [Safe_2] Safe: BEEP
[2019.11.17-20.54.01:059][ 40]LogBlueprintUserMessages: [Safe_2] Safe: BEEP
[2019.11.17-20.54.01:231][ 44]LogBlueprintUserMessages: [Safe_2] Safe: BEEP
[2019.11.17-20.54.01:398][ 48]LogBlueprintUserMessages: [Safe_2] Safe: BEEP
[2019.11.17-20.54.01:561][ 52]LogBlueprintUserMessages: [Safe_2] Safe: BEEP
[2019.11.17-20.54.01:730][ 56]LogBlueprintUserMessages: [Safe_2] Safe: Code sequence at full length; clear a character(s) first
[2019.11.17-20.54.02:207][ 67]LogBlueprintUserMessages: [Safe_2] Safe: Unlocked
[2019.11.17-20.54.05:550][140]LogBlueprintUserMessages: Early EndPlayMap Detection: Level '/Game/FirstPersonBP/Maps/FirstPersonExampleMap.FirstPersonExampleMap:PersistentLevel' has LevelScriptBlueprint '/Game/FirstPersonBP/Maps/FirstPersonExampleMap.FirstPersonExampleMap:PersistentLevel.FirstPersonExampleMap' with GeneratedClass '/Game/FirstPersonBP/Maps/FirstPersonExampleMap.FirstPersonExampleMap_C' with ClassGeneratedBy '/Game/FirstPersonBP/Maps/FirstPersonExampleMap.FirstPersonExampleMap:PersistentLevel.FirstPersonExampleMap'
[2019.11.17-20.54.05:551][140]LogBlueprintUserMessages: Early EndPlayMap Detection: Level '/Game/Maps/Door_Breached.Door_Breached:PersistentLevel' has LevelScriptBlueprint '/Game/Maps/Door_Breached.Door_Breached:PersistentLevel.Door_Breached' with GeneratedClass '/Game/Maps/Door_Breached.Door_Breached_C' with ClassGeneratedBy '/Game/Maps/Door_Breached.Door_Breached:PersistentLevel.Door_Breached'
[2019.11.17-20.54.05:553][140]LogBlueprintUserMessages: Early EndPlayMap Detection: Level '/Game/Maps/Door_Kit.Door_Kit:PersistentLevel' has LevelScriptBlueprint '/Game/Maps/Door_Kit.Door_Kit:PersistentLevel.Door_Kit' with GeneratedClass '/Game/Maps/Door_Kit.Door_Kit_C' with ClassGeneratedBy '/Game/Maps/Door_Kit.Door_Kit:PersistentLevel.Door_Kit'
[2019.11.17-20.54.05:554][140]LogBlueprintUserMessages: Early EndPlayMap Detection: Level '/Game/Maps/Turret_Kit.Turret_Kit:PersistentLevel' has LevelScriptBlueprint '/Game/Maps/Turret_Kit.Turret_Kit:PersistentLevel.Turret_Kit' with GeneratedClass '/Game/Maps/Turret_Kit.Turret_Kit_C' with ClassGeneratedBy '/Game/Maps/Turret_Kit.Turret_Kit:PersistentLevel.Turret_Kit'
[2019.11.17-20.54.05:555][140]LogBlueprintUserMessages: Early EndPlayMap Detection: Level '/Game/Maps/Laser_Kit.Laser_Kit:PersistentLevel' has LevelScriptBlueprint '/Game/Maps/Laser_Kit.Laser_Kit:PersistentLevel.Laser_Kit' with GeneratedClass '/Game/Maps/Laser_Kit.Laser_Kit_C' with ClassGeneratedBy '/Game/Maps/Laser_Kit.Laser_Kit:PersistentLevel.Laser_Kit'
[2019.11.17-20.54.05:556][140]LogBlueprintUserMessages: Early EndPlayMap Detection: Level '/Game/Maps/Camera_Kit.Camera_Kit:PersistentLevel' has LevelScriptBlueprint '/Game/Maps/Camera_Kit.Camera_Kit:PersistentLevel.Camera_Kit' with GeneratedClass '/Game/Maps/Camera_Kit.Camera_Kit_C' with ClassGeneratedBy '/Game/Maps/Camera_Kit.Camera_Kit:PersistentLevel.Camera_Kit'
[2019.11.17-20.54.05:558][140]LogBlueprintUserMessages: Early EndPlayMap Detection: Level '/Game/Maps/Explosive_Kit.Explosive_Kit:PersistentLevel' has LevelScriptBlueprint '/Game/Maps/Explosive_Kit.Explosive_Kit:PersistentLevel.Explosive_Kit' with GeneratedClass '/Game/Maps/Explosive_Kit.Explosive_Kit_C' with ClassGeneratedBy '/Game/Maps/Explosive_Kit.Explosive_Kit:PersistentLevel.Explosive_Kit'
[2019.11.17-20.54.05:559][140]LogBlueprintUserMessages: Early EndPlayMap Detection: Level '/Game/Maps/Teleport_Kit.Teleport_Kit:PersistentLevel' has LevelScriptBlueprint '/Game/Maps/Teleport_Kit.Teleport_Kit:PersistentLevel.Teleport_Kit' with GeneratedClass '/Game/Maps/Teleport_Kit.Teleport_Kit_C' with ClassGeneratedBy '/Game/Maps/Teleport_Kit.Teleport_Kit:PersistentLevel.Teleport_Kit'
[2019.11.17-20.54.05:561][140]LogSlate: Updating window title bar state: overlay mode, drag disabled, window buttons hidden, title bar hidden
[2019.11.17-20.54.05:649][140]LogPlayLevel: Display: Shutting down PIE online subsystems
[2019.11.17-20.54.05:650][140]LogBlueprintUserMessages: Late EndPlayMap Detection: Level '/Game/FirstPersonBP/Maps/FirstPersonExampleMap.FirstPersonExampleMap:PersistentLevel' has LevelScriptBlueprint '/Game/FirstPersonBP/Maps/FirstPersonExampleMap.FirstPersonExampleMap:PersistentLevel.FirstPersonExampleMap' with GeneratedClass '/Game/FirstPersonBP/Maps/FirstPersonExampleMap.FirstPersonExampleMap_C' with ClassGeneratedBy '/Game/FirstPersonBP/Maps/FirstPersonExampleMap.FirstPersonExampleMap:PersistentLevel.FirstPersonExampleMap'
[2019.11.17-20.54.05:651][140]LogBlueprintUserMessages: Late EndPlayMap Detection: Level '/Game/Maps/Door_Breached.Door_Breached:PersistentLevel' has LevelScriptBlueprint '/Game/Maps/Door_Breached.Door_Breached:PersistentLevel.Door_Breached' with GeneratedClass '/Game/Maps/Door_Breached.Door_Breached_C' with ClassGeneratedBy '/Game/Maps/Door_Breached.Door_Breached:PersistentLevel.Door_Breached'
[2019.11.17-20.54.05:652][140]LogBlueprintUserMessages: Late EndPlayMap Detection: Level '/Game/Maps/Door_Kit.Door_Kit:PersistentLevel' has LevelScriptBlueprint '/Game/Maps/Door_Kit.Door_Kit:PersistentLevel.Door_Kit' with GeneratedClass '/Game/Maps/Door_Kit.Door_Kit_C' with ClassGeneratedBy '/Game/Maps/Door_Kit.Door_Kit:PersistentLevel.Door_Kit'
[2019.11.17-20.54.05:654][140]LogBlueprintUserMessages: Late EndPlayMap Detection: Level '/Game/Maps/Turret_Kit.Turret_Kit:PersistentLevel' has LevelScriptBlueprint '/Game/Maps/Turret_Kit.Turret_Kit:PersistentLevel.Turret_Kit' with GeneratedClass '/Game/Maps/Turret_Kit.Turret_Kit_C' with ClassGeneratedBy '/Game/Maps/Turret_Kit.Turret_Kit:PersistentLevel.Turret_Kit'
[2019.11.17-20.54.05:655][140]LogBlueprintUserMessages: Late EndPlayMap Detection: Level '/Game/Maps/Laser_Kit.Laser_Kit:PersistentLevel' has LevelScriptBlueprint '/Game/Maps/Laser_Kit.Laser_Kit:PersistentLevel.Laser_Kit' with GeneratedClass '/Game/Maps/Laser_Kit.Laser_Kit_C' with ClassGeneratedBy '/Game/Maps/Laser_Kit.Laser_Kit:PersistentLevel.Laser_Kit'
[2019.11.17-20.54.05:656][140]LogBlueprintUserMessages: Late EndPlayMap Detection: Level '/Game/Maps/Camera_Kit.Camera_Kit:PersistentLevel' has LevelScriptBlueprint '/Game/Maps/Camera_Kit.Camera_Kit:PersistentLevel.Camera_Kit' with GeneratedClass '/Game/Maps/Camera_Kit.Camera_Kit_C' with ClassGeneratedBy '/Game/Maps/Camera_Kit.Camera_Kit:PersistentLevel.Camera_Kit'
[2019.11.17-20.54.05:657][140]LogBlueprintUserMessages: Late EndPlayMap Detection: Level '/Game/Maps/Explosive_Kit.Explosive_Kit:PersistentLevel' has LevelScriptBlueprint '/Game/Maps/Explosive_Kit.Explosive_Kit:PersistentLevel.Explosive_Kit' with GeneratedClass '/Game/Maps/Explosive_Kit.Explosive_Kit_C' with ClassGeneratedBy '/Game/Maps/Explosive_Kit.Explosive_Kit:PersistentLevel.Explosive_Kit'
[2019.11.17-20.54.05:658][140]LogBlueprintUserMessages: Late EndPlayMap Detection: Level '/Game/Maps/Teleport_Kit.Teleport_Kit:PersistentLevel' has LevelScriptBlueprint '/Game/Maps/Teleport_Kit.Teleport_Kit:PersistentLevel.Teleport_Kit' with GeneratedClass '/Game/Maps/Teleport_Kit.Teleport_Kit_C' with ClassGeneratedBy '/Game/Maps/Teleport_Kit.Teleport_Kit:PersistentLevel.Teleport_Kit'
[2019.11.17-20.54.05:799][140]LogSlate: Updating window title bar state: overlay mode, drag disabled, window buttons hidden, title bar hidden
[2019.11.17-20.54.05:814][140]LogUObjectHash: Compacting FUObjectHashTables data took   7.26ms
[2019.11.17-20.54.06:188][141]LogPlayLevel: Display: Destroying online subsystem :Context_39
[2019.11.17-20.54.07:723][179]LogSlate: FSceneViewport::OnFocusLost() reason 0
[2019.11.17-20.55.34:364][583]LogTemp: Repeating last play command: Selected Viewport
[2019.11.17-20.55.34:469][583]LogBlueprintUserMessages: Early PlayInEditor Detection: Level '/Game/FirstPersonBP/Maps/FirstPersonExampleMap.FirstPersonExampleMap:PersistentLevel' has LevelScriptBlueprint '/Game/FirstPersonBP/Maps/FirstPersonExampleMap.FirstPersonExampleMap:PersistentLevel.FirstPersonExampleMap' with GeneratedClass '/Game/FirstPersonBP/Maps/FirstPersonExampleMap.FirstPersonExampleMap_C' with ClassGeneratedBy '/Game/FirstPersonBP/Maps/FirstPersonExampleMap.FirstPersonExampleMap:PersistentLevel.FirstPersonExampleMap'
[2019.11.17-20.55.34:471][583]LogBlueprintUserMessages: Early PlayInEditor Detection: Level '/Game/Maps/Door_Breached.Door_Breached:PersistentLevel' has LevelScriptBlueprint '/Game/Maps/Door_Breached.Door_Breached:PersistentLevel.Door_Breached' with GeneratedClass '/Game/Maps/Door_Breached.Door_Breached_C' with ClassGeneratedBy '/Game/Maps/Door_Breached.Door_Breached:PersistentLevel.Door_Breached'
[2019.11.17-20.55.34:472][583]LogBlueprintUserMessages: Early PlayInEditor Detection: Level '/Game/Maps/Door_Kit.Door_Kit:PersistentLevel' has LevelScriptBlueprint '/Game/Maps/Door_Kit.Door_Kit:PersistentLevel.Door_Kit' with GeneratedClass '/Game/Maps/Door_Kit.Door_Kit_C' with ClassGeneratedBy '/Game/Maps/Door_Kit.Door_Kit:PersistentLevel.Door_Kit'
[2019.11.17-20.55.34:473][583]LogBlueprintUserMessages: Early PlayInEditor Detection: Level '/Game/Maps/Turret_Kit.Turret_Kit:PersistentLevel' has LevelScriptBlueprint '/Game/Maps/Turret_Kit.Turret_Kit:PersistentLevel.Turret_Kit' with GeneratedClass '/Game/Maps/Turret_Kit.Turret_Kit_C' with ClassGeneratedBy '/Game/Maps/Turret_Kit.Turret_Kit:PersistentLevel.Turret_Kit'
[2019.11.17-20.55.34:474][583]LogBlueprintUserMessages: Early PlayInEditor Detection: Level '/Game/Maps/Laser_Kit.Laser_Kit:PersistentLevel' has LevelScriptBlueprint '/Game/Maps/Laser_Kit.Laser_Kit:PersistentLevel.Laser_Kit' with GeneratedClass '/Game/Maps/Laser_Kit.Laser_Kit_C' with ClassGeneratedBy '/Game/Maps/Laser_Kit.Laser_Kit:PersistentLevel.Laser_Kit'
[2019.11.17-20.55.34:475][583]LogBlueprintUserMessages: Early PlayInEditor Detection: Level '/Game/Maps/Camera_Kit.Camera_Kit:PersistentLevel' has LevelScriptBlueprint '/Game/Maps/Camera_Kit.Camera_Kit:PersistentLevel.Camera_Kit' with GeneratedClass '/Game/Maps/Camera_Kit.Camera_Kit_C' with ClassGeneratedBy '/Game/Maps/Camera_Kit.Camera_Kit:PersistentLevel.Camera_Kit'
[2019.11.17-20.55.34:476][583]LogBlueprintUserMessages: Early PlayInEditor Detection: Level '/Game/Maps/Explosive_Kit.Explosive_Kit:PersistentLevel' has LevelScriptBlueprint '/Game/Maps/Explosive_Kit.Explosive_Kit:PersistentLevel.Explosive_Kit' with GeneratedClass '/Game/Maps/Explosive_Kit.Explosive_Kit_C' with ClassGeneratedBy '/Game/Maps/Explosive_Kit.Explosive_Kit:PersistentLevel.Explosive_Kit'
[2019.11.17-20.55.34:477][583]LogBlueprintUserMessages: Early PlayInEditor Detection: Level '/Game/Maps/Teleport_Kit.Teleport_Kit:PersistentLevel' has LevelScriptBlueprint '/Game/Maps/Teleport_Kit.Teleport_Kit:PersistentLevel.Teleport_Kit' with GeneratedClass '/Game/Maps/Teleport_Kit.Teleport_Kit_C' with ClassGeneratedBy '/Game/Maps/Teleport_Kit.Teleport_Kit:PersistentLevel.Teleport_Kit'
[2019.11.17-20.55.34:479][583]BlueprintLog: New page: Pre-Play auto-recompile
[2019.11.17-20.55.34:491][583]LogPlayLevel: [PlayLevel] Compiling Safe before play...
[2019.11.17-20.55.35:437][583]LogUObjectHash: Compacting FUObjectHashTables data took  10.46ms
[2019.11.17-20.55.35:437][583]LogPlayLevel: PlayLevel: Blueprint regeneration took 959 ms (1 blueprints)
[2019.11.17-20.55.35:439][583]PIE: New page: PIE session: FirstPersonExampleMap (Nov 17, 2019, 4:55:35 AM)
[2019.11.17-20.55.35:440][583]LogPlayLevel: Creating play world package: /Game/FirstPersonBP/Maps/UEDPIE_0_FirstPersonExampleMap
[2019.11.17-20.55.35:474][583]LogPlayLevel: PIE: StaticDuplicateObject took: (0.034435s)
[2019.11.17-20.55.35:475][583]LogAIModule: Creating AISystem for world FirstPersonExampleMap
[2019.11.17-20.55.35:476][583]LogPlayLevel: PIE: World Init took: (0.002181s)
[2019.11.17-20.55.35:476][583]LogPlayLevel: PIE: Created PIE world by copying editor world from /Game/FirstPersonBP/Maps/FirstPersonExampleMap.FirstPersonExampleMap to /Game/FirstPersonBP/Maps/UEDPIE_0_FirstPersonExampleMap.FirstPersonExampleMap (0.037747s)
[2019.11.17-20.55.35:604][583]LogUObjectHash: Compacting FUObjectHashTables data took   5.51ms
[2019.11.17-20.55.35:676][583]LogInit: XAudio2 using 'Headset Earphone (SteelSeries Arctis 5 Chat)' : 2 channels at 48 kHz using 16 bits per sample (channel mask 0x3)
[2019.11.17-20.55.35:717][583]LogInit: FAudioDevice initialized.
[2019.11.17-20.55.35:773][583]LogLoad: Game class is 'FirstPersonGameMode_C'
[2019.11.17-20.55.35:784][583]LogWorld: Bringing World /Game/FirstPersonBP/Maps/UEDPIE_0_FirstPersonExampleMap.FirstPersonExampleMap up for play (max tick rate 60) at 2019.11.17-12.55.35
[2019.11.17-20.55.35:785][583]LogWorld: Bringing up level for play took: 0.009288
[2019.11.17-20.55.35:801][583]PIE: Play in editor start time for /Game/FirstPersonBP/Maps/UEDPIE_0_FirstPersonExampleMap 2.129
[2019.11.17-20.55.35:802][583]LogBlueprintUserMessages: Late PlayInEditor Detection: Level '/Game/FirstPersonBP/Maps/FirstPersonExampleMap.FirstPersonExampleMap:PersistentLevel' has LevelScriptBlueprint '/Game/FirstPersonBP/Maps/FirstPersonExampleMap.FirstPersonExampleMap:PersistentLevel.FirstPersonExampleMap' with GeneratedClass '/Game/FirstPersonBP/Maps/FirstPersonExampleMap.FirstPersonExampleMap_C' with ClassGeneratedBy '/Game/FirstPersonBP/Maps/FirstPersonExampleMap.FirstPersonExampleMap:PersistentLevel.FirstPersonExampleMap'
[2019.11.17-20.55.35:804][583]LogBlueprintUserMessages: Late PlayInEditor Detection: Level '/Game/Maps/Door_Breached.Door_Breached:PersistentLevel' has LevelScriptBlueprint '/Game/Maps/Door_Breached.Door_Breached:PersistentLevel.Door_Breached' with GeneratedClass '/Game/Maps/Door_Breached.Door_Breached_C' with ClassGeneratedBy '/Game/Maps/Door_Breached.Door_Breached:PersistentLevel.Door_Breached'
[2019.11.17-20.55.35:805][583]LogBlueprintUserMessages: Late PlayInEditor Detection: Level '/Game/Maps/Door_Kit.Door_Kit:PersistentLevel' has LevelScriptBlueprint '/Game/Maps/Door_Kit.Door_Kit:PersistentLevel.Door_Kit' with GeneratedClass '/Game/Maps/Door_Kit.Door_Kit_C' with ClassGeneratedBy '/Game/Maps/Door_Kit.Door_Kit:PersistentLevel.Door_Kit'
[2019.11.17-20.55.35:806][583]LogBlueprintUserMessages: Late PlayInEditor Detection: Level '/Game/Maps/Turret_Kit.Turret_Kit:PersistentLevel' has LevelScriptBlueprint '/Game/Maps/Turret_Kit.Turret_Kit:PersistentLevel.Turret_Kit' with GeneratedClass '/Game/Maps/Turret_Kit.Turret_Kit_C' with ClassGeneratedBy '/Game/Maps/Turret_Kit.Turret_Kit:PersistentLevel.Turret_Kit'
[2019.11.17-20.55.35:807][583]LogBlueprintUserMessages: Late PlayInEditor Detection: Level '/Game/Maps/Laser_Kit.Laser_Kit:PersistentLevel' has LevelScriptBlueprint '/Game/Maps/Laser_Kit.Laser_Kit:PersistentLevel.Laser_Kit' with GeneratedClass '/Game/Maps/Laser_Kit.Laser_Kit_C' with ClassGeneratedBy '/Game/Maps/Laser_Kit.Laser_Kit:PersistentLevel.Laser_Kit'
[2019.11.17-20.55.35:807][583]LogBlueprintUserMessages: Late PlayInEditor Detection: Level '/Game/Maps/Camera_Kit.Camera_Kit:PersistentLevel' has LevelScriptBlueprint '/Game/Maps/Camera_Kit.Camera_Kit:PersistentLevel.Camera_Kit' with GeneratedClass '/Game/Maps/Camera_Kit.Camera_Kit_C' with ClassGeneratedBy '/Game/Maps/Camera_Kit.Camera_Kit:PersistentLevel.Camera_Kit'
[2019.11.17-20.55.35:809][583]LogBlueprintUserMessages: Late PlayInEditor Detection: Level '/Game/Maps/Explosive_Kit.Explosive_Kit:PersistentLevel' has LevelScriptBlueprint '/Game/Maps/Explosive_Kit.Explosive_Kit:PersistentLevel.Explosive_Kit' with GeneratedClass '/Game/Maps/Explosive_Kit.Explosive_Kit_C' with ClassGeneratedBy '/Game/Maps/Explosive_Kit.Explosive_Kit:PersistentLevel.Explosive_Kit'
[2019.11.17-20.55.35:810][583]LogBlueprintUserMessages: Late PlayInEditor Detection: Level '/Game/Maps/Teleport_Kit.Teleport_Kit:PersistentLevel' has LevelScriptBlueprint '/Game/Maps/Teleport_Kit.Teleport_Kit:PersistentLevel.Teleport_Kit' with GeneratedClass '/Game/Maps/Teleport_Kit.Teleport_Kit_C' with ClassGeneratedBy '/Game/Maps/Teleport_Kit.Teleport_Kit:PersistentLevel.Teleport_Kit'
[2019.11.17-20.55.38:774][652]LogBlueprintUserMessages: [Safe_2] Safe: BEEP
[2019.11.17-20.55.39:003][659]LogBlueprintUserMessages: [Safe_2] Safe: BEEP
[2019.11.17-20.55.39:172][664]LogBlueprintUserMessages: [Safe_2] Safe: BEEP
[2019.11.17-20.55.39:307][668]LogBlueprintUserMessages: [Safe_2] Safe: BEEP
[2019.11.17-20.55.39:476][673]LogBlueprintUserMessages: [Safe_2] Safe: BEEP
[2019.11.17-20.55.39:608][677]LogBlueprintUserMessages: [Safe_2] Safe: BEEP
[2019.11.17-20.55.39:772][682]LogBlueprintUserMessages: [Safe_2] Safe: Code sequence at full length; clear a character(s) first
[2019.11.17-20.55.41:908][743]LogBlueprintUserMessages: [Safe_2] Safe: Unlocked
[2019.11.17-20.55.44:460][813]LogBlueprintUserMessages: Early EndPlayMap Detection: Level '/Game/FirstPersonBP/Maps/FirstPersonExampleMap.FirstPersonExampleMap:PersistentLevel' has LevelScriptBlueprint '/Game/FirstPersonBP/Maps/FirstPersonExampleMap.FirstPersonExampleMap:PersistentLevel.FirstPersonExampleMap' with GeneratedClass '/Game/FirstPersonBP/Maps/FirstPersonExampleMap.FirstPersonExampleMap_C' with ClassGeneratedBy '/Game/FirstPersonBP/Maps/FirstPersonExampleMap.FirstPersonExampleMap:PersistentLevel.FirstPersonExampleMap'
[2019.11.17-20.55.44:462][813]LogBlueprintUserMessages: Early EndPlayMap Detection: Level '/Game/Maps/Door_Breached.Door_Breached:PersistentLevel' has LevelScriptBlueprint '/Game/Maps/Door_Breached.Door_Breached:PersistentLevel.Door_Breached' with GeneratedClass '/Game/Maps/Door_Breached.Door_Breached_C' with ClassGeneratedBy '/Game/Maps/Door_Breached.Door_Breached:PersistentLevel.Door_Breached'
[2019.11.17-20.55.44:463][813]LogBlueprintUserMessages: Early EndPlayMap Detection: Level '/Game/Maps/Door_Kit.Door_Kit:PersistentLevel' has LevelScriptBlueprint '/Game/Maps/Door_Kit.Door_Kit:PersistentLevel.Door_Kit' with GeneratedClass '/Game/Maps/Door_Kit.Door_Kit_C' with ClassGeneratedBy '/Game/Maps/Door_Kit.Door_Kit:PersistentLevel.Door_Kit'
[2019.11.17-20.55.44:464][813]LogBlueprintUserMessages: Early EndPlayMap Detection: Level '/Game/Maps/Turret_Kit.Turret_Kit:PersistentLevel' has LevelScriptBlueprint '/Game/Maps/Turret_Kit.Turret_Kit:PersistentLevel.Turret_Kit' with GeneratedClass '/Game/Maps/Turret_Kit.Turret_Kit_C' with ClassGeneratedBy '/Game/Maps/Turret_Kit.Turret_Kit:PersistentLevel.Turret_Kit'
[2019.11.17-20.55.44:466][813]LogBlueprintUserMessages: Early EndPlayMap Detection: Level '/Game/Maps/Laser_Kit.Laser_Kit:PersistentLevel' has LevelScriptBlueprint '/Game/Maps/Laser_Kit.Laser_Kit:PersistentLevel.Laser_Kit' with GeneratedClass '/Game/Maps/Laser_Kit.Laser_Kit_C' with ClassGeneratedBy '/Game/Maps/Laser_Kit.Laser_Kit:PersistentLevel.Laser_Kit'
[2019.11.17-20.55.44:467][813]LogBlueprintUserMessages: Early EndPlayMap Detection: Level '/Game/Maps/Camera_Kit.Camera_Kit:PersistentLevel' has LevelScriptBlueprint '/Game/Maps/Camera_Kit.Camera_Kit:PersistentLevel.Camera_Kit' with GeneratedClass '/Game/Maps/Camera_Kit.Camera_Kit_C' with ClassGeneratedBy '/Game/Maps/Camera_Kit.Camera_Kit:PersistentLevel.Camera_Kit'
[2019.11.17-20.55.44:469][813]LogBlueprintUserMessages: Early EndPlayMap Detection: Level '/Game/Maps/Explosive_Kit.Explosive_Kit:PersistentLevel' has LevelScriptBlueprint '/Game/Maps/Explosive_Kit.Explosive_Kit:PersistentLevel.Explosive_Kit' with GeneratedClass '/Game/Maps/Explosive_Kit.Explosive_Kit_C' with ClassGeneratedBy '/Game/Maps/Explosive_Kit.Explosive_Kit:PersistentLevel.Explosive_Kit'
[2019.11.17-20.55.44:470][813]LogBlueprintUserMessages: Early EndPlayMap Detection: Level '/Game/Maps/Teleport_Kit.Teleport_Kit:PersistentLevel' has LevelScriptBlueprint '/Game/Maps/Teleport_Kit.Teleport_Kit:PersistentLevel.Teleport_Kit' with GeneratedClass '/Game/Maps/Teleport_Kit.Teleport_Kit_C' with ClassGeneratedBy '/Game/Maps/Teleport_Kit.Teleport_Kit:PersistentLevel.Teleport_Kit'
[2019.11.17-20.55.44:472][813]LogSlate: Updating window title bar state: overlay mode, drag disabled, window buttons hidden, title bar hidden
[2019.11.17-20.55.44:544][813]LogPlayLevel: Display: Shutting down PIE online subsystems
[2019.11.17-20.55.44:544][813]LogBlueprintUserMessages: Late EndPlayMap Detection: Level '/Game/FirstPersonBP/Maps/FirstPersonExampleMap.FirstPersonExampleMap:PersistentLevel' has LevelScriptBlueprint '/Game/FirstPersonBP/Maps/FirstPersonExampleMap.FirstPersonExampleMap:PersistentLevel.FirstPersonExampleMap' with GeneratedClass '/Game/FirstPersonBP/Maps/FirstPersonExampleMap.FirstPersonExampleMap_C' with ClassGeneratedBy '/Game/FirstPersonBP/Maps/FirstPersonExampleMap.FirstPersonExampleMap:PersistentLevel.FirstPersonExampleMap'
[2019.11.17-20.55.44:546][813]LogBlueprintUserMessages: Late EndPlayMap Detection: Level '/Game/Maps/Door_Breached.Door_Breached:PersistentLevel' has LevelScriptBlueprint '/Game/Maps/Door_Breached.Door_Breached:PersistentLevel.Door_Breached' with GeneratedClass '/Game/Maps/Door_Breached.Door_Breached_C' with ClassGeneratedBy '/Game/Maps/Door_Breached.Door_Breached:PersistentLevel.Door_Breached'
[2019.11.17-20.55.44:547][813]LogBlueprintUserMessages: Late EndPlayMap Detection: Level '/Game/Maps/Door_Kit.Door_Kit:PersistentLevel' has LevelScriptBlueprint '/Game/Maps/Door_Kit.Door_Kit:PersistentLevel.Door_Kit' with GeneratedClass '/Game/Maps/Door_Kit.Door_Kit_C' with ClassGeneratedBy '/Game/Maps/Door_Kit.Door_Kit:PersistentLevel.Door_Kit'
[2019.11.17-20.55.44:548][813]LogBlueprintUserMessages: Late EndPlayMap Detection: Level '/Game/Maps/Turret_Kit.Turret_Kit:PersistentLevel' has LevelScriptBlueprint '/Game/Maps/Turret_Kit.Turret_Kit:PersistentLevel.Turret_Kit' with GeneratedClass '/Game/Maps/Turret_Kit.Turret_Kit_C' with ClassGeneratedBy '/Game/Maps/Turret_Kit.Turret_Kit:PersistentLevel.Turret_Kit'
[2019.11.17-20.55.44:549][813]LogBlueprintUserMessages: Late EndPlayMap Detection: Level '/Game/Maps/Laser_Kit.Laser_Kit:PersistentLevel' has LevelScriptBlueprint '/Game/Maps/Laser_Kit.Laser_Kit:PersistentLevel.Laser_Kit' with GeneratedClass '/Game/Maps/Laser_Kit.Laser_Kit_C' with ClassGeneratedBy '/Game/Maps/Laser_Kit.Laser_Kit:PersistentLevel.Laser_Kit'
[2019.11.17-20.55.44:550][813]LogBlueprintUserMessages: Late EndPlayMap Detection: Level '/Game/Maps/Camera_Kit.Camera_Kit:PersistentLevel' has LevelScriptBlueprint '/Game/Maps/Camera_Kit.Camera_Kit:PersistentLevel.Camera_Kit' with GeneratedClass '/Game/Maps/Camera_Kit.Camera_Kit_C' with ClassGeneratedBy '/Game/Maps/Camera_Kit.Camera_Kit:PersistentLevel.Camera_Kit'
[2019.11.17-20.55.44:551][813]LogBlueprintUserMessages: Late EndPlayMap Detection: Level '/Game/Maps/Explosive_Kit.Explosive_Kit:PersistentLevel' has LevelScriptBlueprint '/Game/Maps/Explosive_Kit.Explosive_Kit:PersistentLevel.Explosive_Kit' with GeneratedClass '/Game/Maps/Explosive_Kit.Explosive_Kit_C' with ClassGeneratedBy '/Game/Maps/Explosive_Kit.Explosive_Kit:PersistentLevel.Explosive_Kit'
[2019.11.17-20.55.44:553][813]LogBlueprintUserMessages: Late EndPlayMap Detection: Level '/Game/Maps/Teleport_Kit.Teleport_Kit:PersistentLevel' has LevelScriptBlueprint '/Game/Maps/Teleport_Kit.Teleport_Kit:PersistentLevel.Teleport_Kit' with GeneratedClass '/Game/Maps/Teleport_Kit.Teleport_Kit_C' with ClassGeneratedBy '/Game/Maps/Teleport_Kit.Teleport_Kit:PersistentLevel.Teleport_Kit'
[2019.11.17-20.55.44:686][813]LogSlate: Updating window title bar state: overlay mode, drag disabled, window buttons hidden, title bar hidden
[2019.11.17-20.55.44:700][813]LogUObjectHash: Compacting FUObjectHashTables data took   6.09ms
[2019.11.17-20.55.44:804][814]LogPlayLevel: Display: Destroying online subsystem :Context_40
[2019.11.17-20.55.46:504][862]LogSlate: FSceneViewport::OnFocusLost() reason 0
[2019.11.17-20.55.52:106][ 34]LogTemp: Repeating last play command: Selected Viewport
[2019.11.17-20.55.52:247][ 34]LogBlueprintUserMessages: Early PlayInEditor Detection: Level '/Game/FirstPersonBP/Maps/FirstPersonExampleMap.FirstPersonExampleMap:PersistentLevel' has LevelScriptBlueprint '/Game/FirstPersonBP/Maps/FirstPersonExampleMap.FirstPersonExampleMap:PersistentLevel.FirstPersonExampleMap' with GeneratedClass '/Game/FirstPersonBP/Maps/FirstPersonExampleMap.FirstPersonExampleMap_C' with ClassGeneratedBy '/Game/FirstPersonBP/Maps/FirstPersonExampleMap.FirstPersonExampleMap:PersistentLevel.FirstPersonExampleMap'
[2019.11.17-20.55.52:249][ 34]LogBlueprintUserMessages: Early PlayInEditor Detection: Level '/Game/Maps/Door_Breached.Door_Breached:PersistentLevel' has LevelScriptBlueprint '/Game/Maps/Door_Breached.Door_Breached:PersistentLevel.Door_Breached' with GeneratedClass '/Game/Maps/Door_Breached.Door_Breached_C' with ClassGeneratedBy '/Game/Maps/Door_Breached.Door_Breached:PersistentLevel.Door_Breached'
[2019.11.17-20.55.52:251][ 34]LogBlueprintUserMessages: Early PlayInEditor Detection: Level '/Game/Maps/Door_Kit.Door_Kit:PersistentLevel' has LevelScriptBlueprint '/Game/Maps/Door_Kit.Door_Kit:PersistentLevel.Door_Kit' with GeneratedClass '/Game/Maps/Door_Kit.Door_Kit_C' with ClassGeneratedBy '/Game/Maps/Door_Kit.Door_Kit:PersistentLevel.Door_Kit'
[2019.11.17-20.55.52:252][ 34]LogBlueprintUserMessages: Early PlayInEditor Detection: Level '/Game/Maps/Turret_Kit.Turret_Kit:PersistentLevel' has LevelScriptBlueprint '/Game/Maps/Turret_Kit.Turret_Kit:PersistentLevel.Turret_Kit' with GeneratedClass '/Game/Maps/Turret_Kit.Turret_Kit_C' with ClassGeneratedBy '/Game/Maps/Turret_Kit.Turret_Kit:PersistentLevel.Turret_Kit'
[2019.11.17-20.55.52:253][ 34]LogBlueprintUserMessages: Early PlayInEditor Detection: Level '/Game/Maps/Laser_Kit.Laser_Kit:PersistentLevel' has LevelScriptBlueprint '/Game/Maps/Laser_Kit.Laser_Kit:PersistentLevel.Laser_Kit' with GeneratedClass '/Game/Maps/Laser_Kit.Laser_Kit_C' with ClassGeneratedBy '/Game/Maps/Laser_Kit.Laser_Kit:PersistentLevel.Laser_Kit'
[2019.11.17-20.55.52:254][ 34]LogBlueprintUserMessages: Early PlayInEditor Detection: Level '/Game/Maps/Camera_Kit.Camera_Kit:PersistentLevel' has LevelScriptBlueprint '/Game/Maps/Camera_Kit.Camera_Kit:PersistentLevel.Camera_Kit' with GeneratedClass '/Game/Maps/Camera_Kit.Camera_Kit_C' with ClassGeneratedBy '/Game/Maps/Camera_Kit.Camera_Kit:PersistentLevel.Camera_Kit'
[2019.11.17-20.55.52:256][ 34]LogBlueprintUserMessages: Early PlayInEditor Detection: Level '/Game/Maps/Explosive_Kit.Explosive_Kit:PersistentLevel' has LevelScriptBlueprint '/Game/Maps/Explosive_Kit.Explosive_Kit:PersistentLevel.Explosive_Kit' with GeneratedClass '/Game/Maps/Explosive_Kit.Explosive_Kit_C' with ClassGeneratedBy '/Game/Maps/Explosive_Kit.Explosive_Kit:PersistentLevel.Explosive_Kit'
[2019.11.17-20.55.52:257][ 34]LogBlueprintUserMessages: Early PlayInEditor Detection: Level '/Game/Maps/Teleport_Kit.Teleport_Kit:PersistentLevel' has LevelScriptBlueprint '/Game/Maps/Teleport_Kit.Teleport_Kit:PersistentLevel.Teleport_Kit' with GeneratedClass '/Game/Maps/Teleport_Kit.Teleport_Kit_C' with ClassGeneratedBy '/Game/Maps/Teleport_Kit.Teleport_Kit:PersistentLevel.Teleport_Kit'
[2019.11.17-20.55.52:259][ 34]BlueprintLog: New page: Pre-Play auto-recompile
[2019.11.17-20.55.52:267][ 34]LogPlayLevel: [PlayLevel] Compiling Safe before play...
[2019.11.17-20.55.53:125][ 34]LogUObjectHash: Compacting FUObjectHashTables data took  10.43ms
[2019.11.17-20.55.53:125][ 34]LogPlayLevel: PlayLevel: Blueprint regeneration took 867 ms (1 blueprints)
[2019.11.17-20.55.53:126][ 34]PIE: New page: PIE session: FirstPersonExampleMap (Nov 17, 2019, 4:55:53 AM)
[2019.11.17-20.55.53:126][ 34]LogPlayLevel: Creating play world package: /Game/FirstPersonBP/Maps/UEDPIE_0_FirstPersonExampleMap
[2019.11.17-20.55.53:163][ 34]LogPlayLevel: PIE: StaticDuplicateObject took: (0.035629s)
[2019.11.17-20.55.53:164][ 34]LogAIModule: Creating AISystem for world FirstPersonExampleMap
[2019.11.17-20.55.53:165][ 34]LogPlayLevel: PIE: World Init took: (0.001801s)
[2019.11.17-20.55.53:165][ 34]LogPlayLevel: PIE: Created PIE world by copying editor world from /Game/FirstPersonBP/Maps/FirstPersonExampleMap.FirstPersonExampleMap to /Game/FirstPersonBP/Maps/UEDPIE_0_FirstPersonExampleMap.FirstPersonExampleMap (0.038933s)
[2019.11.17-20.55.53:306][ 34]LogUObjectHash: Compacting FUObjectHashTables data took   6.29ms
[2019.11.17-20.55.53:383][ 34]LogInit: XAudio2 using 'Headset Earphone (SteelSeries Arctis 5 Chat)' : 2 channels at 48 kHz using 16 bits per sample (channel mask 0x3)
[2019.11.17-20.55.53:427][ 34]LogInit: FAudioDevice initialized.
[2019.11.17-20.55.53:473][ 34]LogLoad: Game class is 'FirstPersonGameMode_C'
[2019.11.17-20.55.53:485][ 34]LogWorld: Bringing World /Game/FirstPersonBP/Maps/UEDPIE_0_FirstPersonExampleMap.FirstPersonExampleMap up for play (max tick rate 60) at 2019.11.17-12.55.53
[2019.11.17-20.55.53:487][ 34]LogWorld: Bringing up level for play took: 0.009934
[2019.11.17-20.55.53:502][ 34]PIE: Play in editor start time for /Game/FirstPersonBP/Maps/UEDPIE_0_FirstPersonExampleMap 1.831
[2019.11.17-20.55.53:503][ 34]LogBlueprintUserMessages: Late PlayInEditor Detection: Level '/Game/FirstPersonBP/Maps/FirstPersonExampleMap.FirstPersonExampleMap:PersistentLevel' has LevelScriptBlueprint '/Game/FirstPersonBP/Maps/FirstPersonExampleMap.FirstPersonExampleMap:PersistentLevel.FirstPersonExampleMap' with GeneratedClass '/Game/FirstPersonBP/Maps/FirstPersonExampleMap.FirstPersonExampleMap_C' with ClassGeneratedBy '/Game/FirstPersonBP/Maps/FirstPersonExampleMap.FirstPersonExampleMap:PersistentLevel.FirstPersonExampleMap'
[2019.11.17-20.55.53:504][ 34]LogBlueprintUserMessages: Late PlayInEditor Detection: Level '/Game/Maps/Door_Breached.Door_Breached:PersistentLevel' has LevelScriptBlueprint '/Game/Maps/Door_Breached.Door_Breached:PersistentLevel.Door_Breached' with GeneratedClass '/Game/Maps/Door_Breached.Door_Breached_C' with ClassGeneratedBy '/Game/Maps/Door_Breached.Door_Breached:PersistentLevel.Door_Breached'
[2019.11.17-20.55.53:506][ 34]LogBlueprintUserMessages: Late PlayInEditor Detection: Level '/Game/Maps/Door_Kit.Door_Kit:PersistentLevel' has LevelScriptBlueprint '/Game/Maps/Door_Kit.Door_Kit:PersistentLevel.Door_Kit' with GeneratedClass '/Game/Maps/Door_Kit.Door_Kit_C' with ClassGeneratedBy '/Game/Maps/Door_Kit.Door_Kit:PersistentLevel.Door_Kit'
[2019.11.17-20.55.53:507][ 34]LogBlueprintUserMessages: Late PlayInEditor Detection: Level '/Game/Maps/Turret_Kit.Turret_Kit:PersistentLevel' has LevelScriptBlueprint '/Game/Maps/Turret_Kit.Turret_Kit:PersistentLevel.Turret_Kit' with GeneratedClass '/Game/Maps/Turret_Kit.Turret_Kit_C' with ClassGeneratedBy '/Game/Maps/Turret_Kit.Turret_Kit:PersistentLevel.Turret_Kit'
[2019.11.17-20.55.53:508][ 34]LogBlueprintUserMessages: Late PlayInEditor Detection: Level '/Game/Maps/Laser_Kit.Laser_Kit:PersistentLevel' has LevelScriptBlueprint '/Game/Maps/Laser_Kit.Laser_Kit:PersistentLevel.Laser_Kit' with GeneratedClass '/Game/Maps/Laser_Kit.Laser_Kit_C' with ClassGeneratedBy '/Game/Maps/Laser_Kit.Laser_Kit:PersistentLevel.Laser_Kit'
[2019.11.17-20.55.53:509][ 34]LogBlueprintUserMessages: Late PlayInEditor Detection: Level '/Game/Maps/Camera_Kit.Camera_Kit:PersistentLevel' has LevelScriptBlueprint '/Game/Maps/Camera_Kit.Camera_Kit:PersistentLevel.Camera_Kit' with GeneratedClass '/Game/Maps/Camera_Kit.Camera_Kit_C' with ClassGeneratedBy '/Game/Maps/Camera_Kit.Camera_Kit:PersistentLevel.Camera_Kit'
[2019.11.17-20.55.53:510][ 34]LogBlueprintUserMessages: Late PlayInEditor Detection: Level '/Game/Maps/Explosive_Kit.Explosive_Kit:PersistentLevel' has LevelScriptBlueprint '/Game/Maps/Explosive_Kit.Explosive_Kit:PersistentLevel.Explosive_Kit' with GeneratedClass '/Game/Maps/Explosive_Kit.Explosive_Kit_C' with ClassGeneratedBy '/Game/Maps/Explosive_Kit.Explosive_Kit:PersistentLevel.Explosive_Kit'
[2019.11.17-20.55.53:511][ 34]LogBlueprintUserMessages: Late PlayInEditor Detection: Level '/Game/Maps/Teleport_Kit.Teleport_Kit:PersistentLevel' has LevelScriptBlueprint '/Game/Maps/Teleport_Kit.Teleport_Kit:PersistentLevel.Teleport_Kit' with GeneratedClass '/Game/Maps/Teleport_Kit.Teleport_Kit_C' with ClassGeneratedBy '/Game/Maps/Teleport_Kit.Teleport_Kit:PersistentLevel.Teleport_Kit'
[2019.11.17-20.55.56:582][109]LogBlueprintUserMessages: [Safe_2] Safe: BEEP
[2019.11.17-20.55.56:848][117]LogBlueprintUserMessages: [Safe_2] Safe: BEEP
[2019.11.17-20.55.57:049][123]LogBlueprintUserMessages: [Safe_2] Safe: BEEP
[2019.11.17-20.55.57:212][128]LogBlueprintUserMessages: [Safe_2] Safe: BEEP
[2019.11.17-20.55.57:377][133]LogBlueprintUserMessages: [Safe_2] Safe: BEEP
[2019.11.17-20.55.57:545][138]LogBlueprintUserMessages: [Safe_2] Safe: BEEP
[2019.11.17-20.55.58:024][151]LogBlueprintUserMessages: [Safe_2] Safe: Unlocked
[2019.11.17-20.56.08:412][460]LogBlueprintUserMessages: Early EndPlayMap Detection: Level '/Game/FirstPersonBP/Maps/FirstPersonExampleMap.FirstPersonExampleMap:PersistentLevel' has LevelScriptBlueprint '/Game/FirstPersonBP/Maps/FirstPersonExampleMap.FirstPersonExampleMap:PersistentLevel.FirstPersonExampleMap' with GeneratedClass '/Game/FirstPersonBP/Maps/FirstPersonExampleMap.FirstPersonExampleMap_C' with ClassGeneratedBy '/Game/FirstPersonBP/Maps/FirstPersonExampleMap.FirstPersonExampleMap:PersistentLevel.FirstPersonExampleMap'
[2019.11.17-20.56.08:414][460]LogBlueprintUserMessages: Early EndPlayMap Detection: Level '/Game/Maps/Door_Breached.Door_Breached:PersistentLevel' has LevelScriptBlueprint '/Game/Maps/Door_Breached.Door_Breached:PersistentLevel.Door_Breached' with GeneratedClass '/Game/Maps/Door_Breached.Door_Breached_C' with ClassGeneratedBy '/Game/Maps/Door_Breached.Door_Breached:PersistentLevel.Door_Breached'
[2019.11.17-20.56.08:415][460]LogBlueprintUserMessages: Early EndPlayMap Detection: Level '/Game/Maps/Door_Kit.Door_Kit:PersistentLevel' has LevelScriptBlueprint '/Game/Maps/Door_Kit.Door_Kit:PersistentLevel.Door_Kit' with GeneratedClass '/Game/Maps/Door_Kit.Door_Kit_C' with ClassGeneratedBy '/Game/Maps/Door_Kit.Door_Kit:PersistentLevel.Door_Kit'
[2019.11.17-20.56.08:416][460]LogBlueprintUserMessages: Early EndPlayMap Detection: Level '/Game/Maps/Turret_Kit.Turret_Kit:PersistentLevel' has LevelScriptBlueprint '/Game/Maps/Turret_Kit.Turret_Kit:PersistentLevel.Turret_Kit' with GeneratedClass '/Game/Maps/Turret_Kit.Turret_Kit_C' with ClassGeneratedBy '/Game/Maps/Turret_Kit.Turret_Kit:PersistentLevel.Turret_Kit'
[2019.11.17-20.56.08:417][460]LogBlueprintUserMessages: Early EndPlayMap Detection: Level '/Game/Maps/Laser_Kit.Laser_Kit:PersistentLevel' has LevelScriptBlueprint '/Game/Maps/Laser_Kit.Laser_Kit:PersistentLevel.Laser_Kit' with GeneratedClass '/Game/Maps/Laser_Kit.Laser_Kit_C' with ClassGeneratedBy '/Game/Maps/Laser_Kit.Laser_Kit:PersistentLevel.Laser_Kit'
[2019.11.17-20.56.08:418][460]LogBlueprintUserMessages: Early EndPlayMap Detection: Level '/Game/Maps/Camera_Kit.Camera_Kit:PersistentLevel' has LevelScriptBlueprint '/Game/Maps/Camera_Kit.Camera_Kit:PersistentLevel.Camera_Kit' with GeneratedClass '/Game/Maps/Camera_Kit.Camera_Kit_C' with ClassGeneratedBy '/Game/Maps/Camera_Kit.Camera_Kit:PersistentLevel.Camera_Kit'
[2019.11.17-20.56.08:419][460]LogBlueprintUserMessages: Early EndPlayMap Detection: Level '/Game/Maps/Explosive_Kit.Explosive_Kit:PersistentLevel' has LevelScriptBlueprint '/Game/Maps/Explosive_Kit.Explosive_Kit:PersistentLevel.Explosive_Kit' with GeneratedClass '/Game/Maps/Explosive_Kit.Explosive_Kit_C' with ClassGeneratedBy '/Game/Maps/Explosive_Kit.Explosive_Kit:PersistentLevel.Explosive_Kit'
[2019.11.17-20.56.08:420][460]LogBlueprintUserMessages: Early EndPlayMap Detection: Level '/Game/Maps/Teleport_Kit.Teleport_Kit:PersistentLevel' has LevelScriptBlueprint '/Game/Maps/Teleport_Kit.Teleport_Kit:PersistentLevel.Teleport_Kit' with GeneratedClass '/Game/Maps/Teleport_Kit.Teleport_Kit_C' with ClassGeneratedBy '/Game/Maps/Teleport_Kit.Teleport_Kit:PersistentLevel.Teleport_Kit'
[2019.11.17-20.56.08:422][460]LogSlate: Updating window title bar state: overlay mode, drag disabled, window buttons hidden, title bar hidden
[2019.11.17-20.56.08:477][460]LogPlayLevel: Display: Shutting down PIE online subsystems
[2019.11.17-20.56.08:478][460]LogBlueprintUserMessages: Late EndPlayMap Detection: Level '/Game/FirstPersonBP/Maps/FirstPersonExampleMap.FirstPersonExampleMap:PersistentLevel' has LevelScriptBlueprint '/Game/FirstPersonBP/Maps/FirstPersonExampleMap.FirstPersonExampleMap:PersistentLevel.FirstPersonExampleMap' with GeneratedClass '/Game/FirstPersonBP/Maps/FirstPersonExampleMap.FirstPersonExampleMap_C' with ClassGeneratedBy '/Game/FirstPersonBP/Maps/FirstPersonExampleMap.FirstPersonExampleMap:PersistentLevel.FirstPersonExampleMap'
[2019.11.17-20.56.08:480][460]LogBlueprintUserMessages: Late EndPlayMap Detection: Level '/Game/Maps/Door_Breached.Door_Breached:PersistentLevel' has LevelScriptBlueprint '/Game/Maps/Door_Breached.Door_Breached:PersistentLevel.Door_Breached' with GeneratedClass '/Game/Maps/Door_Breached.Door_Breached_C' with ClassGeneratedBy '/Game/Maps/Door_Breached.Door_Breached:PersistentLevel.Door_Breached'
[2019.11.17-20.56.08:481][460]LogBlueprintUserMessages: Late EndPlayMap Detection: Level '/Game/Maps/Door_Kit.Door_Kit:PersistentLevel' has LevelScriptBlueprint '/Game/Maps/Door_Kit.Door_Kit:PersistentLevel.Door_Kit' with GeneratedClass '/Game/Maps/Door_Kit.Door_Kit_C' with ClassGeneratedBy '/Game/Maps/Door_Kit.Door_Kit:PersistentLevel.Door_Kit'
[2019.11.17-20.56.08:482][460]LogBlueprintUserMessages: Late EndPlayMap Detection: Level '/Game/Maps/Turret_Kit.Turret_Kit:PersistentLevel' has LevelScriptBlueprint '/Game/Maps/Turret_Kit.Turret_Kit:PersistentLevel.Turret_Kit' with GeneratedClass '/Game/Maps/Turret_Kit.Turret_Kit_C' with ClassGeneratedBy '/Game/Maps/Turret_Kit.Turret_Kit:PersistentLevel.Turret_Kit'
[2019.11.17-20.56.08:483][460]LogBlueprintUserMessages: Late EndPlayMap Detection: Level '/Game/Maps/Laser_Kit.Laser_Kit:PersistentLevel' has LevelScriptBlueprint '/Game/Maps/Laser_Kit.Laser_Kit:PersistentLevel.Laser_Kit' with GeneratedClass '/Game/Maps/Laser_Kit.Laser_Kit_C' with ClassGeneratedBy '/Game/Maps/Laser_Kit.Laser_Kit:PersistentLevel.Laser_Kit'
[2019.11.17-20.56.08:484][460]LogBlueprintUserMessages: Late EndPlayMap Detection: Level '/Game/Maps/Camera_Kit.Camera_Kit:PersistentLevel' has LevelScriptBlueprint '/Game/Maps/Camera_Kit.Camera_Kit:PersistentLevel.Camera_Kit' with GeneratedClass '/Game/Maps/Camera_Kit.Camera_Kit_C' with ClassGeneratedBy '/Game/Maps/Camera_Kit.Camera_Kit:PersistentLevel.Camera_Kit'
[2019.11.17-20.56.08:485][460]LogBlueprintUserMessages: Late EndPlayMap Detection: Level '/Game/Maps/Explosive_Kit.Explosive_Kit:PersistentLevel' has LevelScriptBlueprint '/Game/Maps/Explosive_Kit.Explosive_Kit:PersistentLevel.Explosive_Kit' with GeneratedClass '/Game/Maps/Explosive_Kit.Explosive_Kit_C' with ClassGeneratedBy '/Game/Maps/Explosive_Kit.Explosive_Kit:PersistentLevel.Explosive_Kit'
[2019.11.17-20.56.08:487][460]LogBlueprintUserMessages: Late EndPlayMap Detection: Level '/Game/Maps/Teleport_Kit.Teleport_Kit:PersistentLevel' has LevelScriptBlueprint '/Game/Maps/Teleport_Kit.Teleport_Kit:PersistentLevel.Teleport_Kit' with GeneratedClass '/Game/Maps/Teleport_Kit.Teleport_Kit_C' with ClassGeneratedBy '/Game/Maps/Teleport_Kit.Teleport_Kit:PersistentLevel.Teleport_Kit'
[2019.11.17-20.56.08:611][460]LogSlate: Updating window title bar state: overlay mode, drag disabled, window buttons hidden, title bar hidden
[2019.11.17-20.56.08:624][460]LogUObjectHash: Compacting FUObjectHashTables data took   5.48ms
[2019.11.17-20.56.08:730][461]LogPlayLevel: Display: Destroying online subsystem :Context_41
[2019.11.17-20.56.11:762][552]LogSlate: FSceneViewport::OnFocusLost() reason 0
[2019.11.17-20.56.14:602][642]LogTemp: Repeating last play command: Selected Viewport
[2019.11.17-20.56.14:755][642]LogBlueprintUserMessages: Early PlayInEditor Detection: Level '/Game/FirstPersonBP/Maps/FirstPersonExampleMap.FirstPersonExampleMap:PersistentLevel' has LevelScriptBlueprint '/Game/FirstPersonBP/Maps/FirstPersonExampleMap.FirstPersonExampleMap:PersistentLevel.FirstPersonExampleMap' with GeneratedClass '/Game/FirstPersonBP/Maps/FirstPersonExampleMap.FirstPersonExampleMap_C' with ClassGeneratedBy '/Game/FirstPersonBP/Maps/FirstPersonExampleMap.FirstPersonExampleMap:PersistentLevel.FirstPersonExampleMap'
[2019.11.17-20.56.14:756][642]LogBlueprintUserMessages: Early PlayInEditor Detection: Level '/Game/Maps/Door_Breached.Door_Breached:PersistentLevel' has LevelScriptBlueprint '/Game/Maps/Door_Breached.Door_Breached:PersistentLevel.Door_Breached' with GeneratedClass '/Game/Maps/Door_Breached.Door_Breached_C' with ClassGeneratedBy '/Game/Maps/Door_Breached.Door_Breached:PersistentLevel.Door_Breached'
[2019.11.17-20.56.14:758][642]LogBlueprintUserMessages: Early PlayInEditor Detection: Level '/Game/Maps/Door_Kit.Door_Kit:PersistentLevel' has LevelScriptBlueprint '/Game/Maps/Door_Kit.Door_Kit:PersistentLevel.Door_Kit' with GeneratedClass '/Game/Maps/Door_Kit.Door_Kit_C' with ClassGeneratedBy '/Game/Maps/Door_Kit.Door_Kit:PersistentLevel.Door_Kit'
[2019.11.17-20.56.14:758][642]LogBlueprintUserMessages: Early PlayInEditor Detection: Level '/Game/Maps/Turret_Kit.Turret_Kit:PersistentLevel' has LevelScriptBlueprint '/Game/Maps/Turret_Kit.Turret_Kit:PersistentLevel.Turret_Kit' with GeneratedClass '/Game/Maps/Turret_Kit.Turret_Kit_C' with ClassGeneratedBy '/Game/Maps/Turret_Kit.Turret_Kit:PersistentLevel.Turret_Kit'
[2019.11.17-20.56.14:759][642]LogBlueprintUserMessages: Early PlayInEditor Detection: Level '/Game/Maps/Laser_Kit.Laser_Kit:PersistentLevel' has LevelScriptBlueprint '/Game/Maps/Laser_Kit.Laser_Kit:PersistentLevel.Laser_Kit' with GeneratedClass '/Game/Maps/Laser_Kit.Laser_Kit_C' with ClassGeneratedBy '/Game/Maps/Laser_Kit.Laser_Kit:PersistentLevel.Laser_Kit'
[2019.11.17-20.56.14:760][642]LogBlueprintUserMessages: Early PlayInEditor Detection: Level '/Game/Maps/Camera_Kit.Camera_Kit:PersistentLevel' has LevelScriptBlueprint '/Game/Maps/Camera_Kit.Camera_Kit:PersistentLevel.Camera_Kit' with GeneratedClass '/Game/Maps/Camera_Kit.Camera_Kit_C' with ClassGeneratedBy '/Game/Maps/Camera_Kit.Camera_Kit:PersistentLevel.Camera_Kit'
[2019.11.17-20.56.14:761][642]LogBlueprintUserMessages: Early PlayInEditor Detection: Level '/Game/Maps/Explosive_Kit.Explosive_Kit:PersistentLevel' has LevelScriptBlueprint '/Game/Maps/Explosive_Kit.Explosive_Kit:PersistentLevel.Explosive_Kit' with GeneratedClass '/Game/Maps/Explosive_Kit.Explosive_Kit_C' with ClassGeneratedBy '/Game/Maps/Explosive_Kit.Explosive_Kit:PersistentLevel.Explosive_Kit'
[2019.11.17-20.56.14:762][642]LogBlueprintUserMessages: Early PlayInEditor Detection: Level '/Game/Maps/Teleport_Kit.Teleport_Kit:PersistentLevel' has LevelScriptBlueprint '/Game/Maps/Teleport_Kit.Teleport_Kit:PersistentLevel.Teleport_Kit' with GeneratedClass '/Game/Maps/Teleport_Kit.Teleport_Kit_C' with ClassGeneratedBy '/Game/Maps/Teleport_Kit.Teleport_Kit:PersistentLevel.Teleport_Kit'
[2019.11.17-20.56.14:764][642]BlueprintLog: New page: Pre-Play auto-recompile
[2019.11.17-20.56.14:773][642]LogPlayLevel: [PlayLevel] Compiling Safe before play...
[2019.11.17-20.56.15:607][642]LogUObjectHash: Compacting FUObjectHashTables data took   9.84ms
[2019.11.17-20.56.15:608][642]LogPlayLevel: PlayLevel: Blueprint regeneration took 844 ms (1 blueprints)
[2019.11.17-20.56.15:608][642]PIE: New page: PIE session: FirstPersonExampleMap (Nov 17, 2019, 4:56:15 AM)
[2019.11.17-20.56.15:609][642]LogPlayLevel: Creating play world package: /Game/FirstPersonBP/Maps/UEDPIE_0_FirstPersonExampleMap
[2019.11.17-20.56.15:647][642]LogPlayLevel: PIE: StaticDuplicateObject took: (0.037659s)
[2019.11.17-20.56.15:649][642]LogAIModule: Creating AISystem for world FirstPersonExampleMap
[2019.11.17-20.56.15:650][642]LogPlayLevel: PIE: World Init took: (0.002318s)
[2019.11.17-20.56.15:651][642]LogPlayLevel: PIE: Created PIE world by copying editor world from /Game/FirstPersonBP/Maps/FirstPersonExampleMap.FirstPersonExampleMap to /Game/FirstPersonBP/Maps/UEDPIE_0_FirstPersonExampleMap.FirstPersonExampleMap (0.041824s)
[2019.11.17-20.56.15:789][642]LogUObjectHash: Compacting FUObjectHashTables data took   8.08ms
[2019.11.17-20.56.15:860][642]LogInit: XAudio2 using 'Headset Earphone (SteelSeries Arctis 5 Chat)' : 2 channels at 48 kHz using 16 bits per sample (channel mask 0x3)
[2019.11.17-20.56.15:897][642]LogInit: FAudioDevice initialized.
[2019.11.17-20.56.15:945][642]LogLoad: Game class is 'FirstPersonGameMode_C'
[2019.11.17-20.56.15:958][642]LogWorld: Bringing World /Game/FirstPersonBP/Maps/UEDPIE_0_FirstPersonExampleMap.FirstPersonExampleMap up for play (max tick rate 60) at 2019.11.17-12.56.15
[2019.11.17-20.56.15:960][642]LogWorld: Bringing up level for play took: 0.011472
[2019.11.17-20.56.15:975][642]PIE: Play in editor start time for /Game/FirstPersonBP/Maps/UEDPIE_0_FirstPersonExampleMap 2.304
[2019.11.17-20.56.15:976][642]LogBlueprintUserMessages: Late PlayInEditor Detection: Level '/Game/FirstPersonBP/Maps/FirstPersonExampleMap.FirstPersonExampleMap:PersistentLevel' has LevelScriptBlueprint '/Game/FirstPersonBP/Maps/FirstPersonExampleMap.FirstPersonExampleMap:PersistentLevel.FirstPersonExampleMap' with GeneratedClass '/Game/FirstPersonBP/Maps/FirstPersonExampleMap.FirstPersonExampleMap_C' with ClassGeneratedBy '/Game/FirstPersonBP/Maps/FirstPersonExampleMap.FirstPersonExampleMap:PersistentLevel.FirstPersonExampleMap'
[2019.11.17-20.56.15:978][642]LogBlueprintUserMessages: Late PlayInEditor Detection: Level '/Game/Maps/Door_Breached.Door_Breached:PersistentLevel' has LevelScriptBlueprint '/Game/Maps/Door_Breached.Door_Breached:PersistentLevel.Door_Breached' with GeneratedClass '/Game/Maps/Door_Breached.Door_Breached_C' with ClassGeneratedBy '/Game/Maps/Door_Breached.Door_Breached:PersistentLevel.Door_Breached'
[2019.11.17-20.56.15:979][642]LogBlueprintUserMessages: Late PlayInEditor Detection: Level '/Game/Maps/Door_Kit.Door_Kit:PersistentLevel' has LevelScriptBlueprint '/Game/Maps/Door_Kit.Door_Kit:PersistentLevel.Door_Kit' with GeneratedClass '/Game/Maps/Door_Kit.Door_Kit_C' with ClassGeneratedBy '/Game/Maps/Door_Kit.Door_Kit:PersistentLevel.Door_Kit'
[2019.11.17-20.56.15:980][642]LogBlueprintUserMessages: Late PlayInEditor Detection: Level '/Game/Maps/Turret_Kit.Turret_Kit:PersistentLevel' has LevelScriptBlueprint '/Game/Maps/Turret_Kit.Turret_Kit:PersistentLevel.Turret_Kit' with GeneratedClass '/Game/Maps/Turret_Kit.Turret_Kit_C' with ClassGeneratedBy '/Game/Maps/Turret_Kit.Turret_Kit:PersistentLevel.Turret_Kit'
[2019.11.17-20.56.15:981][642]LogBlueprintUserMessages: Late PlayInEditor Detection: Level '/Game/Maps/Laser_Kit.Laser_Kit:PersistentLevel' has LevelScriptBlueprint '/Game/Maps/Laser_Kit.Laser_Kit:PersistentLevel.Laser_Kit' with GeneratedClass '/Game/Maps/Laser_Kit.Laser_Kit_C' with ClassGeneratedBy '/Game/Maps/Laser_Kit.Laser_Kit:PersistentLevel.Laser_Kit'
[2019.11.17-20.56.15:982][642]LogBlueprintUserMessages: Late PlayInEditor Detection: Level '/Game/Maps/Camera_Kit.Camera_Kit:PersistentLevel' has LevelScriptBlueprint '/Game/Maps/Camera_Kit.Camera_Kit:PersistentLevel.Camera_Kit' with GeneratedClass '/Game/Maps/Camera_Kit.Camera_Kit_C' with ClassGeneratedBy '/Game/Maps/Camera_Kit.Camera_Kit:PersistentLevel.Camera_Kit'
[2019.11.17-20.56.15:983][642]LogBlueprintUserMessages: Late PlayInEditor Detection: Level '/Game/Maps/Explosive_Kit.Explosive_Kit:PersistentLevel' has LevelScriptBlueprint '/Game/Maps/Explosive_Kit.Explosive_Kit:PersistentLevel.Explosive_Kit' with GeneratedClass '/Game/Maps/Explosive_Kit.Explosive_Kit_C' with ClassGeneratedBy '/Game/Maps/Explosive_Kit.Explosive_Kit:PersistentLevel.Explosive_Kit'
[2019.11.17-20.56.15:984][642]LogBlueprintUserMessages: Late PlayInEditor Detection: Level '/Game/Maps/Teleport_Kit.Teleport_Kit:PersistentLevel' has LevelScriptBlueprint '/Game/Maps/Teleport_Kit.Teleport_Kit:PersistentLevel.Teleport_Kit' with GeneratedClass '/Game/Maps/Teleport_Kit.Teleport_Kit_C' with ClassGeneratedBy '/Game/Maps/Teleport_Kit.Teleport_Kit:PersistentLevel.Teleport_Kit'
[2019.11.17-20.56.20:090][749]LogBlueprintUserMessages: [Safe_2] Safe: BEEP
[2019.11.17-20.56.20:344][757]LogBlueprintUserMessages: [Safe_2] Safe: BEEP
[2019.11.17-20.56.20:535][763]LogBlueprintUserMessages: [Safe_2] Safe: BEEP
[2019.11.17-20.56.20:707][768]LogBlueprintUserMessages: [Safe_2] Safe: BEEP
[2019.11.17-20.56.20:869][773]LogBlueprintUserMessages: [Safe_2] Safe: BEEP
[2019.11.17-20.56.21:006][777]LogBlueprintUserMessages: [Safe_2] Safe: BEEP
[2019.11.17-20.56.21:568][793]LogBlueprintUserMessages: [Safe_2] Safe: Unlocked
[2019.11.17-20.56.23:699][859]LogBlueprintUserMessages: Early EndPlayMap Detection: Level '/Game/FirstPersonBP/Maps/FirstPersonExampleMap.FirstPersonExampleMap:PersistentLevel' has LevelScriptBlueprint '/Game/FirstPersonBP/Maps/FirstPersonExampleMap.FirstPersonExampleMap:PersistentLevel.FirstPersonExampleMap' with GeneratedClass '/Game/FirstPersonBP/Maps/FirstPersonExampleMap.FirstPersonExampleMap_C' with ClassGeneratedBy '/Game/FirstPersonBP/Maps/FirstPersonExampleMap.FirstPersonExampleMap:PersistentLevel.FirstPersonExampleMap'
[2019.11.17-20.56.23:701][859]LogBlueprintUserMessages: Early EndPlayMap Detection: Level '/Game/Maps/Door_Breached.Door_Breached:PersistentLevel' has LevelScriptBlueprint '/Game/Maps/Door_Breached.Door_Breached:PersistentLevel.Door_Breached' with GeneratedClass '/Game/Maps/Door_Breached.Door_Breached_C' with ClassGeneratedBy '/Game/Maps/Door_Breached.Door_Breached:PersistentLevel.Door_Breached'
[2019.11.17-20.56.23:702][859]LogBlueprintUserMessages: Early EndPlayMap Detection: Level '/Game/Maps/Door_Kit.Door_Kit:PersistentLevel' has LevelScriptBlueprint '/Game/Maps/Door_Kit.Door_Kit:PersistentLevel.Door_Kit' with GeneratedClass '/Game/Maps/Door_Kit.Door_Kit_C' with ClassGeneratedBy '/Game/Maps/Door_Kit.Door_Kit:PersistentLevel.Door_Kit'
[2019.11.17-20.56.23:703][859]LogBlueprintUserMessages: Early EndPlayMap Detection: Level '/Game/Maps/Turret_Kit.Turret_Kit:PersistentLevel' has LevelScriptBlueprint '/Game/Maps/Turret_Kit.Turret_Kit:PersistentLevel.Turret_Kit' with GeneratedClass '/Game/Maps/Turret_Kit.Turret_Kit_C' with ClassGeneratedBy '/Game/Maps/Turret_Kit.Turret_Kit:PersistentLevel.Turret_Kit'
[2019.11.17-20.56.23:704][859]LogBlueprintUserMessages: Early EndPlayMap Detection: Level '/Game/Maps/Laser_Kit.Laser_Kit:PersistentLevel' has LevelScriptBlueprint '/Game/Maps/Laser_Kit.Laser_Kit:PersistentLevel.Laser_Kit' with GeneratedClass '/Game/Maps/Laser_Kit.Laser_Kit_C' with ClassGeneratedBy '/Game/Maps/Laser_Kit.Laser_Kit:PersistentLevel.Laser_Kit'
[2019.11.17-20.56.23:705][859]LogBlueprintUserMessages: Early EndPlayMap Detection: Level '/Game/Maps/Camera_Kit.Camera_Kit:PersistentLevel' has LevelScriptBlueprint '/Game/Maps/Camera_Kit.Camera_Kit:PersistentLevel.Camera_Kit' with GeneratedClass '/Game/Maps/Camera_Kit.Camera_Kit_C' with ClassGeneratedBy '/Game/Maps/Camera_Kit.Camera_Kit:PersistentLevel.Camera_Kit'
[2019.11.17-20.56.23:706][859]LogBlueprintUserMessages: Early EndPlayMap Detection: Level '/Game/Maps/Explosive_Kit.Explosive_Kit:PersistentLevel' has LevelScriptBlueprint '/Game/Maps/Explosive_Kit.Explosive_Kit:PersistentLevel.Explosive_Kit' with GeneratedClass '/Game/Maps/Explosive_Kit.Explosive_Kit_C' with ClassGeneratedBy '/Game/Maps/Explosive_Kit.Explosive_Kit:PersistentLevel.Explosive_Kit'
[2019.11.17-20.56.23:707][859]LogBlueprintUserMessages: Early EndPlayMap Detection: Level '/Game/Maps/Teleport_Kit.Teleport_Kit:PersistentLevel' has LevelScriptBlueprint '/Game/Maps/Teleport_Kit.Teleport_Kit:PersistentLevel.Teleport_Kit' with GeneratedClass '/Game/Maps/Teleport_Kit.Teleport_Kit_C' with ClassGeneratedBy '/Game/Maps/Teleport_Kit.Teleport_Kit:PersistentLevel.Teleport_Kit'
[2019.11.17-20.56.23:709][859]LogSlate: Updating window title bar state: overlay mode, drag disabled, window buttons hidden, title bar hidden
[2019.11.17-20.56.23:763][859]LogPlayLevel: Display: Shutting down PIE online subsystems
[2019.11.17-20.56.23:764][859]LogBlueprintUserMessages: Late EndPlayMap Detection: Level '/Game/FirstPersonBP/Maps/FirstPersonExampleMap.FirstPersonExampleMap:PersistentLevel' has LevelScriptBlueprint '/Game/FirstPersonBP/Maps/FirstPersonExampleMap.FirstPersonExampleMap:PersistentLevel.FirstPersonExampleMap' with GeneratedClass '/Game/FirstPersonBP/Maps/FirstPersonExampleMap.FirstPersonExampleMap_C' with ClassGeneratedBy '/Game/FirstPersonBP/Maps/FirstPersonExampleMap.FirstPersonExampleMap:PersistentLevel.FirstPersonExampleMap'
[2019.11.17-20.56.23:766][859]LogBlueprintUserMessages: Late EndPlayMap Detection: Level '/Game/Maps/Door_Breached.Door_Breached:PersistentLevel' has LevelScriptBlueprint '/Game/Maps/Door_Breached.Door_Breached:PersistentLevel.Door_Breached' with GeneratedClass '/Game/Maps/Door_Breached.Door_Breached_C' with ClassGeneratedBy '/Game/Maps/Door_Breached.Door_Breached:PersistentLevel.Door_Breached'
[2019.11.17-20.56.23:767][859]LogBlueprintUserMessages: Late EndPlayMap Detection: Level '/Game/Maps/Door_Kit.Door_Kit:PersistentLevel' has LevelScriptBlueprint '/Game/Maps/Door_Kit.Door_Kit:PersistentLevel.Door_Kit' with GeneratedClass '/Game/Maps/Door_Kit.Door_Kit_C' with ClassGeneratedBy '/Game/Maps/Door_Kit.Door_Kit:PersistentLevel.Door_Kit'
[2019.11.17-20.56.23:768][859]LogBlueprintUserMessages: Late EndPlayMap Detection: Level '/Game/Maps/Turret_Kit.Turret_Kit:PersistentLevel' has LevelScriptBlueprint '/Game/Maps/Turret_Kit.Turret_Kit:PersistentLevel.Turret_Kit' with GeneratedClass '/Game/Maps/Turret_Kit.Turret_Kit_C' with ClassGeneratedBy '/Game/Maps/Turret_Kit.Turret_Kit:PersistentLevel.Turret_Kit'
[2019.11.17-20.56.23:769][859]LogBlueprintUserMessages: Late EndPlayMap Detection: Level '/Game/Maps/Laser_Kit.Laser_Kit:PersistentLevel' has LevelScriptBlueprint '/Game/Maps/Laser_Kit.Laser_Kit:PersistentLevel.Laser_Kit' with GeneratedClass '/Game/Maps/Laser_Kit.Laser_Kit_C' with ClassGeneratedBy '/Game/Maps/Laser_Kit.Laser_Kit:PersistentLevel.Laser_Kit'
[2019.11.17-20.56.23:770][859]LogBlueprintUserMessages: Late EndPlayMap Detection: Level '/Game/Maps/Camera_Kit.Camera_Kit:PersistentLevel' has LevelScriptBlueprint '/Game/Maps/Camera_Kit.Camera_Kit:PersistentLevel.Camera_Kit' with GeneratedClass '/Game/Maps/Camera_Kit.Camera_Kit_C' with ClassGeneratedBy '/Game/Maps/Camera_Kit.Camera_Kit:PersistentLevel.Camera_Kit'
[2019.11.17-20.56.23:771][859]LogBlueprintUserMessages: Late EndPlayMap Detection: Level '/Game/Maps/Explosive_Kit.Explosive_Kit:PersistentLevel' has LevelScriptBlueprint '/Game/Maps/Explosive_Kit.Explosive_Kit:PersistentLevel.Explosive_Kit' with GeneratedClass '/Game/Maps/Explosive_Kit.Explosive_Kit_C' with ClassGeneratedBy '/Game/Maps/Explosive_Kit.Explosive_Kit:PersistentLevel.Explosive_Kit'
[2019.11.17-20.56.23:772][859]LogBlueprintUserMessages: Late EndPlayMap Detection: Level '/Game/Maps/Teleport_Kit.Teleport_Kit:PersistentLevel' has LevelScriptBlueprint '/Game/Maps/Teleport_Kit.Teleport_Kit:PersistentLevel.Teleport_Kit' with GeneratedClass '/Game/Maps/Teleport_Kit.Teleport_Kit_C' with ClassGeneratedBy '/Game/Maps/Teleport_Kit.Teleport_Kit:PersistentLevel.Teleport_Kit'
[2019.11.17-20.56.23:906][859]LogSlate: Updating window title bar state: overlay mode, drag disabled, window buttons hidden, title bar hidden
[2019.11.17-20.56.23:918][859]LogUObjectHash: Compacting FUObjectHashTables data took   5.24ms
[2019.11.17-20.56.24:041][860]LogPlayLevel: Display: Destroying online subsystem :Context_42
[2019.11.17-20.56.28:736][  8]LogSlate: FSceneViewport::OnFocusLost() reason 0
[2019.11.17-20.56.39:612][322]BlueprintLog: New page: Compile Safe
[2019.11.17-20.56.40:288][322]LogUObjectHash: Compacting FUObjectHashTables data took  12.10ms
[2019.11.17-20.56.41:228][337]LogTemp: Repeating last play command: Selected Viewport
[2019.11.17-20.56.41:378][337]LogBlueprintUserMessages: Early PlayInEditor Detection: Level '/Game/FirstPersonBP/Maps/FirstPersonExampleMap.FirstPersonExampleMap:PersistentLevel' has LevelScriptBlueprint '/Game/FirstPersonBP/Maps/FirstPersonExampleMap.FirstPersonExampleMap:PersistentLevel.FirstPersonExampleMap' with GeneratedClass '/Game/FirstPersonBP/Maps/FirstPersonExampleMap.FirstPersonExampleMap_C' with ClassGeneratedBy '/Game/FirstPersonBP/Maps/FirstPersonExampleMap.FirstPersonExampleMap:PersistentLevel.FirstPersonExampleMap'
[2019.11.17-20.56.41:380][337]LogBlueprintUserMessages: Early PlayInEditor Detection: Level '/Game/Maps/Door_Breached.Door_Breached:PersistentLevel' has LevelScriptBlueprint '/Game/Maps/Door_Breached.Door_Breached:PersistentLevel.Door_Breached' with GeneratedClass '/Game/Maps/Door_Breached.Door_Breached_C' with ClassGeneratedBy '/Game/Maps/Door_Breached.Door_Breached:PersistentLevel.Door_Breached'
[2019.11.17-20.56.41:381][337]LogBlueprintUserMessages: Early PlayInEditor Detection: Level '/Game/Maps/Door_Kit.Door_Kit:PersistentLevel' has LevelScriptBlueprint '/Game/Maps/Door_Kit.Door_Kit:PersistentLevel.Door_Kit' with GeneratedClass '/Game/Maps/Door_Kit.Door_Kit_C' with ClassGeneratedBy '/Game/Maps/Door_Kit.Door_Kit:PersistentLevel.Door_Kit'
[2019.11.17-20.56.41:382][337]LogBlueprintUserMessages: Early PlayInEditor Detection: Level '/Game/Maps/Turret_Kit.Turret_Kit:PersistentLevel' has LevelScriptBlueprint '/Game/Maps/Turret_Kit.Turret_Kit:PersistentLevel.Turret_Kit' with GeneratedClass '/Game/Maps/Turret_Kit.Turret_Kit_C' with ClassGeneratedBy '/Game/Maps/Turret_Kit.Turret_Kit:PersistentLevel.Turret_Kit'
[2019.11.17-20.56.41:383][337]LogBlueprintUserMessages: Early PlayInEditor Detection: Level '/Game/Maps/Laser_Kit.Laser_Kit:PersistentLevel' has LevelScriptBlueprint '/Game/Maps/Laser_Kit.Laser_Kit:PersistentLevel.Laser_Kit' with GeneratedClass '/Game/Maps/Laser_Kit.Laser_Kit_C' with ClassGeneratedBy '/Game/Maps/Laser_Kit.Laser_Kit:PersistentLevel.Laser_Kit'
[2019.11.17-20.56.41:384][337]LogBlueprintUserMessages: Early PlayInEditor Detection: Level '/Game/Maps/Camera_Kit.Camera_Kit:PersistentLevel' has LevelScriptBlueprint '/Game/Maps/Camera_Kit.Camera_Kit:PersistentLevel.Camera_Kit' with GeneratedClass '/Game/Maps/Camera_Kit.Camera_Kit_C' with ClassGeneratedBy '/Game/Maps/Camera_Kit.Camera_Kit:PersistentLevel.Camera_Kit'
[2019.11.17-20.56.41:386][337]LogBlueprintUserMessages: Early PlayInEditor Detection: Level '/Game/Maps/Explosive_Kit.Explosive_Kit:PersistentLevel' has LevelScriptBlueprint '/Game/Maps/Explosive_Kit.Explosive_Kit:PersistentLevel.Explosive_Kit' with GeneratedClass '/Game/Maps/Explosive_Kit.Explosive_Kit_C' with ClassGeneratedBy '/Game/Maps/Explosive_Kit.Explosive_Kit:PersistentLevel.Explosive_Kit'
[2019.11.17-20.56.41:387][337]LogBlueprintUserMessages: Early PlayInEditor Detection: Level '/Game/Maps/Teleport_Kit.Teleport_Kit:PersistentLevel' has LevelScriptBlueprint '/Game/Maps/Teleport_Kit.Teleport_Kit:PersistentLevel.Teleport_Kit' with GeneratedClass '/Game/Maps/Teleport_Kit.Teleport_Kit_C' with ClassGeneratedBy '/Game/Maps/Teleport_Kit.Teleport_Kit:PersistentLevel.Teleport_Kit'
[2019.11.17-20.56.41:389][337]LogPlayLevel: PlayLevel: No blueprints needed recompiling
[2019.11.17-20.56.41:389][337]PIE: New page: PIE session: FirstPersonExampleMap (Nov 17, 2019, 4:56:41 AM)
[2019.11.17-20.56.41:389][337]LogPlayLevel: Creating play world package: /Game/FirstPersonBP/Maps/UEDPIE_0_FirstPersonExampleMap
[2019.11.17-20.56.41:425][337]LogPlayLevel: PIE: StaticDuplicateObject took: (0.035031s)
[2019.11.17-20.56.41:427][337]LogAIModule: Creating AISystem for world FirstPersonExampleMap
[2019.11.17-20.56.41:428][337]LogPlayLevel: PIE: World Init took: (0.002204s)
[2019.11.17-20.56.41:428][337]LogPlayLevel: PIE: Created PIE world by copying editor world from /Game/FirstPersonBP/Maps/FirstPersonExampleMap.FirstPersonExampleMap to /Game/FirstPersonBP/Maps/UEDPIE_0_FirstPersonExampleMap.FirstPersonExampleMap (0.038774s)
[2019.11.17-20.56.41:572][337]LogUObjectHash: Compacting FUObjectHashTables data took  12.29ms
[2019.11.17-20.56.41:646][337]LogInit: XAudio2 using 'Headset Earphone (SteelSeries Arctis 5 Chat)' : 2 channels at 48 kHz using 16 bits per sample (channel mask 0x3)
[2019.11.17-20.56.41:693][337]LogInit: FAudioDevice initialized.
[2019.11.17-20.56.41:748][337]LogLoad: Game class is 'FirstPersonGameMode_C'
[2019.11.17-20.56.41:759][337]LogWorld: Bringing World /Game/FirstPersonBP/Maps/UEDPIE_0_FirstPersonExampleMap.FirstPersonExampleMap up for play (max tick rate 60) at 2019.11.17-12.56.41
[2019.11.17-20.56.41:761][337]LogWorld: Bringing up level for play took: 0.010096
[2019.11.17-20.56.41:777][337]PIE: Play in editor start time for /Game/FirstPersonBP/Maps/UEDPIE_0_FirstPersonExampleMap 0.105
[2019.11.17-20.56.41:777][337]LogBlueprintUserMessages: Late PlayInEditor Detection: Level '/Game/FirstPersonBP/Maps/FirstPersonExampleMap.FirstPersonExampleMap:PersistentLevel' has LevelScriptBlueprint '/Game/FirstPersonBP/Maps/FirstPersonExampleMap.FirstPersonExampleMap:PersistentLevel.FirstPersonExampleMap' with GeneratedClass '/Game/FirstPersonBP/Maps/FirstPersonExampleMap.FirstPersonExampleMap_C' with ClassGeneratedBy '/Game/FirstPersonBP/Maps/FirstPersonExampleMap.FirstPersonExampleMap:PersistentLevel.FirstPersonExampleMap'
[2019.11.17-20.56.41:779][337]LogBlueprintUserMessages: Late PlayInEditor Detection: Level '/Game/Maps/Door_Breached.Door_Breached:PersistentLevel' has LevelScriptBlueprint '/Game/Maps/Door_Breached.Door_Breached:PersistentLevel.Door_Breached' with GeneratedClass '/Game/Maps/Door_Breached.Door_Breached_C' with ClassGeneratedBy '/Game/Maps/Door_Breached.Door_Breached:PersistentLevel.Door_Breached'
[2019.11.17-20.56.41:780][337]LogBlueprintUserMessages: Late PlayInEditor Detection: Level '/Game/Maps/Door_Kit.Door_Kit:PersistentLevel' has LevelScriptBlueprint '/Game/Maps/Door_Kit.Door_Kit:PersistentLevel.Door_Kit' with GeneratedClass '/Game/Maps/Door_Kit.Door_Kit_C' with ClassGeneratedBy '/Game/Maps/Door_Kit.Door_Kit:PersistentLevel.Door_Kit'
[2019.11.17-20.56.41:782][337]LogBlueprintUserMessages: Late PlayInEditor Detection: Level '/Game/Maps/Turret_Kit.Turret_Kit:PersistentLevel' has LevelScriptBlueprint '/Game/Maps/Turret_Kit.Turret_Kit:PersistentLevel.Turret_Kit' with GeneratedClass '/Game/Maps/Turret_Kit.Turret_Kit_C' with ClassGeneratedBy '/Game/Maps/Turret_Kit.Turret_Kit:PersistentLevel.Turret_Kit'
[2019.11.17-20.56.41:783][337]LogBlueprintUserMessages: Late PlayInEditor Detection: Level '/Game/Maps/Laser_Kit.Laser_Kit:PersistentLevel' has LevelScriptBlueprint '/Game/Maps/Laser_Kit.Laser_Kit:PersistentLevel.Laser_Kit' with GeneratedClass '/Game/Maps/Laser_Kit.Laser_Kit_C' with ClassGeneratedBy '/Game/Maps/Laser_Kit.Laser_Kit:PersistentLevel.Laser_Kit'
[2019.11.17-20.56.41:784][337]LogBlueprintUserMessages: Late PlayInEditor Detection: Level '/Game/Maps/Camera_Kit.Camera_Kit:PersistentLevel' has LevelScriptBlueprint '/Game/Maps/Camera_Kit.Camera_Kit:PersistentLevel.Camera_Kit' with GeneratedClass '/Game/Maps/Camera_Kit.Camera_Kit_C' with ClassGeneratedBy '/Game/Maps/Camera_Kit.Camera_Kit:PersistentLevel.Camera_Kit'
[2019.11.17-20.56.41:786][337]LogBlueprintUserMessages: Late PlayInEditor Detection: Level '/Game/Maps/Explosive_Kit.Explosive_Kit:PersistentLevel' has LevelScriptBlueprint '/Game/Maps/Explosive_Kit.Explosive_Kit:PersistentLevel.Explosive_Kit' with GeneratedClass '/Game/Maps/Explosive_Kit.Explosive_Kit_C' with ClassGeneratedBy '/Game/Maps/Explosive_Kit.Explosive_Kit:PersistentLevel.Explosive_Kit'
[2019.11.17-20.56.41:788][337]LogBlueprintUserMessages: Late PlayInEditor Detection: Level '/Game/Maps/Teleport_Kit.Teleport_Kit:PersistentLevel' has LevelScriptBlueprint '/Game/Maps/Teleport_Kit.Teleport_Kit:PersistentLevel.Teleport_Kit' with GeneratedClass '/Game/Maps/Teleport_Kit.Teleport_Kit_C' with ClassGeneratedBy '/Game/Maps/Teleport_Kit.Teleport_Kit:PersistentLevel.Teleport_Kit'
[2019.11.17-20.56.44:692][403]LogBlueprintUserMessages: [Safe_2] Safe: BEEP
[2019.11.17-20.56.44:972][411]LogBlueprintUserMessages: [Safe_2] Safe: BEEP
[2019.11.17-20.56.45:164][416]LogBlueprintUserMessages: [Safe_2] Safe: BEEP
[2019.11.17-20.56.45:310][420]LogBlueprintUserMessages: [Safe_2] Safe: BEEP
[2019.11.17-20.56.45:470][424]LogBlueprintUserMessages: [Safe_2] Safe: BEEP
[2019.11.17-20.56.45:614][428]LogBlueprintUserMessages: [Safe_2] Safe: BEEP
[2019.11.17-20.56.45:797][433]LogBlueprintUserMessages: [Safe_2] Safe: Code sequence at full length; clear a character(s) first
[2019.11.17-20.56.46:553][455]LogBlueprintUserMessages: [Safe_2] Safe: Unlocked
[2019.11.17-20.56.52:221][613]LogBlueprintUserMessages: Early EndPlayMap Detection: Level '/Game/FirstPersonBP/Maps/FirstPersonExampleMap.FirstPersonExampleMap:PersistentLevel' has LevelScriptBlueprint '/Game/FirstPersonBP/Maps/FirstPersonExampleMap.FirstPersonExampleMap:PersistentLevel.FirstPersonExampleMap' with GeneratedClass '/Game/FirstPersonBP/Maps/FirstPersonExampleMap.FirstPersonExampleMap_C' with ClassGeneratedBy '/Game/FirstPersonBP/Maps/FirstPersonExampleMap.FirstPersonExampleMap:PersistentLevel.FirstPersonExampleMap'
[2019.11.17-20.56.52:223][613]LogBlueprintUserMessages: Early EndPlayMap Detection: Level '/Game/Maps/Door_Breached.Door_Breached:PersistentLevel' has LevelScriptBlueprint '/Game/Maps/Door_Breached.Door_Breached:PersistentLevel.Door_Breached' with GeneratedClass '/Game/Maps/Door_Breached.Door_Breached_C' with ClassGeneratedBy '/Game/Maps/Door_Breached.Door_Breached:PersistentLevel.Door_Breached'
[2019.11.17-20.56.52:224][613]LogBlueprintUserMessages: Early EndPlayMap Detection: Level '/Game/Maps/Door_Kit.Door_Kit:PersistentLevel' has LevelScriptBlueprint '/Game/Maps/Door_Kit.Door_Kit:PersistentLevel.Door_Kit' with GeneratedClass '/Game/Maps/Door_Kit.Door_Kit_C' with ClassGeneratedBy '/Game/Maps/Door_Kit.Door_Kit:PersistentLevel.Door_Kit'
[2019.11.17-20.56.52:225][613]LogBlueprintUserMessages: Early EndPlayMap Detection: Level '/Game/Maps/Turret_Kit.Turret_Kit:PersistentLevel' has LevelScriptBlueprint '/Game/Maps/Turret_Kit.Turret_Kit:PersistentLevel.Turret_Kit' with GeneratedClass '/Game/Maps/Turret_Kit.Turret_Kit_C' with ClassGeneratedBy '/Game/Maps/Turret_Kit.Turret_Kit:PersistentLevel.Turret_Kit'
[2019.11.17-20.56.52:226][613]LogBlueprintUserMessages: Early EndPlayMap Detection: Level '/Game/Maps/Laser_Kit.Laser_Kit:PersistentLevel' has LevelScriptBlueprint '/Game/Maps/Laser_Kit.Laser_Kit:PersistentLevel.Laser_Kit' with GeneratedClass '/Game/Maps/Laser_Kit.Laser_Kit_C' with ClassGeneratedBy '/Game/Maps/Laser_Kit.Laser_Kit:PersistentLevel.Laser_Kit'
[2019.11.17-20.56.52:227][613]LogBlueprintUserMessages: Early EndPlayMap Detection: Level '/Game/Maps/Camera_Kit.Camera_Kit:PersistentLevel' has LevelScriptBlueprint '/Game/Maps/Camera_Kit.Camera_Kit:PersistentLevel.Camera_Kit' with GeneratedClass '/Game/Maps/Camera_Kit.Camera_Kit_C' with ClassGeneratedBy '/Game/Maps/Camera_Kit.Camera_Kit:PersistentLevel.Camera_Kit'
[2019.11.17-20.56.52:228][613]LogBlueprintUserMessages: Early EndPlayMap Detection: Level '/Game/Maps/Explosive_Kit.Explosive_Kit:PersistentLevel' has LevelScriptBlueprint '/Game/Maps/Explosive_Kit.Explosive_Kit:PersistentLevel.Explosive_Kit' with GeneratedClass '/Game/Maps/Explosive_Kit.Explosive_Kit_C' with ClassGeneratedBy '/Game/Maps/Explosive_Kit.Explosive_Kit:PersistentLevel.Explosive_Kit'
[2019.11.17-20.56.52:229][613]LogBlueprintUserMessages: Early EndPlayMap Detection: Level '/Game/Maps/Teleport_Kit.Teleport_Kit:PersistentLevel' has LevelScriptBlueprint '/Game/Maps/Teleport_Kit.Teleport_Kit:PersistentLevel.Teleport_Kit' with GeneratedClass '/Game/Maps/Teleport_Kit.Teleport_Kit_C' with ClassGeneratedBy '/Game/Maps/Teleport_Kit.Teleport_Kit:PersistentLevel.Teleport_Kit'
[2019.11.17-20.56.52:232][613]LogSlate: Updating window title bar state: overlay mode, drag disabled, window buttons hidden, title bar hidden
[2019.11.17-20.56.52:323][613]LogPlayLevel: Display: Shutting down PIE online subsystems
[2019.11.17-20.56.52:324][613]LogBlueprintUserMessages: Late EndPlayMap Detection: Level '/Game/FirstPersonBP/Maps/FirstPersonExampleMap.FirstPersonExampleMap:PersistentLevel' has LevelScriptBlueprint '/Game/FirstPersonBP/Maps/FirstPersonExampleMap.FirstPersonExampleMap:PersistentLevel.FirstPersonExampleMap' with GeneratedClass '/Game/FirstPersonBP/Maps/FirstPersonExampleMap.FirstPersonExampleMap_C' with ClassGeneratedBy '/Game/FirstPersonBP/Maps/FirstPersonExampleMap.FirstPersonExampleMap:PersistentLevel.FirstPersonExampleMap'
[2019.11.17-20.56.52:325][613]LogBlueprintUserMessages: Late EndPlayMap Detection: Level '/Game/Maps/Door_Breached.Door_Breached:PersistentLevel' has LevelScriptBlueprint '/Game/Maps/Door_Breached.Door_Breached:PersistentLevel.Door_Breached' with GeneratedClass '/Game/Maps/Door_Breached.Door_Breached_C' with ClassGeneratedBy '/Game/Maps/Door_Breached.Door_Breached:PersistentLevel.Door_Breached'
[2019.11.17-20.56.52:327][613]LogBlueprintUserMessages: Late EndPlayMap Detection: Level '/Game/Maps/Door_Kit.Door_Kit:PersistentLevel' has LevelScriptBlueprint '/Game/Maps/Door_Kit.Door_Kit:PersistentLevel.Door_Kit' with GeneratedClass '/Game/Maps/Door_Kit.Door_Kit_C' with ClassGeneratedBy '/Game/Maps/Door_Kit.Door_Kit:PersistentLevel.Door_Kit'
[2019.11.17-20.56.52:328][613]LogBlueprintUserMessages: Late EndPlayMap Detection: Level '/Game/Maps/Turret_Kit.Turret_Kit:PersistentLevel' has LevelScriptBlueprint '/Game/Maps/Turret_Kit.Turret_Kit:PersistentLevel.Turret_Kit' with GeneratedClass '/Game/Maps/Turret_Kit.Turret_Kit_C' with ClassGeneratedBy '/Game/Maps/Turret_Kit.Turret_Kit:PersistentLevel.Turret_Kit'
[2019.11.17-20.56.52:329][613]LogBlueprintUserMessages: Late EndPlayMap Detection: Level '/Game/Maps/Laser_Kit.Laser_Kit:PersistentLevel' has LevelScriptBlueprint '/Game/Maps/Laser_Kit.Laser_Kit:PersistentLevel.Laser_Kit' with GeneratedClass '/Game/Maps/Laser_Kit.Laser_Kit_C' with ClassGeneratedBy '/Game/Maps/Laser_Kit.Laser_Kit:PersistentLevel.Laser_Kit'
[2019.11.17-20.56.52:330][613]LogBlueprintUserMessages: Late EndPlayMap Detection: Level '/Game/Maps/Camera_Kit.Camera_Kit:PersistentLevel' has LevelScriptBlueprint '/Game/Maps/Camera_Kit.Camera_Kit:PersistentLevel.Camera_Kit' with GeneratedClass '/Game/Maps/Camera_Kit.Camera_Kit_C' with ClassGeneratedBy '/Game/Maps/Camera_Kit.Camera_Kit:PersistentLevel.Camera_Kit'
[2019.11.17-20.56.52:331][613]LogBlueprintUserMessages: Late EndPlayMap Detection: Level '/Game/Maps/Explosive_Kit.Explosive_Kit:PersistentLevel' has LevelScriptBlueprint '/Game/Maps/Explosive_Kit.Explosive_Kit:PersistentLevel.Explosive_Kit' with GeneratedClass '/Game/Maps/Explosive_Kit.Explosive_Kit_C' with ClassGeneratedBy '/Game/Maps/Explosive_Kit.Explosive_Kit:PersistentLevel.Explosive_Kit'
[2019.11.17-20.56.52:332][613]LogBlueprintUserMessages: Late EndPlayMap Detection: Level '/Game/Maps/Teleport_Kit.Teleport_Kit:PersistentLevel' has LevelScriptBlueprint '/Game/Maps/Teleport_Kit.Teleport_Kit:PersistentLevel.Teleport_Kit' with GeneratedClass '/Game/Maps/Teleport_Kit.Teleport_Kit_C' with ClassGeneratedBy '/Game/Maps/Teleport_Kit.Teleport_Kit:PersistentLevel.Teleport_Kit'
[2019.11.17-20.56.52:461][613]LogSlate: Updating window title bar state: overlay mode, drag disabled, window buttons hidden, title bar hidden
[2019.11.17-20.56.52:475][613]LogUObjectHash: Compacting FUObjectHashTables data took   7.28ms
[2019.11.17-20.56.52:789][614]LogPlayLevel: Display: Destroying online subsystem :Context_43
[2019.11.17-20.56.58:567][778]LogEditorViewport: Clicking on Actor (LMB): TriggerBox (Kit_Teleport)
[2019.11.17-20.56.59:334][795]LogEditorViewport: Clicking on Actor (LMB): Key_C (Key)
[2019.11.17-20.57.05:554][945]Cmd: CAMERA ALIGN ACTIVEVIEWPORTONLY
[2019.11.17-20.57.11:950][118]Cmd: CAMERA ALIGN ACTIVEVIEWPORTONLY
[2019.11.17-20.57.25:205][470]LogSlate: FSceneViewport::OnFocusLost() reason 0
[2019.11.17-20.57.25:339][474]LogTemp: Repeating last play command: Selected Viewport
[2019.11.17-20.57.25:459][474]LogBlueprintUserMessages: Early PlayInEditor Detection: Level '/Game/FirstPersonBP/Maps/FirstPersonExampleMap.FirstPersonExampleMap:PersistentLevel' has LevelScriptBlueprint '/Game/FirstPersonBP/Maps/FirstPersonExampleMap.FirstPersonExampleMap:PersistentLevel.FirstPersonExampleMap' with GeneratedClass '/Game/FirstPersonBP/Maps/FirstPersonExampleMap.FirstPersonExampleMap_C' with ClassGeneratedBy '/Game/FirstPersonBP/Maps/FirstPersonExampleMap.FirstPersonExampleMap:PersistentLevel.FirstPersonExampleMap'
[2019.11.17-20.57.25:460][474]LogBlueprintUserMessages: Early PlayInEditor Detection: Level '/Game/Maps/Door_Breached.Door_Breached:PersistentLevel' has LevelScriptBlueprint '/Game/Maps/Door_Breached.Door_Breached:PersistentLevel.Door_Breached' with GeneratedClass '/Game/Maps/Door_Breached.Door_Breached_C' with ClassGeneratedBy '/Game/Maps/Door_Breached.Door_Breached:PersistentLevel.Door_Breached'
[2019.11.17-20.57.25:461][474]LogBlueprintUserMessages: Early PlayInEditor Detection: Level '/Game/Maps/Door_Kit.Door_Kit:PersistentLevel' has LevelScriptBlueprint '/Game/Maps/Door_Kit.Door_Kit:PersistentLevel.Door_Kit' with GeneratedClass '/Game/Maps/Door_Kit.Door_Kit_C' with ClassGeneratedBy '/Game/Maps/Door_Kit.Door_Kit:PersistentLevel.Door_Kit'
[2019.11.17-20.57.25:463][474]LogBlueprintUserMessages: Early PlayInEditor Detection: Level '/Game/Maps/Turret_Kit.Turret_Kit:PersistentLevel' has LevelScriptBlueprint '/Game/Maps/Turret_Kit.Turret_Kit:PersistentLevel.Turret_Kit' with GeneratedClass '/Game/Maps/Turret_Kit.Turret_Kit_C' with ClassGeneratedBy '/Game/Maps/Turret_Kit.Turret_Kit:PersistentLevel.Turret_Kit'
[2019.11.17-20.57.25:464][474]LogBlueprintUserMessages: Early PlayInEditor Detection: Level '/Game/Maps/Laser_Kit.Laser_Kit:PersistentLevel' has LevelScriptBlueprint '/Game/Maps/Laser_Kit.Laser_Kit:PersistentLevel.Laser_Kit' with GeneratedClass '/Game/Maps/Laser_Kit.Laser_Kit_C' with ClassGeneratedBy '/Game/Maps/Laser_Kit.Laser_Kit:PersistentLevel.Laser_Kit'
[2019.11.17-20.57.25:465][474]LogBlueprintUserMessages: Early PlayInEditor Detection: Level '/Game/Maps/Camera_Kit.Camera_Kit:PersistentLevel' has LevelScriptBlueprint '/Game/Maps/Camera_Kit.Camera_Kit:PersistentLevel.Camera_Kit' with GeneratedClass '/Game/Maps/Camera_Kit.Camera_Kit_C' with ClassGeneratedBy '/Game/Maps/Camera_Kit.Camera_Kit:PersistentLevel.Camera_Kit'
[2019.11.17-20.57.25:466][474]LogBlueprintUserMessages: Early PlayInEditor Detection: Level '/Game/Maps/Explosive_Kit.Explosive_Kit:PersistentLevel' has LevelScriptBlueprint '/Game/Maps/Explosive_Kit.Explosive_Kit:PersistentLevel.Explosive_Kit' with GeneratedClass '/Game/Maps/Explosive_Kit.Explosive_Kit_C' with ClassGeneratedBy '/Game/Maps/Explosive_Kit.Explosive_Kit:PersistentLevel.Explosive_Kit'
[2019.11.17-20.57.25:467][474]LogBlueprintUserMessages: Early PlayInEditor Detection: Level '/Game/Maps/Teleport_Kit.Teleport_Kit:PersistentLevel' has LevelScriptBlueprint '/Game/Maps/Teleport_Kit.Teleport_Kit:PersistentLevel.Teleport_Kit' with GeneratedClass '/Game/Maps/Teleport_Kit.Teleport_Kit_C' with ClassGeneratedBy '/Game/Maps/Teleport_Kit.Teleport_Kit:PersistentLevel.Teleport_Kit'
[2019.11.17-20.57.25:469][474]LogPlayLevel: PlayLevel: No blueprints needed recompiling
[2019.11.17-20.57.25:469][474]PIE: New page: PIE session: FirstPersonExampleMap (Nov 17, 2019, 4:57:25 AM)
[2019.11.17-20.57.25:470][474]LogPlayLevel: Creating play world package: /Game/FirstPersonBP/Maps/UEDPIE_0_FirstPersonExampleMap
[2019.11.17-20.57.25:512][474]LogPlayLevel: PIE: StaticDuplicateObject took: (0.041632s)
[2019.11.17-20.57.25:514][474]LogAIModule: Creating AISystem for world FirstPersonExampleMap
[2019.11.17-20.57.25:516][474]LogPlayLevel: PIE: World Init took: (0.003081s)
[2019.11.17-20.57.25:516][474]LogPlayLevel: PIE: Created PIE world by copying editor world from /Game/FirstPersonBP/Maps/FirstPersonExampleMap.FirstPersonExampleMap to /Game/FirstPersonBP/Maps/UEDPIE_0_FirstPersonExampleMap.FirstPersonExampleMap (0.046571s)
[2019.11.17-20.57.25:662][474]LogUObjectHash: Compacting FUObjectHashTables data took   6.82ms
[2019.11.17-20.57.25:731][474]LogInit: XAudio2 using 'Headset Earphone (SteelSeries Arctis 5 Chat)' : 2 channels at 48 kHz using 16 bits per sample (channel mask 0x3)
[2019.11.17-20.57.25:770][474]LogInit: FAudioDevice initialized.
[2019.11.17-20.57.25:811][474]LogLoad: Game class is 'FirstPersonGameMode_C'
[2019.11.17-20.57.25:819][474]LogWorld: Bringing World /Game/FirstPersonBP/Maps/UEDPIE_0_FirstPersonExampleMap.FirstPersonExampleMap up for play (max tick rate 60) at 2019.11.17-12.57.25
[2019.11.17-20.57.25:821][474]LogWorld: Bringing up level for play took: 0.007491
[2019.11.17-20.57.25:838][474]PIE: Play in editor start time for /Game/FirstPersonBP/Maps/UEDPIE_0_FirstPersonExampleMap 0.166
[2019.11.17-20.57.25:838][474]LogBlueprintUserMessages: Late PlayInEditor Detection: Level '/Game/FirstPersonBP/Maps/FirstPersonExampleMap.FirstPersonExampleMap:PersistentLevel' has LevelScriptBlueprint '/Game/FirstPersonBP/Maps/FirstPersonExampleMap.FirstPersonExampleMap:PersistentLevel.FirstPersonExampleMap' with GeneratedClass '/Game/FirstPersonBP/Maps/FirstPersonExampleMap.FirstPersonExampleMap_C' with ClassGeneratedBy '/Game/FirstPersonBP/Maps/FirstPersonExampleMap.FirstPersonExampleMap:PersistentLevel.FirstPersonExampleMap'
[2019.11.17-20.57.25:840][474]LogBlueprintUserMessages: Late PlayInEditor Detection: Level '/Game/Maps/Door_Breached.Door_Breached:PersistentLevel' has LevelScriptBlueprint '/Game/Maps/Door_Breached.Door_Breached:PersistentLevel.Door_Breached' with GeneratedClass '/Game/Maps/Door_Breached.Door_Breached_C' with ClassGeneratedBy '/Game/Maps/Door_Breached.Door_Breached:PersistentLevel.Door_Breached'
[2019.11.17-20.57.25:841][474]LogBlueprintUserMessages: Late PlayInEditor Detection: Level '/Game/Maps/Door_Kit.Door_Kit:PersistentLevel' has LevelScriptBlueprint '/Game/Maps/Door_Kit.Door_Kit:PersistentLevel.Door_Kit' with GeneratedClass '/Game/Maps/Door_Kit.Door_Kit_C' with ClassGeneratedBy '/Game/Maps/Door_Kit.Door_Kit:PersistentLevel.Door_Kit'
[2019.11.17-20.57.25:842][474]LogBlueprintUserMessages: Late PlayInEditor Detection: Level '/Game/Maps/Turret_Kit.Turret_Kit:PersistentLevel' has LevelScriptBlueprint '/Game/Maps/Turret_Kit.Turret_Kit:PersistentLevel.Turret_Kit' with GeneratedClass '/Game/Maps/Turret_Kit.Turret_Kit_C' with ClassGeneratedBy '/Game/Maps/Turret_Kit.Turret_Kit:PersistentLevel.Turret_Kit'
[2019.11.17-20.57.25:843][474]LogBlueprintUserMessages: Late PlayInEditor Detection: Level '/Game/Maps/Laser_Kit.Laser_Kit:PersistentLevel' has LevelScriptBlueprint '/Game/Maps/Laser_Kit.Laser_Kit:PersistentLevel.Laser_Kit' with GeneratedClass '/Game/Maps/Laser_Kit.Laser_Kit_C' with ClassGeneratedBy '/Game/Maps/Laser_Kit.Laser_Kit:PersistentLevel.Laser_Kit'
[2019.11.17-20.57.25:844][474]LogBlueprintUserMessages: Late PlayInEditor Detection: Level '/Game/Maps/Camera_Kit.Camera_Kit:PersistentLevel' has LevelScriptBlueprint '/Game/Maps/Camera_Kit.Camera_Kit:PersistentLevel.Camera_Kit' with GeneratedClass '/Game/Maps/Camera_Kit.Camera_Kit_C' with ClassGeneratedBy '/Game/Maps/Camera_Kit.Camera_Kit:PersistentLevel.Camera_Kit'
[2019.11.17-20.57.25:845][474]LogBlueprintUserMessages: Late PlayInEditor Detection: Level '/Game/Maps/Explosive_Kit.Explosive_Kit:PersistentLevel' has LevelScriptBlueprint '/Game/Maps/Explosive_Kit.Explosive_Kit:PersistentLevel.Explosive_Kit' with GeneratedClass '/Game/Maps/Explosive_Kit.Explosive_Kit_C' with ClassGeneratedBy '/Game/Maps/Explosive_Kit.Explosive_Kit:PersistentLevel.Explosive_Kit'
[2019.11.17-20.57.25:846][474]LogBlueprintUserMessages: Late PlayInEditor Detection: Level '/Game/Maps/Teleport_Kit.Teleport_Kit:PersistentLevel' has LevelScriptBlueprint '/Game/Maps/Teleport_Kit.Teleport_Kit:PersistentLevel.Teleport_Kit' with GeneratedClass '/Game/Maps/Teleport_Kit.Teleport_Kit_C' with ClassGeneratedBy '/Game/Maps/Teleport_Kit.Teleport_Kit:PersistentLevel.Teleport_Kit'
[2019.11.17-20.57.32:013][643]LogLevel: ActivateLevel /Game/Maps/UEDPIE_0_Camera_Kit 1 1 0
[2019.11.17-20.57.32:184][646]LogLevel: ActivateLevel /Game/Maps/UEDPIE_0_Door_Kit 1 1 1
[2019.11.17-20.57.32:466][652]LogLevel: Warning: Failed to find streaming level object associated with 'None'
[2019.11.17-20.57.33:788][691]LogLevel: ActivateLevel /Game/Maps/UEDPIE_0_Camera_Kit 0 0 0
[2019.11.17-20.57.34:041][692]LogUObjectHash: Compacting FUObjectHashTables data took  11.67ms
[2019.11.17-20.57.34:115][693]LogLevel: ActivateLevel /Game/Maps/UEDPIE_0_Teleport_Kit 1 1 0
[2019.11.17-20.57.34:115][693]LogLevel: ActivateLevel /Game/Maps/UEDPIE_0_Camera_Kit 1 1 0
[2019.11.17-20.57.35:283][721]LogBlueprintUserMessages: [FirstPersonCharacter_C_1] Inventory now contains this many items:1
[2019.11.17-20.57.36:075][743]LogLevel: ActivateLevel /Game/Maps/UEDPIE_0_Camera_Kit 0 0 0
[2019.11.17-20.57.36:274][744]LogUObjectHash: Compacting FUObjectHashTables data took   9.64ms
[2019.11.17-20.57.36:624][754]LogLevel: ActivateLevel /Game/Maps/UEDPIE_0_Teleport_Kit 0 0 0
[2019.11.17-20.57.36:838][755]LogUObjectHash: Compacting FUObjectHashTables data took   2.02ms
[2019.11.17-20.57.36:840][755]LogLevel: ActivateLevel /Game/Maps/UEDPIE_0_Door_Kit 0 0 1
[2019.11.17-20.57.37:041][756]LogUObjectHash: Compacting FUObjectHashTables data took   5.74ms
[2019.11.17-20.57.37:109][758]LogLevel: Warning: Failed to find streaming level object associated with 'None'
[2019.11.17-20.57.37:144][759]LogLevel: ActivateLevel /Game/Maps/UEDPIE_0_Door_Kit 0 0 1
[2019.11.17-20.57.39:931][837]LogBlueprintUserMessages: [Safe_2] Safe: BEEP
[2019.11.17-20.57.40:466][853]LogBlueprintUserMessages: [Safe_2] Safe: BEEP
[2019.11.17-20.57.41:553][884]LogBlueprintUserMessages: [Safe_2] Safe: BEEP
[2019.11.17-20.57.41:724][889]LogBlueprintUserMessages: [Safe_2] Safe: BEEP
[2019.11.17-20.57.41:894][894]LogBlueprintUserMessages: [Safe_2] Safe: BEEP
[2019.11.17-20.57.42:066][899]LogBlueprintUserMessages: [Safe_2] Safe: BEEP
[2019.11.17-20.57.42:206][903]LogBlueprintUserMessages: [Safe_2] Safe: BEEP
[2019.11.17-20.57.42:368][908]LogBlueprintUserMessages: [Safe_2] Safe: BEEP
[2019.11.17-20.57.43:306][935]LogBlueprintUserMessages: [Safe_2] Safe: Code sequence at full length; clear a character(s) first
[2019.11.17-20.57.44:006][956]LogBlueprintUserMessages: [Safe_2] Safe: Unlocked
[2019.11.17-20.57.44:967][983]LogBlueprintUserMessages: [FirstPersonCharacter_C_1] Inventory now contains this many items:2
[2019.11.17-20.57.48:009][ 64]LogLevel: ActivateLevel /Game/Maps/UEDPIE_0_Door_Kit 1 1 1
[2019.11.17-20.57.48:260][ 69]LogLevel: Warning: Failed to find streaming level object associated with 'None'
[2019.11.17-20.57.48:787][ 82]LogLevel: ActivateLevel /Game/Maps/UEDPIE_0_Teleport_Kit 1 1 0
[2019.11.17-20.57.49:206][ 91]LogLevel: ActivateLevel /Game/Maps/UEDPIE_0_Camera_Kit 1 1 0
[2019.11.17-20.57.50:468][122]LogLevel: ActivateLevel /Game/Maps/UEDPIE_0_Teleport_Kit 0 0 0
[2019.11.17-20.57.50:671][123]LogUObjectHash: Compacting FUObjectHashTables data took   8.14ms
[2019.11.17-20.57.50:911][130]LogLevel: ActivateLevel /Game/Maps/UEDPIE_0_Teleport_Kit 1 1 0
[2019.11.17-20.57.53:463][203]LogBlueprintUserMessages: [Door3] Door is locked
[2019.11.17-20.57.54:302][229]LogBlueprintUserMessages: [Door3] Door is locked, cannot open
[2019.11.17-20.57.54:504][235]LogBlueprintUserMessages: [Door3] Door is locked, cannot open
[2019.11.17-20.57.54:677][240]LogBlueprintUserMessages: [Door3] Door is locked, cannot open
[2019.11.17-20.57.54:844][245]LogBlueprintUserMessages: [Door3] Door is locked, cannot open
[2019.11.17-20.57.55:142][252]LogLevel: ActivateLevel /Game/Maps/UEDPIE_0_Camera_Kit 0 0 0
[2019.11.17-20.57.55:355][253]LogUObjectHash: Compacting FUObjectHashTables data took   8.72ms
[2019.11.17-20.57.55:447][255]LogLevel: ActivateLevel /Game/Maps/UEDPIE_0_Teleport_Kit 0 0 0
[2019.11.17-20.57.55:658][256]LogUObjectHash: Compacting FUObjectHashTables data took   6.97ms
[2019.11.17-20.57.55:915][263]LogBlueprintUserMessages: Early EndPlayMap Detection: Level '/Game/FirstPersonBP/Maps/FirstPersonExampleMap.FirstPersonExampleMap:PersistentLevel' has LevelScriptBlueprint '/Game/FirstPersonBP/Maps/FirstPersonExampleMap.FirstPersonExampleMap:PersistentLevel.FirstPersonExampleMap' with GeneratedClass '/Game/FirstPersonBP/Maps/FirstPersonExampleMap.FirstPersonExampleMap_C' with ClassGeneratedBy '/Game/FirstPersonBP/Maps/FirstPersonExampleMap.FirstPersonExampleMap:PersistentLevel.FirstPersonExampleMap'
[2019.11.17-20.57.55:917][263]LogBlueprintUserMessages: Early EndPlayMap Detection: Level '/Game/Maps/Door_Breached.Door_Breached:PersistentLevel' has LevelScriptBlueprint '/Game/Maps/Door_Breached.Door_Breached:PersistentLevel.Door_Breached' with GeneratedClass '/Game/Maps/Door_Breached.Door_Breached_C' with ClassGeneratedBy '/Game/Maps/Door_Breached.Door_Breached:PersistentLevel.Door_Breached'
[2019.11.17-20.57.55:919][263]LogBlueprintUserMessages: Early EndPlayMap Detection: Level '/Game/Maps/Door_Kit.Door_Kit:PersistentLevel' has LevelScriptBlueprint '/Game/Maps/Door_Kit.Door_Kit:PersistentLevel.Door_Kit' with GeneratedClass '/Game/Maps/Door_Kit.Door_Kit_C' with ClassGeneratedBy '/Game/Maps/Door_Kit.Door_Kit:PersistentLevel.Door_Kit'
[2019.11.17-20.57.55:920][263]LogBlueprintUserMessages: Early EndPlayMap Detection: Level '/Game/Maps/Turret_Kit.Turret_Kit:PersistentLevel' has LevelScriptBlueprint '/Game/Maps/Turret_Kit.Turret_Kit:PersistentLevel.Turret_Kit' with GeneratedClass '/Game/Maps/Turret_Kit.Turret_Kit_C' with ClassGeneratedBy '/Game/Maps/Turret_Kit.Turret_Kit:PersistentLevel.Turret_Kit'
[2019.11.17-20.57.55:922][263]LogBlueprintUserMessages: Early EndPlayMap Detection: Level '/Game/Maps/Laser_Kit.Laser_Kit:PersistentLevel' has LevelScriptBlueprint '/Game/Maps/Laser_Kit.Laser_Kit:PersistentLevel.Laser_Kit' with GeneratedClass '/Game/Maps/Laser_Kit.Laser_Kit_C' with ClassGeneratedBy '/Game/Maps/Laser_Kit.Laser_Kit:PersistentLevel.Laser_Kit'
[2019.11.17-20.57.55:923][263]LogBlueprintUserMessages: Early EndPlayMap Detection: Level '/Game/Maps/Camera_Kit.Camera_Kit:PersistentLevel' has LevelScriptBlueprint '/Game/Maps/Camera_Kit.Camera_Kit:PersistentLevel.Camera_Kit' with GeneratedClass '/Game/Maps/Camera_Kit.Camera_Kit_C' with ClassGeneratedBy '/Game/Maps/Camera_Kit.Camera_Kit:PersistentLevel.Camera_Kit'
[2019.11.17-20.57.55:924][263]LogBlueprintUserMessages: Early EndPlayMap Detection: Level '/Game/Maps/Explosive_Kit.Explosive_Kit:PersistentLevel' has LevelScriptBlueprint '/Game/Maps/Explosive_Kit.Explosive_Kit:PersistentLevel.Explosive_Kit' with GeneratedClass '/Game/Maps/Explosive_Kit.Explosive_Kit_C' with ClassGeneratedBy '/Game/Maps/Explosive_Kit.Explosive_Kit:PersistentLevel.Explosive_Kit'
[2019.11.17-20.57.55:925][263]LogBlueprintUserMessages: Early EndPlayMap Detection: Level '/Game/Maps/Teleport_Kit.Teleport_Kit:PersistentLevel' has LevelScriptBlueprint '/Game/Maps/Teleport_Kit.Teleport_Kit:PersistentLevel.Teleport_Kit' with GeneratedClass '/Game/Maps/Teleport_Kit.Teleport_Kit_C' with ClassGeneratedBy '/Game/Maps/Teleport_Kit.Teleport_Kit:PersistentLevel.Teleport_Kit'
[2019.11.17-20.57.55:926][263]LogSlate: Updating window title bar state: overlay mode, drag disabled, window buttons hidden, title bar hidden
[2019.11.17-20.57.56:015][263]LogPlayLevel: Display: Shutting down PIE online subsystems
[2019.11.17-20.57.56:016][263]LogBlueprintUserMessages: Late EndPlayMap Detection: Level '/Game/FirstPersonBP/Maps/FirstPersonExampleMap.FirstPersonExampleMap:PersistentLevel' has LevelScriptBlueprint '/Game/FirstPersonBP/Maps/FirstPersonExampleMap.FirstPersonExampleMap:PersistentLevel.FirstPersonExampleMap' with GeneratedClass '/Game/FirstPersonBP/Maps/FirstPersonExampleMap.FirstPersonExampleMap_C' with ClassGeneratedBy '/Game/FirstPersonBP/Maps/FirstPersonExampleMap.FirstPersonExampleMap:PersistentLevel.FirstPersonExampleMap'
[2019.11.17-20.57.56:017][263]LogBlueprintUserMessages: Late EndPlayMap Detection: Level '/Game/Maps/Door_Breached.Door_Breached:PersistentLevel' has LevelScriptBlueprint '/Game/Maps/Door_Breached.Door_Breached:PersistentLevel.Door_Breached' with GeneratedClass '/Game/Maps/Door_Breached.Door_Breached_C' with ClassGeneratedBy '/Game/Maps/Door_Breached.Door_Breached:PersistentLevel.Door_Breached'
[2019.11.17-20.57.56:018][263]LogBlueprintUserMessages: Late EndPlayMap Detection: Level '/Game/Maps/Door_Kit.Door_Kit:PersistentLevel' has LevelScriptBlueprint '/Game/Maps/Door_Kit.Door_Kit:PersistentLevel.Door_Kit' with GeneratedClass '/Game/Maps/Door_Kit.Door_Kit_C' with ClassGeneratedBy '/Game/Maps/Door_Kit.Door_Kit:PersistentLevel.Door_Kit'
[2019.11.17-20.57.56:019][263]LogBlueprintUserMessages: Late EndPlayMap Detection: Level '/Game/Maps/Turret_Kit.Turret_Kit:PersistentLevel' has LevelScriptBlueprint '/Game/Maps/Turret_Kit.Turret_Kit:PersistentLevel.Turret_Kit' with GeneratedClass '/Game/Maps/Turret_Kit.Turret_Kit_C' with ClassGeneratedBy '/Game/Maps/Turret_Kit.Turret_Kit:PersistentLevel.Turret_Kit'
[2019.11.17-20.57.56:020][263]LogBlueprintUserMessages: Late EndPlayMap Detection: Level '/Game/Maps/Laser_Kit.Laser_Kit:PersistentLevel' has LevelScriptBlueprint '/Game/Maps/Laser_Kit.Laser_Kit:PersistentLevel.Laser_Kit' with GeneratedClass '/Game/Maps/Laser_Kit.Laser_Kit_C' with ClassGeneratedBy '/Game/Maps/Laser_Kit.Laser_Kit:PersistentLevel.Laser_Kit'
[2019.11.17-20.57.56:021][263]LogBlueprintUserMessages: Late EndPlayMap Detection: Level '/Game/Maps/Camera_Kit.Camera_Kit:PersistentLevel' has LevelScriptBlueprint '/Game/Maps/Camera_Kit.Camera_Kit:PersistentLevel.Camera_Kit' with GeneratedClass '/Game/Maps/Camera_Kit.Camera_Kit_C' with ClassGeneratedBy '/Game/Maps/Camera_Kit.Camera_Kit:PersistentLevel.Camera_Kit'
[2019.11.17-20.57.56:022][263]LogBlueprintUserMessages: Late EndPlayMap Detection: Level '/Game/Maps/Explosive_Kit.Explosive_Kit:PersistentLevel' has LevelScriptBlueprint '/Game/Maps/Explosive_Kit.Explosive_Kit:PersistentLevel.Explosive_Kit' with GeneratedClass '/Game/Maps/Explosive_Kit.Explosive_Kit_C' with ClassGeneratedBy '/Game/Maps/Explosive_Kit.Explosive_Kit:PersistentLevel.Explosive_Kit'
[2019.11.17-20.57.56:024][263]LogBlueprintUserMessages: Late EndPlayMap Detection: Level '/Game/Maps/Teleport_Kit.Teleport_Kit:PersistentLevel' has LevelScriptBlueprint '/Game/Maps/Teleport_Kit.Teleport_Kit:PersistentLevel.Teleport_Kit' with GeneratedClass '/Game/Maps/Teleport_Kit.Teleport_Kit_C' with ClassGeneratedBy '/Game/Maps/Teleport_Kit.Teleport_Kit:PersistentLevel.Teleport_Kit'
[2019.11.17-20.57.56:162][263]LogSlate: Updating window title bar state: overlay mode, drag disabled, window buttons hidden, title bar hidden
[2019.11.17-20.57.56:176][263]LogUObjectHash: Compacting FUObjectHashTables data took   7.69ms
[2019.11.17-20.57.56:489][264]LogPlayLevel: Display: Destroying online subsystem :Context_44
[2019.11.17-20.57.56:618][264]LogUObjectHash: Compacting FUObjectHashTables data took   3.79ms
[2019.11.17-20.58.00:456][373]LogEditorViewport: Clicking on Actor (LMB): Key_C (Key2)
[2019.11.17-20.58.05:778][506]LogSlate: FSceneViewport::OnFocusLost() reason 0
[2019.11.17-20.58.08:334][574]LogTemp: Repeating last play command: Selected Viewport
[2019.11.17-20.58.08:442][574]LogBlueprintUserMessages: Early PlayInEditor Detection: Level '/Game/FirstPersonBP/Maps/FirstPersonExampleMap.FirstPersonExampleMap:PersistentLevel' has LevelScriptBlueprint '/Game/FirstPersonBP/Maps/FirstPersonExampleMap.FirstPersonExampleMap:PersistentLevel.FirstPersonExampleMap' with GeneratedClass '/Game/FirstPersonBP/Maps/FirstPersonExampleMap.FirstPersonExampleMap_C' with ClassGeneratedBy '/Game/FirstPersonBP/Maps/FirstPersonExampleMap.FirstPersonExampleMap:PersistentLevel.FirstPersonExampleMap'
[2019.11.17-20.58.08:444][574]LogBlueprintUserMessages: Early PlayInEditor Detection: Level '/Game/Maps/Door_Breached.Door_Breached:PersistentLevel' has LevelScriptBlueprint '/Game/Maps/Door_Breached.Door_Breached:PersistentLevel.Door_Breached' with GeneratedClass '/Game/Maps/Door_Breached.Door_Breached_C' with ClassGeneratedBy '/Game/Maps/Door_Breached.Door_Breached:PersistentLevel.Door_Breached'
[2019.11.17-20.58.08:445][574]LogBlueprintUserMessages: Early PlayInEditor Detection: Level '/Game/Maps/Door_Kit.Door_Kit:PersistentLevel' has LevelScriptBlueprint '/Game/Maps/Door_Kit.Door_Kit:PersistentLevel.Door_Kit' with GeneratedClass '/Game/Maps/Door_Kit.Door_Kit_C' with ClassGeneratedBy '/Game/Maps/Door_Kit.Door_Kit:PersistentLevel.Door_Kit'
[2019.11.17-20.58.08:446][574]LogBlueprintUserMessages: Early PlayInEditor Detection: Level '/Game/Maps/Turret_Kit.Turret_Kit:PersistentLevel' has LevelScriptBlueprint '/Game/Maps/Turret_Kit.Turret_Kit:PersistentLevel.Turret_Kit' with GeneratedClass '/Game/Maps/Turret_Kit.Turret_Kit_C' with ClassGeneratedBy '/Game/Maps/Turret_Kit.Turret_Kit:PersistentLevel.Turret_Kit'
[2019.11.17-20.58.08:447][574]LogBlueprintUserMessages: Early PlayInEditor Detection: Level '/Game/Maps/Laser_Kit.Laser_Kit:PersistentLevel' has LevelScriptBlueprint '/Game/Maps/Laser_Kit.Laser_Kit:PersistentLevel.Laser_Kit' with GeneratedClass '/Game/Maps/Laser_Kit.Laser_Kit_C' with ClassGeneratedBy '/Game/Maps/Laser_Kit.Laser_Kit:PersistentLevel.Laser_Kit'
[2019.11.17-20.58.08:448][574]LogBlueprintUserMessages: Early PlayInEditor Detection: Level '/Game/Maps/Camera_Kit.Camera_Kit:PersistentLevel' has LevelScriptBlueprint '/Game/Maps/Camera_Kit.Camera_Kit:PersistentLevel.Camera_Kit' with GeneratedClass '/Game/Maps/Camera_Kit.Camera_Kit_C' with ClassGeneratedBy '/Game/Maps/Camera_Kit.Camera_Kit:PersistentLevel.Camera_Kit'
[2019.11.17-20.58.08:449][574]LogBlueprintUserMessages: Early PlayInEditor Detection: Level '/Game/Maps/Explosive_Kit.Explosive_Kit:PersistentLevel' has LevelScriptBlueprint '/Game/Maps/Explosive_Kit.Explosive_Kit:PersistentLevel.Explosive_Kit' with GeneratedClass '/Game/Maps/Explosive_Kit.Explosive_Kit_C' with ClassGeneratedBy '/Game/Maps/Explosive_Kit.Explosive_Kit:PersistentLevel.Explosive_Kit'
[2019.11.17-20.58.08:450][574]LogBlueprintUserMessages: Early PlayInEditor Detection: Level '/Game/Maps/Teleport_Kit.Teleport_Kit:PersistentLevel' has LevelScriptBlueprint '/Game/Maps/Teleport_Kit.Teleport_Kit:PersistentLevel.Teleport_Kit' with GeneratedClass '/Game/Maps/Teleport_Kit.Teleport_Kit_C' with ClassGeneratedBy '/Game/Maps/Teleport_Kit.Teleport_Kit:PersistentLevel.Teleport_Kit'
[2019.11.17-20.58.08:451][574]LogPlayLevel: PlayLevel: No blueprints needed recompiling
[2019.11.17-20.58.08:452][574]PIE: New page: PIE session: FirstPersonExampleMap (Nov 17, 2019, 4:58:08 AM)
[2019.11.17-20.58.08:452][574]LogPlayLevel: Creating play world package: /Game/FirstPersonBP/Maps/UEDPIE_0_FirstPersonExampleMap
[2019.11.17-20.58.08:496][574]LogPlayLevel: PIE: StaticDuplicateObject took: (0.042916s)
[2019.11.17-20.58.08:498][574]LogAIModule: Creating AISystem for world FirstPersonExampleMap
[2019.11.17-20.58.08:500][574]LogPlayLevel: PIE: World Init took: (0.003435s)
[2019.11.17-20.58.08:500][574]LogPlayLevel: PIE: Created PIE world by copying editor world from /Game/FirstPersonBP/Maps/FirstPersonExampleMap.FirstPersonExampleMap to /Game/FirstPersonBP/Maps/UEDPIE_0_FirstPersonExampleMap.FirstPersonExampleMap (0.047879s)
[2019.11.17-20.58.08:631][574]LogUObjectHash: Compacting FUObjectHashTables data took   8.80ms
[2019.11.17-20.58.08:709][574]LogInit: XAudio2 using 'Headset Earphone (SteelSeries Arctis 5 Chat)' : 2 channels at 48 kHz using 16 bits per sample (channel mask 0x3)
[2019.11.17-20.58.08:748][574]LogInit: FAudioDevice initialized.
[2019.11.17-20.58.08:794][574]LogLoad: Game class is 'FirstPersonGameMode_C'
[2019.11.17-20.58.08:804][574]LogWorld: Bringing World /Game/FirstPersonBP/Maps/UEDPIE_0_FirstPersonExampleMap.FirstPersonExampleMap up for play (max tick rate 60) at 2019.11.17-12.58.08
[2019.11.17-20.58.08:806][574]LogWorld: Bringing up level for play took: 0.009672
[2019.11.17-20.58.08:822][574]PIE: Play in editor start time for /Game/FirstPersonBP/Maps/UEDPIE_0_FirstPersonExampleMap 1.151
[2019.11.17-20.58.08:824][574]LogBlueprintUserMessages: Late PlayInEditor Detection: Level '/Game/FirstPersonBP/Maps/FirstPersonExampleMap.FirstPersonExampleMap:PersistentLevel' has LevelScriptBlueprint '/Game/FirstPersonBP/Maps/FirstPersonExampleMap.FirstPersonExampleMap:PersistentLevel.FirstPersonExampleMap' with GeneratedClass '/Game/FirstPersonBP/Maps/FirstPersonExampleMap.FirstPersonExampleMap_C' with ClassGeneratedBy '/Game/FirstPersonBP/Maps/FirstPersonExampleMap.FirstPersonExampleMap:PersistentLevel.FirstPersonExampleMap'
[2019.11.17-20.58.08:825][574]LogBlueprintUserMessages: Late PlayInEditor Detection: Level '/Game/Maps/Door_Breached.Door_Breached:PersistentLevel' has LevelScriptBlueprint '/Game/Maps/Door_Breached.Door_Breached:PersistentLevel.Door_Breached' with GeneratedClass '/Game/Maps/Door_Breached.Door_Breached_C' with ClassGeneratedBy '/Game/Maps/Door_Breached.Door_Breached:PersistentLevel.Door_Breached'
[2019.11.17-20.58.08:827][574]LogBlueprintUserMessages: Late PlayInEditor Detection: Level '/Game/Maps/Door_Kit.Door_Kit:PersistentLevel' has LevelScriptBlueprint '/Game/Maps/Door_Kit.Door_Kit:PersistentLevel.Door_Kit' with GeneratedClass '/Game/Maps/Door_Kit.Door_Kit_C' with ClassGeneratedBy '/Game/Maps/Door_Kit.Door_Kit:PersistentLevel.Door_Kit'
[2019.11.17-20.58.08:828][574]LogBlueprintUserMessages: Late PlayInEditor Detection: Level '/Game/Maps/Turret_Kit.Turret_Kit:PersistentLevel' has LevelScriptBlueprint '/Game/Maps/Turret_Kit.Turret_Kit:PersistentLevel.Turret_Kit' with GeneratedClass '/Game/Maps/Turret_Kit.Turret_Kit_C' with ClassGeneratedBy '/Game/Maps/Turret_Kit.Turret_Kit:PersistentLevel.Turret_Kit'
[2019.11.17-20.58.08:829][574]LogBlueprintUserMessages: Late PlayInEditor Detection: Level '/Game/Maps/Laser_Kit.Laser_Kit:PersistentLevel' has LevelScriptBlueprint '/Game/Maps/Laser_Kit.Laser_Kit:PersistentLevel.Laser_Kit' with GeneratedClass '/Game/Maps/Laser_Kit.Laser_Kit_C' with ClassGeneratedBy '/Game/Maps/Laser_Kit.Laser_Kit:PersistentLevel.Laser_Kit'
[2019.11.17-20.58.08:830][574]LogBlueprintUserMessages: Late PlayInEditor Detection: Level '/Game/Maps/Camera_Kit.Camera_Kit:PersistentLevel' has LevelScriptBlueprint '/Game/Maps/Camera_Kit.Camera_Kit:PersistentLevel.Camera_Kit' with GeneratedClass '/Game/Maps/Camera_Kit.Camera_Kit_C' with ClassGeneratedBy '/Game/Maps/Camera_Kit.Camera_Kit:PersistentLevel.Camera_Kit'
[2019.11.17-20.58.08:831][574]LogBlueprintUserMessages: Late PlayInEditor Detection: Level '/Game/Maps/Explosive_Kit.Explosive_Kit:PersistentLevel' has LevelScriptBlueprint '/Game/Maps/Explosive_Kit.Explosive_Kit:PersistentLevel.Explosive_Kit' with GeneratedClass '/Game/Maps/Explosive_Kit.Explosive_Kit_C' with ClassGeneratedBy '/Game/Maps/Explosive_Kit.Explosive_Kit:PersistentLevel.Explosive_Kit'
[2019.11.17-20.58.08:832][574]LogBlueprintUserMessages: Late PlayInEditor Detection: Level '/Game/Maps/Teleport_Kit.Teleport_Kit:PersistentLevel' has LevelScriptBlueprint '/Game/Maps/Teleport_Kit.Teleport_Kit:PersistentLevel.Teleport_Kit' with GeneratedClass '/Game/Maps/Teleport_Kit.Teleport_Kit_C' with ClassGeneratedBy '/Game/Maps/Teleport_Kit.Teleport_Kit:PersistentLevel.Teleport_Kit'
[2019.11.17-20.58.12:645][667]LogBlueprintUserMessages: [Safe_2] Safe: BEEP
[2019.11.17-20.58.13:017][677]LogBlueprintUserMessages: [Safe_2] Safe: BEEP
[2019.11.17-20.58.13:210][683]LogBlueprintUserMessages: [Safe_2] Safe: BEEP
[2019.11.17-20.58.13:401][689]LogBlueprintUserMessages: [Safe_2] Safe: BEEP
[2019.11.17-20.58.13:562][694]LogBlueprintUserMessages: [Safe_2] Safe: BEEP
[2019.11.17-20.58.13:801][701]LogBlueprintUserMessages: [Safe_2] Safe: BEEP
[2019.11.17-20.58.13:964][706]LogBlueprintUserMessages: [Safe_2] Safe: Code sequence at full length; clear a character(s) first
[2019.11.17-20.58.14:944][735]LogBlueprintUserMessages: [Safe_2] Safe: Unlocked
[2019.11.17-20.58.15:699][757]LogBlueprintUserMessages: [FirstPersonCharacter_C_1] Inventory now contains this many items:1
[2019.11.17-20.58.18:212][824]LogLevel: ActivateLevel /Game/Maps/UEDPIE_0_Door_Kit 1 1 1
[2019.11.17-20.58.18:504][831]LogLevel: Warning: Failed to find streaming level object associated with 'None'
[2019.11.17-20.58.19:146][849]LogLevel: ActivateLevel /Game/Maps/UEDPIE_0_Teleport_Kit 1 1 0
[2019.11.17-20.58.19:846][866]LogLevel: ActivateLevel /Game/Maps/UEDPIE_0_Camera_Kit 1 1 0
[2019.11.17-20.58.20:576][886]LogBlueprintUserMessages: [Door3] Door is locked
[2019.11.17-20.58.22:187][935]LogBlueprintUserMessages: [Door3] Door is locked, cannot open
[2019.11.17-20.58.23:315][970]LogBlueprintUserMessages: [Door3] Door is locked, cannot open
[2019.11.17-20.58.24:258][999]LogBlueprintUserMessages: [Door3] Door is unlocked
[2019.11.17-20.58.26:669][ 71]LogLevel: ActivateLevel /Game/Maps/UEDPIE_0_Camera_Kit 0 0 0
[2019.11.17-20.58.26:880][ 72]LogUObjectHash: Compacting FUObjectHashTables data took   6.48ms
[2019.11.17-20.58.27:012][ 76]LogLevel: ActivateLevel /Game/Maps/UEDPIE_0_Teleport_Kit 0 0 0
[2019.11.17-20.58.27:212][ 77]LogUObjectHash: Compacting FUObjectHashTables data took   6.96ms
[2019.11.17-20.58.27:343][ 81]LogLevel: ActivateLevel /Game/Maps/UEDPIE_0_Door_Kit 0 0 1
[2019.11.17-20.58.27:534][ 82]LogUObjectHash: Compacting FUObjectHashTables data took   5.96ms
[2019.11.17-20.58.27:585][ 83]LogLevel: ActivateLevel /Game/Maps/UEDPIE_0_Door_Kit 1 1 1
[2019.11.17-20.58.27:702][ 84]LogLevel: Warning: Failed to find streaming level object associated with 'None'
[2019.11.17-20.58.27:874][ 89]LogLevel: ActivateLevel /Game/Maps/UEDPIE_0_Door_Kit 0 0 1
[2019.11.17-20.58.28:108][ 90]LogUObjectHash: Compacting FUObjectHashTables data took   1.73ms
[2019.11.17-20.58.28:111][ 90]LogLevel: ActivateLevel /Game/Maps/UEDPIE_0_Camera_Kit 1 1 0
[2019.11.17-20.58.28:168][ 91]LogLevel: ActivateLevel /Game/Maps/UEDPIE_0_Door_Kit 0 0 1
[2019.11.17-20.58.28:349][ 95]LogLevel: ActivateLevel /Game/Maps/UEDPIE_0_Camera_Kit 0 0 0
[2019.11.17-20.58.28:538][ 96]LogUObjectHash: Compacting FUObjectHashTables data took   1.90ms
[2019.11.17-20.58.31:724][191]LogBlueprintUserMessages: Early EndPlayMap Detection: Level '/Game/FirstPersonBP/Maps/FirstPersonExampleMap.FirstPersonExampleMap:PersistentLevel' has LevelScriptBlueprint '/Game/FirstPersonBP/Maps/FirstPersonExampleMap.FirstPersonExampleMap:PersistentLevel.FirstPersonExampleMap' with GeneratedClass '/Game/FirstPersonBP/Maps/FirstPersonExampleMap.FirstPersonExampleMap_C' with ClassGeneratedBy '/Game/FirstPersonBP/Maps/FirstPersonExampleMap.FirstPersonExampleMap:PersistentLevel.FirstPersonExampleMap'
[2019.11.17-20.58.31:726][191]LogBlueprintUserMessages: Early EndPlayMap Detection: Level '/Game/Maps/Door_Breached.Door_Breached:PersistentLevel' has LevelScriptBlueprint '/Game/Maps/Door_Breached.Door_Breached:PersistentLevel.Door_Breached' with GeneratedClass '/Game/Maps/Door_Breached.Door_Breached_C' with ClassGeneratedBy '/Game/Maps/Door_Breached.Door_Breached:PersistentLevel.Door_Breached'
[2019.11.17-20.58.31:727][191]LogBlueprintUserMessages: Early EndPlayMap Detection: Level '/Game/Maps/Door_Kit.Door_Kit:PersistentLevel' has LevelScriptBlueprint '/Game/Maps/Door_Kit.Door_Kit:PersistentLevel.Door_Kit' with GeneratedClass '/Game/Maps/Door_Kit.Door_Kit_C' with ClassGeneratedBy '/Game/Maps/Door_Kit.Door_Kit:PersistentLevel.Door_Kit'
[2019.11.17-20.58.31:728][191]LogBlueprintUserMessages: Early EndPlayMap Detection: Level '/Game/Maps/Turret_Kit.Turret_Kit:PersistentLevel' has LevelScriptBlueprint '/Game/Maps/Turret_Kit.Turret_Kit:PersistentLevel.Turret_Kit' with GeneratedClass '/Game/Maps/Turret_Kit.Turret_Kit_C' with ClassGeneratedBy '/Game/Maps/Turret_Kit.Turret_Kit:PersistentLevel.Turret_Kit'
[2019.11.17-20.58.31:729][191]LogBlueprintUserMessages: Early EndPlayMap Detection: Level '/Game/Maps/Laser_Kit.Laser_Kit:PersistentLevel' has LevelScriptBlueprint '/Game/Maps/Laser_Kit.Laser_Kit:PersistentLevel.Laser_Kit' with GeneratedClass '/Game/Maps/Laser_Kit.Laser_Kit_C' with ClassGeneratedBy '/Game/Maps/Laser_Kit.Laser_Kit:PersistentLevel.Laser_Kit'
[2019.11.17-20.58.31:731][191]LogBlueprintUserMessages: Early EndPlayMap Detection: Level '/Game/Maps/Camera_Kit.Camera_Kit:PersistentLevel' has LevelScriptBlueprint '/Game/Maps/Camera_Kit.Camera_Kit:PersistentLevel.Camera_Kit' with GeneratedClass '/Game/Maps/Camera_Kit.Camera_Kit_C' with ClassGeneratedBy '/Game/Maps/Camera_Kit.Camera_Kit:PersistentLevel.Camera_Kit'
[2019.11.17-20.58.31:732][191]LogBlueprintUserMessages: Early EndPlayMap Detection: Level '/Game/Maps/Explosive_Kit.Explosive_Kit:PersistentLevel' has LevelScriptBlueprint '/Game/Maps/Explosive_Kit.Explosive_Kit:PersistentLevel.Explosive_Kit' with GeneratedClass '/Game/Maps/Explosive_Kit.Explosive_Kit_C' with ClassGeneratedBy '/Game/Maps/Explosive_Kit.Explosive_Kit:PersistentLevel.Explosive_Kit'
[2019.11.17-20.58.31:734][191]LogBlueprintUserMessages: Early EndPlayMap Detection: Level '/Game/Maps/Teleport_Kit.Teleport_Kit:PersistentLevel' has LevelScriptBlueprint '/Game/Maps/Teleport_Kit.Teleport_Kit:PersistentLevel.Teleport_Kit' with GeneratedClass '/Game/Maps/Teleport_Kit.Teleport_Kit_C' with ClassGeneratedBy '/Game/Maps/Teleport_Kit.Teleport_Kit:PersistentLevel.Teleport_Kit'
[2019.11.17-20.58.31:736][191]LogSlate: Updating window title bar state: overlay mode, drag disabled, window buttons hidden, title bar hidden
[2019.11.17-20.58.31:823][191]LogPlayLevel: Display: Shutting down PIE online subsystems
[2019.11.17-20.58.31:823][191]LogBlueprintUserMessages: Late EndPlayMap Detection: Level '/Game/FirstPersonBP/Maps/FirstPersonExampleMap.FirstPersonExampleMap:PersistentLevel' has LevelScriptBlueprint '/Game/FirstPersonBP/Maps/FirstPersonExampleMap.FirstPersonExampleMap:PersistentLevel.FirstPersonExampleMap' with GeneratedClass '/Game/FirstPersonBP/Maps/FirstPersonExampleMap.FirstPersonExampleMap_C' with ClassGeneratedBy '/Game/FirstPersonBP/Maps/FirstPersonExampleMap.FirstPersonExampleMap:PersistentLevel.FirstPersonExampleMap'
[2019.11.17-20.58.31:825][191]LogBlueprintUserMessages: Late EndPlayMap Detection: Level '/Game/Maps/Door_Breached.Door_Breached:PersistentLevel' has LevelScriptBlueprint '/Game/Maps/Door_Breached.Door_Breached:PersistentLevel.Door_Breached' with GeneratedClass '/Game/Maps/Door_Breached.Door_Breached_C' with ClassGeneratedBy '/Game/Maps/Door_Breached.Door_Breached:PersistentLevel.Door_Breached'
[2019.11.17-20.58.31:826][191]LogBlueprintUserMessages: Late EndPlayMap Detection: Level '/Game/Maps/Door_Kit.Door_Kit:PersistentLevel' has LevelScriptBlueprint '/Game/Maps/Door_Kit.Door_Kit:PersistentLevel.Door_Kit' with GeneratedClass '/Game/Maps/Door_Kit.Door_Kit_C' with ClassGeneratedBy '/Game/Maps/Door_Kit.Door_Kit:PersistentLevel.Door_Kit'
[2019.11.17-20.58.31:827][191]LogBlueprintUserMessages: Late EndPlayMap Detection: Level '/Game/Maps/Turret_Kit.Turret_Kit:PersistentLevel' has LevelScriptBlueprint '/Game/Maps/Turret_Kit.Turret_Kit:PersistentLevel.Turret_Kit' with GeneratedClass '/Game/Maps/Turret_Kit.Turret_Kit_C' with ClassGeneratedBy '/Game/Maps/Turret_Kit.Turret_Kit:PersistentLevel.Turret_Kit'
[2019.11.17-20.58.31:828][191]LogBlueprintUserMessages: Late EndPlayMap Detection: Level '/Game/Maps/Laser_Kit.Laser_Kit:PersistentLevel' has LevelScriptBlueprint '/Game/Maps/Laser_Kit.Laser_Kit:PersistentLevel.Laser_Kit' with GeneratedClass '/Game/Maps/Laser_Kit.Laser_Kit_C' with ClassGeneratedBy '/Game/Maps/Laser_Kit.Laser_Kit:PersistentLevel.Laser_Kit'
[2019.11.17-20.58.31:829][191]LogBlueprintUserMessages: Late EndPlayMap Detection: Level '/Game/Maps/Camera_Kit.Camera_Kit:PersistentLevel' has LevelScriptBlueprint '/Game/Maps/Camera_Kit.Camera_Kit:PersistentLevel.Camera_Kit' with GeneratedClass '/Game/Maps/Camera_Kit.Camera_Kit_C' with ClassGeneratedBy '/Game/Maps/Camera_Kit.Camera_Kit:PersistentLevel.Camera_Kit'
[2019.11.17-20.58.31:830][191]LogBlueprintUserMessages: Late EndPlayMap Detection: Level '/Game/Maps/Explosive_Kit.Explosive_Kit:PersistentLevel' has LevelScriptBlueprint '/Game/Maps/Explosive_Kit.Explosive_Kit:PersistentLevel.Explosive_Kit' with GeneratedClass '/Game/Maps/Explosive_Kit.Explosive_Kit_C' with ClassGeneratedBy '/Game/Maps/Explosive_Kit.Explosive_Kit:PersistentLevel.Explosive_Kit'
[2019.11.17-20.58.31:832][191]LogBlueprintUserMessages: Late EndPlayMap Detection: Level '/Game/Maps/Teleport_Kit.Teleport_Kit:PersistentLevel' has LevelScriptBlueprint '/Game/Maps/Teleport_Kit.Teleport_Kit:PersistentLevel.Teleport_Kit' with GeneratedClass '/Game/Maps/Teleport_Kit.Teleport_Kit_C' with ClassGeneratedBy '/Game/Maps/Teleport_Kit.Teleport_Kit:PersistentLevel.Teleport_Kit'
[2019.11.17-20.58.31:955][191]LogSlate: Updating window title bar state: overlay mode, drag disabled, window buttons hidden, title bar hidden
[2019.11.17-20.58.31:967][191]LogUObjectHash: Compacting FUObjectHashTables data took   6.01ms
[2019.11.17-20.58.32:308][192]LogPlayLevel: Display: Destroying online subsystem :Context_45
[2019.11.17-20.58.33:119][217]LogSlate: FSceneViewport::OnFocusLost() reason 0
[2019.11.17-20.59.27:367][191]BlueprintLog: New page: Compile Safe
[2019.11.17-20.59.28:062][191]LogUObjectHash: Compacting FUObjectHashTables data took  14.88ms
[2019.11.17-20.59.47:323][646]BlueprintLog: New page: Compile Safe
[2019.11.17-20.59.48:017][646]LogUObjectHash: Compacting FUObjectHashTables data took  10.85ms
[2019.11.17-21.00.11:717][165]BlueprintLog: New page: Compile Safe
[2019.11.17-21.00.12:420][165]LogUObjectHash: Compacting FUObjectHashTables data took  10.75ms
[2019.11.17-21.00.17:590][272]BlueprintLog: New page: Compile Safe
[2019.11.17-21.00.18:269][272]LogUObjectHash: Compacting FUObjectHashTables data took  10.77ms
[2019.11.17-21.01.05:210][904]LogUObjectHash: Compacting FUObjectHashTables data took  12.12ms
[2019.11.17-21.01.06:480][904]LogSavePackage: Moving 'C:/Users/danny/Desktop/Systems_Sandbox/Mechanics_Sandbox/Saved/FirstPersonExampleMap_Auto106EFA7414BF322060ADAF4B62DAA429E.tmp' to 'C:/Users/danny/Desktop/Systems_Sandbox/Mechanics_Sandbox/Saved/Autosaves/Game/FirstPersonBP/Maps/FirstPersonExampleMap_Auto1.umap'
[2019.11.17-21.01.06:563][904]LogSpawn: Warning: UWorld::DestroyActor: World has no context! World: Explosive_Kit, Actor: /Game/Maps/Explosive_Kit.Explosive_Kit:PersistentLevel.REINST_Explosive_Kit_C_0
[2019.11.17-21.01.07:329][904]LogSavePackage: Moving 'C:/Users/danny/Desktop/Systems_Sandbox/Mechanics_Sandbox/Saved/Explosive_Kit_Auto1226E5FEC43AB33A70744A387AB358FBE.tmp' to 'C:/Users/danny/Desktop/Systems_Sandbox/Mechanics_Sandbox/Saved/Autosaves/Game/Maps/Explosive_Kit_Auto1.umap'
[2019.11.17-21.01.07:337][904]LogFileHelpers: Editor autosave (incl. sublevels) for '/Game/FirstPersonBP/Maps/FirstPersonExampleMap' took 2.290
[2019.11.17-21.01.07:338][904]LogFileHelpers: Editor autosave (incl. sublevels) for all levels took 2.290
[2019.11.17-21.01.07:342][904]OBJ SavePackage: Generating thumbnails for [1] asset(s) in package [/Game/FirstPersonBP/Blueprints/FirstPersonCharacter] ([1] browsable assets)...
[2019.11.17-21.01.07:384][904]OBJ SavePackage:     Rendered thumbnail for [Blueprint /Game/FirstPersonBP/Blueprints/FirstPersonCharacter.FirstPersonCharacter]
[2019.11.17-21.01.07:385][904]OBJ SavePackage: Finished generating thumbnails for package [/Game/FirstPersonBP/Blueprints/FirstPersonCharacter]
[2019.11.17-21.01.08:572][904]LogSavePackage: Moving 'C:/Users/danny/Desktop/Systems_Sandbox/Mechanics_Sandbox/Saved/FirstPersonCharacter_Auto1D9CA1E474F0136A01352F3ABF059EA5B.tmp' to 'C:/Users/danny/Desktop/Systems_Sandbox/Mechanics_Sandbox/Saved/Autosaves/Game/FirstPersonBP/Blueprints/FirstPersonCharacter_Auto1.uasset'
[2019.11.17-21.01.08:580][904]OBJ SavePackage: Generating thumbnails for [1] asset(s) in package [/Game/Kits/Safe/Safe] ([1] browsable assets)...
[2019.11.17-21.01.08:623][904]OBJ SavePackage:     Rendered thumbnail for [Blueprint /Game/Kits/Safe/Safe.Safe]
[2019.11.17-21.01.08:624][904]OBJ SavePackage: Finished generating thumbnails for package [/Game/Kits/Safe/Safe]
[2019.11.17-21.01.08:624][904]Cmd: OBJ SAVEPACKAGE PACKAGE="/Game/Kits/Safe/Safe" FILE="C:/Users/danny/Desktop/Systems_Sandbox/Mechanics_Sandbox/Saved/Autosaves/Game/Kits/Safe/Safe_Auto1.uasset" SILENT=false AUTOSAVING=true
[2019.11.17-21.01.09:202][904]LogSavePackage: Moving 'C:/Users/danny/Desktop/Systems_Sandbox/Mechanics_Sandbox/Saved/Safe_Auto12158683D4E2D70A8F76ECF885411D4E9.tmp' to 'C:/Users/danny/Desktop/Systems_Sandbox/Mechanics_Sandbox/Saved/Autosaves/Game/Kits/Safe/Safe_Auto1.uasset'
[2019.11.17-21.01.09:208][904]LogFileHelpers: Auto-saving content packages took 1.868
[2019.11.17-21.01.56:045][600]BlueprintLog: New page: Compile Safe
[2019.11.17-21.01.56:744][600]LogUObjectHash: Compacting FUObjectHashTables data took   9.21ms
[2019.11.17-21.02.57:418][434]BlueprintLog: New page: Compile Safe
[2019.11.17-21.02.58:139][434]LogUObjectHash: Compacting FUObjectHashTables data took  10.69ms
[2019.11.17-21.03.26:578][208]BlueprintLog: New page: Compile Safe
[2019.11.17-21.03.27:279][208]LogUObjectHash: Compacting FUObjectHashTables data took  12.15ms
[2019.11.17-21.03.31:459][315]BlueprintLog: New page: Compile Safe
[2019.11.17-21.03.32:163][315]LogUObjectHash: Compacting FUObjectHashTables data took  12.64ms
[2019.11.17-21.03.54:495][886]BlueprintLog: New page: Compile Safe
[2019.11.17-21.03.55:211][886]LogUObjectHash: Compacting FUObjectHashTables data took  12.19ms
[2019.11.17-21.05.41:464][830]BlueprintLog: New page: Compile Safe
[2019.11.17-21.05.42:184][830]LogUObjectHash: Compacting FUObjectHashTables data took  11.53ms
[2019.11.17-21.06.08:922][609]BlueprintLog: New page: Compile Safe
[2019.11.17-21.06.09:626][609]LogUObjectHash: Compacting FUObjectHashTables data took  10.23ms
[2019.11.17-21.06.19:428][894]BlueprintLog: New page: Compile Safe
[2019.11.17-21.06.20:125][894]LogUObjectHash: Compacting FUObjectHashTables data took  11.08ms
[2019.11.17-21.06.20:695][896]BlueprintLog: New page: Compile Safe
[2019.11.17-21.06.21:405][896]LogUObjectHash: Compacting FUObjectHashTables data took  10.10ms
[2019.11.17-21.07.05:068][ 50]BlueprintLog: New page: Compile Safe
[2019.11.17-21.07.05:791][ 50]LogUObjectHash: Compacting FUObjectHashTables data took  12.17ms
[2019.11.17-21.07.40:277][959]BlueprintLog: New page: Compile Safe
[2019.11.17-21.07.41:004][959]LogUObjectHash: Compacting FUObjectHashTables data took  11.72ms
[2019.11.17-21.07.56:957][383]BlueprintLog: New page: Compile Safe
[2019.11.17-21.07.57:710][383]LogUObjectHash: Compacting FUObjectHashTables data took  17.82ms
[2019.11.17-21.08.00:625][432]BlueprintLog: New page: Compile Safe
[2019.11.17-21.08.00:677][432]LogClass: Warning: Type mismatch in CountDown of Safe_C - Previous (FloatProperty) Current(BoolProperty) for package:  FObjectReader
[2019.11.17-21.08.01:342][432]LogUObjectHash: Compacting FUObjectHashTables data took  10.89ms
[2019.11.17-21.08.26:350][115]BlueprintLog: New page: Compile Safe
[2019.11.17-21.08.27:061][115]LogUObjectHash: Compacting FUObjectHashTables data took  11.06ms
[2019.11.17-21.09.02:612][ 61]BlueprintLog: New page: Compile Safe
[2019.11.17-21.09.03:305][ 61]LogUObjectHash: Compacting FUObjectHashTables data took  12.29ms
[2019.11.17-21.10.19:817][238]BlueprintLog: New page: Compile Safe
[2019.11.17-21.10.20:587][238]LogUObjectHash: Compacting FUObjectHashTables data took  11.14ms
[2019.11.17-21.10.35:841][649]BlueprintLog: New page: Compile Safe
[2019.11.17-21.10.36:574][649]LogUObjectHash: Compacting FUObjectHashTables data took  12.50ms
[2019.11.17-21.10.38:856][693]Cmd: OBJ SAVEPACKAGE PACKAGE="/Game/Kits/Safe/Safe" FILE="C:/Users/danny/Desktop/Systems_Sandbox/Mechanics_Sandbox/Content/Kits/Safe/Safe.uasset" SILENT=true
[2019.11.17-21.10.39:293][693]LogSavePackage: Moving 'C:/Users/danny/Desktop/Systems_Sandbox/Mechanics_Sandbox/Saved/Safe8BE31F434A99843054FDC996C4EC10B2.tmp' to 'C:/Users/danny/Desktop/Systems_Sandbox/Mechanics_Sandbox/Content/Kits/Safe/Safe.uasset'
[2019.11.17-21.11.27:880][ 56]BlueprintLog: New page: Compile Safe
[2019.11.17-21.11.28:584][ 56]LogUObjectHash: Compacting FUObjectHashTables data took  11.67ms
[2019.11.17-21.13.50:537][343]LogUObjectHash: Compacting FUObjectHashTables data took  14.39ms
[2019.11.17-21.13.52:009][343]LogSavePackage: Moving 'C:/Users/danny/Desktop/Systems_Sandbox/Mechanics_Sandbox/Saved/FirstPersonExampleMap_Auto211356B34499F9EBD9C37F183E556C4C9.tmp' to 'C:/Users/danny/Desktop/Systems_Sandbox/Mechanics_Sandbox/Saved/Autosaves/Game/FirstPersonBP/Maps/FirstPersonExampleMap_Auto2.umap'
[2019.11.17-21.13.52:027][343]LogFileHelpers: Editor autosave (incl. sublevels) for '/Game/FirstPersonBP/Maps/FirstPersonExampleMap' took 1.687
[2019.11.17-21.13.52:028][343]LogFileHelpers: Editor autosave (incl. sublevels) for all levels took 1.687
[2019.11.17-21.13.52:035][343]OBJ SavePackage: Generating thumbnails for [1] asset(s) in package [/Game/FirstPersonBP/Blueprints/FirstPersonCharacter] ([1] browsable assets)...
[2019.11.17-21.13.52:068][343]OBJ SavePackage:     Rendered thumbnail for [Blueprint /Game/FirstPersonBP/Blueprints/FirstPersonCharacter.FirstPersonCharacter]
[2019.11.17-21.13.52:069][343]OBJ SavePackage: Finished generating thumbnails for package [/Game/FirstPersonBP/Blueprints/FirstPersonCharacter]
[2019.11.17-21.13.52:733][343]LogSavePackage: Moving 'C:/Users/danny/Desktop/Systems_Sandbox/Mechanics_Sandbox/Saved/FirstPersonCharacter_Auto25FB0BEFB4D5E8185BF6CBF8D6B8BB03E.tmp' to 'C:/Users/danny/Desktop/Systems_Sandbox/Mechanics_Sandbox/Saved/Autosaves/Game/FirstPersonBP/Blueprints/FirstPersonCharacter_Auto2.uasset'
[2019.11.17-21.13.52:738][343]OBJ SavePackage: Generating thumbnails for [1] asset(s) in package [/Game/Kits/Safe/Safe] ([1] browsable assets)...
[2019.11.17-21.13.52:775][343]OBJ SavePackage:     Rendered thumbnail for [Blueprint /Game/Kits/Safe/Safe.Safe]
[2019.11.17-21.13.52:775][343]OBJ SavePackage: Finished generating thumbnails for package [/Game/Kits/Safe/Safe]
[2019.11.17-21.13.52:777][343]Cmd: OBJ SAVEPACKAGE PACKAGE="/Game/Kits/Safe/Safe" FILE="C:/Users/danny/Desktop/Systems_Sandbox/Mechanics_Sandbox/Saved/Autosaves/Game/Kits/Safe/Safe_Auto2.uasset" SILENT=false AUTOSAVING=true
[2019.11.17-21.13.53:904][343]LogSavePackage: Moving 'C:/Users/danny/Desktop/Systems_Sandbox/Mechanics_Sandbox/Saved/Safe_Auto2AD131C244FAFD7D59D2A3D9B73CAA58E.tmp' to 'C:/Users/danny/Desktop/Systems_Sandbox/Mechanics_Sandbox/Saved/Autosaves/Game/Kits/Safe/Safe_Auto2.uasset'
[2019.11.17-21.13.53:920][343]LogFileHelpers: Auto-saving content packages took 1.886
[2019.11.17-21.15.18:342][631]BlueprintLog: New page: Compile Safe
[2019.11.17-21.15.19:030][631]LogUObjectHash: Compacting FUObjectHashTables data took  11.18ms
[2019.11.17-21.15.34:032][112]Cmd: OBJ SAVEPACKAGE PACKAGE="/Game/Kits/Safe/Safe" FILE="C:/Users/danny/Desktop/Systems_Sandbox/Mechanics_Sandbox/Content/Kits/Safe/Safe.uasset" SILENT=true
[2019.11.17-21.15.34:441][112]LogSavePackage: Moving 'C:/Users/danny/Desktop/Systems_Sandbox/Mechanics_Sandbox/Saved/Safe43E520B248419360AFE92BB3F9604451.tmp' to 'C:/Users/danny/Desktop/Systems_Sandbox/Mechanics_Sandbox/Content/Kits/Safe/Safe.uasset'
[2019.11.17-21.16.00:928][910]BlueprintLog: New page: Compile Safe
[2019.11.17-21.16.01:647][910]LogUObjectHash: Compacting FUObjectHashTables data took  12.69ms
[2019.11.17-21.17.05:166][955]Cmd: OBJ SAVEPACKAGE PACKAGE="/Game/Kits/Safe/Safe" FILE="C:/Users/danny/Desktop/Systems_Sandbox/Mechanics_Sandbox/Content/Kits/Safe/Safe.uasset" SILENT=true
[2019.11.17-21.17.05:584][955]LogSavePackage: Moving 'C:/Users/danny/Desktop/Systems_Sandbox/Mechanics_Sandbox/Saved/Safe3A97E41248B574765338D289E6CED4BD.tmp' to 'C:/Users/danny/Desktop/Systems_Sandbox/Mechanics_Sandbox/Content/Kits/Safe/Safe.uasset'
[2019.11.17-21.17.35:212][894]BlueprintLog: New page: Compile Safe
[2019.11.17-21.17.35:944][894]LogUObjectHash: Compacting FUObjectHashTables data took  11.35ms
[2019.11.17-21.17.52:755][361]LogTemp: Repeating last play command: Selected Viewport
[2019.11.17-21.17.52:917][361]LogBlueprintUserMessages: Early PlayInEditor Detection: Level '/Game/FirstPersonBP/Maps/FirstPersonExampleMap.FirstPersonExampleMap:PersistentLevel' has LevelScriptBlueprint '/Game/FirstPersonBP/Maps/FirstPersonExampleMap.FirstPersonExampleMap:PersistentLevel.FirstPersonExampleMap' with GeneratedClass '/Game/FirstPersonBP/Maps/FirstPersonExampleMap.FirstPersonExampleMap_C' with ClassGeneratedBy '/Game/FirstPersonBP/Maps/FirstPersonExampleMap.FirstPersonExampleMap:PersistentLevel.FirstPersonExampleMap'
[2019.11.17-21.17.52:919][361]LogBlueprintUserMessages: Early PlayInEditor Detection: Level '/Game/Maps/Door_Breached.Door_Breached:PersistentLevel' has LevelScriptBlueprint '/Game/Maps/Door_Breached.Door_Breached:PersistentLevel.Door_Breached' with GeneratedClass '/Game/Maps/Door_Breached.Door_Breached_C' with ClassGeneratedBy '/Game/Maps/Door_Breached.Door_Breached:PersistentLevel.Door_Breached'
[2019.11.17-21.17.52:921][361]LogBlueprintUserMessages: Early PlayInEditor Detection: Level '/Game/Maps/Door_Kit.Door_Kit:PersistentLevel' has LevelScriptBlueprint '/Game/Maps/Door_Kit.Door_Kit:PersistentLevel.Door_Kit' with GeneratedClass '/Game/Maps/Door_Kit.Door_Kit_C' with ClassGeneratedBy '/Game/Maps/Door_Kit.Door_Kit:PersistentLevel.Door_Kit'
[2019.11.17-21.17.52:922][361]LogBlueprintUserMessages: Early PlayInEditor Detection: Level '/Game/Maps/Turret_Kit.Turret_Kit:PersistentLevel' has LevelScriptBlueprint '/Game/Maps/Turret_Kit.Turret_Kit:PersistentLevel.Turret_Kit' with GeneratedClass '/Game/Maps/Turret_Kit.Turret_Kit_C' with ClassGeneratedBy '/Game/Maps/Turret_Kit.Turret_Kit:PersistentLevel.Turret_Kit'
[2019.11.17-21.17.52:923][361]LogBlueprintUserMessages: Early PlayInEditor Detection: Level '/Game/Maps/Laser_Kit.Laser_Kit:PersistentLevel' has LevelScriptBlueprint '/Game/Maps/Laser_Kit.Laser_Kit:PersistentLevel.Laser_Kit' with GeneratedClass '/Game/Maps/Laser_Kit.Laser_Kit_C' with ClassGeneratedBy '/Game/Maps/Laser_Kit.Laser_Kit:PersistentLevel.Laser_Kit'
[2019.11.17-21.17.52:924][361]LogBlueprintUserMessages: Early PlayInEditor Detection: Level '/Game/Maps/Camera_Kit.Camera_Kit:PersistentLevel' has LevelScriptBlueprint '/Game/Maps/Camera_Kit.Camera_Kit:PersistentLevel.Camera_Kit' with GeneratedClass '/Game/Maps/Camera_Kit.Camera_Kit_C' with ClassGeneratedBy '/Game/Maps/Camera_Kit.Camera_Kit:PersistentLevel.Camera_Kit'
[2019.11.17-21.17.52:925][361]LogBlueprintUserMessages: Early PlayInEditor Detection: Level '/Game/Maps/Explosive_Kit.Explosive_Kit:PersistentLevel' has LevelScriptBlueprint '/Game/Maps/Explosive_Kit.Explosive_Kit:PersistentLevel.Explosive_Kit' with GeneratedClass '/Game/Maps/Explosive_Kit.Explosive_Kit_C' with ClassGeneratedBy '/Game/Maps/Explosive_Kit.Explosive_Kit:PersistentLevel.Explosive_Kit'
[2019.11.17-21.17.52:926][361]LogBlueprintUserMessages: Early PlayInEditor Detection: Level '/Game/Maps/Teleport_Kit.Teleport_Kit:PersistentLevel' has LevelScriptBlueprint '/Game/Maps/Teleport_Kit.Teleport_Kit:PersistentLevel.Teleport_Kit' with GeneratedClass '/Game/Maps/Teleport_Kit.Teleport_Kit_C' with ClassGeneratedBy '/Game/Maps/Teleport_Kit.Teleport_Kit:PersistentLevel.Teleport_Kit'
[2019.11.17-21.17.52:927][361]LogPlayLevel: PlayLevel: No blueprints needed recompiling
[2019.11.17-21.17.52:927][361]PIE: New page: PIE session: FirstPersonExampleMap (Nov 17, 2019, 5:17:52 AM)
[2019.11.17-21.17.52:928][361]LogPlayLevel: Creating play world package: /Game/FirstPersonBP/Maps/UEDPIE_0_FirstPersonExampleMap
[2019.11.17-21.17.52:969][361]LogPlayLevel: PIE: StaticDuplicateObject took: (0.040656s)
[2019.11.17-21.17.52:971][361]LogAIModule: Creating AISystem for world FirstPersonExampleMap
[2019.11.17-21.17.52:972][361]LogPlayLevel: PIE: World Init took: (0.002587s)
[2019.11.17-21.17.52:973][361]LogPlayLevel: PIE: Created PIE world by copying editor world from /Game/FirstPersonBP/Maps/FirstPersonExampleMap.FirstPersonExampleMap to /Game/FirstPersonBP/Maps/UEDPIE_0_FirstPersonExampleMap.FirstPersonExampleMap (0.044647s)
[2019.11.17-21.17.53:117][361]LogUObjectHash: Compacting FUObjectHashTables data took  11.79ms
[2019.11.17-21.17.53:197][361]LogInit: XAudio2 using 'Headset Earphone (SteelSeries Arctis 5 Chat)' : 2 channels at 48 kHz using 16 bits per sample (channel mask 0x3)
[2019.11.17-21.17.53:245][361]LogInit: FAudioDevice initialized.
[2019.11.17-21.17.53:301][361]LogLoad: Game class is 'FirstPersonGameMode_C'
[2019.11.17-21.17.53:314][361]LogWorld: Bringing World /Game/FirstPersonBP/Maps/UEDPIE_0_FirstPersonExampleMap.FirstPersonExampleMap up for play (max tick rate 60) at 2019.11.17-13.17.53
[2019.11.17-21.17.53:317][361]LogWorld: Bringing up level for play took: 0.013299
[2019.11.17-21.17.53:334][361]PIE: Play in editor start time for /Game/FirstPersonBP/Maps/UEDPIE_0_FirstPersonExampleMap -0.337
[2019.11.17-21.17.53:335][361]LogBlueprintUserMessages: Late PlayInEditor Detection: Level '/Game/FirstPersonBP/Maps/FirstPersonExampleMap.FirstPersonExampleMap:PersistentLevel' has LevelScriptBlueprint '/Game/FirstPersonBP/Maps/FirstPersonExampleMap.FirstPersonExampleMap:PersistentLevel.FirstPersonExampleMap' with GeneratedClass '/Game/FirstPersonBP/Maps/FirstPersonExampleMap.FirstPersonExampleMap_C' with ClassGeneratedBy '/Game/FirstPersonBP/Maps/FirstPersonExampleMap.FirstPersonExampleMap:PersistentLevel.FirstPersonExampleMap'
[2019.11.17-21.17.53:337][361]LogBlueprintUserMessages: Late PlayInEditor Detection: Level '/Game/Maps/Door_Breached.Door_Breached:PersistentLevel' has LevelScriptBlueprint '/Game/Maps/Door_Breached.Door_Breached:PersistentLevel.Door_Breached' with GeneratedClass '/Game/Maps/Door_Breached.Door_Breached_C' with ClassGeneratedBy '/Game/Maps/Door_Breached.Door_Breached:PersistentLevel.Door_Breached'
[2019.11.17-21.17.53:339][361]LogBlueprintUserMessages: Late PlayInEditor Detection: Level '/Game/Maps/Door_Kit.Door_Kit:PersistentLevel' has LevelScriptBlueprint '/Game/Maps/Door_Kit.Door_Kit:PersistentLevel.Door_Kit' with GeneratedClass '/Game/Maps/Door_Kit.Door_Kit_C' with ClassGeneratedBy '/Game/Maps/Door_Kit.Door_Kit:PersistentLevel.Door_Kit'
[2019.11.17-21.17.53:340][361]LogBlueprintUserMessages: Late PlayInEditor Detection: Level '/Game/Maps/Turret_Kit.Turret_Kit:PersistentLevel' has LevelScriptBlueprint '/Game/Maps/Turret_Kit.Turret_Kit:PersistentLevel.Turret_Kit' with GeneratedClass '/Game/Maps/Turret_Kit.Turret_Kit_C' with ClassGeneratedBy '/Game/Maps/Turret_Kit.Turret_Kit:PersistentLevel.Turret_Kit'
[2019.11.17-21.17.53:341][361]LogBlueprintUserMessages: Late PlayInEditor Detection: Level '/Game/Maps/Laser_Kit.Laser_Kit:PersistentLevel' has LevelScriptBlueprint '/Game/Maps/Laser_Kit.Laser_Kit:PersistentLevel.Laser_Kit' with GeneratedClass '/Game/Maps/Laser_Kit.Laser_Kit_C' with ClassGeneratedBy '/Game/Maps/Laser_Kit.Laser_Kit:PersistentLevel.Laser_Kit'
[2019.11.17-21.17.53:343][361]LogBlueprintUserMessages: Late PlayInEditor Detection: Level '/Game/Maps/Camera_Kit.Camera_Kit:PersistentLevel' has LevelScriptBlueprint '/Game/Maps/Camera_Kit.Camera_Kit:PersistentLevel.Camera_Kit' with GeneratedClass '/Game/Maps/Camera_Kit.Camera_Kit_C' with ClassGeneratedBy '/Game/Maps/Camera_Kit.Camera_Kit:PersistentLevel.Camera_Kit'
[2019.11.17-21.17.53:344][361]LogBlueprintUserMessages: Late PlayInEditor Detection: Level '/Game/Maps/Explosive_Kit.Explosive_Kit:PersistentLevel' has LevelScriptBlueprint '/Game/Maps/Explosive_Kit.Explosive_Kit:PersistentLevel.Explosive_Kit' with GeneratedClass '/Game/Maps/Explosive_Kit.Explosive_Kit_C' with ClassGeneratedBy '/Game/Maps/Explosive_Kit.Explosive_Kit:PersistentLevel.Explosive_Kit'
[2019.11.17-21.17.53:345][361]LogBlueprintUserMessages: Late PlayInEditor Detection: Level '/Game/Maps/Teleport_Kit.Teleport_Kit:PersistentLevel' has LevelScriptBlueprint '/Game/Maps/Teleport_Kit.Teleport_Kit:PersistentLevel.Teleport_Kit' with GeneratedClass '/Game/Maps/Teleport_Kit.Teleport_Kit_C' with ClassGeneratedBy '/Game/Maps/Teleport_Kit.Teleport_Kit:PersistentLevel.Teleport_Kit'
[2019.11.17-21.17.56:722][429]LogBlueprintUserMessages: [Safe_2] Safe: BEEP
[2019.11.17-21.17.57:721][452]LogBlueprintUserMessages: [Safe_2] Safe: BEEP
[2019.11.17-21.17.58:179][463]LogBlueprintUserMessages: [Safe_2] Safe: BEEP
[2019.11.17-21.17.58:586][472]LogBlueprintUserMessages: [Safe_2] Safe: BEEP
[2019.11.17-21.17.59:463][493]LogBlueprintUserMessages: [Safe_2] Safe: Code entered is incorrect
[2019.11.17-21.17.59:463][493]LogBlueprintUserMessages: [Safe_2] Attempt:  1 of 3
[2019.11.17-21.18.00:555][521]LogBlueprintUserMessages: [Safe_2] Safe: Code entered is incorrect
[2019.11.17-21.18.00:555][521]LogBlueprintUserMessages: [Safe_2] Attempt:  2 of 3
[2019.11.17-21.18.01:683][550]LogBlueprintUserMessages: [Safe_2] Safe: Code entered is incorrect
[2019.11.17-21.18.11:331][795]LogBlueprintUserMessages: Early EndPlayMap Detection: Level '/Game/FirstPersonBP/Maps/FirstPersonExampleMap.FirstPersonExampleMap:PersistentLevel' has LevelScriptBlueprint '/Game/FirstPersonBP/Maps/FirstPersonExampleMap.FirstPersonExampleMap:PersistentLevel.FirstPersonExampleMap' with GeneratedClass '/Game/FirstPersonBP/Maps/FirstPersonExampleMap.FirstPersonExampleMap_C' with ClassGeneratedBy '/Game/FirstPersonBP/Maps/FirstPersonExampleMap.FirstPersonExampleMap:PersistentLevel.FirstPersonExampleMap'
[2019.11.17-21.18.11:333][795]LogBlueprintUserMessages: Early EndPlayMap Detection: Level '/Game/Maps/Door_Breached.Door_Breached:PersistentLevel' has LevelScriptBlueprint '/Game/Maps/Door_Breached.Door_Breached:PersistentLevel.Door_Breached' with GeneratedClass '/Game/Maps/Door_Breached.Door_Breached_C' with ClassGeneratedBy '/Game/Maps/Door_Breached.Door_Breached:PersistentLevel.Door_Breached'
[2019.11.17-21.18.11:334][795]LogBlueprintUserMessages: Early EndPlayMap Detection: Level '/Game/Maps/Door_Kit.Door_Kit:PersistentLevel' has LevelScriptBlueprint '/Game/Maps/Door_Kit.Door_Kit:PersistentLevel.Door_Kit' with GeneratedClass '/Game/Maps/Door_Kit.Door_Kit_C' with ClassGeneratedBy '/Game/Maps/Door_Kit.Door_Kit:PersistentLevel.Door_Kit'
[2019.11.17-21.18.11:335][795]LogBlueprintUserMessages: Early EndPlayMap Detection: Level '/Game/Maps/Turret_Kit.Turret_Kit:PersistentLevel' has LevelScriptBlueprint '/Game/Maps/Turret_Kit.Turret_Kit:PersistentLevel.Turret_Kit' with GeneratedClass '/Game/Maps/Turret_Kit.Turret_Kit_C' with ClassGeneratedBy '/Game/Maps/Turret_Kit.Turret_Kit:PersistentLevel.Turret_Kit'
[2019.11.17-21.18.11:336][795]LogBlueprintUserMessages: Early EndPlayMap Detection: Level '/Game/Maps/Laser_Kit.Laser_Kit:PersistentLevel' has LevelScriptBlueprint '/Game/Maps/Laser_Kit.Laser_Kit:PersistentLevel.Laser_Kit' with GeneratedClass '/Game/Maps/Laser_Kit.Laser_Kit_C' with ClassGeneratedBy '/Game/Maps/Laser_Kit.Laser_Kit:PersistentLevel.Laser_Kit'
[2019.11.17-21.18.11:337][795]LogBlueprintUserMessages: Early EndPlayMap Detection: Level '/Game/Maps/Camera_Kit.Camera_Kit:PersistentLevel' has LevelScriptBlueprint '/Game/Maps/Camera_Kit.Camera_Kit:PersistentLevel.Camera_Kit' with GeneratedClass '/Game/Maps/Camera_Kit.Camera_Kit_C' with ClassGeneratedBy '/Game/Maps/Camera_Kit.Camera_Kit:PersistentLevel.Camera_Kit'
[2019.11.17-21.18.11:338][795]LogBlueprintUserMessages: Early EndPlayMap Detection: Level '/Game/Maps/Explosive_Kit.Explosive_Kit:PersistentLevel' has LevelScriptBlueprint '/Game/Maps/Explosive_Kit.Explosive_Kit:PersistentLevel.Explosive_Kit' with GeneratedClass '/Game/Maps/Explosive_Kit.Explosive_Kit_C' with ClassGeneratedBy '/Game/Maps/Explosive_Kit.Explosive_Kit:PersistentLevel.Explosive_Kit'
[2019.11.17-21.18.11:339][795]LogBlueprintUserMessages: Early EndPlayMap Detection: Level '/Game/Maps/Teleport_Kit.Teleport_Kit:PersistentLevel' has LevelScriptBlueprint '/Game/Maps/Teleport_Kit.Teleport_Kit:PersistentLevel.Teleport_Kit' with GeneratedClass '/Game/Maps/Teleport_Kit.Teleport_Kit_C' with ClassGeneratedBy '/Game/Maps/Teleport_Kit.Teleport_Kit:PersistentLevel.Teleport_Kit'
[2019.11.17-21.18.11:341][795]LogSlate: Updating window title bar state: overlay mode, drag disabled, window buttons hidden, title bar hidden
[2019.11.17-21.18.11:439][795]LogPlayLevel: Display: Shutting down PIE online subsystems
[2019.11.17-21.18.11:440][795]LogBlueprintUserMessages: Late EndPlayMap Detection: Level '/Game/FirstPersonBP/Maps/FirstPersonExampleMap.FirstPersonExampleMap:PersistentLevel' has LevelScriptBlueprint '/Game/FirstPersonBP/Maps/FirstPersonExampleMap.FirstPersonExampleMap:PersistentLevel.FirstPersonExampleMap' with GeneratedClass '/Game/FirstPersonBP/Maps/FirstPersonExampleMap.FirstPersonExampleMap_C' with ClassGeneratedBy '/Game/FirstPersonBP/Maps/FirstPersonExampleMap.FirstPersonExampleMap:PersistentLevel.FirstPersonExampleMap'
[2019.11.17-21.18.11:441][795]LogBlueprintUserMessages: Late EndPlayMap Detection: Level '/Game/Maps/Door_Breached.Door_Breached:PersistentLevel' has LevelScriptBlueprint '/Game/Maps/Door_Breached.Door_Breached:PersistentLevel.Door_Breached' with GeneratedClass '/Game/Maps/Door_Breached.Door_Breached_C' with ClassGeneratedBy '/Game/Maps/Door_Breached.Door_Breached:PersistentLevel.Door_Breached'
[2019.11.17-21.18.11:443][795]LogBlueprintUserMessages: Late EndPlayMap Detection: Level '/Game/Maps/Door_Kit.Door_Kit:PersistentLevel' has LevelScriptBlueprint '/Game/Maps/Door_Kit.Door_Kit:PersistentLevel.Door_Kit' with GeneratedClass '/Game/Maps/Door_Kit.Door_Kit_C' with ClassGeneratedBy '/Game/Maps/Door_Kit.Door_Kit:PersistentLevel.Door_Kit'
[2019.11.17-21.18.11:444][795]LogBlueprintUserMessages: Late EndPlayMap Detection: Level '/Game/Maps/Turret_Kit.Turret_Kit:PersistentLevel' has LevelScriptBlueprint '/Game/Maps/Turret_Kit.Turret_Kit:PersistentLevel.Turret_Kit' with GeneratedClass '/Game/Maps/Turret_Kit.Turret_Kit_C' with ClassGeneratedBy '/Game/Maps/Turret_Kit.Turret_Kit:PersistentLevel.Turret_Kit'
[2019.11.17-21.18.11:445][795]LogBlueprintUserMessages: Late EndPlayMap Detection: Level '/Game/Maps/Laser_Kit.Laser_Kit:PersistentLevel' has LevelScriptBlueprint '/Game/Maps/Laser_Kit.Laser_Kit:PersistentLevel.Laser_Kit' with GeneratedClass '/Game/Maps/Laser_Kit.Laser_Kit_C' with ClassGeneratedBy '/Game/Maps/Laser_Kit.Laser_Kit:PersistentLevel.Laser_Kit'
[2019.11.17-21.18.11:446][795]LogBlueprintUserMessages: Late EndPlayMap Detection: Level '/Game/Maps/Camera_Kit.Camera_Kit:PersistentLevel' has LevelScriptBlueprint '/Game/Maps/Camera_Kit.Camera_Kit:PersistentLevel.Camera_Kit' with GeneratedClass '/Game/Maps/Camera_Kit.Camera_Kit_C' with ClassGeneratedBy '/Game/Maps/Camera_Kit.Camera_Kit:PersistentLevel.Camera_Kit'
[2019.11.17-21.18.11:447][795]LogBlueprintUserMessages: Late EndPlayMap Detection: Level '/Game/Maps/Explosive_Kit.Explosive_Kit:PersistentLevel' has LevelScriptBlueprint '/Game/Maps/Explosive_Kit.Explosive_Kit:PersistentLevel.Explosive_Kit' with GeneratedClass '/Game/Maps/Explosive_Kit.Explosive_Kit_C' with ClassGeneratedBy '/Game/Maps/Explosive_Kit.Explosive_Kit:PersistentLevel.Explosive_Kit'
[2019.11.17-21.18.11:448][795]LogBlueprintUserMessages: Late EndPlayMap Detection: Level '/Game/Maps/Teleport_Kit.Teleport_Kit:PersistentLevel' has LevelScriptBlueprint '/Game/Maps/Teleport_Kit.Teleport_Kit:PersistentLevel.Teleport_Kit' with GeneratedClass '/Game/Maps/Teleport_Kit.Teleport_Kit_C' with ClassGeneratedBy '/Game/Maps/Teleport_Kit.Teleport_Kit:PersistentLevel.Teleport_Kit'
[2019.11.17-21.18.11:577][795]LogSlate: Updating window title bar state: overlay mode, drag disabled, window buttons hidden, title bar hidden
[2019.11.17-21.18.11:589][795]LogUObjectHash: Compacting FUObjectHashTables data took   7.06ms
[2019.11.17-21.18.11:983][796]LogPlayLevel: Display: Destroying online subsystem :Context_46
[2019.11.17-21.18.12:110][798]LogSlate: FSceneViewport::OnFocusLost() reason 0
[2019.11.17-21.18.30:004][259]BlueprintLog: New page: Compile Safe
[2019.11.17-21.18.30:718][259]LogUObjectHash: Compacting FUObjectHashTables data took   9.92ms
[2019.11.17-21.21.29:539][518]LogTemp: Repeating last play command: Selected Viewport
[2019.11.17-21.21.29:705][518]LogBlueprintUserMessages: Early PlayInEditor Detection: Level '/Game/FirstPersonBP/Maps/FirstPersonExampleMap.FirstPersonExampleMap:PersistentLevel' has LevelScriptBlueprint '/Game/FirstPersonBP/Maps/FirstPersonExampleMap.FirstPersonExampleMap:PersistentLevel.FirstPersonExampleMap' with GeneratedClass '/Game/FirstPersonBP/Maps/FirstPersonExampleMap.FirstPersonExampleMap_C' with ClassGeneratedBy '/Game/FirstPersonBP/Maps/FirstPersonExampleMap.FirstPersonExampleMap:PersistentLevel.FirstPersonExampleMap'
[2019.11.17-21.21.29:707][518]LogBlueprintUserMessages: Early PlayInEditor Detection: Level '/Game/Maps/Door_Breached.Door_Breached:PersistentLevel' has LevelScriptBlueprint '/Game/Maps/Door_Breached.Door_Breached:PersistentLevel.Door_Breached' with GeneratedClass '/Game/Maps/Door_Breached.Door_Breached_C' with ClassGeneratedBy '/Game/Maps/Door_Breached.Door_Breached:PersistentLevel.Door_Breached'
[2019.11.17-21.21.29:708][518]LogBlueprintUserMessages: Early PlayInEditor Detection: Level '/Game/Maps/Door_Kit.Door_Kit:PersistentLevel' has LevelScriptBlueprint '/Game/Maps/Door_Kit.Door_Kit:PersistentLevel.Door_Kit' with GeneratedClass '/Game/Maps/Door_Kit.Door_Kit_C' with ClassGeneratedBy '/Game/Maps/Door_Kit.Door_Kit:PersistentLevel.Door_Kit'
[2019.11.17-21.21.29:709][518]LogBlueprintUserMessages: Early PlayInEditor Detection: Level '/Game/Maps/Turret_Kit.Turret_Kit:PersistentLevel' has LevelScriptBlueprint '/Game/Maps/Turret_Kit.Turret_Kit:PersistentLevel.Turret_Kit' with GeneratedClass '/Game/Maps/Turret_Kit.Turret_Kit_C' with ClassGeneratedBy '/Game/Maps/Turret_Kit.Turret_Kit:PersistentLevel.Turret_Kit'
[2019.11.17-21.21.29:711][518]LogBlueprintUserMessages: Early PlayInEditor Detection: Level '/Game/Maps/Laser_Kit.Laser_Kit:PersistentLevel' has LevelScriptBlueprint '/Game/Maps/Laser_Kit.Laser_Kit:PersistentLevel.Laser_Kit' with GeneratedClass '/Game/Maps/Laser_Kit.Laser_Kit_C' with ClassGeneratedBy '/Game/Maps/Laser_Kit.Laser_Kit:PersistentLevel.Laser_Kit'
[2019.11.17-21.21.29:712][518]LogBlueprintUserMessages: Early PlayInEditor Detection: Level '/Game/Maps/Camera_Kit.Camera_Kit:PersistentLevel' has LevelScriptBlueprint '/Game/Maps/Camera_Kit.Camera_Kit:PersistentLevel.Camera_Kit' with GeneratedClass '/Game/Maps/Camera_Kit.Camera_Kit_C' with ClassGeneratedBy '/Game/Maps/Camera_Kit.Camera_Kit:PersistentLevel.Camera_Kit'
[2019.11.17-21.21.29:713][518]LogBlueprintUserMessages: Early PlayInEditor Detection: Level '/Game/Maps/Explosive_Kit.Explosive_Kit:PersistentLevel' has LevelScriptBlueprint '/Game/Maps/Explosive_Kit.Explosive_Kit:PersistentLevel.Explosive_Kit' with GeneratedClass '/Game/Maps/Explosive_Kit.Explosive_Kit_C' with ClassGeneratedBy '/Game/Maps/Explosive_Kit.Explosive_Kit:PersistentLevel.Explosive_Kit'
[2019.11.17-21.21.29:714][518]LogBlueprintUserMessages: Early PlayInEditor Detection: Level '/Game/Maps/Teleport_Kit.Teleport_Kit:PersistentLevel' has LevelScriptBlueprint '/Game/Maps/Teleport_Kit.Teleport_Kit:PersistentLevel.Teleport_Kit' with GeneratedClass '/Game/Maps/Teleport_Kit.Teleport_Kit_C' with ClassGeneratedBy '/Game/Maps/Teleport_Kit.Teleport_Kit:PersistentLevel.Teleport_Kit'
[2019.11.17-21.21.29:715][518]BlueprintLog: New page: Pre-Play auto-recompile
[2019.11.17-21.21.29:727][518]LogPlayLevel: [PlayLevel] Compiling Safe before play...
[2019.11.17-21.21.30:650][518]LogUObjectHash: Compacting FUObjectHashTables data took  12.62ms
[2019.11.17-21.21.30:651][518]LogPlayLevel: PlayLevel: Blueprint regeneration took 935 ms (1 blueprints)
[2019.11.17-21.21.30:651][518]PIE: New page: PIE session: FirstPersonExampleMap (Nov 17, 2019, 5:21:30 AM)
[2019.11.17-21.21.30:652][518]LogPlayLevel: Creating play world package: /Game/FirstPersonBP/Maps/UEDPIE_0_FirstPersonExampleMap
[2019.11.17-21.21.30:707][518]LogPlayLevel: PIE: StaticDuplicateObject took: (0.055012s)
[2019.11.17-21.21.30:709][518]LogAIModule: Creating AISystem for world FirstPersonExampleMap
[2019.11.17-21.21.30:711][518]LogPlayLevel: PIE: World Init took: (0.002677s)
[2019.11.17-21.21.30:711][518]LogPlayLevel: PIE: Created PIE world by copying editor world from /Game/FirstPersonBP/Maps/FirstPersonExampleMap.FirstPersonExampleMap to /Game/FirstPersonBP/Maps/UEDPIE_0_FirstPersonExampleMap.FirstPersonExampleMap (0.059212s)
[2019.11.17-21.21.30:856][518]LogUObjectHash: Compacting FUObjectHashTables data took   8.94ms
[2019.11.17-21.21.30:946][518]LogInit: XAudio2 using 'Headset Earphone (SteelSeries Arctis 5 Chat)' : 2 channels at 48 kHz using 16 bits per sample (channel mask 0x3)
[2019.11.17-21.21.30:992][518]LogInit: FAudioDevice initialized.
[2019.11.17-21.21.31:042][518]LogLoad: Game class is 'FirstPersonGameMode_C'
[2019.11.17-21.21.31:054][518]LogWorld: Bringing World /Game/FirstPersonBP/Maps/UEDPIE_0_FirstPersonExampleMap.FirstPersonExampleMap up for play (max tick rate 60) at 2019.11.17-13.21.31
[2019.11.17-21.21.31:056][518]LogWorld: Bringing up level for play took: 0.011275
[2019.11.17-21.21.31:073][518]PIE: Play in editor start time for /Game/FirstPersonBP/Maps/UEDPIE_0_FirstPersonExampleMap 1.402
[2019.11.17-21.21.31:074][518]LogBlueprintUserMessages: Late PlayInEditor Detection: Level '/Game/FirstPersonBP/Maps/FirstPersonExampleMap.FirstPersonExampleMap:PersistentLevel' has LevelScriptBlueprint '/Game/FirstPersonBP/Maps/FirstPersonExampleMap.FirstPersonExampleMap:PersistentLevel.FirstPersonExampleMap' with GeneratedClass '/Game/FirstPersonBP/Maps/FirstPersonExampleMap.FirstPersonExampleMap_C' with ClassGeneratedBy '/Game/FirstPersonBP/Maps/FirstPersonExampleMap.FirstPersonExampleMap:PersistentLevel.FirstPersonExampleMap'
[2019.11.17-21.21.31:076][518]LogBlueprintUserMessages: Late PlayInEditor Detection: Level '/Game/Maps/Door_Breached.Door_Breached:PersistentLevel' has LevelScriptBlueprint '/Game/Maps/Door_Breached.Door_Breached:PersistentLevel.Door_Breached' with GeneratedClass '/Game/Maps/Door_Breached.Door_Breached_C' with ClassGeneratedBy '/Game/Maps/Door_Breached.Door_Breached:PersistentLevel.Door_Breached'
[2019.11.17-21.21.31:077][518]LogBlueprintUserMessages: Late PlayInEditor Detection: Level '/Game/Maps/Door_Kit.Door_Kit:PersistentLevel' has LevelScriptBlueprint '/Game/Maps/Door_Kit.Door_Kit:PersistentLevel.Door_Kit' with GeneratedClass '/Game/Maps/Door_Kit.Door_Kit_C' with ClassGeneratedBy '/Game/Maps/Door_Kit.Door_Kit:PersistentLevel.Door_Kit'
[2019.11.17-21.21.31:078][518]LogBlueprintUserMessages: Late PlayInEditor Detection: Level '/Game/Maps/Turret_Kit.Turret_Kit:PersistentLevel' has LevelScriptBlueprint '/Game/Maps/Turret_Kit.Turret_Kit:PersistentLevel.Turret_Kit' with GeneratedClass '/Game/Maps/Turret_Kit.Turret_Kit_C' with ClassGeneratedBy '/Game/Maps/Turret_Kit.Turret_Kit:PersistentLevel.Turret_Kit'
[2019.11.17-21.21.31:079][518]LogBlueprintUserMessages: Late PlayInEditor Detection: Level '/Game/Maps/Laser_Kit.Laser_Kit:PersistentLevel' has LevelScriptBlueprint '/Game/Maps/Laser_Kit.Laser_Kit:PersistentLevel.Laser_Kit' with GeneratedClass '/Game/Maps/Laser_Kit.Laser_Kit_C' with ClassGeneratedBy '/Game/Maps/Laser_Kit.Laser_Kit:PersistentLevel.Laser_Kit'
[2019.11.17-21.21.31:080][518]LogBlueprintUserMessages: Late PlayInEditor Detection: Level '/Game/Maps/Camera_Kit.Camera_Kit:PersistentLevel' has LevelScriptBlueprint '/Game/Maps/Camera_Kit.Camera_Kit:PersistentLevel.Camera_Kit' with GeneratedClass '/Game/Maps/Camera_Kit.Camera_Kit_C' with ClassGeneratedBy '/Game/Maps/Camera_Kit.Camera_Kit:PersistentLevel.Camera_Kit'
[2019.11.17-21.21.31:081][518]LogBlueprintUserMessages: Late PlayInEditor Detection: Level '/Game/Maps/Explosive_Kit.Explosive_Kit:PersistentLevel' has LevelScriptBlueprint '/Game/Maps/Explosive_Kit.Explosive_Kit:PersistentLevel.Explosive_Kit' with GeneratedClass '/Game/Maps/Explosive_Kit.Explosive_Kit_C' with ClassGeneratedBy '/Game/Maps/Explosive_Kit.Explosive_Kit:PersistentLevel.Explosive_Kit'
[2019.11.17-21.21.31:082][518]LogBlueprintUserMessages: Late PlayInEditor Detection: Level '/Game/Maps/Teleport_Kit.Teleport_Kit:PersistentLevel' has LevelScriptBlueprint '/Game/Maps/Teleport_Kit.Teleport_Kit:PersistentLevel.Teleport_Kit' with GeneratedClass '/Game/Maps/Teleport_Kit.Teleport_Kit_C' with ClassGeneratedBy '/Game/Maps/Teleport_Kit.Teleport_Kit:PersistentLevel.Teleport_Kit'
[2019.11.17-21.21.33:889][581]LogBlueprintUserMessages: [Safe_2] Safe: BEEP
[2019.11.17-21.21.34:131][588]LogBlueprintUserMessages: [Safe_2] Safe: BEEP
[2019.11.17-21.21.35:181][618]LogBlueprintUserMessages: [Safe_2] Safe: BEEP
[2019.11.17-21.21.35:602][630]LogBlueprintUserMessages: [Safe_2] Safe: Code entered is incorrect
[2019.11.17-21.21.35:602][630]LogBlueprintUserMessages: [Safe_2] Attempt:  1 of 3
[2019.11.17-21.21.36:053][643]LogBlueprintUserMessages: [Safe_2] Safe: BEEP
[2019.11.17-21.21.38:203][705]LogBlueprintUserMessages: [Safe_2] Safe: Code entered is incorrect
[2019.11.17-21.21.38:204][705]LogBlueprintUserMessages: [Safe_2] Attempt:  2 of 3
[2019.11.17-21.21.38:852][724]LogBlueprintUserMessages: [Safe_2] Safe: Code entered is incorrect
[2019.11.17-21.21.43:834][866]LogBlueprintUserMessages: [Safe_2] Sfae: Resetted
[2019.11.17-21.21.44:386][880]LogBlueprintUserMessages: Early EndPlayMap Detection: Level '/Game/FirstPersonBP/Maps/FirstPersonExampleMap.FirstPersonExampleMap:PersistentLevel' has LevelScriptBlueprint '/Game/FirstPersonBP/Maps/FirstPersonExampleMap.FirstPersonExampleMap:PersistentLevel.FirstPersonExampleMap' with GeneratedClass '/Game/FirstPersonBP/Maps/FirstPersonExampleMap.FirstPersonExampleMap_C' with ClassGeneratedBy '/Game/FirstPersonBP/Maps/FirstPersonExampleMap.FirstPersonExampleMap:PersistentLevel.FirstPersonExampleMap'
[2019.11.17-21.21.44:389][880]LogBlueprintUserMessages: Early EndPlayMap Detection: Level '/Game/Maps/Door_Breached.Door_Breached:PersistentLevel' has LevelScriptBlueprint '/Game/Maps/Door_Breached.Door_Breached:PersistentLevel.Door_Breached' with GeneratedClass '/Game/Maps/Door_Breached.Door_Breached_C' with ClassGeneratedBy '/Game/Maps/Door_Breached.Door_Breached:PersistentLevel.Door_Breached'
[2019.11.17-21.21.44:392][880]LogBlueprintUserMessages: Early EndPlayMap Detection: Level '/Game/Maps/Door_Kit.Door_Kit:PersistentLevel' has LevelScriptBlueprint '/Game/Maps/Door_Kit.Door_Kit:PersistentLevel.Door_Kit' with GeneratedClass '/Game/Maps/Door_Kit.Door_Kit_C' with ClassGeneratedBy '/Game/Maps/Door_Kit.Door_Kit:PersistentLevel.Door_Kit'
[2019.11.17-21.21.44:393][880]LogBlueprintUserMessages: Early EndPlayMap Detection: Level '/Game/Maps/Turret_Kit.Turret_Kit:PersistentLevel' has LevelScriptBlueprint '/Game/Maps/Turret_Kit.Turret_Kit:PersistentLevel.Turret_Kit' with GeneratedClass '/Game/Maps/Turret_Kit.Turret_Kit_C' with ClassGeneratedBy '/Game/Maps/Turret_Kit.Turret_Kit:PersistentLevel.Turret_Kit'
[2019.11.17-21.21.44:395][880]LogBlueprintUserMessages: Early EndPlayMap Detection: Level '/Game/Maps/Laser_Kit.Laser_Kit:PersistentLevel' has LevelScriptBlueprint '/Game/Maps/Laser_Kit.Laser_Kit:PersistentLevel.Laser_Kit' with GeneratedClass '/Game/Maps/Laser_Kit.Laser_Kit_C' with ClassGeneratedBy '/Game/Maps/Laser_Kit.Laser_Kit:PersistentLevel.Laser_Kit'
[2019.11.17-21.21.44:397][880]LogBlueprintUserMessages: Early EndPlayMap Detection: Level '/Game/Maps/Camera_Kit.Camera_Kit:PersistentLevel' has LevelScriptBlueprint '/Game/Maps/Camera_Kit.Camera_Kit:PersistentLevel.Camera_Kit' with GeneratedClass '/Game/Maps/Camera_Kit.Camera_Kit_C' with ClassGeneratedBy '/Game/Maps/Camera_Kit.Camera_Kit:PersistentLevel.Camera_Kit'
[2019.11.17-21.21.44:398][880]LogBlueprintUserMessages: Early EndPlayMap Detection: Level '/Game/Maps/Explosive_Kit.Explosive_Kit:PersistentLevel' has LevelScriptBlueprint '/Game/Maps/Explosive_Kit.Explosive_Kit:PersistentLevel.Explosive_Kit' with GeneratedClass '/Game/Maps/Explosive_Kit.Explosive_Kit_C' with ClassGeneratedBy '/Game/Maps/Explosive_Kit.Explosive_Kit:PersistentLevel.Explosive_Kit'
[2019.11.17-21.21.44:400][880]LogBlueprintUserMessages: Early EndPlayMap Detection: Level '/Game/Maps/Teleport_Kit.Teleport_Kit:PersistentLevel' has LevelScriptBlueprint '/Game/Maps/Teleport_Kit.Teleport_Kit:PersistentLevel.Teleport_Kit' with GeneratedClass '/Game/Maps/Teleport_Kit.Teleport_Kit_C' with ClassGeneratedBy '/Game/Maps/Teleport_Kit.Teleport_Kit:PersistentLevel.Teleport_Kit'
[2019.11.17-21.21.44:401][880]LogSlate: Updating window title bar state: overlay mode, drag disabled, window buttons hidden, title bar hidden
[2019.11.17-21.21.44:460][880]LogPlayLevel: Display: Shutting down PIE online subsystems
[2019.11.17-21.21.44:461][880]LogBlueprintUserMessages: Late EndPlayMap Detection: Level '/Game/FirstPersonBP/Maps/FirstPersonExampleMap.FirstPersonExampleMap:PersistentLevel' has LevelScriptBlueprint '/Game/FirstPersonBP/Maps/FirstPersonExampleMap.FirstPersonExampleMap:PersistentLevel.FirstPersonExampleMap' with GeneratedClass '/Game/FirstPersonBP/Maps/FirstPersonExampleMap.FirstPersonExampleMap_C' with ClassGeneratedBy '/Game/FirstPersonBP/Maps/FirstPersonExampleMap.FirstPersonExampleMap:PersistentLevel.FirstPersonExampleMap'
[2019.11.17-21.21.44:463][880]LogBlueprintUserMessages: Late EndPlayMap Detection: Level '/Game/Maps/Door_Breached.Door_Breached:PersistentLevel' has LevelScriptBlueprint '/Game/Maps/Door_Breached.Door_Breached:PersistentLevel.Door_Breached' with GeneratedClass '/Game/Maps/Door_Breached.Door_Breached_C' with ClassGeneratedBy '/Game/Maps/Door_Breached.Door_Breached:PersistentLevel.Door_Breached'
[2019.11.17-21.21.44:464][880]LogBlueprintUserMessages: Late EndPlayMap Detection: Level '/Game/Maps/Door_Kit.Door_Kit:PersistentLevel' has LevelScriptBlueprint '/Game/Maps/Door_Kit.Door_Kit:PersistentLevel.Door_Kit' with GeneratedClass '/Game/Maps/Door_Kit.Door_Kit_C' with ClassGeneratedBy '/Game/Maps/Door_Kit.Door_Kit:PersistentLevel.Door_Kit'
[2019.11.17-21.21.44:465][880]LogBlueprintUserMessages: Late EndPlayMap Detection: Level '/Game/Maps/Turret_Kit.Turret_Kit:PersistentLevel' has LevelScriptBlueprint '/Game/Maps/Turret_Kit.Turret_Kit:PersistentLevel.Turret_Kit' with GeneratedClass '/Game/Maps/Turret_Kit.Turret_Kit_C' with ClassGeneratedBy '/Game/Maps/Turret_Kit.Turret_Kit:PersistentLevel.Turret_Kit'
[2019.11.17-21.21.44:466][880]LogBlueprintUserMessages: Late EndPlayMap Detection: Level '/Game/Maps/Laser_Kit.Laser_Kit:PersistentLevel' has LevelScriptBlueprint '/Game/Maps/Laser_Kit.Laser_Kit:PersistentLevel.Laser_Kit' with GeneratedClass '/Game/Maps/Laser_Kit.Laser_Kit_C' with ClassGeneratedBy '/Game/Maps/Laser_Kit.Laser_Kit:PersistentLevel.Laser_Kit'
[2019.11.17-21.21.44:466][880]LogBlueprintUserMessages: Late EndPlayMap Detection: Level '/Game/Maps/Camera_Kit.Camera_Kit:PersistentLevel' has LevelScriptBlueprint '/Game/Maps/Camera_Kit.Camera_Kit:PersistentLevel.Camera_Kit' with GeneratedClass '/Game/Maps/Camera_Kit.Camera_Kit_C' with ClassGeneratedBy '/Game/Maps/Camera_Kit.Camera_Kit:PersistentLevel.Camera_Kit'
[2019.11.17-21.21.44:467][880]LogBlueprintUserMessages: Late EndPlayMap Detection: Level '/Game/Maps/Explosive_Kit.Explosive_Kit:PersistentLevel' has LevelScriptBlueprint '/Game/Maps/Explosive_Kit.Explosive_Kit:PersistentLevel.Explosive_Kit' with GeneratedClass '/Game/Maps/Explosive_Kit.Explosive_Kit_C' with ClassGeneratedBy '/Game/Maps/Explosive_Kit.Explosive_Kit:PersistentLevel.Explosive_Kit'
[2019.11.17-21.21.44:468][880]LogBlueprintUserMessages: Late EndPlayMap Detection: Level '/Game/Maps/Teleport_Kit.Teleport_Kit:PersistentLevel' has LevelScriptBlueprint '/Game/Maps/Teleport_Kit.Teleport_Kit:PersistentLevel.Teleport_Kit' with GeneratedClass '/Game/Maps/Teleport_Kit.Teleport_Kit_C' with ClassGeneratedBy '/Game/Maps/Teleport_Kit.Teleport_Kit:PersistentLevel.Teleport_Kit'
[2019.11.17-21.21.44:593][880]LogSlate: Updating window title bar state: overlay mode, drag disabled, window buttons hidden, title bar hidden
[2019.11.17-21.21.44:606][880]LogUObjectHash: Compacting FUObjectHashTables data took   6.68ms
[2019.11.17-21.21.44:726][881]LogPlayLevel: Display: Destroying online subsystem :Context_47
[2019.11.17-21.21.45:608][903]LogSlate: FSceneViewport::OnFocusLost() reason 0
[2019.11.17-21.21.48:034][974]LogTemp: Repeating last play command: Selected Viewport
[2019.11.17-21.21.48:200][974]LogBlueprintUserMessages: Early PlayInEditor Detection: Level '/Game/FirstPersonBP/Maps/FirstPersonExampleMap.FirstPersonExampleMap:PersistentLevel' has LevelScriptBlueprint '/Game/FirstPersonBP/Maps/FirstPersonExampleMap.FirstPersonExampleMap:PersistentLevel.FirstPersonExampleMap' with GeneratedClass '/Game/FirstPersonBP/Maps/FirstPersonExampleMap.FirstPersonExampleMap_C' with ClassGeneratedBy '/Game/FirstPersonBP/Maps/FirstPersonExampleMap.FirstPersonExampleMap:PersistentLevel.FirstPersonExampleMap'
[2019.11.17-21.21.48:201][974]LogBlueprintUserMessages: Early PlayInEditor Detection: Level '/Game/Maps/Door_Breached.Door_Breached:PersistentLevel' has LevelScriptBlueprint '/Game/Maps/Door_Breached.Door_Breached:PersistentLevel.Door_Breached' with GeneratedClass '/Game/Maps/Door_Breached.Door_Breached_C' with ClassGeneratedBy '/Game/Maps/Door_Breached.Door_Breached:PersistentLevel.Door_Breached'
[2019.11.17-21.21.48:202][974]LogBlueprintUserMessages: Early PlayInEditor Detection: Level '/Game/Maps/Door_Kit.Door_Kit:PersistentLevel' has LevelScriptBlueprint '/Game/Maps/Door_Kit.Door_Kit:PersistentLevel.Door_Kit' with GeneratedClass '/Game/Maps/Door_Kit.Door_Kit_C' with ClassGeneratedBy '/Game/Maps/Door_Kit.Door_Kit:PersistentLevel.Door_Kit'
[2019.11.17-21.21.48:204][974]LogBlueprintUserMessages: Early PlayInEditor Detection: Level '/Game/Maps/Turret_Kit.Turret_Kit:PersistentLevel' has LevelScriptBlueprint '/Game/Maps/Turret_Kit.Turret_Kit:PersistentLevel.Turret_Kit' with GeneratedClass '/Game/Maps/Turret_Kit.Turret_Kit_C' with ClassGeneratedBy '/Game/Maps/Turret_Kit.Turret_Kit:PersistentLevel.Turret_Kit'
[2019.11.17-21.21.48:205][974]LogBlueprintUserMessages: Early PlayInEditor Detection: Level '/Game/Maps/Laser_Kit.Laser_Kit:PersistentLevel' has LevelScriptBlueprint '/Game/Maps/Laser_Kit.Laser_Kit:PersistentLevel.Laser_Kit' with GeneratedClass '/Game/Maps/Laser_Kit.Laser_Kit_C' with ClassGeneratedBy '/Game/Maps/Laser_Kit.Laser_Kit:PersistentLevel.Laser_Kit'
[2019.11.17-21.21.48:206][974]LogBlueprintUserMessages: Early PlayInEditor Detection: Level '/Game/Maps/Camera_Kit.Camera_Kit:PersistentLevel' has LevelScriptBlueprint '/Game/Maps/Camera_Kit.Camera_Kit:PersistentLevel.Camera_Kit' with GeneratedClass '/Game/Maps/Camera_Kit.Camera_Kit_C' with ClassGeneratedBy '/Game/Maps/Camera_Kit.Camera_Kit:PersistentLevel.Camera_Kit'
[2019.11.17-21.21.48:207][974]LogBlueprintUserMessages: Early PlayInEditor Detection: Level '/Game/Maps/Explosive_Kit.Explosive_Kit:PersistentLevel' has LevelScriptBlueprint '/Game/Maps/Explosive_Kit.Explosive_Kit:PersistentLevel.Explosive_Kit' with GeneratedClass '/Game/Maps/Explosive_Kit.Explosive_Kit_C' with ClassGeneratedBy '/Game/Maps/Explosive_Kit.Explosive_Kit:PersistentLevel.Explosive_Kit'
[2019.11.17-21.21.48:208][974]LogBlueprintUserMessages: Early PlayInEditor Detection: Level '/Game/Maps/Teleport_Kit.Teleport_Kit:PersistentLevel' has LevelScriptBlueprint '/Game/Maps/Teleport_Kit.Teleport_Kit:PersistentLevel.Teleport_Kit' with GeneratedClass '/Game/Maps/Teleport_Kit.Teleport_Kit_C' with ClassGeneratedBy '/Game/Maps/Teleport_Kit.Teleport_Kit:PersistentLevel.Teleport_Kit'
[2019.11.17-21.21.48:210][974]BlueprintLog: New page: Pre-Play auto-recompile
[2019.11.17-21.21.48:219][974]LogPlayLevel: [PlayLevel] Compiling Safe before play...
[2019.11.17-21.21.49:132][974]LogUObjectHash: Compacting FUObjectHashTables data took  12.04ms
[2019.11.17-21.21.49:132][974]LogPlayLevel: PlayLevel: Blueprint regeneration took 923 ms (1 blueprints)
[2019.11.17-21.21.49:133][974]PIE: New page: PIE session: FirstPersonExampleMap (Nov 17, 2019, 5:21:49 AM)
[2019.11.17-21.21.49:133][974]LogPlayLevel: Creating play world package: /Game/FirstPersonBP/Maps/UEDPIE_0_FirstPersonExampleMap
[2019.11.17-21.21.49:183][974]LogPlayLevel: PIE: StaticDuplicateObject took: (0.049202s)
[2019.11.17-21.21.49:185][974]LogAIModule: Creating AISystem for world FirstPersonExampleMap
[2019.11.17-21.21.49:186][974]LogPlayLevel: PIE: World Init took: (0.002315s)
[2019.11.17-21.21.49:186][974]LogPlayLevel: PIE: Created PIE world by copying editor world from /Game/FirstPersonBP/Maps/FirstPersonExampleMap.FirstPersonExampleMap to /Game/FirstPersonBP/Maps/UEDPIE_0_FirstPersonExampleMap.FirstPersonExampleMap (0.052864s)
[2019.11.17-21.21.49:315][974]LogUObjectHash: Compacting FUObjectHashTables data took   5.96ms
[2019.11.17-21.21.49:390][974]LogInit: XAudio2 using 'Headset Earphone (SteelSeries Arctis 5 Chat)' : 2 channels at 48 kHz using 16 bits per sample (channel mask 0x3)
[2019.11.17-21.21.49:431][974]LogInit: FAudioDevice initialized.
[2019.11.17-21.21.49:481][974]LogLoad: Game class is 'FirstPersonGameMode_C'
[2019.11.17-21.21.49:489][974]LogWorld: Bringing World /Game/FirstPersonBP/Maps/UEDPIE_0_FirstPersonExampleMap.FirstPersonExampleMap up for play (max tick rate 60) at 2019.11.17-13.21.49
[2019.11.17-21.21.49:491][974]LogWorld: Bringing up level for play took: 0.007424
[2019.11.17-21.21.49:507][974]PIE: Play in editor start time for /Game/FirstPersonBP/Maps/UEDPIE_0_FirstPersonExampleMap 1.836
[2019.11.17-21.21.49:508][974]LogBlueprintUserMessages: Late PlayInEditor Detection: Level '/Game/FirstPersonBP/Maps/FirstPersonExampleMap.FirstPersonExampleMap:PersistentLevel' has LevelScriptBlueprint '/Game/FirstPersonBP/Maps/FirstPersonExampleMap.FirstPersonExampleMap:PersistentLevel.FirstPersonExampleMap' with GeneratedClass '/Game/FirstPersonBP/Maps/FirstPersonExampleMap.FirstPersonExampleMap_C' with ClassGeneratedBy '/Game/FirstPersonBP/Maps/FirstPersonExampleMap.FirstPersonExampleMap:PersistentLevel.FirstPersonExampleMap'
[2019.11.17-21.21.49:509][974]LogBlueprintUserMessages: Late PlayInEditor Detection: Level '/Game/Maps/Door_Breached.Door_Breached:PersistentLevel' has LevelScriptBlueprint '/Game/Maps/Door_Breached.Door_Breached:PersistentLevel.Door_Breached' with GeneratedClass '/Game/Maps/Door_Breached.Door_Breached_C' with ClassGeneratedBy '/Game/Maps/Door_Breached.Door_Breached:PersistentLevel.Door_Breached'
[2019.11.17-21.21.49:511][974]LogBlueprintUserMessages: Late PlayInEditor Detection: Level '/Game/Maps/Door_Kit.Door_Kit:PersistentLevel' has LevelScriptBlueprint '/Game/Maps/Door_Kit.Door_Kit:PersistentLevel.Door_Kit' with GeneratedClass '/Game/Maps/Door_Kit.Door_Kit_C' with ClassGeneratedBy '/Game/Maps/Door_Kit.Door_Kit:PersistentLevel.Door_Kit'
[2019.11.17-21.21.49:512][974]LogBlueprintUserMessages: Late PlayInEditor Detection: Level '/Game/Maps/Turret_Kit.Turret_Kit:PersistentLevel' has LevelScriptBlueprint '/Game/Maps/Turret_Kit.Turret_Kit:PersistentLevel.Turret_Kit' with GeneratedClass '/Game/Maps/Turret_Kit.Turret_Kit_C' with ClassGeneratedBy '/Game/Maps/Turret_Kit.Turret_Kit:PersistentLevel.Turret_Kit'
[2019.11.17-21.21.49:513][974]LogBlueprintUserMessages: Late PlayInEditor Detection: Level '/Game/Maps/Laser_Kit.Laser_Kit:PersistentLevel' has LevelScriptBlueprint '/Game/Maps/Laser_Kit.Laser_Kit:PersistentLevel.Laser_Kit' with GeneratedClass '/Game/Maps/Laser_Kit.Laser_Kit_C' with ClassGeneratedBy '/Game/Maps/Laser_Kit.Laser_Kit:PersistentLevel.Laser_Kit'
[2019.11.17-21.21.49:514][974]LogBlueprintUserMessages: Late PlayInEditor Detection: Level '/Game/Maps/Camera_Kit.Camera_Kit:PersistentLevel' has LevelScriptBlueprint '/Game/Maps/Camera_Kit.Camera_Kit:PersistentLevel.Camera_Kit' with GeneratedClass '/Game/Maps/Camera_Kit.Camera_Kit_C' with ClassGeneratedBy '/Game/Maps/Camera_Kit.Camera_Kit:PersistentLevel.Camera_Kit'
[2019.11.17-21.21.49:515][974]LogBlueprintUserMessages: Late PlayInEditor Detection: Level '/Game/Maps/Explosive_Kit.Explosive_Kit:PersistentLevel' has LevelScriptBlueprint '/Game/Maps/Explosive_Kit.Explosive_Kit:PersistentLevel.Explosive_Kit' with GeneratedClass '/Game/Maps/Explosive_Kit.Explosive_Kit_C' with ClassGeneratedBy '/Game/Maps/Explosive_Kit.Explosive_Kit:PersistentLevel.Explosive_Kit'
[2019.11.17-21.21.49:516][974]LogBlueprintUserMessages: Late PlayInEditor Detection: Level '/Game/Maps/Teleport_Kit.Teleport_Kit:PersistentLevel' has LevelScriptBlueprint '/Game/Maps/Teleport_Kit.Teleport_Kit:PersistentLevel.Teleport_Kit' with GeneratedClass '/Game/Maps/Teleport_Kit.Teleport_Kit_C' with ClassGeneratedBy '/Game/Maps/Teleport_Kit.Teleport_Kit:PersistentLevel.Teleport_Kit'
[2019.11.17-21.21.51:928][ 25]LogBlueprintUserMessages: [Safe_2] Safe: Code entered is incorrect
[2019.11.17-21.21.51:928][ 25]LogBlueprintUserMessages: [Safe_2] Attempt:  1 of 3
[2019.11.17-21.21.52:437][ 40]LogBlueprintUserMessages: [Safe_2] Safe: Code entered is incorrect
[2019.11.17-21.21.52:438][ 40]LogBlueprintUserMessages: [Safe_2] Attempt:  2 of 3
[2019.11.17-21.21.52:787][ 50]LogBlueprintUserMessages: [Safe_2] Safe: Code entered is incorrect
[2019.11.17-21.21.56:463][159]LogBlueprintUserMessages: Early EndPlayMap Detection: Level '/Game/FirstPersonBP/Maps/FirstPersonExampleMap.FirstPersonExampleMap:PersistentLevel' has LevelScriptBlueprint '/Game/FirstPersonBP/Maps/FirstPersonExampleMap.FirstPersonExampleMap:PersistentLevel.FirstPersonExampleMap' with GeneratedClass '/Game/FirstPersonBP/Maps/FirstPersonExampleMap.FirstPersonExampleMap_C' with ClassGeneratedBy '/Game/FirstPersonBP/Maps/FirstPersonExampleMap.FirstPersonExampleMap:PersistentLevel.FirstPersonExampleMap'
[2019.11.17-21.21.56:465][159]LogBlueprintUserMessages: Early EndPlayMap Detection: Level '/Game/Maps/Door_Breached.Door_Breached:PersistentLevel' has LevelScriptBlueprint '/Game/Maps/Door_Breached.Door_Breached:PersistentLevel.Door_Breached' with GeneratedClass '/Game/Maps/Door_Breached.Door_Breached_C' with ClassGeneratedBy '/Game/Maps/Door_Breached.Door_Breached:PersistentLevel.Door_Breached'
[2019.11.17-21.21.56:466][159]LogBlueprintUserMessages: Early EndPlayMap Detection: Level '/Game/Maps/Door_Kit.Door_Kit:PersistentLevel' has LevelScriptBlueprint '/Game/Maps/Door_Kit.Door_Kit:PersistentLevel.Door_Kit' with GeneratedClass '/Game/Maps/Door_Kit.Door_Kit_C' with ClassGeneratedBy '/Game/Maps/Door_Kit.Door_Kit:PersistentLevel.Door_Kit'
[2019.11.17-21.21.56:467][159]LogBlueprintUserMessages: Early EndPlayMap Detection: Level '/Game/Maps/Turret_Kit.Turret_Kit:PersistentLevel' has LevelScriptBlueprint '/Game/Maps/Turret_Kit.Turret_Kit:PersistentLevel.Turret_Kit' with GeneratedClass '/Game/Maps/Turret_Kit.Turret_Kit_C' with ClassGeneratedBy '/Game/Maps/Turret_Kit.Turret_Kit:PersistentLevel.Turret_Kit'
[2019.11.17-21.21.56:469][159]LogBlueprintUserMessages: Early EndPlayMap Detection: Level '/Game/Maps/Laser_Kit.Laser_Kit:PersistentLevel' has LevelScriptBlueprint '/Game/Maps/Laser_Kit.Laser_Kit:PersistentLevel.Laser_Kit' with GeneratedClass '/Game/Maps/Laser_Kit.Laser_Kit_C' with ClassGeneratedBy '/Game/Maps/Laser_Kit.Laser_Kit:PersistentLevel.Laser_Kit'
[2019.11.17-21.21.56:470][159]LogBlueprintUserMessages: Early EndPlayMap Detection: Level '/Game/Maps/Camera_Kit.Camera_Kit:PersistentLevel' has LevelScriptBlueprint '/Game/Maps/Camera_Kit.Camera_Kit:PersistentLevel.Camera_Kit' with GeneratedClass '/Game/Maps/Camera_Kit.Camera_Kit_C' with ClassGeneratedBy '/Game/Maps/Camera_Kit.Camera_Kit:PersistentLevel.Camera_Kit'
[2019.11.17-21.21.56:471][159]LogBlueprintUserMessages: Early EndPlayMap Detection: Level '/Game/Maps/Explosive_Kit.Explosive_Kit:PersistentLevel' has LevelScriptBlueprint '/Game/Maps/Explosive_Kit.Explosive_Kit:PersistentLevel.Explosive_Kit' with GeneratedClass '/Game/Maps/Explosive_Kit.Explosive_Kit_C' with ClassGeneratedBy '/Game/Maps/Explosive_Kit.Explosive_Kit:PersistentLevel.Explosive_Kit'
[2019.11.17-21.21.56:472][159]LogBlueprintUserMessages: Early EndPlayMap Detection: Level '/Game/Maps/Teleport_Kit.Teleport_Kit:PersistentLevel' has LevelScriptBlueprint '/Game/Maps/Teleport_Kit.Teleport_Kit:PersistentLevel.Teleport_Kit' with GeneratedClass '/Game/Maps/Teleport_Kit.Teleport_Kit_C' with ClassGeneratedBy '/Game/Maps/Teleport_Kit.Teleport_Kit:PersistentLevel.Teleport_Kit'
[2019.11.17-21.21.56:474][159]LogSlate: Updating window title bar state: overlay mode, drag disabled, window buttons hidden, title bar hidden
[2019.11.17-21.21.56:540][159]LogPlayLevel: Display: Shutting down PIE online subsystems
[2019.11.17-21.21.56:541][159]LogBlueprintUserMessages: Late EndPlayMap Detection: Level '/Game/FirstPersonBP/Maps/FirstPersonExampleMap.FirstPersonExampleMap:PersistentLevel' has LevelScriptBlueprint '/Game/FirstPersonBP/Maps/FirstPersonExampleMap.FirstPersonExampleMap:PersistentLevel.FirstPersonExampleMap' with GeneratedClass '/Game/FirstPersonBP/Maps/FirstPersonExampleMap.FirstPersonExampleMap_C' with ClassGeneratedBy '/Game/FirstPersonBP/Maps/FirstPersonExampleMap.FirstPersonExampleMap:PersistentLevel.FirstPersonExampleMap'
[2019.11.17-21.21.56:542][159]LogBlueprintUserMessages: Late EndPlayMap Detection: Level '/Game/Maps/Door_Breached.Door_Breached:PersistentLevel' has LevelScriptBlueprint '/Game/Maps/Door_Breached.Door_Breached:PersistentLevel.Door_Breached' with GeneratedClass '/Game/Maps/Door_Breached.Door_Breached_C' with ClassGeneratedBy '/Game/Maps/Door_Breached.Door_Breached:PersistentLevel.Door_Breached'
[2019.11.17-21.21.56:543][159]LogBlueprintUserMessages: Late EndPlayMap Detection: Level '/Game/Maps/Door_Kit.Door_Kit:PersistentLevel' has LevelScriptBlueprint '/Game/Maps/Door_Kit.Door_Kit:PersistentLevel.Door_Kit' with GeneratedClass '/Game/Maps/Door_Kit.Door_Kit_C' with ClassGeneratedBy '/Game/Maps/Door_Kit.Door_Kit:PersistentLevel.Door_Kit'
[2019.11.17-21.21.56:544][159]LogBlueprintUserMessages: Late EndPlayMap Detection: Level '/Game/Maps/Turret_Kit.Turret_Kit:PersistentLevel' has LevelScriptBlueprint '/Game/Maps/Turret_Kit.Turret_Kit:PersistentLevel.Turret_Kit' with GeneratedClass '/Game/Maps/Turret_Kit.Turret_Kit_C' with ClassGeneratedBy '/Game/Maps/Turret_Kit.Turret_Kit:PersistentLevel.Turret_Kit'
[2019.11.17-21.21.56:545][159]LogBlueprintUserMessages: Late EndPlayMap Detection: Level '/Game/Maps/Laser_Kit.Laser_Kit:PersistentLevel' has LevelScriptBlueprint '/Game/Maps/Laser_Kit.Laser_Kit:PersistentLevel.Laser_Kit' with GeneratedClass '/Game/Maps/Laser_Kit.Laser_Kit_C' with ClassGeneratedBy '/Game/Maps/Laser_Kit.Laser_Kit:PersistentLevel.Laser_Kit'
[2019.11.17-21.21.56:546][159]LogBlueprintUserMessages: Late EndPlayMap Detection: Level '/Game/Maps/Camera_Kit.Camera_Kit:PersistentLevel' has LevelScriptBlueprint '/Game/Maps/Camera_Kit.Camera_Kit:PersistentLevel.Camera_Kit' with GeneratedClass '/Game/Maps/Camera_Kit.Camera_Kit_C' with ClassGeneratedBy '/Game/Maps/Camera_Kit.Camera_Kit:PersistentLevel.Camera_Kit'
[2019.11.17-21.21.56:547][159]LogBlueprintUserMessages: Late EndPlayMap Detection: Level '/Game/Maps/Explosive_Kit.Explosive_Kit:PersistentLevel' has LevelScriptBlueprint '/Game/Maps/Explosive_Kit.Explosive_Kit:PersistentLevel.Explosive_Kit' with GeneratedClass '/Game/Maps/Explosive_Kit.Explosive_Kit_C' with ClassGeneratedBy '/Game/Maps/Explosive_Kit.Explosive_Kit:PersistentLevel.Explosive_Kit'
[2019.11.17-21.21.56:548][159]LogBlueprintUserMessages: Late EndPlayMap Detection: Level '/Game/Maps/Teleport_Kit.Teleport_Kit:PersistentLevel' has LevelScriptBlueprint '/Game/Maps/Teleport_Kit.Teleport_Kit:PersistentLevel.Teleport_Kit' with GeneratedClass '/Game/Maps/Teleport_Kit.Teleport_Kit_C' with ClassGeneratedBy '/Game/Maps/Teleport_Kit.Teleport_Kit:PersistentLevel.Teleport_Kit'
[2019.11.17-21.21.56:678][159]LogSlate: Updating window title bar state: overlay mode, drag disabled, window buttons hidden, title bar hidden
[2019.11.17-21.21.56:693][159]LogUObjectHash: Compacting FUObjectHashTables data took   5.51ms
[2019.11.17-21.21.56:806][160]LogPlayLevel: Display: Destroying online subsystem :Context_48
[2019.11.17-21.21.58:479][204]LogSlate: FSceneViewport::OnFocusLost() reason 0
[2019.11.17-21.22.02:912][337]LogTemp: Repeating last play command: Selected Viewport
[2019.11.17-21.22.03:088][337]LogBlueprintUserMessages: Early PlayInEditor Detection: Level '/Game/FirstPersonBP/Maps/FirstPersonExampleMap.FirstPersonExampleMap:PersistentLevel' has LevelScriptBlueprint '/Game/FirstPersonBP/Maps/FirstPersonExampleMap.FirstPersonExampleMap:PersistentLevel.FirstPersonExampleMap' with GeneratedClass '/Game/FirstPersonBP/Maps/FirstPersonExampleMap.FirstPersonExampleMap_C' with ClassGeneratedBy '/Game/FirstPersonBP/Maps/FirstPersonExampleMap.FirstPersonExampleMap:PersistentLevel.FirstPersonExampleMap'
[2019.11.17-21.22.03:090][337]LogBlueprintUserMessages: Early PlayInEditor Detection: Level '/Game/Maps/Door_Breached.Door_Breached:PersistentLevel' has LevelScriptBlueprint '/Game/Maps/Door_Breached.Door_Breached:PersistentLevel.Door_Breached' with GeneratedClass '/Game/Maps/Door_Breached.Door_Breached_C' with ClassGeneratedBy '/Game/Maps/Door_Breached.Door_Breached:PersistentLevel.Door_Breached'
[2019.11.17-21.22.03:091][337]LogBlueprintUserMessages: Early PlayInEditor Detection: Level '/Game/Maps/Door_Kit.Door_Kit:PersistentLevel' has LevelScriptBlueprint '/Game/Maps/Door_Kit.Door_Kit:PersistentLevel.Door_Kit' with GeneratedClass '/Game/Maps/Door_Kit.Door_Kit_C' with ClassGeneratedBy '/Game/Maps/Door_Kit.Door_Kit:PersistentLevel.Door_Kit'
[2019.11.17-21.22.03:093][337]LogBlueprintUserMessages: Early PlayInEditor Detection: Level '/Game/Maps/Turret_Kit.Turret_Kit:PersistentLevel' has LevelScriptBlueprint '/Game/Maps/Turret_Kit.Turret_Kit:PersistentLevel.Turret_Kit' with GeneratedClass '/Game/Maps/Turret_Kit.Turret_Kit_C' with ClassGeneratedBy '/Game/Maps/Turret_Kit.Turret_Kit:PersistentLevel.Turret_Kit'
[2019.11.17-21.22.03:094][337]LogBlueprintUserMessages: Early PlayInEditor Detection: Level '/Game/Maps/Laser_Kit.Laser_Kit:PersistentLevel' has LevelScriptBlueprint '/Game/Maps/Laser_Kit.Laser_Kit:PersistentLevel.Laser_Kit' with GeneratedClass '/Game/Maps/Laser_Kit.Laser_Kit_C' with ClassGeneratedBy '/Game/Maps/Laser_Kit.Laser_Kit:PersistentLevel.Laser_Kit'
[2019.11.17-21.22.03:095][337]LogBlueprintUserMessages: Early PlayInEditor Detection: Level '/Game/Maps/Camera_Kit.Camera_Kit:PersistentLevel' has LevelScriptBlueprint '/Game/Maps/Camera_Kit.Camera_Kit:PersistentLevel.Camera_Kit' with GeneratedClass '/Game/Maps/Camera_Kit.Camera_Kit_C' with ClassGeneratedBy '/Game/Maps/Camera_Kit.Camera_Kit:PersistentLevel.Camera_Kit'
[2019.11.17-21.22.03:097][337]LogBlueprintUserMessages: Early PlayInEditor Detection: Level '/Game/Maps/Explosive_Kit.Explosive_Kit:PersistentLevel' has LevelScriptBlueprint '/Game/Maps/Explosive_Kit.Explosive_Kit:PersistentLevel.Explosive_Kit' with GeneratedClass '/Game/Maps/Explosive_Kit.Explosive_Kit_C' with ClassGeneratedBy '/Game/Maps/Explosive_Kit.Explosive_Kit:PersistentLevel.Explosive_Kit'
[2019.11.17-21.22.03:098][337]LogBlueprintUserMessages: Early PlayInEditor Detection: Level '/Game/Maps/Teleport_Kit.Teleport_Kit:PersistentLevel' has LevelScriptBlueprint '/Game/Maps/Teleport_Kit.Teleport_Kit:PersistentLevel.Teleport_Kit' with GeneratedClass '/Game/Maps/Teleport_Kit.Teleport_Kit_C' with ClassGeneratedBy '/Game/Maps/Teleport_Kit.Teleport_Kit:PersistentLevel.Teleport_Kit'
[2019.11.17-21.22.03:099][337]BlueprintLog: New page: Pre-Play auto-recompile
[2019.11.17-21.22.03:109][337]LogPlayLevel: [PlayLevel] Compiling Safe before play...
[2019.11.17-21.22.04:000][337]LogUObjectHash: Compacting FUObjectHashTables data took  11.53ms
[2019.11.17-21.22.04:000][337]LogPlayLevel: PlayLevel: Blueprint regeneration took 900 ms (1 blueprints)
[2019.11.17-21.22.04:001][337]PIE: New page: PIE session: FirstPersonExampleMap (Nov 17, 2019, 5:22:04 AM)
[2019.11.17-21.22.04:002][337]LogPlayLevel: Creating play world package: /Game/FirstPersonBP/Maps/UEDPIE_0_FirstPersonExampleMap
[2019.11.17-21.22.04:043][337]LogPlayLevel: PIE: StaticDuplicateObject took: (0.040882s)
[2019.11.17-21.22.04:045][337]LogAIModule: Creating AISystem for world FirstPersonExampleMap
[2019.11.17-21.22.04:046][337]LogPlayLevel: PIE: World Init took: (0.002318s)
[2019.11.17-21.22.04:046][337]LogPlayLevel: PIE: Created PIE world by copying editor world from /Game/FirstPersonBP/Maps/FirstPersonExampleMap.FirstPersonExampleMap to /Game/FirstPersonBP/Maps/UEDPIE_0_FirstPersonExampleMap.FirstPersonExampleMap (0.044677s)
[2019.11.17-21.22.04:171][337]LogUObjectHash: Compacting FUObjectHashTables data took   6.52ms
[2019.11.17-21.22.04:238][337]LogInit: XAudio2 using 'Headset Earphone (SteelSeries Arctis 5 Chat)' : 2 channels at 48 kHz using 16 bits per sample (channel mask 0x3)
[2019.11.17-21.22.04:279][337]LogInit: FAudioDevice initialized.
[2019.11.17-21.22.04:331][337]LogLoad: Game class is 'FirstPersonGameMode_C'
[2019.11.17-21.22.04:343][337]LogWorld: Bringing World /Game/FirstPersonBP/Maps/UEDPIE_0_FirstPersonExampleMap.FirstPersonExampleMap up for play (max tick rate 60) at 2019.11.17-13.22.04
[2019.11.17-21.22.04:345][337]LogWorld: Bringing up level for play took: 0.011286
[2019.11.17-21.22.04:362][337]PIE: Play in editor start time for /Game/FirstPersonBP/Maps/UEDPIE_0_FirstPersonExampleMap 0.69
[2019.11.17-21.22.04:363][337]LogBlueprintUserMessages: Late PlayInEditor Detection: Level '/Game/FirstPersonBP/Maps/FirstPersonExampleMap.FirstPersonExampleMap:PersistentLevel' has LevelScriptBlueprint '/Game/FirstPersonBP/Maps/FirstPersonExampleMap.FirstPersonExampleMap:PersistentLevel.FirstPersonExampleMap' with GeneratedClass '/Game/FirstPersonBP/Maps/FirstPersonExampleMap.FirstPersonExampleMap_C' with ClassGeneratedBy '/Game/FirstPersonBP/Maps/FirstPersonExampleMap.FirstPersonExampleMap:PersistentLevel.FirstPersonExampleMap'
[2019.11.17-21.22.04:364][337]LogBlueprintUserMessages: Late PlayInEditor Detection: Level '/Game/Maps/Door_Breached.Door_Breached:PersistentLevel' has LevelScriptBlueprint '/Game/Maps/Door_Breached.Door_Breached:PersistentLevel.Door_Breached' with GeneratedClass '/Game/Maps/Door_Breached.Door_Breached_C' with ClassGeneratedBy '/Game/Maps/Door_Breached.Door_Breached:PersistentLevel.Door_Breached'
[2019.11.17-21.22.04:365][337]LogBlueprintUserMessages: Late PlayInEditor Detection: Level '/Game/Maps/Door_Kit.Door_Kit:PersistentLevel' has LevelScriptBlueprint '/Game/Maps/Door_Kit.Door_Kit:PersistentLevel.Door_Kit' with GeneratedClass '/Game/Maps/Door_Kit.Door_Kit_C' with ClassGeneratedBy '/Game/Maps/Door_Kit.Door_Kit:PersistentLevel.Door_Kit'
[2019.11.17-21.22.04:367][337]LogBlueprintUserMessages: Late PlayInEditor Detection: Level '/Game/Maps/Turret_Kit.Turret_Kit:PersistentLevel' has LevelScriptBlueprint '/Game/Maps/Turret_Kit.Turret_Kit:PersistentLevel.Turret_Kit' with GeneratedClass '/Game/Maps/Turret_Kit.Turret_Kit_C' with ClassGeneratedBy '/Game/Maps/Turret_Kit.Turret_Kit:PersistentLevel.Turret_Kit'
[2019.11.17-21.22.04:368][337]LogBlueprintUserMessages: Late PlayInEditor Detection: Level '/Game/Maps/Laser_Kit.Laser_Kit:PersistentLevel' has LevelScriptBlueprint '/Game/Maps/Laser_Kit.Laser_Kit:PersistentLevel.Laser_Kit' with GeneratedClass '/Game/Maps/Laser_Kit.Laser_Kit_C' with ClassGeneratedBy '/Game/Maps/Laser_Kit.Laser_Kit:PersistentLevel.Laser_Kit'
[2019.11.17-21.22.04:369][337]LogBlueprintUserMessages: Late PlayInEditor Detection: Level '/Game/Maps/Camera_Kit.Camera_Kit:PersistentLevel' has LevelScriptBlueprint '/Game/Maps/Camera_Kit.Camera_Kit:PersistentLevel.Camera_Kit' with GeneratedClass '/Game/Maps/Camera_Kit.Camera_Kit_C' with ClassGeneratedBy '/Game/Maps/Camera_Kit.Camera_Kit:PersistentLevel.Camera_Kit'
[2019.11.17-21.22.04:371][337]LogBlueprintUserMessages: Late PlayInEditor Detection: Level '/Game/Maps/Explosive_Kit.Explosive_Kit:PersistentLevel' has LevelScriptBlueprint '/Game/Maps/Explosive_Kit.Explosive_Kit:PersistentLevel.Explosive_Kit' with GeneratedClass '/Game/Maps/Explosive_Kit.Explosive_Kit_C' with ClassGeneratedBy '/Game/Maps/Explosive_Kit.Explosive_Kit:PersistentLevel.Explosive_Kit'
[2019.11.17-21.22.04:372][337]LogBlueprintUserMessages: Late PlayInEditor Detection: Level '/Game/Maps/Teleport_Kit.Teleport_Kit:PersistentLevel' has LevelScriptBlueprint '/Game/Maps/Teleport_Kit.Teleport_Kit:PersistentLevel.Teleport_Kit' with GeneratedClass '/Game/Maps/Teleport_Kit.Teleport_Kit_C' with ClassGeneratedBy '/Game/Maps/Teleport_Kit.Teleport_Kit:PersistentLevel.Teleport_Kit'
[2019.11.17-21.22.07:196][401]LogBlueprintUserMessages: [Safe_2] Safe: Code entered is incorrect
[2019.11.17-21.22.07:197][401]LogBlueprintUserMessages: [Safe_2] Attempt:  1 of 3
[2019.11.17-21.22.07:479][409]LogBlueprintUserMessages: [Safe_2] Safe: Code entered is incorrect
[2019.11.17-21.22.07:479][409]LogBlueprintUserMessages: [Safe_2] Attempt:  2 of 3
[2019.11.17-21.22.07:693][415]LogBlueprintUserMessages: [Safe_2] Safe: Code entered is incorrect
[2019.11.17-21.22.12:666][554]LogBlueprintUserMessages: [Safe_2] Sfae: Resetted
[2019.11.17-21.22.13:332][573]LogBlueprintUserMessages: Early EndPlayMap Detection: Level '/Game/FirstPersonBP/Maps/FirstPersonExampleMap.FirstPersonExampleMap:PersistentLevel' has LevelScriptBlueprint '/Game/FirstPersonBP/Maps/FirstPersonExampleMap.FirstPersonExampleMap:PersistentLevel.FirstPersonExampleMap' with GeneratedClass '/Game/FirstPersonBP/Maps/FirstPersonExampleMap.FirstPersonExampleMap_C' with ClassGeneratedBy '/Game/FirstPersonBP/Maps/FirstPersonExampleMap.FirstPersonExampleMap:PersistentLevel.FirstPersonExampleMap'
[2019.11.17-21.22.13:335][573]LogBlueprintUserMessages: Early EndPlayMap Detection: Level '/Game/Maps/Door_Breached.Door_Breached:PersistentLevel' has LevelScriptBlueprint '/Game/Maps/Door_Breached.Door_Breached:PersistentLevel.Door_Breached' with GeneratedClass '/Game/Maps/Door_Breached.Door_Breached_C' with ClassGeneratedBy '/Game/Maps/Door_Breached.Door_Breached:PersistentLevel.Door_Breached'
[2019.11.17-21.22.13:337][573]LogBlueprintUserMessages: Early EndPlayMap Detection: Level '/Game/Maps/Door_Kit.Door_Kit:PersistentLevel' has LevelScriptBlueprint '/Game/Maps/Door_Kit.Door_Kit:PersistentLevel.Door_Kit' with GeneratedClass '/Game/Maps/Door_Kit.Door_Kit_C' with ClassGeneratedBy '/Game/Maps/Door_Kit.Door_Kit:PersistentLevel.Door_Kit'
[2019.11.17-21.22.13:338][573]LogBlueprintUserMessages: Early EndPlayMap Detection: Level '/Game/Maps/Turret_Kit.Turret_Kit:PersistentLevel' has LevelScriptBlueprint '/Game/Maps/Turret_Kit.Turret_Kit:PersistentLevel.Turret_Kit' with GeneratedClass '/Game/Maps/Turret_Kit.Turret_Kit_C' with ClassGeneratedBy '/Game/Maps/Turret_Kit.Turret_Kit:PersistentLevel.Turret_Kit'
[2019.11.17-21.22.13:339][573]LogBlueprintUserMessages: Early EndPlayMap Detection: Level '/Game/Maps/Laser_Kit.Laser_Kit:PersistentLevel' has LevelScriptBlueprint '/Game/Maps/Laser_Kit.Laser_Kit:PersistentLevel.Laser_Kit' with GeneratedClass '/Game/Maps/Laser_Kit.Laser_Kit_C' with ClassGeneratedBy '/Game/Maps/Laser_Kit.Laser_Kit:PersistentLevel.Laser_Kit'
[2019.11.17-21.22.13:340][573]LogBlueprintUserMessages: Early EndPlayMap Detection: Level '/Game/Maps/Camera_Kit.Camera_Kit:PersistentLevel' has LevelScriptBlueprint '/Game/Maps/Camera_Kit.Camera_Kit:PersistentLevel.Camera_Kit' with GeneratedClass '/Game/Maps/Camera_Kit.Camera_Kit_C' with ClassGeneratedBy '/Game/Maps/Camera_Kit.Camera_Kit:PersistentLevel.Camera_Kit'
[2019.11.17-21.22.13:342][573]LogBlueprintUserMessages: Early EndPlayMap Detection: Level '/Game/Maps/Explosive_Kit.Explosive_Kit:PersistentLevel' has LevelScriptBlueprint '/Game/Maps/Explosive_Kit.Explosive_Kit:PersistentLevel.Explosive_Kit' with GeneratedClass '/Game/Maps/Explosive_Kit.Explosive_Kit_C' with ClassGeneratedBy '/Game/Maps/Explosive_Kit.Explosive_Kit:PersistentLevel.Explosive_Kit'
[2019.11.17-21.22.13:343][573]LogBlueprintUserMessages: Early EndPlayMap Detection: Level '/Game/Maps/Teleport_Kit.Teleport_Kit:PersistentLevel' has LevelScriptBlueprint '/Game/Maps/Teleport_Kit.Teleport_Kit:PersistentLevel.Teleport_Kit' with GeneratedClass '/Game/Maps/Teleport_Kit.Teleport_Kit_C' with ClassGeneratedBy '/Game/Maps/Teleport_Kit.Teleport_Kit:PersistentLevel.Teleport_Kit'
[2019.11.17-21.22.13:345][573]LogSlate: Updating window title bar state: overlay mode, drag disabled, window buttons hidden, title bar hidden
[2019.11.17-21.22.13:405][573]LogPlayLevel: Display: Shutting down PIE online subsystems
[2019.11.17-21.22.13:406][573]LogBlueprintUserMessages: Late EndPlayMap Detection: Level '/Game/FirstPersonBP/Maps/FirstPersonExampleMap.FirstPersonExampleMap:PersistentLevel' has LevelScriptBlueprint '/Game/FirstPersonBP/Maps/FirstPersonExampleMap.FirstPersonExampleMap:PersistentLevel.FirstPersonExampleMap' with GeneratedClass '/Game/FirstPersonBP/Maps/FirstPersonExampleMap.FirstPersonExampleMap_C' with ClassGeneratedBy '/Game/FirstPersonBP/Maps/FirstPersonExampleMap.FirstPersonExampleMap:PersistentLevel.FirstPersonExampleMap'
[2019.11.17-21.22.13:408][573]LogBlueprintUserMessages: Late EndPlayMap Detection: Level '/Game/Maps/Door_Breached.Door_Breached:PersistentLevel' has LevelScriptBlueprint '/Game/Maps/Door_Breached.Door_Breached:PersistentLevel.Door_Breached' with GeneratedClass '/Game/Maps/Door_Breached.Door_Breached_C' with ClassGeneratedBy '/Game/Maps/Door_Breached.Door_Breached:PersistentLevel.Door_Breached'
[2019.11.17-21.22.13:409][573]LogBlueprintUserMessages: Late EndPlayMap Detection: Level '/Game/Maps/Door_Kit.Door_Kit:PersistentLevel' has LevelScriptBlueprint '/Game/Maps/Door_Kit.Door_Kit:PersistentLevel.Door_Kit' with GeneratedClass '/Game/Maps/Door_Kit.Door_Kit_C' with ClassGeneratedBy '/Game/Maps/Door_Kit.Door_Kit:PersistentLevel.Door_Kit'
[2019.11.17-21.22.13:410][573]LogBlueprintUserMessages: Late EndPlayMap Detection: Level '/Game/Maps/Turret_Kit.Turret_Kit:PersistentLevel' has LevelScriptBlueprint '/Game/Maps/Turret_Kit.Turret_Kit:PersistentLevel.Turret_Kit' with GeneratedClass '/Game/Maps/Turret_Kit.Turret_Kit_C' with ClassGeneratedBy '/Game/Maps/Turret_Kit.Turret_Kit:PersistentLevel.Turret_Kit'
[2019.11.17-21.22.13:411][573]LogBlueprintUserMessages: Late EndPlayMap Detection: Level '/Game/Maps/Laser_Kit.Laser_Kit:PersistentLevel' has LevelScriptBlueprint '/Game/Maps/Laser_Kit.Laser_Kit:PersistentLevel.Laser_Kit' with GeneratedClass '/Game/Maps/Laser_Kit.Laser_Kit_C' with ClassGeneratedBy '/Game/Maps/Laser_Kit.Laser_Kit:PersistentLevel.Laser_Kit'
[2019.11.17-21.22.13:411][573]LogBlueprintUserMessages: Late EndPlayMap Detection: Level '/Game/Maps/Camera_Kit.Camera_Kit:PersistentLevel' has LevelScriptBlueprint '/Game/Maps/Camera_Kit.Camera_Kit:PersistentLevel.Camera_Kit' with GeneratedClass '/Game/Maps/Camera_Kit.Camera_Kit_C' with ClassGeneratedBy '/Game/Maps/Camera_Kit.Camera_Kit:PersistentLevel.Camera_Kit'
[2019.11.17-21.22.13:412][573]LogBlueprintUserMessages: Late EndPlayMap Detection: Level '/Game/Maps/Explosive_Kit.Explosive_Kit:PersistentLevel' has LevelScriptBlueprint '/Game/Maps/Explosive_Kit.Explosive_Kit:PersistentLevel.Explosive_Kit' with GeneratedClass '/Game/Maps/Explosive_Kit.Explosive_Kit_C' with ClassGeneratedBy '/Game/Maps/Explosive_Kit.Explosive_Kit:PersistentLevel.Explosive_Kit'
[2019.11.17-21.22.13:413][573]LogBlueprintUserMessages: Late EndPlayMap Detection: Level '/Game/Maps/Teleport_Kit.Teleport_Kit:PersistentLevel' has LevelScriptBlueprint '/Game/Maps/Teleport_Kit.Teleport_Kit:PersistentLevel.Teleport_Kit' with GeneratedClass '/Game/Maps/Teleport_Kit.Teleport_Kit_C' with ClassGeneratedBy '/Game/Maps/Teleport_Kit.Teleport_Kit:PersistentLevel.Teleport_Kit'
[2019.11.17-21.22.13:543][573]LogSlate: Updating window title bar state: overlay mode, drag disabled, window buttons hidden, title bar hidden
[2019.11.17-21.22.13:557][573]LogUObjectHash: Compacting FUObjectHashTables data took   5.72ms
[2019.11.17-21.22.13:659][574]LogPlayLevel: Display: Destroying online subsystem :Context_49
[2019.11.17-21.22.17:969][688]LogSlate: FSceneViewport::OnFocusLost() reason 0
[2019.11.17-21.22.21:725][789]LogTemp: Repeating last play command: Selected Viewport
[2019.11.17-21.22.21:876][789]LogBlueprintUserMessages: Early PlayInEditor Detection: Level '/Game/FirstPersonBP/Maps/FirstPersonExampleMap.FirstPersonExampleMap:PersistentLevel' has LevelScriptBlueprint '/Game/FirstPersonBP/Maps/FirstPersonExampleMap.FirstPersonExampleMap:PersistentLevel.FirstPersonExampleMap' with GeneratedClass '/Game/FirstPersonBP/Maps/FirstPersonExampleMap.FirstPersonExampleMap_C' with ClassGeneratedBy '/Game/FirstPersonBP/Maps/FirstPersonExampleMap.FirstPersonExampleMap:PersistentLevel.FirstPersonExampleMap'
[2019.11.17-21.22.21:877][789]LogBlueprintUserMessages: Early PlayInEditor Detection: Level '/Game/Maps/Door_Breached.Door_Breached:PersistentLevel' has LevelScriptBlueprint '/Game/Maps/Door_Breached.Door_Breached:PersistentLevel.Door_Breached' with GeneratedClass '/Game/Maps/Door_Breached.Door_Breached_C' with ClassGeneratedBy '/Game/Maps/Door_Breached.Door_Breached:PersistentLevel.Door_Breached'
[2019.11.17-21.22.21:879][789]LogBlueprintUserMessages: Early PlayInEditor Detection: Level '/Game/Maps/Door_Kit.Door_Kit:PersistentLevel' has LevelScriptBlueprint '/Game/Maps/Door_Kit.Door_Kit:PersistentLevel.Door_Kit' with GeneratedClass '/Game/Maps/Door_Kit.Door_Kit_C' with ClassGeneratedBy '/Game/Maps/Door_Kit.Door_Kit:PersistentLevel.Door_Kit'
[2019.11.17-21.22.21:880][789]LogBlueprintUserMessages: Early PlayInEditor Detection: Level '/Game/Maps/Turret_Kit.Turret_Kit:PersistentLevel' has LevelScriptBlueprint '/Game/Maps/Turret_Kit.Turret_Kit:PersistentLevel.Turret_Kit' with GeneratedClass '/Game/Maps/Turret_Kit.Turret_Kit_C' with ClassGeneratedBy '/Game/Maps/Turret_Kit.Turret_Kit:PersistentLevel.Turret_Kit'
[2019.11.17-21.22.21:881][789]LogBlueprintUserMessages: Early PlayInEditor Detection: Level '/Game/Maps/Laser_Kit.Laser_Kit:PersistentLevel' has LevelScriptBlueprint '/Game/Maps/Laser_Kit.Laser_Kit:PersistentLevel.Laser_Kit' with GeneratedClass '/Game/Maps/Laser_Kit.Laser_Kit_C' with ClassGeneratedBy '/Game/Maps/Laser_Kit.Laser_Kit:PersistentLevel.Laser_Kit'
[2019.11.17-21.22.21:882][789]LogBlueprintUserMessages: Early PlayInEditor Detection: Level '/Game/Maps/Camera_Kit.Camera_Kit:PersistentLevel' has LevelScriptBlueprint '/Game/Maps/Camera_Kit.Camera_Kit:PersistentLevel.Camera_Kit' with GeneratedClass '/Game/Maps/Camera_Kit.Camera_Kit_C' with ClassGeneratedBy '/Game/Maps/Camera_Kit.Camera_Kit:PersistentLevel.Camera_Kit'
[2019.11.17-21.22.21:883][789]LogBlueprintUserMessages: Early PlayInEditor Detection: Level '/Game/Maps/Explosive_Kit.Explosive_Kit:PersistentLevel' has LevelScriptBlueprint '/Game/Maps/Explosive_Kit.Explosive_Kit:PersistentLevel.Explosive_Kit' with GeneratedClass '/Game/Maps/Explosive_Kit.Explosive_Kit_C' with ClassGeneratedBy '/Game/Maps/Explosive_Kit.Explosive_Kit:PersistentLevel.Explosive_Kit'
[2019.11.17-21.22.21:884][789]LogBlueprintUserMessages: Early PlayInEditor Detection: Level '/Game/Maps/Teleport_Kit.Teleport_Kit:PersistentLevel' has LevelScriptBlueprint '/Game/Maps/Teleport_Kit.Teleport_Kit:PersistentLevel.Teleport_Kit' with GeneratedClass '/Game/Maps/Teleport_Kit.Teleport_Kit_C' with ClassGeneratedBy '/Game/Maps/Teleport_Kit.Teleport_Kit:PersistentLevel.Teleport_Kit'
[2019.11.17-21.22.21:886][789]BlueprintLog: New page: Pre-Play auto-recompile
[2019.11.17-21.22.21:895][789]LogPlayLevel: [PlayLevel] Compiling Safe before play...
[2019.11.17-21.22.22:805][789]LogUObjectHash: Compacting FUObjectHashTables data took   9.29ms
[2019.11.17-21.22.22:806][789]LogPlayLevel: PlayLevel: Blueprint regeneration took 919 ms (1 blueprints)
[2019.11.17-21.22.22:807][789]PIE: New page: PIE session: FirstPersonExampleMap (Nov 17, 2019, 5:22:22 AM)
[2019.11.17-21.22.22:807][789]LogPlayLevel: Creating play world package: /Game/FirstPersonBP/Maps/UEDPIE_0_FirstPersonExampleMap
[2019.11.17-21.22.22:846][789]LogPlayLevel: PIE: StaticDuplicateObject took: (0.039313s)
[2019.11.17-21.22.22:848][789]LogAIModule: Creating AISystem for world FirstPersonExampleMap
[2019.11.17-21.22.22:849][789]LogPlayLevel: PIE: World Init took: (0.002206s)
[2019.11.17-21.22.22:849][789]LogPlayLevel: PIE: Created PIE world by copying editor world from /Game/FirstPersonBP/Maps/FirstPersonExampleMap.FirstPersonExampleMap to /Game/FirstPersonBP/Maps/UEDPIE_0_FirstPersonExampleMap.FirstPersonExampleMap (0.042955s)
[2019.11.17-21.22.22:975][789]LogUObjectHash: Compacting FUObjectHashTables data took   5.72ms
[2019.11.17-21.22.23:048][789]LogInit: XAudio2 using 'Headset Earphone (SteelSeries Arctis 5 Chat)' : 2 channels at 48 kHz using 16 bits per sample (channel mask 0x3)
[2019.11.17-21.22.23:090][789]LogInit: FAudioDevice initialized.
[2019.11.17-21.22.23:142][789]LogLoad: Game class is 'FirstPersonGameMode_C'
[2019.11.17-21.22.23:155][789]LogWorld: Bringing World /Game/FirstPersonBP/Maps/UEDPIE_0_FirstPersonExampleMap.FirstPersonExampleMap up for play (max tick rate 60) at 2019.11.17-13.22.23
[2019.11.17-21.22.23:157][789]LogWorld: Bringing up level for play took: 0.013220
[2019.11.17-21.22.23:174][789]PIE: Play in editor start time for /Game/FirstPersonBP/Maps/UEDPIE_0_FirstPersonExampleMap 1.502
[2019.11.17-21.22.23:175][789]LogBlueprintUserMessages: Late PlayInEditor Detection: Level '/Game/FirstPersonBP/Maps/FirstPersonExampleMap.FirstPersonExampleMap:PersistentLevel' has LevelScriptBlueprint '/Game/FirstPersonBP/Maps/FirstPersonExampleMap.FirstPersonExampleMap:PersistentLevel.FirstPersonExampleMap' with GeneratedClass '/Game/FirstPersonBP/Maps/FirstPersonExampleMap.FirstPersonExampleMap_C' with ClassGeneratedBy '/Game/FirstPersonBP/Maps/FirstPersonExampleMap.FirstPersonExampleMap:PersistentLevel.FirstPersonExampleMap'
[2019.11.17-21.22.23:177][789]LogBlueprintUserMessages: Late PlayInEditor Detection: Level '/Game/Maps/Door_Breached.Door_Breached:PersistentLevel' has LevelScriptBlueprint '/Game/Maps/Door_Breached.Door_Breached:PersistentLevel.Door_Breached' with GeneratedClass '/Game/Maps/Door_Breached.Door_Breached_C' with ClassGeneratedBy '/Game/Maps/Door_Breached.Door_Breached:PersistentLevel.Door_Breached'
[2019.11.17-21.22.23:179][789]LogBlueprintUserMessages: Late PlayInEditor Detection: Level '/Game/Maps/Door_Kit.Door_Kit:PersistentLevel' has LevelScriptBlueprint '/Game/Maps/Door_Kit.Door_Kit:PersistentLevel.Door_Kit' with GeneratedClass '/Game/Maps/Door_Kit.Door_Kit_C' with ClassGeneratedBy '/Game/Maps/Door_Kit.Door_Kit:PersistentLevel.Door_Kit'
[2019.11.17-21.22.23:180][789]LogBlueprintUserMessages: Late PlayInEditor Detection: Level '/Game/Maps/Turret_Kit.Turret_Kit:PersistentLevel' has LevelScriptBlueprint '/Game/Maps/Turret_Kit.Turret_Kit:PersistentLevel.Turret_Kit' with GeneratedClass '/Game/Maps/Turret_Kit.Turret_Kit_C' with ClassGeneratedBy '/Game/Maps/Turret_Kit.Turret_Kit:PersistentLevel.Turret_Kit'
[2019.11.17-21.22.23:181][789]LogBlueprintUserMessages: Late PlayInEditor Detection: Level '/Game/Maps/Laser_Kit.Laser_Kit:PersistentLevel' has LevelScriptBlueprint '/Game/Maps/Laser_Kit.Laser_Kit:PersistentLevel.Laser_Kit' with GeneratedClass '/Game/Maps/Laser_Kit.Laser_Kit_C' with ClassGeneratedBy '/Game/Maps/Laser_Kit.Laser_Kit:PersistentLevel.Laser_Kit'
[2019.11.17-21.22.23:182][789]LogBlueprintUserMessages: Late PlayInEditor Detection: Level '/Game/Maps/Camera_Kit.Camera_Kit:PersistentLevel' has LevelScriptBlueprint '/Game/Maps/Camera_Kit.Camera_Kit:PersistentLevel.Camera_Kit' with GeneratedClass '/Game/Maps/Camera_Kit.Camera_Kit_C' with ClassGeneratedBy '/Game/Maps/Camera_Kit.Camera_Kit:PersistentLevel.Camera_Kit'
[2019.11.17-21.22.23:183][789]LogBlueprintUserMessages: Late PlayInEditor Detection: Level '/Game/Maps/Explosive_Kit.Explosive_Kit:PersistentLevel' has LevelScriptBlueprint '/Game/Maps/Explosive_Kit.Explosive_Kit:PersistentLevel.Explosive_Kit' with GeneratedClass '/Game/Maps/Explosive_Kit.Explosive_Kit_C' with ClassGeneratedBy '/Game/Maps/Explosive_Kit.Explosive_Kit:PersistentLevel.Explosive_Kit'
[2019.11.17-21.22.23:185][789]LogBlueprintUserMessages: Late PlayInEditor Detection: Level '/Game/Maps/Teleport_Kit.Teleport_Kit:PersistentLevel' has LevelScriptBlueprint '/Game/Maps/Teleport_Kit.Teleport_Kit:PersistentLevel.Teleport_Kit' with GeneratedClass '/Game/Maps/Teleport_Kit.Teleport_Kit_C' with ClassGeneratedBy '/Game/Maps/Teleport_Kit.Teleport_Kit:PersistentLevel.Teleport_Kit'
[2019.11.17-21.22.29:065][925]LogBlueprintUserMessages: [Safe_2] Safe: Code entered is incorrect
[2019.11.17-21.22.29:065][925]LogBlueprintUserMessages: [Safe_2] Attempt:  1 of 3
[2019.11.17-21.22.29:319][932]LogBlueprintUserMessages: [Safe_2] Safe: Code entered is incorrect
[2019.11.17-21.22.29:319][932]LogBlueprintUserMessages: [Safe_2] Attempt:  2 of 3
[2019.11.17-21.22.29:478][936]LogBlueprintUserMessages: [Safe_2] Safe: Code entered is incorrect
[2019.11.17-21.22.36:383][122]LogBlueprintUserMessages: Early EndPlayMap Detection: Level '/Game/FirstPersonBP/Maps/FirstPersonExampleMap.FirstPersonExampleMap:PersistentLevel' has LevelScriptBlueprint '/Game/FirstPersonBP/Maps/FirstPersonExampleMap.FirstPersonExampleMap:PersistentLevel.FirstPersonExampleMap' with GeneratedClass '/Game/FirstPersonBP/Maps/FirstPersonExampleMap.FirstPersonExampleMap_C' with ClassGeneratedBy '/Game/FirstPersonBP/Maps/FirstPersonExampleMap.FirstPersonExampleMap:PersistentLevel.FirstPersonExampleMap'
[2019.11.17-21.22.36:385][122]LogBlueprintUserMessages: Early EndPlayMap Detection: Level '/Game/Maps/Door_Breached.Door_Breached:PersistentLevel' has LevelScriptBlueprint '/Game/Maps/Door_Breached.Door_Breached:PersistentLevel.Door_Breached' with GeneratedClass '/Game/Maps/Door_Breached.Door_Breached_C' with ClassGeneratedBy '/Game/Maps/Door_Breached.Door_Breached:PersistentLevel.Door_Breached'
[2019.11.17-21.22.36:386][122]LogBlueprintUserMessages: Early EndPlayMap Detection: Level '/Game/Maps/Door_Kit.Door_Kit:PersistentLevel' has LevelScriptBlueprint '/Game/Maps/Door_Kit.Door_Kit:PersistentLevel.Door_Kit' with GeneratedClass '/Game/Maps/Door_Kit.Door_Kit_C' with ClassGeneratedBy '/Game/Maps/Door_Kit.Door_Kit:PersistentLevel.Door_Kit'
[2019.11.17-21.22.36:388][122]LogBlueprintUserMessages: Early EndPlayMap Detection: Level '/Game/Maps/Turret_Kit.Turret_Kit:PersistentLevel' has LevelScriptBlueprint '/Game/Maps/Turret_Kit.Turret_Kit:PersistentLevel.Turret_Kit' with GeneratedClass '/Game/Maps/Turret_Kit.Turret_Kit_C' with ClassGeneratedBy '/Game/Maps/Turret_Kit.Turret_Kit:PersistentLevel.Turret_Kit'
[2019.11.17-21.22.36:389][122]LogBlueprintUserMessages: Early EndPlayMap Detection: Level '/Game/Maps/Laser_Kit.Laser_Kit:PersistentLevel' has LevelScriptBlueprint '/Game/Maps/Laser_Kit.Laser_Kit:PersistentLevel.Laser_Kit' with GeneratedClass '/Game/Maps/Laser_Kit.Laser_Kit_C' with ClassGeneratedBy '/Game/Maps/Laser_Kit.Laser_Kit:PersistentLevel.Laser_Kit'
[2019.11.17-21.22.36:390][122]LogBlueprintUserMessages: Early EndPlayMap Detection: Level '/Game/Maps/Camera_Kit.Camera_Kit:PersistentLevel' has LevelScriptBlueprint '/Game/Maps/Camera_Kit.Camera_Kit:PersistentLevel.Camera_Kit' with GeneratedClass '/Game/Maps/Camera_Kit.Camera_Kit_C' with ClassGeneratedBy '/Game/Maps/Camera_Kit.Camera_Kit:PersistentLevel.Camera_Kit'
[2019.11.17-21.22.36:392][122]LogBlueprintUserMessages: Early EndPlayMap Detection: Level '/Game/Maps/Explosive_Kit.Explosive_Kit:PersistentLevel' has LevelScriptBlueprint '/Game/Maps/Explosive_Kit.Explosive_Kit:PersistentLevel.Explosive_Kit' with GeneratedClass '/Game/Maps/Explosive_Kit.Explosive_Kit_C' with ClassGeneratedBy '/Game/Maps/Explosive_Kit.Explosive_Kit:PersistentLevel.Explosive_Kit'
[2019.11.17-21.22.36:394][122]LogBlueprintUserMessages: Early EndPlayMap Detection: Level '/Game/Maps/Teleport_Kit.Teleport_Kit:PersistentLevel' has LevelScriptBlueprint '/Game/Maps/Teleport_Kit.Teleport_Kit:PersistentLevel.Teleport_Kit' with GeneratedClass '/Game/Maps/Teleport_Kit.Teleport_Kit_C' with ClassGeneratedBy '/Game/Maps/Teleport_Kit.Teleport_Kit:PersistentLevel.Teleport_Kit'
[2019.11.17-21.22.36:395][122]LogSlate: Updating window title bar state: overlay mode, drag disabled, window buttons hidden, title bar hidden
[2019.11.17-21.22.36:458][122]LogPlayLevel: Display: Shutting down PIE online subsystems
[2019.11.17-21.22.36:459][122]LogBlueprintUserMessages: Late EndPlayMap Detection: Level '/Game/FirstPersonBP/Maps/FirstPersonExampleMap.FirstPersonExampleMap:PersistentLevel' has LevelScriptBlueprint '/Game/FirstPersonBP/Maps/FirstPersonExampleMap.FirstPersonExampleMap:PersistentLevel.FirstPersonExampleMap' with GeneratedClass '/Game/FirstPersonBP/Maps/FirstPersonExampleMap.FirstPersonExampleMap_C' with ClassGeneratedBy '/Game/FirstPersonBP/Maps/FirstPersonExampleMap.FirstPersonExampleMap:PersistentLevel.FirstPersonExampleMap'
[2019.11.17-21.22.36:460][122]LogBlueprintUserMessages: Late EndPlayMap Detection: Level '/Game/Maps/Door_Breached.Door_Breached:PersistentLevel' has LevelScriptBlueprint '/Game/Maps/Door_Breached.Door_Breached:PersistentLevel.Door_Breached' with GeneratedClass '/Game/Maps/Door_Breached.Door_Breached_C' with ClassGeneratedBy '/Game/Maps/Door_Breached.Door_Breached:PersistentLevel.Door_Breached'
[2019.11.17-21.22.36:461][122]LogBlueprintUserMessages: Late EndPlayMap Detection: Level '/Game/Maps/Door_Kit.Door_Kit:PersistentLevel' has LevelScriptBlueprint '/Game/Maps/Door_Kit.Door_Kit:PersistentLevel.Door_Kit' with GeneratedClass '/Game/Maps/Door_Kit.Door_Kit_C' with ClassGeneratedBy '/Game/Maps/Door_Kit.Door_Kit:PersistentLevel.Door_Kit'
[2019.11.17-21.22.36:462][122]LogBlueprintUserMessages: Late EndPlayMap Detection: Level '/Game/Maps/Turret_Kit.Turret_Kit:PersistentLevel' has LevelScriptBlueprint '/Game/Maps/Turret_Kit.Turret_Kit:PersistentLevel.Turret_Kit' with GeneratedClass '/Game/Maps/Turret_Kit.Turret_Kit_C' with ClassGeneratedBy '/Game/Maps/Turret_Kit.Turret_Kit:PersistentLevel.Turret_Kit'
[2019.11.17-21.22.36:463][122]LogBlueprintUserMessages: Late EndPlayMap Detection: Level '/Game/Maps/Laser_Kit.Laser_Kit:PersistentLevel' has LevelScriptBlueprint '/Game/Maps/Laser_Kit.Laser_Kit:PersistentLevel.Laser_Kit' with GeneratedClass '/Game/Maps/Laser_Kit.Laser_Kit_C' with ClassGeneratedBy '/Game/Maps/Laser_Kit.Laser_Kit:PersistentLevel.Laser_Kit'
[2019.11.17-21.22.36:464][122]LogBlueprintUserMessages: Late EndPlayMap Detection: Level '/Game/Maps/Camera_Kit.Camera_Kit:PersistentLevel' has LevelScriptBlueprint '/Game/Maps/Camera_Kit.Camera_Kit:PersistentLevel.Camera_Kit' with GeneratedClass '/Game/Maps/Camera_Kit.Camera_Kit_C' with ClassGeneratedBy '/Game/Maps/Camera_Kit.Camera_Kit:PersistentLevel.Camera_Kit'
[2019.11.17-21.22.36:465][122]LogBlueprintUserMessages: Late EndPlayMap Detection: Level '/Game/Maps/Explosive_Kit.Explosive_Kit:PersistentLevel' has LevelScriptBlueprint '/Game/Maps/Explosive_Kit.Explosive_Kit:PersistentLevel.Explosive_Kit' with GeneratedClass '/Game/Maps/Explosive_Kit.Explosive_Kit_C' with ClassGeneratedBy '/Game/Maps/Explosive_Kit.Explosive_Kit:PersistentLevel.Explosive_Kit'
[2019.11.17-21.22.36:466][122]LogBlueprintUserMessages: Late EndPlayMap Detection: Level '/Game/Maps/Teleport_Kit.Teleport_Kit:PersistentLevel' has LevelScriptBlueprint '/Game/Maps/Teleport_Kit.Teleport_Kit:PersistentLevel.Teleport_Kit' with GeneratedClass '/Game/Maps/Teleport_Kit.Teleport_Kit_C' with ClassGeneratedBy '/Game/Maps/Teleport_Kit.Teleport_Kit:PersistentLevel.Teleport_Kit'
[2019.11.17-21.22.36:586][122]LogSlate: Updating window title bar state: overlay mode, drag disabled, window buttons hidden, title bar hidden
[2019.11.17-21.22.36:600][122]LogUObjectHash: Compacting FUObjectHashTables data took   5.10ms
[2019.11.17-21.22.36:713][123]LogPlayLevel: Display: Destroying online subsystem :Context_50
[2019.11.17-21.22.39:876][208]LogSlate: FSceneViewport::OnFocusLost() reason 0
[2019.11.17-21.22.43:097][299]LogTemp: Repeating last play command: Selected Viewport
[2019.11.17-21.22.43:252][299]LogBlueprintUserMessages: Early PlayInEditor Detection: Level '/Game/FirstPersonBP/Maps/FirstPersonExampleMap.FirstPersonExampleMap:PersistentLevel' has LevelScriptBlueprint '/Game/FirstPersonBP/Maps/FirstPersonExampleMap.FirstPersonExampleMap:PersistentLevel.FirstPersonExampleMap' with GeneratedClass '/Game/FirstPersonBP/Maps/FirstPersonExampleMap.FirstPersonExampleMap_C' with ClassGeneratedBy '/Game/FirstPersonBP/Maps/FirstPersonExampleMap.FirstPersonExampleMap:PersistentLevel.FirstPersonExampleMap'
[2019.11.17-21.22.43:253][299]LogBlueprintUserMessages: Early PlayInEditor Detection: Level '/Game/Maps/Door_Breached.Door_Breached:PersistentLevel' has LevelScriptBlueprint '/Game/Maps/Door_Breached.Door_Breached:PersistentLevel.Door_Breached' with GeneratedClass '/Game/Maps/Door_Breached.Door_Breached_C' with ClassGeneratedBy '/Game/Maps/Door_Breached.Door_Breached:PersistentLevel.Door_Breached'
[2019.11.17-21.22.43:255][299]LogBlueprintUserMessages: Early PlayInEditor Detection: Level '/Game/Maps/Door_Kit.Door_Kit:PersistentLevel' has LevelScriptBlueprint '/Game/Maps/Door_Kit.Door_Kit:PersistentLevel.Door_Kit' with GeneratedClass '/Game/Maps/Door_Kit.Door_Kit_C' with ClassGeneratedBy '/Game/Maps/Door_Kit.Door_Kit:PersistentLevel.Door_Kit'
[2019.11.17-21.22.43:255][299]LogBlueprintUserMessages: Early PlayInEditor Detection: Level '/Game/Maps/Turret_Kit.Turret_Kit:PersistentLevel' has LevelScriptBlueprint '/Game/Maps/Turret_Kit.Turret_Kit:PersistentLevel.Turret_Kit' with GeneratedClass '/Game/Maps/Turret_Kit.Turret_Kit_C' with ClassGeneratedBy '/Game/Maps/Turret_Kit.Turret_Kit:PersistentLevel.Turret_Kit'
[2019.11.17-21.22.43:256][299]LogBlueprintUserMessages: Early PlayInEditor Detection: Level '/Game/Maps/Laser_Kit.Laser_Kit:PersistentLevel' has LevelScriptBlueprint '/Game/Maps/Laser_Kit.Laser_Kit:PersistentLevel.Laser_Kit' with GeneratedClass '/Game/Maps/Laser_Kit.Laser_Kit_C' with ClassGeneratedBy '/Game/Maps/Laser_Kit.Laser_Kit:PersistentLevel.Laser_Kit'
[2019.11.17-21.22.43:257][299]LogBlueprintUserMessages: Early PlayInEditor Detection: Level '/Game/Maps/Camera_Kit.Camera_Kit:PersistentLevel' has LevelScriptBlueprint '/Game/Maps/Camera_Kit.Camera_Kit:PersistentLevel.Camera_Kit' with GeneratedClass '/Game/Maps/Camera_Kit.Camera_Kit_C' with ClassGeneratedBy '/Game/Maps/Camera_Kit.Camera_Kit:PersistentLevel.Camera_Kit'
[2019.11.17-21.22.43:259][299]LogBlueprintUserMessages: Early PlayInEditor Detection: Level '/Game/Maps/Explosive_Kit.Explosive_Kit:PersistentLevel' has LevelScriptBlueprint '/Game/Maps/Explosive_Kit.Explosive_Kit:PersistentLevel.Explosive_Kit' with GeneratedClass '/Game/Maps/Explosive_Kit.Explosive_Kit_C' with ClassGeneratedBy '/Game/Maps/Explosive_Kit.Explosive_Kit:PersistentLevel.Explosive_Kit'
[2019.11.17-21.22.43:260][299]LogBlueprintUserMessages: Early PlayInEditor Detection: Level '/Game/Maps/Teleport_Kit.Teleport_Kit:PersistentLevel' has LevelScriptBlueprint '/Game/Maps/Teleport_Kit.Teleport_Kit:PersistentLevel.Teleport_Kit' with GeneratedClass '/Game/Maps/Teleport_Kit.Teleport_Kit_C' with ClassGeneratedBy '/Game/Maps/Teleport_Kit.Teleport_Kit:PersistentLevel.Teleport_Kit'
[2019.11.17-21.22.43:262][299]BlueprintLog: New page: Pre-Play auto-recompile
[2019.11.17-21.22.43:272][299]LogPlayLevel: [PlayLevel] Compiling Safe before play...
[2019.11.17-21.22.44:222][299]LogUObjectHash: Compacting FUObjectHashTables data took  11.77ms
[2019.11.17-21.22.44:223][299]LogPlayLevel: PlayLevel: Blueprint regeneration took 960 ms (1 blueprints)
[2019.11.17-21.22.44:223][299]PIE: New page: PIE session: FirstPersonExampleMap (Nov 17, 2019, 5:22:44 AM)
[2019.11.17-21.22.44:224][299]LogPlayLevel: Creating play world package: /Game/FirstPersonBP/Maps/UEDPIE_0_FirstPersonExampleMap
[2019.11.17-21.22.44:267][299]LogPlayLevel: PIE: StaticDuplicateObject took: (0.042744s)
[2019.11.17-21.22.44:269][299]LogAIModule: Creating AISystem for world FirstPersonExampleMap
[2019.11.17-21.22.44:270][299]LogPlayLevel: PIE: World Init took: (0.002277s)
[2019.11.17-21.22.44:270][299]LogPlayLevel: PIE: Created PIE world by copying editor world from /Game/FirstPersonBP/Maps/FirstPersonExampleMap.FirstPersonExampleMap to /Game/FirstPersonBP/Maps/UEDPIE_0_FirstPersonExampleMap.FirstPersonExampleMap (0.046459s)
[2019.11.17-21.22.44:414][299]LogUObjectHash: Compacting FUObjectHashTables data took   6.34ms
[2019.11.17-21.22.44:488][299]LogInit: XAudio2 using 'Headset Earphone (SteelSeries Arctis 5 Chat)' : 2 channels at 48 kHz using 16 bits per sample (channel mask 0x3)
[2019.11.17-21.22.44:529][299]LogInit: FAudioDevice initialized.
[2019.11.17-21.22.44:583][299]LogLoad: Game class is 'FirstPersonGameMode_C'
[2019.11.17-21.22.44:595][299]LogWorld: Bringing World /Game/FirstPersonBP/Maps/UEDPIE_0_FirstPersonExampleMap.FirstPersonExampleMap up for play (max tick rate 60) at 2019.11.17-13.22.44
[2019.11.17-21.22.44:596][299]LogWorld: Bringing up level for play took: 0.010934
[2019.11.17-21.22.44:612][299]PIE: Play in editor start time for /Game/FirstPersonBP/Maps/UEDPIE_0_FirstPersonExampleMap 0.941
[2019.11.17-21.22.44:613][299]LogBlueprintUserMessages: Late PlayInEditor Detection: Level '/Game/FirstPersonBP/Maps/FirstPersonExampleMap.FirstPersonExampleMap:PersistentLevel' has LevelScriptBlueprint '/Game/FirstPersonBP/Maps/FirstPersonExampleMap.FirstPersonExampleMap:PersistentLevel.FirstPersonExampleMap' with GeneratedClass '/Game/FirstPersonBP/Maps/FirstPersonExampleMap.FirstPersonExampleMap_C' with ClassGeneratedBy '/Game/FirstPersonBP/Maps/FirstPersonExampleMap.FirstPersonExampleMap:PersistentLevel.FirstPersonExampleMap'
[2019.11.17-21.22.44:615][299]LogBlueprintUserMessages: Late PlayInEditor Detection: Level '/Game/Maps/Door_Breached.Door_Breached:PersistentLevel' has LevelScriptBlueprint '/Game/Maps/Door_Breached.Door_Breached:PersistentLevel.Door_Breached' with GeneratedClass '/Game/Maps/Door_Breached.Door_Breached_C' with ClassGeneratedBy '/Game/Maps/Door_Breached.Door_Breached:PersistentLevel.Door_Breached'
[2019.11.17-21.22.44:616][299]LogBlueprintUserMessages: Late PlayInEditor Detection: Level '/Game/Maps/Door_Kit.Door_Kit:PersistentLevel' has LevelScriptBlueprint '/Game/Maps/Door_Kit.Door_Kit:PersistentLevel.Door_Kit' with GeneratedClass '/Game/Maps/Door_Kit.Door_Kit_C' with ClassGeneratedBy '/Game/Maps/Door_Kit.Door_Kit:PersistentLevel.Door_Kit'
[2019.11.17-21.22.44:617][299]LogBlueprintUserMessages: Late PlayInEditor Detection: Level '/Game/Maps/Turret_Kit.Turret_Kit:PersistentLevel' has LevelScriptBlueprint '/Game/Maps/Turret_Kit.Turret_Kit:PersistentLevel.Turret_Kit' with GeneratedClass '/Game/Maps/Turret_Kit.Turret_Kit_C' with ClassGeneratedBy '/Game/Maps/Turret_Kit.Turret_Kit:PersistentLevel.Turret_Kit'
[2019.11.17-21.22.44:618][299]LogBlueprintUserMessages: Late PlayInEditor Detection: Level '/Game/Maps/Laser_Kit.Laser_Kit:PersistentLevel' has LevelScriptBlueprint '/Game/Maps/Laser_Kit.Laser_Kit:PersistentLevel.Laser_Kit' with GeneratedClass '/Game/Maps/Laser_Kit.Laser_Kit_C' with ClassGeneratedBy '/Game/Maps/Laser_Kit.Laser_Kit:PersistentLevel.Laser_Kit'
[2019.11.17-21.22.44:619][299]LogBlueprintUserMessages: Late PlayInEditor Detection: Level '/Game/Maps/Camera_Kit.Camera_Kit:PersistentLevel' has LevelScriptBlueprint '/Game/Maps/Camera_Kit.Camera_Kit:PersistentLevel.Camera_Kit' with GeneratedClass '/Game/Maps/Camera_Kit.Camera_Kit_C' with ClassGeneratedBy '/Game/Maps/Camera_Kit.Camera_Kit:PersistentLevel.Camera_Kit'
[2019.11.17-21.22.44:620][299]LogBlueprintUserMessages: Late PlayInEditor Detection: Level '/Game/Maps/Explosive_Kit.Explosive_Kit:PersistentLevel' has LevelScriptBlueprint '/Game/Maps/Explosive_Kit.Explosive_Kit:PersistentLevel.Explosive_Kit' with GeneratedClass '/Game/Maps/Explosive_Kit.Explosive_Kit_C' with ClassGeneratedBy '/Game/Maps/Explosive_Kit.Explosive_Kit:PersistentLevel.Explosive_Kit'
[2019.11.17-21.22.44:621][299]LogBlueprintUserMessages: Late PlayInEditor Detection: Level '/Game/Maps/Teleport_Kit.Teleport_Kit:PersistentLevel' has LevelScriptBlueprint '/Game/Maps/Teleport_Kit.Teleport_Kit:PersistentLevel.Teleport_Kit' with GeneratedClass '/Game/Maps/Teleport_Kit.Teleport_Kit_C' with ClassGeneratedBy '/Game/Maps/Teleport_Kit.Teleport_Kit:PersistentLevel.Teleport_Kit'
[2019.11.17-21.22.47:265][352]LogBlueprintUserMessages: [Safe_2] Safe: Code entered is incorrect
[2019.11.17-21.22.47:265][352]LogBlueprintUserMessages: [Safe_2] Attempt:  1 of 3
[2019.11.17-21.22.47:611][361]LogBlueprintUserMessages: [Safe_2] Safe: Code entered is incorrect
[2019.11.17-21.22.47:612][361]LogBlueprintUserMessages: [Safe_2] Attempt:  2 of 3
[2019.11.17-21.22.47:800][366]LogBlueprintUserMessages: [Safe_2] Safe: Code entered is incorrect
[2019.11.17-21.22.57:578][629]LogBlueprintUserMessages: Early EndPlayMap Detection: Level '/Game/FirstPersonBP/Maps/FirstPersonExampleMap.FirstPersonExampleMap:PersistentLevel' has LevelScriptBlueprint '/Game/FirstPersonBP/Maps/FirstPersonExampleMap.FirstPersonExampleMap:PersistentLevel.FirstPersonExampleMap' with GeneratedClass '/Game/FirstPersonBP/Maps/FirstPersonExampleMap.FirstPersonExampleMap_C' with ClassGeneratedBy '/Game/FirstPersonBP/Maps/FirstPersonExampleMap.FirstPersonExampleMap:PersistentLevel.FirstPersonExampleMap'
[2019.11.17-21.22.57:581][629]LogBlueprintUserMessages: Early EndPlayMap Detection: Level '/Game/Maps/Door_Breached.Door_Breached:PersistentLevel' has LevelScriptBlueprint '/Game/Maps/Door_Breached.Door_Breached:PersistentLevel.Door_Breached' with GeneratedClass '/Game/Maps/Door_Breached.Door_Breached_C' with ClassGeneratedBy '/Game/Maps/Door_Breached.Door_Breached:PersistentLevel.Door_Breached'
[2019.11.17-21.22.57:582][629]LogBlueprintUserMessages: Early EndPlayMap Detection: Level '/Game/Maps/Door_Kit.Door_Kit:PersistentLevel' has LevelScriptBlueprint '/Game/Maps/Door_Kit.Door_Kit:PersistentLevel.Door_Kit' with GeneratedClass '/Game/Maps/Door_Kit.Door_Kit_C' with ClassGeneratedBy '/Game/Maps/Door_Kit.Door_Kit:PersistentLevel.Door_Kit'
[2019.11.17-21.22.57:584][629]LogBlueprintUserMessages: Early EndPlayMap Detection: Level '/Game/Maps/Turret_Kit.Turret_Kit:PersistentLevel' has LevelScriptBlueprint '/Game/Maps/Turret_Kit.Turret_Kit:PersistentLevel.Turret_Kit' with GeneratedClass '/Game/Maps/Turret_Kit.Turret_Kit_C' with ClassGeneratedBy '/Game/Maps/Turret_Kit.Turret_Kit:PersistentLevel.Turret_Kit'
[2019.11.17-21.22.57:586][629]LogBlueprintUserMessages: Early EndPlayMap Detection: Level '/Game/Maps/Laser_Kit.Laser_Kit:PersistentLevel' has LevelScriptBlueprint '/Game/Maps/Laser_Kit.Laser_Kit:PersistentLevel.Laser_Kit' with GeneratedClass '/Game/Maps/Laser_Kit.Laser_Kit_C' with ClassGeneratedBy '/Game/Maps/Laser_Kit.Laser_Kit:PersistentLevel.Laser_Kit'
[2019.11.17-21.22.57:587][629]LogBlueprintUserMessages: Early EndPlayMap Detection: Level '/Game/Maps/Camera_Kit.Camera_Kit:PersistentLevel' has LevelScriptBlueprint '/Game/Maps/Camera_Kit.Camera_Kit:PersistentLevel.Camera_Kit' with GeneratedClass '/Game/Maps/Camera_Kit.Camera_Kit_C' with ClassGeneratedBy '/Game/Maps/Camera_Kit.Camera_Kit:PersistentLevel.Camera_Kit'
[2019.11.17-21.22.57:588][629]LogBlueprintUserMessages: Early EndPlayMap Detection: Level '/Game/Maps/Explosive_Kit.Explosive_Kit:PersistentLevel' has LevelScriptBlueprint '/Game/Maps/Explosive_Kit.Explosive_Kit:PersistentLevel.Explosive_Kit' with GeneratedClass '/Game/Maps/Explosive_Kit.Explosive_Kit_C' with ClassGeneratedBy '/Game/Maps/Explosive_Kit.Explosive_Kit:PersistentLevel.Explosive_Kit'
[2019.11.17-21.22.57:590][629]LogBlueprintUserMessages: Early EndPlayMap Detection: Level '/Game/Maps/Teleport_Kit.Teleport_Kit:PersistentLevel' has LevelScriptBlueprint '/Game/Maps/Teleport_Kit.Teleport_Kit:PersistentLevel.Teleport_Kit' with GeneratedClass '/Game/Maps/Teleport_Kit.Teleport_Kit_C' with ClassGeneratedBy '/Game/Maps/Teleport_Kit.Teleport_Kit:PersistentLevel.Teleport_Kit'
[2019.11.17-21.22.57:591][629]LogSlate: Updating window title bar state: overlay mode, drag disabled, window buttons hidden, title bar hidden
[2019.11.17-21.22.57:649][629]LogPlayLevel: Display: Shutting down PIE online subsystems
[2019.11.17-21.22.57:650][629]LogBlueprintUserMessages: Late EndPlayMap Detection: Level '/Game/FirstPersonBP/Maps/FirstPersonExampleMap.FirstPersonExampleMap:PersistentLevel' has LevelScriptBlueprint '/Game/FirstPersonBP/Maps/FirstPersonExampleMap.FirstPersonExampleMap:PersistentLevel.FirstPersonExampleMap' with GeneratedClass '/Game/FirstPersonBP/Maps/FirstPersonExampleMap.FirstPersonExampleMap_C' with ClassGeneratedBy '/Game/FirstPersonBP/Maps/FirstPersonExampleMap.FirstPersonExampleMap:PersistentLevel.FirstPersonExampleMap'
[2019.11.17-21.22.57:651][629]LogBlueprintUserMessages: Late EndPlayMap Detection: Level '/Game/Maps/Door_Breached.Door_Breached:PersistentLevel' has LevelScriptBlueprint '/Game/Maps/Door_Breached.Door_Breached:PersistentLevel.Door_Breached' with GeneratedClass '/Game/Maps/Door_Breached.Door_Breached_C' with ClassGeneratedBy '/Game/Maps/Door_Breached.Door_Breached:PersistentLevel.Door_Breached'
[2019.11.17-21.22.57:653][629]LogBlueprintUserMessages: Late EndPlayMap Detection: Level '/Game/Maps/Door_Kit.Door_Kit:PersistentLevel' has LevelScriptBlueprint '/Game/Maps/Door_Kit.Door_Kit:PersistentLevel.Door_Kit' with GeneratedClass '/Game/Maps/Door_Kit.Door_Kit_C' with ClassGeneratedBy '/Game/Maps/Door_Kit.Door_Kit:PersistentLevel.Door_Kit'
[2019.11.17-21.22.57:654][629]LogBlueprintUserMessages: Late EndPlayMap Detection: Level '/Game/Maps/Turret_Kit.Turret_Kit:PersistentLevel' has LevelScriptBlueprint '/Game/Maps/Turret_Kit.Turret_Kit:PersistentLevel.Turret_Kit' with GeneratedClass '/Game/Maps/Turret_Kit.Turret_Kit_C' with ClassGeneratedBy '/Game/Maps/Turret_Kit.Turret_Kit:PersistentLevel.Turret_Kit'
[2019.11.17-21.22.57:655][629]LogBlueprintUserMessages: Late EndPlayMap Detection: Level '/Game/Maps/Laser_Kit.Laser_Kit:PersistentLevel' has LevelScriptBlueprint '/Game/Maps/Laser_Kit.Laser_Kit:PersistentLevel.Laser_Kit' with GeneratedClass '/Game/Maps/Laser_Kit.Laser_Kit_C' with ClassGeneratedBy '/Game/Maps/Laser_Kit.Laser_Kit:PersistentLevel.Laser_Kit'
[2019.11.17-21.22.57:656][629]LogBlueprintUserMessages: Late EndPlayMap Detection: Level '/Game/Maps/Camera_Kit.Camera_Kit:PersistentLevel' has LevelScriptBlueprint '/Game/Maps/Camera_Kit.Camera_Kit:PersistentLevel.Camera_Kit' with GeneratedClass '/Game/Maps/Camera_Kit.Camera_Kit_C' with ClassGeneratedBy '/Game/Maps/Camera_Kit.Camera_Kit:PersistentLevel.Camera_Kit'
[2019.11.17-21.22.57:656][629]LogBlueprintUserMessages: Late EndPlayMap Detection: Level '/Game/Maps/Explosive_Kit.Explosive_Kit:PersistentLevel' has LevelScriptBlueprint '/Game/Maps/Explosive_Kit.Explosive_Kit:PersistentLevel.Explosive_Kit' with GeneratedClass '/Game/Maps/Explosive_Kit.Explosive_Kit_C' with ClassGeneratedBy '/Game/Maps/Explosive_Kit.Explosive_Kit:PersistentLevel.Explosive_Kit'
[2019.11.17-21.22.57:657][629]LogBlueprintUserMessages: Late EndPlayMap Detection: Level '/Game/Maps/Teleport_Kit.Teleport_Kit:PersistentLevel' has LevelScriptBlueprint '/Game/Maps/Teleport_Kit.Teleport_Kit:PersistentLevel.Teleport_Kit' with GeneratedClass '/Game/Maps/Teleport_Kit.Teleport_Kit_C' with ClassGeneratedBy '/Game/Maps/Teleport_Kit.Teleport_Kit:PersistentLevel.Teleport_Kit'
[2019.11.17-21.22.57:786][629]LogSlate: Updating window title bar state: overlay mode, drag disabled, window buttons hidden, title bar hidden
[2019.11.17-21.22.57:800][629]LogUObjectHash: Compacting FUObjectHashTables data took   5.05ms
[2019.11.17-21.22.57:897][630]LogPlayLevel: Display: Destroying online subsystem :Context_51
[2019.11.17-21.22.58:867][656]LogSlate: FSceneViewport::OnFocusLost() reason 0
[2019.11.17-21.23.25:996][381]LogTemp: Repeating last play command: Selected Viewport
[2019.11.17-21.23.26:163][381]LogBlueprintUserMessages: Early PlayInEditor Detection: Level '/Game/FirstPersonBP/Maps/FirstPersonExampleMap.FirstPersonExampleMap:PersistentLevel' has LevelScriptBlueprint '/Game/FirstPersonBP/Maps/FirstPersonExampleMap.FirstPersonExampleMap:PersistentLevel.FirstPersonExampleMap' with GeneratedClass '/Game/FirstPersonBP/Maps/FirstPersonExampleMap.FirstPersonExampleMap_C' with ClassGeneratedBy '/Game/FirstPersonBP/Maps/FirstPersonExampleMap.FirstPersonExampleMap:PersistentLevel.FirstPersonExampleMap'
[2019.11.17-21.23.26:165][381]LogBlueprintUserMessages: Early PlayInEditor Detection: Level '/Game/Maps/Door_Breached.Door_Breached:PersistentLevel' has LevelScriptBlueprint '/Game/Maps/Door_Breached.Door_Breached:PersistentLevel.Door_Breached' with GeneratedClass '/Game/Maps/Door_Breached.Door_Breached_C' with ClassGeneratedBy '/Game/Maps/Door_Breached.Door_Breached:PersistentLevel.Door_Breached'
[2019.11.17-21.23.26:167][381]LogBlueprintUserMessages: Early PlayInEditor Detection: Level '/Game/Maps/Door_Kit.Door_Kit:PersistentLevel' has LevelScriptBlueprint '/Game/Maps/Door_Kit.Door_Kit:PersistentLevel.Door_Kit' with GeneratedClass '/Game/Maps/Door_Kit.Door_Kit_C' with ClassGeneratedBy '/Game/Maps/Door_Kit.Door_Kit:PersistentLevel.Door_Kit'
[2019.11.17-21.23.26:168][381]LogBlueprintUserMessages: Early PlayInEditor Detection: Level '/Game/Maps/Turret_Kit.Turret_Kit:PersistentLevel' has LevelScriptBlueprint '/Game/Maps/Turret_Kit.Turret_Kit:PersistentLevel.Turret_Kit' with GeneratedClass '/Game/Maps/Turret_Kit.Turret_Kit_C' with ClassGeneratedBy '/Game/Maps/Turret_Kit.Turret_Kit:PersistentLevel.Turret_Kit'
[2019.11.17-21.23.26:169][381]LogBlueprintUserMessages: Early PlayInEditor Detection: Level '/Game/Maps/Laser_Kit.Laser_Kit:PersistentLevel' has LevelScriptBlueprint '/Game/Maps/Laser_Kit.Laser_Kit:PersistentLevel.Laser_Kit' with GeneratedClass '/Game/Maps/Laser_Kit.Laser_Kit_C' with ClassGeneratedBy '/Game/Maps/Laser_Kit.Laser_Kit:PersistentLevel.Laser_Kit'
[2019.11.17-21.23.26:170][381]LogBlueprintUserMessages: Early PlayInEditor Detection: Level '/Game/Maps/Camera_Kit.Camera_Kit:PersistentLevel' has LevelScriptBlueprint '/Game/Maps/Camera_Kit.Camera_Kit:PersistentLevel.Camera_Kit' with GeneratedClass '/Game/Maps/Camera_Kit.Camera_Kit_C' with ClassGeneratedBy '/Game/Maps/Camera_Kit.Camera_Kit:PersistentLevel.Camera_Kit'
[2019.11.17-21.23.26:171][381]LogBlueprintUserMessages: Early PlayInEditor Detection: Level '/Game/Maps/Explosive_Kit.Explosive_Kit:PersistentLevel' has LevelScriptBlueprint '/Game/Maps/Explosive_Kit.Explosive_Kit:PersistentLevel.Explosive_Kit' with GeneratedClass '/Game/Maps/Explosive_Kit.Explosive_Kit_C' with ClassGeneratedBy '/Game/Maps/Explosive_Kit.Explosive_Kit:PersistentLevel.Explosive_Kit'
[2019.11.17-21.23.26:172][381]LogBlueprintUserMessages: Early PlayInEditor Detection: Level '/Game/Maps/Teleport_Kit.Teleport_Kit:PersistentLevel' has LevelScriptBlueprint '/Game/Maps/Teleport_Kit.Teleport_Kit:PersistentLevel.Teleport_Kit' with GeneratedClass '/Game/Maps/Teleport_Kit.Teleport_Kit_C' with ClassGeneratedBy '/Game/Maps/Teleport_Kit.Teleport_Kit:PersistentLevel.Teleport_Kit'
[2019.11.17-21.23.26:174][381]BlueprintLog: New page: Pre-Play auto-recompile
[2019.11.17-21.23.26:185][381]LogPlayLevel: [PlayLevel] Compiling Safe before play...
[2019.11.17-21.23.27:076][381]LogUObjectHash: Compacting FUObjectHashTables data took  11.76ms
[2019.11.17-21.23.27:077][381]LogPlayLevel: PlayLevel: Blueprint regeneration took 903 ms (1 blueprints)
[2019.11.17-21.23.27:078][381]PIE: New page: PIE session: FirstPersonExampleMap (Nov 17, 2019, 5:23:27 AM)
[2019.11.17-21.23.27:078][381]LogPlayLevel: Creating play world package: /Game/FirstPersonBP/Maps/UEDPIE_0_FirstPersonExampleMap
[2019.11.17-21.23.27:126][381]LogPlayLevel: PIE: StaticDuplicateObject took: (0.046433s)
[2019.11.17-21.23.27:128][381]LogAIModule: Creating AISystem for world FirstPersonExampleMap
[2019.11.17-21.23.27:129][381]LogPlayLevel: PIE: World Init took: (0.002480s)
[2019.11.17-21.23.27:129][381]LogPlayLevel: PIE: Created PIE world by copying editor world from /Game/FirstPersonBP/Maps/FirstPersonExampleMap.FirstPersonExampleMap to /Game/FirstPersonBP/Maps/UEDPIE_0_FirstPersonExampleMap.FirstPersonExampleMap (0.050548s)
[2019.11.17-21.23.27:259][381]LogUObjectHash: Compacting FUObjectHashTables data took   6.15ms
[2019.11.17-21.23.27:335][381]LogInit: XAudio2 using 'Headset Earphone (SteelSeries Arctis 5 Chat)' : 2 channels at 48 kHz using 16 bits per sample (channel mask 0x3)
[2019.11.17-21.23.27:378][381]LogInit: FAudioDevice initialized.
[2019.11.17-21.23.27:431][381]LogLoad: Game class is 'FirstPersonGameMode_C'
[2019.11.17-21.23.27:443][381]LogWorld: Bringing World /Game/FirstPersonBP/Maps/UEDPIE_0_FirstPersonExampleMap.FirstPersonExampleMap up for play (max tick rate 60) at 2019.11.17-13.23.27
[2019.11.17-21.23.27:446][381]LogWorld: Bringing up level for play took: 0.012231
[2019.11.17-21.23.27:462][381]PIE: Play in editor start time for /Game/FirstPersonBP/Maps/UEDPIE_0_FirstPersonExampleMap 1.791
[2019.11.17-21.23.27:464][381]LogBlueprintUserMessages: Late PlayInEditor Detection: Level '/Game/FirstPersonBP/Maps/FirstPersonExampleMap.FirstPersonExampleMap:PersistentLevel' has LevelScriptBlueprint '/Game/FirstPersonBP/Maps/FirstPersonExampleMap.FirstPersonExampleMap:PersistentLevel.FirstPersonExampleMap' with GeneratedClass '/Game/FirstPersonBP/Maps/FirstPersonExampleMap.FirstPersonExampleMap_C' with ClassGeneratedBy '/Game/FirstPersonBP/Maps/FirstPersonExampleMap.FirstPersonExampleMap:PersistentLevel.FirstPersonExampleMap'
[2019.11.17-21.23.27:465][381]LogBlueprintUserMessages: Late PlayInEditor Detection: Level '/Game/Maps/Door_Breached.Door_Breached:PersistentLevel' has LevelScriptBlueprint '/Game/Maps/Door_Breached.Door_Breached:PersistentLevel.Door_Breached' with GeneratedClass '/Game/Maps/Door_Breached.Door_Breached_C' with ClassGeneratedBy '/Game/Maps/Door_Breached.Door_Breached:PersistentLevel.Door_Breached'
[2019.11.17-21.23.27:467][381]LogBlueprintUserMessages: Late PlayInEditor Detection: Level '/Game/Maps/Door_Kit.Door_Kit:PersistentLevel' has LevelScriptBlueprint '/Game/Maps/Door_Kit.Door_Kit:PersistentLevel.Door_Kit' with GeneratedClass '/Game/Maps/Door_Kit.Door_Kit_C' with ClassGeneratedBy '/Game/Maps/Door_Kit.Door_Kit:PersistentLevel.Door_Kit'
[2019.11.17-21.23.27:467][381]LogBlueprintUserMessages: Late PlayInEditor Detection: Level '/Game/Maps/Turret_Kit.Turret_Kit:PersistentLevel' has LevelScriptBlueprint '/Game/Maps/Turret_Kit.Turret_Kit:PersistentLevel.Turret_Kit' with GeneratedClass '/Game/Maps/Turret_Kit.Turret_Kit_C' with ClassGeneratedBy '/Game/Maps/Turret_Kit.Turret_Kit:PersistentLevel.Turret_Kit'
[2019.11.17-21.23.27:468][381]LogBlueprintUserMessages: Late PlayInEditor Detection: Level '/Game/Maps/Laser_Kit.Laser_Kit:PersistentLevel' has LevelScriptBlueprint '/Game/Maps/Laser_Kit.Laser_Kit:PersistentLevel.Laser_Kit' with GeneratedClass '/Game/Maps/Laser_Kit.Laser_Kit_C' with ClassGeneratedBy '/Game/Maps/Laser_Kit.Laser_Kit:PersistentLevel.Laser_Kit'
[2019.11.17-21.23.27:469][381]LogBlueprintUserMessages: Late PlayInEditor Detection: Level '/Game/Maps/Camera_Kit.Camera_Kit:PersistentLevel' has LevelScriptBlueprint '/Game/Maps/Camera_Kit.Camera_Kit:PersistentLevel.Camera_Kit' with GeneratedClass '/Game/Maps/Camera_Kit.Camera_Kit_C' with ClassGeneratedBy '/Game/Maps/Camera_Kit.Camera_Kit:PersistentLevel.Camera_Kit'
[2019.11.17-21.23.27:470][381]LogBlueprintUserMessages: Late PlayInEditor Detection: Level '/Game/Maps/Explosive_Kit.Explosive_Kit:PersistentLevel' has LevelScriptBlueprint '/Game/Maps/Explosive_Kit.Explosive_Kit:PersistentLevel.Explosive_Kit' with GeneratedClass '/Game/Maps/Explosive_Kit.Explosive_Kit_C' with ClassGeneratedBy '/Game/Maps/Explosive_Kit.Explosive_Kit:PersistentLevel.Explosive_Kit'
[2019.11.17-21.23.27:472][381]LogBlueprintUserMessages: Late PlayInEditor Detection: Level '/Game/Maps/Teleport_Kit.Teleport_Kit:PersistentLevel' has LevelScriptBlueprint '/Game/Maps/Teleport_Kit.Teleport_Kit:PersistentLevel.Teleport_Kit' with GeneratedClass '/Game/Maps/Teleport_Kit.Teleport_Kit_C' with ClassGeneratedBy '/Game/Maps/Teleport_Kit.Teleport_Kit:PersistentLevel.Teleport_Kit'
[2019.11.17-21.23.30:611][452]LogBlueprintUserMessages: [Safe_2] Safe: Code entered is incorrect
[2019.11.17-21.23.30:611][452]LogBlueprintUserMessages: [Safe_2] Attempt:  1 of 3
[2019.11.17-21.23.30:801][457]LogBlueprintUserMessages: [Safe_2] Safe: Code entered is incorrect
[2019.11.17-21.23.30:801][457]LogBlueprintUserMessages: [Safe_2] Attempt:  2 of 3
[2019.11.17-21.23.30:992][462]LogBlueprintUserMessages: [Safe_2] Safe: Code entered is incorrect
[2019.11.17-21.23.35:372][588]LogBlueprintUserMessages: Early EndPlayMap Detection: Level '/Game/FirstPersonBP/Maps/FirstPersonExampleMap.FirstPersonExampleMap:PersistentLevel' has LevelScriptBlueprint '/Game/FirstPersonBP/Maps/FirstPersonExampleMap.FirstPersonExampleMap:PersistentLevel.FirstPersonExampleMap' with GeneratedClass '/Game/FirstPersonBP/Maps/FirstPersonExampleMap.FirstPersonExampleMap_C' with ClassGeneratedBy '/Game/FirstPersonBP/Maps/FirstPersonExampleMap.FirstPersonExampleMap:PersistentLevel.FirstPersonExampleMap'
[2019.11.17-21.23.35:374][588]LogBlueprintUserMessages: Early EndPlayMap Detection: Level '/Game/Maps/Door_Breached.Door_Breached:PersistentLevel' has LevelScriptBlueprint '/Game/Maps/Door_Breached.Door_Breached:PersistentLevel.Door_Breached' with GeneratedClass '/Game/Maps/Door_Breached.Door_Breached_C' with ClassGeneratedBy '/Game/Maps/Door_Breached.Door_Breached:PersistentLevel.Door_Breached'
[2019.11.17-21.23.35:376][588]LogBlueprintUserMessages: Early EndPlayMap Detection: Level '/Game/Maps/Door_Kit.Door_Kit:PersistentLevel' has LevelScriptBlueprint '/Game/Maps/Door_Kit.Door_Kit:PersistentLevel.Door_Kit' with GeneratedClass '/Game/Maps/Door_Kit.Door_Kit_C' with ClassGeneratedBy '/Game/Maps/Door_Kit.Door_Kit:PersistentLevel.Door_Kit'
[2019.11.17-21.23.35:377][588]LogBlueprintUserMessages: Early EndPlayMap Detection: Level '/Game/Maps/Turret_Kit.Turret_Kit:PersistentLevel' has LevelScriptBlueprint '/Game/Maps/Turret_Kit.Turret_Kit:PersistentLevel.Turret_Kit' with GeneratedClass '/Game/Maps/Turret_Kit.Turret_Kit_C' with ClassGeneratedBy '/Game/Maps/Turret_Kit.Turret_Kit:PersistentLevel.Turret_Kit'
[2019.11.17-21.23.35:379][588]LogBlueprintUserMessages: Early EndPlayMap Detection: Level '/Game/Maps/Laser_Kit.Laser_Kit:PersistentLevel' has LevelScriptBlueprint '/Game/Maps/Laser_Kit.Laser_Kit:PersistentLevel.Laser_Kit' with GeneratedClass '/Game/Maps/Laser_Kit.Laser_Kit_C' with ClassGeneratedBy '/Game/Maps/Laser_Kit.Laser_Kit:PersistentLevel.Laser_Kit'
[2019.11.17-21.23.35:380][588]LogBlueprintUserMessages: Early EndPlayMap Detection: Level '/Game/Maps/Camera_Kit.Camera_Kit:PersistentLevel' has LevelScriptBlueprint '/Game/Maps/Camera_Kit.Camera_Kit:PersistentLevel.Camera_Kit' with GeneratedClass '/Game/Maps/Camera_Kit.Camera_Kit_C' with ClassGeneratedBy '/Game/Maps/Camera_Kit.Camera_Kit:PersistentLevel.Camera_Kit'
[2019.11.17-21.23.35:382][588]LogBlueprintUserMessages: Early EndPlayMap Detection: Level '/Game/Maps/Explosive_Kit.Explosive_Kit:PersistentLevel' has LevelScriptBlueprint '/Game/Maps/Explosive_Kit.Explosive_Kit:PersistentLevel.Explosive_Kit' with GeneratedClass '/Game/Maps/Explosive_Kit.Explosive_Kit_C' with ClassGeneratedBy '/Game/Maps/Explosive_Kit.Explosive_Kit:PersistentLevel.Explosive_Kit'
[2019.11.17-21.23.35:383][588]LogBlueprintUserMessages: Early EndPlayMap Detection: Level '/Game/Maps/Teleport_Kit.Teleport_Kit:PersistentLevel' has LevelScriptBlueprint '/Game/Maps/Teleport_Kit.Teleport_Kit:PersistentLevel.Teleport_Kit' with GeneratedClass '/Game/Maps/Teleport_Kit.Teleport_Kit_C' with ClassGeneratedBy '/Game/Maps/Teleport_Kit.Teleport_Kit:PersistentLevel.Teleport_Kit'
[2019.11.17-21.23.35:385][588]LogSlate: Updating window title bar state: overlay mode, drag disabled, window buttons hidden, title bar hidden
[2019.11.17-21.23.35:444][588]LogPlayLevel: Display: Shutting down PIE online subsystems
[2019.11.17-21.23.35:445][588]LogBlueprintUserMessages: Late EndPlayMap Detection: Level '/Game/FirstPersonBP/Maps/FirstPersonExampleMap.FirstPersonExampleMap:PersistentLevel' has LevelScriptBlueprint '/Game/FirstPersonBP/Maps/FirstPersonExampleMap.FirstPersonExampleMap:PersistentLevel.FirstPersonExampleMap' with GeneratedClass '/Game/FirstPersonBP/Maps/FirstPersonExampleMap.FirstPersonExampleMap_C' with ClassGeneratedBy '/Game/FirstPersonBP/Maps/FirstPersonExampleMap.FirstPersonExampleMap:PersistentLevel.FirstPersonExampleMap'
[2019.11.17-21.23.35:447][588]LogBlueprintUserMessages: Late EndPlayMap Detection: Level '/Game/Maps/Door_Breached.Door_Breached:PersistentLevel' has LevelScriptBlueprint '/Game/Maps/Door_Breached.Door_Breached:PersistentLevel.Door_Breached' with GeneratedClass '/Game/Maps/Door_Breached.Door_Breached_C' with ClassGeneratedBy '/Game/Maps/Door_Breached.Door_Breached:PersistentLevel.Door_Breached'
[2019.11.17-21.23.35:448][588]LogBlueprintUserMessages: Late EndPlayMap Detection: Level '/Game/Maps/Door_Kit.Door_Kit:PersistentLevel' has LevelScriptBlueprint '/Game/Maps/Door_Kit.Door_Kit:PersistentLevel.Door_Kit' with GeneratedClass '/Game/Maps/Door_Kit.Door_Kit_C' with ClassGeneratedBy '/Game/Maps/Door_Kit.Door_Kit:PersistentLevel.Door_Kit'
[2019.11.17-21.23.35:449][588]LogBlueprintUserMessages: Late EndPlayMap Detection: Level '/Game/Maps/Turret_Kit.Turret_Kit:PersistentLevel' has LevelScriptBlueprint '/Game/Maps/Turret_Kit.Turret_Kit:PersistentLevel.Turret_Kit' with GeneratedClass '/Game/Maps/Turret_Kit.Turret_Kit_C' with ClassGeneratedBy '/Game/Maps/Turret_Kit.Turret_Kit:PersistentLevel.Turret_Kit'
[2019.11.17-21.23.35:450][588]LogBlueprintUserMessages: Late EndPlayMap Detection: Level '/Game/Maps/Laser_Kit.Laser_Kit:PersistentLevel' has LevelScriptBlueprint '/Game/Maps/Laser_Kit.Laser_Kit:PersistentLevel.Laser_Kit' with GeneratedClass '/Game/Maps/Laser_Kit.Laser_Kit_C' with ClassGeneratedBy '/Game/Maps/Laser_Kit.Laser_Kit:PersistentLevel.Laser_Kit'
[2019.11.17-21.23.35:451][588]LogBlueprintUserMessages: Late EndPlayMap Detection: Level '/Game/Maps/Camera_Kit.Camera_Kit:PersistentLevel' has LevelScriptBlueprint '/Game/Maps/Camera_Kit.Camera_Kit:PersistentLevel.Camera_Kit' with GeneratedClass '/Game/Maps/Camera_Kit.Camera_Kit_C' with ClassGeneratedBy '/Game/Maps/Camera_Kit.Camera_Kit:PersistentLevel.Camera_Kit'
[2019.11.17-21.23.35:452][588]LogBlueprintUserMessages: Late EndPlayMap Detection: Level '/Game/Maps/Explosive_Kit.Explosive_Kit:PersistentLevel' has LevelScriptBlueprint '/Game/Maps/Explosive_Kit.Explosive_Kit:PersistentLevel.Explosive_Kit' with GeneratedClass '/Game/Maps/Explosive_Kit.Explosive_Kit_C' with ClassGeneratedBy '/Game/Maps/Explosive_Kit.Explosive_Kit:PersistentLevel.Explosive_Kit'
[2019.11.17-21.23.35:453][588]LogBlueprintUserMessages: Late EndPlayMap Detection: Level '/Game/Maps/Teleport_Kit.Teleport_Kit:PersistentLevel' has LevelScriptBlueprint '/Game/Maps/Teleport_Kit.Teleport_Kit:PersistentLevel.Teleport_Kit' with GeneratedClass '/Game/Maps/Teleport_Kit.Teleport_Kit_C' with ClassGeneratedBy '/Game/Maps/Teleport_Kit.Teleport_Kit:PersistentLevel.Teleport_Kit'
[2019.11.17-21.23.35:586][588]LogSlate: Updating window title bar state: overlay mode, drag disabled, window buttons hidden, title bar hidden
[2019.11.17-21.23.35:603][588]LogUObjectHash: Compacting FUObjectHashTables data took  10.01ms
[2019.11.17-21.23.35:726][589]LogPlayLevel: Display: Destroying online subsystem :Context_52
[2019.11.17-21.23.37:206][628]LogSlate: FSceneViewport::OnFocusLost() reason 0
[2019.11.17-21.25.41:716][447]LogUObjectHash: Compacting FUObjectHashTables data took   7.32ms
[2019.11.17-21.25.42:765][447]LogSavePackage: Moving 'C:/Users/danny/Desktop/Systems_Sandbox/Mechanics_Sandbox/Saved/FirstPersonExampleMap_Auto32BCEC7894DBDAE9362050884DF91A461.tmp' to 'C:/Users/danny/Desktop/Systems_Sandbox/Mechanics_Sandbox/Saved/Autosaves/Game/FirstPersonBP/Maps/FirstPersonExampleMap_Auto3.umap'
[2019.11.17-21.25.42:776][447]LogFileHelpers: Editor autosave (incl. sublevels) for '/Game/FirstPersonBP/Maps/FirstPersonExampleMap' took 1.226
[2019.11.17-21.25.42:777][447]LogFileHelpers: Editor autosave (incl. sublevels) for all levels took 1.226
[2019.11.17-21.25.42:781][447]OBJ SavePackage: Generating thumbnails for [1] asset(s) in package [/Game/FirstPersonBP/Blueprints/FirstPersonCharacter] ([1] browsable assets)...
[2019.11.17-21.25.42:812][447]OBJ SavePackage:     Rendered thumbnail for [Blueprint /Game/FirstPersonBP/Blueprints/FirstPersonCharacter.FirstPersonCharacter]
[2019.11.17-21.25.42:812][447]OBJ SavePackage: Finished generating thumbnails for package [/Game/FirstPersonBP/Blueprints/FirstPersonCharacter]
[2019.11.17-21.25.43:452][447]LogSavePackage: Moving 'C:/Users/danny/Desktop/Systems_Sandbox/Mechanics_Sandbox/Saved/FirstPersonCharacter_Auto32DC92314432993306444698533A2C511.tmp' to 'C:/Users/danny/Desktop/Systems_Sandbox/Mechanics_Sandbox/Saved/Autosaves/Game/FirstPersonBP/Blueprints/FirstPersonCharacter_Auto3.uasset'
[2019.11.17-21.25.43:460][447]OBJ SavePackage: Generating thumbnails for [1] asset(s) in package [/Game/Kits/Safe/Safe] ([1] browsable assets)...
[2019.11.17-21.25.43:490][447]OBJ SavePackage:     Rendered thumbnail for [Blueprint /Game/Kits/Safe/Safe.Safe]
[2019.11.17-21.25.43:490][447]OBJ SavePackage: Finished generating thumbnails for package [/Game/Kits/Safe/Safe]
[2019.11.17-21.25.43:491][447]Cmd: OBJ SAVEPACKAGE PACKAGE="/Game/Kits/Safe/Safe" FILE="C:/Users/danny/Desktop/Systems_Sandbox/Mechanics_Sandbox/Saved/Autosaves/Game/Kits/Safe/Safe_Auto3.uasset" SILENT=false AUTOSAVING=true
[2019.11.17-21.25.43:927][447]LogSavePackage: Moving 'C:/Users/danny/Desktop/Systems_Sandbox/Mechanics_Sandbox/Saved/Safe_Auto31137A6804B67689AB4AAC2BECED98BB4.tmp' to 'C:/Users/danny/Desktop/Systems_Sandbox/Mechanics_Sandbox/Saved/Autosaves/Game/Kits/Safe/Safe_Auto3.uasset'
[2019.11.17-21.25.43:935][447]LogFileHelpers: Auto-saving content packages took 1.155
[2019.11.17-21.25.56:551][770]BlueprintLog: New page: Compile Safe
[2019.11.17-21.25.57:280][770]LogUObjectHash: Compacting FUObjectHashTables data took  12.49ms
[2019.11.17-21.26.01:619][873]BlueprintLog: New page: Compile Safe
[2019.11.17-21.26.02:318][873]LogUObjectHash: Compacting FUObjectHashTables data took  10.48ms
[2019.11.17-21.26.04:500][922]Cmd: OBJ SAVEPACKAGE PACKAGE="/Game/Kits/Safe/Safe" FILE="C:/Users/danny/Desktop/Systems_Sandbox/Mechanics_Sandbox/Content/Kits/Safe/Safe.uasset" SILENT=true
[2019.11.17-21.26.04:919][922]LogSavePackage: Moving 'C:/Users/danny/Desktop/Systems_Sandbox/Mechanics_Sandbox/Saved/Safe03180FBD45D171B4BB3976878AF442C3.tmp' to 'C:/Users/danny/Desktop/Systems_Sandbox/Mechanics_Sandbox/Content/Kits/Safe/Safe.uasset'
[2019.11.17-21.26.09:880][ 62]LogTemp: Repeating last play command: Selected Viewport
[2019.11.17-21.26.10:042][ 62]LogBlueprintUserMessages: Early PlayInEditor Detection: Level '/Game/FirstPersonBP/Maps/FirstPersonExampleMap.FirstPersonExampleMap:PersistentLevel' has LevelScriptBlueprint '/Game/FirstPersonBP/Maps/FirstPersonExampleMap.FirstPersonExampleMap:PersistentLevel.FirstPersonExampleMap' with GeneratedClass '/Game/FirstPersonBP/Maps/FirstPersonExampleMap.FirstPersonExampleMap_C' with ClassGeneratedBy '/Game/FirstPersonBP/Maps/FirstPersonExampleMap.FirstPersonExampleMap:PersistentLevel.FirstPersonExampleMap'
[2019.11.17-21.26.10:043][ 62]LogBlueprintUserMessages: Early PlayInEditor Detection: Level '/Game/Maps/Door_Breached.Door_Breached:PersistentLevel' has LevelScriptBlueprint '/Game/Maps/Door_Breached.Door_Breached:PersistentLevel.Door_Breached' with GeneratedClass '/Game/Maps/Door_Breached.Door_Breached_C' with ClassGeneratedBy '/Game/Maps/Door_Breached.Door_Breached:PersistentLevel.Door_Breached'
[2019.11.17-21.26.10:045][ 62]LogBlueprintUserMessages: Early PlayInEditor Detection: Level '/Game/Maps/Door_Kit.Door_Kit:PersistentLevel' has LevelScriptBlueprint '/Game/Maps/Door_Kit.Door_Kit:PersistentLevel.Door_Kit' with GeneratedClass '/Game/Maps/Door_Kit.Door_Kit_C' with ClassGeneratedBy '/Game/Maps/Door_Kit.Door_Kit:PersistentLevel.Door_Kit'
[2019.11.17-21.26.10:046][ 62]LogBlueprintUserMessages: Early PlayInEditor Detection: Level '/Game/Maps/Turret_Kit.Turret_Kit:PersistentLevel' has LevelScriptBlueprint '/Game/Maps/Turret_Kit.Turret_Kit:PersistentLevel.Turret_Kit' with GeneratedClass '/Game/Maps/Turret_Kit.Turret_Kit_C' with ClassGeneratedBy '/Game/Maps/Turret_Kit.Turret_Kit:PersistentLevel.Turret_Kit'
[2019.11.17-21.26.10:047][ 62]LogBlueprintUserMessages: Early PlayInEditor Detection: Level '/Game/Maps/Laser_Kit.Laser_Kit:PersistentLevel' has LevelScriptBlueprint '/Game/Maps/Laser_Kit.Laser_Kit:PersistentLevel.Laser_Kit' with GeneratedClass '/Game/Maps/Laser_Kit.Laser_Kit_C' with ClassGeneratedBy '/Game/Maps/Laser_Kit.Laser_Kit:PersistentLevel.Laser_Kit'
[2019.11.17-21.26.10:048][ 62]LogBlueprintUserMessages: Early PlayInEditor Detection: Level '/Game/Maps/Camera_Kit.Camera_Kit:PersistentLevel' has LevelScriptBlueprint '/Game/Maps/Camera_Kit.Camera_Kit:PersistentLevel.Camera_Kit' with GeneratedClass '/Game/Maps/Camera_Kit.Camera_Kit_C' with ClassGeneratedBy '/Game/Maps/Camera_Kit.Camera_Kit:PersistentLevel.Camera_Kit'
[2019.11.17-21.26.10:049][ 62]LogBlueprintUserMessages: Early PlayInEditor Detection: Level '/Game/Maps/Explosive_Kit.Explosive_Kit:PersistentLevel' has LevelScriptBlueprint '/Game/Maps/Explosive_Kit.Explosive_Kit:PersistentLevel.Explosive_Kit' with GeneratedClass '/Game/Maps/Explosive_Kit.Explosive_Kit_C' with ClassGeneratedBy '/Game/Maps/Explosive_Kit.Explosive_Kit:PersistentLevel.Explosive_Kit'
[2019.11.17-21.26.10:050][ 62]LogBlueprintUserMessages: Early PlayInEditor Detection: Level '/Game/Maps/Teleport_Kit.Teleport_Kit:PersistentLevel' has LevelScriptBlueprint '/Game/Maps/Teleport_Kit.Teleport_Kit:PersistentLevel.Teleport_Kit' with GeneratedClass '/Game/Maps/Teleport_Kit.Teleport_Kit_C' with ClassGeneratedBy '/Game/Maps/Teleport_Kit.Teleport_Kit:PersistentLevel.Teleport_Kit'
[2019.11.17-21.26.10:052][ 62]LogPlayLevel: PlayLevel: No blueprints needed recompiling
[2019.11.17-21.26.10:052][ 62]PIE: New page: PIE session: FirstPersonExampleMap (Nov 17, 2019, 5:26:10 AM)
[2019.11.17-21.26.10:052][ 62]LogPlayLevel: Creating play world package: /Game/FirstPersonBP/Maps/UEDPIE_0_FirstPersonExampleMap
[2019.11.17-21.26.10:093][ 62]LogPlayLevel: PIE: StaticDuplicateObject took: (0.040253s)
[2019.11.17-21.26.10:095][ 62]LogAIModule: Creating AISystem for world FirstPersonExampleMap
[2019.11.17-21.26.10:096][ 62]LogPlayLevel: PIE: World Init took: (0.002150s)
[2019.11.17-21.26.10:096][ 62]LogPlayLevel: PIE: Created PIE world by copying editor world from /Game/FirstPersonBP/Maps/FirstPersonExampleMap.FirstPersonExampleMap to /Game/FirstPersonBP/Maps/UEDPIE_0_FirstPersonExampleMap.FirstPersonExampleMap (0.043743s)
[2019.11.17-21.26.10:245][ 62]LogUObjectHash: Compacting FUObjectHashTables data took  12.88ms
[2019.11.17-21.26.10:315][ 62]LogInit: XAudio2 using 'Headset Earphone (SteelSeries Arctis 5 Chat)' : 2 channels at 48 kHz using 16 bits per sample (channel mask 0x3)
[2019.11.17-21.26.10:357][ 62]LogInit: FAudioDevice initialized.
[2019.11.17-21.26.10:406][ 62]LogLoad: Game class is 'FirstPersonGameMode_C'
[2019.11.17-21.26.10:416][ 62]LogWorld: Bringing World /Game/FirstPersonBP/Maps/UEDPIE_0_FirstPersonExampleMap.FirstPersonExampleMap up for play (max tick rate 60) at 2019.11.17-13.26.10
[2019.11.17-21.26.10:418][ 62]LogWorld: Bringing up level for play took: 0.010398
[2019.11.17-21.26.10:434][ 62]PIE: Play in editor start time for /Game/FirstPersonBP/Maps/UEDPIE_0_FirstPersonExampleMap 0.763
[2019.11.17-21.26.10:435][ 62]LogBlueprintUserMessages: Late PlayInEditor Detection: Level '/Game/FirstPersonBP/Maps/FirstPersonExampleMap.FirstPersonExampleMap:PersistentLevel' has LevelScriptBlueprint '/Game/FirstPersonBP/Maps/FirstPersonExampleMap.FirstPersonExampleMap:PersistentLevel.FirstPersonExampleMap' with GeneratedClass '/Game/FirstPersonBP/Maps/FirstPersonExampleMap.FirstPersonExampleMap_C' with ClassGeneratedBy '/Game/FirstPersonBP/Maps/FirstPersonExampleMap.FirstPersonExampleMap:PersistentLevel.FirstPersonExampleMap'
[2019.11.17-21.26.10:436][ 62]LogBlueprintUserMessages: Late PlayInEditor Detection: Level '/Game/Maps/Door_Breached.Door_Breached:PersistentLevel' has LevelScriptBlueprint '/Game/Maps/Door_Breached.Door_Breached:PersistentLevel.Door_Breached' with GeneratedClass '/Game/Maps/Door_Breached.Door_Breached_C' with ClassGeneratedBy '/Game/Maps/Door_Breached.Door_Breached:PersistentLevel.Door_Breached'
[2019.11.17-21.26.10:438][ 62]LogBlueprintUserMessages: Late PlayInEditor Detection: Level '/Game/Maps/Door_Kit.Door_Kit:PersistentLevel' has LevelScriptBlueprint '/Game/Maps/Door_Kit.Door_Kit:PersistentLevel.Door_Kit' with GeneratedClass '/Game/Maps/Door_Kit.Door_Kit_C' with ClassGeneratedBy '/Game/Maps/Door_Kit.Door_Kit:PersistentLevel.Door_Kit'
[2019.11.17-21.26.10:438][ 62]LogBlueprintUserMessages: Late PlayInEditor Detection: Level '/Game/Maps/Turret_Kit.Turret_Kit:PersistentLevel' has LevelScriptBlueprint '/Game/Maps/Turret_Kit.Turret_Kit:PersistentLevel.Turret_Kit' with GeneratedClass '/Game/Maps/Turret_Kit.Turret_Kit_C' with ClassGeneratedBy '/Game/Maps/Turret_Kit.Turret_Kit:PersistentLevel.Turret_Kit'
[2019.11.17-21.26.10:439][ 62]LogBlueprintUserMessages: Late PlayInEditor Detection: Level '/Game/Maps/Laser_Kit.Laser_Kit:PersistentLevel' has LevelScriptBlueprint '/Game/Maps/Laser_Kit.Laser_Kit:PersistentLevel.Laser_Kit' with GeneratedClass '/Game/Maps/Laser_Kit.Laser_Kit_C' with ClassGeneratedBy '/Game/Maps/Laser_Kit.Laser_Kit:PersistentLevel.Laser_Kit'
[2019.11.17-21.26.10:440][ 62]LogBlueprintUserMessages: Late PlayInEditor Detection: Level '/Game/Maps/Camera_Kit.Camera_Kit:PersistentLevel' has LevelScriptBlueprint '/Game/Maps/Camera_Kit.Camera_Kit:PersistentLevel.Camera_Kit' with GeneratedClass '/Game/Maps/Camera_Kit.Camera_Kit_C' with ClassGeneratedBy '/Game/Maps/Camera_Kit.Camera_Kit:PersistentLevel.Camera_Kit'
[2019.11.17-21.26.10:441][ 62]LogBlueprintUserMessages: Late PlayInEditor Detection: Level '/Game/Maps/Explosive_Kit.Explosive_Kit:PersistentLevel' has LevelScriptBlueprint '/Game/Maps/Explosive_Kit.Explosive_Kit:PersistentLevel.Explosive_Kit' with GeneratedClass '/Game/Maps/Explosive_Kit.Explosive_Kit_C' with ClassGeneratedBy '/Game/Maps/Explosive_Kit.Explosive_Kit:PersistentLevel.Explosive_Kit'
[2019.11.17-21.26.10:442][ 62]LogBlueprintUserMessages: Late PlayInEditor Detection: Level '/Game/Maps/Teleport_Kit.Teleport_Kit:PersistentLevel' has LevelScriptBlueprint '/Game/Maps/Teleport_Kit.Teleport_Kit:PersistentLevel.Teleport_Kit' with GeneratedClass '/Game/Maps/Teleport_Kit.Teleport_Kit_C' with ClassGeneratedBy '/Game/Maps/Teleport_Kit.Teleport_Kit:PersistentLevel.Teleport_Kit'
[2019.11.17-21.26.13:057][120]LogBlueprintUserMessages: [Safe_2] Safe: Code entered is incorrect
[2019.11.17-21.26.13:058][120]LogBlueprintUserMessages: [Safe_2] Attempt:  1 of 3
[2019.11.17-21.26.13:364][129]LogBlueprintUserMessages: [Safe_2] Safe: Code entered is incorrect
[2019.11.17-21.26.13:364][129]LogBlueprintUserMessages: [Safe_2] Attempt:  2 of 3
[2019.11.17-21.26.13:586][135]LogBlueprintUserMessages: [Safe_2] Safe: Code entered is incorrect
[2019.11.17-21.26.17:528][233]LogBlueprintUserMessages: Early EndPlayMap Detection: Level '/Game/FirstPersonBP/Maps/FirstPersonExampleMap.FirstPersonExampleMap:PersistentLevel' has LevelScriptBlueprint '/Game/FirstPersonBP/Maps/FirstPersonExampleMap.FirstPersonExampleMap:PersistentLevel.FirstPersonExampleMap' with GeneratedClass '/Game/FirstPersonBP/Maps/FirstPersonExampleMap.FirstPersonExampleMap_C' with ClassGeneratedBy '/Game/FirstPersonBP/Maps/FirstPersonExampleMap.FirstPersonExampleMap:PersistentLevel.FirstPersonExampleMap'
[2019.11.17-21.26.17:530][233]LogBlueprintUserMessages: Early EndPlayMap Detection: Level '/Game/Maps/Door_Breached.Door_Breached:PersistentLevel' has LevelScriptBlueprint '/Game/Maps/Door_Breached.Door_Breached:PersistentLevel.Door_Breached' with GeneratedClass '/Game/Maps/Door_Breached.Door_Breached_C' with ClassGeneratedBy '/Game/Maps/Door_Breached.Door_Breached:PersistentLevel.Door_Breached'
[2019.11.17-21.26.17:532][233]LogBlueprintUserMessages: Early EndPlayMap Detection: Level '/Game/Maps/Door_Kit.Door_Kit:PersistentLevel' has LevelScriptBlueprint '/Game/Maps/Door_Kit.Door_Kit:PersistentLevel.Door_Kit' with GeneratedClass '/Game/Maps/Door_Kit.Door_Kit_C' with ClassGeneratedBy '/Game/Maps/Door_Kit.Door_Kit:PersistentLevel.Door_Kit'
[2019.11.17-21.26.17:534][233]LogBlueprintUserMessages: Early EndPlayMap Detection: Level '/Game/Maps/Turret_Kit.Turret_Kit:PersistentLevel' has LevelScriptBlueprint '/Game/Maps/Turret_Kit.Turret_Kit:PersistentLevel.Turret_Kit' with GeneratedClass '/Game/Maps/Turret_Kit.Turret_Kit_C' with ClassGeneratedBy '/Game/Maps/Turret_Kit.Turret_Kit:PersistentLevel.Turret_Kit'
[2019.11.17-21.26.17:535][233]LogBlueprintUserMessages: Early EndPlayMap Detection: Level '/Game/Maps/Laser_Kit.Laser_Kit:PersistentLevel' has LevelScriptBlueprint '/Game/Maps/Laser_Kit.Laser_Kit:PersistentLevel.Laser_Kit' with GeneratedClass '/Game/Maps/Laser_Kit.Laser_Kit_C' with ClassGeneratedBy '/Game/Maps/Laser_Kit.Laser_Kit:PersistentLevel.Laser_Kit'
[2019.11.17-21.26.17:537][233]LogBlueprintUserMessages: Early EndPlayMap Detection: Level '/Game/Maps/Camera_Kit.Camera_Kit:PersistentLevel' has LevelScriptBlueprint '/Game/Maps/Camera_Kit.Camera_Kit:PersistentLevel.Camera_Kit' with GeneratedClass '/Game/Maps/Camera_Kit.Camera_Kit_C' with ClassGeneratedBy '/Game/Maps/Camera_Kit.Camera_Kit:PersistentLevel.Camera_Kit'
[2019.11.17-21.26.17:539][233]LogBlueprintUserMessages: Early EndPlayMap Detection: Level '/Game/Maps/Explosive_Kit.Explosive_Kit:PersistentLevel' has LevelScriptBlueprint '/Game/Maps/Explosive_Kit.Explosive_Kit:PersistentLevel.Explosive_Kit' with GeneratedClass '/Game/Maps/Explosive_Kit.Explosive_Kit_C' with ClassGeneratedBy '/Game/Maps/Explosive_Kit.Explosive_Kit:PersistentLevel.Explosive_Kit'
[2019.11.17-21.26.17:541][233]LogBlueprintUserMessages: Early EndPlayMap Detection: Level '/Game/Maps/Teleport_Kit.Teleport_Kit:PersistentLevel' has LevelScriptBlueprint '/Game/Maps/Teleport_Kit.Teleport_Kit:PersistentLevel.Teleport_Kit' with GeneratedClass '/Game/Maps/Teleport_Kit.Teleport_Kit_C' with ClassGeneratedBy '/Game/Maps/Teleport_Kit.Teleport_Kit:PersistentLevel.Teleport_Kit'
[2019.11.17-21.26.17:543][233]LogSlate: Updating window title bar state: overlay mode, drag disabled, window buttons hidden, title bar hidden
[2019.11.17-21.26.17:686][233]LogPlayLevel: Display: Shutting down PIE online subsystems
[2019.11.17-21.26.17:687][233]LogBlueprintUserMessages: Late EndPlayMap Detection: Level '/Game/FirstPersonBP/Maps/FirstPersonExampleMap.FirstPersonExampleMap:PersistentLevel' has LevelScriptBlueprint '/Game/FirstPersonBP/Maps/FirstPersonExampleMap.FirstPersonExampleMap:PersistentLevel.FirstPersonExampleMap' with GeneratedClass '/Game/FirstPersonBP/Maps/FirstPersonExampleMap.FirstPersonExampleMap_C' with ClassGeneratedBy '/Game/FirstPersonBP/Maps/FirstPersonExampleMap.FirstPersonExampleMap:PersistentLevel.FirstPersonExampleMap'
[2019.11.17-21.26.17:688][233]LogBlueprintUserMessages: Late EndPlayMap Detection: Level '/Game/Maps/Door_Breached.Door_Breached:PersistentLevel' has LevelScriptBlueprint '/Game/Maps/Door_Breached.Door_Breached:PersistentLevel.Door_Breached' with GeneratedClass '/Game/Maps/Door_Breached.Door_Breached_C' with ClassGeneratedBy '/Game/Maps/Door_Breached.Door_Breached:PersistentLevel.Door_Breached'
[2019.11.17-21.26.17:689][233]LogBlueprintUserMessages: Late EndPlayMap Detection: Level '/Game/Maps/Door_Kit.Door_Kit:PersistentLevel' has LevelScriptBlueprint '/Game/Maps/Door_Kit.Door_Kit:PersistentLevel.Door_Kit' with GeneratedClass '/Game/Maps/Door_Kit.Door_Kit_C' with ClassGeneratedBy '/Game/Maps/Door_Kit.Door_Kit:PersistentLevel.Door_Kit'
[2019.11.17-21.26.17:690][233]LogBlueprintUserMessages: Late EndPlayMap Detection: Level '/Game/Maps/Turret_Kit.Turret_Kit:PersistentLevel' has LevelScriptBlueprint '/Game/Maps/Turret_Kit.Turret_Kit:PersistentLevel.Turret_Kit' with GeneratedClass '/Game/Maps/Turret_Kit.Turret_Kit_C' with ClassGeneratedBy '/Game/Maps/Turret_Kit.Turret_Kit:PersistentLevel.Turret_Kit'
[2019.11.17-21.26.17:692][233]LogBlueprintUserMessages: Late EndPlayMap Detection: Level '/Game/Maps/Laser_Kit.Laser_Kit:PersistentLevel' has LevelScriptBlueprint '/Game/Maps/Laser_Kit.Laser_Kit:PersistentLevel.Laser_Kit' with GeneratedClass '/Game/Maps/Laser_Kit.Laser_Kit_C' with ClassGeneratedBy '/Game/Maps/Laser_Kit.Laser_Kit:PersistentLevel.Laser_Kit'
[2019.11.17-21.26.17:693][233]LogBlueprintUserMessages: Late EndPlayMap Detection: Level '/Game/Maps/Camera_Kit.Camera_Kit:PersistentLevel' has LevelScriptBlueprint '/Game/Maps/Camera_Kit.Camera_Kit:PersistentLevel.Camera_Kit' with GeneratedClass '/Game/Maps/Camera_Kit.Camera_Kit_C' with ClassGeneratedBy '/Game/Maps/Camera_Kit.Camera_Kit:PersistentLevel.Camera_Kit'
[2019.11.17-21.26.17:695][233]LogBlueprintUserMessages: Late EndPlayMap Detection: Level '/Game/Maps/Explosive_Kit.Explosive_Kit:PersistentLevel' has LevelScriptBlueprint '/Game/Maps/Explosive_Kit.Explosive_Kit:PersistentLevel.Explosive_Kit' with GeneratedClass '/Game/Maps/Explosive_Kit.Explosive_Kit_C' with ClassGeneratedBy '/Game/Maps/Explosive_Kit.Explosive_Kit:PersistentLevel.Explosive_Kit'
[2019.11.17-21.26.17:696][233]LogBlueprintUserMessages: Late EndPlayMap Detection: Level '/Game/Maps/Teleport_Kit.Teleport_Kit:PersistentLevel' has LevelScriptBlueprint '/Game/Maps/Teleport_Kit.Teleport_Kit:PersistentLevel.Teleport_Kit' with GeneratedClass '/Game/Maps/Teleport_Kit.Teleport_Kit_C' with ClassGeneratedBy '/Game/Maps/Teleport_Kit.Teleport_Kit:PersistentLevel.Teleport_Kit'
[2019.11.17-21.26.17:849][233]LogSlate: Updating window title bar state: overlay mode, drag disabled, window buttons hidden, title bar hidden
[2019.11.17-21.26.17:866][233]LogUObjectHash: Compacting FUObjectHashTables data took   9.03ms
[2019.11.17-21.26.18:387][234]LogPlayLevel: Display: Destroying online subsystem :Context_53
[2019.11.17-21.26.22:831][352]LogSlate: FSceneViewport::OnFocusLost() reason 0
[2019.11.17-21.26.27:284][472]BlueprintLog: New page: Compile Safe
[2019.11.17-21.26.28:042][472]LogUObjectHash: Compacting FUObjectHashTables data took  10.54ms
[2019.11.17-21.28.19:297][738]BlueprintLog: New page: Compile Safe
[2019.11.17-21.28.20:020][738]LogUObjectHash: Compacting FUObjectHashTables data took  14.26ms
[2019.11.17-21.28.22:241][780]LogTemp: Repeating last play command: Selected Viewport
[2019.11.17-21.28.22:410][780]LogBlueprintUserMessages: Early PlayInEditor Detection: Level '/Game/FirstPersonBP/Maps/FirstPersonExampleMap.FirstPersonExampleMap:PersistentLevel' has LevelScriptBlueprint '/Game/FirstPersonBP/Maps/FirstPersonExampleMap.FirstPersonExampleMap:PersistentLevel.FirstPersonExampleMap' with GeneratedClass '/Game/FirstPersonBP/Maps/FirstPersonExampleMap.FirstPersonExampleMap_C' with ClassGeneratedBy '/Game/FirstPersonBP/Maps/FirstPersonExampleMap.FirstPersonExampleMap:PersistentLevel.FirstPersonExampleMap'
[2019.11.17-21.28.22:412][780]LogBlueprintUserMessages: Early PlayInEditor Detection: Level '/Game/Maps/Door_Breached.Door_Breached:PersistentLevel' has LevelScriptBlueprint '/Game/Maps/Door_Breached.Door_Breached:PersistentLevel.Door_Breached' with GeneratedClass '/Game/Maps/Door_Breached.Door_Breached_C' with ClassGeneratedBy '/Game/Maps/Door_Breached.Door_Breached:PersistentLevel.Door_Breached'
[2019.11.17-21.28.22:413][780]LogBlueprintUserMessages: Early PlayInEditor Detection: Level '/Game/Maps/Door_Kit.Door_Kit:PersistentLevel' has LevelScriptBlueprint '/Game/Maps/Door_Kit.Door_Kit:PersistentLevel.Door_Kit' with GeneratedClass '/Game/Maps/Door_Kit.Door_Kit_C' with ClassGeneratedBy '/Game/Maps/Door_Kit.Door_Kit:PersistentLevel.Door_Kit'
[2019.11.17-21.28.22:414][780]LogBlueprintUserMessages: Early PlayInEditor Detection: Level '/Game/Maps/Turret_Kit.Turret_Kit:PersistentLevel' has LevelScriptBlueprint '/Game/Maps/Turret_Kit.Turret_Kit:PersistentLevel.Turret_Kit' with GeneratedClass '/Game/Maps/Turret_Kit.Turret_Kit_C' with ClassGeneratedBy '/Game/Maps/Turret_Kit.Turret_Kit:PersistentLevel.Turret_Kit'
[2019.11.17-21.28.22:415][780]LogBlueprintUserMessages: Early PlayInEditor Detection: Level '/Game/Maps/Laser_Kit.Laser_Kit:PersistentLevel' has LevelScriptBlueprint '/Game/Maps/Laser_Kit.Laser_Kit:PersistentLevel.Laser_Kit' with GeneratedClass '/Game/Maps/Laser_Kit.Laser_Kit_C' with ClassGeneratedBy '/Game/Maps/Laser_Kit.Laser_Kit:PersistentLevel.Laser_Kit'
[2019.11.17-21.28.22:416][780]LogBlueprintUserMessages: Early PlayInEditor Detection: Level '/Game/Maps/Camera_Kit.Camera_Kit:PersistentLevel' has LevelScriptBlueprint '/Game/Maps/Camera_Kit.Camera_Kit:PersistentLevel.Camera_Kit' with GeneratedClass '/Game/Maps/Camera_Kit.Camera_Kit_C' with ClassGeneratedBy '/Game/Maps/Camera_Kit.Camera_Kit:PersistentLevel.Camera_Kit'
[2019.11.17-21.28.22:417][780]LogBlueprintUserMessages: Early PlayInEditor Detection: Level '/Game/Maps/Explosive_Kit.Explosive_Kit:PersistentLevel' has LevelScriptBlueprint '/Game/Maps/Explosive_Kit.Explosive_Kit:PersistentLevel.Explosive_Kit' with GeneratedClass '/Game/Maps/Explosive_Kit.Explosive_Kit_C' with ClassGeneratedBy '/Game/Maps/Explosive_Kit.Explosive_Kit:PersistentLevel.Explosive_Kit'
[2019.11.17-21.28.22:418][780]LogBlueprintUserMessages: Early PlayInEditor Detection: Level '/Game/Maps/Teleport_Kit.Teleport_Kit:PersistentLevel' has LevelScriptBlueprint '/Game/Maps/Teleport_Kit.Teleport_Kit:PersistentLevel.Teleport_Kit' with GeneratedClass '/Game/Maps/Teleport_Kit.Teleport_Kit_C' with ClassGeneratedBy '/Game/Maps/Teleport_Kit.Teleport_Kit:PersistentLevel.Teleport_Kit'
[2019.11.17-21.28.22:419][780]LogPlayLevel: PlayLevel: No blueprints needed recompiling
[2019.11.17-21.28.22:419][780]PIE: New page: PIE session: FirstPersonExampleMap (Nov 17, 2019, 5:28:22 AM)
[2019.11.17-21.28.22:420][780]LogPlayLevel: Creating play world package: /Game/FirstPersonBP/Maps/UEDPIE_0_FirstPersonExampleMap
[2019.11.17-21.28.22:464][780]LogPlayLevel: PIE: StaticDuplicateObject took: (0.043628s)
[2019.11.17-21.28.22:466][780]LogAIModule: Creating AISystem for world FirstPersonExampleMap
[2019.11.17-21.28.22:467][780]LogPlayLevel: PIE: World Init took: (0.002742s)
[2019.11.17-21.28.22:468][780]LogPlayLevel: PIE: Created PIE world by copying editor world from /Game/FirstPersonBP/Maps/FirstPersonExampleMap.FirstPersonExampleMap to /Game/FirstPersonBP/Maps/UEDPIE_0_FirstPersonExampleMap.FirstPersonExampleMap (0.047975s)
[2019.11.17-21.28.22:617][780]LogUObjectHash: Compacting FUObjectHashTables data took  11.00ms
[2019.11.17-21.28.22:700][780]LogInit: XAudio2 using 'Headset Earphone (SteelSeries Arctis 5 Chat)' : 2 channels at 48 kHz using 16 bits per sample (channel mask 0x3)
[2019.11.17-21.28.22:746][780]LogInit: FAudioDevice initialized.
[2019.11.17-21.28.22:793][780]LogLoad: Game class is 'FirstPersonGameMode_C'
[2019.11.17-21.28.22:809][780]LogWorld: Bringing World /Game/FirstPersonBP/Maps/UEDPIE_0_FirstPersonExampleMap.FirstPersonExampleMap up for play (max tick rate 60) at 2019.11.17-13.28.22
[2019.11.17-21.28.22:811][780]LogWorld: Bringing up level for play took: 0.014173
[2019.11.17-21.28.22:829][780]PIE: Play in editor start time for /Game/FirstPersonBP/Maps/UEDPIE_0_FirstPersonExampleMap 1.157
[2019.11.17-21.28.22:829][780]LogBlueprintUserMessages: Late PlayInEditor Detection: Level '/Game/FirstPersonBP/Maps/FirstPersonExampleMap.FirstPersonExampleMap:PersistentLevel' has LevelScriptBlueprint '/Game/FirstPersonBP/Maps/FirstPersonExampleMap.FirstPersonExampleMap:PersistentLevel.FirstPersonExampleMap' with GeneratedClass '/Game/FirstPersonBP/Maps/FirstPersonExampleMap.FirstPersonExampleMap_C' with ClassGeneratedBy '/Game/FirstPersonBP/Maps/FirstPersonExampleMap.FirstPersonExampleMap:PersistentLevel.FirstPersonExampleMap'
[2019.11.17-21.28.22:831][780]LogBlueprintUserMessages: Late PlayInEditor Detection: Level '/Game/Maps/Door_Breached.Door_Breached:PersistentLevel' has LevelScriptBlueprint '/Game/Maps/Door_Breached.Door_Breached:PersistentLevel.Door_Breached' with GeneratedClass '/Game/Maps/Door_Breached.Door_Breached_C' with ClassGeneratedBy '/Game/Maps/Door_Breached.Door_Breached:PersistentLevel.Door_Breached'
[2019.11.17-21.28.22:833][780]LogBlueprintUserMessages: Late PlayInEditor Detection: Level '/Game/Maps/Door_Kit.Door_Kit:PersistentLevel' has LevelScriptBlueprint '/Game/Maps/Door_Kit.Door_Kit:PersistentLevel.Door_Kit' with GeneratedClass '/Game/Maps/Door_Kit.Door_Kit_C' with ClassGeneratedBy '/Game/Maps/Door_Kit.Door_Kit:PersistentLevel.Door_Kit'
[2019.11.17-21.28.22:834][780]LogBlueprintUserMessages: Late PlayInEditor Detection: Level '/Game/Maps/Turret_Kit.Turret_Kit:PersistentLevel' has LevelScriptBlueprint '/Game/Maps/Turret_Kit.Turret_Kit:PersistentLevel.Turret_Kit' with GeneratedClass '/Game/Maps/Turret_Kit.Turret_Kit_C' with ClassGeneratedBy '/Game/Maps/Turret_Kit.Turret_Kit:PersistentLevel.Turret_Kit'
[2019.11.17-21.28.22:835][780]LogBlueprintUserMessages: Late PlayInEditor Detection: Level '/Game/Maps/Laser_Kit.Laser_Kit:PersistentLevel' has LevelScriptBlueprint '/Game/Maps/Laser_Kit.Laser_Kit:PersistentLevel.Laser_Kit' with GeneratedClass '/Game/Maps/Laser_Kit.Laser_Kit_C' with ClassGeneratedBy '/Game/Maps/Laser_Kit.Laser_Kit:PersistentLevel.Laser_Kit'
[2019.11.17-21.28.22:836][780]LogBlueprintUserMessages: Late PlayInEditor Detection: Level '/Game/Maps/Camera_Kit.Camera_Kit:PersistentLevel' has LevelScriptBlueprint '/Game/Maps/Camera_Kit.Camera_Kit:PersistentLevel.Camera_Kit' with GeneratedClass '/Game/Maps/Camera_Kit.Camera_Kit_C' with ClassGeneratedBy '/Game/Maps/Camera_Kit.Camera_Kit:PersistentLevel.Camera_Kit'
[2019.11.17-21.28.22:838][780]LogBlueprintUserMessages: Late PlayInEditor Detection: Level '/Game/Maps/Explosive_Kit.Explosive_Kit:PersistentLevel' has LevelScriptBlueprint '/Game/Maps/Explosive_Kit.Explosive_Kit:PersistentLevel.Explosive_Kit' with GeneratedClass '/Game/Maps/Explosive_Kit.Explosive_Kit_C' with ClassGeneratedBy '/Game/Maps/Explosive_Kit.Explosive_Kit:PersistentLevel.Explosive_Kit'
[2019.11.17-21.28.22:839][780]LogBlueprintUserMessages: Late PlayInEditor Detection: Level '/Game/Maps/Teleport_Kit.Teleport_Kit:PersistentLevel' has LevelScriptBlueprint '/Game/Maps/Teleport_Kit.Teleport_Kit:PersistentLevel.Teleport_Kit' with GeneratedClass '/Game/Maps/Teleport_Kit.Teleport_Kit_C' with ClassGeneratedBy '/Game/Maps/Teleport_Kit.Teleport_Kit:PersistentLevel.Teleport_Kit'
[2019.11.17-21.28.26:133][847]LogBlueprintUserMessages: [Safe_2] Safe: Code entered is incorrect
[2019.11.17-21.28.26:134][847]LogBlueprintUserMessages: [Safe_2] Attempt:  1 of 3
[2019.11.17-21.28.26:619][860]LogBlueprintUserMessages: [Safe_2] Safe: Code entered is incorrect
[2019.11.17-21.28.26:619][860]LogBlueprintUserMessages: [Safe_2] Attempt:  2 of 3
[2019.11.17-21.28.26:959][869]LogBlueprintUserMessages: [Safe_2] Safe: Code entered is incorrect
[2019.11.17-21.28.36:425][123]LogBlueprintUserMessages: Early EndPlayMap Detection: Level '/Game/FirstPersonBP/Maps/FirstPersonExampleMap.FirstPersonExampleMap:PersistentLevel' has LevelScriptBlueprint '/Game/FirstPersonBP/Maps/FirstPersonExampleMap.FirstPersonExampleMap:PersistentLevel.FirstPersonExampleMap' with GeneratedClass '/Game/FirstPersonBP/Maps/FirstPersonExampleMap.FirstPersonExampleMap_C' with ClassGeneratedBy '/Game/FirstPersonBP/Maps/FirstPersonExampleMap.FirstPersonExampleMap:PersistentLevel.FirstPersonExampleMap'
[2019.11.17-21.28.36:426][123]LogBlueprintUserMessages: Early EndPlayMap Detection: Level '/Game/Maps/Door_Breached.Door_Breached:PersistentLevel' has LevelScriptBlueprint '/Game/Maps/Door_Breached.Door_Breached:PersistentLevel.Door_Breached' with GeneratedClass '/Game/Maps/Door_Breached.Door_Breached_C' with ClassGeneratedBy '/Game/Maps/Door_Breached.Door_Breached:PersistentLevel.Door_Breached'
[2019.11.17-21.28.36:428][123]LogBlueprintUserMessages: Early EndPlayMap Detection: Level '/Game/Maps/Door_Kit.Door_Kit:PersistentLevel' has LevelScriptBlueprint '/Game/Maps/Door_Kit.Door_Kit:PersistentLevel.Door_Kit' with GeneratedClass '/Game/Maps/Door_Kit.Door_Kit_C' with ClassGeneratedBy '/Game/Maps/Door_Kit.Door_Kit:PersistentLevel.Door_Kit'
[2019.11.17-21.28.36:429][123]LogBlueprintUserMessages: Early EndPlayMap Detection: Level '/Game/Maps/Turret_Kit.Turret_Kit:PersistentLevel' has LevelScriptBlueprint '/Game/Maps/Turret_Kit.Turret_Kit:PersistentLevel.Turret_Kit' with GeneratedClass '/Game/Maps/Turret_Kit.Turret_Kit_C' with ClassGeneratedBy '/Game/Maps/Turret_Kit.Turret_Kit:PersistentLevel.Turret_Kit'
[2019.11.17-21.28.36:430][123]LogBlueprintUserMessages: Early EndPlayMap Detection: Level '/Game/Maps/Laser_Kit.Laser_Kit:PersistentLevel' has LevelScriptBlueprint '/Game/Maps/Laser_Kit.Laser_Kit:PersistentLevel.Laser_Kit' with GeneratedClass '/Game/Maps/Laser_Kit.Laser_Kit_C' with ClassGeneratedBy '/Game/Maps/Laser_Kit.Laser_Kit:PersistentLevel.Laser_Kit'
[2019.11.17-21.28.36:431][123]LogBlueprintUserMessages: Early EndPlayMap Detection: Level '/Game/Maps/Camera_Kit.Camera_Kit:PersistentLevel' has LevelScriptBlueprint '/Game/Maps/Camera_Kit.Camera_Kit:PersistentLevel.Camera_Kit' with GeneratedClass '/Game/Maps/Camera_Kit.Camera_Kit_C' with ClassGeneratedBy '/Game/Maps/Camera_Kit.Camera_Kit:PersistentLevel.Camera_Kit'
[2019.11.17-21.28.36:433][123]LogBlueprintUserMessages: Early EndPlayMap Detection: Level '/Game/Maps/Explosive_Kit.Explosive_Kit:PersistentLevel' has LevelScriptBlueprint '/Game/Maps/Explosive_Kit.Explosive_Kit:PersistentLevel.Explosive_Kit' with GeneratedClass '/Game/Maps/Explosive_Kit.Explosive_Kit_C' with ClassGeneratedBy '/Game/Maps/Explosive_Kit.Explosive_Kit:PersistentLevel.Explosive_Kit'
[2019.11.17-21.28.36:434][123]LogBlueprintUserMessages: Early EndPlayMap Detection: Level '/Game/Maps/Teleport_Kit.Teleport_Kit:PersistentLevel' has LevelScriptBlueprint '/Game/Maps/Teleport_Kit.Teleport_Kit:PersistentLevel.Teleport_Kit' with GeneratedClass '/Game/Maps/Teleport_Kit.Teleport_Kit_C' with ClassGeneratedBy '/Game/Maps/Teleport_Kit.Teleport_Kit:PersistentLevel.Teleport_Kit'
[2019.11.17-21.28.36:436][123]LogSlate: Updating window title bar state: overlay mode, drag disabled, window buttons hidden, title bar hidden
[2019.11.17-21.28.36:545][123]LogPlayLevel: Display: Shutting down PIE online subsystems
[2019.11.17-21.28.36:546][123]LogBlueprintUserMessages: Late EndPlayMap Detection: Level '/Game/FirstPersonBP/Maps/FirstPersonExampleMap.FirstPersonExampleMap:PersistentLevel' has LevelScriptBlueprint '/Game/FirstPersonBP/Maps/FirstPersonExampleMap.FirstPersonExampleMap:PersistentLevel.FirstPersonExampleMap' with GeneratedClass '/Game/FirstPersonBP/Maps/FirstPersonExampleMap.FirstPersonExampleMap_C' with ClassGeneratedBy '/Game/FirstPersonBP/Maps/FirstPersonExampleMap.FirstPersonExampleMap:PersistentLevel.FirstPersonExampleMap'
[2019.11.17-21.28.36:547][123]LogBlueprintUserMessages: Late EndPlayMap Detection: Level '/Game/Maps/Door_Breached.Door_Breached:PersistentLevel' has LevelScriptBlueprint '/Game/Maps/Door_Breached.Door_Breached:PersistentLevel.Door_Breached' with GeneratedClass '/Game/Maps/Door_Breached.Door_Breached_C' with ClassGeneratedBy '/Game/Maps/Door_Breached.Door_Breached:PersistentLevel.Door_Breached'
[2019.11.17-21.28.36:548][123]LogBlueprintUserMessages: Late EndPlayMap Detection: Level '/Game/Maps/Door_Kit.Door_Kit:PersistentLevel' has LevelScriptBlueprint '/Game/Maps/Door_Kit.Door_Kit:PersistentLevel.Door_Kit' with GeneratedClass '/Game/Maps/Door_Kit.Door_Kit_C' with ClassGeneratedBy '/Game/Maps/Door_Kit.Door_Kit:PersistentLevel.Door_Kit'
[2019.11.17-21.28.36:549][123]LogBlueprintUserMessages: Late EndPlayMap Detection: Level '/Game/Maps/Turret_Kit.Turret_Kit:PersistentLevel' has LevelScriptBlueprint '/Game/Maps/Turret_Kit.Turret_Kit:PersistentLevel.Turret_Kit' with GeneratedClass '/Game/Maps/Turret_Kit.Turret_Kit_C' with ClassGeneratedBy '/Game/Maps/Turret_Kit.Turret_Kit:PersistentLevel.Turret_Kit'
[2019.11.17-21.28.36:550][123]LogBlueprintUserMessages: Late EndPlayMap Detection: Level '/Game/Maps/Laser_Kit.Laser_Kit:PersistentLevel' has LevelScriptBlueprint '/Game/Maps/Laser_Kit.Laser_Kit:PersistentLevel.Laser_Kit' with GeneratedClass '/Game/Maps/Laser_Kit.Laser_Kit_C' with ClassGeneratedBy '/Game/Maps/Laser_Kit.Laser_Kit:PersistentLevel.Laser_Kit'
[2019.11.17-21.28.36:551][123]LogBlueprintUserMessages: Late EndPlayMap Detection: Level '/Game/Maps/Camera_Kit.Camera_Kit:PersistentLevel' has LevelScriptBlueprint '/Game/Maps/Camera_Kit.Camera_Kit:PersistentLevel.Camera_Kit' with GeneratedClass '/Game/Maps/Camera_Kit.Camera_Kit_C' with ClassGeneratedBy '/Game/Maps/Camera_Kit.Camera_Kit:PersistentLevel.Camera_Kit'
[2019.11.17-21.28.36:551][123]LogBlueprintUserMessages: Late EndPlayMap Detection: Level '/Game/Maps/Explosive_Kit.Explosive_Kit:PersistentLevel' has LevelScriptBlueprint '/Game/Maps/Explosive_Kit.Explosive_Kit:PersistentLevel.Explosive_Kit' with GeneratedClass '/Game/Maps/Explosive_Kit.Explosive_Kit_C' with ClassGeneratedBy '/Game/Maps/Explosive_Kit.Explosive_Kit:PersistentLevel.Explosive_Kit'
[2019.11.17-21.28.36:552][123]LogBlueprintUserMessages: Late EndPlayMap Detection: Level '/Game/Maps/Teleport_Kit.Teleport_Kit:PersistentLevel' has LevelScriptBlueprint '/Game/Maps/Teleport_Kit.Teleport_Kit:PersistentLevel.Teleport_Kit' with GeneratedClass '/Game/Maps/Teleport_Kit.Teleport_Kit_C' with ClassGeneratedBy '/Game/Maps/Teleport_Kit.Teleport_Kit:PersistentLevel.Teleport_Kit'
[2019.11.17-21.28.36:687][123]LogSlate: Updating window title bar state: overlay mode, drag disabled, window buttons hidden, title bar hidden
[2019.11.17-21.28.36:699][123]LogUObjectHash: Compacting FUObjectHashTables data took   6.38ms
[2019.11.17-21.28.37:099][124]LogPlayLevel: Display: Destroying online subsystem :Context_54
[2019.11.17-21.30.09:354][408]LogSlate: FSceneViewport::OnFocusLost() reason 0
[2019.11.17-21.30.39:016][189]BlueprintLog: New page: Compile Safe
[2019.11.17-21.30.39:759][189]LogUObjectHash: Compacting FUObjectHashTables data took   9.81ms
[2019.11.17-21.30.40:717][200]LogTemp: Repeating last play command: Selected Viewport
[2019.11.17-21.30.40:893][200]LogBlueprintUserMessages: Early PlayInEditor Detection: Level '/Game/FirstPersonBP/Maps/FirstPersonExampleMap.FirstPersonExampleMap:PersistentLevel' has LevelScriptBlueprint '/Game/FirstPersonBP/Maps/FirstPersonExampleMap.FirstPersonExampleMap:PersistentLevel.FirstPersonExampleMap' with GeneratedClass '/Game/FirstPersonBP/Maps/FirstPersonExampleMap.FirstPersonExampleMap_C' with ClassGeneratedBy '/Game/FirstPersonBP/Maps/FirstPersonExampleMap.FirstPersonExampleMap:PersistentLevel.FirstPersonExampleMap'
[2019.11.17-21.30.40:895][200]LogBlueprintUserMessages: Early PlayInEditor Detection: Level '/Game/Maps/Door_Breached.Door_Breached:PersistentLevel' has LevelScriptBlueprint '/Game/Maps/Door_Breached.Door_Breached:PersistentLevel.Door_Breached' with GeneratedClass '/Game/Maps/Door_Breached.Door_Breached_C' with ClassGeneratedBy '/Game/Maps/Door_Breached.Door_Breached:PersistentLevel.Door_Breached'
[2019.11.17-21.30.40:896][200]LogBlueprintUserMessages: Early PlayInEditor Detection: Level '/Game/Maps/Door_Kit.Door_Kit:PersistentLevel' has LevelScriptBlueprint '/Game/Maps/Door_Kit.Door_Kit:PersistentLevel.Door_Kit' with GeneratedClass '/Game/Maps/Door_Kit.Door_Kit_C' with ClassGeneratedBy '/Game/Maps/Door_Kit.Door_Kit:PersistentLevel.Door_Kit'
[2019.11.17-21.30.40:897][200]LogBlueprintUserMessages: Early PlayInEditor Detection: Level '/Game/Maps/Turret_Kit.Turret_Kit:PersistentLevel' has LevelScriptBlueprint '/Game/Maps/Turret_Kit.Turret_Kit:PersistentLevel.Turret_Kit' with GeneratedClass '/Game/Maps/Turret_Kit.Turret_Kit_C' with ClassGeneratedBy '/Game/Maps/Turret_Kit.Turret_Kit:PersistentLevel.Turret_Kit'
[2019.11.17-21.30.40:898][200]LogBlueprintUserMessages: Early PlayInEditor Detection: Level '/Game/Maps/Laser_Kit.Laser_Kit:PersistentLevel' has LevelScriptBlueprint '/Game/Maps/Laser_Kit.Laser_Kit:PersistentLevel.Laser_Kit' with GeneratedClass '/Game/Maps/Laser_Kit.Laser_Kit_C' with ClassGeneratedBy '/Game/Maps/Laser_Kit.Laser_Kit:PersistentLevel.Laser_Kit'
[2019.11.17-21.30.40:899][200]LogBlueprintUserMessages: Early PlayInEditor Detection: Level '/Game/Maps/Camera_Kit.Camera_Kit:PersistentLevel' has LevelScriptBlueprint '/Game/Maps/Camera_Kit.Camera_Kit:PersistentLevel.Camera_Kit' with GeneratedClass '/Game/Maps/Camera_Kit.Camera_Kit_C' with ClassGeneratedBy '/Game/Maps/Camera_Kit.Camera_Kit:PersistentLevel.Camera_Kit'
[2019.11.17-21.30.40:900][200]LogBlueprintUserMessages: Early PlayInEditor Detection: Level '/Game/Maps/Explosive_Kit.Explosive_Kit:PersistentLevel' has LevelScriptBlueprint '/Game/Maps/Explosive_Kit.Explosive_Kit:PersistentLevel.Explosive_Kit' with GeneratedClass '/Game/Maps/Explosive_Kit.Explosive_Kit_C' with ClassGeneratedBy '/Game/Maps/Explosive_Kit.Explosive_Kit:PersistentLevel.Explosive_Kit'
[2019.11.17-21.30.40:902][200]LogBlueprintUserMessages: Early PlayInEditor Detection: Level '/Game/Maps/Teleport_Kit.Teleport_Kit:PersistentLevel' has LevelScriptBlueprint '/Game/Maps/Teleport_Kit.Teleport_Kit:PersistentLevel.Teleport_Kit' with GeneratedClass '/Game/Maps/Teleport_Kit.Teleport_Kit_C' with ClassGeneratedBy '/Game/Maps/Teleport_Kit.Teleport_Kit:PersistentLevel.Teleport_Kit'
[2019.11.17-21.30.40:903][200]LogPlayLevel: PlayLevel: No blueprints needed recompiling
[2019.11.17-21.30.40:904][200]PIE: New page: PIE session: FirstPersonExampleMap (Nov 17, 2019, 5:30:40 AM)
[2019.11.17-21.30.40:904][200]LogPlayLevel: Creating play world package: /Game/FirstPersonBP/Maps/UEDPIE_0_FirstPersonExampleMap
[2019.11.17-21.30.40:950][200]LogPlayLevel: PIE: StaticDuplicateObject took: (0.044837s)
[2019.11.17-21.30.40:951][200]LogAIModule: Creating AISystem for world FirstPersonExampleMap
[2019.11.17-21.30.40:952][200]LogPlayLevel: PIE: World Init took: (0.002226s)
[2019.11.17-21.30.40:953][200]LogPlayLevel: PIE: Created PIE world by copying editor world from /Game/FirstPersonBP/Maps/FirstPersonExampleMap.FirstPersonExampleMap to /Game/FirstPersonBP/Maps/UEDPIE_0_FirstPersonExampleMap.FirstPersonExampleMap (0.048336s)
[2019.11.17-21.30.41:093][200]LogUObjectHash: Compacting FUObjectHashTables data took  11.11ms
[2019.11.17-21.30.41:167][200]LogInit: XAudio2 using 'Headset Earphone (SteelSeries Arctis 5 Chat)' : 2 channels at 48 kHz using 16 bits per sample (channel mask 0x3)
[2019.11.17-21.30.41:209][200]LogInit: FAudioDevice initialized.
[2019.11.17-21.30.41:267][200]LogLoad: Game class is 'FirstPersonGameMode_C'
[2019.11.17-21.30.41:280][200]LogWorld: Bringing World /Game/FirstPersonBP/Maps/UEDPIE_0_FirstPersonExampleMap.FirstPersonExampleMap up for play (max tick rate 60) at 2019.11.17-13.30.41
[2019.11.17-21.30.41:282][200]LogWorld: Bringing up level for play took: 0.012065
[2019.11.17-21.30.41:298][200]PIE: Play in editor start time for /Game/FirstPersonBP/Maps/UEDPIE_0_FirstPersonExampleMap -0.373
[2019.11.17-21.30.41:299][200]LogBlueprintUserMessages: Late PlayInEditor Detection: Level '/Game/FirstPersonBP/Maps/FirstPersonExampleMap.FirstPersonExampleMap:PersistentLevel' has LevelScriptBlueprint '/Game/FirstPersonBP/Maps/FirstPersonExampleMap.FirstPersonExampleMap:PersistentLevel.FirstPersonExampleMap' with GeneratedClass '/Game/FirstPersonBP/Maps/FirstPersonExampleMap.FirstPersonExampleMap_C' with ClassGeneratedBy '/Game/FirstPersonBP/Maps/FirstPersonExampleMap.FirstPersonExampleMap:PersistentLevel.FirstPersonExampleMap'
[2019.11.17-21.30.41:300][200]LogBlueprintUserMessages: Late PlayInEditor Detection: Level '/Game/Maps/Door_Breached.Door_Breached:PersistentLevel' has LevelScriptBlueprint '/Game/Maps/Door_Breached.Door_Breached:PersistentLevel.Door_Breached' with GeneratedClass '/Game/Maps/Door_Breached.Door_Breached_C' with ClassGeneratedBy '/Game/Maps/Door_Breached.Door_Breached:PersistentLevel.Door_Breached'
[2019.11.17-21.30.41:302][200]LogBlueprintUserMessages: Late PlayInEditor Detection: Level '/Game/Maps/Door_Kit.Door_Kit:PersistentLevel' has LevelScriptBlueprint '/Game/Maps/Door_Kit.Door_Kit:PersistentLevel.Door_Kit' with GeneratedClass '/Game/Maps/Door_Kit.Door_Kit_C' with ClassGeneratedBy '/Game/Maps/Door_Kit.Door_Kit:PersistentLevel.Door_Kit'
[2019.11.17-21.30.41:303][200]LogBlueprintUserMessages: Late PlayInEditor Detection: Level '/Game/Maps/Turret_Kit.Turret_Kit:PersistentLevel' has LevelScriptBlueprint '/Game/Maps/Turret_Kit.Turret_Kit:PersistentLevel.Turret_Kit' with GeneratedClass '/Game/Maps/Turret_Kit.Turret_Kit_C' with ClassGeneratedBy '/Game/Maps/Turret_Kit.Turret_Kit:PersistentLevel.Turret_Kit'
[2019.11.17-21.30.41:304][200]LogBlueprintUserMessages: Late PlayInEditor Detection: Level '/Game/Maps/Laser_Kit.Laser_Kit:PersistentLevel' has LevelScriptBlueprint '/Game/Maps/Laser_Kit.Laser_Kit:PersistentLevel.Laser_Kit' with GeneratedClass '/Game/Maps/Laser_Kit.Laser_Kit_C' with ClassGeneratedBy '/Game/Maps/Laser_Kit.Laser_Kit:PersistentLevel.Laser_Kit'
[2019.11.17-21.30.41:305][200]LogBlueprintUserMessages: Late PlayInEditor Detection: Level '/Game/Maps/Camera_Kit.Camera_Kit:PersistentLevel' has LevelScriptBlueprint '/Game/Maps/Camera_Kit.Camera_Kit:PersistentLevel.Camera_Kit' with GeneratedClass '/Game/Maps/Camera_Kit.Camera_Kit_C' with ClassGeneratedBy '/Game/Maps/Camera_Kit.Camera_Kit:PersistentLevel.Camera_Kit'
[2019.11.17-21.30.41:306][200]LogBlueprintUserMessages: Late PlayInEditor Detection: Level '/Game/Maps/Explosive_Kit.Explosive_Kit:PersistentLevel' has LevelScriptBlueprint '/Game/Maps/Explosive_Kit.Explosive_Kit:PersistentLevel.Explosive_Kit' with GeneratedClass '/Game/Maps/Explosive_Kit.Explosive_Kit_C' with ClassGeneratedBy '/Game/Maps/Explosive_Kit.Explosive_Kit:PersistentLevel.Explosive_Kit'
[2019.11.17-21.30.41:307][200]LogBlueprintUserMessages: Late PlayInEditor Detection: Level '/Game/Maps/Teleport_Kit.Teleport_Kit:PersistentLevel' has LevelScriptBlueprint '/Game/Maps/Teleport_Kit.Teleport_Kit:PersistentLevel.Teleport_Kit' with GeneratedClass '/Game/Maps/Teleport_Kit.Teleport_Kit_C' with ClassGeneratedBy '/Game/Maps/Teleport_Kit.Teleport_Kit:PersistentLevel.Teleport_Kit'
[2019.11.17-21.30.44:601][272]LogBlueprintUserMessages: [Safe_2] Safe: Code entered is incorrect
[2019.11.17-21.30.44:602][272]LogBlueprintUserMessages: [Safe_2] Attempt:  1 of 3
[2019.11.17-21.30.44:896][280]LogBlueprintUserMessages: [Safe_2] Safe: Code entered is incorrect
[2019.11.17-21.30.44:897][280]LogBlueprintUserMessages: [Safe_2] Attempt:  2 of 3
[2019.11.17-21.30.45:149][287]LogBlueprintUserMessages: [Safe_2] Safe: Code entered is incorrect
[2019.11.17-21.30.51:862][469]LogSlate: FSceneViewport::OnFocusLost() reason 2
[2019.11.17-21.30.54:164][524]LogBlueprintDebug: Warning: Hit breakpoint on node 'CallFunc_K2_SetText', from offset 1288
[2019.11.17-21.30.54:165][524]LogBlueprintDebug: 
Script call stack:
	Function /Game/Kits/Safe/Safe.Safe_C:ReceiveTick
	Function /Game/Kits/Safe/Safe.Safe_C:ExecuteUbergraph_Safe

[2019.11.17-21.31.01:732][524]LogBlueprintUserMessages: Early EndPlayMap Detection: Level '/Game/FirstPersonBP/Maps/FirstPersonExampleMap.FirstPersonExampleMap:PersistentLevel' has LevelScriptBlueprint '/Game/FirstPersonBP/Maps/FirstPersonExampleMap.FirstPersonExampleMap:PersistentLevel.FirstPersonExampleMap' with GeneratedClass '/Game/FirstPersonBP/Maps/FirstPersonExampleMap.FirstPersonExampleMap_C' with ClassGeneratedBy '/Game/FirstPersonBP/Maps/FirstPersonExampleMap.FirstPersonExampleMap:PersistentLevel.FirstPersonExampleMap'
[2019.11.17-21.31.01:733][524]LogBlueprintUserMessages: Early EndPlayMap Detection: Level '/Game/Maps/Door_Breached.Door_Breached:PersistentLevel' has LevelScriptBlueprint '/Game/Maps/Door_Breached.Door_Breached:PersistentLevel.Door_Breached' with GeneratedClass '/Game/Maps/Door_Breached.Door_Breached_C' with ClassGeneratedBy '/Game/Maps/Door_Breached.Door_Breached:PersistentLevel.Door_Breached'
[2019.11.17-21.31.01:735][524]LogBlueprintUserMessages: Early EndPlayMap Detection: Level '/Game/Maps/Door_Kit.Door_Kit:PersistentLevel' has LevelScriptBlueprint '/Game/Maps/Door_Kit.Door_Kit:PersistentLevel.Door_Kit' with GeneratedClass '/Game/Maps/Door_Kit.Door_Kit_C' with ClassGeneratedBy '/Game/Maps/Door_Kit.Door_Kit:PersistentLevel.Door_Kit'
[2019.11.17-21.31.01:736][524]LogBlueprintUserMessages: Early EndPlayMap Detection: Level '/Game/Maps/Turret_Kit.Turret_Kit:PersistentLevel' has LevelScriptBlueprint '/Game/Maps/Turret_Kit.Turret_Kit:PersistentLevel.Turret_Kit' with GeneratedClass '/Game/Maps/Turret_Kit.Turret_Kit_C' with ClassGeneratedBy '/Game/Maps/Turret_Kit.Turret_Kit:PersistentLevel.Turret_Kit'
[2019.11.17-21.31.01:737][524]LogBlueprintUserMessages: Early EndPlayMap Detection: Level '/Game/Maps/Laser_Kit.Laser_Kit:PersistentLevel' has LevelScriptBlueprint '/Game/Maps/Laser_Kit.Laser_Kit:PersistentLevel.Laser_Kit' with GeneratedClass '/Game/Maps/Laser_Kit.Laser_Kit_C' with ClassGeneratedBy '/Game/Maps/Laser_Kit.Laser_Kit:PersistentLevel.Laser_Kit'
[2019.11.17-21.31.01:738][524]LogBlueprintUserMessages: Early EndPlayMap Detection: Level '/Game/Maps/Camera_Kit.Camera_Kit:PersistentLevel' has LevelScriptBlueprint '/Game/Maps/Camera_Kit.Camera_Kit:PersistentLevel.Camera_Kit' with GeneratedClass '/Game/Maps/Camera_Kit.Camera_Kit_C' with ClassGeneratedBy '/Game/Maps/Camera_Kit.Camera_Kit:PersistentLevel.Camera_Kit'
[2019.11.17-21.31.01:739][524]LogBlueprintUserMessages: Early EndPlayMap Detection: Level '/Game/Maps/Explosive_Kit.Explosive_Kit:PersistentLevel' has LevelScriptBlueprint '/Game/Maps/Explosive_Kit.Explosive_Kit:PersistentLevel.Explosive_Kit' with GeneratedClass '/Game/Maps/Explosive_Kit.Explosive_Kit_C' with ClassGeneratedBy '/Game/Maps/Explosive_Kit.Explosive_Kit:PersistentLevel.Explosive_Kit'
[2019.11.17-21.31.01:741][524]LogBlueprintUserMessages: Early EndPlayMap Detection: Level '/Game/Maps/Teleport_Kit.Teleport_Kit:PersistentLevel' has LevelScriptBlueprint '/Game/Maps/Teleport_Kit.Teleport_Kit:PersistentLevel.Teleport_Kit' with GeneratedClass '/Game/Maps/Teleport_Kit.Teleport_Kit_C' with ClassGeneratedBy '/Game/Maps/Teleport_Kit.Teleport_Kit:PersistentLevel.Teleport_Kit'
[2019.11.17-21.31.01:742][524]LogSlate: Updating window title bar state: overlay mode, drag disabled, window buttons hidden, title bar hidden
[2019.11.17-21.31.01:859][524]LogPlayLevel: Display: Shutting down PIE online subsystems
[2019.11.17-21.31.01:860][524]LogBlueprintUserMessages: Late EndPlayMap Detection: Level '/Game/FirstPersonBP/Maps/FirstPersonExampleMap.FirstPersonExampleMap:PersistentLevel' has LevelScriptBlueprint '/Game/FirstPersonBP/Maps/FirstPersonExampleMap.FirstPersonExampleMap:PersistentLevel.FirstPersonExampleMap' with GeneratedClass '/Game/FirstPersonBP/Maps/FirstPersonExampleMap.FirstPersonExampleMap_C' with ClassGeneratedBy '/Game/FirstPersonBP/Maps/FirstPersonExampleMap.FirstPersonExampleMap:PersistentLevel.FirstPersonExampleMap'
[2019.11.17-21.31.01:862][524]LogBlueprintUserMessages: Late EndPlayMap Detection: Level '/Game/Maps/Door_Breached.Door_Breached:PersistentLevel' has LevelScriptBlueprint '/Game/Maps/Door_Breached.Door_Breached:PersistentLevel.Door_Breached' with GeneratedClass '/Game/Maps/Door_Breached.Door_Breached_C' with ClassGeneratedBy '/Game/Maps/Door_Breached.Door_Breached:PersistentLevel.Door_Breached'
[2019.11.17-21.31.01:864][524]LogBlueprintUserMessages: Late EndPlayMap Detection: Level '/Game/Maps/Door_Kit.Door_Kit:PersistentLevel' has LevelScriptBlueprint '/Game/Maps/Door_Kit.Door_Kit:PersistentLevel.Door_Kit' with GeneratedClass '/Game/Maps/Door_Kit.Door_Kit_C' with ClassGeneratedBy '/Game/Maps/Door_Kit.Door_Kit:PersistentLevel.Door_Kit'
[2019.11.17-21.31.01:864][524]LogBlueprintUserMessages: Late EndPlayMap Detection: Level '/Game/Maps/Turret_Kit.Turret_Kit:PersistentLevel' has LevelScriptBlueprint '/Game/Maps/Turret_Kit.Turret_Kit:PersistentLevel.Turret_Kit' with GeneratedClass '/Game/Maps/Turret_Kit.Turret_Kit_C' with ClassGeneratedBy '/Game/Maps/Turret_Kit.Turret_Kit:PersistentLevel.Turret_Kit'
[2019.11.17-21.31.01:866][524]LogBlueprintUserMessages: Late EndPlayMap Detection: Level '/Game/Maps/Laser_Kit.Laser_Kit:PersistentLevel' has LevelScriptBlueprint '/Game/Maps/Laser_Kit.Laser_Kit:PersistentLevel.Laser_Kit' with GeneratedClass '/Game/Maps/Laser_Kit.Laser_Kit_C' with ClassGeneratedBy '/Game/Maps/Laser_Kit.Laser_Kit:PersistentLevel.Laser_Kit'
[2019.11.17-21.31.01:867][524]LogBlueprintUserMessages: Late EndPlayMap Detection: Level '/Game/Maps/Camera_Kit.Camera_Kit:PersistentLevel' has LevelScriptBlueprint '/Game/Maps/Camera_Kit.Camera_Kit:PersistentLevel.Camera_Kit' with GeneratedClass '/Game/Maps/Camera_Kit.Camera_Kit_C' with ClassGeneratedBy '/Game/Maps/Camera_Kit.Camera_Kit:PersistentLevel.Camera_Kit'
[2019.11.17-21.31.01:868][524]LogBlueprintUserMessages: Late EndPlayMap Detection: Level '/Game/Maps/Explosive_Kit.Explosive_Kit:PersistentLevel' has LevelScriptBlueprint '/Game/Maps/Explosive_Kit.Explosive_Kit:PersistentLevel.Explosive_Kit' with GeneratedClass '/Game/Maps/Explosive_Kit.Explosive_Kit_C' with ClassGeneratedBy '/Game/Maps/Explosive_Kit.Explosive_Kit:PersistentLevel.Explosive_Kit'
[2019.11.17-21.31.01:869][524]LogBlueprintUserMessages: Late EndPlayMap Detection: Level '/Game/Maps/Teleport_Kit.Teleport_Kit:PersistentLevel' has LevelScriptBlueprint '/Game/Maps/Teleport_Kit.Teleport_Kit:PersistentLevel.Teleport_Kit' with GeneratedClass '/Game/Maps/Teleport_Kit.Teleport_Kit_C' with ClassGeneratedBy '/Game/Maps/Teleport_Kit.Teleport_Kit:PersistentLevel.Teleport_Kit'
[2019.11.17-21.31.02:006][524]LogSlate: Updating window title bar state: overlay mode, drag disabled, window buttons hidden, title bar hidden
[2019.11.17-21.31.02:020][524]LogUObjectHash: Compacting FUObjectHashTables data took   7.69ms
[2019.11.17-21.31.02:395][525]LogPlayLevel: Display: Destroying online subsystem :Context_55
[2019.11.17-21.31.09:342][738]BlueprintLog: New page: Compile Safe
[2019.11.17-21.31.10:059][738]LogUObjectHash: Compacting FUObjectHashTables data took  11.79ms
[2019.11.17-21.31.15:033][862]LogTemp: Repeating last play command: Selected Viewport
[2019.11.17-21.31.15:206][862]LogBlueprintUserMessages: Early PlayInEditor Detection: Level '/Game/FirstPersonBP/Maps/FirstPersonExampleMap.FirstPersonExampleMap:PersistentLevel' has LevelScriptBlueprint '/Game/FirstPersonBP/Maps/FirstPersonExampleMap.FirstPersonExampleMap:PersistentLevel.FirstPersonExampleMap' with GeneratedClass '/Game/FirstPersonBP/Maps/FirstPersonExampleMap.FirstPersonExampleMap_C' with ClassGeneratedBy '/Game/FirstPersonBP/Maps/FirstPersonExampleMap.FirstPersonExampleMap:PersistentLevel.FirstPersonExampleMap'
[2019.11.17-21.31.15:208][862]LogBlueprintUserMessages: Early PlayInEditor Detection: Level '/Game/Maps/Door_Breached.Door_Breached:PersistentLevel' has LevelScriptBlueprint '/Game/Maps/Door_Breached.Door_Breached:PersistentLevel.Door_Breached' with GeneratedClass '/Game/Maps/Door_Breached.Door_Breached_C' with ClassGeneratedBy '/Game/Maps/Door_Breached.Door_Breached:PersistentLevel.Door_Breached'
[2019.11.17-21.31.15:210][862]LogBlueprintUserMessages: Early PlayInEditor Detection: Level '/Game/Maps/Door_Kit.Door_Kit:PersistentLevel' has LevelScriptBlueprint '/Game/Maps/Door_Kit.Door_Kit:PersistentLevel.Door_Kit' with GeneratedClass '/Game/Maps/Door_Kit.Door_Kit_C' with ClassGeneratedBy '/Game/Maps/Door_Kit.Door_Kit:PersistentLevel.Door_Kit'
[2019.11.17-21.31.15:211][862]LogBlueprintUserMessages: Early PlayInEditor Detection: Level '/Game/Maps/Turret_Kit.Turret_Kit:PersistentLevel' has LevelScriptBlueprint '/Game/Maps/Turret_Kit.Turret_Kit:PersistentLevel.Turret_Kit' with GeneratedClass '/Game/Maps/Turret_Kit.Turret_Kit_C' with ClassGeneratedBy '/Game/Maps/Turret_Kit.Turret_Kit:PersistentLevel.Turret_Kit'
[2019.11.17-21.31.15:213][862]LogBlueprintUserMessages: Early PlayInEditor Detection: Level '/Game/Maps/Laser_Kit.Laser_Kit:PersistentLevel' has LevelScriptBlueprint '/Game/Maps/Laser_Kit.Laser_Kit:PersistentLevel.Laser_Kit' with GeneratedClass '/Game/Maps/Laser_Kit.Laser_Kit_C' with ClassGeneratedBy '/Game/Maps/Laser_Kit.Laser_Kit:PersistentLevel.Laser_Kit'
[2019.11.17-21.31.15:215][862]LogBlueprintUserMessages: Early PlayInEditor Detection: Level '/Game/Maps/Camera_Kit.Camera_Kit:PersistentLevel' has LevelScriptBlueprint '/Game/Maps/Camera_Kit.Camera_Kit:PersistentLevel.Camera_Kit' with GeneratedClass '/Game/Maps/Camera_Kit.Camera_Kit_C' with ClassGeneratedBy '/Game/Maps/Camera_Kit.Camera_Kit:PersistentLevel.Camera_Kit'
[2019.11.17-21.31.15:217][862]LogBlueprintUserMessages: Early PlayInEditor Detection: Level '/Game/Maps/Explosive_Kit.Explosive_Kit:PersistentLevel' has LevelScriptBlueprint '/Game/Maps/Explosive_Kit.Explosive_Kit:PersistentLevel.Explosive_Kit' with GeneratedClass '/Game/Maps/Explosive_Kit.Explosive_Kit_C' with ClassGeneratedBy '/Game/Maps/Explosive_Kit.Explosive_Kit:PersistentLevel.Explosive_Kit'
[2019.11.17-21.31.15:218][862]LogBlueprintUserMessages: Early PlayInEditor Detection: Level '/Game/Maps/Teleport_Kit.Teleport_Kit:PersistentLevel' has LevelScriptBlueprint '/Game/Maps/Teleport_Kit.Teleport_Kit:PersistentLevel.Teleport_Kit' with GeneratedClass '/Game/Maps/Teleport_Kit.Teleport_Kit_C' with ClassGeneratedBy '/Game/Maps/Teleport_Kit.Teleport_Kit:PersistentLevel.Teleport_Kit'
[2019.11.17-21.31.15:220][862]LogPlayLevel: PlayLevel: No blueprints needed recompiling
[2019.11.17-21.31.15:221][862]PIE: New page: PIE session: FirstPersonExampleMap (Nov 17, 2019, 5:31:15 AM)
[2019.11.17-21.31.15:221][862]LogPlayLevel: Creating play world package: /Game/FirstPersonBP/Maps/UEDPIE_0_FirstPersonExampleMap
[2019.11.17-21.31.15:266][862]LogPlayLevel: PIE: StaticDuplicateObject took: (0.044424s)
[2019.11.17-21.31.15:269][862]LogAIModule: Creating AISystem for world FirstPersonExampleMap
[2019.11.17-21.31.15:270][862]LogPlayLevel: PIE: World Init took: (0.002785s)
[2019.11.17-21.31.15:270][862]LogPlayLevel: PIE: Created PIE world by copying editor world from /Game/FirstPersonBP/Maps/FirstPersonExampleMap.FirstPersonExampleMap to /Game/FirstPersonBP/Maps/UEDPIE_0_FirstPersonExampleMap.FirstPersonExampleMap (0.048967s)
[2019.11.17-21.31.15:447][862]LogUObjectHash: Compacting FUObjectHashTables data took  13.10ms
[2019.11.17-21.31.15:531][862]LogInit: XAudio2 using 'Headset Earphone (SteelSeries Arctis 5 Chat)' : 2 channels at 48 kHz using 16 bits per sample (channel mask 0x3)
[2019.11.17-21.31.15:579][862]LogInit: FAudioDevice initialized.
[2019.11.17-21.31.15:632][862]LogLoad: Game class is 'FirstPersonGameMode_C'
[2019.11.17-21.31.15:645][862]LogWorld: Bringing World /Game/FirstPersonBP/Maps/UEDPIE_0_FirstPersonExampleMap.FirstPersonExampleMap up for play (max tick rate 60) at 2019.11.17-13.31.15
[2019.11.17-21.31.15:648][862]LogWorld: Bringing up level for play took: 0.012911
[2019.11.17-21.31.15:664][862]PIE: Play in editor start time for /Game/FirstPersonBP/Maps/UEDPIE_0_FirstPersonExampleMap -0.008
[2019.11.17-21.31.15:664][862]LogBlueprintUserMessages: Late PlayInEditor Detection: Level '/Game/FirstPersonBP/Maps/FirstPersonExampleMap.FirstPersonExampleMap:PersistentLevel' has LevelScriptBlueprint '/Game/FirstPersonBP/Maps/FirstPersonExampleMap.FirstPersonExampleMap:PersistentLevel.FirstPersonExampleMap' with GeneratedClass '/Game/FirstPersonBP/Maps/FirstPersonExampleMap.FirstPersonExampleMap_C' with ClassGeneratedBy '/Game/FirstPersonBP/Maps/FirstPersonExampleMap.FirstPersonExampleMap:PersistentLevel.FirstPersonExampleMap'
[2019.11.17-21.31.15:666][862]LogBlueprintUserMessages: Late PlayInEditor Detection: Level '/Game/Maps/Door_Breached.Door_Breached:PersistentLevel' has LevelScriptBlueprint '/Game/Maps/Door_Breached.Door_Breached:PersistentLevel.Door_Breached' with GeneratedClass '/Game/Maps/Door_Breached.Door_Breached_C' with ClassGeneratedBy '/Game/Maps/Door_Breached.Door_Breached:PersistentLevel.Door_Breached'
[2019.11.17-21.31.15:667][862]LogBlueprintUserMessages: Late PlayInEditor Detection: Level '/Game/Maps/Door_Kit.Door_Kit:PersistentLevel' has LevelScriptBlueprint '/Game/Maps/Door_Kit.Door_Kit:PersistentLevel.Door_Kit' with GeneratedClass '/Game/Maps/Door_Kit.Door_Kit_C' with ClassGeneratedBy '/Game/Maps/Door_Kit.Door_Kit:PersistentLevel.Door_Kit'
[2019.11.17-21.31.15:669][862]LogBlueprintUserMessages: Late PlayInEditor Detection: Level '/Game/Maps/Turret_Kit.Turret_Kit:PersistentLevel' has LevelScriptBlueprint '/Game/Maps/Turret_Kit.Turret_Kit:PersistentLevel.Turret_Kit' with GeneratedClass '/Game/Maps/Turret_Kit.Turret_Kit_C' with ClassGeneratedBy '/Game/Maps/Turret_Kit.Turret_Kit:PersistentLevel.Turret_Kit'
[2019.11.17-21.31.15:670][862]LogBlueprintUserMessages: Late PlayInEditor Detection: Level '/Game/Maps/Laser_Kit.Laser_Kit:PersistentLevel' has LevelScriptBlueprint '/Game/Maps/Laser_Kit.Laser_Kit:PersistentLevel.Laser_Kit' with GeneratedClass '/Game/Maps/Laser_Kit.Laser_Kit_C' with ClassGeneratedBy '/Game/Maps/Laser_Kit.Laser_Kit:PersistentLevel.Laser_Kit'
[2019.11.17-21.31.15:672][862]LogBlueprintUserMessages: Late PlayInEditor Detection: Level '/Game/Maps/Camera_Kit.Camera_Kit:PersistentLevel' has LevelScriptBlueprint '/Game/Maps/Camera_Kit.Camera_Kit:PersistentLevel.Camera_Kit' with GeneratedClass '/Game/Maps/Camera_Kit.Camera_Kit_C' with ClassGeneratedBy '/Game/Maps/Camera_Kit.Camera_Kit:PersistentLevel.Camera_Kit'
[2019.11.17-21.31.15:673][862]LogBlueprintUserMessages: Late PlayInEditor Detection: Level '/Game/Maps/Explosive_Kit.Explosive_Kit:PersistentLevel' has LevelScriptBlueprint '/Game/Maps/Explosive_Kit.Explosive_Kit:PersistentLevel.Explosive_Kit' with GeneratedClass '/Game/Maps/Explosive_Kit.Explosive_Kit_C' with ClassGeneratedBy '/Game/Maps/Explosive_Kit.Explosive_Kit:PersistentLevel.Explosive_Kit'
[2019.11.17-21.31.15:675][862]LogBlueprintUserMessages: Late PlayInEditor Detection: Level '/Game/Maps/Teleport_Kit.Teleport_Kit:PersistentLevel' has LevelScriptBlueprint '/Game/Maps/Teleport_Kit.Teleport_Kit:PersistentLevel.Teleport_Kit' with GeneratedClass '/Game/Maps/Teleport_Kit.Teleport_Kit_C' with ClassGeneratedBy '/Game/Maps/Teleport_Kit.Teleport_Kit:PersistentLevel.Teleport_Kit'
[2019.11.17-21.31.18:157][911]LogBlueprintUserMessages: [Safe_2] Safe: Code entered is incorrect
[2019.11.17-21.31.18:157][911]LogBlueprintUserMessages: [Safe_2] Attempt:  1 of 3
[2019.11.17-21.31.18:371][917]LogBlueprintUserMessages: [Safe_2] Safe: Code entered is incorrect
[2019.11.17-21.31.18:371][917]LogBlueprintUserMessages: [Safe_2] Attempt:  2 of 3
[2019.11.17-21.31.18:561][922]LogBlueprintUserMessages: [Safe_2] Safe: Code entered is incorrect
[2019.11.17-21.31.18:562][922]LogBlueprintDebug: Warning: Hit breakpoint on node 'CallFunc_K2_SetText', from offset 1225
[2019.11.17-21.31.18:563][922]LogBlueprintDebug: 
Script call stack:
	Function /Game/Kits/Safe/Safe.Safe_C:ReceiveTick
	Function /Game/Kits/Safe/Safe.Safe_C:ExecuteUbergraph_Safe

[2019.11.17-21.31.18:578][922]LogSlate: FSceneViewport::OnFocusLost() reason 2
[2019.11.17-21.31.35:615][271]LogBlueprintUserMessages: Early EndPlayMap Detection: Level '/Game/FirstPersonBP/Maps/FirstPersonExampleMap.FirstPersonExampleMap:PersistentLevel' has LevelScriptBlueprint '/Game/FirstPersonBP/Maps/FirstPersonExampleMap.FirstPersonExampleMap:PersistentLevel.FirstPersonExampleMap' with GeneratedClass '/Game/FirstPersonBP/Maps/FirstPersonExampleMap.FirstPersonExampleMap_C' with ClassGeneratedBy '/Game/FirstPersonBP/Maps/FirstPersonExampleMap.FirstPersonExampleMap:PersistentLevel.FirstPersonExampleMap'
[2019.11.17-21.31.35:617][271]LogBlueprintUserMessages: Early EndPlayMap Detection: Level '/Game/Maps/Door_Breached.Door_Breached:PersistentLevel' has LevelScriptBlueprint '/Game/Maps/Door_Breached.Door_Breached:PersistentLevel.Door_Breached' with GeneratedClass '/Game/Maps/Door_Breached.Door_Breached_C' with ClassGeneratedBy '/Game/Maps/Door_Breached.Door_Breached:PersistentLevel.Door_Breached'
[2019.11.17-21.31.35:619][271]LogBlueprintUserMessages: Early EndPlayMap Detection: Level '/Game/Maps/Door_Kit.Door_Kit:PersistentLevel' has LevelScriptBlueprint '/Game/Maps/Door_Kit.Door_Kit:PersistentLevel.Door_Kit' with GeneratedClass '/Game/Maps/Door_Kit.Door_Kit_C' with ClassGeneratedBy '/Game/Maps/Door_Kit.Door_Kit:PersistentLevel.Door_Kit'
[2019.11.17-21.31.35:621][271]LogBlueprintUserMessages: Early EndPlayMap Detection: Level '/Game/Maps/Turret_Kit.Turret_Kit:PersistentLevel' has LevelScriptBlueprint '/Game/Maps/Turret_Kit.Turret_Kit:PersistentLevel.Turret_Kit' with GeneratedClass '/Game/Maps/Turret_Kit.Turret_Kit_C' with ClassGeneratedBy '/Game/Maps/Turret_Kit.Turret_Kit:PersistentLevel.Turret_Kit'
[2019.11.17-21.31.35:622][271]LogBlueprintUserMessages: Early EndPlayMap Detection: Level '/Game/Maps/Laser_Kit.Laser_Kit:PersistentLevel' has LevelScriptBlueprint '/Game/Maps/Laser_Kit.Laser_Kit:PersistentLevel.Laser_Kit' with GeneratedClass '/Game/Maps/Laser_Kit.Laser_Kit_C' with ClassGeneratedBy '/Game/Maps/Laser_Kit.Laser_Kit:PersistentLevel.Laser_Kit'
[2019.11.17-21.31.35:624][271]LogBlueprintUserMessages: Early EndPlayMap Detection: Level '/Game/Maps/Camera_Kit.Camera_Kit:PersistentLevel' has LevelScriptBlueprint '/Game/Maps/Camera_Kit.Camera_Kit:PersistentLevel.Camera_Kit' with GeneratedClass '/Game/Maps/Camera_Kit.Camera_Kit_C' with ClassGeneratedBy '/Game/Maps/Camera_Kit.Camera_Kit:PersistentLevel.Camera_Kit'
[2019.11.17-21.31.35:625][271]LogBlueprintUserMessages: Early EndPlayMap Detection: Level '/Game/Maps/Explosive_Kit.Explosive_Kit:PersistentLevel' has LevelScriptBlueprint '/Game/Maps/Explosive_Kit.Explosive_Kit:PersistentLevel.Explosive_Kit' with GeneratedClass '/Game/Maps/Explosive_Kit.Explosive_Kit_C' with ClassGeneratedBy '/Game/Maps/Explosive_Kit.Explosive_Kit:PersistentLevel.Explosive_Kit'
[2019.11.17-21.31.35:627][271]LogBlueprintUserMessages: Early EndPlayMap Detection: Level '/Game/Maps/Teleport_Kit.Teleport_Kit:PersistentLevel' has LevelScriptBlueprint '/Game/Maps/Teleport_Kit.Teleport_Kit:PersistentLevel.Teleport_Kit' with GeneratedClass '/Game/Maps/Teleport_Kit.Teleport_Kit_C' with ClassGeneratedBy '/Game/Maps/Teleport_Kit.Teleport_Kit:PersistentLevel.Teleport_Kit'
[2019.11.17-21.31.35:630][271]LogSlate: Updating window title bar state: overlay mode, drag disabled, window buttons hidden, title bar hidden
[2019.11.17-21.31.35:744][271]LogPlayLevel: Display: Shutting down PIE online subsystems
[2019.11.17-21.31.35:745][271]LogBlueprintUserMessages: Late EndPlayMap Detection: Level '/Game/FirstPersonBP/Maps/FirstPersonExampleMap.FirstPersonExampleMap:PersistentLevel' has LevelScriptBlueprint '/Game/FirstPersonBP/Maps/FirstPersonExampleMap.FirstPersonExampleMap:PersistentLevel.FirstPersonExampleMap' with GeneratedClass '/Game/FirstPersonBP/Maps/FirstPersonExampleMap.FirstPersonExampleMap_C' with ClassGeneratedBy '/Game/FirstPersonBP/Maps/FirstPersonExampleMap.FirstPersonExampleMap:PersistentLevel.FirstPersonExampleMap'
[2019.11.17-21.31.35:746][271]LogBlueprintUserMessages: Late EndPlayMap Detection: Level '/Game/Maps/Door_Breached.Door_Breached:PersistentLevel' has LevelScriptBlueprint '/Game/Maps/Door_Breached.Door_Breached:PersistentLevel.Door_Breached' with GeneratedClass '/Game/Maps/Door_Breached.Door_Breached_C' with ClassGeneratedBy '/Game/Maps/Door_Breached.Door_Breached:PersistentLevel.Door_Breached'
[2019.11.17-21.31.35:747][271]LogBlueprintUserMessages: Late EndPlayMap Detection: Level '/Game/Maps/Door_Kit.Door_Kit:PersistentLevel' has LevelScriptBlueprint '/Game/Maps/Door_Kit.Door_Kit:PersistentLevel.Door_Kit' with GeneratedClass '/Game/Maps/Door_Kit.Door_Kit_C' with ClassGeneratedBy '/Game/Maps/Door_Kit.Door_Kit:PersistentLevel.Door_Kit'
[2019.11.17-21.31.35:748][271]LogBlueprintUserMessages: Late EndPlayMap Detection: Level '/Game/Maps/Turret_Kit.Turret_Kit:PersistentLevel' has LevelScriptBlueprint '/Game/Maps/Turret_Kit.Turret_Kit:PersistentLevel.Turret_Kit' with GeneratedClass '/Game/Maps/Turret_Kit.Turret_Kit_C' with ClassGeneratedBy '/Game/Maps/Turret_Kit.Turret_Kit:PersistentLevel.Turret_Kit'
[2019.11.17-21.31.35:749][271]LogBlueprintUserMessages: Late EndPlayMap Detection: Level '/Game/Maps/Laser_Kit.Laser_Kit:PersistentLevel' has LevelScriptBlueprint '/Game/Maps/Laser_Kit.Laser_Kit:PersistentLevel.Laser_Kit' with GeneratedClass '/Game/Maps/Laser_Kit.Laser_Kit_C' with ClassGeneratedBy '/Game/Maps/Laser_Kit.Laser_Kit:PersistentLevel.Laser_Kit'
[2019.11.17-21.31.35:750][271]LogBlueprintUserMessages: Late EndPlayMap Detection: Level '/Game/Maps/Camera_Kit.Camera_Kit:PersistentLevel' has LevelScriptBlueprint '/Game/Maps/Camera_Kit.Camera_Kit:PersistentLevel.Camera_Kit' with GeneratedClass '/Game/Maps/Camera_Kit.Camera_Kit_C' with ClassGeneratedBy '/Game/Maps/Camera_Kit.Camera_Kit:PersistentLevel.Camera_Kit'
[2019.11.17-21.31.35:751][271]LogBlueprintUserMessages: Late EndPlayMap Detection: Level '/Game/Maps/Explosive_Kit.Explosive_Kit:PersistentLevel' has LevelScriptBlueprint '/Game/Maps/Explosive_Kit.Explosive_Kit:PersistentLevel.Explosive_Kit' with GeneratedClass '/Game/Maps/Explosive_Kit.Explosive_Kit_C' with ClassGeneratedBy '/Game/Maps/Explosive_Kit.Explosive_Kit:PersistentLevel.Explosive_Kit'
[2019.11.17-21.31.35:753][271]LogBlueprintUserMessages: Late EndPlayMap Detection: Level '/Game/Maps/Teleport_Kit.Teleport_Kit:PersistentLevel' has LevelScriptBlueprint '/Game/Maps/Teleport_Kit.Teleport_Kit:PersistentLevel.Teleport_Kit' with GeneratedClass '/Game/Maps/Teleport_Kit.Teleport_Kit_C' with ClassGeneratedBy '/Game/Maps/Teleport_Kit.Teleport_Kit:PersistentLevel.Teleport_Kit'
[2019.11.17-21.31.35:880][271]LogSlate: Updating window title bar state: overlay mode, drag disabled, window buttons hidden, title bar hidden
[2019.11.17-21.31.35:896][271]LogUObjectHash: Compacting FUObjectHashTables data took   9.16ms
[2019.11.17-21.31.36:301][272]LogPlayLevel: Display: Destroying online subsystem :Context_56
[2019.11.17-21.31.36:621][281]LogSlate: FSceneViewport::OnFocusLost() reason 0
[2019.11.17-21.31.41:828][438]LogTemp: Repeating last play command: Selected Viewport
[2019.11.17-21.31.41:947][438]LogBlueprintUserMessages: Early PlayInEditor Detection: Level '/Game/FirstPersonBP/Maps/FirstPersonExampleMap.FirstPersonExampleMap:PersistentLevel' has LevelScriptBlueprint '/Game/FirstPersonBP/Maps/FirstPersonExampleMap.FirstPersonExampleMap:PersistentLevel.FirstPersonExampleMap' with GeneratedClass '/Game/FirstPersonBP/Maps/FirstPersonExampleMap.FirstPersonExampleMap_C' with ClassGeneratedBy '/Game/FirstPersonBP/Maps/FirstPersonExampleMap.FirstPersonExampleMap:PersistentLevel.FirstPersonExampleMap'
[2019.11.17-21.31.41:948][438]LogBlueprintUserMessages: Early PlayInEditor Detection: Level '/Game/Maps/Door_Breached.Door_Breached:PersistentLevel' has LevelScriptBlueprint '/Game/Maps/Door_Breached.Door_Breached:PersistentLevel.Door_Breached' with GeneratedClass '/Game/Maps/Door_Breached.Door_Breached_C' with ClassGeneratedBy '/Game/Maps/Door_Breached.Door_Breached:PersistentLevel.Door_Breached'
[2019.11.17-21.31.41:950][438]LogBlueprintUserMessages: Early PlayInEditor Detection: Level '/Game/Maps/Door_Kit.Door_Kit:PersistentLevel' has LevelScriptBlueprint '/Game/Maps/Door_Kit.Door_Kit:PersistentLevel.Door_Kit' with GeneratedClass '/Game/Maps/Door_Kit.Door_Kit_C' with ClassGeneratedBy '/Game/Maps/Door_Kit.Door_Kit:PersistentLevel.Door_Kit'
[2019.11.17-21.31.41:951][438]LogBlueprintUserMessages: Early PlayInEditor Detection: Level '/Game/Maps/Turret_Kit.Turret_Kit:PersistentLevel' has LevelScriptBlueprint '/Game/Maps/Turret_Kit.Turret_Kit:PersistentLevel.Turret_Kit' with GeneratedClass '/Game/Maps/Turret_Kit.Turret_Kit_C' with ClassGeneratedBy '/Game/Maps/Turret_Kit.Turret_Kit:PersistentLevel.Turret_Kit'
[2019.11.17-21.31.41:953][438]LogBlueprintUserMessages: Early PlayInEditor Detection: Level '/Game/Maps/Laser_Kit.Laser_Kit:PersistentLevel' has LevelScriptBlueprint '/Game/Maps/Laser_Kit.Laser_Kit:PersistentLevel.Laser_Kit' with GeneratedClass '/Game/Maps/Laser_Kit.Laser_Kit_C' with ClassGeneratedBy '/Game/Maps/Laser_Kit.Laser_Kit:PersistentLevel.Laser_Kit'
[2019.11.17-21.31.41:954][438]LogBlueprintUserMessages: Early PlayInEditor Detection: Level '/Game/Maps/Camera_Kit.Camera_Kit:PersistentLevel' has LevelScriptBlueprint '/Game/Maps/Camera_Kit.Camera_Kit:PersistentLevel.Camera_Kit' with GeneratedClass '/Game/Maps/Camera_Kit.Camera_Kit_C' with ClassGeneratedBy '/Game/Maps/Camera_Kit.Camera_Kit:PersistentLevel.Camera_Kit'
[2019.11.17-21.31.41:956][438]LogBlueprintUserMessages: Early PlayInEditor Detection: Level '/Game/Maps/Explosive_Kit.Explosive_Kit:PersistentLevel' has LevelScriptBlueprint '/Game/Maps/Explosive_Kit.Explosive_Kit:PersistentLevel.Explosive_Kit' with GeneratedClass '/Game/Maps/Explosive_Kit.Explosive_Kit_C' with ClassGeneratedBy '/Game/Maps/Explosive_Kit.Explosive_Kit:PersistentLevel.Explosive_Kit'
[2019.11.17-21.31.41:958][438]LogBlueprintUserMessages: Early PlayInEditor Detection: Level '/Game/Maps/Teleport_Kit.Teleport_Kit:PersistentLevel' has LevelScriptBlueprint '/Game/Maps/Teleport_Kit.Teleport_Kit:PersistentLevel.Teleport_Kit' with GeneratedClass '/Game/Maps/Teleport_Kit.Teleport_Kit_C' with ClassGeneratedBy '/Game/Maps/Teleport_Kit.Teleport_Kit:PersistentLevel.Teleport_Kit'
[2019.11.17-21.31.41:959][438]BlueprintLog: New page: Pre-Play auto-recompile
[2019.11.17-21.31.41:971][438]LogPlayLevel: [PlayLevel] Compiling Safe before play...
[2019.11.17-21.31.43:015][438]LogUObjectHash: Compacting FUObjectHashTables data took  10.06ms
[2019.11.17-21.31.43:015][438]LogPlayLevel: PlayLevel: Blueprint regeneration took 1055 ms (1 blueprints)
[2019.11.17-21.31.43:016][438]PIE: New page: PIE session: FirstPersonExampleMap (Nov 17, 2019, 5:31:43 AM)
[2019.11.17-21.31.43:017][438]LogPlayLevel: Creating play world package: /Game/FirstPersonBP/Maps/UEDPIE_0_FirstPersonExampleMap
[2019.11.17-21.31.43:056][438]LogPlayLevel: PIE: StaticDuplicateObject took: (0.039612s)
[2019.11.17-21.31.43:058][438]LogAIModule: Creating AISystem for world FirstPersonExampleMap
[2019.11.17-21.31.43:059][438]LogPlayLevel: PIE: World Init took: (0.002489s)
[2019.11.17-21.31.43:059][438]LogPlayLevel: PIE: Created PIE world by copying editor world from /Game/FirstPersonBP/Maps/FirstPersonExampleMap.FirstPersonExampleMap to /Game/FirstPersonBP/Maps/UEDPIE_0_FirstPersonExampleMap.FirstPersonExampleMap (0.043816s)
[2019.11.17-21.31.43:198][438]LogUObjectHash: Compacting FUObjectHashTables data took   6.22ms
[2019.11.17-21.31.43:277][438]LogInit: XAudio2 using 'Headset Earphone (SteelSeries Arctis 5 Chat)' : 2 channels at 48 kHz using 16 bits per sample (channel mask 0x3)
[2019.11.17-21.31.43:320][438]LogInit: FAudioDevice initialized.
[2019.11.17-21.31.43:369][438]LogLoad: Game class is 'FirstPersonGameMode_C'
[2019.11.17-21.31.43:380][438]LogWorld: Bringing World /Game/FirstPersonBP/Maps/UEDPIE_0_FirstPersonExampleMap.FirstPersonExampleMap up for play (max tick rate 60) at 2019.11.17-13.31.43
[2019.11.17-21.31.43:382][438]LogWorld: Bringing up level for play took: 0.010438
[2019.11.17-21.31.43:398][438]PIE: Play in editor start time for /Game/FirstPersonBP/Maps/UEDPIE_0_FirstPersonExampleMap 1.726
[2019.11.17-21.31.43:399][438]LogBlueprintUserMessages: Late PlayInEditor Detection: Level '/Game/FirstPersonBP/Maps/FirstPersonExampleMap.FirstPersonExampleMap:PersistentLevel' has LevelScriptBlueprint '/Game/FirstPersonBP/Maps/FirstPersonExampleMap.FirstPersonExampleMap:PersistentLevel.FirstPersonExampleMap' with GeneratedClass '/Game/FirstPersonBP/Maps/FirstPersonExampleMap.FirstPersonExampleMap_C' with ClassGeneratedBy '/Game/FirstPersonBP/Maps/FirstPersonExampleMap.FirstPersonExampleMap:PersistentLevel.FirstPersonExampleMap'
[2019.11.17-21.31.43:401][438]LogBlueprintUserMessages: Late PlayInEditor Detection: Level '/Game/Maps/Door_Breached.Door_Breached:PersistentLevel' has LevelScriptBlueprint '/Game/Maps/Door_Breached.Door_Breached:PersistentLevel.Door_Breached' with GeneratedClass '/Game/Maps/Door_Breached.Door_Breached_C' with ClassGeneratedBy '/Game/Maps/Door_Breached.Door_Breached:PersistentLevel.Door_Breached'
[2019.11.17-21.31.43:402][438]LogBlueprintUserMessages: Late PlayInEditor Detection: Level '/Game/Maps/Door_Kit.Door_Kit:PersistentLevel' has LevelScriptBlueprint '/Game/Maps/Door_Kit.Door_Kit:PersistentLevel.Door_Kit' with GeneratedClass '/Game/Maps/Door_Kit.Door_Kit_C' with ClassGeneratedBy '/Game/Maps/Door_Kit.Door_Kit:PersistentLevel.Door_Kit'
[2019.11.17-21.31.43:403][438]LogBlueprintUserMessages: Late PlayInEditor Detection: Level '/Game/Maps/Turret_Kit.Turret_Kit:PersistentLevel' has LevelScriptBlueprint '/Game/Maps/Turret_Kit.Turret_Kit:PersistentLevel.Turret_Kit' with GeneratedClass '/Game/Maps/Turret_Kit.Turret_Kit_C' with ClassGeneratedBy '/Game/Maps/Turret_Kit.Turret_Kit:PersistentLevel.Turret_Kit'
[2019.11.17-21.31.43:404][438]LogBlueprintUserMessages: Late PlayInEditor Detection: Level '/Game/Maps/Laser_Kit.Laser_Kit:PersistentLevel' has LevelScriptBlueprint '/Game/Maps/Laser_Kit.Laser_Kit:PersistentLevel.Laser_Kit' with GeneratedClass '/Game/Maps/Laser_Kit.Laser_Kit_C' with ClassGeneratedBy '/Game/Maps/Laser_Kit.Laser_Kit:PersistentLevel.Laser_Kit'
[2019.11.17-21.31.43:406][438]LogBlueprintUserMessages: Late PlayInEditor Detection: Level '/Game/Maps/Camera_Kit.Camera_Kit:PersistentLevel' has LevelScriptBlueprint '/Game/Maps/Camera_Kit.Camera_Kit:PersistentLevel.Camera_Kit' with GeneratedClass '/Game/Maps/Camera_Kit.Camera_Kit_C' with ClassGeneratedBy '/Game/Maps/Camera_Kit.Camera_Kit:PersistentLevel.Camera_Kit'
[2019.11.17-21.31.43:407][438]LogBlueprintUserMessages: Late PlayInEditor Detection: Level '/Game/Maps/Explosive_Kit.Explosive_Kit:PersistentLevel' has LevelScriptBlueprint '/Game/Maps/Explosive_Kit.Explosive_Kit:PersistentLevel.Explosive_Kit' with GeneratedClass '/Game/Maps/Explosive_Kit.Explosive_Kit_C' with ClassGeneratedBy '/Game/Maps/Explosive_Kit.Explosive_Kit:PersistentLevel.Explosive_Kit'
[2019.11.17-21.31.43:408][438]LogBlueprintUserMessages: Late PlayInEditor Detection: Level '/Game/Maps/Teleport_Kit.Teleport_Kit:PersistentLevel' has LevelScriptBlueprint '/Game/Maps/Teleport_Kit.Teleport_Kit:PersistentLevel.Teleport_Kit' with GeneratedClass '/Game/Maps/Teleport_Kit.Teleport_Kit_C' with ClassGeneratedBy '/Game/Maps/Teleport_Kit.Teleport_Kit:PersistentLevel.Teleport_Kit'
[2019.11.17-21.31.46:723][516]LogBlueprintUserMessages: [Safe_2] Safe: Code entered is incorrect
[2019.11.17-21.31.46:724][516]LogBlueprintUserMessages: [Safe_2] Attempt:  1 of 3
[2019.11.17-21.31.46:965][523]LogBlueprintUserMessages: [Safe_2] Safe: Code entered is incorrect
[2019.11.17-21.31.46:965][523]LogBlueprintUserMessages: [Safe_2] Attempt:  2 of 3
[2019.11.17-21.31.47:160][529]LogBlueprintUserMessages: [Safe_2] Safe: Code entered is incorrect
[2019.11.17-21.31.48:939][584]LogBlueprintUserMessages: Early EndPlayMap Detection: Level '/Game/FirstPersonBP/Maps/FirstPersonExampleMap.FirstPersonExampleMap:PersistentLevel' has LevelScriptBlueprint '/Game/FirstPersonBP/Maps/FirstPersonExampleMap.FirstPersonExampleMap:PersistentLevel.FirstPersonExampleMap' with GeneratedClass '/Game/FirstPersonBP/Maps/FirstPersonExampleMap.FirstPersonExampleMap_C' with ClassGeneratedBy '/Game/FirstPersonBP/Maps/FirstPersonExampleMap.FirstPersonExampleMap:PersistentLevel.FirstPersonExampleMap'
[2019.11.17-21.31.48:941][584]LogBlueprintUserMessages: Early EndPlayMap Detection: Level '/Game/Maps/Door_Breached.Door_Breached:PersistentLevel' has LevelScriptBlueprint '/Game/Maps/Door_Breached.Door_Breached:PersistentLevel.Door_Breached' with GeneratedClass '/Game/Maps/Door_Breached.Door_Breached_C' with ClassGeneratedBy '/Game/Maps/Door_Breached.Door_Breached:PersistentLevel.Door_Breached'
[2019.11.17-21.31.48:943][584]LogBlueprintUserMessages: Early EndPlayMap Detection: Level '/Game/Maps/Door_Kit.Door_Kit:PersistentLevel' has LevelScriptBlueprint '/Game/Maps/Door_Kit.Door_Kit:PersistentLevel.Door_Kit' with GeneratedClass '/Game/Maps/Door_Kit.Door_Kit_C' with ClassGeneratedBy '/Game/Maps/Door_Kit.Door_Kit:PersistentLevel.Door_Kit'
[2019.11.17-21.31.48:944][584]LogBlueprintUserMessages: Early EndPlayMap Detection: Level '/Game/Maps/Turret_Kit.Turret_Kit:PersistentLevel' has LevelScriptBlueprint '/Game/Maps/Turret_Kit.Turret_Kit:PersistentLevel.Turret_Kit' with GeneratedClass '/Game/Maps/Turret_Kit.Turret_Kit_C' with ClassGeneratedBy '/Game/Maps/Turret_Kit.Turret_Kit:PersistentLevel.Turret_Kit'
[2019.11.17-21.31.48:945][584]LogBlueprintUserMessages: Early EndPlayMap Detection: Level '/Game/Maps/Laser_Kit.Laser_Kit:PersistentLevel' has LevelScriptBlueprint '/Game/Maps/Laser_Kit.Laser_Kit:PersistentLevel.Laser_Kit' with GeneratedClass '/Game/Maps/Laser_Kit.Laser_Kit_C' with ClassGeneratedBy '/Game/Maps/Laser_Kit.Laser_Kit:PersistentLevel.Laser_Kit'
[2019.11.17-21.31.48:947][584]LogBlueprintUserMessages: Early EndPlayMap Detection: Level '/Game/Maps/Camera_Kit.Camera_Kit:PersistentLevel' has LevelScriptBlueprint '/Game/Maps/Camera_Kit.Camera_Kit:PersistentLevel.Camera_Kit' with GeneratedClass '/Game/Maps/Camera_Kit.Camera_Kit_C' with ClassGeneratedBy '/Game/Maps/Camera_Kit.Camera_Kit:PersistentLevel.Camera_Kit'
[2019.11.17-21.31.48:948][584]LogBlueprintUserMessages: Early EndPlayMap Detection: Level '/Game/Maps/Explosive_Kit.Explosive_Kit:PersistentLevel' has LevelScriptBlueprint '/Game/Maps/Explosive_Kit.Explosive_Kit:PersistentLevel.Explosive_Kit' with GeneratedClass '/Game/Maps/Explosive_Kit.Explosive_Kit_C' with ClassGeneratedBy '/Game/Maps/Explosive_Kit.Explosive_Kit:PersistentLevel.Explosive_Kit'
[2019.11.17-21.31.48:950][584]LogBlueprintUserMessages: Early EndPlayMap Detection: Level '/Game/Maps/Teleport_Kit.Teleport_Kit:PersistentLevel' has LevelScriptBlueprint '/Game/Maps/Teleport_Kit.Teleport_Kit:PersistentLevel.Teleport_Kit' with GeneratedClass '/Game/Maps/Teleport_Kit.Teleport_Kit_C' with ClassGeneratedBy '/Game/Maps/Teleport_Kit.Teleport_Kit:PersistentLevel.Teleport_Kit'
[2019.11.17-21.31.48:953][584]LogSlate: Updating window title bar state: overlay mode, drag disabled, window buttons hidden, title bar hidden
[2019.11.17-21.31.49:009][584]LogPlayLevel: Display: Shutting down PIE online subsystems
[2019.11.17-21.31.49:010][584]LogBlueprintUserMessages: Late EndPlayMap Detection: Level '/Game/FirstPersonBP/Maps/FirstPersonExampleMap.FirstPersonExampleMap:PersistentLevel' has LevelScriptBlueprint '/Game/FirstPersonBP/Maps/FirstPersonExampleMap.FirstPersonExampleMap:PersistentLevel.FirstPersonExampleMap' with GeneratedClass '/Game/FirstPersonBP/Maps/FirstPersonExampleMap.FirstPersonExampleMap_C' with ClassGeneratedBy '/Game/FirstPersonBP/Maps/FirstPersonExampleMap.FirstPersonExampleMap:PersistentLevel.FirstPersonExampleMap'
[2019.11.17-21.31.49:011][584]LogBlueprintUserMessages: Late EndPlayMap Detection: Level '/Game/Maps/Door_Breached.Door_Breached:PersistentLevel' has LevelScriptBlueprint '/Game/Maps/Door_Breached.Door_Breached:PersistentLevel.Door_Breached' with GeneratedClass '/Game/Maps/Door_Breached.Door_Breached_C' with ClassGeneratedBy '/Game/Maps/Door_Breached.Door_Breached:PersistentLevel.Door_Breached'
[2019.11.17-21.31.49:013][584]LogBlueprintUserMessages: Late EndPlayMap Detection: Level '/Game/Maps/Door_Kit.Door_Kit:PersistentLevel' has LevelScriptBlueprint '/Game/Maps/Door_Kit.Door_Kit:PersistentLevel.Door_Kit' with GeneratedClass '/Game/Maps/Door_Kit.Door_Kit_C' with ClassGeneratedBy '/Game/Maps/Door_Kit.Door_Kit:PersistentLevel.Door_Kit'
[2019.11.17-21.31.49:014][584]LogBlueprintUserMessages: Late EndPlayMap Detection: Level '/Game/Maps/Turret_Kit.Turret_Kit:PersistentLevel' has LevelScriptBlueprint '/Game/Maps/Turret_Kit.Turret_Kit:PersistentLevel.Turret_Kit' with GeneratedClass '/Game/Maps/Turret_Kit.Turret_Kit_C' with ClassGeneratedBy '/Game/Maps/Turret_Kit.Turret_Kit:PersistentLevel.Turret_Kit'
[2019.11.17-21.31.49:016][584]LogBlueprintUserMessages: Late EndPlayMap Detection: Level '/Game/Maps/Laser_Kit.Laser_Kit:PersistentLevel' has LevelScriptBlueprint '/Game/Maps/Laser_Kit.Laser_Kit:PersistentLevel.Laser_Kit' with GeneratedClass '/Game/Maps/Laser_Kit.Laser_Kit_C' with ClassGeneratedBy '/Game/Maps/Laser_Kit.Laser_Kit:PersistentLevel.Laser_Kit'
[2019.11.17-21.31.49:017][584]LogBlueprintUserMessages: Late EndPlayMap Detection: Level '/Game/Maps/Camera_Kit.Camera_Kit:PersistentLevel' has LevelScriptBlueprint '/Game/Maps/Camera_Kit.Camera_Kit:PersistentLevel.Camera_Kit' with GeneratedClass '/Game/Maps/Camera_Kit.Camera_Kit_C' with ClassGeneratedBy '/Game/Maps/Camera_Kit.Camera_Kit:PersistentLevel.Camera_Kit'
[2019.11.17-21.31.49:018][584]LogBlueprintUserMessages: Late EndPlayMap Detection: Level '/Game/Maps/Explosive_Kit.Explosive_Kit:PersistentLevel' has LevelScriptBlueprint '/Game/Maps/Explosive_Kit.Explosive_Kit:PersistentLevel.Explosive_Kit' with GeneratedClass '/Game/Maps/Explosive_Kit.Explosive_Kit_C' with ClassGeneratedBy '/Game/Maps/Explosive_Kit.Explosive_Kit:PersistentLevel.Explosive_Kit'
[2019.11.17-21.31.49:019][584]LogBlueprintUserMessages: Late EndPlayMap Detection: Level '/Game/Maps/Teleport_Kit.Teleport_Kit:PersistentLevel' has LevelScriptBlueprint '/Game/Maps/Teleport_Kit.Teleport_Kit:PersistentLevel.Teleport_Kit' with GeneratedClass '/Game/Maps/Teleport_Kit.Teleport_Kit_C' with ClassGeneratedBy '/Game/Maps/Teleport_Kit.Teleport_Kit:PersistentLevel.Teleport_Kit'
[2019.11.17-21.31.49:159][584]LogSlate: Updating window title bar state: overlay mode, drag disabled, window buttons hidden, title bar hidden
[2019.11.17-21.31.49:173][584]LogUObjectHash: Compacting FUObjectHashTables data took   6.79ms
[2019.11.17-21.31.49:290][585]LogPlayLevel: Display: Destroying online subsystem :Context_57
[2019.11.17-21.31.50:011][606]LogSlate: FSceneViewport::OnFocusLost() reason 0
[2019.11.17-21.31.55:089][761]LogTemp: Repeating last play command: Selected Viewport
[2019.11.17-21.31.55:261][761]LogBlueprintUserMessages: Early PlayInEditor Detection: Level '/Game/FirstPersonBP/Maps/FirstPersonExampleMap.FirstPersonExampleMap:PersistentLevel' has LevelScriptBlueprint '/Game/FirstPersonBP/Maps/FirstPersonExampleMap.FirstPersonExampleMap:PersistentLevel.FirstPersonExampleMap' with GeneratedClass '/Game/FirstPersonBP/Maps/FirstPersonExampleMap.FirstPersonExampleMap_C' with ClassGeneratedBy '/Game/FirstPersonBP/Maps/FirstPersonExampleMap.FirstPersonExampleMap:PersistentLevel.FirstPersonExampleMap'
[2019.11.17-21.31.55:263][761]LogBlueprintUserMessages: Early PlayInEditor Detection: Level '/Game/Maps/Door_Breached.Door_Breached:PersistentLevel' has LevelScriptBlueprint '/Game/Maps/Door_Breached.Door_Breached:PersistentLevel.Door_Breached' with GeneratedClass '/Game/Maps/Door_Breached.Door_Breached_C' with ClassGeneratedBy '/Game/Maps/Door_Breached.Door_Breached:PersistentLevel.Door_Breached'
[2019.11.17-21.31.55:265][761]LogBlueprintUserMessages: Early PlayInEditor Detection: Level '/Game/Maps/Door_Kit.Door_Kit:PersistentLevel' has LevelScriptBlueprint '/Game/Maps/Door_Kit.Door_Kit:PersistentLevel.Door_Kit' with GeneratedClass '/Game/Maps/Door_Kit.Door_Kit_C' with ClassGeneratedBy '/Game/Maps/Door_Kit.Door_Kit:PersistentLevel.Door_Kit'
[2019.11.17-21.31.55:266][761]LogBlueprintUserMessages: Early PlayInEditor Detection: Level '/Game/Maps/Turret_Kit.Turret_Kit:PersistentLevel' has LevelScriptBlueprint '/Game/Maps/Turret_Kit.Turret_Kit:PersistentLevel.Turret_Kit' with GeneratedClass '/Game/Maps/Turret_Kit.Turret_Kit_C' with ClassGeneratedBy '/Game/Maps/Turret_Kit.Turret_Kit:PersistentLevel.Turret_Kit'
[2019.11.17-21.31.55:267][761]LogBlueprintUserMessages: Early PlayInEditor Detection: Level '/Game/Maps/Laser_Kit.Laser_Kit:PersistentLevel' has LevelScriptBlueprint '/Game/Maps/Laser_Kit.Laser_Kit:PersistentLevel.Laser_Kit' with GeneratedClass '/Game/Maps/Laser_Kit.Laser_Kit_C' with ClassGeneratedBy '/Game/Maps/Laser_Kit.Laser_Kit:PersistentLevel.Laser_Kit'
[2019.11.17-21.31.55:268][761]LogBlueprintUserMessages: Early PlayInEditor Detection: Level '/Game/Maps/Camera_Kit.Camera_Kit:PersistentLevel' has LevelScriptBlueprint '/Game/Maps/Camera_Kit.Camera_Kit:PersistentLevel.Camera_Kit' with GeneratedClass '/Game/Maps/Camera_Kit.Camera_Kit_C' with ClassGeneratedBy '/Game/Maps/Camera_Kit.Camera_Kit:PersistentLevel.Camera_Kit'
[2019.11.17-21.31.55:269][761]LogBlueprintUserMessages: Early PlayInEditor Detection: Level '/Game/Maps/Explosive_Kit.Explosive_Kit:PersistentLevel' has LevelScriptBlueprint '/Game/Maps/Explosive_Kit.Explosive_Kit:PersistentLevel.Explosive_Kit' with GeneratedClass '/Game/Maps/Explosive_Kit.Explosive_Kit_C' with ClassGeneratedBy '/Game/Maps/Explosive_Kit.Explosive_Kit:PersistentLevel.Explosive_Kit'
[2019.11.17-21.31.55:271][761]LogBlueprintUserMessages: Early PlayInEditor Detection: Level '/Game/Maps/Teleport_Kit.Teleport_Kit:PersistentLevel' has LevelScriptBlueprint '/Game/Maps/Teleport_Kit.Teleport_Kit:PersistentLevel.Teleport_Kit' with GeneratedClass '/Game/Maps/Teleport_Kit.Teleport_Kit_C' with ClassGeneratedBy '/Game/Maps/Teleport_Kit.Teleport_Kit:PersistentLevel.Teleport_Kit'
[2019.11.17-21.31.55:272][761]BlueprintLog: New page: Pre-Play auto-recompile
[2019.11.17-21.31.55:282][761]LogPlayLevel: [PlayLevel] Compiling Safe before play...
[2019.11.17-21.31.56:149][761]LogUObjectHash: Compacting FUObjectHashTables data took  10.02ms
[2019.11.17-21.31.56:149][761]LogPlayLevel: PlayLevel: Blueprint regeneration took 876 ms (1 blueprints)
[2019.11.17-21.31.56:150][761]PIE: New page: PIE session: FirstPersonExampleMap (Nov 17, 2019, 5:31:56 AM)
[2019.11.17-21.31.56:150][761]LogPlayLevel: Creating play world package: /Game/FirstPersonBP/Maps/UEDPIE_0_FirstPersonExampleMap
[2019.11.17-21.31.56:185][761]LogPlayLevel: PIE: StaticDuplicateObject took: (0.035138s)
[2019.11.17-21.31.56:187][761]LogAIModule: Creating AISystem for world FirstPersonExampleMap
[2019.11.17-21.31.56:188][761]LogPlayLevel: PIE: World Init took: (0.002933s)
[2019.11.17-21.31.56:189][761]LogPlayLevel: PIE: Created PIE world by copying editor world from /Game/FirstPersonBP/Maps/FirstPersonExampleMap.FirstPersonExampleMap to /Game/FirstPersonBP/Maps/UEDPIE_0_FirstPersonExampleMap.FirstPersonExampleMap (0.039527s)
[2019.11.17-21.31.56:310][761]LogUObjectHash: Compacting FUObjectHashTables data took   5.83ms
[2019.11.17-21.31.56:379][761]LogInit: XAudio2 using 'Headset Earphone (SteelSeries Arctis 5 Chat)' : 2 channels at 48 kHz using 16 bits per sample (channel mask 0x3)
[2019.11.17-21.31.56:420][761]LogInit: FAudioDevice initialized.
[2019.11.17-21.31.56:471][761]LogLoad: Game class is 'FirstPersonGameMode_C'
[2019.11.17-21.31.56:482][761]LogWorld: Bringing World /Game/FirstPersonBP/Maps/UEDPIE_0_FirstPersonExampleMap.FirstPersonExampleMap up for play (max tick rate 60) at 2019.11.17-13.31.56
[2019.11.17-21.31.56:484][761]LogWorld: Bringing up level for play took: 0.010314
[2019.11.17-21.31.56:499][761]PIE: Play in editor start time for /Game/FirstPersonBP/Maps/UEDPIE_0_FirstPersonExampleMap 0.827
[2019.11.17-21.31.56:500][761]LogBlueprintUserMessages: Late PlayInEditor Detection: Level '/Game/FirstPersonBP/Maps/FirstPersonExampleMap.FirstPersonExampleMap:PersistentLevel' has LevelScriptBlueprint '/Game/FirstPersonBP/Maps/FirstPersonExampleMap.FirstPersonExampleMap:PersistentLevel.FirstPersonExampleMap' with GeneratedClass '/Game/FirstPersonBP/Maps/FirstPersonExampleMap.FirstPersonExampleMap_C' with ClassGeneratedBy '/Game/FirstPersonBP/Maps/FirstPersonExampleMap.FirstPersonExampleMap:PersistentLevel.FirstPersonExampleMap'
[2019.11.17-21.31.56:501][761]LogBlueprintUserMessages: Late PlayInEditor Detection: Level '/Game/Maps/Door_Breached.Door_Breached:PersistentLevel' has LevelScriptBlueprint '/Game/Maps/Door_Breached.Door_Breached:PersistentLevel.Door_Breached' with GeneratedClass '/Game/Maps/Door_Breached.Door_Breached_C' with ClassGeneratedBy '/Game/Maps/Door_Breached.Door_Breached:PersistentLevel.Door_Breached'
[2019.11.17-21.31.56:502][761]LogBlueprintUserMessages: Late PlayInEditor Detection: Level '/Game/Maps/Door_Kit.Door_Kit:PersistentLevel' has LevelScriptBlueprint '/Game/Maps/Door_Kit.Door_Kit:PersistentLevel.Door_Kit' with GeneratedClass '/Game/Maps/Door_Kit.Door_Kit_C' with ClassGeneratedBy '/Game/Maps/Door_Kit.Door_Kit:PersistentLevel.Door_Kit'
[2019.11.17-21.31.56:503][761]LogBlueprintUserMessages: Late PlayInEditor Detection: Level '/Game/Maps/Turret_Kit.Turret_Kit:PersistentLevel' has LevelScriptBlueprint '/Game/Maps/Turret_Kit.Turret_Kit:PersistentLevel.Turret_Kit' with GeneratedClass '/Game/Maps/Turret_Kit.Turret_Kit_C' with ClassGeneratedBy '/Game/Maps/Turret_Kit.Turret_Kit:PersistentLevel.Turret_Kit'
[2019.11.17-21.31.56:505][761]LogBlueprintUserMessages: Late PlayInEditor Detection: Level '/Game/Maps/Laser_Kit.Laser_Kit:PersistentLevel' has LevelScriptBlueprint '/Game/Maps/Laser_Kit.Laser_Kit:PersistentLevel.Laser_Kit' with GeneratedClass '/Game/Maps/Laser_Kit.Laser_Kit_C' with ClassGeneratedBy '/Game/Maps/Laser_Kit.Laser_Kit:PersistentLevel.Laser_Kit'
[2019.11.17-21.31.56:506][761]LogBlueprintUserMessages: Late PlayInEditor Detection: Level '/Game/Maps/Camera_Kit.Camera_Kit:PersistentLevel' has LevelScriptBlueprint '/Game/Maps/Camera_Kit.Camera_Kit:PersistentLevel.Camera_Kit' with GeneratedClass '/Game/Maps/Camera_Kit.Camera_Kit_C' with ClassGeneratedBy '/Game/Maps/Camera_Kit.Camera_Kit:PersistentLevel.Camera_Kit'
[2019.11.17-21.31.56:507][761]LogBlueprintUserMessages: Late PlayInEditor Detection: Level '/Game/Maps/Explosive_Kit.Explosive_Kit:PersistentLevel' has LevelScriptBlueprint '/Game/Maps/Explosive_Kit.Explosive_Kit:PersistentLevel.Explosive_Kit' with GeneratedClass '/Game/Maps/Explosive_Kit.Explosive_Kit_C' with ClassGeneratedBy '/Game/Maps/Explosive_Kit.Explosive_Kit:PersistentLevel.Explosive_Kit'
[2019.11.17-21.31.56:509][761]LogBlueprintUserMessages: Late PlayInEditor Detection: Level '/Game/Maps/Teleport_Kit.Teleport_Kit:PersistentLevel' has LevelScriptBlueprint '/Game/Maps/Teleport_Kit.Teleport_Kit:PersistentLevel.Teleport_Kit' with GeneratedClass '/Game/Maps/Teleport_Kit.Teleport_Kit_C' with ClassGeneratedBy '/Game/Maps/Teleport_Kit.Teleport_Kit:PersistentLevel.Teleport_Kit'
[2019.11.17-21.31.58:808][810]LogBlueprintUserMessages: [Safe_2] Safe: Code entered is incorrect
[2019.11.17-21.31.58:808][810]LogBlueprintUserMessages: [Safe_2] Attempt:  1 of 3
[2019.11.17-21.31.59:022][816]LogBlueprintUserMessages: [Safe_2] Safe: Code entered is incorrect
[2019.11.17-21.31.59:022][816]LogBlueprintUserMessages: [Safe_2] Attempt:  2 of 3
[2019.11.17-21.31.59:154][820]LogBlueprintUserMessages: [Safe_2] Safe: Code entered is incorrect
[2019.11.17-21.32.01:116][878]LogBlueprintUserMessages: Early EndPlayMap Detection: Level '/Game/FirstPersonBP/Maps/FirstPersonExampleMap.FirstPersonExampleMap:PersistentLevel' has LevelScriptBlueprint '/Game/FirstPersonBP/Maps/FirstPersonExampleMap.FirstPersonExampleMap:PersistentLevel.FirstPersonExampleMap' with GeneratedClass '/Game/FirstPersonBP/Maps/FirstPersonExampleMap.FirstPersonExampleMap_C' with ClassGeneratedBy '/Game/FirstPersonBP/Maps/FirstPersonExampleMap.FirstPersonExampleMap:PersistentLevel.FirstPersonExampleMap'
[2019.11.17-21.32.01:118][878]LogBlueprintUserMessages: Early EndPlayMap Detection: Level '/Game/Maps/Door_Breached.Door_Breached:PersistentLevel' has LevelScriptBlueprint '/Game/Maps/Door_Breached.Door_Breached:PersistentLevel.Door_Breached' with GeneratedClass '/Game/Maps/Door_Breached.Door_Breached_C' with ClassGeneratedBy '/Game/Maps/Door_Breached.Door_Breached:PersistentLevel.Door_Breached'
[2019.11.17-21.32.01:119][878]LogBlueprintUserMessages: Early EndPlayMap Detection: Level '/Game/Maps/Door_Kit.Door_Kit:PersistentLevel' has LevelScriptBlueprint '/Game/Maps/Door_Kit.Door_Kit:PersistentLevel.Door_Kit' with GeneratedClass '/Game/Maps/Door_Kit.Door_Kit_C' with ClassGeneratedBy '/Game/Maps/Door_Kit.Door_Kit:PersistentLevel.Door_Kit'
[2019.11.17-21.32.01:120][878]LogBlueprintUserMessages: Early EndPlayMap Detection: Level '/Game/Maps/Turret_Kit.Turret_Kit:PersistentLevel' has LevelScriptBlueprint '/Game/Maps/Turret_Kit.Turret_Kit:PersistentLevel.Turret_Kit' with GeneratedClass '/Game/Maps/Turret_Kit.Turret_Kit_C' with ClassGeneratedBy '/Game/Maps/Turret_Kit.Turret_Kit:PersistentLevel.Turret_Kit'
[2019.11.17-21.32.01:122][878]LogBlueprintUserMessages: Early EndPlayMap Detection: Level '/Game/Maps/Laser_Kit.Laser_Kit:PersistentLevel' has LevelScriptBlueprint '/Game/Maps/Laser_Kit.Laser_Kit:PersistentLevel.Laser_Kit' with GeneratedClass '/Game/Maps/Laser_Kit.Laser_Kit_C' with ClassGeneratedBy '/Game/Maps/Laser_Kit.Laser_Kit:PersistentLevel.Laser_Kit'
[2019.11.17-21.32.01:124][878]LogBlueprintUserMessages: Early EndPlayMap Detection: Level '/Game/Maps/Camera_Kit.Camera_Kit:PersistentLevel' has LevelScriptBlueprint '/Game/Maps/Camera_Kit.Camera_Kit:PersistentLevel.Camera_Kit' with GeneratedClass '/Game/Maps/Camera_Kit.Camera_Kit_C' with ClassGeneratedBy '/Game/Maps/Camera_Kit.Camera_Kit:PersistentLevel.Camera_Kit'
[2019.11.17-21.32.01:125][878]LogBlueprintUserMessages: Early EndPlayMap Detection: Level '/Game/Maps/Explosive_Kit.Explosive_Kit:PersistentLevel' has LevelScriptBlueprint '/Game/Maps/Explosive_Kit.Explosive_Kit:PersistentLevel.Explosive_Kit' with GeneratedClass '/Game/Maps/Explosive_Kit.Explosive_Kit_C' with ClassGeneratedBy '/Game/Maps/Explosive_Kit.Explosive_Kit:PersistentLevel.Explosive_Kit'
[2019.11.17-21.32.01:127][878]LogBlueprintUserMessages: Early EndPlayMap Detection: Level '/Game/Maps/Teleport_Kit.Teleport_Kit:PersistentLevel' has LevelScriptBlueprint '/Game/Maps/Teleport_Kit.Teleport_Kit:PersistentLevel.Teleport_Kit' with GeneratedClass '/Game/Maps/Teleport_Kit.Teleport_Kit_C' with ClassGeneratedBy '/Game/Maps/Teleport_Kit.Teleport_Kit:PersistentLevel.Teleport_Kit'
[2019.11.17-21.32.01:129][878]LogSlate: Updating window title bar state: overlay mode, drag disabled, window buttons hidden, title bar hidden
[2019.11.17-21.32.01:189][878]LogPlayLevel: Display: Shutting down PIE online subsystems
[2019.11.17-21.32.01:190][878]LogBlueprintUserMessages: Late EndPlayMap Detection: Level '/Game/FirstPersonBP/Maps/FirstPersonExampleMap.FirstPersonExampleMap:PersistentLevel' has LevelScriptBlueprint '/Game/FirstPersonBP/Maps/FirstPersonExampleMap.FirstPersonExampleMap:PersistentLevel.FirstPersonExampleMap' with GeneratedClass '/Game/FirstPersonBP/Maps/FirstPersonExampleMap.FirstPersonExampleMap_C' with ClassGeneratedBy '/Game/FirstPersonBP/Maps/FirstPersonExampleMap.FirstPersonExampleMap:PersistentLevel.FirstPersonExampleMap'
[2019.11.17-21.32.01:191][878]LogBlueprintUserMessages: Late EndPlayMap Detection: Level '/Game/Maps/Door_Breached.Door_Breached:PersistentLevel' has LevelScriptBlueprint '/Game/Maps/Door_Breached.Door_Breached:PersistentLevel.Door_Breached' with GeneratedClass '/Game/Maps/Door_Breached.Door_Breached_C' with ClassGeneratedBy '/Game/Maps/Door_Breached.Door_Breached:PersistentLevel.Door_Breached'
[2019.11.17-21.32.01:192][878]LogBlueprintUserMessages: Late EndPlayMap Detection: Level '/Game/Maps/Door_Kit.Door_Kit:PersistentLevel' has LevelScriptBlueprint '/Game/Maps/Door_Kit.Door_Kit:PersistentLevel.Door_Kit' with GeneratedClass '/Game/Maps/Door_Kit.Door_Kit_C' with ClassGeneratedBy '/Game/Maps/Door_Kit.Door_Kit:PersistentLevel.Door_Kit'
[2019.11.17-21.32.01:194][878]LogBlueprintUserMessages: Late EndPlayMap Detection: Level '/Game/Maps/Turret_Kit.Turret_Kit:PersistentLevel' has LevelScriptBlueprint '/Game/Maps/Turret_Kit.Turret_Kit:PersistentLevel.Turret_Kit' with GeneratedClass '/Game/Maps/Turret_Kit.Turret_Kit_C' with ClassGeneratedBy '/Game/Maps/Turret_Kit.Turret_Kit:PersistentLevel.Turret_Kit'
[2019.11.17-21.32.01:195][878]LogBlueprintUserMessages: Late EndPlayMap Detection: Level '/Game/Maps/Laser_Kit.Laser_Kit:PersistentLevel' has LevelScriptBlueprint '/Game/Maps/Laser_Kit.Laser_Kit:PersistentLevel.Laser_Kit' with GeneratedClass '/Game/Maps/Laser_Kit.Laser_Kit_C' with ClassGeneratedBy '/Game/Maps/Laser_Kit.Laser_Kit:PersistentLevel.Laser_Kit'
[2019.11.17-21.32.01:196][878]LogBlueprintUserMessages: Late EndPlayMap Detection: Level '/Game/Maps/Camera_Kit.Camera_Kit:PersistentLevel' has LevelScriptBlueprint '/Game/Maps/Camera_Kit.Camera_Kit:PersistentLevel.Camera_Kit' with GeneratedClass '/Game/Maps/Camera_Kit.Camera_Kit_C' with ClassGeneratedBy '/Game/Maps/Camera_Kit.Camera_Kit:PersistentLevel.Camera_Kit'
[2019.11.17-21.32.01:197][878]LogBlueprintUserMessages: Late EndPlayMap Detection: Level '/Game/Maps/Explosive_Kit.Explosive_Kit:PersistentLevel' has LevelScriptBlueprint '/Game/Maps/Explosive_Kit.Explosive_Kit:PersistentLevel.Explosive_Kit' with GeneratedClass '/Game/Maps/Explosive_Kit.Explosive_Kit_C' with ClassGeneratedBy '/Game/Maps/Explosive_Kit.Explosive_Kit:PersistentLevel.Explosive_Kit'
[2019.11.17-21.32.01:198][878]LogBlueprintUserMessages: Late EndPlayMap Detection: Level '/Game/Maps/Teleport_Kit.Teleport_Kit:PersistentLevel' has LevelScriptBlueprint '/Game/Maps/Teleport_Kit.Teleport_Kit:PersistentLevel.Teleport_Kit' with GeneratedClass '/Game/Maps/Teleport_Kit.Teleport_Kit_C' with ClassGeneratedBy '/Game/Maps/Teleport_Kit.Teleport_Kit:PersistentLevel.Teleport_Kit'
[2019.11.17-21.32.01:324][878]LogSlate: Updating window title bar state: overlay mode, drag disabled, window buttons hidden, title bar hidden
[2019.11.17-21.32.01:338][878]LogUObjectHash: Compacting FUObjectHashTables data took   6.09ms
[2019.11.17-21.32.01:450][879]LogPlayLevel: Display: Destroying online subsystem :Context_58
[2019.11.17-21.32.02:951][920]LogSlate: FSceneViewport::OnFocusLost() reason 0
[2019.11.17-21.32.09:221][ 85]LogTemp: Repeating last play command: Selected Viewport
[2019.11.17-21.32.09:385][ 85]LogBlueprintUserMessages: Early PlayInEditor Detection: Level '/Game/FirstPersonBP/Maps/FirstPersonExampleMap.FirstPersonExampleMap:PersistentLevel' has LevelScriptBlueprint '/Game/FirstPersonBP/Maps/FirstPersonExampleMap.FirstPersonExampleMap:PersistentLevel.FirstPersonExampleMap' with GeneratedClass '/Game/FirstPersonBP/Maps/FirstPersonExampleMap.FirstPersonExampleMap_C' with ClassGeneratedBy '/Game/FirstPersonBP/Maps/FirstPersonExampleMap.FirstPersonExampleMap:PersistentLevel.FirstPersonExampleMap'
[2019.11.17-21.32.09:387][ 85]LogBlueprintUserMessages: Early PlayInEditor Detection: Level '/Game/Maps/Door_Breached.Door_Breached:PersistentLevel' has LevelScriptBlueprint '/Game/Maps/Door_Breached.Door_Breached:PersistentLevel.Door_Breached' with GeneratedClass '/Game/Maps/Door_Breached.Door_Breached_C' with ClassGeneratedBy '/Game/Maps/Door_Breached.Door_Breached:PersistentLevel.Door_Breached'
[2019.11.17-21.32.09:388][ 85]LogBlueprintUserMessages: Early PlayInEditor Detection: Level '/Game/Maps/Door_Kit.Door_Kit:PersistentLevel' has LevelScriptBlueprint '/Game/Maps/Door_Kit.Door_Kit:PersistentLevel.Door_Kit' with GeneratedClass '/Game/Maps/Door_Kit.Door_Kit_C' with ClassGeneratedBy '/Game/Maps/Door_Kit.Door_Kit:PersistentLevel.Door_Kit'
[2019.11.17-21.32.09:389][ 85]LogBlueprintUserMessages: Early PlayInEditor Detection: Level '/Game/Maps/Turret_Kit.Turret_Kit:PersistentLevel' has LevelScriptBlueprint '/Game/Maps/Turret_Kit.Turret_Kit:PersistentLevel.Turret_Kit' with GeneratedClass '/Game/Maps/Turret_Kit.Turret_Kit_C' with ClassGeneratedBy '/Game/Maps/Turret_Kit.Turret_Kit:PersistentLevel.Turret_Kit'
[2019.11.17-21.32.09:391][ 85]LogBlueprintUserMessages: Early PlayInEditor Detection: Level '/Game/Maps/Laser_Kit.Laser_Kit:PersistentLevel' has LevelScriptBlueprint '/Game/Maps/Laser_Kit.Laser_Kit:PersistentLevel.Laser_Kit' with GeneratedClass '/Game/Maps/Laser_Kit.Laser_Kit_C' with ClassGeneratedBy '/Game/Maps/Laser_Kit.Laser_Kit:PersistentLevel.Laser_Kit'
[2019.11.17-21.32.09:392][ 85]LogBlueprintUserMessages: Early PlayInEditor Detection: Level '/Game/Maps/Camera_Kit.Camera_Kit:PersistentLevel' has LevelScriptBlueprint '/Game/Maps/Camera_Kit.Camera_Kit:PersistentLevel.Camera_Kit' with GeneratedClass '/Game/Maps/Camera_Kit.Camera_Kit_C' with ClassGeneratedBy '/Game/Maps/Camera_Kit.Camera_Kit:PersistentLevel.Camera_Kit'
[2019.11.17-21.32.09:393][ 85]LogBlueprintUserMessages: Early PlayInEditor Detection: Level '/Game/Maps/Explosive_Kit.Explosive_Kit:PersistentLevel' has LevelScriptBlueprint '/Game/Maps/Explosive_Kit.Explosive_Kit:PersistentLevel.Explosive_Kit' with GeneratedClass '/Game/Maps/Explosive_Kit.Explosive_Kit_C' with ClassGeneratedBy '/Game/Maps/Explosive_Kit.Explosive_Kit:PersistentLevel.Explosive_Kit'
[2019.11.17-21.32.09:395][ 85]LogBlueprintUserMessages: Early PlayInEditor Detection: Level '/Game/Maps/Teleport_Kit.Teleport_Kit:PersistentLevel' has LevelScriptBlueprint '/Game/Maps/Teleport_Kit.Teleport_Kit:PersistentLevel.Teleport_Kit' with GeneratedClass '/Game/Maps/Teleport_Kit.Teleport_Kit_C' with ClassGeneratedBy '/Game/Maps/Teleport_Kit.Teleport_Kit:PersistentLevel.Teleport_Kit'
[2019.11.17-21.32.09:396][ 85]BlueprintLog: New page: Pre-Play auto-recompile
[2019.11.17-21.32.09:405][ 85]LogPlayLevel: [PlayLevel] Compiling Safe before play...
[2019.11.17-21.32.10:296][ 85]LogUObjectHash: Compacting FUObjectHashTables data took  12.75ms
[2019.11.17-21.32.10:296][ 85]LogPlayLevel: PlayLevel: Blueprint regeneration took 899 ms (1 blueprints)
[2019.11.17-21.32.10:297][ 85]PIE: New page: PIE session: FirstPersonExampleMap (Nov 17, 2019, 5:32:10 AM)
[2019.11.17-21.32.10:297][ 85]LogPlayLevel: Creating play world package: /Game/FirstPersonBP/Maps/UEDPIE_0_FirstPersonExampleMap
[2019.11.17-21.32.10:345][ 85]LogPlayLevel: PIE: StaticDuplicateObject took: (0.047741s)
[2019.11.17-21.32.10:347][ 85]LogAIModule: Creating AISystem for world FirstPersonExampleMap
[2019.11.17-21.32.10:348][ 85]LogPlayLevel: PIE: World Init took: (0.003107s)
[2019.11.17-21.32.10:349][ 85]LogPlayLevel: PIE: Created PIE world by copying editor world from /Game/FirstPersonBP/Maps/FirstPersonExampleMap.FirstPersonExampleMap to /Game/FirstPersonBP/Maps/UEDPIE_0_FirstPersonExampleMap.FirstPersonExampleMap (0.052312s)
[2019.11.17-21.32.10:483][ 85]LogUObjectHash: Compacting FUObjectHashTables data took   6.25ms
[2019.11.17-21.32.10:557][ 85]LogInit: XAudio2 using 'Headset Earphone (SteelSeries Arctis 5 Chat)' : 2 channels at 48 kHz using 16 bits per sample (channel mask 0x3)
[2019.11.17-21.32.10:598][ 85]LogInit: FAudioDevice initialized.
[2019.11.17-21.32.10:646][ 85]LogLoad: Game class is 'FirstPersonGameMode_C'
[2019.11.17-21.32.10:661][ 85]LogWorld: Bringing World /Game/FirstPersonBP/Maps/UEDPIE_0_FirstPersonExampleMap.FirstPersonExampleMap up for play (max tick rate 60) at 2019.11.17-13.32.10
[2019.11.17-21.32.10:664][ 85]LogWorld: Bringing up level for play took: 0.014211
[2019.11.17-21.32.10:682][ 85]PIE: Play in editor start time for /Game/FirstPersonBP/Maps/UEDPIE_0_FirstPersonExampleMap 1.01
[2019.11.17-21.32.10:683][ 85]LogBlueprintUserMessages: Late PlayInEditor Detection: Level '/Game/FirstPersonBP/Maps/FirstPersonExampleMap.FirstPersonExampleMap:PersistentLevel' has LevelScriptBlueprint '/Game/FirstPersonBP/Maps/FirstPersonExampleMap.FirstPersonExampleMap:PersistentLevel.FirstPersonExampleMap' with GeneratedClass '/Game/FirstPersonBP/Maps/FirstPersonExampleMap.FirstPersonExampleMap_C' with ClassGeneratedBy '/Game/FirstPersonBP/Maps/FirstPersonExampleMap.FirstPersonExampleMap:PersistentLevel.FirstPersonExampleMap'
[2019.11.17-21.32.10:685][ 85]LogBlueprintUserMessages: Late PlayInEditor Detection: Level '/Game/Maps/Door_Breached.Door_Breached:PersistentLevel' has LevelScriptBlueprint '/Game/Maps/Door_Breached.Door_Breached:PersistentLevel.Door_Breached' with GeneratedClass '/Game/Maps/Door_Breached.Door_Breached_C' with ClassGeneratedBy '/Game/Maps/Door_Breached.Door_Breached:PersistentLevel.Door_Breached'
[2019.11.17-21.32.10:687][ 85]LogBlueprintUserMessages: Late PlayInEditor Detection: Level '/Game/Maps/Door_Kit.Door_Kit:PersistentLevel' has LevelScriptBlueprint '/Game/Maps/Door_Kit.Door_Kit:PersistentLevel.Door_Kit' with GeneratedClass '/Game/Maps/Door_Kit.Door_Kit_C' with ClassGeneratedBy '/Game/Maps/Door_Kit.Door_Kit:PersistentLevel.Door_Kit'
[2019.11.17-21.32.10:688][ 85]LogBlueprintUserMessages: Late PlayInEditor Detection: Level '/Game/Maps/Turret_Kit.Turret_Kit:PersistentLevel' has LevelScriptBlueprint '/Game/Maps/Turret_Kit.Turret_Kit:PersistentLevel.Turret_Kit' with GeneratedClass '/Game/Maps/Turret_Kit.Turret_Kit_C' with ClassGeneratedBy '/Game/Maps/Turret_Kit.Turret_Kit:PersistentLevel.Turret_Kit'
[2019.11.17-21.32.10:690][ 85]LogBlueprintUserMessages: Late PlayInEditor Detection: Level '/Game/Maps/Laser_Kit.Laser_Kit:PersistentLevel' has LevelScriptBlueprint '/Game/Maps/Laser_Kit.Laser_Kit:PersistentLevel.Laser_Kit' with GeneratedClass '/Game/Maps/Laser_Kit.Laser_Kit_C' with ClassGeneratedBy '/Game/Maps/Laser_Kit.Laser_Kit:PersistentLevel.Laser_Kit'
[2019.11.17-21.32.10:692][ 85]LogBlueprintUserMessages: Late PlayInEditor Detection: Level '/Game/Maps/Camera_Kit.Camera_Kit:PersistentLevel' has LevelScriptBlueprint '/Game/Maps/Camera_Kit.Camera_Kit:PersistentLevel.Camera_Kit' with GeneratedClass '/Game/Maps/Camera_Kit.Camera_Kit_C' with ClassGeneratedBy '/Game/Maps/Camera_Kit.Camera_Kit:PersistentLevel.Camera_Kit'
[2019.11.17-21.32.10:694][ 85]LogBlueprintUserMessages: Late PlayInEditor Detection: Level '/Game/Maps/Explosive_Kit.Explosive_Kit:PersistentLevel' has LevelScriptBlueprint '/Game/Maps/Explosive_Kit.Explosive_Kit:PersistentLevel.Explosive_Kit' with GeneratedClass '/Game/Maps/Explosive_Kit.Explosive_Kit_C' with ClassGeneratedBy '/Game/Maps/Explosive_Kit.Explosive_Kit:PersistentLevel.Explosive_Kit'
[2019.11.17-21.32.10:696][ 85]LogBlueprintUserMessages: Late PlayInEditor Detection: Level '/Game/Maps/Teleport_Kit.Teleport_Kit:PersistentLevel' has LevelScriptBlueprint '/Game/Maps/Teleport_Kit.Teleport_Kit:PersistentLevel.Teleport_Kit' with GeneratedClass '/Game/Maps/Teleport_Kit.Teleport_Kit_C' with ClassGeneratedBy '/Game/Maps/Teleport_Kit.Teleport_Kit:PersistentLevel.Teleport_Kit'
[2019.11.17-21.32.18:294][292]LogBlueprintUserMessages: [Safe_2] Safe: Code entered is incorrect
[2019.11.17-21.32.18:294][292]LogBlueprintUserMessages: [Safe_2] Attempt:  1 of 3
[2019.11.17-21.32.18:563][300]LogBlueprintUserMessages: [Safe_2] Safe: Code entered is incorrect
[2019.11.17-21.32.18:564][300]LogBlueprintUserMessages: [Safe_2] Attempt:  2 of 3
[2019.11.17-21.32.18:797][307]LogBlueprintUserMessages: [Safe_2] Safe: Code entered is incorrect
[2019.11.17-21.32.19:535][329]LogBlueprintUserMessages: Early EndPlayMap Detection: Level '/Game/FirstPersonBP/Maps/FirstPersonExampleMap.FirstPersonExampleMap:PersistentLevel' has LevelScriptBlueprint '/Game/FirstPersonBP/Maps/FirstPersonExampleMap.FirstPersonExampleMap:PersistentLevel.FirstPersonExampleMap' with GeneratedClass '/Game/FirstPersonBP/Maps/FirstPersonExampleMap.FirstPersonExampleMap_C' with ClassGeneratedBy '/Game/FirstPersonBP/Maps/FirstPersonExampleMap.FirstPersonExampleMap:PersistentLevel.FirstPersonExampleMap'
[2019.11.17-21.32.19:537][329]LogBlueprintUserMessages: Early EndPlayMap Detection: Level '/Game/Maps/Door_Breached.Door_Breached:PersistentLevel' has LevelScriptBlueprint '/Game/Maps/Door_Breached.Door_Breached:PersistentLevel.Door_Breached' with GeneratedClass '/Game/Maps/Door_Breached.Door_Breached_C' with ClassGeneratedBy '/Game/Maps/Door_Breached.Door_Breached:PersistentLevel.Door_Breached'
[2019.11.17-21.32.19:539][329]LogBlueprintUserMessages: Early EndPlayMap Detection: Level '/Game/Maps/Door_Kit.Door_Kit:PersistentLevel' has LevelScriptBlueprint '/Game/Maps/Door_Kit.Door_Kit:PersistentLevel.Door_Kit' with GeneratedClass '/Game/Maps/Door_Kit.Door_Kit_C' with ClassGeneratedBy '/Game/Maps/Door_Kit.Door_Kit:PersistentLevel.Door_Kit'
[2019.11.17-21.32.19:540][329]LogBlueprintUserMessages: Early EndPlayMap Detection: Level '/Game/Maps/Turret_Kit.Turret_Kit:PersistentLevel' has LevelScriptBlueprint '/Game/Maps/Turret_Kit.Turret_Kit:PersistentLevel.Turret_Kit' with GeneratedClass '/Game/Maps/Turret_Kit.Turret_Kit_C' with ClassGeneratedBy '/Game/Maps/Turret_Kit.Turret_Kit:PersistentLevel.Turret_Kit'
[2019.11.17-21.32.19:541][329]LogBlueprintUserMessages: Early EndPlayMap Detection: Level '/Game/Maps/Laser_Kit.Laser_Kit:PersistentLevel' has LevelScriptBlueprint '/Game/Maps/Laser_Kit.Laser_Kit:PersistentLevel.Laser_Kit' with GeneratedClass '/Game/Maps/Laser_Kit.Laser_Kit_C' with ClassGeneratedBy '/Game/Maps/Laser_Kit.Laser_Kit:PersistentLevel.Laser_Kit'
[2019.11.17-21.32.19:542][329]LogBlueprintUserMessages: Early EndPlayMap Detection: Level '/Game/Maps/Camera_Kit.Camera_Kit:PersistentLevel' has LevelScriptBlueprint '/Game/Maps/Camera_Kit.Camera_Kit:PersistentLevel.Camera_Kit' with GeneratedClass '/Game/Maps/Camera_Kit.Camera_Kit_C' with ClassGeneratedBy '/Game/Maps/Camera_Kit.Camera_Kit:PersistentLevel.Camera_Kit'
[2019.11.17-21.32.19:543][329]LogBlueprintUserMessages: Early EndPlayMap Detection: Level '/Game/Maps/Explosive_Kit.Explosive_Kit:PersistentLevel' has LevelScriptBlueprint '/Game/Maps/Explosive_Kit.Explosive_Kit:PersistentLevel.Explosive_Kit' with GeneratedClass '/Game/Maps/Explosive_Kit.Explosive_Kit_C' with ClassGeneratedBy '/Game/Maps/Explosive_Kit.Explosive_Kit:PersistentLevel.Explosive_Kit'
[2019.11.17-21.32.19:544][329]LogBlueprintUserMessages: Early EndPlayMap Detection: Level '/Game/Maps/Teleport_Kit.Teleport_Kit:PersistentLevel' has LevelScriptBlueprint '/Game/Maps/Teleport_Kit.Teleport_Kit:PersistentLevel.Teleport_Kit' with GeneratedClass '/Game/Maps/Teleport_Kit.Teleport_Kit_C' with ClassGeneratedBy '/Game/Maps/Teleport_Kit.Teleport_Kit:PersistentLevel.Teleport_Kit'
[2019.11.17-21.32.19:546][329]LogSlate: Updating window title bar state: overlay mode, drag disabled, window buttons hidden, title bar hidden
[2019.11.17-21.32.19:605][329]LogPlayLevel: Display: Shutting down PIE online subsystems
[2019.11.17-21.32.19:606][329]LogBlueprintUserMessages: Late EndPlayMap Detection: Level '/Game/FirstPersonBP/Maps/FirstPersonExampleMap.FirstPersonExampleMap:PersistentLevel' has LevelScriptBlueprint '/Game/FirstPersonBP/Maps/FirstPersonExampleMap.FirstPersonExampleMap:PersistentLevel.FirstPersonExampleMap' with GeneratedClass '/Game/FirstPersonBP/Maps/FirstPersonExampleMap.FirstPersonExampleMap_C' with ClassGeneratedBy '/Game/FirstPersonBP/Maps/FirstPersonExampleMap.FirstPersonExampleMap:PersistentLevel.FirstPersonExampleMap'
[2019.11.17-21.32.19:608][329]LogBlueprintUserMessages: Late EndPlayMap Detection: Level '/Game/Maps/Door_Breached.Door_Breached:PersistentLevel' has LevelScriptBlueprint '/Game/Maps/Door_Breached.Door_Breached:PersistentLevel.Door_Breached' with GeneratedClass '/Game/Maps/Door_Breached.Door_Breached_C' with ClassGeneratedBy '/Game/Maps/Door_Breached.Door_Breached:PersistentLevel.Door_Breached'
[2019.11.17-21.32.19:609][329]LogBlueprintUserMessages: Late EndPlayMap Detection: Level '/Game/Maps/Door_Kit.Door_Kit:PersistentLevel' has LevelScriptBlueprint '/Game/Maps/Door_Kit.Door_Kit:PersistentLevel.Door_Kit' with GeneratedClass '/Game/Maps/Door_Kit.Door_Kit_C' with ClassGeneratedBy '/Game/Maps/Door_Kit.Door_Kit:PersistentLevel.Door_Kit'
[2019.11.17-21.32.19:610][329]LogBlueprintUserMessages: Late EndPlayMap Detection: Level '/Game/Maps/Turret_Kit.Turret_Kit:PersistentLevel' has LevelScriptBlueprint '/Game/Maps/Turret_Kit.Turret_Kit:PersistentLevel.Turret_Kit' with GeneratedClass '/Game/Maps/Turret_Kit.Turret_Kit_C' with ClassGeneratedBy '/Game/Maps/Turret_Kit.Turret_Kit:PersistentLevel.Turret_Kit'
[2019.11.17-21.32.19:611][329]LogBlueprintUserMessages: Late EndPlayMap Detection: Level '/Game/Maps/Laser_Kit.Laser_Kit:PersistentLevel' has LevelScriptBlueprint '/Game/Maps/Laser_Kit.Laser_Kit:PersistentLevel.Laser_Kit' with GeneratedClass '/Game/Maps/Laser_Kit.Laser_Kit_C' with ClassGeneratedBy '/Game/Maps/Laser_Kit.Laser_Kit:PersistentLevel.Laser_Kit'
[2019.11.17-21.32.19:612][329]LogBlueprintUserMessages: Late EndPlayMap Detection: Level '/Game/Maps/Camera_Kit.Camera_Kit:PersistentLevel' has LevelScriptBlueprint '/Game/Maps/Camera_Kit.Camera_Kit:PersistentLevel.Camera_Kit' with GeneratedClass '/Game/Maps/Camera_Kit.Camera_Kit_C' with ClassGeneratedBy '/Game/Maps/Camera_Kit.Camera_Kit:PersistentLevel.Camera_Kit'
[2019.11.17-21.32.19:613][329]LogBlueprintUserMessages: Late EndPlayMap Detection: Level '/Game/Maps/Explosive_Kit.Explosive_Kit:PersistentLevel' has LevelScriptBlueprint '/Game/Maps/Explosive_Kit.Explosive_Kit:PersistentLevel.Explosive_Kit' with GeneratedClass '/Game/Maps/Explosive_Kit.Explosive_Kit_C' with ClassGeneratedBy '/Game/Maps/Explosive_Kit.Explosive_Kit:PersistentLevel.Explosive_Kit'
[2019.11.17-21.32.19:615][329]LogBlueprintUserMessages: Late EndPlayMap Detection: Level '/Game/Maps/Teleport_Kit.Teleport_Kit:PersistentLevel' has LevelScriptBlueprint '/Game/Maps/Teleport_Kit.Teleport_Kit:PersistentLevel.Teleport_Kit' with GeneratedClass '/Game/Maps/Teleport_Kit.Teleport_Kit_C' with ClassGeneratedBy '/Game/Maps/Teleport_Kit.Teleport_Kit:PersistentLevel.Teleport_Kit'
[2019.11.17-21.32.19:754][329]LogSlate: Updating window title bar state: overlay mode, drag disabled, window buttons hidden, title bar hidden
[2019.11.17-21.32.19:767][329]LogUObjectHash: Compacting FUObjectHashTables data took   7.03ms
[2019.11.17-21.32.19:869][330]LogPlayLevel: Display: Destroying online subsystem :Context_59
[2019.11.17-21.32.20:467][344]LogSlate: FSceneViewport::OnFocusLost() reason 0
[2019.11.17-21.32.20:720][351]LogEditorTransaction: Undo Move Nodes
[2019.11.17-21.32.21:482][360]LogEditorTransaction: Undo Delete current selection
[2019.11.17-21.32.23:219][396]LogEditorTransaction: Undo Create Pin Link
[2019.11.17-21.32.24:689][425]LogTemp: Repeating last play command: Selected Viewport
[2019.11.17-21.32.24:872][425]LogBlueprintUserMessages: Early PlayInEditor Detection: Level '/Game/FirstPersonBP/Maps/FirstPersonExampleMap.FirstPersonExampleMap:PersistentLevel' has LevelScriptBlueprint '/Game/FirstPersonBP/Maps/FirstPersonExampleMap.FirstPersonExampleMap:PersistentLevel.FirstPersonExampleMap' with GeneratedClass '/Game/FirstPersonBP/Maps/FirstPersonExampleMap.FirstPersonExampleMap_C' with ClassGeneratedBy '/Game/FirstPersonBP/Maps/FirstPersonExampleMap.FirstPersonExampleMap:PersistentLevel.FirstPersonExampleMap'
[2019.11.17-21.32.24:874][425]LogBlueprintUserMessages: Early PlayInEditor Detection: Level '/Game/Maps/Door_Breached.Door_Breached:PersistentLevel' has LevelScriptBlueprint '/Game/Maps/Door_Breached.Door_Breached:PersistentLevel.Door_Breached' with GeneratedClass '/Game/Maps/Door_Breached.Door_Breached_C' with ClassGeneratedBy '/Game/Maps/Door_Breached.Door_Breached:PersistentLevel.Door_Breached'
[2019.11.17-21.32.24:877][425]LogBlueprintUserMessages: Early PlayInEditor Detection: Level '/Game/Maps/Door_Kit.Door_Kit:PersistentLevel' has LevelScriptBlueprint '/Game/Maps/Door_Kit.Door_Kit:PersistentLevel.Door_Kit' with GeneratedClass '/Game/Maps/Door_Kit.Door_Kit_C' with ClassGeneratedBy '/Game/Maps/Door_Kit.Door_Kit:PersistentLevel.Door_Kit'
[2019.11.17-21.32.24:878][425]LogBlueprintUserMessages: Early PlayInEditor Detection: Level '/Game/Maps/Turret_Kit.Turret_Kit:PersistentLevel' has LevelScriptBlueprint '/Game/Maps/Turret_Kit.Turret_Kit:PersistentLevel.Turret_Kit' with GeneratedClass '/Game/Maps/Turret_Kit.Turret_Kit_C' with ClassGeneratedBy '/Game/Maps/Turret_Kit.Turret_Kit:PersistentLevel.Turret_Kit'
[2019.11.17-21.32.24:879][425]LogBlueprintUserMessages: Early PlayInEditor Detection: Level '/Game/Maps/Laser_Kit.Laser_Kit:PersistentLevel' has LevelScriptBlueprint '/Game/Maps/Laser_Kit.Laser_Kit:PersistentLevel.Laser_Kit' with GeneratedClass '/Game/Maps/Laser_Kit.Laser_Kit_C' with ClassGeneratedBy '/Game/Maps/Laser_Kit.Laser_Kit:PersistentLevel.Laser_Kit'
[2019.11.17-21.32.24:881][425]LogBlueprintUserMessages: Early PlayInEditor Detection: Level '/Game/Maps/Camera_Kit.Camera_Kit:PersistentLevel' has LevelScriptBlueprint '/Game/Maps/Camera_Kit.Camera_Kit:PersistentLevel.Camera_Kit' with GeneratedClass '/Game/Maps/Camera_Kit.Camera_Kit_C' with ClassGeneratedBy '/Game/Maps/Camera_Kit.Camera_Kit:PersistentLevel.Camera_Kit'
[2019.11.17-21.32.24:882][425]LogBlueprintUserMessages: Early PlayInEditor Detection: Level '/Game/Maps/Explosive_Kit.Explosive_Kit:PersistentLevel' has LevelScriptBlueprint '/Game/Maps/Explosive_Kit.Explosive_Kit:PersistentLevel.Explosive_Kit' with GeneratedClass '/Game/Maps/Explosive_Kit.Explosive_Kit_C' with ClassGeneratedBy '/Game/Maps/Explosive_Kit.Explosive_Kit:PersistentLevel.Explosive_Kit'
[2019.11.17-21.32.24:884][425]LogBlueprintUserMessages: Early PlayInEditor Detection: Level '/Game/Maps/Teleport_Kit.Teleport_Kit:PersistentLevel' has LevelScriptBlueprint '/Game/Maps/Teleport_Kit.Teleport_Kit:PersistentLevel.Teleport_Kit' with GeneratedClass '/Game/Maps/Teleport_Kit.Teleport_Kit_C' with ClassGeneratedBy '/Game/Maps/Teleport_Kit.Teleport_Kit:PersistentLevel.Teleport_Kit'
[2019.11.17-21.32.24:886][425]BlueprintLog: New page: Pre-Play auto-recompile
[2019.11.17-21.32.24:897][425]LogPlayLevel: [PlayLevel] Compiling Safe before play...
[2019.11.17-21.32.25:796][425]LogUObjectHash: Compacting FUObjectHashTables data took  13.71ms
[2019.11.17-21.32.25:797][425]LogPlayLevel: PlayLevel: Blueprint regeneration took 910 ms (1 blueprints)
[2019.11.17-21.32.25:797][425]PIE: New page: PIE session: FirstPersonExampleMap (Nov 17, 2019, 5:32:25 AM)
[2019.11.17-21.32.25:798][425]LogPlayLevel: Creating play world package: /Game/FirstPersonBP/Maps/UEDPIE_0_FirstPersonExampleMap
[2019.11.17-21.32.25:838][425]LogPlayLevel: PIE: StaticDuplicateObject took: (0.039869s)
[2019.11.17-21.32.25:841][425]LogAIModule: Creating AISystem for world FirstPersonExampleMap
[2019.11.17-21.32.25:842][425]LogPlayLevel: PIE: World Init took: (0.002767s)
[2019.11.17-21.32.25:843][425]LogPlayLevel: PIE: Created PIE world by copying editor world from /Game/FirstPersonBP/Maps/FirstPersonExampleMap.FirstPersonExampleMap to /Game/FirstPersonBP/Maps/UEDPIE_0_FirstPersonExampleMap.FirstPersonExampleMap (0.044645s)
[2019.11.17-21.32.25:982][425]LogUObjectHash: Compacting FUObjectHashTables data took   5.51ms
[2019.11.17-21.32.26:055][425]LogInit: XAudio2 using 'Headset Earphone (SteelSeries Arctis 5 Chat)' : 2 channels at 48 kHz using 16 bits per sample (channel mask 0x3)
[2019.11.17-21.32.26:098][425]LogInit: FAudioDevice initialized.
[2019.11.17-21.32.26:149][425]LogLoad: Game class is 'FirstPersonGameMode_C'
[2019.11.17-21.32.26:160][425]LogWorld: Bringing World /Game/FirstPersonBP/Maps/UEDPIE_0_FirstPersonExampleMap.FirstPersonExampleMap up for play (max tick rate 60) at 2019.11.17-13.32.26
[2019.11.17-21.32.26:161][425]LogWorld: Bringing up level for play took: 0.009411
[2019.11.17-21.32.26:178][425]PIE: Play in editor start time for /Game/FirstPersonBP/Maps/UEDPIE_0_FirstPersonExampleMap 0.506
[2019.11.17-21.32.26:178][425]LogBlueprintUserMessages: Late PlayInEditor Detection: Level '/Game/FirstPersonBP/Maps/FirstPersonExampleMap.FirstPersonExampleMap:PersistentLevel' has LevelScriptBlueprint '/Game/FirstPersonBP/Maps/FirstPersonExampleMap.FirstPersonExampleMap:PersistentLevel.FirstPersonExampleMap' with GeneratedClass '/Game/FirstPersonBP/Maps/FirstPersonExampleMap.FirstPersonExampleMap_C' with ClassGeneratedBy '/Game/FirstPersonBP/Maps/FirstPersonExampleMap.FirstPersonExampleMap:PersistentLevel.FirstPersonExampleMap'
[2019.11.17-21.32.26:180][425]LogBlueprintUserMessages: Late PlayInEditor Detection: Level '/Game/Maps/Door_Breached.Door_Breached:PersistentLevel' has LevelScriptBlueprint '/Game/Maps/Door_Breached.Door_Breached:PersistentLevel.Door_Breached' with GeneratedClass '/Game/Maps/Door_Breached.Door_Breached_C' with ClassGeneratedBy '/Game/Maps/Door_Breached.Door_Breached:PersistentLevel.Door_Breached'
[2019.11.17-21.32.26:182][425]LogBlueprintUserMessages: Late PlayInEditor Detection: Level '/Game/Maps/Door_Kit.Door_Kit:PersistentLevel' has LevelScriptBlueprint '/Game/Maps/Door_Kit.Door_Kit:PersistentLevel.Door_Kit' with GeneratedClass '/Game/Maps/Door_Kit.Door_Kit_C' with ClassGeneratedBy '/Game/Maps/Door_Kit.Door_Kit:PersistentLevel.Door_Kit'
[2019.11.17-21.32.26:183][425]LogBlueprintUserMessages: Late PlayInEditor Detection: Level '/Game/Maps/Turret_Kit.Turret_Kit:PersistentLevel' has LevelScriptBlueprint '/Game/Maps/Turret_Kit.Turret_Kit:PersistentLevel.Turret_Kit' with GeneratedClass '/Game/Maps/Turret_Kit.Turret_Kit_C' with ClassGeneratedBy '/Game/Maps/Turret_Kit.Turret_Kit:PersistentLevel.Turret_Kit'
[2019.11.17-21.32.26:184][425]LogBlueprintUserMessages: Late PlayInEditor Detection: Level '/Game/Maps/Laser_Kit.Laser_Kit:PersistentLevel' has LevelScriptBlueprint '/Game/Maps/Laser_Kit.Laser_Kit:PersistentLevel.Laser_Kit' with GeneratedClass '/Game/Maps/Laser_Kit.Laser_Kit_C' with ClassGeneratedBy '/Game/Maps/Laser_Kit.Laser_Kit:PersistentLevel.Laser_Kit'
[2019.11.17-21.32.26:185][425]LogBlueprintUserMessages: Late PlayInEditor Detection: Level '/Game/Maps/Camera_Kit.Camera_Kit:PersistentLevel' has LevelScriptBlueprint '/Game/Maps/Camera_Kit.Camera_Kit:PersistentLevel.Camera_Kit' with GeneratedClass '/Game/Maps/Camera_Kit.Camera_Kit_C' with ClassGeneratedBy '/Game/Maps/Camera_Kit.Camera_Kit:PersistentLevel.Camera_Kit'
[2019.11.17-21.32.26:186][425]LogBlueprintUserMessages: Late PlayInEditor Detection: Level '/Game/Maps/Explosive_Kit.Explosive_Kit:PersistentLevel' has LevelScriptBlueprint '/Game/Maps/Explosive_Kit.Explosive_Kit:PersistentLevel.Explosive_Kit' with GeneratedClass '/Game/Maps/Explosive_Kit.Explosive_Kit_C' with ClassGeneratedBy '/Game/Maps/Explosive_Kit.Explosive_Kit:PersistentLevel.Explosive_Kit'
[2019.11.17-21.32.26:188][425]LogBlueprintUserMessages: Late PlayInEditor Detection: Level '/Game/Maps/Teleport_Kit.Teleport_Kit:PersistentLevel' has LevelScriptBlueprint '/Game/Maps/Teleport_Kit.Teleport_Kit:PersistentLevel.Teleport_Kit' with GeneratedClass '/Game/Maps/Teleport_Kit.Teleport_Kit_C' with ClassGeneratedBy '/Game/Maps/Teleport_Kit.Teleport_Kit:PersistentLevel.Teleport_Kit'
[2019.11.17-21.32.31:858][579]LogBlueprintUserMessages: [Safe_2] Safe: Code entered is incorrect
[2019.11.17-21.32.31:859][579]LogBlueprintUserMessages: [Safe_2] Attempt:  1 of 3
[2019.11.17-21.32.32:105][586]LogBlueprintUserMessages: [Safe_2] Safe: Code entered is incorrect
[2019.11.17-21.32.32:106][586]LogBlueprintUserMessages: [Safe_2] Attempt:  2 of 3
[2019.11.17-21.32.32:325][593]LogBlueprintUserMessages: [Safe_2] Safe: Code entered is incorrect
[2019.11.17-21.32.33:599][631]LogBlueprintUserMessages: Early EndPlayMap Detection: Level '/Game/FirstPersonBP/Maps/FirstPersonExampleMap.FirstPersonExampleMap:PersistentLevel' has LevelScriptBlueprint '/Game/FirstPersonBP/Maps/FirstPersonExampleMap.FirstPersonExampleMap:PersistentLevel.FirstPersonExampleMap' with GeneratedClass '/Game/FirstPersonBP/Maps/FirstPersonExampleMap.FirstPersonExampleMap_C' with ClassGeneratedBy '/Game/FirstPersonBP/Maps/FirstPersonExampleMap.FirstPersonExampleMap:PersistentLevel.FirstPersonExampleMap'
[2019.11.17-21.32.33:601][631]LogBlueprintUserMessages: Early EndPlayMap Detection: Level '/Game/Maps/Door_Breached.Door_Breached:PersistentLevel' has LevelScriptBlueprint '/Game/Maps/Door_Breached.Door_Breached:PersistentLevel.Door_Breached' with GeneratedClass '/Game/Maps/Door_Breached.Door_Breached_C' with ClassGeneratedBy '/Game/Maps/Door_Breached.Door_Breached:PersistentLevel.Door_Breached'
[2019.11.17-21.32.33:602][631]LogBlueprintUserMessages: Early EndPlayMap Detection: Level '/Game/Maps/Door_Kit.Door_Kit:PersistentLevel' has LevelScriptBlueprint '/Game/Maps/Door_Kit.Door_Kit:PersistentLevel.Door_Kit' with GeneratedClass '/Game/Maps/Door_Kit.Door_Kit_C' with ClassGeneratedBy '/Game/Maps/Door_Kit.Door_Kit:PersistentLevel.Door_Kit'
[2019.11.17-21.32.33:603][631]LogBlueprintUserMessages: Early EndPlayMap Detection: Level '/Game/Maps/Turret_Kit.Turret_Kit:PersistentLevel' has LevelScriptBlueprint '/Game/Maps/Turret_Kit.Turret_Kit:PersistentLevel.Turret_Kit' with GeneratedClass '/Game/Maps/Turret_Kit.Turret_Kit_C' with ClassGeneratedBy '/Game/Maps/Turret_Kit.Turret_Kit:PersistentLevel.Turret_Kit'
[2019.11.17-21.32.33:605][631]LogBlueprintUserMessages: Early EndPlayMap Detection: Level '/Game/Maps/Laser_Kit.Laser_Kit:PersistentLevel' has LevelScriptBlueprint '/Game/Maps/Laser_Kit.Laser_Kit:PersistentLevel.Laser_Kit' with GeneratedClass '/Game/Maps/Laser_Kit.Laser_Kit_C' with ClassGeneratedBy '/Game/Maps/Laser_Kit.Laser_Kit:PersistentLevel.Laser_Kit'
[2019.11.17-21.32.33:609][631]LogBlueprintUserMessages: Early EndPlayMap Detection: Level '/Game/Maps/Camera_Kit.Camera_Kit:PersistentLevel' has LevelScriptBlueprint '/Game/Maps/Camera_Kit.Camera_Kit:PersistentLevel.Camera_Kit' with GeneratedClass '/Game/Maps/Camera_Kit.Camera_Kit_C' with ClassGeneratedBy '/Game/Maps/Camera_Kit.Camera_Kit:PersistentLevel.Camera_Kit'
[2019.11.17-21.32.33:610][631]LogBlueprintUserMessages: Early EndPlayMap Detection: Level '/Game/Maps/Explosive_Kit.Explosive_Kit:PersistentLevel' has LevelScriptBlueprint '/Game/Maps/Explosive_Kit.Explosive_Kit:PersistentLevel.Explosive_Kit' with GeneratedClass '/Game/Maps/Explosive_Kit.Explosive_Kit_C' with ClassGeneratedBy '/Game/Maps/Explosive_Kit.Explosive_Kit:PersistentLevel.Explosive_Kit'
[2019.11.17-21.32.33:612][631]LogBlueprintUserMessages: Early EndPlayMap Detection: Level '/Game/Maps/Teleport_Kit.Teleport_Kit:PersistentLevel' has LevelScriptBlueprint '/Game/Maps/Teleport_Kit.Teleport_Kit:PersistentLevel.Teleport_Kit' with GeneratedClass '/Game/Maps/Teleport_Kit.Teleport_Kit_C' with ClassGeneratedBy '/Game/Maps/Teleport_Kit.Teleport_Kit:PersistentLevel.Teleport_Kit'
[2019.11.17-21.32.33:614][631]LogSlate: Updating window title bar state: overlay mode, drag disabled, window buttons hidden, title bar hidden
[2019.11.17-21.32.33:672][631]LogPlayLevel: Display: Shutting down PIE online subsystems
[2019.11.17-21.32.33:673][631]LogBlueprintUserMessages: Late EndPlayMap Detection: Level '/Game/FirstPersonBP/Maps/FirstPersonExampleMap.FirstPersonExampleMap:PersistentLevel' has LevelScriptBlueprint '/Game/FirstPersonBP/Maps/FirstPersonExampleMap.FirstPersonExampleMap:PersistentLevel.FirstPersonExampleMap' with GeneratedClass '/Game/FirstPersonBP/Maps/FirstPersonExampleMap.FirstPersonExampleMap_C' with ClassGeneratedBy '/Game/FirstPersonBP/Maps/FirstPersonExampleMap.FirstPersonExampleMap:PersistentLevel.FirstPersonExampleMap'
[2019.11.17-21.32.33:675][631]LogBlueprintUserMessages: Late EndPlayMap Detection: Level '/Game/Maps/Door_Breached.Door_Breached:PersistentLevel' has LevelScriptBlueprint '/Game/Maps/Door_Breached.Door_Breached:PersistentLevel.Door_Breached' with GeneratedClass '/Game/Maps/Door_Breached.Door_Breached_C' with ClassGeneratedBy '/Game/Maps/Door_Breached.Door_Breached:PersistentLevel.Door_Breached'
[2019.11.17-21.32.33:677][631]LogBlueprintUserMessages: Late EndPlayMap Detection: Level '/Game/Maps/Door_Kit.Door_Kit:PersistentLevel' has LevelScriptBlueprint '/Game/Maps/Door_Kit.Door_Kit:PersistentLevel.Door_Kit' with GeneratedClass '/Game/Maps/Door_Kit.Door_Kit_C' with ClassGeneratedBy '/Game/Maps/Door_Kit.Door_Kit:PersistentLevel.Door_Kit'
[2019.11.17-21.32.33:678][631]LogBlueprintUserMessages: Late EndPlayMap Detection: Level '/Game/Maps/Turret_Kit.Turret_Kit:PersistentLevel' has LevelScriptBlueprint '/Game/Maps/Turret_Kit.Turret_Kit:PersistentLevel.Turret_Kit' with GeneratedClass '/Game/Maps/Turret_Kit.Turret_Kit_C' with ClassGeneratedBy '/Game/Maps/Turret_Kit.Turret_Kit:PersistentLevel.Turret_Kit'
[2019.11.17-21.32.33:679][631]LogBlueprintUserMessages: Late EndPlayMap Detection: Level '/Game/Maps/Laser_Kit.Laser_Kit:PersistentLevel' has LevelScriptBlueprint '/Game/Maps/Laser_Kit.Laser_Kit:PersistentLevel.Laser_Kit' with GeneratedClass '/Game/Maps/Laser_Kit.Laser_Kit_C' with ClassGeneratedBy '/Game/Maps/Laser_Kit.Laser_Kit:PersistentLevel.Laser_Kit'
[2019.11.17-21.32.33:680][631]LogBlueprintUserMessages: Late EndPlayMap Detection: Level '/Game/Maps/Camera_Kit.Camera_Kit:PersistentLevel' has LevelScriptBlueprint '/Game/Maps/Camera_Kit.Camera_Kit:PersistentLevel.Camera_Kit' with GeneratedClass '/Game/Maps/Camera_Kit.Camera_Kit_C' with ClassGeneratedBy '/Game/Maps/Camera_Kit.Camera_Kit:PersistentLevel.Camera_Kit'
[2019.11.17-21.32.33:682][631]LogBlueprintUserMessages: Late EndPlayMap Detection: Level '/Game/Maps/Explosive_Kit.Explosive_Kit:PersistentLevel' has LevelScriptBlueprint '/Game/Maps/Explosive_Kit.Explosive_Kit:PersistentLevel.Explosive_Kit' with GeneratedClass '/Game/Maps/Explosive_Kit.Explosive_Kit_C' with ClassGeneratedBy '/Game/Maps/Explosive_Kit.Explosive_Kit:PersistentLevel.Explosive_Kit'
[2019.11.17-21.32.33:683][631]LogBlueprintUserMessages: Late EndPlayMap Detection: Level '/Game/Maps/Teleport_Kit.Teleport_Kit:PersistentLevel' has LevelScriptBlueprint '/Game/Maps/Teleport_Kit.Teleport_Kit:PersistentLevel.Teleport_Kit' with GeneratedClass '/Game/Maps/Teleport_Kit.Teleport_Kit_C' with ClassGeneratedBy '/Game/Maps/Teleport_Kit.Teleport_Kit:PersistentLevel.Teleport_Kit'
[2019.11.17-21.32.33:816][631]LogSlate: Updating window title bar state: overlay mode, drag disabled, window buttons hidden, title bar hidden
[2019.11.17-21.32.33:832][631]LogUObjectHash: Compacting FUObjectHashTables data took   7.04ms
[2019.11.17-21.32.33:943][632]LogPlayLevel: Display: Destroying online subsystem :Context_60
[2019.11.17-21.32.34:299][642]LogSlate: FSceneViewport::OnFocusLost() reason 0
[2019.11.17-21.32.34:819][658]LogEditorTransaction: Redo Create Pin Link
[2019.11.17-21.32.35:287][659]LogEditorTransaction: Redo Delete current selection
[2019.11.17-21.32.35:392][659]LogEditorTransaction: Redo Move Nodes
[2019.11.17-21.32.38:469][736]BlueprintLog: New page: Compile Safe
[2019.11.17-21.32.39:193][736]LogUObjectHash: Compacting FUObjectHashTables data took  11.56ms
[2019.11.17-21.32.54:057][ 76]LogTemp: Repeating last play command: Selected Viewport
[2019.11.17-21.32.54:223][ 76]LogBlueprintUserMessages: Early PlayInEditor Detection: Level '/Game/FirstPersonBP/Maps/FirstPersonExampleMap.FirstPersonExampleMap:PersistentLevel' has LevelScriptBlueprint '/Game/FirstPersonBP/Maps/FirstPersonExampleMap.FirstPersonExampleMap:PersistentLevel.FirstPersonExampleMap' with GeneratedClass '/Game/FirstPersonBP/Maps/FirstPersonExampleMap.FirstPersonExampleMap_C' with ClassGeneratedBy '/Game/FirstPersonBP/Maps/FirstPersonExampleMap.FirstPersonExampleMap:PersistentLevel.FirstPersonExampleMap'
[2019.11.17-21.32.54:224][ 76]LogBlueprintUserMessages: Early PlayInEditor Detection: Level '/Game/Maps/Door_Breached.Door_Breached:PersistentLevel' has LevelScriptBlueprint '/Game/Maps/Door_Breached.Door_Breached:PersistentLevel.Door_Breached' with GeneratedClass '/Game/Maps/Door_Breached.Door_Breached_C' with ClassGeneratedBy '/Game/Maps/Door_Breached.Door_Breached:PersistentLevel.Door_Breached'
[2019.11.17-21.32.54:225][ 76]LogBlueprintUserMessages: Early PlayInEditor Detection: Level '/Game/Maps/Door_Kit.Door_Kit:PersistentLevel' has LevelScriptBlueprint '/Game/Maps/Door_Kit.Door_Kit:PersistentLevel.Door_Kit' with GeneratedClass '/Game/Maps/Door_Kit.Door_Kit_C' with ClassGeneratedBy '/Game/Maps/Door_Kit.Door_Kit:PersistentLevel.Door_Kit'
[2019.11.17-21.32.54:226][ 76]LogBlueprintUserMessages: Early PlayInEditor Detection: Level '/Game/Maps/Turret_Kit.Turret_Kit:PersistentLevel' has LevelScriptBlueprint '/Game/Maps/Turret_Kit.Turret_Kit:PersistentLevel.Turret_Kit' with GeneratedClass '/Game/Maps/Turret_Kit.Turret_Kit_C' with ClassGeneratedBy '/Game/Maps/Turret_Kit.Turret_Kit:PersistentLevel.Turret_Kit'
[2019.11.17-21.32.54:227][ 76]LogBlueprintUserMessages: Early PlayInEditor Detection: Level '/Game/Maps/Laser_Kit.Laser_Kit:PersistentLevel' has LevelScriptBlueprint '/Game/Maps/Laser_Kit.Laser_Kit:PersistentLevel.Laser_Kit' with GeneratedClass '/Game/Maps/Laser_Kit.Laser_Kit_C' with ClassGeneratedBy '/Game/Maps/Laser_Kit.Laser_Kit:PersistentLevel.Laser_Kit'
[2019.11.17-21.32.54:228][ 76]LogBlueprintUserMessages: Early PlayInEditor Detection: Level '/Game/Maps/Camera_Kit.Camera_Kit:PersistentLevel' has LevelScriptBlueprint '/Game/Maps/Camera_Kit.Camera_Kit:PersistentLevel.Camera_Kit' with GeneratedClass '/Game/Maps/Camera_Kit.Camera_Kit_C' with ClassGeneratedBy '/Game/Maps/Camera_Kit.Camera_Kit:PersistentLevel.Camera_Kit'
[2019.11.17-21.32.54:229][ 76]LogBlueprintUserMessages: Early PlayInEditor Detection: Level '/Game/Maps/Explosive_Kit.Explosive_Kit:PersistentLevel' has LevelScriptBlueprint '/Game/Maps/Explosive_Kit.Explosive_Kit:PersistentLevel.Explosive_Kit' with GeneratedClass '/Game/Maps/Explosive_Kit.Explosive_Kit_C' with ClassGeneratedBy '/Game/Maps/Explosive_Kit.Explosive_Kit:PersistentLevel.Explosive_Kit'
[2019.11.17-21.32.54:231][ 76]LogBlueprintUserMessages: Early PlayInEditor Detection: Level '/Game/Maps/Teleport_Kit.Teleport_Kit:PersistentLevel' has LevelScriptBlueprint '/Game/Maps/Teleport_Kit.Teleport_Kit:PersistentLevel.Teleport_Kit' with GeneratedClass '/Game/Maps/Teleport_Kit.Teleport_Kit_C' with ClassGeneratedBy '/Game/Maps/Teleport_Kit.Teleport_Kit:PersistentLevel.Teleport_Kit'
[2019.11.17-21.32.54:232][ 76]BlueprintLog: New page: Pre-Play auto-recompile
[2019.11.17-21.32.54:241][ 76]LogPlayLevel: [PlayLevel] Compiling Safe before play...
[2019.11.17-21.32.55:169][ 76]LogUObjectHash: Compacting FUObjectHashTables data took  11.52ms
[2019.11.17-21.32.55:170][ 76]LogPlayLevel: PlayLevel: Blueprint regeneration took 937 ms (1 blueprints)
[2019.11.17-21.32.55:170][ 76]PIE: New page: PIE session: FirstPersonExampleMap (Nov 17, 2019, 5:32:55 AM)
[2019.11.17-21.32.55:171][ 76]LogPlayLevel: Creating play world package: /Game/FirstPersonBP/Maps/UEDPIE_0_FirstPersonExampleMap
[2019.11.17-21.32.55:211][ 76]LogPlayLevel: PIE: StaticDuplicateObject took: (0.040061s)
[2019.11.17-21.32.55:213][ 76]LogAIModule: Creating AISystem for world FirstPersonExampleMap
[2019.11.17-21.32.55:214][ 76]LogPlayLevel: PIE: World Init took: (0.002490s)
[2019.11.17-21.32.55:215][ 76]LogPlayLevel: PIE: Created PIE world by copying editor world from /Game/FirstPersonBP/Maps/FirstPersonExampleMap.FirstPersonExampleMap to /Game/FirstPersonBP/Maps/UEDPIE_0_FirstPersonExampleMap.FirstPersonExampleMap (0.043857s)
[2019.11.17-21.32.55:354][ 76]LogUObjectHash: Compacting FUObjectHashTables data took   5.76ms
[2019.11.17-21.32.55:434][ 76]LogInit: XAudio2 using 'Headset Earphone (SteelSeries Arctis 5 Chat)' : 2 channels at 48 kHz using 16 bits per sample (channel mask 0x3)
[2019.11.17-21.32.55:475][ 76]LogInit: FAudioDevice initialized.
[2019.11.17-21.32.55:527][ 76]LogLoad: Game class is 'FirstPersonGameMode_C'
[2019.11.17-21.32.55:541][ 76]LogWorld: Bringing World /Game/FirstPersonBP/Maps/UEDPIE_0_FirstPersonExampleMap.FirstPersonExampleMap up for play (max tick rate 60) at 2019.11.17-13.32.55
[2019.11.17-21.32.55:543][ 76]LogWorld: Bringing up level for play took: 0.013543
[2019.11.17-21.32.55:558][ 76]PIE: Play in editor start time for /Game/FirstPersonBP/Maps/UEDPIE_0_FirstPersonExampleMap 1.887
[2019.11.17-21.32.55:559][ 76]LogBlueprintUserMessages: Late PlayInEditor Detection: Level '/Game/FirstPersonBP/Maps/FirstPersonExampleMap.FirstPersonExampleMap:PersistentLevel' has LevelScriptBlueprint '/Game/FirstPersonBP/Maps/FirstPersonExampleMap.FirstPersonExampleMap:PersistentLevel.FirstPersonExampleMap' with GeneratedClass '/Game/FirstPersonBP/Maps/FirstPersonExampleMap.FirstPersonExampleMap_C' with ClassGeneratedBy '/Game/FirstPersonBP/Maps/FirstPersonExampleMap.FirstPersonExampleMap:PersistentLevel.FirstPersonExampleMap'
[2019.11.17-21.32.55:561][ 76]LogBlueprintUserMessages: Late PlayInEditor Detection: Level '/Game/Maps/Door_Breached.Door_Breached:PersistentLevel' has LevelScriptBlueprint '/Game/Maps/Door_Breached.Door_Breached:PersistentLevel.Door_Breached' with GeneratedClass '/Game/Maps/Door_Breached.Door_Breached_C' with ClassGeneratedBy '/Game/Maps/Door_Breached.Door_Breached:PersistentLevel.Door_Breached'
[2019.11.17-21.32.55:562][ 76]LogBlueprintUserMessages: Late PlayInEditor Detection: Level '/Game/Maps/Door_Kit.Door_Kit:PersistentLevel' has LevelScriptBlueprint '/Game/Maps/Door_Kit.Door_Kit:PersistentLevel.Door_Kit' with GeneratedClass '/Game/Maps/Door_Kit.Door_Kit_C' with ClassGeneratedBy '/Game/Maps/Door_Kit.Door_Kit:PersistentLevel.Door_Kit'
[2019.11.17-21.32.55:563][ 76]LogBlueprintUserMessages: Late PlayInEditor Detection: Level '/Game/Maps/Turret_Kit.Turret_Kit:PersistentLevel' has LevelScriptBlueprint '/Game/Maps/Turret_Kit.Turret_Kit:PersistentLevel.Turret_Kit' with GeneratedClass '/Game/Maps/Turret_Kit.Turret_Kit_C' with ClassGeneratedBy '/Game/Maps/Turret_Kit.Turret_Kit:PersistentLevel.Turret_Kit'
[2019.11.17-21.32.55:565][ 76]LogBlueprintUserMessages: Late PlayInEditor Detection: Level '/Game/Maps/Laser_Kit.Laser_Kit:PersistentLevel' has LevelScriptBlueprint '/Game/Maps/Laser_Kit.Laser_Kit:PersistentLevel.Laser_Kit' with GeneratedClass '/Game/Maps/Laser_Kit.Laser_Kit_C' with ClassGeneratedBy '/Game/Maps/Laser_Kit.Laser_Kit:PersistentLevel.Laser_Kit'
[2019.11.17-21.32.55:566][ 76]LogBlueprintUserMessages: Late PlayInEditor Detection: Level '/Game/Maps/Camera_Kit.Camera_Kit:PersistentLevel' has LevelScriptBlueprint '/Game/Maps/Camera_Kit.Camera_Kit:PersistentLevel.Camera_Kit' with GeneratedClass '/Game/Maps/Camera_Kit.Camera_Kit_C' with ClassGeneratedBy '/Game/Maps/Camera_Kit.Camera_Kit:PersistentLevel.Camera_Kit'
[2019.11.17-21.32.55:567][ 76]LogBlueprintUserMessages: Late PlayInEditor Detection: Level '/Game/Maps/Explosive_Kit.Explosive_Kit:PersistentLevel' has LevelScriptBlueprint '/Game/Maps/Explosive_Kit.Explosive_Kit:PersistentLevel.Explosive_Kit' with GeneratedClass '/Game/Maps/Explosive_Kit.Explosive_Kit_C' with ClassGeneratedBy '/Game/Maps/Explosive_Kit.Explosive_Kit:PersistentLevel.Explosive_Kit'
[2019.11.17-21.32.55:569][ 76]LogBlueprintUserMessages: Late PlayInEditor Detection: Level '/Game/Maps/Teleport_Kit.Teleport_Kit:PersistentLevel' has LevelScriptBlueprint '/Game/Maps/Teleport_Kit.Teleport_Kit:PersistentLevel.Teleport_Kit' with GeneratedClass '/Game/Maps/Teleport_Kit.Teleport_Kit_C' with ClassGeneratedBy '/Game/Maps/Teleport_Kit.Teleport_Kit:PersistentLevel.Teleport_Kit'
[2019.11.17-21.33.03:700][240]LogBlueprintUserMessages: [Safe_2] Safe: BEEP
[2019.11.17-21.33.04:504][257]LogBlueprintUserMessages: [Safe_2] Safe: BEEP
[2019.11.17-21.33.04:952][267]LogBlueprintUserMessages: [Safe_2] Safe: BEEP
[2019.11.17-21.33.05:256][274]LogBlueprintUserMessages: [Safe_2] Safe: BEEP
[2019.11.17-21.33.05:589][281]LogBlueprintUserMessages: [Safe_2] Safe: BEEP
[2019.11.17-21.33.05:809][286]LogBlueprintUserMessages: [Safe_2] Safe: BEEP
[2019.11.17-21.33.06:707][307]LogBlueprintUserMessages: Early EndPlayMap Detection: Level '/Game/FirstPersonBP/Maps/FirstPersonExampleMap.FirstPersonExampleMap:PersistentLevel' has LevelScriptBlueprint '/Game/FirstPersonBP/Maps/FirstPersonExampleMap.FirstPersonExampleMap:PersistentLevel.FirstPersonExampleMap' with GeneratedClass '/Game/FirstPersonBP/Maps/FirstPersonExampleMap.FirstPersonExampleMap_C' with ClassGeneratedBy '/Game/FirstPersonBP/Maps/FirstPersonExampleMap.FirstPersonExampleMap:PersistentLevel.FirstPersonExampleMap'
[2019.11.17-21.33.06:708][307]LogBlueprintUserMessages: Early EndPlayMap Detection: Level '/Game/Maps/Door_Breached.Door_Breached:PersistentLevel' has LevelScriptBlueprint '/Game/Maps/Door_Breached.Door_Breached:PersistentLevel.Door_Breached' with GeneratedClass '/Game/Maps/Door_Breached.Door_Breached_C' with ClassGeneratedBy '/Game/Maps/Door_Breached.Door_Breached:PersistentLevel.Door_Breached'
[2019.11.17-21.33.06:710][307]LogBlueprintUserMessages: Early EndPlayMap Detection: Level '/Game/Maps/Door_Kit.Door_Kit:PersistentLevel' has LevelScriptBlueprint '/Game/Maps/Door_Kit.Door_Kit:PersistentLevel.Door_Kit' with GeneratedClass '/Game/Maps/Door_Kit.Door_Kit_C' with ClassGeneratedBy '/Game/Maps/Door_Kit.Door_Kit:PersistentLevel.Door_Kit'
[2019.11.17-21.33.06:711][307]LogBlueprintUserMessages: Early EndPlayMap Detection: Level '/Game/Maps/Turret_Kit.Turret_Kit:PersistentLevel' has LevelScriptBlueprint '/Game/Maps/Turret_Kit.Turret_Kit:PersistentLevel.Turret_Kit' with GeneratedClass '/Game/Maps/Turret_Kit.Turret_Kit_C' with ClassGeneratedBy '/Game/Maps/Turret_Kit.Turret_Kit:PersistentLevel.Turret_Kit'
[2019.11.17-21.33.06:713][307]LogBlueprintUserMessages: Early EndPlayMap Detection: Level '/Game/Maps/Laser_Kit.Laser_Kit:PersistentLevel' has LevelScriptBlueprint '/Game/Maps/Laser_Kit.Laser_Kit:PersistentLevel.Laser_Kit' with GeneratedClass '/Game/Maps/Laser_Kit.Laser_Kit_C' with ClassGeneratedBy '/Game/Maps/Laser_Kit.Laser_Kit:PersistentLevel.Laser_Kit'
[2019.11.17-21.33.06:715][307]LogBlueprintUserMessages: Early EndPlayMap Detection: Level '/Game/Maps/Camera_Kit.Camera_Kit:PersistentLevel' has LevelScriptBlueprint '/Game/Maps/Camera_Kit.Camera_Kit:PersistentLevel.Camera_Kit' with GeneratedClass '/Game/Maps/Camera_Kit.Camera_Kit_C' with ClassGeneratedBy '/Game/Maps/Camera_Kit.Camera_Kit:PersistentLevel.Camera_Kit'
[2019.11.17-21.33.06:716][307]LogBlueprintUserMessages: Early EndPlayMap Detection: Level '/Game/Maps/Explosive_Kit.Explosive_Kit:PersistentLevel' has LevelScriptBlueprint '/Game/Maps/Explosive_Kit.Explosive_Kit:PersistentLevel.Explosive_Kit' with GeneratedClass '/Game/Maps/Explosive_Kit.Explosive_Kit_C' with ClassGeneratedBy '/Game/Maps/Explosive_Kit.Explosive_Kit:PersistentLevel.Explosive_Kit'
[2019.11.17-21.33.06:719][307]LogBlueprintUserMessages: Early EndPlayMap Detection: Level '/Game/Maps/Teleport_Kit.Teleport_Kit:PersistentLevel' has LevelScriptBlueprint '/Game/Maps/Teleport_Kit.Teleport_Kit:PersistentLevel.Teleport_Kit' with GeneratedClass '/Game/Maps/Teleport_Kit.Teleport_Kit_C' with ClassGeneratedBy '/Game/Maps/Teleport_Kit.Teleport_Kit:PersistentLevel.Teleport_Kit'
[2019.11.17-21.33.06:721][307]LogSlate: Updating window title bar state: overlay mode, drag disabled, window buttons hidden, title bar hidden
[2019.11.17-21.33.06:778][307]LogPlayLevel: Display: Shutting down PIE online subsystems
[2019.11.17-21.33.06:779][307]LogBlueprintUserMessages: Late EndPlayMap Detection: Level '/Game/FirstPersonBP/Maps/FirstPersonExampleMap.FirstPersonExampleMap:PersistentLevel' has LevelScriptBlueprint '/Game/FirstPersonBP/Maps/FirstPersonExampleMap.FirstPersonExampleMap:PersistentLevel.FirstPersonExampleMap' with GeneratedClass '/Game/FirstPersonBP/Maps/FirstPersonExampleMap.FirstPersonExampleMap_C' with ClassGeneratedBy '/Game/FirstPersonBP/Maps/FirstPersonExampleMap.FirstPersonExampleMap:PersistentLevel.FirstPersonExampleMap'
[2019.11.17-21.33.06:780][307]LogBlueprintUserMessages: Late EndPlayMap Detection: Level '/Game/Maps/Door_Breached.Door_Breached:PersistentLevel' has LevelScriptBlueprint '/Game/Maps/Door_Breached.Door_Breached:PersistentLevel.Door_Breached' with GeneratedClass '/Game/Maps/Door_Breached.Door_Breached_C' with ClassGeneratedBy '/Game/Maps/Door_Breached.Door_Breached:PersistentLevel.Door_Breached'
[2019.11.17-21.33.06:782][307]LogBlueprintUserMessages: Late EndPlayMap Detection: Level '/Game/Maps/Door_Kit.Door_Kit:PersistentLevel' has LevelScriptBlueprint '/Game/Maps/Door_Kit.Door_Kit:PersistentLevel.Door_Kit' with GeneratedClass '/Game/Maps/Door_Kit.Door_Kit_C' with ClassGeneratedBy '/Game/Maps/Door_Kit.Door_Kit:PersistentLevel.Door_Kit'
[2019.11.17-21.33.06:783][307]LogBlueprintUserMessages: Late EndPlayMap Detection: Level '/Game/Maps/Turret_Kit.Turret_Kit:PersistentLevel' has LevelScriptBlueprint '/Game/Maps/Turret_Kit.Turret_Kit:PersistentLevel.Turret_Kit' with GeneratedClass '/Game/Maps/Turret_Kit.Turret_Kit_C' with ClassGeneratedBy '/Game/Maps/Turret_Kit.Turret_Kit:PersistentLevel.Turret_Kit'
[2019.11.17-21.33.06:784][307]LogBlueprintUserMessages: Late EndPlayMap Detection: Level '/Game/Maps/Laser_Kit.Laser_Kit:PersistentLevel' has LevelScriptBlueprint '/Game/Maps/Laser_Kit.Laser_Kit:PersistentLevel.Laser_Kit' with GeneratedClass '/Game/Maps/Laser_Kit.Laser_Kit_C' with ClassGeneratedBy '/Game/Maps/Laser_Kit.Laser_Kit:PersistentLevel.Laser_Kit'
[2019.11.17-21.33.06:785][307]LogBlueprintUserMessages: Late EndPlayMap Detection: Level '/Game/Maps/Camera_Kit.Camera_Kit:PersistentLevel' has LevelScriptBlueprint '/Game/Maps/Camera_Kit.Camera_Kit:PersistentLevel.Camera_Kit' with GeneratedClass '/Game/Maps/Camera_Kit.Camera_Kit_C' with ClassGeneratedBy '/Game/Maps/Camera_Kit.Camera_Kit:PersistentLevel.Camera_Kit'
[2019.11.17-21.33.06:786][307]LogBlueprintUserMessages: Late EndPlayMap Detection: Level '/Game/Maps/Explosive_Kit.Explosive_Kit:PersistentLevel' has LevelScriptBlueprint '/Game/Maps/Explosive_Kit.Explosive_Kit:PersistentLevel.Explosive_Kit' with GeneratedClass '/Game/Maps/Explosive_Kit.Explosive_Kit_C' with ClassGeneratedBy '/Game/Maps/Explosive_Kit.Explosive_Kit:PersistentLevel.Explosive_Kit'
[2019.11.17-21.33.06:787][307]LogBlueprintUserMessages: Late EndPlayMap Detection: Level '/Game/Maps/Teleport_Kit.Teleport_Kit:PersistentLevel' has LevelScriptBlueprint '/Game/Maps/Teleport_Kit.Teleport_Kit:PersistentLevel.Teleport_Kit' with GeneratedClass '/Game/Maps/Teleport_Kit.Teleport_Kit_C' with ClassGeneratedBy '/Game/Maps/Teleport_Kit.Teleport_Kit:PersistentLevel.Teleport_Kit'
[2019.11.17-21.33.06:908][307]LogSlate: Updating window title bar state: overlay mode, drag disabled, window buttons hidden, title bar hidden
[2019.11.17-21.33.06:921][307]LogUObjectHash: Compacting FUObjectHashTables data took   5.29ms
[2019.11.17-21.33.07:051][308]LogPlayLevel: Display: Destroying online subsystem :Context_61
[2019.11.17-21.33.09:885][370]LogSlate: FSceneViewport::OnFocusLost() reason 0
[2019.11.17-21.33.16:820][562]LogSlate: FSceneViewport::OnFocusLost() reason 0
[2019.11.17-21.33.36:654][748]LogSlate: FSceneViewport::OnFocusLost() reason 0
[2019.11.17-21.33.38:150][782]LogTemp: Repeating last play command: Selected Viewport
[2019.11.17-21.33.38:335][782]LogBlueprintUserMessages: Early PlayInEditor Detection: Level '/Game/FirstPersonBP/Maps/FirstPersonExampleMap.FirstPersonExampleMap:PersistentLevel' has LevelScriptBlueprint '/Game/FirstPersonBP/Maps/FirstPersonExampleMap.FirstPersonExampleMap:PersistentLevel.FirstPersonExampleMap' with GeneratedClass '/Game/FirstPersonBP/Maps/FirstPersonExampleMap.FirstPersonExampleMap_C' with ClassGeneratedBy '/Game/FirstPersonBP/Maps/FirstPersonExampleMap.FirstPersonExampleMap:PersistentLevel.FirstPersonExampleMap'
[2019.11.17-21.33.38:337][782]LogBlueprintUserMessages: Early PlayInEditor Detection: Level '/Game/Maps/Door_Breached.Door_Breached:PersistentLevel' has LevelScriptBlueprint '/Game/Maps/Door_Breached.Door_Breached:PersistentLevel.Door_Breached' with GeneratedClass '/Game/Maps/Door_Breached.Door_Breached_C' with ClassGeneratedBy '/Game/Maps/Door_Breached.Door_Breached:PersistentLevel.Door_Breached'
[2019.11.17-21.33.38:338][782]LogBlueprintUserMessages: Early PlayInEditor Detection: Level '/Game/Maps/Door_Kit.Door_Kit:PersistentLevel' has LevelScriptBlueprint '/Game/Maps/Door_Kit.Door_Kit:PersistentLevel.Door_Kit' with GeneratedClass '/Game/Maps/Door_Kit.Door_Kit_C' with ClassGeneratedBy '/Game/Maps/Door_Kit.Door_Kit:PersistentLevel.Door_Kit'
[2019.11.17-21.33.38:339][782]LogBlueprintUserMessages: Early PlayInEditor Detection: Level '/Game/Maps/Turret_Kit.Turret_Kit:PersistentLevel' has LevelScriptBlueprint '/Game/Maps/Turret_Kit.Turret_Kit:PersistentLevel.Turret_Kit' with GeneratedClass '/Game/Maps/Turret_Kit.Turret_Kit_C' with ClassGeneratedBy '/Game/Maps/Turret_Kit.Turret_Kit:PersistentLevel.Turret_Kit'
[2019.11.17-21.33.38:340][782]LogBlueprintUserMessages: Early PlayInEditor Detection: Level '/Game/Maps/Laser_Kit.Laser_Kit:PersistentLevel' has LevelScriptBlueprint '/Game/Maps/Laser_Kit.Laser_Kit:PersistentLevel.Laser_Kit' with GeneratedClass '/Game/Maps/Laser_Kit.Laser_Kit_C' with ClassGeneratedBy '/Game/Maps/Laser_Kit.Laser_Kit:PersistentLevel.Laser_Kit'
[2019.11.17-21.33.38:341][782]LogBlueprintUserMessages: Early PlayInEditor Detection: Level '/Game/Maps/Camera_Kit.Camera_Kit:PersistentLevel' has LevelScriptBlueprint '/Game/Maps/Camera_Kit.Camera_Kit:PersistentLevel.Camera_Kit' with GeneratedClass '/Game/Maps/Camera_Kit.Camera_Kit_C' with ClassGeneratedBy '/Game/Maps/Camera_Kit.Camera_Kit:PersistentLevel.Camera_Kit'
[2019.11.17-21.33.38:342][782]LogBlueprintUserMessages: Early PlayInEditor Detection: Level '/Game/Maps/Explosive_Kit.Explosive_Kit:PersistentLevel' has LevelScriptBlueprint '/Game/Maps/Explosive_Kit.Explosive_Kit:PersistentLevel.Explosive_Kit' with GeneratedClass '/Game/Maps/Explosive_Kit.Explosive_Kit_C' with ClassGeneratedBy '/Game/Maps/Explosive_Kit.Explosive_Kit:PersistentLevel.Explosive_Kit'
[2019.11.17-21.33.38:343][782]LogBlueprintUserMessages: Early PlayInEditor Detection: Level '/Game/Maps/Teleport_Kit.Teleport_Kit:PersistentLevel' has LevelScriptBlueprint '/Game/Maps/Teleport_Kit.Teleport_Kit:PersistentLevel.Teleport_Kit' with GeneratedClass '/Game/Maps/Teleport_Kit.Teleport_Kit_C' with ClassGeneratedBy '/Game/Maps/Teleport_Kit.Teleport_Kit:PersistentLevel.Teleport_Kit'
[2019.11.17-21.33.38:344][782]BlueprintLog: New page: Pre-Play auto-recompile
[2019.11.17-21.33.38:353][782]LogPlayLevel: [PlayLevel] Compiling Safe before play...
[2019.11.17-21.33.39:379][782]LogUObjectHash: Compacting FUObjectHashTables data took  12.37ms
[2019.11.17-21.33.39:379][782]LogPlayLevel: PlayLevel: Blueprint regeneration took 1035 ms (1 blueprints)
[2019.11.17-21.33.39:380][782]PIE: New page: PIE session: FirstPersonExampleMap (Nov 17, 2019, 5:33:39 AM)
[2019.11.17-21.33.39:381][782]LogPlayLevel: Creating play world package: /Game/FirstPersonBP/Maps/UEDPIE_0_FirstPersonExampleMap
[2019.11.17-21.33.39:424][782]LogPlayLevel: PIE: StaticDuplicateObject took: (0.042200s)
[2019.11.17-21.33.39:426][782]LogAIModule: Creating AISystem for world FirstPersonExampleMap
[2019.11.17-21.33.39:427][782]LogPlayLevel: PIE: World Init took: (0.002668s)
[2019.11.17-21.33.39:428][782]LogPlayLevel: PIE: Created PIE world by copying editor world from /Game/FirstPersonBP/Maps/FirstPersonExampleMap.FirstPersonExampleMap to /Game/FirstPersonBP/Maps/UEDPIE_0_FirstPersonExampleMap.FirstPersonExampleMap (0.046705s)
[2019.11.17-21.33.39:575][782]LogUObjectHash: Compacting FUObjectHashTables data took   6.20ms
[2019.11.17-21.33.39:650][782]LogInit: XAudio2 using 'Headset Earphone (SteelSeries Arctis 5 Chat)' : 2 channels at 48 kHz using 16 bits per sample (channel mask 0x3)
[2019.11.17-21.33.39:696][782]LogInit: FAudioDevice initialized.
[2019.11.17-21.33.39:749][782]LogLoad: Game class is 'FirstPersonGameMode_C'
[2019.11.17-21.33.39:760][782]LogWorld: Bringing World /Game/FirstPersonBP/Maps/UEDPIE_0_FirstPersonExampleMap.FirstPersonExampleMap up for play (max tick rate 60) at 2019.11.17-13.33.39
[2019.11.17-21.33.39:762][782]LogWorld: Bringing up level for play took: 0.010453
[2019.11.17-21.33.39:780][782]PIE: Play in editor start time for /Game/FirstPersonBP/Maps/UEDPIE_0_FirstPersonExampleMap 2.109
[2019.11.17-21.33.39:781][782]LogBlueprintUserMessages: Late PlayInEditor Detection: Level '/Game/FirstPersonBP/Maps/FirstPersonExampleMap.FirstPersonExampleMap:PersistentLevel' has LevelScriptBlueprint '/Game/FirstPersonBP/Maps/FirstPersonExampleMap.FirstPersonExampleMap:PersistentLevel.FirstPersonExampleMap' with GeneratedClass '/Game/FirstPersonBP/Maps/FirstPersonExampleMap.FirstPersonExampleMap_C' with ClassGeneratedBy '/Game/FirstPersonBP/Maps/FirstPersonExampleMap.FirstPersonExampleMap:PersistentLevel.FirstPersonExampleMap'
[2019.11.17-21.33.39:783][782]LogBlueprintUserMessages: Late PlayInEditor Detection: Level '/Game/Maps/Door_Breached.Door_Breached:PersistentLevel' has LevelScriptBlueprint '/Game/Maps/Door_Breached.Door_Breached:PersistentLevel.Door_Breached' with GeneratedClass '/Game/Maps/Door_Breached.Door_Breached_C' with ClassGeneratedBy '/Game/Maps/Door_Breached.Door_Breached:PersistentLevel.Door_Breached'
[2019.11.17-21.33.39:784][782]LogBlueprintUserMessages: Late PlayInEditor Detection: Level '/Game/Maps/Door_Kit.Door_Kit:PersistentLevel' has LevelScriptBlueprint '/Game/Maps/Door_Kit.Door_Kit:PersistentLevel.Door_Kit' with GeneratedClass '/Game/Maps/Door_Kit.Door_Kit_C' with ClassGeneratedBy '/Game/Maps/Door_Kit.Door_Kit:PersistentLevel.Door_Kit'
[2019.11.17-21.33.39:784][782]LogBlueprintUserMessages: Late PlayInEditor Detection: Level '/Game/Maps/Turret_Kit.Turret_Kit:PersistentLevel' has LevelScriptBlueprint '/Game/Maps/Turret_Kit.Turret_Kit:PersistentLevel.Turret_Kit' with GeneratedClass '/Game/Maps/Turret_Kit.Turret_Kit_C' with ClassGeneratedBy '/Game/Maps/Turret_Kit.Turret_Kit:PersistentLevel.Turret_Kit'
[2019.11.17-21.33.39:785][782]LogBlueprintUserMessages: Late PlayInEditor Detection: Level '/Game/Maps/Laser_Kit.Laser_Kit:PersistentLevel' has LevelScriptBlueprint '/Game/Maps/Laser_Kit.Laser_Kit:PersistentLevel.Laser_Kit' with GeneratedClass '/Game/Maps/Laser_Kit.Laser_Kit_C' with ClassGeneratedBy '/Game/Maps/Laser_Kit.Laser_Kit:PersistentLevel.Laser_Kit'
[2019.11.17-21.33.39:787][782]LogBlueprintUserMessages: Late PlayInEditor Detection: Level '/Game/Maps/Camera_Kit.Camera_Kit:PersistentLevel' has LevelScriptBlueprint '/Game/Maps/Camera_Kit.Camera_Kit:PersistentLevel.Camera_Kit' with GeneratedClass '/Game/Maps/Camera_Kit.Camera_Kit_C' with ClassGeneratedBy '/Game/Maps/Camera_Kit.Camera_Kit:PersistentLevel.Camera_Kit'
[2019.11.17-21.33.39:788][782]LogBlueprintUserMessages: Late PlayInEditor Detection: Level '/Game/Maps/Explosive_Kit.Explosive_Kit:PersistentLevel' has LevelScriptBlueprint '/Game/Maps/Explosive_Kit.Explosive_Kit:PersistentLevel.Explosive_Kit' with GeneratedClass '/Game/Maps/Explosive_Kit.Explosive_Kit_C' with ClassGeneratedBy '/Game/Maps/Explosive_Kit.Explosive_Kit:PersistentLevel.Explosive_Kit'
[2019.11.17-21.33.39:790][782]LogBlueprintUserMessages: Late PlayInEditor Detection: Level '/Game/Maps/Teleport_Kit.Teleport_Kit:PersistentLevel' has LevelScriptBlueprint '/Game/Maps/Teleport_Kit.Teleport_Kit:PersistentLevel.Teleport_Kit' with GeneratedClass '/Game/Maps/Teleport_Kit.Teleport_Kit_C' with ClassGeneratedBy '/Game/Maps/Teleport_Kit.Teleport_Kit:PersistentLevel.Teleport_Kit'
[2019.11.17-21.33.44:547][897]LogBlueprintUserMessages: [Safe_2] Safe: Code entered is incorrect
[2019.11.17-21.33.44:548][897]LogBlueprintUserMessages: [Safe_2] Attempt:  1 of 3
[2019.11.17-21.33.45:120][913]LogBlueprintUserMessages: [Safe_2] Safe: Code entered is incorrect
[2019.11.17-21.33.45:120][913]LogBlueprintUserMessages: [Safe_2] Attempt:  2 of 3
[2019.11.17-21.33.45:444][922]LogBlueprintUserMessages: [Safe_2] Safe: Code entered is incorrect
[2019.11.17-21.34.00:418][348]LogBlueprintUserMessages: [Safe_2] Sfae: Resetted
[2019.11.17-21.34.01:875][392]LogBlueprintUserMessages: Early EndPlayMap Detection: Level '/Game/FirstPersonBP/Maps/FirstPersonExampleMap.FirstPersonExampleMap:PersistentLevel' has LevelScriptBlueprint '/Game/FirstPersonBP/Maps/FirstPersonExampleMap.FirstPersonExampleMap:PersistentLevel.FirstPersonExampleMap' with GeneratedClass '/Game/FirstPersonBP/Maps/FirstPersonExampleMap.FirstPersonExampleMap_C' with ClassGeneratedBy '/Game/FirstPersonBP/Maps/FirstPersonExampleMap.FirstPersonExampleMap:PersistentLevel.FirstPersonExampleMap'
[2019.11.17-21.34.01:876][392]LogBlueprintUserMessages: Early EndPlayMap Detection: Level '/Game/Maps/Door_Breached.Door_Breached:PersistentLevel' has LevelScriptBlueprint '/Game/Maps/Door_Breached.Door_Breached:PersistentLevel.Door_Breached' with GeneratedClass '/Game/Maps/Door_Breached.Door_Breached_C' with ClassGeneratedBy '/Game/Maps/Door_Breached.Door_Breached:PersistentLevel.Door_Breached'
[2019.11.17-21.34.01:878][392]LogBlueprintUserMessages: Early EndPlayMap Detection: Level '/Game/Maps/Door_Kit.Door_Kit:PersistentLevel' has LevelScriptBlueprint '/Game/Maps/Door_Kit.Door_Kit:PersistentLevel.Door_Kit' with GeneratedClass '/Game/Maps/Door_Kit.Door_Kit_C' with ClassGeneratedBy '/Game/Maps/Door_Kit.Door_Kit:PersistentLevel.Door_Kit'
[2019.11.17-21.34.01:879][392]LogBlueprintUserMessages: Early EndPlayMap Detection: Level '/Game/Maps/Turret_Kit.Turret_Kit:PersistentLevel' has LevelScriptBlueprint '/Game/Maps/Turret_Kit.Turret_Kit:PersistentLevel.Turret_Kit' with GeneratedClass '/Game/Maps/Turret_Kit.Turret_Kit_C' with ClassGeneratedBy '/Game/Maps/Turret_Kit.Turret_Kit:PersistentLevel.Turret_Kit'
[2019.11.17-21.34.01:880][392]LogBlueprintUserMessages: Early EndPlayMap Detection: Level '/Game/Maps/Laser_Kit.Laser_Kit:PersistentLevel' has LevelScriptBlueprint '/Game/Maps/Laser_Kit.Laser_Kit:PersistentLevel.Laser_Kit' with GeneratedClass '/Game/Maps/Laser_Kit.Laser_Kit_C' with ClassGeneratedBy '/Game/Maps/Laser_Kit.Laser_Kit:PersistentLevel.Laser_Kit'
[2019.11.17-21.34.01:881][392]LogBlueprintUserMessages: Early EndPlayMap Detection: Level '/Game/Maps/Camera_Kit.Camera_Kit:PersistentLevel' has LevelScriptBlueprint '/Game/Maps/Camera_Kit.Camera_Kit:PersistentLevel.Camera_Kit' with GeneratedClass '/Game/Maps/Camera_Kit.Camera_Kit_C' with ClassGeneratedBy '/Game/Maps/Camera_Kit.Camera_Kit:PersistentLevel.Camera_Kit'
[2019.11.17-21.34.01:882][392]LogBlueprintUserMessages: Early EndPlayMap Detection: Level '/Game/Maps/Explosive_Kit.Explosive_Kit:PersistentLevel' has LevelScriptBlueprint '/Game/Maps/Explosive_Kit.Explosive_Kit:PersistentLevel.Explosive_Kit' with GeneratedClass '/Game/Maps/Explosive_Kit.Explosive_Kit_C' with ClassGeneratedBy '/Game/Maps/Explosive_Kit.Explosive_Kit:PersistentLevel.Explosive_Kit'
[2019.11.17-21.34.01:883][392]LogBlueprintUserMessages: Early EndPlayMap Detection: Level '/Game/Maps/Teleport_Kit.Teleport_Kit:PersistentLevel' has LevelScriptBlueprint '/Game/Maps/Teleport_Kit.Teleport_Kit:PersistentLevel.Teleport_Kit' with GeneratedClass '/Game/Maps/Teleport_Kit.Teleport_Kit_C' with ClassGeneratedBy '/Game/Maps/Teleport_Kit.Teleport_Kit:PersistentLevel.Teleport_Kit'
[2019.11.17-21.34.01:885][392]LogSlate: Updating window title bar state: overlay mode, drag disabled, window buttons hidden, title bar hidden
[2019.11.17-21.34.01:950][392]LogPlayLevel: Display: Shutting down PIE online subsystems
[2019.11.17-21.34.01:951][392]LogBlueprintUserMessages: Late EndPlayMap Detection: Level '/Game/FirstPersonBP/Maps/FirstPersonExampleMap.FirstPersonExampleMap:PersistentLevel' has LevelScriptBlueprint '/Game/FirstPersonBP/Maps/FirstPersonExampleMap.FirstPersonExampleMap:PersistentLevel.FirstPersonExampleMap' with GeneratedClass '/Game/FirstPersonBP/Maps/FirstPersonExampleMap.FirstPersonExampleMap_C' with ClassGeneratedBy '/Game/FirstPersonBP/Maps/FirstPersonExampleMap.FirstPersonExampleMap:PersistentLevel.FirstPersonExampleMap'
[2019.11.17-21.34.01:952][392]LogBlueprintUserMessages: Late EndPlayMap Detection: Level '/Game/Maps/Door_Breached.Door_Breached:PersistentLevel' has LevelScriptBlueprint '/Game/Maps/Door_Breached.Door_Breached:PersistentLevel.Door_Breached' with GeneratedClass '/Game/Maps/Door_Breached.Door_Breached_C' with ClassGeneratedBy '/Game/Maps/Door_Breached.Door_Breached:PersistentLevel.Door_Breached'
[2019.11.17-21.34.01:953][392]LogBlueprintUserMessages: Late EndPlayMap Detection: Level '/Game/Maps/Door_Kit.Door_Kit:PersistentLevel' has LevelScriptBlueprint '/Game/Maps/Door_Kit.Door_Kit:PersistentLevel.Door_Kit' with GeneratedClass '/Game/Maps/Door_Kit.Door_Kit_C' with ClassGeneratedBy '/Game/Maps/Door_Kit.Door_Kit:PersistentLevel.Door_Kit'
[2019.11.17-21.34.01:954][392]LogBlueprintUserMessages: Late EndPlayMap Detection: Level '/Game/Maps/Turret_Kit.Turret_Kit:PersistentLevel' has LevelScriptBlueprint '/Game/Maps/Turret_Kit.Turret_Kit:PersistentLevel.Turret_Kit' with GeneratedClass '/Game/Maps/Turret_Kit.Turret_Kit_C' with ClassGeneratedBy '/Game/Maps/Turret_Kit.Turret_Kit:PersistentLevel.Turret_Kit'
[2019.11.17-21.34.01:956][392]LogBlueprintUserMessages: Late EndPlayMap Detection: Level '/Game/Maps/Laser_Kit.Laser_Kit:PersistentLevel' has LevelScriptBlueprint '/Game/Maps/Laser_Kit.Laser_Kit:PersistentLevel.Laser_Kit' with GeneratedClass '/Game/Maps/Laser_Kit.Laser_Kit_C' with ClassGeneratedBy '/Game/Maps/Laser_Kit.Laser_Kit:PersistentLevel.Laser_Kit'
[2019.11.17-21.34.01:957][392]LogBlueprintUserMessages: Late EndPlayMap Detection: Level '/Game/Maps/Camera_Kit.Camera_Kit:PersistentLevel' has LevelScriptBlueprint '/Game/Maps/Camera_Kit.Camera_Kit:PersistentLevel.Camera_Kit' with GeneratedClass '/Game/Maps/Camera_Kit.Camera_Kit_C' with ClassGeneratedBy '/Game/Maps/Camera_Kit.Camera_Kit:PersistentLevel.Camera_Kit'
[2019.11.17-21.34.01:959][392]LogBlueprintUserMessages: Late EndPlayMap Detection: Level '/Game/Maps/Explosive_Kit.Explosive_Kit:PersistentLevel' has LevelScriptBlueprint '/Game/Maps/Explosive_Kit.Explosive_Kit:PersistentLevel.Explosive_Kit' with GeneratedClass '/Game/Maps/Explosive_Kit.Explosive_Kit_C' with ClassGeneratedBy '/Game/Maps/Explosive_Kit.Explosive_Kit:PersistentLevel.Explosive_Kit'
[2019.11.17-21.34.01:959][392]LogBlueprintUserMessages: Late EndPlayMap Detection: Level '/Game/Maps/Teleport_Kit.Teleport_Kit:PersistentLevel' has LevelScriptBlueprint '/Game/Maps/Teleport_Kit.Teleport_Kit:PersistentLevel.Teleport_Kit' with GeneratedClass '/Game/Maps/Teleport_Kit.Teleport_Kit_C' with ClassGeneratedBy '/Game/Maps/Teleport_Kit.Teleport_Kit:PersistentLevel.Teleport_Kit'
[2019.11.17-21.34.02:085][392]LogSlate: Updating window title bar state: overlay mode, drag disabled, window buttons hidden, title bar hidden
[2019.11.17-21.34.02:102][392]LogUObjectHash: Compacting FUObjectHashTables data took   9.56ms
[2019.11.17-21.34.02:209][393]LogPlayLevel: Display: Destroying online subsystem :Context_62
[2019.11.17-21.34.04:184][447]LogSlate: FSceneViewport::OnFocusLost() reason 0
[2019.11.17-21.34.24:710][ 33]BlueprintLog: New page: Compile Safe
[2019.11.17-21.34.25:426][ 33]LogUObjectHash: Compacting FUObjectHashTables data took   9.75ms
[2019.11.17-21.37.49:041][ 12]LogUObjectHash: Compacting FUObjectHashTables data took  12.34ms
[2019.11.17-21.37.50:799][ 12]LogSavePackage: Moving 'C:/Users/danny/Desktop/Systems_Sandbox/Mechanics_Sandbox/Saved/FirstPersonExampleMap_Auto4BBA06D774835DD91076BCF9F28F2BD86.tmp' to 'C:/Users/danny/Desktop/Systems_Sandbox/Mechanics_Sandbox/Saved/Autosaves/Game/FirstPersonBP/Maps/FirstPersonExampleMap_Auto4.umap'
[2019.11.17-21.37.50:814][ 12]LogFileHelpers: Editor autosave (incl. sublevels) for '/Game/FirstPersonBP/Maps/FirstPersonExampleMap' took 1.942
[2019.11.17-21.37.50:814][ 12]LogFileHelpers: Editor autosave (incl. sublevels) for all levels took 1.942
[2019.11.17-21.37.50:822][ 12]OBJ SavePackage: Generating thumbnails for [1] asset(s) in package [/Game/FirstPersonBP/Blueprints/FirstPersonCharacter] ([1] browsable assets)...
[2019.11.17-21.37.50:858][ 12]OBJ SavePackage:     Rendered thumbnail for [Blueprint /Game/FirstPersonBP/Blueprints/FirstPersonCharacter.FirstPersonCharacter]
[2019.11.17-21.37.50:858][ 12]OBJ SavePackage: Finished generating thumbnails for package [/Game/FirstPersonBP/Blueprints/FirstPersonCharacter]
[2019.11.17-21.37.52:010][ 12]LogSavePackage: Moving 'C:/Users/danny/Desktop/Systems_Sandbox/Mechanics_Sandbox/Saved/FirstPersonCharacter_Auto412CEF3A14FA887406C708BB9BBC9CC54.tmp' to 'C:/Users/danny/Desktop/Systems_Sandbox/Mechanics_Sandbox/Saved/Autosaves/Game/FirstPersonBP/Blueprints/FirstPersonCharacter_Auto4.uasset'
[2019.11.17-21.37.52:045][ 12]OBJ SavePackage: Generating thumbnails for [1] asset(s) in package [/Game/Kits/Safe/Safe] ([1] browsable assets)...
[2019.11.17-21.37.52:098][ 12]OBJ SavePackage:     Rendered thumbnail for [Blueprint /Game/Kits/Safe/Safe.Safe]
[2019.11.17-21.37.52:098][ 12]OBJ SavePackage: Finished generating thumbnails for package [/Game/Kits/Safe/Safe]
[2019.11.17-21.37.52:099][ 12]Cmd: OBJ SAVEPACKAGE PACKAGE="/Game/Kits/Safe/Safe" FILE="C:/Users/danny/Desktop/Systems_Sandbox/Mechanics_Sandbox/Saved/Autosaves/Game/Kits/Safe/Safe_Auto4.uasset" SILENT=false AUTOSAVING=true
[2019.11.17-21.37.52:850][ 12]LogSavePackage: Moving 'C:/Users/danny/Desktop/Systems_Sandbox/Mechanics_Sandbox/Saved/Safe_Auto458060F7645380F7CF9FC9C808E7FDF3D.tmp' to 'C:/Users/danny/Desktop/Systems_Sandbox/Mechanics_Sandbox/Saved/Autosaves/Game/Kits/Safe/Safe_Auto4.uasset'
[2019.11.17-21.37.52:855][ 12]LogFileHelpers: Auto-saving content packages took 2.036
[2019.11.17-21.39.53:823][671]BlueprintLog: New page: Compile Safe
[2019.11.17-21.39.54:575][671]LogUObjectHash: Compacting FUObjectHashTables data took  11.79ms
[2019.11.17-21.40.05:405][957]BlueprintLog: New page: Compile Safe
[2019.11.17-21.40.05:463][957]LogClass: Warning: Type mismatch in SafeDisplayColor of Safe_C - Previous (BoolProperty) Current(StructProperty) for package:  FObjectReader
[2019.11.17-21.40.06:120][957]LogUObjectHash: Compacting FUObjectHashTables data took  11.49ms
[2019.11.17-21.40.36:560][758]LogEditorTransaction: Undo Move Node
[2019.11.17-21.40.37:061][759]LogEditorTransaction: Undo Create Pin Link
[2019.11.17-21.40.38:037][774]LogEditorTransaction: Undo Paste clipboard contents
[2019.11.17-21.40.39:103][785]LogEditorTransaction: Undo Break Pin Link
[2019.11.17-21.41.04:206][501]BlueprintLog: New page: Compile Safe
[2019.11.17-21.41.04:976][501]LogUObjectHash: Compacting FUObjectHashTables data took  11.71ms
[2019.11.17-21.41.32:750][247]BlueprintLog: New page: Compile Safe
[2019.11.17-21.41.33:526][247]LogUObjectHash: Compacting FUObjectHashTables data took  10.49ms
[2019.11.17-21.42.34:052][965]BlueprintLog: New page: Compile Safe
[2019.11.17-21.42.34:774][965]LogUObjectHash: Compacting FUObjectHashTables data took  11.34ms
[2019.11.17-21.43.29:507][323]LogEditorTransaction: Undo Move Nodes
[2019.11.17-21.43.30:333][334]LogEditorTransaction: Undo Move Nodes
[2019.11.17-21.43.33:736][406]BlueprintLog: New page: Compile Safe
[2019.11.17-21.43.34:469][406]LogUObjectHash: Compacting FUObjectHashTables data took  11.18ms
[2019.11.17-21.43.36:856][447]LogTemp: Repeating last play command: Selected Viewport
[2019.11.17-21.43.37:034][447]LogBlueprintUserMessages: Early PlayInEditor Detection: Level '/Game/FirstPersonBP/Maps/FirstPersonExampleMap.FirstPersonExampleMap:PersistentLevel' has LevelScriptBlueprint '/Game/FirstPersonBP/Maps/FirstPersonExampleMap.FirstPersonExampleMap:PersistentLevel.FirstPersonExampleMap' with GeneratedClass '/Game/FirstPersonBP/Maps/FirstPersonExampleMap.FirstPersonExampleMap_C' with ClassGeneratedBy '/Game/FirstPersonBP/Maps/FirstPersonExampleMap.FirstPersonExampleMap:PersistentLevel.FirstPersonExampleMap'
[2019.11.17-21.43.37:035][447]LogBlueprintUserMessages: Early PlayInEditor Detection: Level '/Game/Maps/Door_Breached.Door_Breached:PersistentLevel' has LevelScriptBlueprint '/Game/Maps/Door_Breached.Door_Breached:PersistentLevel.Door_Breached' with GeneratedClass '/Game/Maps/Door_Breached.Door_Breached_C' with ClassGeneratedBy '/Game/Maps/Door_Breached.Door_Breached:PersistentLevel.Door_Breached'
[2019.11.17-21.43.37:037][447]LogBlueprintUserMessages: Early PlayInEditor Detection: Level '/Game/Maps/Door_Kit.Door_Kit:PersistentLevel' has LevelScriptBlueprint '/Game/Maps/Door_Kit.Door_Kit:PersistentLevel.Door_Kit' with GeneratedClass '/Game/Maps/Door_Kit.Door_Kit_C' with ClassGeneratedBy '/Game/Maps/Door_Kit.Door_Kit:PersistentLevel.Door_Kit'
[2019.11.17-21.43.37:038][447]LogBlueprintUserMessages: Early PlayInEditor Detection: Level '/Game/Maps/Turret_Kit.Turret_Kit:PersistentLevel' has LevelScriptBlueprint '/Game/Maps/Turret_Kit.Turret_Kit:PersistentLevel.Turret_Kit' with GeneratedClass '/Game/Maps/Turret_Kit.Turret_Kit_C' with ClassGeneratedBy '/Game/Maps/Turret_Kit.Turret_Kit:PersistentLevel.Turret_Kit'
[2019.11.17-21.43.37:039][447]LogBlueprintUserMessages: Early PlayInEditor Detection: Level '/Game/Maps/Laser_Kit.Laser_Kit:PersistentLevel' has LevelScriptBlueprint '/Game/Maps/Laser_Kit.Laser_Kit:PersistentLevel.Laser_Kit' with GeneratedClass '/Game/Maps/Laser_Kit.Laser_Kit_C' with ClassGeneratedBy '/Game/Maps/Laser_Kit.Laser_Kit:PersistentLevel.Laser_Kit'
[2019.11.17-21.43.37:039][447]LogBlueprintUserMessages: Early PlayInEditor Detection: Level '/Game/Maps/Camera_Kit.Camera_Kit:PersistentLevel' has LevelScriptBlueprint '/Game/Maps/Camera_Kit.Camera_Kit:PersistentLevel.Camera_Kit' with GeneratedClass '/Game/Maps/Camera_Kit.Camera_Kit_C' with ClassGeneratedBy '/Game/Maps/Camera_Kit.Camera_Kit:PersistentLevel.Camera_Kit'
[2019.11.17-21.43.37:041][447]LogBlueprintUserMessages: Early PlayInEditor Detection: Level '/Game/Maps/Explosive_Kit.Explosive_Kit:PersistentLevel' has LevelScriptBlueprint '/Game/Maps/Explosive_Kit.Explosive_Kit:PersistentLevel.Explosive_Kit' with GeneratedClass '/Game/Maps/Explosive_Kit.Explosive_Kit_C' with ClassGeneratedBy '/Game/Maps/Explosive_Kit.Explosive_Kit:PersistentLevel.Explosive_Kit'
[2019.11.17-21.43.37:042][447]LogBlueprintUserMessages: Early PlayInEditor Detection: Level '/Game/Maps/Teleport_Kit.Teleport_Kit:PersistentLevel' has LevelScriptBlueprint '/Game/Maps/Teleport_Kit.Teleport_Kit:PersistentLevel.Teleport_Kit' with GeneratedClass '/Game/Maps/Teleport_Kit.Teleport_Kit_C' with ClassGeneratedBy '/Game/Maps/Teleport_Kit.Teleport_Kit:PersistentLevel.Teleport_Kit'
[2019.11.17-21.43.37:043][447]LogPlayLevel: PlayLevel: No blueprints needed recompiling
[2019.11.17-21.43.37:044][447]PIE: New page: PIE session: FirstPersonExampleMap (Nov 17, 2019, 5:43:37 AM)
[2019.11.17-21.43.37:044][447]LogPlayLevel: Creating play world package: /Game/FirstPersonBP/Maps/UEDPIE_0_FirstPersonExampleMap
[2019.11.17-21.43.37:092][447]LogPlayLevel: PIE: StaticDuplicateObject took: (0.047349s)
[2019.11.17-21.43.37:094][447]LogAIModule: Creating AISystem for world FirstPersonExampleMap
[2019.11.17-21.43.37:096][447]LogPlayLevel: PIE: World Init took: (0.003025s)
[2019.11.17-21.43.37:096][447]LogPlayLevel: PIE: Created PIE world by copying editor world from /Game/FirstPersonBP/Maps/FirstPersonExampleMap.FirstPersonExampleMap to /Game/FirstPersonBP/Maps/UEDPIE_0_FirstPersonExampleMap.FirstPersonExampleMap (0.051873s)
[2019.11.17-21.43.37:235][447]LogUObjectHash: Compacting FUObjectHashTables data took  11.02ms
[2019.11.17-21.43.37:306][447]LogInit: XAudio2 using 'Headset Earphone (SteelSeries Arctis 5 Chat)' : 2 channels at 48 kHz using 16 bits per sample (channel mask 0x3)
[2019.11.17-21.43.37:346][447]LogInit: FAudioDevice initialized.
[2019.11.17-21.43.37:395][447]LogLoad: Game class is 'FirstPersonGameMode_C'
[2019.11.17-21.43.37:409][447]LogWorld: Bringing World /Game/FirstPersonBP/Maps/UEDPIE_0_FirstPersonExampleMap.FirstPersonExampleMap up for play (max tick rate 60) at 2019.11.17-13.43.37
[2019.11.17-21.43.37:411][447]LogWorld: Bringing up level for play took: 0.012852
[2019.11.17-21.43.37:427][447]PIE: Play in editor start time for /Game/FirstPersonBP/Maps/UEDPIE_0_FirstPersonExampleMap -0.245
[2019.11.17-21.43.37:427][447]LogBlueprintUserMessages: Late PlayInEditor Detection: Level '/Game/FirstPersonBP/Maps/FirstPersonExampleMap.FirstPersonExampleMap:PersistentLevel' has LevelScriptBlueprint '/Game/FirstPersonBP/Maps/FirstPersonExampleMap.FirstPersonExampleMap:PersistentLevel.FirstPersonExampleMap' with GeneratedClass '/Game/FirstPersonBP/Maps/FirstPersonExampleMap.FirstPersonExampleMap_C' with ClassGeneratedBy '/Game/FirstPersonBP/Maps/FirstPersonExampleMap.FirstPersonExampleMap:PersistentLevel.FirstPersonExampleMap'
[2019.11.17-21.43.37:429][447]LogBlueprintUserMessages: Late PlayInEditor Detection: Level '/Game/Maps/Door_Breached.Door_Breached:PersistentLevel' has LevelScriptBlueprint '/Game/Maps/Door_Breached.Door_Breached:PersistentLevel.Door_Breached' with GeneratedClass '/Game/Maps/Door_Breached.Door_Breached_C' with ClassGeneratedBy '/Game/Maps/Door_Breached.Door_Breached:PersistentLevel.Door_Breached'
[2019.11.17-21.43.37:431][447]LogBlueprintUserMessages: Late PlayInEditor Detection: Level '/Game/Maps/Door_Kit.Door_Kit:PersistentLevel' has LevelScriptBlueprint '/Game/Maps/Door_Kit.Door_Kit:PersistentLevel.Door_Kit' with GeneratedClass '/Game/Maps/Door_Kit.Door_Kit_C' with ClassGeneratedBy '/Game/Maps/Door_Kit.Door_Kit:PersistentLevel.Door_Kit'
[2019.11.17-21.43.37:432][447]LogBlueprintUserMessages: Late PlayInEditor Detection: Level '/Game/Maps/Turret_Kit.Turret_Kit:PersistentLevel' has LevelScriptBlueprint '/Game/Maps/Turret_Kit.Turret_Kit:PersistentLevel.Turret_Kit' with GeneratedClass '/Game/Maps/Turret_Kit.Turret_Kit_C' with ClassGeneratedBy '/Game/Maps/Turret_Kit.Turret_Kit:PersistentLevel.Turret_Kit'
[2019.11.17-21.43.37:433][447]LogBlueprintUserMessages: Late PlayInEditor Detection: Level '/Game/Maps/Laser_Kit.Laser_Kit:PersistentLevel' has LevelScriptBlueprint '/Game/Maps/Laser_Kit.Laser_Kit:PersistentLevel.Laser_Kit' with GeneratedClass '/Game/Maps/Laser_Kit.Laser_Kit_C' with ClassGeneratedBy '/Game/Maps/Laser_Kit.Laser_Kit:PersistentLevel.Laser_Kit'
[2019.11.17-21.43.37:434][447]LogBlueprintUserMessages: Late PlayInEditor Detection: Level '/Game/Maps/Camera_Kit.Camera_Kit:PersistentLevel' has LevelScriptBlueprint '/Game/Maps/Camera_Kit.Camera_Kit:PersistentLevel.Camera_Kit' with GeneratedClass '/Game/Maps/Camera_Kit.Camera_Kit_C' with ClassGeneratedBy '/Game/Maps/Camera_Kit.Camera_Kit:PersistentLevel.Camera_Kit'
[2019.11.17-21.43.37:436][447]LogBlueprintUserMessages: Late PlayInEditor Detection: Level '/Game/Maps/Explosive_Kit.Explosive_Kit:PersistentLevel' has LevelScriptBlueprint '/Game/Maps/Explosive_Kit.Explosive_Kit:PersistentLevel.Explosive_Kit' with GeneratedClass '/Game/Maps/Explosive_Kit.Explosive_Kit_C' with ClassGeneratedBy '/Game/Maps/Explosive_Kit.Explosive_Kit:PersistentLevel.Explosive_Kit'
[2019.11.17-21.43.37:437][447]LogBlueprintUserMessages: Late PlayInEditor Detection: Level '/Game/Maps/Teleport_Kit.Teleport_Kit:PersistentLevel' has LevelScriptBlueprint '/Game/Maps/Teleport_Kit.Teleport_Kit:PersistentLevel.Teleport_Kit' with GeneratedClass '/Game/Maps/Teleport_Kit.Teleport_Kit_C' with ClassGeneratedBy '/Game/Maps/Teleport_Kit.Teleport_Kit:PersistentLevel.Teleport_Kit'
[2019.11.17-21.43.41:222][513]LogBlueprintUserMessages: [Safe_2] Safe: Code entered is incorrect
[2019.11.17-21.43.41:223][513]LogBlueprintUserMessages: [Safe_2] Attempt:  1 of 3
[2019.11.17-21.43.41:606][521]LogBlueprintUserMessages: [Safe_2] Safe: Code entered is incorrect
[2019.11.17-21.43.41:607][521]LogBlueprintUserMessages: [Safe_2] Attempt:  2 of 3
[2019.11.17-21.43.41:949][528]LogBlueprintUserMessages: [Safe_2] Safe: Code entered is incorrect
[2019.11.17-21.43.44:076][572]LogBlueprintUserMessages: Early EndPlayMap Detection: Level '/Game/FirstPersonBP/Maps/FirstPersonExampleMap.FirstPersonExampleMap:PersistentLevel' has LevelScriptBlueprint '/Game/FirstPersonBP/Maps/FirstPersonExampleMap.FirstPersonExampleMap:PersistentLevel.FirstPersonExampleMap' with GeneratedClass '/Game/FirstPersonBP/Maps/FirstPersonExampleMap.FirstPersonExampleMap_C' with ClassGeneratedBy '/Game/FirstPersonBP/Maps/FirstPersonExampleMap.FirstPersonExampleMap:PersistentLevel.FirstPersonExampleMap'
[2019.11.17-21.43.44:078][572]LogBlueprintUserMessages: Early EndPlayMap Detection: Level '/Game/Maps/Door_Breached.Door_Breached:PersistentLevel' has LevelScriptBlueprint '/Game/Maps/Door_Breached.Door_Breached:PersistentLevel.Door_Breached' with GeneratedClass '/Game/Maps/Door_Breached.Door_Breached_C' with ClassGeneratedBy '/Game/Maps/Door_Breached.Door_Breached:PersistentLevel.Door_Breached'
[2019.11.17-21.43.44:081][572]LogBlueprintUserMessages: Early EndPlayMap Detection: Level '/Game/Maps/Door_Kit.Door_Kit:PersistentLevel' has LevelScriptBlueprint '/Game/Maps/Door_Kit.Door_Kit:PersistentLevel.Door_Kit' with GeneratedClass '/Game/Maps/Door_Kit.Door_Kit_C' with ClassGeneratedBy '/Game/Maps/Door_Kit.Door_Kit:PersistentLevel.Door_Kit'
[2019.11.17-21.43.44:083][572]LogBlueprintUserMessages: Early EndPlayMap Detection: Level '/Game/Maps/Turret_Kit.Turret_Kit:PersistentLevel' has LevelScriptBlueprint '/Game/Maps/Turret_Kit.Turret_Kit:PersistentLevel.Turret_Kit' with GeneratedClass '/Game/Maps/Turret_Kit.Turret_Kit_C' with ClassGeneratedBy '/Game/Maps/Turret_Kit.Turret_Kit:PersistentLevel.Turret_Kit'
[2019.11.17-21.43.44:084][572]LogBlueprintUserMessages: Early EndPlayMap Detection: Level '/Game/Maps/Laser_Kit.Laser_Kit:PersistentLevel' has LevelScriptBlueprint '/Game/Maps/Laser_Kit.Laser_Kit:PersistentLevel.Laser_Kit' with GeneratedClass '/Game/Maps/Laser_Kit.Laser_Kit_C' with ClassGeneratedBy '/Game/Maps/Laser_Kit.Laser_Kit:PersistentLevel.Laser_Kit'
[2019.11.17-21.43.44:085][572]LogBlueprintUserMessages: Early EndPlayMap Detection: Level '/Game/Maps/Camera_Kit.Camera_Kit:PersistentLevel' has LevelScriptBlueprint '/Game/Maps/Camera_Kit.Camera_Kit:PersistentLevel.Camera_Kit' with GeneratedClass '/Game/Maps/Camera_Kit.Camera_Kit_C' with ClassGeneratedBy '/Game/Maps/Camera_Kit.Camera_Kit:PersistentLevel.Camera_Kit'
[2019.11.17-21.43.44:087][572]LogBlueprintUserMessages: Early EndPlayMap Detection: Level '/Game/Maps/Explosive_Kit.Explosive_Kit:PersistentLevel' has LevelScriptBlueprint '/Game/Maps/Explosive_Kit.Explosive_Kit:PersistentLevel.Explosive_Kit' with GeneratedClass '/Game/Maps/Explosive_Kit.Explosive_Kit_C' with ClassGeneratedBy '/Game/Maps/Explosive_Kit.Explosive_Kit:PersistentLevel.Explosive_Kit'
[2019.11.17-21.43.44:088][572]LogBlueprintUserMessages: Early EndPlayMap Detection: Level '/Game/Maps/Teleport_Kit.Teleport_Kit:PersistentLevel' has LevelScriptBlueprint '/Game/Maps/Teleport_Kit.Teleport_Kit:PersistentLevel.Teleport_Kit' with GeneratedClass '/Game/Maps/Teleport_Kit.Teleport_Kit_C' with ClassGeneratedBy '/Game/Maps/Teleport_Kit.Teleport_Kit:PersistentLevel.Teleport_Kit'
[2019.11.17-21.43.44:090][572]LogSlate: Updating window title bar state: overlay mode, drag disabled, window buttons hidden, title bar hidden
[2019.11.17-21.43.44:207][572]LogPlayLevel: Display: Shutting down PIE online subsystems
[2019.11.17-21.43.44:207][572]LogBlueprintUserMessages: Late EndPlayMap Detection: Level '/Game/FirstPersonBP/Maps/FirstPersonExampleMap.FirstPersonExampleMap:PersistentLevel' has LevelScriptBlueprint '/Game/FirstPersonBP/Maps/FirstPersonExampleMap.FirstPersonExampleMap:PersistentLevel.FirstPersonExampleMap' with GeneratedClass '/Game/FirstPersonBP/Maps/FirstPersonExampleMap.FirstPersonExampleMap_C' with ClassGeneratedBy '/Game/FirstPersonBP/Maps/FirstPersonExampleMap.FirstPersonExampleMap:PersistentLevel.FirstPersonExampleMap'
[2019.11.17-21.43.44:209][572]LogBlueprintUserMessages: Late EndPlayMap Detection: Level '/Game/Maps/Door_Breached.Door_Breached:PersistentLevel' has LevelScriptBlueprint '/Game/Maps/Door_Breached.Door_Breached:PersistentLevel.Door_Breached' with GeneratedClass '/Game/Maps/Door_Breached.Door_Breached_C' with ClassGeneratedBy '/Game/Maps/Door_Breached.Door_Breached:PersistentLevel.Door_Breached'
[2019.11.17-21.43.44:210][572]LogBlueprintUserMessages: Late EndPlayMap Detection: Level '/Game/Maps/Door_Kit.Door_Kit:PersistentLevel' has LevelScriptBlueprint '/Game/Maps/Door_Kit.Door_Kit:PersistentLevel.Door_Kit' with GeneratedClass '/Game/Maps/Door_Kit.Door_Kit_C' with ClassGeneratedBy '/Game/Maps/Door_Kit.Door_Kit:PersistentLevel.Door_Kit'
[2019.11.17-21.43.44:211][572]LogBlueprintUserMessages: Late EndPlayMap Detection: Level '/Game/Maps/Turret_Kit.Turret_Kit:PersistentLevel' has LevelScriptBlueprint '/Game/Maps/Turret_Kit.Turret_Kit:PersistentLevel.Turret_Kit' with GeneratedClass '/Game/Maps/Turret_Kit.Turret_Kit_C' with ClassGeneratedBy '/Game/Maps/Turret_Kit.Turret_Kit:PersistentLevel.Turret_Kit'
[2019.11.17-21.43.44:212][572]LogBlueprintUserMessages: Late EndPlayMap Detection: Level '/Game/Maps/Laser_Kit.Laser_Kit:PersistentLevel' has LevelScriptBlueprint '/Game/Maps/Laser_Kit.Laser_Kit:PersistentLevel.Laser_Kit' with GeneratedClass '/Game/Maps/Laser_Kit.Laser_Kit_C' with ClassGeneratedBy '/Game/Maps/Laser_Kit.Laser_Kit:PersistentLevel.Laser_Kit'
[2019.11.17-21.43.44:213][572]LogBlueprintUserMessages: Late EndPlayMap Detection: Level '/Game/Maps/Camera_Kit.Camera_Kit:PersistentLevel' has LevelScriptBlueprint '/Game/Maps/Camera_Kit.Camera_Kit:PersistentLevel.Camera_Kit' with GeneratedClass '/Game/Maps/Camera_Kit.Camera_Kit_C' with ClassGeneratedBy '/Game/Maps/Camera_Kit.Camera_Kit:PersistentLevel.Camera_Kit'
[2019.11.17-21.43.44:214][572]LogBlueprintUserMessages: Late EndPlayMap Detection: Level '/Game/Maps/Explosive_Kit.Explosive_Kit:PersistentLevel' has LevelScriptBlueprint '/Game/Maps/Explosive_Kit.Explosive_Kit:PersistentLevel.Explosive_Kit' with GeneratedClass '/Game/Maps/Explosive_Kit.Explosive_Kit_C' with ClassGeneratedBy '/Game/Maps/Explosive_Kit.Explosive_Kit:PersistentLevel.Explosive_Kit'
[2019.11.17-21.43.44:215][572]LogBlueprintUserMessages: Late EndPlayMap Detection: Level '/Game/Maps/Teleport_Kit.Teleport_Kit:PersistentLevel' has LevelScriptBlueprint '/Game/Maps/Teleport_Kit.Teleport_Kit:PersistentLevel.Teleport_Kit' with GeneratedClass '/Game/Maps/Teleport_Kit.Teleport_Kit_C' with ClassGeneratedBy '/Game/Maps/Teleport_Kit.Teleport_Kit:PersistentLevel.Teleport_Kit'
[2019.11.17-21.43.44:356][572]LogSlate: Updating window title bar state: overlay mode, drag disabled, window buttons hidden, title bar hidden
[2019.11.17-21.43.44:369][572]LogUObjectHash: Compacting FUObjectHashTables data took   7.28ms
[2019.11.17-21.43.44:794][573]LogPlayLevel: Display: Destroying online subsystem :Context_63
[2019.11.17-21.43.45:011][577]LogSlate: FSceneViewport::OnFocusLost() reason 0
[2019.11.17-21.43.50:773][744]LogTemp: Repeating last play command: Selected Viewport
[2019.11.17-21.43.50:870][744]LogBlueprintUserMessages: Early PlayInEditor Detection: Level '/Game/FirstPersonBP/Maps/FirstPersonExampleMap.FirstPersonExampleMap:PersistentLevel' has LevelScriptBlueprint '/Game/FirstPersonBP/Maps/FirstPersonExampleMap.FirstPersonExampleMap:PersistentLevel.FirstPersonExampleMap' with GeneratedClass '/Game/FirstPersonBP/Maps/FirstPersonExampleMap.FirstPersonExampleMap_C' with ClassGeneratedBy '/Game/FirstPersonBP/Maps/FirstPersonExampleMap.FirstPersonExampleMap:PersistentLevel.FirstPersonExampleMap'
[2019.11.17-21.43.50:872][744]LogBlueprintUserMessages: Early PlayInEditor Detection: Level '/Game/Maps/Door_Breached.Door_Breached:PersistentLevel' has LevelScriptBlueprint '/Game/Maps/Door_Breached.Door_Breached:PersistentLevel.Door_Breached' with GeneratedClass '/Game/Maps/Door_Breached.Door_Breached_C' with ClassGeneratedBy '/Game/Maps/Door_Breached.Door_Breached:PersistentLevel.Door_Breached'
[2019.11.17-21.43.50:873][744]LogBlueprintUserMessages: Early PlayInEditor Detection: Level '/Game/Maps/Door_Kit.Door_Kit:PersistentLevel' has LevelScriptBlueprint '/Game/Maps/Door_Kit.Door_Kit:PersistentLevel.Door_Kit' with GeneratedClass '/Game/Maps/Door_Kit.Door_Kit_C' with ClassGeneratedBy '/Game/Maps/Door_Kit.Door_Kit:PersistentLevel.Door_Kit'
[2019.11.17-21.43.50:874][744]LogBlueprintUserMessages: Early PlayInEditor Detection: Level '/Game/Maps/Turret_Kit.Turret_Kit:PersistentLevel' has LevelScriptBlueprint '/Game/Maps/Turret_Kit.Turret_Kit:PersistentLevel.Turret_Kit' with GeneratedClass '/Game/Maps/Turret_Kit.Turret_Kit_C' with ClassGeneratedBy '/Game/Maps/Turret_Kit.Turret_Kit:PersistentLevel.Turret_Kit'
[2019.11.17-21.43.50:875][744]LogBlueprintUserMessages: Early PlayInEditor Detection: Level '/Game/Maps/Laser_Kit.Laser_Kit:PersistentLevel' has LevelScriptBlueprint '/Game/Maps/Laser_Kit.Laser_Kit:PersistentLevel.Laser_Kit' with GeneratedClass '/Game/Maps/Laser_Kit.Laser_Kit_C' with ClassGeneratedBy '/Game/Maps/Laser_Kit.Laser_Kit:PersistentLevel.Laser_Kit'
[2019.11.17-21.43.50:876][744]LogBlueprintUserMessages: Early PlayInEditor Detection: Level '/Game/Maps/Camera_Kit.Camera_Kit:PersistentLevel' has LevelScriptBlueprint '/Game/Maps/Camera_Kit.Camera_Kit:PersistentLevel.Camera_Kit' with GeneratedClass '/Game/Maps/Camera_Kit.Camera_Kit_C' with ClassGeneratedBy '/Game/Maps/Camera_Kit.Camera_Kit:PersistentLevel.Camera_Kit'
[2019.11.17-21.43.50:877][744]LogBlueprintUserMessages: Early PlayInEditor Detection: Level '/Game/Maps/Explosive_Kit.Explosive_Kit:PersistentLevel' has LevelScriptBlueprint '/Game/Maps/Explosive_Kit.Explosive_Kit:PersistentLevel.Explosive_Kit' with GeneratedClass '/Game/Maps/Explosive_Kit.Explosive_Kit_C' with ClassGeneratedBy '/Game/Maps/Explosive_Kit.Explosive_Kit:PersistentLevel.Explosive_Kit'
[2019.11.17-21.43.50:878][744]LogBlueprintUserMessages: Early PlayInEditor Detection: Level '/Game/Maps/Teleport_Kit.Teleport_Kit:PersistentLevel' has LevelScriptBlueprint '/Game/Maps/Teleport_Kit.Teleport_Kit:PersistentLevel.Teleport_Kit' with GeneratedClass '/Game/Maps/Teleport_Kit.Teleport_Kit_C' with ClassGeneratedBy '/Game/Maps/Teleport_Kit.Teleport_Kit:PersistentLevel.Teleport_Kit'
[2019.11.17-21.43.50:879][744]BlueprintLog: New page: Pre-Play auto-recompile
[2019.11.17-21.43.50:889][744]LogPlayLevel: [PlayLevel] Compiling Safe before play...
[2019.11.17-21.43.51:820][744]LogUObjectHash: Compacting FUObjectHashTables data took  11.44ms
[2019.11.17-21.43.51:821][744]LogPlayLevel: PlayLevel: Blueprint regeneration took 942 ms (1 blueprints)
[2019.11.17-21.43.51:822][744]PIE: New page: PIE session: FirstPersonExampleMap (Nov 17, 2019, 5:43:51 AM)
[2019.11.17-21.43.51:822][744]LogPlayLevel: Creating play world package: /Game/FirstPersonBP/Maps/UEDPIE_0_FirstPersonExampleMap
[2019.11.17-21.43.51:874][744]LogPlayLevel: PIE: StaticDuplicateObject took: (0.050818s)
[2019.11.17-21.43.51:876][744]LogAIModule: Creating AISystem for world FirstPersonExampleMap
[2019.11.17-21.43.51:877][744]LogPlayLevel: PIE: World Init took: (0.002367s)
[2019.11.17-21.43.51:877][744]LogPlayLevel: PIE: Created PIE world by copying editor world from /Game/FirstPersonBP/Maps/FirstPersonExampleMap.FirstPersonExampleMap to /Game/FirstPersonBP/Maps/UEDPIE_0_FirstPersonExampleMap.FirstPersonExampleMap (0.054553s)
[2019.11.17-21.43.52:015][744]LogUObjectHash: Compacting FUObjectHashTables data took   7.23ms
[2019.11.17-21.43.52:087][744]LogInit: XAudio2 using 'Headset Earphone (SteelSeries Arctis 5 Chat)' : 2 channels at 48 kHz using 16 bits per sample (channel mask 0x3)
[2019.11.17-21.43.52:127][744]LogInit: FAudioDevice initialized.
[2019.11.17-21.43.52:180][744]LogLoad: Game class is 'FirstPersonGameMode_C'
[2019.11.17-21.43.52:192][744]LogWorld: Bringing World /Game/FirstPersonBP/Maps/UEDPIE_0_FirstPersonExampleMap.FirstPersonExampleMap up for play (max tick rate 60) at 2019.11.17-13.43.52
[2019.11.17-21.43.52:194][744]LogWorld: Bringing up level for play took: 0.009870
[2019.11.17-21.43.52:209][744]PIE: Play in editor start time for /Game/FirstPersonBP/Maps/UEDPIE_0_FirstPersonExampleMap 0.538
[2019.11.17-21.43.52:210][744]LogBlueprintUserMessages: Late PlayInEditor Detection: Level '/Game/FirstPersonBP/Maps/FirstPersonExampleMap.FirstPersonExampleMap:PersistentLevel' has LevelScriptBlueprint '/Game/FirstPersonBP/Maps/FirstPersonExampleMap.FirstPersonExampleMap:PersistentLevel.FirstPersonExampleMap' with GeneratedClass '/Game/FirstPersonBP/Maps/FirstPersonExampleMap.FirstPersonExampleMap_C' with ClassGeneratedBy '/Game/FirstPersonBP/Maps/FirstPersonExampleMap.FirstPersonExampleMap:PersistentLevel.FirstPersonExampleMap'
[2019.11.17-21.43.52:212][744]LogBlueprintUserMessages: Late PlayInEditor Detection: Level '/Game/Maps/Door_Breached.Door_Breached:PersistentLevel' has LevelScriptBlueprint '/Game/Maps/Door_Breached.Door_Breached:PersistentLevel.Door_Breached' with GeneratedClass '/Game/Maps/Door_Breached.Door_Breached_C' with ClassGeneratedBy '/Game/Maps/Door_Breached.Door_Breached:PersistentLevel.Door_Breached'
[2019.11.17-21.43.52:213][744]LogBlueprintUserMessages: Late PlayInEditor Detection: Level '/Game/Maps/Door_Kit.Door_Kit:PersistentLevel' has LevelScriptBlueprint '/Game/Maps/Door_Kit.Door_Kit:PersistentLevel.Door_Kit' with GeneratedClass '/Game/Maps/Door_Kit.Door_Kit_C' with ClassGeneratedBy '/Game/Maps/Door_Kit.Door_Kit:PersistentLevel.Door_Kit'
[2019.11.17-21.43.52:214][744]LogBlueprintUserMessages: Late PlayInEditor Detection: Level '/Game/Maps/Turret_Kit.Turret_Kit:PersistentLevel' has LevelScriptBlueprint '/Game/Maps/Turret_Kit.Turret_Kit:PersistentLevel.Turret_Kit' with GeneratedClass '/Game/Maps/Turret_Kit.Turret_Kit_C' with ClassGeneratedBy '/Game/Maps/Turret_Kit.Turret_Kit:PersistentLevel.Turret_Kit'
[2019.11.17-21.43.52:215][744]LogBlueprintUserMessages: Late PlayInEditor Detection: Level '/Game/Maps/Laser_Kit.Laser_Kit:PersistentLevel' has LevelScriptBlueprint '/Game/Maps/Laser_Kit.Laser_Kit:PersistentLevel.Laser_Kit' with GeneratedClass '/Game/Maps/Laser_Kit.Laser_Kit_C' with ClassGeneratedBy '/Game/Maps/Laser_Kit.Laser_Kit:PersistentLevel.Laser_Kit'
[2019.11.17-21.43.52:215][744]LogBlueprintUserMessages: Late PlayInEditor Detection: Level '/Game/Maps/Camera_Kit.Camera_Kit:PersistentLevel' has LevelScriptBlueprint '/Game/Maps/Camera_Kit.Camera_Kit:PersistentLevel.Camera_Kit' with GeneratedClass '/Game/Maps/Camera_Kit.Camera_Kit_C' with ClassGeneratedBy '/Game/Maps/Camera_Kit.Camera_Kit:PersistentLevel.Camera_Kit'
[2019.11.17-21.43.52:216][744]LogBlueprintUserMessages: Late PlayInEditor Detection: Level '/Game/Maps/Explosive_Kit.Explosive_Kit:PersistentLevel' has LevelScriptBlueprint '/Game/Maps/Explosive_Kit.Explosive_Kit:PersistentLevel.Explosive_Kit' with GeneratedClass '/Game/Maps/Explosive_Kit.Explosive_Kit_C' with ClassGeneratedBy '/Game/Maps/Explosive_Kit.Explosive_Kit:PersistentLevel.Explosive_Kit'
[2019.11.17-21.43.52:217][744]LogBlueprintUserMessages: Late PlayInEditor Detection: Level '/Game/Maps/Teleport_Kit.Teleport_Kit:PersistentLevel' has LevelScriptBlueprint '/Game/Maps/Teleport_Kit.Teleport_Kit:PersistentLevel.Teleport_Kit' with GeneratedClass '/Game/Maps/Teleport_Kit.Teleport_Kit_C' with ClassGeneratedBy '/Game/Maps/Teleport_Kit.Teleport_Kit:PersistentLevel.Teleport_Kit'
[2019.11.17-21.43.54:915][807]LogBlueprintUserMessages: [Safe_2] Safe: Code entered is incorrect
[2019.11.17-21.43.54:915][807]LogBlueprintUserMessages: [Safe_2] Attempt:  1 of 3
[2019.11.17-21.43.55:546][826]LogBlueprintUserMessages: [Safe_2] Safe: Code entered is incorrect
[2019.11.17-21.43.55:546][826]LogBlueprintUserMessages: [Safe_2] Attempt:  2 of 3
[2019.11.17-21.43.56:281][848]LogBlueprintUserMessages: [Safe_2] Safe: Code entered is incorrect
[2019.11.17-21.44.11:249][292]LogBlueprintUserMessages: [Safe_2] Safe: Reset
[2019.11.17-21.44.12:941][344]LogBlueprintUserMessages: [Safe_2] Safe: BEEP
[2019.11.17-21.44.13:699][366]LogBlueprintUserMessages: [Safe_2] Safe: BEEP
[2019.11.17-21.44.14:237][382]LogBlueprintUserMessages: [Safe_2] Safe: BEEP
[2019.11.17-21.44.15:082][406]LogBlueprintUserMessages: [Safe_2] Safe: BEEP
[2019.11.17-21.44.15:605][422]LogBlueprintUserMessages: [Safe_2] Safe: BEEP
[2019.11.17-21.44.17:275][473]LogBlueprintUserMessages: Early EndPlayMap Detection: Level '/Game/FirstPersonBP/Maps/FirstPersonExampleMap.FirstPersonExampleMap:PersistentLevel' has LevelScriptBlueprint '/Game/FirstPersonBP/Maps/FirstPersonExampleMap.FirstPersonExampleMap:PersistentLevel.FirstPersonExampleMap' with GeneratedClass '/Game/FirstPersonBP/Maps/FirstPersonExampleMap.FirstPersonExampleMap_C' with ClassGeneratedBy '/Game/FirstPersonBP/Maps/FirstPersonExampleMap.FirstPersonExampleMap:PersistentLevel.FirstPersonExampleMap'
[2019.11.17-21.44.17:277][473]LogBlueprintUserMessages: Early EndPlayMap Detection: Level '/Game/Maps/Door_Breached.Door_Breached:PersistentLevel' has LevelScriptBlueprint '/Game/Maps/Door_Breached.Door_Breached:PersistentLevel.Door_Breached' with GeneratedClass '/Game/Maps/Door_Breached.Door_Breached_C' with ClassGeneratedBy '/Game/Maps/Door_Breached.Door_Breached:PersistentLevel.Door_Breached'
[2019.11.17-21.44.17:279][473]LogBlueprintUserMessages: Early EndPlayMap Detection: Level '/Game/Maps/Door_Kit.Door_Kit:PersistentLevel' has LevelScriptBlueprint '/Game/Maps/Door_Kit.Door_Kit:PersistentLevel.Door_Kit' with GeneratedClass '/Game/Maps/Door_Kit.Door_Kit_C' with ClassGeneratedBy '/Game/Maps/Door_Kit.Door_Kit:PersistentLevel.Door_Kit'
[2019.11.17-21.44.17:280][473]LogBlueprintUserMessages: Early EndPlayMap Detection: Level '/Game/Maps/Turret_Kit.Turret_Kit:PersistentLevel' has LevelScriptBlueprint '/Game/Maps/Turret_Kit.Turret_Kit:PersistentLevel.Turret_Kit' with GeneratedClass '/Game/Maps/Turret_Kit.Turret_Kit_C' with ClassGeneratedBy '/Game/Maps/Turret_Kit.Turret_Kit:PersistentLevel.Turret_Kit'
[2019.11.17-21.44.17:281][473]LogBlueprintUserMessages: Early EndPlayMap Detection: Level '/Game/Maps/Laser_Kit.Laser_Kit:PersistentLevel' has LevelScriptBlueprint '/Game/Maps/Laser_Kit.Laser_Kit:PersistentLevel.Laser_Kit' with GeneratedClass '/Game/Maps/Laser_Kit.Laser_Kit_C' with ClassGeneratedBy '/Game/Maps/Laser_Kit.Laser_Kit:PersistentLevel.Laser_Kit'
[2019.11.17-21.44.17:283][473]LogBlueprintUserMessages: Early EndPlayMap Detection: Level '/Game/Maps/Camera_Kit.Camera_Kit:PersistentLevel' has LevelScriptBlueprint '/Game/Maps/Camera_Kit.Camera_Kit:PersistentLevel.Camera_Kit' with GeneratedClass '/Game/Maps/Camera_Kit.Camera_Kit_C' with ClassGeneratedBy '/Game/Maps/Camera_Kit.Camera_Kit:PersistentLevel.Camera_Kit'
[2019.11.17-21.44.17:284][473]LogBlueprintUserMessages: Early EndPlayMap Detection: Level '/Game/Maps/Explosive_Kit.Explosive_Kit:PersistentLevel' has LevelScriptBlueprint '/Game/Maps/Explosive_Kit.Explosive_Kit:PersistentLevel.Explosive_Kit' with GeneratedClass '/Game/Maps/Explosive_Kit.Explosive_Kit_C' with ClassGeneratedBy '/Game/Maps/Explosive_Kit.Explosive_Kit:PersistentLevel.Explosive_Kit'
[2019.11.17-21.44.17:286][473]LogBlueprintUserMessages: Early EndPlayMap Detection: Level '/Game/Maps/Teleport_Kit.Teleport_Kit:PersistentLevel' has LevelScriptBlueprint '/Game/Maps/Teleport_Kit.Teleport_Kit:PersistentLevel.Teleport_Kit' with GeneratedClass '/Game/Maps/Teleport_Kit.Teleport_Kit_C' with ClassGeneratedBy '/Game/Maps/Teleport_Kit.Teleport_Kit:PersistentLevel.Teleport_Kit'
[2019.11.17-21.44.17:288][473]LogSlate: Updating window title bar state: overlay mode, drag disabled, window buttons hidden, title bar hidden
[2019.11.17-21.44.17:355][473]LogPlayLevel: Display: Shutting down PIE online subsystems
[2019.11.17-21.44.17:356][473]LogBlueprintUserMessages: Late EndPlayMap Detection: Level '/Game/FirstPersonBP/Maps/FirstPersonExampleMap.FirstPersonExampleMap:PersistentLevel' has LevelScriptBlueprint '/Game/FirstPersonBP/Maps/FirstPersonExampleMap.FirstPersonExampleMap:PersistentLevel.FirstPersonExampleMap' with GeneratedClass '/Game/FirstPersonBP/Maps/FirstPersonExampleMap.FirstPersonExampleMap_C' with ClassGeneratedBy '/Game/FirstPersonBP/Maps/FirstPersonExampleMap.FirstPersonExampleMap:PersistentLevel.FirstPersonExampleMap'
[2019.11.17-21.44.17:357][473]LogBlueprintUserMessages: Late EndPlayMap Detection: Level '/Game/Maps/Door_Breached.Door_Breached:PersistentLevel' has LevelScriptBlueprint '/Game/Maps/Door_Breached.Door_Breached:PersistentLevel.Door_Breached' with GeneratedClass '/Game/Maps/Door_Breached.Door_Breached_C' with ClassGeneratedBy '/Game/Maps/Door_Breached.Door_Breached:PersistentLevel.Door_Breached'
[2019.11.17-21.44.17:358][473]LogBlueprintUserMessages: Late EndPlayMap Detection: Level '/Game/Maps/Door_Kit.Door_Kit:PersistentLevel' has LevelScriptBlueprint '/Game/Maps/Door_Kit.Door_Kit:PersistentLevel.Door_Kit' with GeneratedClass '/Game/Maps/Door_Kit.Door_Kit_C' with ClassGeneratedBy '/Game/Maps/Door_Kit.Door_Kit:PersistentLevel.Door_Kit'
[2019.11.17-21.44.17:359][473]LogBlueprintUserMessages: Late EndPlayMap Detection: Level '/Game/Maps/Turret_Kit.Turret_Kit:PersistentLevel' has LevelScriptBlueprint '/Game/Maps/Turret_Kit.Turret_Kit:PersistentLevel.Turret_Kit' with GeneratedClass '/Game/Maps/Turret_Kit.Turret_Kit_C' with ClassGeneratedBy '/Game/Maps/Turret_Kit.Turret_Kit:PersistentLevel.Turret_Kit'
[2019.11.17-21.44.17:360][473]LogBlueprintUserMessages: Late EndPlayMap Detection: Level '/Game/Maps/Laser_Kit.Laser_Kit:PersistentLevel' has LevelScriptBlueprint '/Game/Maps/Laser_Kit.Laser_Kit:PersistentLevel.Laser_Kit' with GeneratedClass '/Game/Maps/Laser_Kit.Laser_Kit_C' with ClassGeneratedBy '/Game/Maps/Laser_Kit.Laser_Kit:PersistentLevel.Laser_Kit'
[2019.11.17-21.44.17:361][473]LogBlueprintUserMessages: Late EndPlayMap Detection: Level '/Game/Maps/Camera_Kit.Camera_Kit:PersistentLevel' has LevelScriptBlueprint '/Game/Maps/Camera_Kit.Camera_Kit:PersistentLevel.Camera_Kit' with GeneratedClass '/Game/Maps/Camera_Kit.Camera_Kit_C' with ClassGeneratedBy '/Game/Maps/Camera_Kit.Camera_Kit:PersistentLevel.Camera_Kit'
[2019.11.17-21.44.17:362][473]LogBlueprintUserMessages: Late EndPlayMap Detection: Level '/Game/Maps/Explosive_Kit.Explosive_Kit:PersistentLevel' has LevelScriptBlueprint '/Game/Maps/Explosive_Kit.Explosive_Kit:PersistentLevel.Explosive_Kit' with GeneratedClass '/Game/Maps/Explosive_Kit.Explosive_Kit_C' with ClassGeneratedBy '/Game/Maps/Explosive_Kit.Explosive_Kit:PersistentLevel.Explosive_Kit'
[2019.11.17-21.44.17:363][473]LogBlueprintUserMessages: Late EndPlayMap Detection: Level '/Game/Maps/Teleport_Kit.Teleport_Kit:PersistentLevel' has LevelScriptBlueprint '/Game/Maps/Teleport_Kit.Teleport_Kit:PersistentLevel.Teleport_Kit' with GeneratedClass '/Game/Maps/Teleport_Kit.Teleport_Kit_C' with ClassGeneratedBy '/Game/Maps/Teleport_Kit.Teleport_Kit:PersistentLevel.Teleport_Kit'
[2019.11.17-21.44.17:501][473]LogSlate: Updating window title bar state: overlay mode, drag disabled, window buttons hidden, title bar hidden
[2019.11.17-21.44.17:515][473]LogUObjectHash: Compacting FUObjectHashTables data took   6.74ms
[2019.11.17-21.44.17:633][474]LogPlayLevel: Display: Destroying online subsystem :Context_64
[2019.11.17-21.44.18:379][497]LogSlate: FSceneViewport::OnFocusLost() reason 0
[2019.11.17-21.44.43:698][274]LogTemp: Repeating last play command: Selected Viewport
[2019.11.17-21.44.43:874][274]LogBlueprintUserMessages: Early PlayInEditor Detection: Level '/Game/FirstPersonBP/Maps/FirstPersonExampleMap.FirstPersonExampleMap:PersistentLevel' has LevelScriptBlueprint '/Game/FirstPersonBP/Maps/FirstPersonExampleMap.FirstPersonExampleMap:PersistentLevel.FirstPersonExampleMap' with GeneratedClass '/Game/FirstPersonBP/Maps/FirstPersonExampleMap.FirstPersonExampleMap_C' with ClassGeneratedBy '/Game/FirstPersonBP/Maps/FirstPersonExampleMap.FirstPersonExampleMap:PersistentLevel.FirstPersonExampleMap'
[2019.11.17-21.44.43:876][274]LogBlueprintUserMessages: Early PlayInEditor Detection: Level '/Game/Maps/Door_Breached.Door_Breached:PersistentLevel' has LevelScriptBlueprint '/Game/Maps/Door_Breached.Door_Breached:PersistentLevel.Door_Breached' with GeneratedClass '/Game/Maps/Door_Breached.Door_Breached_C' with ClassGeneratedBy '/Game/Maps/Door_Breached.Door_Breached:PersistentLevel.Door_Breached'
[2019.11.17-21.44.43:877][274]LogBlueprintUserMessages: Early PlayInEditor Detection: Level '/Game/Maps/Door_Kit.Door_Kit:PersistentLevel' has LevelScriptBlueprint '/Game/Maps/Door_Kit.Door_Kit:PersistentLevel.Door_Kit' with GeneratedClass '/Game/Maps/Door_Kit.Door_Kit_C' with ClassGeneratedBy '/Game/Maps/Door_Kit.Door_Kit:PersistentLevel.Door_Kit'
[2019.11.17-21.44.43:878][274]LogBlueprintUserMessages: Early PlayInEditor Detection: Level '/Game/Maps/Turret_Kit.Turret_Kit:PersistentLevel' has LevelScriptBlueprint '/Game/Maps/Turret_Kit.Turret_Kit:PersistentLevel.Turret_Kit' with GeneratedClass '/Game/Maps/Turret_Kit.Turret_Kit_C' with ClassGeneratedBy '/Game/Maps/Turret_Kit.Turret_Kit:PersistentLevel.Turret_Kit'
[2019.11.17-21.44.43:879][274]LogBlueprintUserMessages: Early PlayInEditor Detection: Level '/Game/Maps/Laser_Kit.Laser_Kit:PersistentLevel' has LevelScriptBlueprint '/Game/Maps/Laser_Kit.Laser_Kit:PersistentLevel.Laser_Kit' with GeneratedClass '/Game/Maps/Laser_Kit.Laser_Kit_C' with ClassGeneratedBy '/Game/Maps/Laser_Kit.Laser_Kit:PersistentLevel.Laser_Kit'
[2019.11.17-21.44.43:880][274]LogBlueprintUserMessages: Early PlayInEditor Detection: Level '/Game/Maps/Camera_Kit.Camera_Kit:PersistentLevel' has LevelScriptBlueprint '/Game/Maps/Camera_Kit.Camera_Kit:PersistentLevel.Camera_Kit' with GeneratedClass '/Game/Maps/Camera_Kit.Camera_Kit_C' with ClassGeneratedBy '/Game/Maps/Camera_Kit.Camera_Kit:PersistentLevel.Camera_Kit'
[2019.11.17-21.44.43:881][274]LogBlueprintUserMessages: Early PlayInEditor Detection: Level '/Game/Maps/Explosive_Kit.Explosive_Kit:PersistentLevel' has LevelScriptBlueprint '/Game/Maps/Explosive_Kit.Explosive_Kit:PersistentLevel.Explosive_Kit' with GeneratedClass '/Game/Maps/Explosive_Kit.Explosive_Kit_C' with ClassGeneratedBy '/Game/Maps/Explosive_Kit.Explosive_Kit:PersistentLevel.Explosive_Kit'
[2019.11.17-21.44.43:882][274]LogBlueprintUserMessages: Early PlayInEditor Detection: Level '/Game/Maps/Teleport_Kit.Teleport_Kit:PersistentLevel' has LevelScriptBlueprint '/Game/Maps/Teleport_Kit.Teleport_Kit:PersistentLevel.Teleport_Kit' with GeneratedClass '/Game/Maps/Teleport_Kit.Teleport_Kit_C' with ClassGeneratedBy '/Game/Maps/Teleport_Kit.Teleport_Kit:PersistentLevel.Teleport_Kit'
[2019.11.17-21.44.43:883][274]BlueprintLog: New page: Pre-Play auto-recompile
[2019.11.17-21.44.43:893][274]LogPlayLevel: [PlayLevel] Compiling Safe before play...
[2019.11.17-21.44.44:793][274]LogUObjectHash: Compacting FUObjectHashTables data took  10.94ms
[2019.11.17-21.44.44:794][274]LogPlayLevel: PlayLevel: Blueprint regeneration took 910 ms (1 blueprints)
[2019.11.17-21.44.44:794][274]PIE: New page: PIE session: FirstPersonExampleMap (Nov 17, 2019, 5:44:44 AM)
[2019.11.17-21.44.44:795][274]LogPlayLevel: Creating play world package: /Game/FirstPersonBP/Maps/UEDPIE_0_FirstPersonExampleMap
[2019.11.17-21.44.44:844][274]LogPlayLevel: PIE: StaticDuplicateObject took: (0.048738s)
[2019.11.17-21.44.44:846][274]LogAIModule: Creating AISystem for world FirstPersonExampleMap
[2019.11.17-21.44.44:847][274]LogPlayLevel: PIE: World Init took: (0.002195s)
[2019.11.17-21.44.44:848][274]LogPlayLevel: PIE: Created PIE world by copying editor world from /Game/FirstPersonBP/Maps/FirstPersonExampleMap.FirstPersonExampleMap to /Game/FirstPersonBP/Maps/UEDPIE_0_FirstPersonExampleMap.FirstPersonExampleMap (0.052667s)
[2019.11.17-21.44.44:983][274]LogUObjectHash: Compacting FUObjectHashTables data took   6.11ms
[2019.11.17-21.44.45:057][274]LogInit: XAudio2 using 'Headset Earphone (SteelSeries Arctis 5 Chat)' : 2 channels at 48 kHz using 16 bits per sample (channel mask 0x3)
[2019.11.17-21.44.45:096][274]LogInit: FAudioDevice initialized.
[2019.11.17-21.44.45:151][274]LogLoad: Game class is 'FirstPersonGameMode_C'
[2019.11.17-21.44.45:162][274]LogWorld: Bringing World /Game/FirstPersonBP/Maps/UEDPIE_0_FirstPersonExampleMap.FirstPersonExampleMap up for play (max tick rate 60) at 2019.11.17-13.44.45
[2019.11.17-21.44.45:164][274]LogWorld: Bringing up level for play took: 0.010993
[2019.11.17-21.44.45:179][274]PIE: Play in editor start time for /Game/FirstPersonBP/Maps/UEDPIE_0_FirstPersonExampleMap 1.508
[2019.11.17-21.44.45:180][274]LogBlueprintUserMessages: Late PlayInEditor Detection: Level '/Game/FirstPersonBP/Maps/FirstPersonExampleMap.FirstPersonExampleMap:PersistentLevel' has LevelScriptBlueprint '/Game/FirstPersonBP/Maps/FirstPersonExampleMap.FirstPersonExampleMap:PersistentLevel.FirstPersonExampleMap' with GeneratedClass '/Game/FirstPersonBP/Maps/FirstPersonExampleMap.FirstPersonExampleMap_C' with ClassGeneratedBy '/Game/FirstPersonBP/Maps/FirstPersonExampleMap.FirstPersonExampleMap:PersistentLevel.FirstPersonExampleMap'
[2019.11.17-21.44.45:181][274]LogBlueprintUserMessages: Late PlayInEditor Detection: Level '/Game/Maps/Door_Breached.Door_Breached:PersistentLevel' has LevelScriptBlueprint '/Game/Maps/Door_Breached.Door_Breached:PersistentLevel.Door_Breached' with GeneratedClass '/Game/Maps/Door_Breached.Door_Breached_C' with ClassGeneratedBy '/Game/Maps/Door_Breached.Door_Breached:PersistentLevel.Door_Breached'
[2019.11.17-21.44.45:182][274]LogBlueprintUserMessages: Late PlayInEditor Detection: Level '/Game/Maps/Door_Kit.Door_Kit:PersistentLevel' has LevelScriptBlueprint '/Game/Maps/Door_Kit.Door_Kit:PersistentLevel.Door_Kit' with GeneratedClass '/Game/Maps/Door_Kit.Door_Kit_C' with ClassGeneratedBy '/Game/Maps/Door_Kit.Door_Kit:PersistentLevel.Door_Kit'
[2019.11.17-21.44.45:183][274]LogBlueprintUserMessages: Late PlayInEditor Detection: Level '/Game/Maps/Turret_Kit.Turret_Kit:PersistentLevel' has LevelScriptBlueprint '/Game/Maps/Turret_Kit.Turret_Kit:PersistentLevel.Turret_Kit' with GeneratedClass '/Game/Maps/Turret_Kit.Turret_Kit_C' with ClassGeneratedBy '/Game/Maps/Turret_Kit.Turret_Kit:PersistentLevel.Turret_Kit'
[2019.11.17-21.44.45:184][274]LogBlueprintUserMessages: Late PlayInEditor Detection: Level '/Game/Maps/Laser_Kit.Laser_Kit:PersistentLevel' has LevelScriptBlueprint '/Game/Maps/Laser_Kit.Laser_Kit:PersistentLevel.Laser_Kit' with GeneratedClass '/Game/Maps/Laser_Kit.Laser_Kit_C' with ClassGeneratedBy '/Game/Maps/Laser_Kit.Laser_Kit:PersistentLevel.Laser_Kit'
[2019.11.17-21.44.45:185][274]LogBlueprintUserMessages: Late PlayInEditor Detection: Level '/Game/Maps/Camera_Kit.Camera_Kit:PersistentLevel' has LevelScriptBlueprint '/Game/Maps/Camera_Kit.Camera_Kit:PersistentLevel.Camera_Kit' with GeneratedClass '/Game/Maps/Camera_Kit.Camera_Kit_C' with ClassGeneratedBy '/Game/Maps/Camera_Kit.Camera_Kit:PersistentLevel.Camera_Kit'
[2019.11.17-21.44.45:186][274]LogBlueprintUserMessages: Late PlayInEditor Detection: Level '/Game/Maps/Explosive_Kit.Explosive_Kit:PersistentLevel' has LevelScriptBlueprint '/Game/Maps/Explosive_Kit.Explosive_Kit:PersistentLevel.Explosive_Kit' with GeneratedClass '/Game/Maps/Explosive_Kit.Explosive_Kit_C' with ClassGeneratedBy '/Game/Maps/Explosive_Kit.Explosive_Kit:PersistentLevel.Explosive_Kit'
[2019.11.17-21.44.45:187][274]LogBlueprintUserMessages: Late PlayInEditor Detection: Level '/Game/Maps/Teleport_Kit.Teleport_Kit:PersistentLevel' has LevelScriptBlueprint '/Game/Maps/Teleport_Kit.Teleport_Kit:PersistentLevel.Teleport_Kit' with GeneratedClass '/Game/Maps/Teleport_Kit.Teleport_Kit_C' with ClassGeneratedBy '/Game/Maps/Teleport_Kit.Teleport_Kit:PersistentLevel.Teleport_Kit'
[2019.11.17-21.44.48:070][338]LogBlueprintUserMessages: [Safe_2] Safe: BEEP
[2019.11.17-21.44.48:259][344]LogBlueprintUserMessages: [Safe_2] Safe: BEEP
[2019.11.17-21.44.48:456][350]LogBlueprintUserMessages: [Safe_2] Safe: BEEP
[2019.11.17-21.44.48:629][355]LogBlueprintUserMessages: [Safe_2] Safe: BEEP
[2019.11.17-21.44.49:095][369]LogBlueprintUserMessages: [Safe_2] Safe: Code entered is incorrect
[2019.11.17-21.44.49:096][369]LogBlueprintUserMessages: [Safe_2] Attempt:  1 of 3
[2019.11.17-21.44.49:295][375]LogBlueprintUserMessages: [Safe_2] Safe: Code entered is incorrect
[2019.11.17-21.44.49:296][375]LogBlueprintUserMessages: [Safe_2] Attempt:  2 of 3
[2019.11.17-21.44.49:464][380]LogBlueprintUserMessages: [Safe_2] Safe: Code entered is incorrect
[2019.11.17-21.45.04:463][826]LogBlueprintUserMessages: [Safe_2] Safe: Reset
[2019.11.17-21.45.04:864][838]LogBlueprintUserMessages: [Safe_2] Safe: BEEP
[2019.11.17-21.45.08:649][941]LogBlueprintUserMessages: [Safe_2] Safe: BEEP
[2019.11.17-21.45.09:257][957]LogBlueprintUserMessages: [Safe_2] Safe: Code sequence at full length; clear a character(s) first
[2019.11.17-21.45.09:696][969]LogBlueprintUserMessages: [Safe_2] Safe: Code sequence at full length; clear a character(s) first
[2019.11.17-21.45.10:105][981]LogBlueprintUserMessages: [Safe_2] Safe: Code sequence at full length; clear a character(s) first
[2019.11.17-21.45.10:610][995]LogBlueprintUserMessages: [Safe_2] Safe: Code sequence at full length; clear a character(s) first
[2019.11.17-21.45.11:130][ 10]LogBlueprintUserMessages: Early EndPlayMap Detection: Level '/Game/FirstPersonBP/Maps/FirstPersonExampleMap.FirstPersonExampleMap:PersistentLevel' has LevelScriptBlueprint '/Game/FirstPersonBP/Maps/FirstPersonExampleMap.FirstPersonExampleMap:PersistentLevel.FirstPersonExampleMap' with GeneratedClass '/Game/FirstPersonBP/Maps/FirstPersonExampleMap.FirstPersonExampleMap_C' with ClassGeneratedBy '/Game/FirstPersonBP/Maps/FirstPersonExampleMap.FirstPersonExampleMap:PersistentLevel.FirstPersonExampleMap'
[2019.11.17-21.45.11:132][ 10]LogBlueprintUserMessages: Early EndPlayMap Detection: Level '/Game/Maps/Door_Breached.Door_Breached:PersistentLevel' has LevelScriptBlueprint '/Game/Maps/Door_Breached.Door_Breached:PersistentLevel.Door_Breached' with GeneratedClass '/Game/Maps/Door_Breached.Door_Breached_C' with ClassGeneratedBy '/Game/Maps/Door_Breached.Door_Breached:PersistentLevel.Door_Breached'
[2019.11.17-21.45.11:134][ 10]LogBlueprintUserMessages: Early EndPlayMap Detection: Level '/Game/Maps/Door_Kit.Door_Kit:PersistentLevel' has LevelScriptBlueprint '/Game/Maps/Door_Kit.Door_Kit:PersistentLevel.Door_Kit' with GeneratedClass '/Game/Maps/Door_Kit.Door_Kit_C' with ClassGeneratedBy '/Game/Maps/Door_Kit.Door_Kit:PersistentLevel.Door_Kit'
[2019.11.17-21.45.11:135][ 10]LogBlueprintUserMessages: Early EndPlayMap Detection: Level '/Game/Maps/Turret_Kit.Turret_Kit:PersistentLevel' has LevelScriptBlueprint '/Game/Maps/Turret_Kit.Turret_Kit:PersistentLevel.Turret_Kit' with GeneratedClass '/Game/Maps/Turret_Kit.Turret_Kit_C' with ClassGeneratedBy '/Game/Maps/Turret_Kit.Turret_Kit:PersistentLevel.Turret_Kit'
[2019.11.17-21.45.11:137][ 10]LogBlueprintUserMessages: Early EndPlayMap Detection: Level '/Game/Maps/Laser_Kit.Laser_Kit:PersistentLevel' has LevelScriptBlueprint '/Game/Maps/Laser_Kit.Laser_Kit:PersistentLevel.Laser_Kit' with GeneratedClass '/Game/Maps/Laser_Kit.Laser_Kit_C' with ClassGeneratedBy '/Game/Maps/Laser_Kit.Laser_Kit:PersistentLevel.Laser_Kit'
[2019.11.17-21.45.11:138][ 10]LogBlueprintUserMessages: Early EndPlayMap Detection: Level '/Game/Maps/Camera_Kit.Camera_Kit:PersistentLevel' has LevelScriptBlueprint '/Game/Maps/Camera_Kit.Camera_Kit:PersistentLevel.Camera_Kit' with GeneratedClass '/Game/Maps/Camera_Kit.Camera_Kit_C' with ClassGeneratedBy '/Game/Maps/Camera_Kit.Camera_Kit:PersistentLevel.Camera_Kit'
[2019.11.17-21.45.11:139][ 10]LogBlueprintUserMessages: Early EndPlayMap Detection: Level '/Game/Maps/Explosive_Kit.Explosive_Kit:PersistentLevel' has LevelScriptBlueprint '/Game/Maps/Explosive_Kit.Explosive_Kit:PersistentLevel.Explosive_Kit' with GeneratedClass '/Game/Maps/Explosive_Kit.Explosive_Kit_C' with ClassGeneratedBy '/Game/Maps/Explosive_Kit.Explosive_Kit:PersistentLevel.Explosive_Kit'
[2019.11.17-21.45.11:140][ 10]LogBlueprintUserMessages: Early EndPlayMap Detection: Level '/Game/Maps/Teleport_Kit.Teleport_Kit:PersistentLevel' has LevelScriptBlueprint '/Game/Maps/Teleport_Kit.Teleport_Kit:PersistentLevel.Teleport_Kit' with GeneratedClass '/Game/Maps/Teleport_Kit.Teleport_Kit_C' with ClassGeneratedBy '/Game/Maps/Teleport_Kit.Teleport_Kit:PersistentLevel.Teleport_Kit'
[2019.11.17-21.45.11:142][ 10]LogSlate: Updating window title bar state: overlay mode, drag disabled, window buttons hidden, title bar hidden
[2019.11.17-21.45.11:206][ 10]LogPlayLevel: Display: Shutting down PIE online subsystems
[2019.11.17-21.45.11:207][ 10]LogBlueprintUserMessages: Late EndPlayMap Detection: Level '/Game/FirstPersonBP/Maps/FirstPersonExampleMap.FirstPersonExampleMap:PersistentLevel' has LevelScriptBlueprint '/Game/FirstPersonBP/Maps/FirstPersonExampleMap.FirstPersonExampleMap:PersistentLevel.FirstPersonExampleMap' with GeneratedClass '/Game/FirstPersonBP/Maps/FirstPersonExampleMap.FirstPersonExampleMap_C' with ClassGeneratedBy '/Game/FirstPersonBP/Maps/FirstPersonExampleMap.FirstPersonExampleMap:PersistentLevel.FirstPersonExampleMap'
[2019.11.17-21.45.11:209][ 10]LogBlueprintUserMessages: Late EndPlayMap Detection: Level '/Game/Maps/Door_Breached.Door_Breached:PersistentLevel' has LevelScriptBlueprint '/Game/Maps/Door_Breached.Door_Breached:PersistentLevel.Door_Breached' with GeneratedClass '/Game/Maps/Door_Breached.Door_Breached_C' with ClassGeneratedBy '/Game/Maps/Door_Breached.Door_Breached:PersistentLevel.Door_Breached'
[2019.11.17-21.45.11:210][ 10]LogBlueprintUserMessages: Late EndPlayMap Detection: Level '/Game/Maps/Door_Kit.Door_Kit:PersistentLevel' has LevelScriptBlueprint '/Game/Maps/Door_Kit.Door_Kit:PersistentLevel.Door_Kit' with GeneratedClass '/Game/Maps/Door_Kit.Door_Kit_C' with ClassGeneratedBy '/Game/Maps/Door_Kit.Door_Kit:PersistentLevel.Door_Kit'
[2019.11.17-21.45.11:211][ 10]LogBlueprintUserMessages: Late EndPlayMap Detection: Level '/Game/Maps/Turret_Kit.Turret_Kit:PersistentLevel' has LevelScriptBlueprint '/Game/Maps/Turret_Kit.Turret_Kit:PersistentLevel.Turret_Kit' with GeneratedClass '/Game/Maps/Turret_Kit.Turret_Kit_C' with ClassGeneratedBy '/Game/Maps/Turret_Kit.Turret_Kit:PersistentLevel.Turret_Kit'
[2019.11.17-21.45.11:212][ 10]LogBlueprintUserMessages: Late EndPlayMap Detection: Level '/Game/Maps/Laser_Kit.Laser_Kit:PersistentLevel' has LevelScriptBlueprint '/Game/Maps/Laser_Kit.Laser_Kit:PersistentLevel.Laser_Kit' with GeneratedClass '/Game/Maps/Laser_Kit.Laser_Kit_C' with ClassGeneratedBy '/Game/Maps/Laser_Kit.Laser_Kit:PersistentLevel.Laser_Kit'
[2019.11.17-21.45.11:213][ 10]LogBlueprintUserMessages: Late EndPlayMap Detection: Level '/Game/Maps/Camera_Kit.Camera_Kit:PersistentLevel' has LevelScriptBlueprint '/Game/Maps/Camera_Kit.Camera_Kit:PersistentLevel.Camera_Kit' with GeneratedClass '/Game/Maps/Camera_Kit.Camera_Kit_C' with ClassGeneratedBy '/Game/Maps/Camera_Kit.Camera_Kit:PersistentLevel.Camera_Kit'
[2019.11.17-21.45.11:214][ 10]LogBlueprintUserMessages: Late EndPlayMap Detection: Level '/Game/Maps/Explosive_Kit.Explosive_Kit:PersistentLevel' has LevelScriptBlueprint '/Game/Maps/Explosive_Kit.Explosive_Kit:PersistentLevel.Explosive_Kit' with GeneratedClass '/Game/Maps/Explosive_Kit.Explosive_Kit_C' with ClassGeneratedBy '/Game/Maps/Explosive_Kit.Explosive_Kit:PersistentLevel.Explosive_Kit'
[2019.11.17-21.45.11:215][ 10]LogBlueprintUserMessages: Late EndPlayMap Detection: Level '/Game/Maps/Teleport_Kit.Teleport_Kit:PersistentLevel' has LevelScriptBlueprint '/Game/Maps/Teleport_Kit.Teleport_Kit:PersistentLevel.Teleport_Kit' with GeneratedClass '/Game/Maps/Teleport_Kit.Teleport_Kit_C' with ClassGeneratedBy '/Game/Maps/Teleport_Kit.Teleport_Kit:PersistentLevel.Teleport_Kit'
[2019.11.17-21.45.11:344][ 10]LogSlate: Updating window title bar state: overlay mode, drag disabled, window buttons hidden, title bar hidden
[2019.11.17-21.45.11:358][ 10]LogUObjectHash: Compacting FUObjectHashTables data took   7.76ms
[2019.11.17-21.45.11:468][ 11]LogPlayLevel: Display: Destroying online subsystem :Context_65
[2019.11.17-21.45.12:254][ 32]LogSlate: FSceneViewport::OnFocusLost() reason 0
[2019.11.17-21.45.42:249][837]BlueprintLog: New page: Compile Safe
[2019.11.17-21.45.43:071][837]LogUObjectHash: Compacting FUObjectHashTables data took  11.06ms
[2019.11.17-21.45.44:144][847]LogTemp: Repeating last play command: Selected Viewport
[2019.11.17-21.45.44:316][847]LogBlueprintUserMessages: Early PlayInEditor Detection: Level '/Game/FirstPersonBP/Maps/FirstPersonExampleMap.FirstPersonExampleMap:PersistentLevel' has LevelScriptBlueprint '/Game/FirstPersonBP/Maps/FirstPersonExampleMap.FirstPersonExampleMap:PersistentLevel.FirstPersonExampleMap' with GeneratedClass '/Game/FirstPersonBP/Maps/FirstPersonExampleMap.FirstPersonExampleMap_C' with ClassGeneratedBy '/Game/FirstPersonBP/Maps/FirstPersonExampleMap.FirstPersonExampleMap:PersistentLevel.FirstPersonExampleMap'
[2019.11.17-21.45.44:318][847]LogBlueprintUserMessages: Early PlayInEditor Detection: Level '/Game/Maps/Door_Breached.Door_Breached:PersistentLevel' has LevelScriptBlueprint '/Game/Maps/Door_Breached.Door_Breached:PersistentLevel.Door_Breached' with GeneratedClass '/Game/Maps/Door_Breached.Door_Breached_C' with ClassGeneratedBy '/Game/Maps/Door_Breached.Door_Breached:PersistentLevel.Door_Breached'
[2019.11.17-21.45.44:319][847]LogBlueprintUserMessages: Early PlayInEditor Detection: Level '/Game/Maps/Door_Kit.Door_Kit:PersistentLevel' has LevelScriptBlueprint '/Game/Maps/Door_Kit.Door_Kit:PersistentLevel.Door_Kit' with GeneratedClass '/Game/Maps/Door_Kit.Door_Kit_C' with ClassGeneratedBy '/Game/Maps/Door_Kit.Door_Kit:PersistentLevel.Door_Kit'
[2019.11.17-21.45.44:321][847]LogBlueprintUserMessages: Early PlayInEditor Detection: Level '/Game/Maps/Turret_Kit.Turret_Kit:PersistentLevel' has LevelScriptBlueprint '/Game/Maps/Turret_Kit.Turret_Kit:PersistentLevel.Turret_Kit' with GeneratedClass '/Game/Maps/Turret_Kit.Turret_Kit_C' with ClassGeneratedBy '/Game/Maps/Turret_Kit.Turret_Kit:PersistentLevel.Turret_Kit'
[2019.11.17-21.45.44:323][847]LogBlueprintUserMessages: Early PlayInEditor Detection: Level '/Game/Maps/Laser_Kit.Laser_Kit:PersistentLevel' has LevelScriptBlueprint '/Game/Maps/Laser_Kit.Laser_Kit:PersistentLevel.Laser_Kit' with GeneratedClass '/Game/Maps/Laser_Kit.Laser_Kit_C' with ClassGeneratedBy '/Game/Maps/Laser_Kit.Laser_Kit:PersistentLevel.Laser_Kit'
[2019.11.17-21.45.44:325][847]LogBlueprintUserMessages: Early PlayInEditor Detection: Level '/Game/Maps/Camera_Kit.Camera_Kit:PersistentLevel' has LevelScriptBlueprint '/Game/Maps/Camera_Kit.Camera_Kit:PersistentLevel.Camera_Kit' with GeneratedClass '/Game/Maps/Camera_Kit.Camera_Kit_C' with ClassGeneratedBy '/Game/Maps/Camera_Kit.Camera_Kit:PersistentLevel.Camera_Kit'
[2019.11.17-21.45.44:326][847]LogBlueprintUserMessages: Early PlayInEditor Detection: Level '/Game/Maps/Explosive_Kit.Explosive_Kit:PersistentLevel' has LevelScriptBlueprint '/Game/Maps/Explosive_Kit.Explosive_Kit:PersistentLevel.Explosive_Kit' with GeneratedClass '/Game/Maps/Explosive_Kit.Explosive_Kit_C' with ClassGeneratedBy '/Game/Maps/Explosive_Kit.Explosive_Kit:PersistentLevel.Explosive_Kit'
[2019.11.17-21.45.44:328][847]LogBlueprintUserMessages: Early PlayInEditor Detection: Level '/Game/Maps/Teleport_Kit.Teleport_Kit:PersistentLevel' has LevelScriptBlueprint '/Game/Maps/Teleport_Kit.Teleport_Kit:PersistentLevel.Teleport_Kit' with GeneratedClass '/Game/Maps/Teleport_Kit.Teleport_Kit_C' with ClassGeneratedBy '/Game/Maps/Teleport_Kit.Teleport_Kit:PersistentLevel.Teleport_Kit'
[2019.11.17-21.45.44:329][847]LogPlayLevel: PlayLevel: No blueprints needed recompiling
[2019.11.17-21.45.44:330][847]PIE: New page: PIE session: FirstPersonExampleMap (Nov 17, 2019, 5:45:44 AM)
[2019.11.17-21.45.44:331][847]LogPlayLevel: Creating play world package: /Game/FirstPersonBP/Maps/UEDPIE_0_FirstPersonExampleMap
[2019.11.17-21.45.44:375][847]LogPlayLevel: PIE: StaticDuplicateObject took: (0.043935s)
[2019.11.17-21.45.44:378][847]LogAIModule: Creating AISystem for world FirstPersonExampleMap
[2019.11.17-21.45.44:379][847]LogPlayLevel: PIE: World Init took: (0.003190s)
[2019.11.17-21.45.44:380][847]LogPlayLevel: PIE: Created PIE world by copying editor world from /Game/FirstPersonBP/Maps/FirstPersonExampleMap.FirstPersonExampleMap to /Game/FirstPersonBP/Maps/UEDPIE_0_FirstPersonExampleMap.FirstPersonExampleMap (0.049877s)
[2019.11.17-21.45.44:521][847]LogUObjectHash: Compacting FUObjectHashTables data took  10.44ms
[2019.11.17-21.45.44:589][847]LogInit: XAudio2 using 'Headset Earphone (SteelSeries Arctis 5 Chat)' : 2 channels at 48 kHz using 16 bits per sample (channel mask 0x3)
[2019.11.17-21.45.44:630][847]LogInit: FAudioDevice initialized.
[2019.11.17-21.45.44:684][847]LogLoad: Game class is 'FirstPersonGameMode_C'
[2019.11.17-21.45.44:696][847]LogWorld: Bringing World /Game/FirstPersonBP/Maps/UEDPIE_0_FirstPersonExampleMap.FirstPersonExampleMap up for play (max tick rate 60) at 2019.11.17-13.45.44
[2019.11.17-21.45.44:698][847]LogWorld: Bringing up level for play took: 0.011026
[2019.11.17-21.45.44:714][847]PIE: Play in editor start time for /Game/FirstPersonBP/Maps/UEDPIE_0_FirstPersonExampleMap 1.042
[2019.11.17-21.45.44:715][847]LogBlueprintUserMessages: Late PlayInEditor Detection: Level '/Game/FirstPersonBP/Maps/FirstPersonExampleMap.FirstPersonExampleMap:PersistentLevel' has LevelScriptBlueprint '/Game/FirstPersonBP/Maps/FirstPersonExampleMap.FirstPersonExampleMap:PersistentLevel.FirstPersonExampleMap' with GeneratedClass '/Game/FirstPersonBP/Maps/FirstPersonExampleMap.FirstPersonExampleMap_C' with ClassGeneratedBy '/Game/FirstPersonBP/Maps/FirstPersonExampleMap.FirstPersonExampleMap:PersistentLevel.FirstPersonExampleMap'
[2019.11.17-21.45.44:716][847]LogBlueprintUserMessages: Late PlayInEditor Detection: Level '/Game/Maps/Door_Breached.Door_Breached:PersistentLevel' has LevelScriptBlueprint '/Game/Maps/Door_Breached.Door_Breached:PersistentLevel.Door_Breached' with GeneratedClass '/Game/Maps/Door_Breached.Door_Breached_C' with ClassGeneratedBy '/Game/Maps/Door_Breached.Door_Breached:PersistentLevel.Door_Breached'
[2019.11.17-21.45.44:717][847]LogBlueprintUserMessages: Late PlayInEditor Detection: Level '/Game/Maps/Door_Kit.Door_Kit:PersistentLevel' has LevelScriptBlueprint '/Game/Maps/Door_Kit.Door_Kit:PersistentLevel.Door_Kit' with GeneratedClass '/Game/Maps/Door_Kit.Door_Kit_C' with ClassGeneratedBy '/Game/Maps/Door_Kit.Door_Kit:PersistentLevel.Door_Kit'
[2019.11.17-21.45.44:719][847]LogBlueprintUserMessages: Late PlayInEditor Detection: Level '/Game/Maps/Turret_Kit.Turret_Kit:PersistentLevel' has LevelScriptBlueprint '/Game/Maps/Turret_Kit.Turret_Kit:PersistentLevel.Turret_Kit' with GeneratedClass '/Game/Maps/Turret_Kit.Turret_Kit_C' with ClassGeneratedBy '/Game/Maps/Turret_Kit.Turret_Kit:PersistentLevel.Turret_Kit'
[2019.11.17-21.45.44:720][847]LogBlueprintUserMessages: Late PlayInEditor Detection: Level '/Game/Maps/Laser_Kit.Laser_Kit:PersistentLevel' has LevelScriptBlueprint '/Game/Maps/Laser_Kit.Laser_Kit:PersistentLevel.Laser_Kit' with GeneratedClass '/Game/Maps/Laser_Kit.Laser_Kit_C' with ClassGeneratedBy '/Game/Maps/Laser_Kit.Laser_Kit:PersistentLevel.Laser_Kit'
[2019.11.17-21.45.44:722][847]LogBlueprintUserMessages: Late PlayInEditor Detection: Level '/Game/Maps/Camera_Kit.Camera_Kit:PersistentLevel' has LevelScriptBlueprint '/Game/Maps/Camera_Kit.Camera_Kit:PersistentLevel.Camera_Kit' with GeneratedClass '/Game/Maps/Camera_Kit.Camera_Kit_C' with ClassGeneratedBy '/Game/Maps/Camera_Kit.Camera_Kit:PersistentLevel.Camera_Kit'
[2019.11.17-21.45.44:724][847]LogBlueprintUserMessages: Late PlayInEditor Detection: Level '/Game/Maps/Explosive_Kit.Explosive_Kit:PersistentLevel' has LevelScriptBlueprint '/Game/Maps/Explosive_Kit.Explosive_Kit:PersistentLevel.Explosive_Kit' with GeneratedClass '/Game/Maps/Explosive_Kit.Explosive_Kit_C' with ClassGeneratedBy '/Game/Maps/Explosive_Kit.Explosive_Kit:PersistentLevel.Explosive_Kit'
[2019.11.17-21.45.44:726][847]LogBlueprintUserMessages: Late PlayInEditor Detection: Level '/Game/Maps/Teleport_Kit.Teleport_Kit:PersistentLevel' has LevelScriptBlueprint '/Game/Maps/Teleport_Kit.Teleport_Kit:PersistentLevel.Teleport_Kit' with GeneratedClass '/Game/Maps/Teleport_Kit.Teleport_Kit_C' with ClassGeneratedBy '/Game/Maps/Teleport_Kit.Teleport_Kit:PersistentLevel.Teleport_Kit'
[2019.11.17-21.45.48:326][919]LogBlueprintUserMessages: [Safe_2] Safe: BEEP
[2019.11.17-21.45.49:097][938]LogBlueprintUserMessages: [Safe_2] Safe: BEEP
[2019.11.17-21.45.49:830][956]LogBlueprintUserMessages: [Safe_2] Safe: Code entered is incorrect
[2019.11.17-21.45.49:830][956]LogBlueprintUserMessages: [Safe_2] Attempt:  1 of 3
[2019.11.17-21.45.50:113][963]LogBlueprintUserMessages: [Safe_2] Safe: Code entered is incorrect
[2019.11.17-21.45.50:114][963]LogBlueprintUserMessages: [Safe_2] Attempt:  2 of 3
[2019.11.17-21.45.50:282][967]LogBlueprintUserMessages: [Safe_2] Safe: Code entered is incorrect
[2019.11.17-21.45.56:609][104]LogBlueprintUserMessages: [FirstPersonCharacter_C_1] I got shot
[2019.11.17-21.45.56:714][105]LogBlueprintUserMessages: [FirstPersonCharacter_C_1] I got shot
[2019.11.17-21.45.56:822][107]LogBlueprintUserMessages: [FirstPersonCharacter_C_1] I got shot
[2019.11.17-21.45.57:469][119]LogBlueprintUserMessages: [FirstPersonCharacter_C_1] I got shot
[2019.11.17-21.45.57:619][122]LogSpawn: Warning: SpawnActor failed because of collision at the spawn location [X=-2062.118 Y=29.482 Z=270.679] for [FirstPersonProjectile_C]
[2019.11.17-21.45.58:359][138]LogBlueprintUserMessages: [FirstPersonCharacter_C_1] I got shot
[2019.11.17-21.46.03:375][252]LogSpawn: Warning: SpawnActor failed because of collision at the spawn location [X=-2069.899 Y=34.439 Z=254.495] for [FirstPersonProjectile_C]
[2019.11.17-21.46.05:259][297]LogBlueprintUserMessages: [Safe_2] Safe: Reset
[2019.11.17-21.46.05:911][312]LogSpawn: Warning: SpawnActor failed because of collision at the spawn location [X=-2058.298 Y=27.420 Z=261.851] for [FirstPersonProjectile_C]
[2019.11.17-21.46.10:004][405]LogBlueprintUserMessages: [Safe_2] Safe: BEEP
[2019.11.17-21.46.10:975][424]LogBlueprintUserMessages: [Safe_2] Safe: BEEP
[2019.11.17-21.46.11:473][435]LogBlueprintUserMessages: [Safe_2] Safe: BEEP
[2019.11.17-21.46.12:038][448]LogBlueprintUserMessages: [Safe_2] Safe: Code entered is incorrect
[2019.11.17-21.46.12:039][448]LogBlueprintUserMessages: [Safe_2] Attempt:  1 of 3
[2019.11.17-21.46.16:615][553]LogBlueprintUserMessages: [Safe_2] Safe: BEEP
[2019.11.17-21.46.17:045][563]LogBlueprintUserMessages: [Safe_2] Safe: BEEP
[2019.11.17-21.46.17:429][572]LogBlueprintUserMessages: [Safe_2] Safe: BEEP
[2019.11.17-21.46.18:419][594]LogBlueprintUserMessages: [Safe_2] Safe: BEEP
[2019.11.17-21.46.19:931][628]LogBlueprintUserMessages: [Safe_2] Safe: BEEP
[2019.11.17-21.46.22:300][681]LogBlueprintUserMessages: [Safe_2] Safe: BEEP
[2019.11.17-21.46.23:664][714]LogBlueprintUserMessages: [Safe_2] Safe: Code sequence at full length; clear a character(s) first
[2019.11.17-21.46.24:989][745]LogBlueprintUserMessages: [Safe_2] Safe: Code sequence at full length; clear a character(s) first
[2019.11.17-21.46.25:636][761]LogBlueprintUserMessages: [Safe_2] Safe: Code sequence at full length; clear a character(s) first
[2019.11.17-21.46.26:913][793]LogBlueprintUserMessages: [Safe_2] Safe: Code sequence at full length; clear a character(s) first
[2019.11.17-21.46.27:210][800]LogBlueprintUserMessages: [Safe_2] Safe: Code sequence at full length; clear a character(s) first
[2019.11.17-21.46.27:450][806]LogBlueprintUserMessages: [Safe_2] Safe: Code sequence at full length; clear a character(s) first
[2019.11.17-21.46.27:614][810]LogBlueprintUserMessages: [Safe_2] Safe: Code sequence at full length; clear a character(s) first
[2019.11.17-21.46.27:818][815]LogBlueprintUserMessages: [Safe_2] Safe: Code sequence at full length; clear a character(s) first
[2019.11.17-21.46.28:024][820]LogBlueprintUserMessages: [Safe_2] Safe: Code sequence at full length; clear a character(s) first
[2019.11.17-21.46.28:239][825]LogBlueprintUserMessages: [Safe_2] Safe: Code sequence at full length; clear a character(s) first
[2019.11.17-21.46.28:446][830]LogBlueprintUserMessages: [Safe_2] Safe: Code sequence at full length; clear a character(s) first
[2019.11.17-21.46.28:948][842]LogBlueprintUserMessages: [Safe_2] Safe: Code sequence at full length; clear a character(s) first
[2019.11.17-21.46.29:160][847]LogBlueprintUserMessages: [Safe_2] Safe: Code sequence at full length; clear a character(s) first
[2019.11.17-21.46.33:390][940]LogBlueprintUserMessages: [FirstPersonCharacter_C_1] I got shot
[2019.11.17-21.46.34:462][966]LogBlueprintUserMessages: [FirstPersonCharacter_C_1] I got shot
[2019.11.17-21.46.38:265][ 57]LogBlueprintUserMessages: [Safe_2] Safe: BEEP
[2019.11.17-21.46.38:506][ 63]LogBlueprintUserMessages: [Safe_2] Safe: BEEP
[2019.11.17-21.46.38:706][ 68]LogBlueprintUserMessages: [Safe_2] Safe: BEEP
[2019.11.17-21.46.39:737][ 91]LogBlueprintUserMessages: [Safe_2] Safe: BEEP
[2019.11.17-21.46.40:736][114]LogBlueprintUserMessages: [Safe_2] Safe: BEEP
[2019.11.17-21.46.41:354][127]LogBlueprintUserMessages: [Safe_2] Safe: BEEP
[2019.11.17-21.46.41:843][138]LogBlueprintUserMessages: [Safe_2] Safe: Code sequence at full length; clear a character(s) first
[2019.11.17-21.46.43:791][179]LogBlueprintUserMessages: [Safe_2] Safe: Code entered is incorrect
[2019.11.17-21.46.43:792][179]LogBlueprintUserMessages: [Safe_2] Attempt:  2 of 3
[2019.11.17-21.46.46:991][252]LogBlueprintUserMessages: [Safe_2] Safe: Code sequence already empty
[2019.11.17-21.46.47:977][275]LogBlueprintUserMessages: [Safe_2] Safe: BEEP
[2019.11.17-21.46.48:272][282]LogBlueprintUserMessages: [Safe_2] Safe: BEEP
[2019.11.17-21.46.48:519][288]LogBlueprintUserMessages: [Safe_2] Safe: BEEP
[2019.11.17-21.46.50:740][339]LogBlueprintUserMessages: [Safe_2] Safe: BEEP
[2019.11.17-21.46.50:982][345]LogBlueprintUserMessages: [Safe_2] Safe: BEEP
[2019.11.17-21.46.51:184][350]LogBlueprintUserMessages: [Safe_2] Safe: BEEP
[2019.11.17-21.46.51:768][363]LogBlueprintUserMessages: [Safe_2] Safe: Unlocked
[2019.11.17-21.46.55:810][454]LogBlueprintUserMessages: [FirstPersonCharacter_C_1] Inventory now contains this many items:1
[2019.11.17-21.46.58:414][514]LogBlueprintUserMessages: Early EndPlayMap Detection: Level '/Game/FirstPersonBP/Maps/FirstPersonExampleMap.FirstPersonExampleMap:PersistentLevel' has LevelScriptBlueprint '/Game/FirstPersonBP/Maps/FirstPersonExampleMap.FirstPersonExampleMap:PersistentLevel.FirstPersonExampleMap' with GeneratedClass '/Game/FirstPersonBP/Maps/FirstPersonExampleMap.FirstPersonExampleMap_C' with ClassGeneratedBy '/Game/FirstPersonBP/Maps/FirstPersonExampleMap.FirstPersonExampleMap:PersistentLevel.FirstPersonExampleMap'
[2019.11.17-21.46.58:416][514]LogBlueprintUserMessages: Early EndPlayMap Detection: Level '/Game/Maps/Door_Breached.Door_Breached:PersistentLevel' has LevelScriptBlueprint '/Game/Maps/Door_Breached.Door_Breached:PersistentLevel.Door_Breached' with GeneratedClass '/Game/Maps/Door_Breached.Door_Breached_C' with ClassGeneratedBy '/Game/Maps/Door_Breached.Door_Breached:PersistentLevel.Door_Breached'
[2019.11.17-21.46.58:418][514]LogBlueprintUserMessages: Early EndPlayMap Detection: Level '/Game/Maps/Door_Kit.Door_Kit:PersistentLevel' has LevelScriptBlueprint '/Game/Maps/Door_Kit.Door_Kit:PersistentLevel.Door_Kit' with GeneratedClass '/Game/Maps/Door_Kit.Door_Kit_C' with ClassGeneratedBy '/Game/Maps/Door_Kit.Door_Kit:PersistentLevel.Door_Kit'
[2019.11.17-21.46.58:419][514]LogBlueprintUserMessages: Early EndPlayMap Detection: Level '/Game/Maps/Turret_Kit.Turret_Kit:PersistentLevel' has LevelScriptBlueprint '/Game/Maps/Turret_Kit.Turret_Kit:PersistentLevel.Turret_Kit' with GeneratedClass '/Game/Maps/Turret_Kit.Turret_Kit_C' with ClassGeneratedBy '/Game/Maps/Turret_Kit.Turret_Kit:PersistentLevel.Turret_Kit'
[2019.11.17-21.46.58:421][514]LogBlueprintUserMessages: Early EndPlayMap Detection: Level '/Game/Maps/Laser_Kit.Laser_Kit:PersistentLevel' has LevelScriptBlueprint '/Game/Maps/Laser_Kit.Laser_Kit:PersistentLevel.Laser_Kit' with GeneratedClass '/Game/Maps/Laser_Kit.Laser_Kit_C' with ClassGeneratedBy '/Game/Maps/Laser_Kit.Laser_Kit:PersistentLevel.Laser_Kit'
[2019.11.17-21.46.58:422][514]LogBlueprintUserMessages: Early EndPlayMap Detection: Level '/Game/Maps/Camera_Kit.Camera_Kit:PersistentLevel' has LevelScriptBlueprint '/Game/Maps/Camera_Kit.Camera_Kit:PersistentLevel.Camera_Kit' with GeneratedClass '/Game/Maps/Camera_Kit.Camera_Kit_C' with ClassGeneratedBy '/Game/Maps/Camera_Kit.Camera_Kit:PersistentLevel.Camera_Kit'
[2019.11.17-21.46.58:424][514]LogBlueprintUserMessages: Early EndPlayMap Detection: Level '/Game/Maps/Explosive_Kit.Explosive_Kit:PersistentLevel' has LevelScriptBlueprint '/Game/Maps/Explosive_Kit.Explosive_Kit:PersistentLevel.Explosive_Kit' with GeneratedClass '/Game/Maps/Explosive_Kit.Explosive_Kit_C' with ClassGeneratedBy '/Game/Maps/Explosive_Kit.Explosive_Kit:PersistentLevel.Explosive_Kit'
[2019.11.17-21.46.58:425][514]LogBlueprintUserMessages: Early EndPlayMap Detection: Level '/Game/Maps/Teleport_Kit.Teleport_Kit:PersistentLevel' has LevelScriptBlueprint '/Game/Maps/Teleport_Kit.Teleport_Kit:PersistentLevel.Teleport_Kit' with GeneratedClass '/Game/Maps/Teleport_Kit.Teleport_Kit_C' with ClassGeneratedBy '/Game/Maps/Teleport_Kit.Teleport_Kit:PersistentLevel.Teleport_Kit'
[2019.11.17-21.46.58:426][514]LogSlate: Updating window title bar state: overlay mode, drag disabled, window buttons hidden, title bar hidden
[2019.11.17-21.46.58:545][514]LogPlayLevel: Display: Shutting down PIE online subsystems
[2019.11.17-21.46.58:546][514]LogBlueprintUserMessages: Late EndPlayMap Detection: Level '/Game/FirstPersonBP/Maps/FirstPersonExampleMap.FirstPersonExampleMap:PersistentLevel' has LevelScriptBlueprint '/Game/FirstPersonBP/Maps/FirstPersonExampleMap.FirstPersonExampleMap:PersistentLevel.FirstPersonExampleMap' with GeneratedClass '/Game/FirstPersonBP/Maps/FirstPersonExampleMap.FirstPersonExampleMap_C' with ClassGeneratedBy '/Game/FirstPersonBP/Maps/FirstPersonExampleMap.FirstPersonExampleMap:PersistentLevel.FirstPersonExampleMap'
[2019.11.17-21.46.58:547][514]LogBlueprintUserMessages: Late EndPlayMap Detection: Level '/Game/Maps/Door_Breached.Door_Breached:PersistentLevel' has LevelScriptBlueprint '/Game/Maps/Door_Breached.Door_Breached:PersistentLevel.Door_Breached' with GeneratedClass '/Game/Maps/Door_Breached.Door_Breached_C' with ClassGeneratedBy '/Game/Maps/Door_Breached.Door_Breached:PersistentLevel.Door_Breached'
[2019.11.17-21.46.58:548][514]LogBlueprintUserMessages: Late EndPlayMap Detection: Level '/Game/Maps/Door_Kit.Door_Kit:PersistentLevel' has LevelScriptBlueprint '/Game/Maps/Door_Kit.Door_Kit:PersistentLevel.Door_Kit' with GeneratedClass '/Game/Maps/Door_Kit.Door_Kit_C' with ClassGeneratedBy '/Game/Maps/Door_Kit.Door_Kit:PersistentLevel.Door_Kit'
[2019.11.17-21.46.58:549][514]LogBlueprintUserMessages: Late EndPlayMap Detection: Level '/Game/Maps/Turret_Kit.Turret_Kit:PersistentLevel' has LevelScriptBlueprint '/Game/Maps/Turret_Kit.Turret_Kit:PersistentLevel.Turret_Kit' with GeneratedClass '/Game/Maps/Turret_Kit.Turret_Kit_C' with ClassGeneratedBy '/Game/Maps/Turret_Kit.Turret_Kit:PersistentLevel.Turret_Kit'
[2019.11.17-21.46.58:550][514]LogBlueprintUserMessages: Late EndPlayMap Detection: Level '/Game/Maps/Laser_Kit.Laser_Kit:PersistentLevel' has LevelScriptBlueprint '/Game/Maps/Laser_Kit.Laser_Kit:PersistentLevel.Laser_Kit' with GeneratedClass '/Game/Maps/Laser_Kit.Laser_Kit_C' with ClassGeneratedBy '/Game/Maps/Laser_Kit.Laser_Kit:PersistentLevel.Laser_Kit'
[2019.11.17-21.46.58:551][514]LogBlueprintUserMessages: Late EndPlayMap Detection: Level '/Game/Maps/Camera_Kit.Camera_Kit:PersistentLevel' has LevelScriptBlueprint '/Game/Maps/Camera_Kit.Camera_Kit:PersistentLevel.Camera_Kit' with GeneratedClass '/Game/Maps/Camera_Kit.Camera_Kit_C' with ClassGeneratedBy '/Game/Maps/Camera_Kit.Camera_Kit:PersistentLevel.Camera_Kit'
[2019.11.17-21.46.58:552][514]LogBlueprintUserMessages: Late EndPlayMap Detection: Level '/Game/Maps/Explosive_Kit.Explosive_Kit:PersistentLevel' has LevelScriptBlueprint '/Game/Maps/Explosive_Kit.Explosive_Kit:PersistentLevel.Explosive_Kit' with GeneratedClass '/Game/Maps/Explosive_Kit.Explosive_Kit_C' with ClassGeneratedBy '/Game/Maps/Explosive_Kit.Explosive_Kit:PersistentLevel.Explosive_Kit'
[2019.11.17-21.46.58:553][514]LogBlueprintUserMessages: Late EndPlayMap Detection: Level '/Game/Maps/Teleport_Kit.Teleport_Kit:PersistentLevel' has LevelScriptBlueprint '/Game/Maps/Teleport_Kit.Teleport_Kit:PersistentLevel.Teleport_Kit' with GeneratedClass '/Game/Maps/Teleport_Kit.Teleport_Kit_C' with ClassGeneratedBy '/Game/Maps/Teleport_Kit.Teleport_Kit:PersistentLevel.Teleport_Kit'
[2019.11.17-21.46.58:712][514]LogSlate: Updating window title bar state: overlay mode, drag disabled, window buttons hidden, title bar hidden
[2019.11.17-21.46.58:726][514]LogUObjectHash: Compacting FUObjectHashTables data took   7.76ms
[2019.11.17-21.46.59:130][515]LogPlayLevel: Display: Destroying online subsystem :Context_66
[2019.11.17-21.47.00:991][555]LogSlate: FSceneViewport::OnFocusLost() reason 0
[2019.11.17-21.47.03:990][617]LogUObjectHash: Compacting FUObjectHashTables data took   2.15ms
[2019.11.17-21.47.04:162][617]LogUObjectHash: Compacting FUObjectHashTables data took   2.09ms
[2019.11.17-21.47.05:367][617]LogSavePackage: Moving 'C:/Users/danny/Desktop/Systems_Sandbox/Mechanics_Sandbox/Saved/FirstPersonExampleMapEE13D5BA4572326BB796BE954F06D8D5.tmp' to 'C:/Users/danny/Desktop/Systems_Sandbox/Mechanics_Sandbox/Content/FirstPersonBP/Maps/FirstPersonExampleMap.umap'
[2019.11.17-21.47.05:547][617]LogFileHelpers: Saving map 'FirstPersonExampleMap' took 1.517
[2019.11.17-21.47.05:561][617]Cmd: OBJ SAVEPACKAGE PACKAGE="/Game/Maps/Explosive_Kit" FILE="C:/Users/danny/Desktop/Systems_Sandbox/Mechanics_Sandbox/Content/Maps/Explosive_Kit.umap" SILENT=true AUTOSAVING=false KEEPDIRTY=false
[2019.11.17-21.47.05:716][617]LogUObjectHash: Compacting FUObjectHashTables data took   9.59ms
[2019.11.17-21.47.05:763][617]LogSpawn: Warning: UWorld::DestroyActor: World has no context! World: Explosive_Kit, Actor: /Game/Maps/Explosive_Kit.Explosive_Kit:PersistentLevel.REINST_Explosive_Kit_C_0
[2019.11.17-21.47.06:272][617]LogSavePackage: Moving 'C:/Users/danny/Desktop/Systems_Sandbox/Mechanics_Sandbox/Saved/Explosive_KitB9AF251346BF8626C78475B1819E7E3C.tmp' to 'C:/Users/danny/Desktop/Systems_Sandbox/Mechanics_Sandbox/Content/Maps/Explosive_Kit.umap'
[2019.11.17-21.47.06:289][617]LogFileHelpers: Saving map 'Explosive_Kit' took 0.731
[2019.11.17-21.47.07:116][617]LogSavePackage: Moving 'C:/Users/danny/Desktop/Systems_Sandbox/Mechanics_Sandbox/Saved/FirstPersonCharacter9C654FE147FE12A0373FB8870AFA7C1A.tmp' to 'C:/Users/danny/Desktop/Systems_Sandbox/Mechanics_Sandbox/Content/FirstPersonBP/Blueprints/FirstPersonCharacter.uasset'
[2019.11.17-21.47.07:175][617]Cmd: OBJ SAVEPACKAGE PACKAGE="/Game/Kits/Safe/Safe" FILE="C:/Users/danny/Desktop/Systems_Sandbox/Mechanics_Sandbox/Content/Kits/Safe/Safe.uasset" SILENT=true
[2019.11.17-21.47.07:817][617]LogSavePackage: Moving 'C:/Users/danny/Desktop/Systems_Sandbox/Mechanics_Sandbox/Saved/Safe7BCF1F5C4D39268A5B4180B99D71D691.tmp' to 'C:/Users/danny/Desktop/Systems_Sandbox/Mechanics_Sandbox/Content/Kits/Safe/Safe.uasset'
[2019.11.17-21.47.23:261][940]BlueprintLog: New page: Compile Safe
[2019.11.17-21.47.23:974][940]LogUObjectHash: Compacting FUObjectHashTables data took   9.35ms
[2019.11.17-21.47.37:602][259]LogEditorTransaction: Undo Edit Reset Time Total
[2019.11.17-21.47.41:607][354]LogEditorTransaction: Redo Edit Reset Time Total
[2019.11.17-21.47.47:617][503]LogEditorTransaction: Undo Delete current selection
[2019.11.17-21.48.08:127][976]BlueprintLog: New page: Compile Safe
[2019.11.17-21.48.08:931][976]LogUObjectHash: Compacting FUObjectHashTables data took  16.05ms
[2019.11.17-21.48.13:958][ 71]LogTemp: Repeating last play command: Selected Viewport
[2019.11.17-21.48.14:133][ 71]LogBlueprintUserMessages: Early PlayInEditor Detection: Level '/Game/FirstPersonBP/Maps/FirstPersonExampleMap.FirstPersonExampleMap:PersistentLevel' has LevelScriptBlueprint '/Game/FirstPersonBP/Maps/FirstPersonExampleMap.FirstPersonExampleMap:PersistentLevel.FirstPersonExampleMap' with GeneratedClass '/Game/FirstPersonBP/Maps/FirstPersonExampleMap.FirstPersonExampleMap_C' with ClassGeneratedBy '/Game/FirstPersonBP/Maps/FirstPersonExampleMap.FirstPersonExampleMap:PersistentLevel.FirstPersonExampleMap'
[2019.11.17-21.48.14:135][ 71]LogBlueprintUserMessages: Early PlayInEditor Detection: Level '/Game/Maps/Door_Breached.Door_Breached:PersistentLevel' has LevelScriptBlueprint '/Game/Maps/Door_Breached.Door_Breached:PersistentLevel.Door_Breached' with GeneratedClass '/Game/Maps/Door_Breached.Door_Breached_C' with ClassGeneratedBy '/Game/Maps/Door_Breached.Door_Breached:PersistentLevel.Door_Breached'
[2019.11.17-21.48.14:136][ 71]LogBlueprintUserMessages: Early PlayInEditor Detection: Level '/Game/Maps/Door_Kit.Door_Kit:PersistentLevel' has LevelScriptBlueprint '/Game/Maps/Door_Kit.Door_Kit:PersistentLevel.Door_Kit' with GeneratedClass '/Game/Maps/Door_Kit.Door_Kit_C' with ClassGeneratedBy '/Game/Maps/Door_Kit.Door_Kit:PersistentLevel.Door_Kit'
[2019.11.17-21.48.14:137][ 71]LogBlueprintUserMessages: Early PlayInEditor Detection: Level '/Game/Maps/Turret_Kit.Turret_Kit:PersistentLevel' has LevelScriptBlueprint '/Game/Maps/Turret_Kit.Turret_Kit:PersistentLevel.Turret_Kit' with GeneratedClass '/Game/Maps/Turret_Kit.Turret_Kit_C' with ClassGeneratedBy '/Game/Maps/Turret_Kit.Turret_Kit:PersistentLevel.Turret_Kit'
[2019.11.17-21.48.14:138][ 71]LogBlueprintUserMessages: Early PlayInEditor Detection: Level '/Game/Maps/Laser_Kit.Laser_Kit:PersistentLevel' has LevelScriptBlueprint '/Game/Maps/Laser_Kit.Laser_Kit:PersistentLevel.Laser_Kit' with GeneratedClass '/Game/Maps/Laser_Kit.Laser_Kit_C' with ClassGeneratedBy '/Game/Maps/Laser_Kit.Laser_Kit:PersistentLevel.Laser_Kit'
[2019.11.17-21.48.14:139][ 71]LogBlueprintUserMessages: Early PlayInEditor Detection: Level '/Game/Maps/Camera_Kit.Camera_Kit:PersistentLevel' has LevelScriptBlueprint '/Game/Maps/Camera_Kit.Camera_Kit:PersistentLevel.Camera_Kit' with GeneratedClass '/Game/Maps/Camera_Kit.Camera_Kit_C' with ClassGeneratedBy '/Game/Maps/Camera_Kit.Camera_Kit:PersistentLevel.Camera_Kit'
[2019.11.17-21.48.14:140][ 71]LogBlueprintUserMessages: Early PlayInEditor Detection: Level '/Game/Maps/Explosive_Kit.Explosive_Kit:PersistentLevel' has LevelScriptBlueprint '/Game/Maps/Explosive_Kit.Explosive_Kit:PersistentLevel.Explosive_Kit' with GeneratedClass '/Game/Maps/Explosive_Kit.Explosive_Kit_C' with ClassGeneratedBy '/Game/Maps/Explosive_Kit.Explosive_Kit:PersistentLevel.Explosive_Kit'
[2019.11.17-21.48.14:141][ 71]LogBlueprintUserMessages: Early PlayInEditor Detection: Level '/Game/Maps/Teleport_Kit.Teleport_Kit:PersistentLevel' has LevelScriptBlueprint '/Game/Maps/Teleport_Kit.Teleport_Kit:PersistentLevel.Teleport_Kit' with GeneratedClass '/Game/Maps/Teleport_Kit.Teleport_Kit_C' with ClassGeneratedBy '/Game/Maps/Teleport_Kit.Teleport_Kit:PersistentLevel.Teleport_Kit'
[2019.11.17-21.48.14:142][ 71]LogPlayLevel: PlayLevel: No blueprints needed recompiling
[2019.11.17-21.48.14:142][ 71]PIE: New page: PIE session: FirstPersonExampleMap (Nov 17, 2019, 5:48:14 AM)
[2019.11.17-21.48.14:143][ 71]LogPlayLevel: Creating play world package: /Game/FirstPersonBP/Maps/UEDPIE_0_FirstPersonExampleMap
[2019.11.17-21.48.14:188][ 71]LogPlayLevel: PIE: StaticDuplicateObject took: (0.044719s)
[2019.11.17-21.48.14:190][ 71]LogAIModule: Creating AISystem for world FirstPersonExampleMap
[2019.11.17-21.48.14:191][ 71]LogPlayLevel: PIE: World Init took: (0.002562s)
[2019.11.17-21.48.14:192][ 71]LogPlayLevel: PIE: Created PIE world by copying editor world from /Game/FirstPersonBP/Maps/FirstPersonExampleMap.FirstPersonExampleMap to /Game/FirstPersonBP/Maps/UEDPIE_0_FirstPersonExampleMap.FirstPersonExampleMap (0.049021s)
[2019.11.17-21.48.14:335][ 71]LogUObjectHash: Compacting FUObjectHashTables data took   9.53ms
[2019.11.17-21.48.14:405][ 71]LogInit: XAudio2 using 'Headset Earphone (SteelSeries Arctis 5 Chat)' : 2 channels at 48 kHz using 16 bits per sample (channel mask 0x3)
[2019.11.17-21.48.14:446][ 71]LogInit: FAudioDevice initialized.
[2019.11.17-21.48.14:488][ 71]LogLoad: Game class is 'FirstPersonGameMode_C'
[2019.11.17-21.48.14:498][ 71]LogWorld: Bringing World /Game/FirstPersonBP/Maps/UEDPIE_0_FirstPersonExampleMap.FirstPersonExampleMap up for play (max tick rate 60) at 2019.11.17-13.48.14
[2019.11.17-21.48.14:499][ 71]LogWorld: Bringing up level for play took: 0.009307
[2019.11.17-21.48.14:516][ 71]PIE: Play in editor start time for /Game/FirstPersonBP/Maps/UEDPIE_0_FirstPersonExampleMap 0.844
[2019.11.17-21.48.14:517][ 71]LogBlueprintUserMessages: Late PlayInEditor Detection: Level '/Game/FirstPersonBP/Maps/FirstPersonExampleMap.FirstPersonExampleMap:PersistentLevel' has LevelScriptBlueprint '/Game/FirstPersonBP/Maps/FirstPersonExampleMap.FirstPersonExampleMap:PersistentLevel.FirstPersonExampleMap' with GeneratedClass '/Game/FirstPersonBP/Maps/FirstPersonExampleMap.FirstPersonExampleMap_C' with ClassGeneratedBy '/Game/FirstPersonBP/Maps/FirstPersonExampleMap.FirstPersonExampleMap:PersistentLevel.FirstPersonExampleMap'
[2019.11.17-21.48.14:518][ 71]LogBlueprintUserMessages: Late PlayInEditor Detection: Level '/Game/Maps/Door_Breached.Door_Breached:PersistentLevel' has LevelScriptBlueprint '/Game/Maps/Door_Breached.Door_Breached:PersistentLevel.Door_Breached' with GeneratedClass '/Game/Maps/Door_Breached.Door_Breached_C' with ClassGeneratedBy '/Game/Maps/Door_Breached.Door_Breached:PersistentLevel.Door_Breached'
[2019.11.17-21.48.14:519][ 71]LogBlueprintUserMessages: Late PlayInEditor Detection: Level '/Game/Maps/Door_Kit.Door_Kit:PersistentLevel' has LevelScriptBlueprint '/Game/Maps/Door_Kit.Door_Kit:PersistentLevel.Door_Kit' with GeneratedClass '/Game/Maps/Door_Kit.Door_Kit_C' with ClassGeneratedBy '/Game/Maps/Door_Kit.Door_Kit:PersistentLevel.Door_Kit'
[2019.11.17-21.48.14:521][ 71]LogBlueprintUserMessages: Late PlayInEditor Detection: Level '/Game/Maps/Turret_Kit.Turret_Kit:PersistentLevel' has LevelScriptBlueprint '/Game/Maps/Turret_Kit.Turret_Kit:PersistentLevel.Turret_Kit' with GeneratedClass '/Game/Maps/Turret_Kit.Turret_Kit_C' with ClassGeneratedBy '/Game/Maps/Turret_Kit.Turret_Kit:PersistentLevel.Turret_Kit'
[2019.11.17-21.48.14:522][ 71]LogBlueprintUserMessages: Late PlayInEditor Detection: Level '/Game/Maps/Laser_Kit.Laser_Kit:PersistentLevel' has LevelScriptBlueprint '/Game/Maps/Laser_Kit.Laser_Kit:PersistentLevel.Laser_Kit' with GeneratedClass '/Game/Maps/Laser_Kit.Laser_Kit_C' with ClassGeneratedBy '/Game/Maps/Laser_Kit.Laser_Kit:PersistentLevel.Laser_Kit'
[2019.11.17-21.48.14:523][ 71]LogBlueprintUserMessages: Late PlayInEditor Detection: Level '/Game/Maps/Camera_Kit.Camera_Kit:PersistentLevel' has LevelScriptBlueprint '/Game/Maps/Camera_Kit.Camera_Kit:PersistentLevel.Camera_Kit' with GeneratedClass '/Game/Maps/Camera_Kit.Camera_Kit_C' with ClassGeneratedBy '/Game/Maps/Camera_Kit.Camera_Kit:PersistentLevel.Camera_Kit'
[2019.11.17-21.48.14:524][ 71]LogBlueprintUserMessages: Late PlayInEditor Detection: Level '/Game/Maps/Explosive_Kit.Explosive_Kit:PersistentLevel' has LevelScriptBlueprint '/Game/Maps/Explosive_Kit.Explosive_Kit:PersistentLevel.Explosive_Kit' with GeneratedClass '/Game/Maps/Explosive_Kit.Explosive_Kit_C' with ClassGeneratedBy '/Game/Maps/Explosive_Kit.Explosive_Kit:PersistentLevel.Explosive_Kit'
[2019.11.17-21.48.14:525][ 71]LogBlueprintUserMessages: Late PlayInEditor Detection: Level '/Game/Maps/Teleport_Kit.Teleport_Kit:PersistentLevel' has LevelScriptBlueprint '/Game/Maps/Teleport_Kit.Teleport_Kit:PersistentLevel.Teleport_Kit' with GeneratedClass '/Game/Maps/Teleport_Kit.Teleport_Kit_C' with ClassGeneratedBy '/Game/Maps/Teleport_Kit.Teleport_Kit:PersistentLevel.Teleport_Kit'
[2019.11.17-21.48.19:101][134]LogRenderer: Reallocating scene render targets to support 1596x744 Format 10 NumSamples 1 (Frame:64).
[2019.11.17-21.48.23:676][216]LogBlueprintUserMessages: Early EndPlayMap Detection: Level '/Game/FirstPersonBP/Maps/FirstPersonExampleMap.FirstPersonExampleMap:PersistentLevel' has LevelScriptBlueprint '/Game/FirstPersonBP/Maps/FirstPersonExampleMap.FirstPersonExampleMap:PersistentLevel.FirstPersonExampleMap' with GeneratedClass '/Game/FirstPersonBP/Maps/FirstPersonExampleMap.FirstPersonExampleMap_C' with ClassGeneratedBy '/Game/FirstPersonBP/Maps/FirstPersonExampleMap.FirstPersonExampleMap:PersistentLevel.FirstPersonExampleMap'
[2019.11.17-21.48.23:678][216]LogBlueprintUserMessages: Early EndPlayMap Detection: Level '/Game/Maps/Door_Breached.Door_Breached:PersistentLevel' has LevelScriptBlueprint '/Game/Maps/Door_Breached.Door_Breached:PersistentLevel.Door_Breached' with GeneratedClass '/Game/Maps/Door_Breached.Door_Breached_C' with ClassGeneratedBy '/Game/Maps/Door_Breached.Door_Breached:PersistentLevel.Door_Breached'
[2019.11.17-21.48.23:680][216]LogBlueprintUserMessages: Early EndPlayMap Detection: Level '/Game/Maps/Door_Kit.Door_Kit:PersistentLevel' has LevelScriptBlueprint '/Game/Maps/Door_Kit.Door_Kit:PersistentLevel.Door_Kit' with GeneratedClass '/Game/Maps/Door_Kit.Door_Kit_C' with ClassGeneratedBy '/Game/Maps/Door_Kit.Door_Kit:PersistentLevel.Door_Kit'
[2019.11.17-21.48.23:681][216]LogBlueprintUserMessages: Early EndPlayMap Detection: Level '/Game/Maps/Turret_Kit.Turret_Kit:PersistentLevel' has LevelScriptBlueprint '/Game/Maps/Turret_Kit.Turret_Kit:PersistentLevel.Turret_Kit' with GeneratedClass '/Game/Maps/Turret_Kit.Turret_Kit_C' with ClassGeneratedBy '/Game/Maps/Turret_Kit.Turret_Kit:PersistentLevel.Turret_Kit'
[2019.11.17-21.48.23:683][216]LogBlueprintUserMessages: Early EndPlayMap Detection: Level '/Game/Maps/Laser_Kit.Laser_Kit:PersistentLevel' has LevelScriptBlueprint '/Game/Maps/Laser_Kit.Laser_Kit:PersistentLevel.Laser_Kit' with GeneratedClass '/Game/Maps/Laser_Kit.Laser_Kit_C' with ClassGeneratedBy '/Game/Maps/Laser_Kit.Laser_Kit:PersistentLevel.Laser_Kit'
[2019.11.17-21.48.23:685][216]LogBlueprintUserMessages: Early EndPlayMap Detection: Level '/Game/Maps/Camera_Kit.Camera_Kit:PersistentLevel' has LevelScriptBlueprint '/Game/Maps/Camera_Kit.Camera_Kit:PersistentLevel.Camera_Kit' with GeneratedClass '/Game/Maps/Camera_Kit.Camera_Kit_C' with ClassGeneratedBy '/Game/Maps/Camera_Kit.Camera_Kit:PersistentLevel.Camera_Kit'
[2019.11.17-21.48.23:686][216]LogBlueprintUserMessages: Early EndPlayMap Detection: Level '/Game/Maps/Explosive_Kit.Explosive_Kit:PersistentLevel' has LevelScriptBlueprint '/Game/Maps/Explosive_Kit.Explosive_Kit:PersistentLevel.Explosive_Kit' with GeneratedClass '/Game/Maps/Explosive_Kit.Explosive_Kit_C' with ClassGeneratedBy '/Game/Maps/Explosive_Kit.Explosive_Kit:PersistentLevel.Explosive_Kit'
[2019.11.17-21.48.23:687][216]LogBlueprintUserMessages: Early EndPlayMap Detection: Level '/Game/Maps/Teleport_Kit.Teleport_Kit:PersistentLevel' has LevelScriptBlueprint '/Game/Maps/Teleport_Kit.Teleport_Kit:PersistentLevel.Teleport_Kit' with GeneratedClass '/Game/Maps/Teleport_Kit.Teleport_Kit_C' with ClassGeneratedBy '/Game/Maps/Teleport_Kit.Teleport_Kit:PersistentLevel.Teleport_Kit'
[2019.11.17-21.48.23:689][216]LogSlate: Updating window title bar state: overlay mode, drag disabled, window buttons hidden, title bar hidden
[2019.11.17-21.48.23:855][216]LogPlayLevel: Display: Shutting down PIE online subsystems
[2019.11.17-21.48.23:856][216]LogBlueprintUserMessages: Late EndPlayMap Detection: Level '/Game/FirstPersonBP/Maps/FirstPersonExampleMap.FirstPersonExampleMap:PersistentLevel' has LevelScriptBlueprint '/Game/FirstPersonBP/Maps/FirstPersonExampleMap.FirstPersonExampleMap:PersistentLevel.FirstPersonExampleMap' with GeneratedClass '/Game/FirstPersonBP/Maps/FirstPersonExampleMap.FirstPersonExampleMap_C' with ClassGeneratedBy '/Game/FirstPersonBP/Maps/FirstPersonExampleMap.FirstPersonExampleMap:PersistentLevel.FirstPersonExampleMap'
[2019.11.17-21.48.23:858][216]LogBlueprintUserMessages: Late EndPlayMap Detection: Level '/Game/Maps/Door_Breached.Door_Breached:PersistentLevel' has LevelScriptBlueprint '/Game/Maps/Door_Breached.Door_Breached:PersistentLevel.Door_Breached' with GeneratedClass '/Game/Maps/Door_Breached.Door_Breached_C' with ClassGeneratedBy '/Game/Maps/Door_Breached.Door_Breached:PersistentLevel.Door_Breached'
[2019.11.17-21.48.23:860][216]LogBlueprintUserMessages: Late EndPlayMap Detection: Level '/Game/Maps/Door_Kit.Door_Kit:PersistentLevel' has LevelScriptBlueprint '/Game/Maps/Door_Kit.Door_Kit:PersistentLevel.Door_Kit' with GeneratedClass '/Game/Maps/Door_Kit.Door_Kit_C' with ClassGeneratedBy '/Game/Maps/Door_Kit.Door_Kit:PersistentLevel.Door_Kit'
[2019.11.17-21.48.23:861][216]LogBlueprintUserMessages: Late EndPlayMap Detection: Level '/Game/Maps/Turret_Kit.Turret_Kit:PersistentLevel' has LevelScriptBlueprint '/Game/Maps/Turret_Kit.Turret_Kit:PersistentLevel.Turret_Kit' with GeneratedClass '/Game/Maps/Turret_Kit.Turret_Kit_C' with ClassGeneratedBy '/Game/Maps/Turret_Kit.Turret_Kit:PersistentLevel.Turret_Kit'
[2019.11.17-21.48.23:862][216]LogBlueprintUserMessages: Late EndPlayMap Detection: Level '/Game/Maps/Laser_Kit.Laser_Kit:PersistentLevel' has LevelScriptBlueprint '/Game/Maps/Laser_Kit.Laser_Kit:PersistentLevel.Laser_Kit' with GeneratedClass '/Game/Maps/Laser_Kit.Laser_Kit_C' with ClassGeneratedBy '/Game/Maps/Laser_Kit.Laser_Kit:PersistentLevel.Laser_Kit'
[2019.11.17-21.48.23:863][216]LogBlueprintUserMessages: Late EndPlayMap Detection: Level '/Game/Maps/Camera_Kit.Camera_Kit:PersistentLevel' has LevelScriptBlueprint '/Game/Maps/Camera_Kit.Camera_Kit:PersistentLevel.Camera_Kit' with GeneratedClass '/Game/Maps/Camera_Kit.Camera_Kit_C' with ClassGeneratedBy '/Game/Maps/Camera_Kit.Camera_Kit:PersistentLevel.Camera_Kit'
[2019.11.17-21.48.23:864][216]LogBlueprintUserMessages: Late EndPlayMap Detection: Level '/Game/Maps/Explosive_Kit.Explosive_Kit:PersistentLevel' has LevelScriptBlueprint '/Game/Maps/Explosive_Kit.Explosive_Kit:PersistentLevel.Explosive_Kit' with GeneratedClass '/Game/Maps/Explosive_Kit.Explosive_Kit_C' with ClassGeneratedBy '/Game/Maps/Explosive_Kit.Explosive_Kit:PersistentLevel.Explosive_Kit'
[2019.11.17-21.48.23:865][216]LogBlueprintUserMessages: Late EndPlayMap Detection: Level '/Game/Maps/Teleport_Kit.Teleport_Kit:PersistentLevel' has LevelScriptBlueprint '/Game/Maps/Teleport_Kit.Teleport_Kit:PersistentLevel.Teleport_Kit' with GeneratedClass '/Game/Maps/Teleport_Kit.Teleport_Kit_C' with ClassGeneratedBy '/Game/Maps/Teleport_Kit.Teleport_Kit:PersistentLevel.Teleport_Kit'
[2019.11.17-21.48.24:006][216]LogSlate: Updating window title bar state: overlay mode, drag disabled, window buttons hidden, title bar hidden
[2019.11.17-21.48.24:021][216]LogUObjectHash: Compacting FUObjectHashTables data took   7.28ms
[2019.11.17-21.48.24:399][217]LogPlayLevel: Display: Destroying online subsystem :Context_67
[2019.11.17-21.48.28:668][319]LogRenderer: Reallocating scene render targets to support 1596x752 Format 10 NumSamples 1 (Frame:79549).
[2019.11.17-21.48.28:792][320]LogRenderer: Reallocating scene render targets to support 1596x764 Format 10 NumSamples 1 (Frame:79551).
[2019.11.17-21.48.28:909][321]LogRenderer: Reallocating scene render targets to support 1596x768 Format 10 NumSamples 1 (Frame:79553).
[2019.11.17-21.48.37:053][451]LogRenderer: Reallocating scene render targets to support 1596x928 Format 10 NumSamples 1 (Frame:79645).
[2019.11.17-21.48.42:265][509]LogBlueprintUserMessages: Early PlayInEditor Detection: Level '/Game/FirstPersonBP/Maps/FirstPersonExampleMap.FirstPersonExampleMap:PersistentLevel' has LevelScriptBlueprint '/Game/FirstPersonBP/Maps/FirstPersonExampleMap.FirstPersonExampleMap:PersistentLevel.FirstPersonExampleMap' with GeneratedClass '/Game/FirstPersonBP/Maps/FirstPersonExampleMap.FirstPersonExampleMap_C' with ClassGeneratedBy '/Game/FirstPersonBP/Maps/FirstPersonExampleMap.FirstPersonExampleMap:PersistentLevel.FirstPersonExampleMap'
[2019.11.17-21.48.42:267][509]LogBlueprintUserMessages: Early PlayInEditor Detection: Level '/Game/Maps/Door_Breached.Door_Breached:PersistentLevel' has LevelScriptBlueprint '/Game/Maps/Door_Breached.Door_Breached:PersistentLevel.Door_Breached' with GeneratedClass '/Game/Maps/Door_Breached.Door_Breached_C' with ClassGeneratedBy '/Game/Maps/Door_Breached.Door_Breached:PersistentLevel.Door_Breached'
[2019.11.17-21.48.42:268][509]LogBlueprintUserMessages: Early PlayInEditor Detection: Level '/Game/Maps/Door_Kit.Door_Kit:PersistentLevel' has LevelScriptBlueprint '/Game/Maps/Door_Kit.Door_Kit:PersistentLevel.Door_Kit' with GeneratedClass '/Game/Maps/Door_Kit.Door_Kit_C' with ClassGeneratedBy '/Game/Maps/Door_Kit.Door_Kit:PersistentLevel.Door_Kit'
[2019.11.17-21.48.42:269][509]LogBlueprintUserMessages: Early PlayInEditor Detection: Level '/Game/Maps/Turret_Kit.Turret_Kit:PersistentLevel' has LevelScriptBlueprint '/Game/Maps/Turret_Kit.Turret_Kit:PersistentLevel.Turret_Kit' with GeneratedClass '/Game/Maps/Turret_Kit.Turret_Kit_C' with ClassGeneratedBy '/Game/Maps/Turret_Kit.Turret_Kit:PersistentLevel.Turret_Kit'
[2019.11.17-21.48.42:270][509]LogBlueprintUserMessages: Early PlayInEditor Detection: Level '/Game/Maps/Laser_Kit.Laser_Kit:PersistentLevel' has LevelScriptBlueprint '/Game/Maps/Laser_Kit.Laser_Kit:PersistentLevel.Laser_Kit' with GeneratedClass '/Game/Maps/Laser_Kit.Laser_Kit_C' with ClassGeneratedBy '/Game/Maps/Laser_Kit.Laser_Kit:PersistentLevel.Laser_Kit'
[2019.11.17-21.48.42:271][509]LogBlueprintUserMessages: Early PlayInEditor Detection: Level '/Game/Maps/Camera_Kit.Camera_Kit:PersistentLevel' has LevelScriptBlueprint '/Game/Maps/Camera_Kit.Camera_Kit:PersistentLevel.Camera_Kit' with GeneratedClass '/Game/Maps/Camera_Kit.Camera_Kit_C' with ClassGeneratedBy '/Game/Maps/Camera_Kit.Camera_Kit:PersistentLevel.Camera_Kit'
[2019.11.17-21.48.42:272][509]LogBlueprintUserMessages: Early PlayInEditor Detection: Level '/Game/Maps/Explosive_Kit.Explosive_Kit:PersistentLevel' has LevelScriptBlueprint '/Game/Maps/Explosive_Kit.Explosive_Kit:PersistentLevel.Explosive_Kit' with GeneratedClass '/Game/Maps/Explosive_Kit.Explosive_Kit_C' with ClassGeneratedBy '/Game/Maps/Explosive_Kit.Explosive_Kit:PersistentLevel.Explosive_Kit'
[2019.11.17-21.48.42:273][509]LogBlueprintUserMessages: Early PlayInEditor Detection: Level '/Game/Maps/Teleport_Kit.Teleport_Kit:PersistentLevel' has LevelScriptBlueprint '/Game/Maps/Teleport_Kit.Teleport_Kit:PersistentLevel.Teleport_Kit' with GeneratedClass '/Game/Maps/Teleport_Kit.Teleport_Kit_C' with ClassGeneratedBy '/Game/Maps/Teleport_Kit.Teleport_Kit:PersistentLevel.Teleport_Kit'
[2019.11.17-21.48.42:275][509]LogPlayLevel: PlayLevel: No blueprints needed recompiling
[2019.11.17-21.48.42:275][509]PIE: New page: PIE session: FirstPersonExampleMap (Nov 17, 2019, 5:48:42 AM)
[2019.11.17-21.48.42:275][509]LogPlayLevel: Creating play world package: /Game/FirstPersonBP/Maps/UEDPIE_0_FirstPersonExampleMap
[2019.11.17-21.48.42:313][509]LogPlayLevel: PIE: StaticDuplicateObject took: (0.036946s)
[2019.11.17-21.48.42:316][509]LogAIModule: Creating AISystem for world FirstPersonExampleMap
[2019.11.17-21.48.42:317][509]LogPlayLevel: PIE: World Init took: (0.003337s)
[2019.11.17-21.48.42:318][509]LogPlayLevel: PIE: Created PIE world by copying editor world from /Game/FirstPersonBP/Maps/FirstPersonExampleMap.FirstPersonExampleMap to /Game/FirstPersonBP/Maps/UEDPIE_0_FirstPersonExampleMap.FirstPersonExampleMap (0.042301s)
[2019.11.17-21.48.42:456][509]LogUObjectHash: Compacting FUObjectHashTables data took   6.85ms
[2019.11.17-21.48.42:527][509]LogInit: XAudio2 using 'Headset Earphone (SteelSeries Arctis 5 Chat)' : 2 channels at 48 kHz using 16 bits per sample (channel mask 0x3)
[2019.11.17-21.48.42:566][509]LogInit: FAudioDevice initialized.
[2019.11.17-21.48.42:587][509]LogSlate: Updating window title bar state: overlay mode, drag disabled, window buttons hidden, title bar hidden
[2019.11.17-21.48.42:733][509]LogLoad: Game class is 'FirstPersonGameMode_C'
[2019.11.17-21.48.42:753][509]LogWorld: Bringing World /Game/FirstPersonBP/Maps/UEDPIE_0_FirstPersonExampleMap.FirstPersonExampleMap up for play (max tick rate 60) at 2019.11.17-13.48.42
[2019.11.17-21.48.42:756][509]LogWorld: Bringing up level for play took: 0.019731
[2019.11.17-21.48.42:793][509]PIE: Play in editor start time for /Game/FirstPersonBP/Maps/UEDPIE_0_FirstPersonExampleMap 1.122
[2019.11.17-21.48.42:795][509]LogBlueprintUserMessages: Late PlayInEditor Detection: Level '/Game/FirstPersonBP/Maps/FirstPersonExampleMap.FirstPersonExampleMap:PersistentLevel' has LevelScriptBlueprint '/Game/FirstPersonBP/Maps/FirstPersonExampleMap.FirstPersonExampleMap:PersistentLevel.FirstPersonExampleMap' with GeneratedClass '/Game/FirstPersonBP/Maps/FirstPersonExampleMap.FirstPersonExampleMap_C' with ClassGeneratedBy '/Game/FirstPersonBP/Maps/FirstPersonExampleMap.FirstPersonExampleMap:PersistentLevel.FirstPersonExampleMap'
[2019.11.17-21.48.42:797][509]LogBlueprintUserMessages: Late PlayInEditor Detection: Level '/Game/Maps/Door_Breached.Door_Breached:PersistentLevel' has LevelScriptBlueprint '/Game/Maps/Door_Breached.Door_Breached:PersistentLevel.Door_Breached' with GeneratedClass '/Game/Maps/Door_Breached.Door_Breached_C' with ClassGeneratedBy '/Game/Maps/Door_Breached.Door_Breached:PersistentLevel.Door_Breached'
[2019.11.17-21.48.42:799][509]LogBlueprintUserMessages: Late PlayInEditor Detection: Level '/Game/Maps/Door_Kit.Door_Kit:PersistentLevel' has LevelScriptBlueprint '/Game/Maps/Door_Kit.Door_Kit:PersistentLevel.Door_Kit' with GeneratedClass '/Game/Maps/Door_Kit.Door_Kit_C' with ClassGeneratedBy '/Game/Maps/Door_Kit.Door_Kit:PersistentLevel.Door_Kit'
[2019.11.17-21.48.42:800][509]LogBlueprintUserMessages: Late PlayInEditor Detection: Level '/Game/Maps/Turret_Kit.Turret_Kit:PersistentLevel' has LevelScriptBlueprint '/Game/Maps/Turret_Kit.Turret_Kit:PersistentLevel.Turret_Kit' with GeneratedClass '/Game/Maps/Turret_Kit.Turret_Kit_C' with ClassGeneratedBy '/Game/Maps/Turret_Kit.Turret_Kit:PersistentLevel.Turret_Kit'
[2019.11.17-21.48.42:801][509]LogBlueprintUserMessages: Late PlayInEditor Detection: Level '/Game/Maps/Laser_Kit.Laser_Kit:PersistentLevel' has LevelScriptBlueprint '/Game/Maps/Laser_Kit.Laser_Kit:PersistentLevel.Laser_Kit' with GeneratedClass '/Game/Maps/Laser_Kit.Laser_Kit_C' with ClassGeneratedBy '/Game/Maps/Laser_Kit.Laser_Kit:PersistentLevel.Laser_Kit'
[2019.11.17-21.48.42:802][509]LogBlueprintUserMessages: Late PlayInEditor Detection: Level '/Game/Maps/Camera_Kit.Camera_Kit:PersistentLevel' has LevelScriptBlueprint '/Game/Maps/Camera_Kit.Camera_Kit:PersistentLevel.Camera_Kit' with GeneratedClass '/Game/Maps/Camera_Kit.Camera_Kit_C' with ClassGeneratedBy '/Game/Maps/Camera_Kit.Camera_Kit:PersistentLevel.Camera_Kit'
[2019.11.17-21.48.42:803][509]LogBlueprintUserMessages: Late PlayInEditor Detection: Level '/Game/Maps/Explosive_Kit.Explosive_Kit:PersistentLevel' has LevelScriptBlueprint '/Game/Maps/Explosive_Kit.Explosive_Kit:PersistentLevel.Explosive_Kit' with GeneratedClass '/Game/Maps/Explosive_Kit.Explosive_Kit_C' with ClassGeneratedBy '/Game/Maps/Explosive_Kit.Explosive_Kit:PersistentLevel.Explosive_Kit'
[2019.11.17-21.48.42:805][509]LogBlueprintUserMessages: Late PlayInEditor Detection: Level '/Game/Maps/Teleport_Kit.Teleport_Kit:PersistentLevel' has LevelScriptBlueprint '/Game/Maps/Teleport_Kit.Teleport_Kit:PersistentLevel.Teleport_Kit' with GeneratedClass '/Game/Maps/Teleport_Kit.Teleport_Kit_C' with ClassGeneratedBy '/Game/Maps/Teleport_Kit.Teleport_Kit:PersistentLevel.Teleport_Kit'
[2019.11.17-21.48.45:607][537]LogRenderer: Reallocating scene render targets to support 1600x928 Format 10 NumSamples 1 (Frame:29).
[2019.11.17-21.49.38:458][141]LogSlate: FSceneViewport::OnFocusLost() reason 2
[2019.11.17-21.49.47:441][575]LogBlueprintUserMessages: [Safe_2] Safe: BEEP
[2019.11.17-21.49.47:999][605]LogBlueprintUserMessages: [Safe_2] Safe: BEEP
[2019.11.17-21.49.48:503][632]LogBlueprintUserMessages: [Safe_2] Safe: BEEP
[2019.11.17-21.49.49:295][672]LogBlueprintUserMessages: [Safe_2] Safe: BEEP
[2019.11.17-21.49.49:948][707]LogBlueprintUserMessages: [Safe_2] Safe: BEEP
[2019.11.17-21.49.50:407][732]LogBlueprintUserMessages: [Safe_2] Safe: BEEP
[2019.11.17-21.49.52:120][826]LogBlueprintUserMessages: [Safe_2] Safe: Code entered is incorrect
[2019.11.17-21.49.52:121][826]LogBlueprintUserMessages: [Safe_2] Attempt:  1 of 3
[2019.11.17-21.49.58:117][150]LogBlueprintUserMessages: [Safe_2] Safe: BEEP
[2019.11.17-21.49.58:491][171]LogBlueprintUserMessages: [Safe_2] Safe: BEEP
[2019.11.17-21.49.58:802][189]LogBlueprintUserMessages: [Safe_2] Safe: BEEP
[2019.11.17-21.49.59:655][233]LogBlueprintUserMessages: [Safe_2] Safe: BEEP
[2019.11.17-21.50.00:420][273]LogBlueprintUserMessages: [Safe_2] Safe: BEEP
[2019.11.17-21.50.01:106][310]LogBlueprintUserMessages: [Safe_2] Safe: BEEP
[2019.11.17-21.50.02:299][376]LogBlueprintUserMessages: [Safe_2] Safe: Code entered is incorrect
[2019.11.17-21.50.02:299][376]LogBlueprintUserMessages: [Safe_2] Attempt:  2 of 3
[2019.11.17-21.50.06:317][589]LogBlueprintUserMessages: [Safe_2] Safe: Code entered is incorrect
[2019.11.17-21.50.13:299][978]LogBlueprintUserMessages: [Safe_2] Safe: Reset
[2019.11.17-21.50.13:755][  4]LogBlueprintUserMessages: [Safe_2] Safe: Code sequence at full length; clear a character(s) first
[2019.11.17-21.50.14:282][ 33]LogBlueprintUserMessages: [Safe_2] Safe: Code sequence at full length; clear a character(s) first
[2019.11.17-21.50.16:054][132]LogBlueprintUserMessages: [Safe_2] Safe: Code sequence at full length; clear a character(s) first
[2019.11.17-21.50.16:397][151]LogBlueprintUserMessages: [Safe_2] Safe: Code sequence at full length; clear a character(s) first
[2019.11.17-21.50.16:669][166]LogBlueprintUserMessages: [Safe_2] Safe: Code sequence at full length; clear a character(s) first
[2019.11.17-21.50.16:954][182]LogBlueprintUserMessages: [Safe_2] Safe: Code sequence at full length; clear a character(s) first
[2019.11.17-21.50.17:237][198]LogBlueprintUserMessages: [Safe_2] Safe: Code sequence at full length; clear a character(s) first
[2019.11.17-21.50.17:501][212]LogBlueprintUserMessages: [Safe_2] Safe: Code sequence at full length; clear a character(s) first
[2019.11.17-21.50.18:872][288]LogBlueprintUserMessages: [Safe_2] Safe: Code sequence at full length; clear a character(s) first
[2019.11.17-21.50.19:515][324]LogBlueprintUserMessages: [Safe_2] Safe: Code sequence at full length; clear a character(s) first
[2019.11.17-21.50.20:272][367]LogBlueprintUserMessages: [Safe_2] Safe: Code sequence at full length; clear a character(s) first
[2019.11.17-21.50.20:562][383]LogBlueprintUserMessages: [Safe_2] Safe: Code sequence at full length; clear a character(s) first
[2019.11.17-21.50.20:803][396]LogBlueprintUserMessages: [Safe_2] Safe: Code sequence at full length; clear a character(s) first
[2019.11.17-21.50.21:019][408]LogBlueprintUserMessages: [Safe_2] Safe: Code sequence at full length; clear a character(s) first
[2019.11.17-21.50.21:232][420]LogBlueprintUserMessages: [Safe_2] Safe: Code sequence at full length; clear a character(s) first
[2019.11.17-21.50.21:436][431]LogBlueprintUserMessages: [Safe_2] Safe: Code sequence at full length; clear a character(s) first
[2019.11.17-21.50.21:672][444]LogBlueprintUserMessages: [Safe_2] Safe: Code sequence at full length; clear a character(s) first
[2019.11.17-21.50.21:888][455]LogBlueprintUserMessages: [Safe_2] Safe: Code sequence at full length; clear a character(s) first
[2019.11.17-21.50.22:454][485]LogBlueprintUserMessages: Early EndPlayMap Detection: Level '/Game/FirstPersonBP/Maps/FirstPersonExampleMap.FirstPersonExampleMap:PersistentLevel' has LevelScriptBlueprint '/Game/FirstPersonBP/Maps/FirstPersonExampleMap.FirstPersonExampleMap:PersistentLevel.FirstPersonExampleMap' with GeneratedClass '/Game/FirstPersonBP/Maps/FirstPersonExampleMap.FirstPersonExampleMap_C' with ClassGeneratedBy '/Game/FirstPersonBP/Maps/FirstPersonExampleMap.FirstPersonExampleMap:PersistentLevel.FirstPersonExampleMap'
[2019.11.17-21.50.22:457][485]LogBlueprintUserMessages: Early EndPlayMap Detection: Level '/Game/Maps/Door_Breached.Door_Breached:PersistentLevel' has LevelScriptBlueprint '/Game/Maps/Door_Breached.Door_Breached:PersistentLevel.Door_Breached' with GeneratedClass '/Game/Maps/Door_Breached.Door_Breached_C' with ClassGeneratedBy '/Game/Maps/Door_Breached.Door_Breached:PersistentLevel.Door_Breached'
[2019.11.17-21.50.22:459][485]LogBlueprintUserMessages: Early EndPlayMap Detection: Level '/Game/Maps/Door_Kit.Door_Kit:PersistentLevel' has LevelScriptBlueprint '/Game/Maps/Door_Kit.Door_Kit:PersistentLevel.Door_Kit' with GeneratedClass '/Game/Maps/Door_Kit.Door_Kit_C' with ClassGeneratedBy '/Game/Maps/Door_Kit.Door_Kit:PersistentLevel.Door_Kit'
[2019.11.17-21.50.22:460][485]LogBlueprintUserMessages: Early EndPlayMap Detection: Level '/Game/Maps/Turret_Kit.Turret_Kit:PersistentLevel' has LevelScriptBlueprint '/Game/Maps/Turret_Kit.Turret_Kit:PersistentLevel.Turret_Kit' with GeneratedClass '/Game/Maps/Turret_Kit.Turret_Kit_C' with ClassGeneratedBy '/Game/Maps/Turret_Kit.Turret_Kit:PersistentLevel.Turret_Kit'
[2019.11.17-21.50.22:462][485]LogBlueprintUserMessages: Early EndPlayMap Detection: Level '/Game/Maps/Laser_Kit.Laser_Kit:PersistentLevel' has LevelScriptBlueprint '/Game/Maps/Laser_Kit.Laser_Kit:PersistentLevel.Laser_Kit' with GeneratedClass '/Game/Maps/Laser_Kit.Laser_Kit_C' with ClassGeneratedBy '/Game/Maps/Laser_Kit.Laser_Kit:PersistentLevel.Laser_Kit'
[2019.11.17-21.50.22:464][485]LogBlueprintUserMessages: Early EndPlayMap Detection: Level '/Game/Maps/Camera_Kit.Camera_Kit:PersistentLevel' has LevelScriptBlueprint '/Game/Maps/Camera_Kit.Camera_Kit:PersistentLevel.Camera_Kit' with GeneratedClass '/Game/Maps/Camera_Kit.Camera_Kit_C' with ClassGeneratedBy '/Game/Maps/Camera_Kit.Camera_Kit:PersistentLevel.Camera_Kit'
[2019.11.17-21.50.22:465][485]LogBlueprintUserMessages: Early EndPlayMap Detection: Level '/Game/Maps/Explosive_Kit.Explosive_Kit:PersistentLevel' has LevelScriptBlueprint '/Game/Maps/Explosive_Kit.Explosive_Kit:PersistentLevel.Explosive_Kit' with GeneratedClass '/Game/Maps/Explosive_Kit.Explosive_Kit_C' with ClassGeneratedBy '/Game/Maps/Explosive_Kit.Explosive_Kit:PersistentLevel.Explosive_Kit'
[2019.11.17-21.50.22:467][485]LogBlueprintUserMessages: Early EndPlayMap Detection: Level '/Game/Maps/Teleport_Kit.Teleport_Kit:PersistentLevel' has LevelScriptBlueprint '/Game/Maps/Teleport_Kit.Teleport_Kit:PersistentLevel.Teleport_Kit' with GeneratedClass '/Game/Maps/Teleport_Kit.Teleport_Kit_C' with ClassGeneratedBy '/Game/Maps/Teleport_Kit.Teleport_Kit:PersistentLevel.Teleport_Kit'
[2019.11.17-21.50.22:468][485]LogSlate: Updating window title bar state: overlay mode, drag disabled, window buttons hidden, title bar hidden
[2019.11.17-21.50.22:558][485]LogSlate: Window 'Mechanics_Sandbox Game Preview Standalone (64-bit/PCD3D_SM5)' being destroyed
[2019.11.17-21.50.23:133][485]LogPlayLevel: Display: Shutting down PIE online subsystems
[2019.11.17-21.50.23:134][485]LogBlueprintUserMessages: Late EndPlayMap Detection: Level '/Game/FirstPersonBP/Maps/FirstPersonExampleMap.FirstPersonExampleMap:PersistentLevel' has LevelScriptBlueprint '/Game/FirstPersonBP/Maps/FirstPersonExampleMap.FirstPersonExampleMap:PersistentLevel.FirstPersonExampleMap' with GeneratedClass '/Game/FirstPersonBP/Maps/FirstPersonExampleMap.FirstPersonExampleMap_C' with ClassGeneratedBy '/Game/FirstPersonBP/Maps/FirstPersonExampleMap.FirstPersonExampleMap:PersistentLevel.FirstPersonExampleMap'
[2019.11.17-21.50.23:136][485]LogBlueprintUserMessages: Late EndPlayMap Detection: Level '/Game/Maps/Door_Breached.Door_Breached:PersistentLevel' has LevelScriptBlueprint '/Game/Maps/Door_Breached.Door_Breached:PersistentLevel.Door_Breached' with GeneratedClass '/Game/Maps/Door_Breached.Door_Breached_C' with ClassGeneratedBy '/Game/Maps/Door_Breached.Door_Breached:PersistentLevel.Door_Breached'
[2019.11.17-21.50.23:139][485]LogBlueprintUserMessages: Late EndPlayMap Detection: Level '/Game/Maps/Door_Kit.Door_Kit:PersistentLevel' has LevelScriptBlueprint '/Game/Maps/Door_Kit.Door_Kit:PersistentLevel.Door_Kit' with GeneratedClass '/Game/Maps/Door_Kit.Door_Kit_C' with ClassGeneratedBy '/Game/Maps/Door_Kit.Door_Kit:PersistentLevel.Door_Kit'
[2019.11.17-21.50.23:140][485]LogBlueprintUserMessages: Late EndPlayMap Detection: Level '/Game/Maps/Turret_Kit.Turret_Kit:PersistentLevel' has LevelScriptBlueprint '/Game/Maps/Turret_Kit.Turret_Kit:PersistentLevel.Turret_Kit' with GeneratedClass '/Game/Maps/Turret_Kit.Turret_Kit_C' with ClassGeneratedBy '/Game/Maps/Turret_Kit.Turret_Kit:PersistentLevel.Turret_Kit'
[2019.11.17-21.50.23:142][485]LogBlueprintUserMessages: Late EndPlayMap Detection: Level '/Game/Maps/Laser_Kit.Laser_Kit:PersistentLevel' has LevelScriptBlueprint '/Game/Maps/Laser_Kit.Laser_Kit:PersistentLevel.Laser_Kit' with GeneratedClass '/Game/Maps/Laser_Kit.Laser_Kit_C' with ClassGeneratedBy '/Game/Maps/Laser_Kit.Laser_Kit:PersistentLevel.Laser_Kit'
[2019.11.17-21.50.23:144][485]LogBlueprintUserMessages: Late EndPlayMap Detection: Level '/Game/Maps/Camera_Kit.Camera_Kit:PersistentLevel' has LevelScriptBlueprint '/Game/Maps/Camera_Kit.Camera_Kit:PersistentLevel.Camera_Kit' with GeneratedClass '/Game/Maps/Camera_Kit.Camera_Kit_C' with ClassGeneratedBy '/Game/Maps/Camera_Kit.Camera_Kit:PersistentLevel.Camera_Kit'
[2019.11.17-21.50.23:147][485]LogBlueprintUserMessages: Late EndPlayMap Detection: Level '/Game/Maps/Explosive_Kit.Explosive_Kit:PersistentLevel' has LevelScriptBlueprint '/Game/Maps/Explosive_Kit.Explosive_Kit:PersistentLevel.Explosive_Kit' with GeneratedClass '/Game/Maps/Explosive_Kit.Explosive_Kit_C' with ClassGeneratedBy '/Game/Maps/Explosive_Kit.Explosive_Kit:PersistentLevel.Explosive_Kit'
[2019.11.17-21.50.23:150][485]LogBlueprintUserMessages: Late EndPlayMap Detection: Level '/Game/Maps/Teleport_Kit.Teleport_Kit:PersistentLevel' has LevelScriptBlueprint '/Game/Maps/Teleport_Kit.Teleport_Kit:PersistentLevel.Teleport_Kit' with GeneratedClass '/Game/Maps/Teleport_Kit.Teleport_Kit_C' with ClassGeneratedBy '/Game/Maps/Teleport_Kit.Teleport_Kit:PersistentLevel.Teleport_Kit'
[2019.11.17-21.50.23:400][485]LogUObjectHash: Compacting FUObjectHashTables data took   9.01ms
[2019.11.17-21.50.23:431][486]LogPlayLevel: Display: Destroying online subsystem :Context_68
[2019.11.17-21.50.34:884][623]LogRenderer: Reallocating scene render targets to support 1600x932 Format 10 NumSamples 1 (Frame:79813).
[2019.11.17-21.51.40:104][215]BlueprintLog: New page: Compile Safe
[2019.11.17-21.51.40:908][215]LogUObjectHash: Compacting FUObjectHashTables data took  11.31ms
[2019.11.17-21.51.42:187][230]LogTemp: Repeating last play command: New Editor Window (PIE)
[2019.11.17-21.51.42:371][230]LogBlueprintUserMessages: Early PlayInEditor Detection: Level '/Game/FirstPersonBP/Maps/FirstPersonExampleMap.FirstPersonExampleMap:PersistentLevel' has LevelScriptBlueprint '/Game/FirstPersonBP/Maps/FirstPersonExampleMap.FirstPersonExampleMap:PersistentLevel.FirstPersonExampleMap' with GeneratedClass '/Game/FirstPersonBP/Maps/FirstPersonExampleMap.FirstPersonExampleMap_C' with ClassGeneratedBy '/Game/FirstPersonBP/Maps/FirstPersonExampleMap.FirstPersonExampleMap:PersistentLevel.FirstPersonExampleMap'
[2019.11.17-21.51.42:373][230]LogBlueprintUserMessages: Early PlayInEditor Detection: Level '/Game/Maps/Door_Breached.Door_Breached:PersistentLevel' has LevelScriptBlueprint '/Game/Maps/Door_Breached.Door_Breached:PersistentLevel.Door_Breached' with GeneratedClass '/Game/Maps/Door_Breached.Door_Breached_C' with ClassGeneratedBy '/Game/Maps/Door_Breached.Door_Breached:PersistentLevel.Door_Breached'
[2019.11.17-21.51.42:374][230]LogBlueprintUserMessages: Early PlayInEditor Detection: Level '/Game/Maps/Door_Kit.Door_Kit:PersistentLevel' has LevelScriptBlueprint '/Game/Maps/Door_Kit.Door_Kit:PersistentLevel.Door_Kit' with GeneratedClass '/Game/Maps/Door_Kit.Door_Kit_C' with ClassGeneratedBy '/Game/Maps/Door_Kit.Door_Kit:PersistentLevel.Door_Kit'
[2019.11.17-21.51.42:375][230]LogBlueprintUserMessages: Early PlayInEditor Detection: Level '/Game/Maps/Turret_Kit.Turret_Kit:PersistentLevel' has LevelScriptBlueprint '/Game/Maps/Turret_Kit.Turret_Kit:PersistentLevel.Turret_Kit' with GeneratedClass '/Game/Maps/Turret_Kit.Turret_Kit_C' with ClassGeneratedBy '/Game/Maps/Turret_Kit.Turret_Kit:PersistentLevel.Turret_Kit'
[2019.11.17-21.51.42:377][230]LogBlueprintUserMessages: Early PlayInEditor Detection: Level '/Game/Maps/Laser_Kit.Laser_Kit:PersistentLevel' has LevelScriptBlueprint '/Game/Maps/Laser_Kit.Laser_Kit:PersistentLevel.Laser_Kit' with GeneratedClass '/Game/Maps/Laser_Kit.Laser_Kit_C' with ClassGeneratedBy '/Game/Maps/Laser_Kit.Laser_Kit:PersistentLevel.Laser_Kit'
[2019.11.17-21.51.42:378][230]LogBlueprintUserMessages: Early PlayInEditor Detection: Level '/Game/Maps/Camera_Kit.Camera_Kit:PersistentLevel' has LevelScriptBlueprint '/Game/Maps/Camera_Kit.Camera_Kit:PersistentLevel.Camera_Kit' with GeneratedClass '/Game/Maps/Camera_Kit.Camera_Kit_C' with ClassGeneratedBy '/Game/Maps/Camera_Kit.Camera_Kit:PersistentLevel.Camera_Kit'
[2019.11.17-21.51.42:379][230]LogBlueprintUserMessages: Early PlayInEditor Detection: Level '/Game/Maps/Explosive_Kit.Explosive_Kit:PersistentLevel' has LevelScriptBlueprint '/Game/Maps/Explosive_Kit.Explosive_Kit:PersistentLevel.Explosive_Kit' with GeneratedClass '/Game/Maps/Explosive_Kit.Explosive_Kit_C' with ClassGeneratedBy '/Game/Maps/Explosive_Kit.Explosive_Kit:PersistentLevel.Explosive_Kit'
[2019.11.17-21.51.42:380][230]LogBlueprintUserMessages: Early PlayInEditor Detection: Level '/Game/Maps/Teleport_Kit.Teleport_Kit:PersistentLevel' has LevelScriptBlueprint '/Game/Maps/Teleport_Kit.Teleport_Kit:PersistentLevel.Teleport_Kit' with GeneratedClass '/Game/Maps/Teleport_Kit.Teleport_Kit_C' with ClassGeneratedBy '/Game/Maps/Teleport_Kit.Teleport_Kit:PersistentLevel.Teleport_Kit'
[2019.11.17-21.51.42:381][230]LogPlayLevel: PlayLevel: No blueprints needed recompiling
[2019.11.17-21.51.42:381][230]PIE: New page: PIE session: FirstPersonExampleMap (Nov 17, 2019, 5:51:42 AM)
[2019.11.17-21.51.42:382][230]LogPlayLevel: Creating play world package: /Game/FirstPersonBP/Maps/UEDPIE_0_FirstPersonExampleMap
[2019.11.17-21.51.42:428][230]LogPlayLevel: PIE: StaticDuplicateObject took: (0.045467s)
[2019.11.17-21.51.42:431][230]LogAIModule: Creating AISystem for world FirstPersonExampleMap
[2019.11.17-21.51.42:432][230]LogPlayLevel: PIE: World Init took: (0.003581s)
[2019.11.17-21.51.42:433][230]LogPlayLevel: PIE: Created PIE world by copying editor world from /Game/FirstPersonBP/Maps/FirstPersonExampleMap.FirstPersonExampleMap to /Game/FirstPersonBP/Maps/UEDPIE_0_FirstPersonExampleMap.FirstPersonExampleMap (0.050713s)
[2019.11.17-21.51.42:590][230]LogUObjectHash: Compacting FUObjectHashTables data took  14.46ms
[2019.11.17-21.51.42:677][230]LogInit: XAudio2 using 'Headset Earphone (SteelSeries Arctis 5 Chat)' : 2 channels at 48 kHz using 16 bits per sample (channel mask 0x3)
[2019.11.17-21.51.42:727][230]LogInit: FAudioDevice initialized.
[2019.11.17-21.51.42:750][230]LogSlate: Updating window title bar state: overlay mode, drag disabled, window buttons hidden, title bar hidden
[2019.11.17-21.51.42:791][230]LogLoad: Game class is 'FirstPersonGameMode_C'
[2019.11.17-21.51.42:800][230]LogWorld: Bringing World /Game/FirstPersonBP/Maps/UEDPIE_0_FirstPersonExampleMap.FirstPersonExampleMap up for play (max tick rate 60) at 2019.11.17-13.51.42
[2019.11.17-21.51.42:802][230]LogWorld: Bringing up level for play took: 0.008768
[2019.11.17-21.51.42:828][230]PIE: Play in editor start time for /Game/FirstPersonBP/Maps/UEDPIE_0_FirstPersonExampleMap 1.157
[2019.11.17-21.51.42:829][230]LogBlueprintUserMessages: Late PlayInEditor Detection: Level '/Game/FirstPersonBP/Maps/FirstPersonExampleMap.FirstPersonExampleMap:PersistentLevel' has LevelScriptBlueprint '/Game/FirstPersonBP/Maps/FirstPersonExampleMap.FirstPersonExampleMap:PersistentLevel.FirstPersonExampleMap' with GeneratedClass '/Game/FirstPersonBP/Maps/FirstPersonExampleMap.FirstPersonExampleMap_C' with ClassGeneratedBy '/Game/FirstPersonBP/Maps/FirstPersonExampleMap.FirstPersonExampleMap:PersistentLevel.FirstPersonExampleMap'
[2019.11.17-21.51.42:831][230]LogBlueprintUserMessages: Late PlayInEditor Detection: Level '/Game/Maps/Door_Breached.Door_Breached:PersistentLevel' has LevelScriptBlueprint '/Game/Maps/Door_Breached.Door_Breached:PersistentLevel.Door_Breached' with GeneratedClass '/Game/Maps/Door_Breached.Door_Breached_C' with ClassGeneratedBy '/Game/Maps/Door_Breached.Door_Breached:PersistentLevel.Door_Breached'
[2019.11.17-21.51.42:832][230]LogBlueprintUserMessages: Late PlayInEditor Detection: Level '/Game/Maps/Door_Kit.Door_Kit:PersistentLevel' has LevelScriptBlueprint '/Game/Maps/Door_Kit.Door_Kit:PersistentLevel.Door_Kit' with GeneratedClass '/Game/Maps/Door_Kit.Door_Kit_C' with ClassGeneratedBy '/Game/Maps/Door_Kit.Door_Kit:PersistentLevel.Door_Kit'
[2019.11.17-21.51.42:833][230]LogBlueprintUserMessages: Late PlayInEditor Detection: Level '/Game/Maps/Turret_Kit.Turret_Kit:PersistentLevel' has LevelScriptBlueprint '/Game/Maps/Turret_Kit.Turret_Kit:PersistentLevel.Turret_Kit' with GeneratedClass '/Game/Maps/Turret_Kit.Turret_Kit_C' with ClassGeneratedBy '/Game/Maps/Turret_Kit.Turret_Kit:PersistentLevel.Turret_Kit'
[2019.11.17-21.51.42:834][230]LogBlueprintUserMessages: Late PlayInEditor Detection: Level '/Game/Maps/Laser_Kit.Laser_Kit:PersistentLevel' has LevelScriptBlueprint '/Game/Maps/Laser_Kit.Laser_Kit:PersistentLevel.Laser_Kit' with GeneratedClass '/Game/Maps/Laser_Kit.Laser_Kit_C' with ClassGeneratedBy '/Game/Maps/Laser_Kit.Laser_Kit:PersistentLevel.Laser_Kit'
[2019.11.17-21.51.42:835][230]LogBlueprintUserMessages: Late PlayInEditor Detection: Level '/Game/Maps/Camera_Kit.Camera_Kit:PersistentLevel' has LevelScriptBlueprint '/Game/Maps/Camera_Kit.Camera_Kit:PersistentLevel.Camera_Kit' with GeneratedClass '/Game/Maps/Camera_Kit.Camera_Kit_C' with ClassGeneratedBy '/Game/Maps/Camera_Kit.Camera_Kit:PersistentLevel.Camera_Kit'
[2019.11.17-21.51.42:836][230]LogBlueprintUserMessages: Late PlayInEditor Detection: Level '/Game/Maps/Explosive_Kit.Explosive_Kit:PersistentLevel' has LevelScriptBlueprint '/Game/Maps/Explosive_Kit.Explosive_Kit:PersistentLevel.Explosive_Kit' with GeneratedClass '/Game/Maps/Explosive_Kit.Explosive_Kit_C' with ClassGeneratedBy '/Game/Maps/Explosive_Kit.Explosive_Kit:PersistentLevel.Explosive_Kit'
[2019.11.17-21.51.42:838][230]LogBlueprintUserMessages: Late PlayInEditor Detection: Level '/Game/Maps/Teleport_Kit.Teleport_Kit:PersistentLevel' has LevelScriptBlueprint '/Game/Maps/Teleport_Kit.Teleport_Kit:PersistentLevel.Teleport_Kit' with GeneratedClass '/Game/Maps/Teleport_Kit.Teleport_Kit_C' with ClassGeneratedBy '/Game/Maps/Teleport_Kit.Teleport_Kit:PersistentLevel.Teleport_Kit'
[2019.11.17-21.53.56:365][771]LogBlueprintUserMessages: Early EndPlayMap Detection: Level '/Game/FirstPersonBP/Maps/FirstPersonExampleMap.FirstPersonExampleMap:PersistentLevel' has LevelScriptBlueprint '/Game/FirstPersonBP/Maps/FirstPersonExampleMap.FirstPersonExampleMap:PersistentLevel.FirstPersonExampleMap' with GeneratedClass '/Game/FirstPersonBP/Maps/FirstPersonExampleMap.FirstPersonExampleMap_C' with ClassGeneratedBy '/Game/FirstPersonBP/Maps/FirstPersonExampleMap.FirstPersonExampleMap:PersistentLevel.FirstPersonExampleMap'
[2019.11.17-21.53.56:369][771]LogBlueprintUserMessages: Early EndPlayMap Detection: Level '/Game/Maps/Door_Breached.Door_Breached:PersistentLevel' has LevelScriptBlueprint '/Game/Maps/Door_Breached.Door_Breached:PersistentLevel.Door_Breached' with GeneratedClass '/Game/Maps/Door_Breached.Door_Breached_C' with ClassGeneratedBy '/Game/Maps/Door_Breached.Door_Breached:PersistentLevel.Door_Breached'
[2019.11.17-21.53.56:372][771]LogBlueprintUserMessages: Early EndPlayMap Detection: Level '/Game/Maps/Door_Kit.Door_Kit:PersistentLevel' has LevelScriptBlueprint '/Game/Maps/Door_Kit.Door_Kit:PersistentLevel.Door_Kit' with GeneratedClass '/Game/Maps/Door_Kit.Door_Kit_C' with ClassGeneratedBy '/Game/Maps/Door_Kit.Door_Kit:PersistentLevel.Door_Kit'
[2019.11.17-21.53.56:373][771]LogBlueprintUserMessages: Early EndPlayMap Detection: Level '/Game/Maps/Turret_Kit.Turret_Kit:PersistentLevel' has LevelScriptBlueprint '/Game/Maps/Turret_Kit.Turret_Kit:PersistentLevel.Turret_Kit' with GeneratedClass '/Game/Maps/Turret_Kit.Turret_Kit_C' with ClassGeneratedBy '/Game/Maps/Turret_Kit.Turret_Kit:PersistentLevel.Turret_Kit'
[2019.11.17-21.53.56:375][771]LogBlueprintUserMessages: Early EndPlayMap Detection: Level '/Game/Maps/Laser_Kit.Laser_Kit:PersistentLevel' has LevelScriptBlueprint '/Game/Maps/Laser_Kit.Laser_Kit:PersistentLevel.Laser_Kit' with GeneratedClass '/Game/Maps/Laser_Kit.Laser_Kit_C' with ClassGeneratedBy '/Game/Maps/Laser_Kit.Laser_Kit:PersistentLevel.Laser_Kit'
[2019.11.17-21.53.56:376][771]LogBlueprintUserMessages: Early EndPlayMap Detection: Level '/Game/Maps/Camera_Kit.Camera_Kit:PersistentLevel' has LevelScriptBlueprint '/Game/Maps/Camera_Kit.Camera_Kit:PersistentLevel.Camera_Kit' with GeneratedClass '/Game/Maps/Camera_Kit.Camera_Kit_C' with ClassGeneratedBy '/Game/Maps/Camera_Kit.Camera_Kit:PersistentLevel.Camera_Kit'
[2019.11.17-21.53.56:378][771]LogBlueprintUserMessages: Early EndPlayMap Detection: Level '/Game/Maps/Explosive_Kit.Explosive_Kit:PersistentLevel' has LevelScriptBlueprint '/Game/Maps/Explosive_Kit.Explosive_Kit:PersistentLevel.Explosive_Kit' with GeneratedClass '/Game/Maps/Explosive_Kit.Explosive_Kit_C' with ClassGeneratedBy '/Game/Maps/Explosive_Kit.Explosive_Kit:PersistentLevel.Explosive_Kit'
[2019.11.17-21.53.56:379][771]LogBlueprintUserMessages: Early EndPlayMap Detection: Level '/Game/Maps/Teleport_Kit.Teleport_Kit:PersistentLevel' has LevelScriptBlueprint '/Game/Maps/Teleport_Kit.Teleport_Kit:PersistentLevel.Teleport_Kit' with GeneratedClass '/Game/Maps/Teleport_Kit.Teleport_Kit_C' with ClassGeneratedBy '/Game/Maps/Teleport_Kit.Teleport_Kit:PersistentLevel.Teleport_Kit'
[2019.11.17-21.53.56:381][771]LogSlate: Updating window title bar state: overlay mode, drag disabled, window buttons hidden, title bar hidden
[2019.11.17-21.53.56:470][771]LogSlate: Window 'Mechanics_Sandbox Game Preview Standalone (64-bit/PCD3D_SM5)' being destroyed
[2019.11.17-21.53.56:967][771]LogPlayLevel: Display: Shutting down PIE online subsystems
[2019.11.17-21.53.56:968][771]LogBlueprintUserMessages: Late EndPlayMap Detection: Level '/Game/FirstPersonBP/Maps/FirstPersonExampleMap.FirstPersonExampleMap:PersistentLevel' has LevelScriptBlueprint '/Game/FirstPersonBP/Maps/FirstPersonExampleMap.FirstPersonExampleMap:PersistentLevel.FirstPersonExampleMap' with GeneratedClass '/Game/FirstPersonBP/Maps/FirstPersonExampleMap.FirstPersonExampleMap_C' with ClassGeneratedBy '/Game/FirstPersonBP/Maps/FirstPersonExampleMap.FirstPersonExampleMap:PersistentLevel.FirstPersonExampleMap'
[2019.11.17-21.53.56:970][771]LogBlueprintUserMessages: Late EndPlayMap Detection: Level '/Game/Maps/Door_Breached.Door_Breached:PersistentLevel' has LevelScriptBlueprint '/Game/Maps/Door_Breached.Door_Breached:PersistentLevel.Door_Breached' with GeneratedClass '/Game/Maps/Door_Breached.Door_Breached_C' with ClassGeneratedBy '/Game/Maps/Door_Breached.Door_Breached:PersistentLevel.Door_Breached'
[2019.11.17-21.53.56:972][771]LogBlueprintUserMessages: Late EndPlayMap Detection: Level '/Game/Maps/Door_Kit.Door_Kit:PersistentLevel' has LevelScriptBlueprint '/Game/Maps/Door_Kit.Door_Kit:PersistentLevel.Door_Kit' with GeneratedClass '/Game/Maps/Door_Kit.Door_Kit_C' with ClassGeneratedBy '/Game/Maps/Door_Kit.Door_Kit:PersistentLevel.Door_Kit'
[2019.11.17-21.53.56:973][771]LogBlueprintUserMessages: Late EndPlayMap Detection: Level '/Game/Maps/Turret_Kit.Turret_Kit:PersistentLevel' has LevelScriptBlueprint '/Game/Maps/Turret_Kit.Turret_Kit:PersistentLevel.Turret_Kit' with GeneratedClass '/Game/Maps/Turret_Kit.Turret_Kit_C' with ClassGeneratedBy '/Game/Maps/Turret_Kit.Turret_Kit:PersistentLevel.Turret_Kit'
[2019.11.17-21.53.56:975][771]LogBlueprintUserMessages: Late EndPlayMap Detection: Level '/Game/Maps/Laser_Kit.Laser_Kit:PersistentLevel' has LevelScriptBlueprint '/Game/Maps/Laser_Kit.Laser_Kit:PersistentLevel.Laser_Kit' with GeneratedClass '/Game/Maps/Laser_Kit.Laser_Kit_C' with ClassGeneratedBy '/Game/Maps/Laser_Kit.Laser_Kit:PersistentLevel.Laser_Kit'
[2019.11.17-21.53.56:977][771]LogBlueprintUserMessages: Late EndPlayMap Detection: Level '/Game/Maps/Camera_Kit.Camera_Kit:PersistentLevel' has LevelScriptBlueprint '/Game/Maps/Camera_Kit.Camera_Kit:PersistentLevel.Camera_Kit' with GeneratedClass '/Game/Maps/Camera_Kit.Camera_Kit_C' with ClassGeneratedBy '/Game/Maps/Camera_Kit.Camera_Kit:PersistentLevel.Camera_Kit'
[2019.11.17-21.53.56:978][771]LogBlueprintUserMessages: Late EndPlayMap Detection: Level '/Game/Maps/Explosive_Kit.Explosive_Kit:PersistentLevel' has LevelScriptBlueprint '/Game/Maps/Explosive_Kit.Explosive_Kit:PersistentLevel.Explosive_Kit' with GeneratedClass '/Game/Maps/Explosive_Kit.Explosive_Kit_C' with ClassGeneratedBy '/Game/Maps/Explosive_Kit.Explosive_Kit:PersistentLevel.Explosive_Kit'
[2019.11.17-21.53.56:980][771]LogBlueprintUserMessages: Late EndPlayMap Detection: Level '/Game/Maps/Teleport_Kit.Teleport_Kit:PersistentLevel' has LevelScriptBlueprint '/Game/Maps/Teleport_Kit.Teleport_Kit:PersistentLevel.Teleport_Kit' with GeneratedClass '/Game/Maps/Teleport_Kit.Teleport_Kit_C' with ClassGeneratedBy '/Game/Maps/Teleport_Kit.Teleport_Kit:PersistentLevel.Teleport_Kit'
[2019.11.17-21.53.57:379][771]LogUObjectHash: Compacting FUObjectHashTables data took  17.38ms
[2019.11.17-21.53.58:096][772]LogPlayLevel: Display: Destroying online subsystem :Context_69
[2019.11.17-21.54.50:496][107]LogTemp: Repeating last play command: New Editor Window (PIE)
[2019.11.17-21.54.50:617][107]LogBlueprintUserMessages: Early PlayInEditor Detection: Level '/Game/FirstPersonBP/Maps/FirstPersonExampleMap.FirstPersonExampleMap:PersistentLevel' has LevelScriptBlueprint '/Game/FirstPersonBP/Maps/FirstPersonExampleMap.FirstPersonExampleMap:PersistentLevel.FirstPersonExampleMap' with GeneratedClass '/Game/FirstPersonBP/Maps/FirstPersonExampleMap.FirstPersonExampleMap_C' with ClassGeneratedBy '/Game/FirstPersonBP/Maps/FirstPersonExampleMap.FirstPersonExampleMap:PersistentLevel.FirstPersonExampleMap'
[2019.11.17-21.54.50:619][107]LogBlueprintUserMessages: Early PlayInEditor Detection: Level '/Game/Maps/Door_Breached.Door_Breached:PersistentLevel' has LevelScriptBlueprint '/Game/Maps/Door_Breached.Door_Breached:PersistentLevel.Door_Breached' with GeneratedClass '/Game/Maps/Door_Breached.Door_Breached_C' with ClassGeneratedBy '/Game/Maps/Door_Breached.Door_Breached:PersistentLevel.Door_Breached'
[2019.11.17-21.54.50:621][107]LogBlueprintUserMessages: Early PlayInEditor Detection: Level '/Game/Maps/Door_Kit.Door_Kit:PersistentLevel' has LevelScriptBlueprint '/Game/Maps/Door_Kit.Door_Kit:PersistentLevel.Door_Kit' with GeneratedClass '/Game/Maps/Door_Kit.Door_Kit_C' with ClassGeneratedBy '/Game/Maps/Door_Kit.Door_Kit:PersistentLevel.Door_Kit'
[2019.11.17-21.54.50:622][107]LogBlueprintUserMessages: Early PlayInEditor Detection: Level '/Game/Maps/Turret_Kit.Turret_Kit:PersistentLevel' has LevelScriptBlueprint '/Game/Maps/Turret_Kit.Turret_Kit:PersistentLevel.Turret_Kit' with GeneratedClass '/Game/Maps/Turret_Kit.Turret_Kit_C' with ClassGeneratedBy '/Game/Maps/Turret_Kit.Turret_Kit:PersistentLevel.Turret_Kit'
[2019.11.17-21.54.50:624][107]LogBlueprintUserMessages: Early PlayInEditor Detection: Level '/Game/Maps/Laser_Kit.Laser_Kit:PersistentLevel' has LevelScriptBlueprint '/Game/Maps/Laser_Kit.Laser_Kit:PersistentLevel.Laser_Kit' with GeneratedClass '/Game/Maps/Laser_Kit.Laser_Kit_C' with ClassGeneratedBy '/Game/Maps/Laser_Kit.Laser_Kit:PersistentLevel.Laser_Kit'
[2019.11.17-21.54.50:625][107]LogBlueprintUserMessages: Early PlayInEditor Detection: Level '/Game/Maps/Camera_Kit.Camera_Kit:PersistentLevel' has LevelScriptBlueprint '/Game/Maps/Camera_Kit.Camera_Kit:PersistentLevel.Camera_Kit' with GeneratedClass '/Game/Maps/Camera_Kit.Camera_Kit_C' with ClassGeneratedBy '/Game/Maps/Camera_Kit.Camera_Kit:PersistentLevel.Camera_Kit'
[2019.11.17-21.54.50:627][107]LogBlueprintUserMessages: Early PlayInEditor Detection: Level '/Game/Maps/Explosive_Kit.Explosive_Kit:PersistentLevel' has LevelScriptBlueprint '/Game/Maps/Explosive_Kit.Explosive_Kit:PersistentLevel.Explosive_Kit' with GeneratedClass '/Game/Maps/Explosive_Kit.Explosive_Kit_C' with ClassGeneratedBy '/Game/Maps/Explosive_Kit.Explosive_Kit:PersistentLevel.Explosive_Kit'
[2019.11.17-21.54.50:629][107]LogBlueprintUserMessages: Early PlayInEditor Detection: Level '/Game/Maps/Teleport_Kit.Teleport_Kit:PersistentLevel' has LevelScriptBlueprint '/Game/Maps/Teleport_Kit.Teleport_Kit:PersistentLevel.Teleport_Kit' with GeneratedClass '/Game/Maps/Teleport_Kit.Teleport_Kit_C' with ClassGeneratedBy '/Game/Maps/Teleport_Kit.Teleport_Kit:PersistentLevel.Teleport_Kit'
[2019.11.17-21.54.50:630][107]LogPlayLevel: PlayLevel: No blueprints needed recompiling
[2019.11.17-21.54.50:631][107]PIE: New page: PIE session: FirstPersonExampleMap (Nov 17, 2019, 5:54:50 AM)
[2019.11.17-21.54.50:631][107]LogPlayLevel: Creating play world package: /Game/FirstPersonBP/Maps/UEDPIE_0_FirstPersonExampleMap
[2019.11.17-21.54.50:676][107]LogPlayLevel: PIE: StaticDuplicateObject took: (0.043492s)
[2019.11.17-21.54.50:679][107]LogAIModule: Creating AISystem for world FirstPersonExampleMap
[2019.11.17-21.54.50:680][107]LogPlayLevel: PIE: World Init took: (0.004064s)
[2019.11.17-21.54.50:682][107]LogPlayLevel: PIE: Created PIE world by copying editor world from /Game/FirstPersonBP/Maps/FirstPersonExampleMap.FirstPersonExampleMap to /Game/FirstPersonBP/Maps/UEDPIE_0_FirstPersonExampleMap.FirstPersonExampleMap (0.049915s)
[2019.11.17-21.54.50:841][107]LogUObjectHash: Compacting FUObjectHashTables data took   8.47ms
[2019.11.17-21.54.50:924][107]LogInit: XAudio2 using 'Headset Earphone (SteelSeries Arctis 5 Chat)' : 2 channels at 48 kHz using 16 bits per sample (channel mask 0x3)
[2019.11.17-21.54.50:991][107]LogInit: FAudioDevice initialized.
[2019.11.17-21.54.51:015][107]LogSlate: Updating window title bar state: overlay mode, drag disabled, window buttons hidden, title bar hidden
[2019.11.17-21.54.51:063][107]LogLoad: Game class is 'FirstPersonGameMode_C'
[2019.11.17-21.54.51:072][107]LogWorld: Bringing World /Game/FirstPersonBP/Maps/UEDPIE_0_FirstPersonExampleMap.FirstPersonExampleMap up for play (max tick rate 60) at 2019.11.17-13.54.51
[2019.11.17-21.54.51:074][107]LogWorld: Bringing up level for play took: 0.008283
[2019.11.17-21.54.51:110][107]PIE: Play in editor start time for /Game/FirstPersonBP/Maps/UEDPIE_0_FirstPersonExampleMap 1.439
[2019.11.17-21.54.51:112][107]LogBlueprintUserMessages: Late PlayInEditor Detection: Level '/Game/FirstPersonBP/Maps/FirstPersonExampleMap.FirstPersonExampleMap:PersistentLevel' has LevelScriptBlueprint '/Game/FirstPersonBP/Maps/FirstPersonExampleMap.FirstPersonExampleMap:PersistentLevel.FirstPersonExampleMap' with GeneratedClass '/Game/FirstPersonBP/Maps/FirstPersonExampleMap.FirstPersonExampleMap_C' with ClassGeneratedBy '/Game/FirstPersonBP/Maps/FirstPersonExampleMap.FirstPersonExampleMap:PersistentLevel.FirstPersonExampleMap'
[2019.11.17-21.54.51:114][107]LogBlueprintUserMessages: Late PlayInEditor Detection: Level '/Game/Maps/Door_Breached.Door_Breached:PersistentLevel' has LevelScriptBlueprint '/Game/Maps/Door_Breached.Door_Breached:PersistentLevel.Door_Breached' with GeneratedClass '/Game/Maps/Door_Breached.Door_Breached_C' with ClassGeneratedBy '/Game/Maps/Door_Breached.Door_Breached:PersistentLevel.Door_Breached'
[2019.11.17-21.54.51:115][107]LogBlueprintUserMessages: Late PlayInEditor Detection: Level '/Game/Maps/Door_Kit.Door_Kit:PersistentLevel' has LevelScriptBlueprint '/Game/Maps/Door_Kit.Door_Kit:PersistentLevel.Door_Kit' with GeneratedClass '/Game/Maps/Door_Kit.Door_Kit_C' with ClassGeneratedBy '/Game/Maps/Door_Kit.Door_Kit:PersistentLevel.Door_Kit'
[2019.11.17-21.54.51:116][107]LogBlueprintUserMessages: Late PlayInEditor Detection: Level '/Game/Maps/Turret_Kit.Turret_Kit:PersistentLevel' has LevelScriptBlueprint '/Game/Maps/Turret_Kit.Turret_Kit:PersistentLevel.Turret_Kit' with GeneratedClass '/Game/Maps/Turret_Kit.Turret_Kit_C' with ClassGeneratedBy '/Game/Maps/Turret_Kit.Turret_Kit:PersistentLevel.Turret_Kit'
[2019.11.17-21.54.51:117][107]LogBlueprintUserMessages: Late PlayInEditor Detection: Level '/Game/Maps/Laser_Kit.Laser_Kit:PersistentLevel' has LevelScriptBlueprint '/Game/Maps/Laser_Kit.Laser_Kit:PersistentLevel.Laser_Kit' with GeneratedClass '/Game/Maps/Laser_Kit.Laser_Kit_C' with ClassGeneratedBy '/Game/Maps/Laser_Kit.Laser_Kit:PersistentLevel.Laser_Kit'
[2019.11.17-21.54.51:118][107]LogBlueprintUserMessages: Late PlayInEditor Detection: Level '/Game/Maps/Camera_Kit.Camera_Kit:PersistentLevel' has LevelScriptBlueprint '/Game/Maps/Camera_Kit.Camera_Kit:PersistentLevel.Camera_Kit' with GeneratedClass '/Game/Maps/Camera_Kit.Camera_Kit_C' with ClassGeneratedBy '/Game/Maps/Camera_Kit.Camera_Kit:PersistentLevel.Camera_Kit'
[2019.11.17-21.54.51:120][107]LogBlueprintUserMessages: Late PlayInEditor Detection: Level '/Game/Maps/Explosive_Kit.Explosive_Kit:PersistentLevel' has LevelScriptBlueprint '/Game/Maps/Explosive_Kit.Explosive_Kit:PersistentLevel.Explosive_Kit' with GeneratedClass '/Game/Maps/Explosive_Kit.Explosive_Kit_C' with ClassGeneratedBy '/Game/Maps/Explosive_Kit.Explosive_Kit:PersistentLevel.Explosive_Kit'
[2019.11.17-21.54.51:121][107]LogBlueprintUserMessages: Late PlayInEditor Detection: Level '/Game/Maps/Teleport_Kit.Teleport_Kit:PersistentLevel' has LevelScriptBlueprint '/Game/Maps/Teleport_Kit.Teleport_Kit:PersistentLevel.Teleport_Kit' with GeneratedClass '/Game/Maps/Teleport_Kit.Teleport_Kit_C' with ClassGeneratedBy '/Game/Maps/Teleport_Kit.Teleport_Kit:PersistentLevel.Teleport_Kit'
[2019.11.17-21.54.56:049][290]LogSlate: FSceneViewport::OnFocusLost() reason 2
[2019.11.17-21.55.03:429][464]LogBlueprintUserMessages: [Safe_2] Safe: BEEP
[2019.11.17-21.55.04:317][495]LogBlueprintUserMessages: [Safe_2] Safe: BEEP
[2019.11.17-21.55.05:744][538]LogBlueprintUserMessages: [Safe_2] Safe: BEEP
[2019.11.17-21.55.06:552][566]LogBlueprintUserMessages: [Safe_2] Safe: BEEP
[2019.11.17-21.55.07:055][583]LogBlueprintUserMessages: [Safe_2] Safe: BEEP
[2019.11.17-21.55.07:993][616]LogBlueprintUserMessages: [Safe_2] Safe: BEEP
[2019.11.17-21.55.08:853][646]LogBlueprintUserMessages: [Safe_2] Safe: Code entered is incorrect
[2019.11.17-21.55.08:854][646]LogBlueprintUserMessages: [Safe_2] Attempt:  1 of 3
[2019.11.17-21.55.15:086][861]LogBlueprintUserMessages: [Safe_2] Safe: BEEP
[2019.11.17-21.55.15:439][874]LogBlueprintUserMessages: [Safe_2] Safe: BEEP
[2019.11.17-21.55.17:303][936]LogBlueprintUserMessages: [Safe_2] Safe: BEEP
[2019.11.17-21.55.18:353][972]LogBlueprintUserMessages: [Safe_2] Safe: BEEP
[2019.11.17-21.55.19:136][998]LogBlueprintUserMessages: [Safe_2] Safe: BEEP
[2019.11.17-21.55.19:793][ 20]LogBlueprintUserMessages: [Safe_2] Safe: BEEP
[2019.11.17-21.55.20:540][ 45]LogBlueprintUserMessages: [Safe_2] Safe: Code entered is incorrect
[2019.11.17-21.55.20:541][ 45]LogBlueprintUserMessages: [Safe_2] Attempt:  2 of 3
[2019.11.17-21.55.24:002][159]LogBlueprintUserMessages: [Safe_2] Safe: Code entered is incorrect
[2019.11.17-21.55.30:997][405]LogBlueprintUserMessages: [Safe_2] Safe: Reset
[2019.11.17-21.55.34:202][521]LogBlueprintUserMessages: [Safe_2] Safe: BEEP
[2019.11.17-21.55.34:620][536]LogBlueprintUserMessages: [Safe_2] Safe: BEEP
[2019.11.17-21.55.35:743][577]LogBlueprintUserMessages: [Safe_2] Safe: BEEP
[2019.11.17-21.55.36:541][605]LogBlueprintUserMessages: [Safe_2] Safe: BEEP
[2019.11.17-21.55.37:322][633]LogBlueprintUserMessages: [Safe_2] Safe: BEEP
[2019.11.17-21.55.38:572][677]LogBlueprintUserMessages: [Safe_2] Safe: BEEP
[2019.11.17-21.55.39:619][713]LogBlueprintUserMessages: [Safe_2] Safe: Unlocked
[2019.11.17-21.55.44:640][873]LogLevel: ActivateLevel /Game/Maps/UEDPIE_0_Door_Kit 1 1 1
[2019.11.17-21.55.44:982][881]LogLevel: Warning: Failed to find streaming level object associated with 'None'
[2019.11.17-21.55.46:275][922]LogLevel: ActivateLevel /Game/Maps/UEDPIE_0_Teleport_Kit 1 1 0
[2019.11.17-21.55.46:535][926]LogLevel: ActivateLevel /Game/Maps/UEDPIE_0_Camera_Kit 1 1 0
[2019.11.17-21.55.47:715][962]LogLevel: ActivateLevel /Game/Maps/UEDPIE_0_Camera_Kit 0 0 0
[2019.11.17-21.55.48:001][963]LogUObjectHash: Compacting FUObjectHashTables data took  14.66ms
[2019.11.17-21.55.48:153][968]LogBlueprintUserMessages: [Door3] Door is locked
[2019.11.17-21.55.49:689][ 19]LogBlueprintUserMessages: [Door3] Door is locked, cannot open
[2019.11.17-21.55.50:068][ 32]LogBlueprintUserMessages: [Door3] Door is locked, cannot open
[2019.11.17-21.55.50:239][ 38]LogBlueprintUserMessages: [Door3] Door is locked, cannot open
[2019.11.17-21.55.50:408][ 44]LogBlueprintUserMessages: [Door3] Door is locked, cannot open
[2019.11.17-21.55.50:552][ 49]LogBlueprintUserMessages: [Door3] Door is locked, cannot open
[2019.11.17-21.55.52:122][100]LogLevel: ActivateLevel /Game/Maps/UEDPIE_0_Teleport_Kit 0 0 0
[2019.11.17-21.55.52:381][101]LogUObjectHash: Compacting FUObjectHashTables data took   9.22ms
[2019.11.17-21.55.52:900][119]LogLevel: Warning: Failed to find streaming level object associated with 'None'
[2019.11.17-21.55.53:035][124]LogLevel: ActivateLevel /Game/Maps/UEDPIE_0_Door_Kit 0 0 1
[2019.11.17-21.55.53:302][125]LogUObjectHash: Compacting FUObjectHashTables data took  10.69ms
[2019.11.17-21.55.53:344][126]LogLevel: ActivateLevel /Game/Maps/UEDPIE_0_Door_Kit 0 0 1
[2019.11.17-21.55.57:558][269]LogBlueprintUserMessages: [FirstPersonCharacter_C_1] Inventory now contains this many items:1
[2019.11.17-21.56.00:679][365]LogLevel: ActivateLevel /Game/Maps/UEDPIE_0_Door_Kit 1 1 1
[2019.11.17-21.56.00:943][370]LogLevel: Warning: Failed to find streaming level object associated with 'None'
[2019.11.17-21.56.01:015][372]LogLevel: ActivateLevel /Game/Maps/UEDPIE_0_Door_Kit 0 0 1
[2019.11.17-21.56.01:292][373]LogUObjectHash: Compacting FUObjectHashTables data took   3.04ms
[2019.11.17-21.56.01:297][373]LogLevel: ActivateLevel /Game/Maps/UEDPIE_0_Door_Kit 1 1 1
[2019.11.17-21.56.01:512][375]LogLevel: ActivateLevel /Game/Maps/UEDPIE_0_Teleport_Kit 1 1 0
[2019.11.17-21.56.01:512][375]LogLevel: ActivateLevel /Game/Maps/UEDPIE_0_Door_Kit 1 1 1
[2019.11.17-21.56.03:268][429]LogBlueprintUserMessages: [Door3] Door is locked
[2019.11.17-21.56.04:730][481]LogBlueprintUserMessages: [Door3] Door is locked, cannot open
[2019.11.17-21.56.05:714][516]LogBlueprintUserMessages: [Door3] Door is unlocked
[2019.11.17-21.56.18:923][697]LogSlate: FSceneViewport::OnFocusLost() reason 0
[2019.11.17-21.56.19:135][697]LogSlate: Window 'Mechanics_Sandbox Game Preview Standalone (64-bit/PCD3D_SM5)' being destroyed
[2019.11.17-21.56.19:169][697]LogBlueprintUserMessages: Early EndPlayMap Detection: Level '/Game/FirstPersonBP/Maps/FirstPersonExampleMap.FirstPersonExampleMap:PersistentLevel' has LevelScriptBlueprint '/Game/FirstPersonBP/Maps/FirstPersonExampleMap.FirstPersonExampleMap:PersistentLevel.FirstPersonExampleMap' with GeneratedClass '/Game/FirstPersonBP/Maps/FirstPersonExampleMap.FirstPersonExampleMap_C' with ClassGeneratedBy '/Game/FirstPersonBP/Maps/FirstPersonExampleMap.FirstPersonExampleMap:PersistentLevel.FirstPersonExampleMap'
[2019.11.17-21.56.19:171][697]LogBlueprintUserMessages: Early EndPlayMap Detection: Level '/Game/Maps/Door_Breached.Door_Breached:PersistentLevel' has LevelScriptBlueprint '/Game/Maps/Door_Breached.Door_Breached:PersistentLevel.Door_Breached' with GeneratedClass '/Game/Maps/Door_Breached.Door_Breached_C' with ClassGeneratedBy '/Game/Maps/Door_Breached.Door_Breached:PersistentLevel.Door_Breached'
[2019.11.17-21.56.19:173][697]LogBlueprintUserMessages: Early EndPlayMap Detection: Level '/Game/Maps/Door_Kit.Door_Kit:PersistentLevel' has LevelScriptBlueprint '/Game/Maps/Door_Kit.Door_Kit:PersistentLevel.Door_Kit' with GeneratedClass '/Game/Maps/Door_Kit.Door_Kit_C' with ClassGeneratedBy '/Game/Maps/Door_Kit.Door_Kit:PersistentLevel.Door_Kit'
[2019.11.17-21.56.19:174][697]LogBlueprintUserMessages: Early EndPlayMap Detection: Level '/Game/Maps/Turret_Kit.Turret_Kit:PersistentLevel' has LevelScriptBlueprint '/Game/Maps/Turret_Kit.Turret_Kit:PersistentLevel.Turret_Kit' with GeneratedClass '/Game/Maps/Turret_Kit.Turret_Kit_C' with ClassGeneratedBy '/Game/Maps/Turret_Kit.Turret_Kit:PersistentLevel.Turret_Kit'
[2019.11.17-21.56.19:176][697]LogBlueprintUserMessages: Early EndPlayMap Detection: Level '/Game/Maps/Laser_Kit.Laser_Kit:PersistentLevel' has LevelScriptBlueprint '/Game/Maps/Laser_Kit.Laser_Kit:PersistentLevel.Laser_Kit' with GeneratedClass '/Game/Maps/Laser_Kit.Laser_Kit_C' with ClassGeneratedBy '/Game/Maps/Laser_Kit.Laser_Kit:PersistentLevel.Laser_Kit'
[2019.11.17-21.56.19:178][697]LogBlueprintUserMessages: Early EndPlayMap Detection: Level '/Game/Maps/Camera_Kit.Camera_Kit:PersistentLevel' has LevelScriptBlueprint '/Game/Maps/Camera_Kit.Camera_Kit:PersistentLevel.Camera_Kit' with GeneratedClass '/Game/Maps/Camera_Kit.Camera_Kit_C' with ClassGeneratedBy '/Game/Maps/Camera_Kit.Camera_Kit:PersistentLevel.Camera_Kit'
[2019.11.17-21.56.19:179][697]LogBlueprintUserMessages: Early EndPlayMap Detection: Level '/Game/Maps/Explosive_Kit.Explosive_Kit:PersistentLevel' has LevelScriptBlueprint '/Game/Maps/Explosive_Kit.Explosive_Kit:PersistentLevel.Explosive_Kit' with GeneratedClass '/Game/Maps/Explosive_Kit.Explosive_Kit_C' with ClassGeneratedBy '/Game/Maps/Explosive_Kit.Explosive_Kit:PersistentLevel.Explosive_Kit'
[2019.11.17-21.56.19:182][697]LogBlueprintUserMessages: Early EndPlayMap Detection: Level '/Game/Maps/Teleport_Kit.Teleport_Kit:PersistentLevel' has LevelScriptBlueprint '/Game/Maps/Teleport_Kit.Teleport_Kit:PersistentLevel.Teleport_Kit' with GeneratedClass '/Game/Maps/Teleport_Kit.Teleport_Kit_C' with ClassGeneratedBy '/Game/Maps/Teleport_Kit.Teleport_Kit:PersistentLevel.Teleport_Kit'
[2019.11.17-21.56.19:364][697]LogPlayLevel: Display: Shutting down PIE online subsystems
[2019.11.17-21.56.19:366][697]LogBlueprintUserMessages: Late EndPlayMap Detection: Level '/Game/FirstPersonBP/Maps/FirstPersonExampleMap.FirstPersonExampleMap:PersistentLevel' has LevelScriptBlueprint '/Game/FirstPersonBP/Maps/FirstPersonExampleMap.FirstPersonExampleMap:PersistentLevel.FirstPersonExampleMap' with GeneratedClass '/Game/FirstPersonBP/Maps/FirstPersonExampleMap.FirstPersonExampleMap_C' with ClassGeneratedBy '/Game/FirstPersonBP/Maps/FirstPersonExampleMap.FirstPersonExampleMap:PersistentLevel.FirstPersonExampleMap'
[2019.11.17-21.56.19:367][697]LogBlueprintUserMessages: Late EndPlayMap Detection: Level '/Game/Maps/Door_Breached.Door_Breached:PersistentLevel' has LevelScriptBlueprint '/Game/Maps/Door_Breached.Door_Breached:PersistentLevel.Door_Breached' with GeneratedClass '/Game/Maps/Door_Breached.Door_Breached_C' with ClassGeneratedBy '/Game/Maps/Door_Breached.Door_Breached:PersistentLevel.Door_Breached'
[2019.11.17-21.56.19:369][697]LogBlueprintUserMessages: Late EndPlayMap Detection: Level '/Game/Maps/Door_Kit.Door_Kit:PersistentLevel' has LevelScriptBlueprint '/Game/Maps/Door_Kit.Door_Kit:PersistentLevel.Door_Kit' with GeneratedClass '/Game/Maps/Door_Kit.Door_Kit_C' with ClassGeneratedBy '/Game/Maps/Door_Kit.Door_Kit:PersistentLevel.Door_Kit'
[2019.11.17-21.56.19:370][697]LogBlueprintUserMessages: Late EndPlayMap Detection: Level '/Game/Maps/Turret_Kit.Turret_Kit:PersistentLevel' has LevelScriptBlueprint '/Game/Maps/Turret_Kit.Turret_Kit:PersistentLevel.Turret_Kit' with GeneratedClass '/Game/Maps/Turret_Kit.Turret_Kit_C' with ClassGeneratedBy '/Game/Maps/Turret_Kit.Turret_Kit:PersistentLevel.Turret_Kit'
[2019.11.17-21.56.19:371][697]LogBlueprintUserMessages: Late EndPlayMap Detection: Level '/Game/Maps/Laser_Kit.Laser_Kit:PersistentLevel' has LevelScriptBlueprint '/Game/Maps/Laser_Kit.Laser_Kit:PersistentLevel.Laser_Kit' with GeneratedClass '/Game/Maps/Laser_Kit.Laser_Kit_C' with ClassGeneratedBy '/Game/Maps/Laser_Kit.Laser_Kit:PersistentLevel.Laser_Kit'
[2019.11.17-21.56.19:372][697]LogBlueprintUserMessages: Late EndPlayMap Detection: Level '/Game/Maps/Camera_Kit.Camera_Kit:PersistentLevel' has LevelScriptBlueprint '/Game/Maps/Camera_Kit.Camera_Kit:PersistentLevel.Camera_Kit' with GeneratedClass '/Game/Maps/Camera_Kit.Camera_Kit_C' with ClassGeneratedBy '/Game/Maps/Camera_Kit.Camera_Kit:PersistentLevel.Camera_Kit'
[2019.11.17-21.56.19:373][697]LogBlueprintUserMessages: Late EndPlayMap Detection: Level '/Game/Maps/Explosive_Kit.Explosive_Kit:PersistentLevel' has LevelScriptBlueprint '/Game/Maps/Explosive_Kit.Explosive_Kit:PersistentLevel.Explosive_Kit' with GeneratedClass '/Game/Maps/Explosive_Kit.Explosive_Kit_C' with ClassGeneratedBy '/Game/Maps/Explosive_Kit.Explosive_Kit:PersistentLevel.Explosive_Kit'
[2019.11.17-21.56.19:374][697]LogBlueprintUserMessages: Late EndPlayMap Detection: Level '/Game/Maps/Teleport_Kit.Teleport_Kit:PersistentLevel' has LevelScriptBlueprint '/Game/Maps/Teleport_Kit.Teleport_Kit:PersistentLevel.Teleport_Kit' with GeneratedClass '/Game/Maps/Teleport_Kit.Teleport_Kit_C' with ClassGeneratedBy '/Game/Maps/Teleport_Kit.Teleport_Kit:PersistentLevel.Teleport_Kit'
[2019.11.17-21.56.19:570][697]LogUObjectHash: Compacting FUObjectHashTables data took  10.48ms
[2019.11.17-21.56.19:736][697]LogUObjectHash: Compacting FUObjectHashTables data took   2.72ms
[2019.11.17-21.56.19:824][698]LogPlayLevel: Display: Destroying online subsystem :Context_70
[2019.11.17-21.58.51:386][180]Cmd: OBJ SAVEPACKAGE PACKAGE="/Game/Kits/Safe/Safe" FILE="C:/Users/danny/Desktop/Systems_Sandbox/Mechanics_Sandbox/Content/Kits/Safe/Safe.uasset" SILENT=true
[2019.11.17-21.58.51:914][180]LogSavePackage: Moving 'C:/Users/danny/Desktop/Systems_Sandbox/Mechanics_Sandbox/Saved/SafeD5EDF73B44E2ABF7F9C5E0859AC257EC.tmp' to 'C:/Users/danny/Desktop/Systems_Sandbox/Mechanics_Sandbox/Content/Kits/Safe/Safe.uasset'
[2019.11.17-21.58.54:230][223]LogUObjectHash: Compacting FUObjectHashTables data took   3.56ms
[2019.11.17-21.58.55:843][223]LogSavePackage: Moving 'C:/Users/danny/Desktop/Systems_Sandbox/Mechanics_Sandbox/Saved/FirstPersonExampleMap3DE315204959AFE8A55815B53E1BE722.tmp' to 'C:/Users/danny/Desktop/Systems_Sandbox/Mechanics_Sandbox/Content/FirstPersonBP/Maps/FirstPersonExampleMap.umap'
[2019.11.17-21.59.01:311][223]LogSavePackage: Moving 'C:/Users/danny/Desktop/Systems_Sandbox/Mechanics_Sandbox/Saved/FirstPersonExampleMap_BuiltData6139070E4073413E453FED93D7615BC1.tmp' to 'C:/Users/danny/Desktop/Systems_Sandbox/Mechanics_Sandbox/Content/FirstPersonBP/Maps/FirstPersonExampleMap_BuiltData.uasset'
[2019.11.17-21.59.03:439][261]LogUObjectHash: Compacting FUObjectHashTables data took  10.93ms
[2019.11.17-21.59.04:592][261]LogActorComponent: UnregisterComponent: (/Engine/Transient.EditorFloorComp) Not registered. Aborting.
[2019.11.17-21.59.04:943][261]LogActorComponent: UnregisterComponent: (/Engine/Transient.EditorFloorComp) Not registered. Aborting.
[2019.11.17-21.59.05:190][261]LogActorComponent: UnregisterComponent: (/Engine/Transient.EditorFloorComp) Not registered. Aborting.
[2019.11.17-21.59.05:391][261]LogActorComponent: UnregisterComponent: (/Engine/Transient.EditorFloorComp) Not registered. Aborting.
[2019.11.17-21.59.05:667][261]LogActorComponent: UnregisterComponent: (/Engine/Transient.EditorFloorComp) Not registered. Aborting.
[2019.11.17-21.59.05:925][261]LogActorComponent: UnregisterComponent: (/Engine/Transient.EditorFloorComp) Not registered. Aborting.
[2019.11.17-21.59.06:618][261]LogActorComponent: UnregisterComponent: (/Engine/Transient.EditorFloorComp) Not registered. Aborting.
[2019.11.17-21.59.06:983][261]LogActorComponent: UnregisterComponent: (/Engine/Transient.EditorFloorComp) Not registered. Aborting.
[2019.11.17-21.59.07:500][261]LogActorComponent: UnregisterComponent: (/Engine/Transient.EditorFloorComp) Not registered. Aborting.
[2019.11.17-21.59.07:751][261]LogSlate: Window 'Safe' being destroyed
[2019.11.17-21.59.07:838][261]LogActorComponent: UnregisterComponent: (/Engine/Transient.EditorFloorComp) Not registered. Aborting.
[2019.11.17-21.59.08:227][261]LogSlate: Window 'Toolbar' being destroyed
[2019.11.17-21.59.08:423][261]LogSlate: Window 'Mechanics_Sandbox - Unreal Editor' being destroyed
[2019.11.17-21.59.08:431][261]LogWindowsTextInputMethodSystem: Display: IME system now deactivated.
[2019.11.17-21.59.09:510][262]Cmd: QUIT_EDITOR
[2019.11.17-21.59.10:375][262]LogExit: Preparing to exit.
[2019.11.17-21.59.11:499][262]LogExit: Editor shut down
[2019.11.17-21.59.11:512][262]LogExit: Transaction tracking system shut down
[2019.11.17-21.59.13:060][262]LogExit: Object subsystem successfully closed.
[2019.11.17-21.59.13:180][262]LogShaderCompilers: Display: Shaders left to compile 0
[2019.11.17-21.59.13:304][262]LogD3D11RHI: Shutdown
[2019.11.17-21.59.13:304][262]LogD3D11RHI: CleanupD3DDevice
[2019.11.17-21.59.13:312][262]LogRendererCore: FGlobalReadBuffer::ReleaseRHI
[2019.11.17-21.59.13:313][262]LogRendererCore: FGlobalDynamicReadBuffer::Cleanup()
[2019.11.17-21.59.13:313][262]LogRendererCore: FGlobalReadBuffer::ReleaseRHI
[2019.11.17-21.59.13:313][262]LogRendererCore: FGlobalDynamicReadBuffer::Cleanup()
[2019.11.17-21.59.13:313][262]LogRendererCore: FGlobalReadBuffer::ReleaseRHI
[2019.11.17-21.59.13:313][262]LogRendererCore: FGlobalDynamicReadBuffer::Cleanup()
[2019.11.17-21.59.13:882][262]LogD3D11RHI: ~FD3D11DynamicRHI
[2019.11.17-21.59.13:924][262]LogModuleManager: Shutting down and abandoning module MovieSceneCapture (656)
[2019.11.17-21.59.13:924][262]LogModuleManager: Shutting down and abandoning module Voice (654)
[2019.11.17-21.59.14:203][262]LogModuleManager: Shutting down and abandoning module SequencerWidgets (652)
[2019.11.17-21.59.14:204][262]LogModuleManager: Shutting down and abandoning module BlueprintGraph (650)
[2019.11.17-21.59.14:204][262]LogModuleManager: Shutting down and abandoning module HierarchicalLODOutliner (648)
[2019.11.17-21.59.14:204][262]LogModuleManager: Shutting down and abandoning module WorldBrowser (646)
[2019.11.17-21.59.14:204][262]LogModuleManager: Shutting down and abandoning module AddContentDialog (644)
[2019.11.17-21.59.14:211][262]LogModuleManager: Shutting down and abandoning module WidgetCarousel (643)
[2019.11.17-21.59.14:212][262]LogModuleManager: Shutting down and abandoning module CollectionManager (640)
[2019.11.17-21.59.14:213][262]LogModuleManager: Shutting down and abandoning module EditorWidgets (638)
[2019.11.17-21.59.14:213][262]LogModuleManager: Shutting down and abandoning module SceneOutliner (636)
[2019.11.17-21.59.14:213][262]LogModuleManager: Shutting down and abandoning module StatsViewer (634)
[2019.11.17-21.59.14:213][262]LogModuleManager: Shutting down and abandoning module FoliageEdit (632)
[2019.11.17-21.59.14:213][262]LogModuleManager: Shutting down and abandoning module LandscapeEditor (630)
[2019.11.17-21.59.14:214][262]LogModuleManager: Shutting down and abandoning module MeshPaintMode (628)
[2019.11.17-21.59.14:214][262]LogModuleManager: Shutting down and abandoning module SceneDepthPickerMode (626)
[2019.11.17-21.59.14:214][262]LogModuleManager: Shutting down and abandoning module ActorPickerMode (624)
[2019.11.17-21.59.14:214][262]LogModuleManager: Shutting down and abandoning module GeometryMode (622)
[2019.11.17-21.59.14:214][262]LogModuleManager: Shutting down and abandoning module TextureAlignMode (620)
[2019.11.17-21.59.14:214][262]LogModuleManager: Shutting down and abandoning module BspMode (618)
[2019.11.17-21.59.14:214][262]LogModuleManager: Shutting down and abandoning module PIEPreviewDeviceProfileSelector (616)
[2019.11.17-21.59.14:214][262]LogModuleManager: Shutting down and abandoning module SequenceRecorderSections (614)
[2019.11.17-21.59.14:214][262]LogModuleManager: Shutting down and abandoning module AutomationWorker (612)
[2019.11.17-21.59.14:215][262]LogModuleManager: Shutting down and abandoning module OculusMR (610)
[2019.11.17-21.59.14:215][262]LogModuleManager: Shutting down and abandoning module AudioCaptureEditor (608)
[2019.11.17-21.59.14:215][262]LogModuleManager: Shutting down and abandoning module MatineeToLevelSequence (606)
[2019.11.17-21.59.14:215][262]LogModuleManager: Shutting down and abandoning module LevelSequenceEditor (604)
[2019.11.17-21.59.14:215][262]LogModuleManager: Shutting down and abandoning module PlacementMode (603)
[2019.11.17-21.59.14:215][262]LogModuleManager: Shutting down and abandoning module MaterialEditor (602)
[2019.11.17-21.59.14:215][262]LogModuleManager: Shutting down and abandoning module ActorSequenceEditor (598)
[2019.11.17-21.59.14:216][262]LogModuleManager: Shutting down and abandoning module WmfMediaFactory (596)
[2019.11.17-21.59.14:216][262]LogModuleManager: Shutting down and abandoning module WmfMediaEditor (594)
[2019.11.17-21.59.14:216][262]LogModuleManager: Shutting down and abandoning module WebMMediaFactory (592)
[2019.11.17-21.59.14:216][262]LogModuleManager: Shutting down and abandoning module WebMMediaEditor (590)
[2019.11.17-21.59.14:216][262]LogModuleManager: Shutting down and abandoning module WebMMedia (588)
[2019.11.17-21.59.14:216][262]LogModuleManager: Shutting down and abandoning module MediaPlayerEditor (586)
[2019.11.17-21.59.14:216][262]LogModuleManager: Shutting down and abandoning module MediaCompositingEditor (584)
[2019.11.17-21.59.14:216][262]LogModuleManager: Shutting down and abandoning module SequenceRecorder (583)
[2019.11.17-21.59.14:216][262]LogModuleManager: Shutting down and abandoning module OpenExrWrapper (580)
[2019.11.17-21.59.14:216][262]LogModuleManager: Shutting down and abandoning module ImgMediaFactory (578)
[2019.11.17-21.59.14:216][262]LogModuleManager: Shutting down and abandoning module ImgMediaEditor (576)
[2019.11.17-21.59.14:216][262]LogModuleManager: Shutting down and abandoning module AvfMediaFactory (574)
[2019.11.17-21.59.14:216][262]LogModuleManager: Shutting down and abandoning module AvfMediaEditor (572)
[2019.11.17-21.59.14:216][262]LogModuleManager: Shutting down and abandoning module AndroidMediaFactory (570)
[2019.11.17-21.59.14:216][262]LogModuleManager: Shutting down and abandoning module AndroidMediaEditor (568)
[2019.11.17-21.59.14:216][262]LogModuleManager: Shutting down and abandoning module MagicLeapCameraPreviewFactory (566)
[2019.11.17-21.59.14:216][262]LogModuleManager: Shutting down and abandoning module MagicLeapMediaCodecFactory (564)
[2019.11.17-21.59.14:216][262]LogModuleManager: Shutting down and abandoning module MagicLeapMediaFactory (562)
[2019.11.17-21.59.14:216][262]LogModuleManager: Shutting down and abandoning module MagicLeapMediaEditor (560)
[2019.11.17-21.59.14:217][262]LogModuleManager: Shutting down and abandoning module CharacterAI (558)
[2019.11.17-21.59.14:217][262]LogModuleManager: Shutting down and abandoning module SmartSnapping (556)
[2019.11.17-21.59.14:217][262]LogModuleManager: Shutting down and abandoning module SessionServices (554)
[2019.11.17-21.59.14:217][262]LogModuleManager: Shutting down and abandoning module MeshPaint (552)
[2019.11.17-21.59.14:217][262]LogModuleManager: Shutting down and abandoning module ViewportSnapping (550)
[2019.11.17-21.59.14:217][262]LogModuleManager: Shutting down and abandoning module ViewportInteraction (548)
[2019.11.17-21.59.14:217][262]LogModuleManager: Shutting down and abandoning module ClothPainter (546)
[2019.11.17-21.59.14:217][262]LogModuleManager: Shutting down and abandoning module SkeletalMeshEditor (545)
[2019.11.17-21.59.14:217][262]LogModuleManager: Shutting down and abandoning module LogVisualizer (542)
[2019.11.17-21.59.14:217][262]LogModuleManager: Shutting down and abandoning module IntroTutorials (540)
[2019.11.17-21.59.14:217][262]LogModuleManager: Shutting down and abandoning module GameProjectGeneration (539)
[2019.11.17-21.59.14:217][262]LogModuleManager: Shutting down and abandoning module LuminPlatformEditor (536)
[2019.11.17-21.59.14:218][262]LogModuleManager: Shutting down and abandoning module IOSPlatformEditor (534)
[2019.11.17-21.59.14:218][262]LogModuleManager: Shutting down and abandoning module HTML5PlatformEditor (532)
[2019.11.17-21.59.14:218][262]LogModuleManager: Shutting down and abandoning module AndroidPlatformEditor (530)
[2019.11.17-21.59.14:218][262]LogModuleManager: Shutting down and abandoning module AndroidDeviceDetection (529)
[2019.11.17-21.59.15:279][262]LogModuleManager: Shutting down and abandoning module WindowsPlatformEditor (526)
[2019.11.17-21.59.15:279][262]LogModuleManager: Shutting down and abandoning module LuminRuntimeSettings (524)
[2019.11.17-21.59.15:280][262]LogModuleManager: Shutting down and abandoning module IOSRuntimeSettings (522)
[2019.11.17-21.59.15:280][262]LogModuleManager: Shutting down and abandoning module AndroidRuntimeSettings (520)
[2019.11.17-21.59.15:280][262]LogModuleManager: Shutting down and abandoning module TimeManagementEditor (518)
[2019.11.17-21.59.15:280][262]LogModuleManager: Shutting down and abandoning module InputBindingEditor (516)
[2019.11.17-21.59.15:281][262]LogModuleManager: Shutting down and abandoning module MergeActors (514)
[2019.11.17-21.59.15:281][262]LogModuleManager: Shutting down and abandoning module LocalizationDashboard (512)
[2019.11.17-21.59.15:281][262]LogModuleManager: Shutting down and abandoning module LocalizationService (511)
[2019.11.17-21.59.15:281][262]LogModuleManager: Shutting down and abandoning module HardwareTargeting (508)
[2019.11.17-21.59.15:281][262]LogModuleManager: Shutting down and abandoning module DeviceProfileEditor (506)
[2019.11.17-21.59.15:282][262]LogModuleManager: Shutting down and abandoning module UndoHistory (504)
[2019.11.17-21.59.15:282][262]LogModuleManager: Shutting down and abandoning module XmlParser (502)
[2019.11.17-21.59.15:282][262]LogModuleManager: Shutting down and abandoning module Blutility (500)
[2019.11.17-21.59.15:282][262]LogModuleManager: Shutting down and abandoning module ProjectSettingsViewer (498)
[2019.11.17-21.59.15:282][262]LogModuleManager: Shutting down and abandoning module ProjectTargetPlatformEditor (497)
[2019.11.17-21.59.15:286][262]LogModuleManager: Shutting down and abandoning module EditorSettingsViewer (494)
[2019.11.17-21.59.15:286][262]LogModuleManager: Shutting down and abandoning module SettingsEditor (492)
[2019.11.17-21.59.15:286][262]LogModuleManager: Shutting down and abandoning module ProjectLauncher (490)
[2019.11.17-21.59.15:286][262]LogModuleManager: Shutting down and abandoning module SessionFrontend (488)
[2019.11.17-21.59.15:286][262]LogModuleManager: Shutting down and abandoning module ProfilerClient (486)
[2019.11.17-21.59.15:286][262]LogModuleManager: Shutting down and abandoning module DeviceManager (484)
[2019.11.17-21.59.15:286][262]LogModuleManager: Shutting down and abandoning module TargetDeviceServices (483)
[2019.11.17-21.59.15:331][262]LogModuleManager: Shutting down and abandoning module AutomationController (480)
[2019.11.17-21.59.15:332][262]LogModuleManager: Shutting down and abandoning module AutomationWindow (478)
[2019.11.17-21.59.15:332][262]LogModuleManager: Shutting down and abandoning module Layers (476)
[2019.11.17-21.59.15:332][262]LogModuleManager: Shutting down and abandoning module ComponentVisualizers (474)
[2019.11.17-21.59.15:332][262]LogModuleManager: Shutting down and abandoning module DetailCustomizations (472)
[2019.11.17-21.59.15:332][262]LogModuleManager: Shutting down and abandoning module PackagesDialog (470)
[2019.11.17-21.59.15:333][262]LogModuleManager: Shutting down and abandoning module AnimationBlueprintEditor (468)
[2019.11.17-21.59.15:333][262]LogModuleManager: Shutting down and abandoning module Persona (466)
[2019.11.17-21.59.15:333][262]LogModuleManager: Shutting down and abandoning module AdvancedPreviewScene (465)
[2019.11.17-21.59.15:333][262]LogModuleManager: Shutting down and abandoning module AnimGraph (463)
[2019.11.17-21.59.15:333][262]LogModuleManager: Shutting down and abandoning module Kismet (460)
[2019.11.17-21.59.15:378][262]LogModuleManager: Shutting down and abandoning module GraphEditor (458)
[2019.11.17-21.59.15:378][262]LogModuleManager: Shutting down and abandoning module ClassViewer (456)
[2019.11.17-21.59.15:385][262]LogModuleManager: Shutting down and abandoning module Toolbox (454)
[2019.11.17-21.59.15:385][262]LogModuleManager: Shutting down and abandoning module ModuleUI (452)
[2019.11.17-21.59.15:385][262]LogModuleManager: Shutting down and abandoning module MovieSceneTools (450)
[2019.11.17-21.59.15:385][262]LogModuleManager: Shutting down and abandoning module OutputLog (448)
[2019.11.17-21.59.15:385][262]LogModuleManager: Shutting down and abandoning module GammaUI (446)
[2019.11.17-21.59.15:385][262]LogModuleManager: Shutting down and abandoning module Documentation (444)
[2019.11.17-21.59.15:387][262]LogModuleManager: Shutting down and abandoning module LiveCoding (442)
[2019.11.17-21.59.15:387][262]LogModuleManager: Shutting down and abandoning module LevelSequence (440)
[2019.11.17-21.59.15:387][262]LogModuleManager: Shutting down and abandoning module MovieSceneTracks (438)
[2019.11.17-21.59.15:387][262]LogModuleManager: Shutting down and abandoning module MovieScene (436)
[2019.11.17-21.59.15:387][262]LogModuleManager: Shutting down and abandoning module StreamingPauseRendering (434)
[2019.11.17-21.59.15:387][262]LogModuleManager: Shutting down and abandoning module LauncherPlatform (432)
[2019.11.17-21.59.15:387][262]LogModuleManager: Shutting down and abandoning module AnalyticsET (430)
[2019.11.17-21.59.15:387][262]LogModuleManager: Shutting down and abandoning module PortalServices (428)
[2019.11.17-21.59.15:387][262]LogModuleManager: Shutting down and abandoning module PortalRpc (426)
[2019.11.17-21.59.15:387][262]LogModuleManager: Shutting down and abandoning module MessagingRpc (424)
[2019.11.17-21.59.15:387][262]LogModuleManager: Shutting down and abandoning module AIModule (422)
[2019.11.17-21.59.15:387][262]LogModuleManager: Shutting down and abandoning module GameplayDebugger (421)
[2019.11.17-21.59.15:387][262]LogModuleManager: Shutting down and abandoning module AITestSuite (419)
[2019.11.17-21.59.15:388][262]LogModuleManager: Shutting down and abandoning module NavigationSystem (417)
[2019.11.17-21.59.15:388][262]LogModuleManager: Shutting down and abandoning module DesktopPlatform (414)
[2019.11.17-21.59.15:388][262]LogModuleManager: Shutting down and abandoning module ImageWriteQueue (412)
[2019.11.17-21.59.15:401][262]LogModuleManager: Shutting down and abandoning module ProfilerService (410)
[2019.11.17-21.59.15:426][262]LogModuleManager: Shutting down and abandoning module TaskGraph (408)
[2019.11.17-21.59.15:426][262]LogModuleManager: Shutting down and abandoning module SteamVRController (406)
[2019.11.17-21.59.15:426][262]LogModuleManager: Shutting down and abandoning module ProceduralMeshComponentEditor (404)
[2019.11.17-21.59.15:426][262]LogModuleManager: Shutting down and abandoning module ProceduralMeshComponent (402)
[2019.11.17-21.59.15:426][262]LogModuleManager: Shutting down and abandoning module OculusEditor (400)
[2019.11.17-21.59.15:427][262]LogModuleManager: Shutting down and abandoning module OculusInput (398)
[2019.11.17-21.59.15:427][262]LogModuleManager: Shutting down and abandoning module MobilePatchingUtils (396)
[2019.11.17-21.59.15:427][262]LogModuleManager: Shutting down and abandoning module EditableMesh (394)
[2019.11.17-21.59.15:427][262]LogModuleManager: Shutting down and abandoning module CustomMeshComponent (392)
[2019.11.17-21.59.15:427][262]LogModuleManager: Shutting down and abandoning module CableComponent (390)
[2019.11.17-21.59.15:427][262]LogModuleManager: Shutting down and abandoning module AudioCapture (388)
[2019.11.17-21.59.15:427][262]LogModuleManager: Shutting down and abandoning module ArchVisCharacter (386)
[2019.11.17-21.59.15:428][262]LogModuleManager: Shutting down and abandoning module AndroidPermission (384)
[2019.11.17-21.59.15:428][262]LogModuleManager: Shutting down and abandoning module NUTUnrealEngine4 (382)
[2019.11.17-21.59.15:428][262]LogModuleManager: Shutting down and abandoning module NetcodeUnitTest (380)
[2019.11.17-21.59.15:428][262]LogModuleManager: Shutting down and abandoning module MediaCompositing (378)
[2019.11.17-21.59.15:428][262]LogModuleManager: Shutting down and abandoning module LinearTimecode (376)
[2019.11.17-21.59.15:428][262]LogModuleManager: Shutting down and abandoning module ImgMedia (374)
[2019.11.17-21.59.15:428][262]LogModuleManager: Shutting down and abandoning module MagicLeapHelperVulkan (372)
[2019.11.17-21.59.15:429][262]LogModuleManager: Shutting down and abandoning module MagicLeapHelperOpenGL (370)
[2019.11.17-21.59.15:429][262]LogModuleManager: Shutting down and abandoning module MagicLeapAudio (368)
[2019.11.17-21.59.15:429][262]LogModuleManager: Shutting down and abandoning module HTML5Networking (366)
[2019.11.17-21.59.15:429][262]LogModuleManager: Shutting down and abandoning module GeometryCacheTracks (364)
[2019.11.17-21.59.15:429][262]LogModuleManager: Shutting down and abandoning module GeometryCacheSequencer (362)
[2019.11.17-21.59.15:429][262]LogModuleManager: Shutting down and abandoning module BackChannel (360)
[2019.11.17-21.59.15:429][262]LogModuleManager: Shutting down and abandoning module AppleVision (358)
[2019.11.17-21.59.15:429][262]LogModuleManager: Shutting down and abandoning module AppleImageUtilsBlueprintSupport (356)
[2019.11.17-21.59.15:429][262]LogModuleManager: Shutting down and abandoning module AppleImageUtils (354)
[2019.11.17-21.59.15:429][262]LogModuleManager: Shutting down and abandoning module AlembicImporter (352)
[2019.11.17-21.59.15:429][262]LogModuleManager: Shutting down and abandoning module AlembicLibrary (351)
[2019.11.17-21.59.15:429][262]LogModuleManager: Shutting down and abandoning module GeometryCache (350)
[2019.11.17-21.59.15:429][262]LogModuleManager: Shutting down and abandoning module GeometryCacheEd (349)
[2019.11.17-21.59.15:429][262]LogModuleManager: Shutting down and abandoning module VariantManagerContent (344)
[2019.11.17-21.59.15:429][262]LogModuleManager: Shutting down and abandoning module DatasmithContentEditor (342)
[2019.11.17-21.59.15:430][262]LogModuleManager: Shutting down and abandoning module SpeedTreeImporter (340)
[2019.11.17-21.59.15:430][262]LogModuleManager: Shutting down and abandoning module PluginBrowser (338)
[2019.11.17-21.59.15:430][262]LogModuleManager: Shutting down and abandoning module MobileLauncherProfileWizard (336)
[2019.11.17-21.59.15:430][262]LogModuleManager: Shutting down and abandoning module MaterialAnalyzer (334)
[2019.11.17-21.59.15:430][262]LogModuleManager: Shutting down and abandoning module CryptoKeysOpenSSL (332)
[2019.11.17-21.59.15:430][262]LogModuleManager: Shutting down and abandoning module CryptoKeys (330)
[2019.11.17-21.59.15:430][262]LogModuleManager: Shutting down and abandoning module VisualStudioSourceCodeAccess (328)
[2019.11.17-21.59.15:430][262]LogModuleManager: Shutting down and abandoning module VisualStudioCodeSourceCodeAccess (326)
[2019.11.17-21.59.15:430][262]LogModuleManager: Shutting down and abandoning module UObjectPlugin (324)
[2019.11.17-21.59.15:430][262]LogModuleManager: Shutting down and abandoning module SubversionSourceControl (322)
[2019.11.17-21.59.15:431][262]LogModuleManager: Shutting down and abandoning module PerforceSourceControl (320)
[2019.11.17-21.59.15:431][262]LogModuleManager: Shutting down and abandoning module GitSourceControl (318)
[2019.11.17-21.59.15:431][262]LogModuleManager: Shutting down and abandoning module SourceControl (317)
[2019.11.17-21.59.15:431][262]LogModuleManager: Shutting down and abandoning module CLionSourceCodeAccess (314)
[2019.11.17-21.59.15:431][262]LogModuleManager: Shutting down and abandoning module AnimationSharingEd (312)
[2019.11.17-21.59.15:431][262]LogModuleManager: Shutting down and abandoning module ActorLayerUtilitiesEditor (310)
[2019.11.17-21.59.15:431][262]LogModuleManager: Shutting down and abandoning module ActorLayerUtilities (308)
[2019.11.17-21.59.15:431][262]LogModuleManager: Shutting down and abandoning module LightPropagationVolumeEditor (306)
[2019.11.17-21.59.15:431][262]LogModuleManager: Shutting down and abandoning module PaperTiledImporter (304)
[2019.11.17-21.59.15:431][262]LogModuleManager: Shutting down and abandoning module PaperSpriteSheetImporter (302)
[2019.11.17-21.59.15:431][262]LogModuleManager: Shutting down and abandoning module Paper2DEditor (300)
[2019.11.17-21.59.15:432][262]LogModuleManager: Shutting down and abandoning module SignificanceManager (298)
[2019.11.17-21.59.15:432][262]LogModuleManager: Shutting down and abandoning module RuntimePhysXCooking (296)
[2019.11.17-21.59.15:432][262]LogModuleManager: Shutting down and abandoning module PhysXVehiclesEditor (294)
[2019.11.17-21.59.15:432][262]LogModuleManager: Shutting down and abandoning module PhysXVehicles (292)
[2019.11.17-21.59.15:432][262]LogModuleManager: Shutting down and abandoning module LocationServicesBPLibrary (290)
[2019.11.17-21.59.15:432][262]LogModuleManager: Shutting down and abandoning module ApexDestructionEditor (288)
[2019.11.17-21.59.15:432][262]LogModuleManager: Shutting down and abandoning module ApexDestruction (286)
[2019.11.17-21.59.15:432][262]LogModuleManager: Shutting down and abandoning module ActorSequence (284)
[2019.11.17-21.59.15:433][262]LogModuleManager: Shutting down and abandoning module UdpMessaging (282)
[2019.11.17-21.59.15:534][262]LogModuleManager: Shutting down and abandoning module TcpMessaging (280)
[2019.11.17-21.59.15:635][262]LogModuleManager: Shutting down and abandoning module MagicLeapIdentity (278)
[2019.11.17-21.59.15:635][262]LogModuleManager: Shutting down and abandoning module MagicLeapSecureStorage (276)
[2019.11.17-21.59.15:635][262]LogModuleManager: Shutting down and abandoning module MagicLeapHandTracking (274)
[2019.11.17-21.59.15:635][262]LogModuleManager: Shutting down and abandoning module MagicLeapEyeTracker (272)
[2019.11.17-21.59.15:635][262]LogModuleManager: Shutting down and abandoning module MagicLeapController (270)
[2019.11.17-21.59.15:636][262]LogSlate: Slate User Destroyed.  User Index 0, Is Virtual User: 0
[2019.11.17-21.59.15:637][262]LogModuleManager: Shutting down and abandoning module MagicLeapAR (268)
[2019.11.17-21.59.15:638][262]LogModuleManager: Shutting down and abandoning module AugmentedReality (267)
[2019.11.17-21.59.15:638][262]LogModuleManager: Shutting down and abandoning module GameplayTagsEditor (264)
[2019.11.17-21.59.15:639][262]LogModuleManager: Shutting down and abandoning module FacialAnimationEditor (262)
[2019.11.17-21.59.15:639][262]LogModuleManager: Shutting down and abandoning module FacialAnimation (260)
[2019.11.17-21.59.15:639][262]LogModuleManager: Shutting down and abandoning module DataValidation (258)
[2019.11.17-21.59.15:639][262]LogModuleManager: Shutting down and abandoning module AssetManagerEditor (256)
[2019.11.17-21.59.15:640][262]LogModuleManager: Shutting down and abandoning module LevelEditor (255)
[2019.11.17-21.59.15:648][262]LogModuleManager: Shutting down and abandoning module PixelInspectorModule (254)
[2019.11.17-21.59.15:648][262]LogModuleManager: Shutting down and abandoning module CommonMenuExtensions (252)
[2019.11.17-21.59.15:649][262]LogModuleManager: Shutting down and abandoning module MainFrame (250)
[2019.11.17-21.59.15:649][262]LogModuleManager: Shutting down and abandoning module HotReload (249)
[2019.11.17-21.59.15:651][262]LogModuleManager: Shutting down and abandoning module ContentBrowser (245)
[2019.11.17-21.59.15:659][262]LogModuleManager: Shutting down and abandoning module TreeMap (243)
[2019.11.17-21.59.15:659][262]LogModuleManager: Shutting down and abandoning module AnimationSharing (240)
[2019.11.17-21.59.15:659][262]LogModuleManager: Shutting down and abandoning module LightPropagationVolumeRuntime (238)
[2019.11.17-21.59.15:659][262]LogModuleManager: Shutting down and abandoning module AISupportModule (236)
[2019.11.17-21.59.15:659][262]LogModuleManager: Shutting down and abandoning module Paper2D (234)
[2019.11.17-21.59.15:659][262]LogModuleManager: Shutting down and abandoning module WindowsMoviePlayer (232)
[2019.11.17-21.59.15:659][262]LogModuleManager: Shutting down and abandoning module WebMMoviePlayer (230)
[2019.11.17-21.59.15:660][262]LogModuleManager: Shutting down and abandoning module PacketHandler (228)
[2019.11.17-21.59.15:660][262]LogModuleManager: Shutting down and abandoning module ClothingSystemEditor (226)
[2019.11.17-21.59.15:660][262]LogModuleManager: Shutting down and abandoning module ClothingSystemRuntime (224)
[2019.11.17-21.59.15:660][262]LogModuleManager: Shutting down and abandoning module MediaAssets (222)
[2019.11.17-21.59.15:660][262]LogModuleManager: Shutting down and abandoning module Overlay (220)
[2019.11.17-21.59.15:660][262]LogModuleManager: Shutting down and abandoning module OverlayEditor (219)
[2019.11.17-21.59.15:660][262]LogModuleManager: Shutting down and abandoning module VREditor (216)
[2019.11.17-21.59.15:660][262]LogModuleManager: Shutting down and abandoning module StringTableEditor (214)
[2019.11.17-21.59.15:660][262]LogModuleManager: Shutting down and abandoning module GameplayTasksEditor (212)
[2019.11.17-21.59.15:660][262]LogModuleManager: Shutting down and abandoning module BehaviorTreeEditor (210)
[2019.11.17-21.59.15:660][262]LogModuleManager: Shutting down and abandoning module FunctionalTesting (208)
[2019.11.17-21.59.15:660][262]LogModuleManager: Shutting down and abandoning module CollisionAnalyzer (206)
[2019.11.17-21.59.15:661][262]LogModuleManager: Shutting down and abandoning module WorkspaceMenuStructure (205)
[2019.11.17-21.59.15:661][262]LogModuleManager: Shutting down and abandoning module UMG (202)
[2019.11.17-21.59.15:661][262]LogModuleManager: Shutting down and abandoning module UMGEditor (201)
[2019.11.17-21.59.15:661][262]LogModuleManager: Shutting down and abandoning module Sequencer (200)
[2019.11.17-21.59.15:661][262]LogModuleManager: Shutting down and abandoning module MessageLog (197)
[2019.11.17-21.59.15:661][262]LogModuleManager: Shutting down and abandoning module SlateReflector (192)
[2019.11.17-21.59.15:662][262]LogModuleManager: Shutting down and abandoning module Slate (190)
[2019.11.17-21.59.15:662][262]LogModuleManager: Shutting down and abandoning module EditorStyle (188)
[2019.11.17-21.59.15:670][262]LogModuleManager: Shutting down and abandoning module UnrealEd (186)
[2019.11.17-21.59.15:670][262]LogModuleManager: Shutting down and abandoning module MRMesh (184)
[2019.11.17-21.59.15:670][262]LogModuleManager: Shutting down and abandoning module SourceCodeAccess (182)
[2019.11.17-21.59.15:670][262]LogModuleManager: Shutting down and abandoning module HeadMountedDisplay (180)
[2019.11.17-21.59.15:671][262]LogModuleManager: Shutting down and abandoning module XAudio2 (178)
[2019.11.17-21.59.15:671][262]LogModuleManager: Shutting down and abandoning module Networking (176)
[2019.11.17-21.59.15:671][262]LogModuleManager: Shutting down and abandoning module Core (174)
[2019.11.17-21.59.15:671][262]LogModuleManager: Shutting down and abandoning module KismetCompiler (172)
[2019.11.17-21.59.15:671][262]LogModuleManager: Shutting down and abandoning module MeshUtilities (170)
[2019.11.17-21.59.15:671][262]LogModuleManager: Shutting down and abandoning module MeshMergeUtilities (169)
[2019.11.17-21.59.15:672][262]LogModuleManager: Shutting down and abandoning module MeshReductionInterface (168)
[2019.11.17-21.59.15:673][262]LogModuleManager: Shutting down and abandoning module SkeletalMeshReduction (167)
[2019.11.17-21.59.15:673][262]LogModuleManager: Shutting down and abandoning module ProxyLODMeshReduction (165)
[2019.11.17-21.59.15:674][262]LogModuleManager: Shutting down and abandoning module QuadricMeshReduction (163)
[2019.11.17-21.59.15:674][262]LogModuleManager: Shutting down and abandoning module MaterialBaking (159)
[2019.11.17-21.59.15:674][262]LogModuleManager: Shutting down and abandoning module DerivedDataCache (154)
[2019.11.17-21.59.15:687][262]LogDerivedDataCache: Shutdown
[2019.11.17-21.59.15:688][262]LogModuleManager: Shutting down and abandoning module XGEController (152)
[2019.11.17-21.59.15:688][262]LogXGEController: Cleaning working directory: C:/Users/danny/AppData/Local/Temp/UnrealXGEWorkingDir/
[2019.11.17-21.59.15:688][262]LogModuleManager: Shutting down and abandoning module TargetPlatform (150)
[2019.11.17-21.59.15:689][262]LogModuleManager: Shutting down and abandoning module VulkanShaderFormat (149)
[2019.11.17-21.59.15:689][262]LogModuleManager: Shutting down and abandoning module ShaderFormatVectorVM (147)
[2019.11.17-21.59.15:690][262]LogModuleManager: Shutting down and abandoning module ShaderFormatOpenGL (145)
[2019.11.17-21.59.15:690][262]LogModuleManager: Shutting down and abandoning module ShaderFormatD3D (143)
[2019.11.17-21.59.15:690][262]LogModuleManager: Shutting down and abandoning module MetalShaderFormat (141)
[2019.11.17-21.59.15:690][262]LogModuleManager: Shutting down and abandoning module TextureFormatUncompressed (139)
[2019.11.17-21.59.15:690][262]LogModuleManager: Shutting down and abandoning module TextureFormatPVR (137)
[2019.11.17-21.59.15:690][262]LogModuleManager: Shutting down and abandoning module TextureFormatDXT (135)
[2019.11.17-21.59.15:690][262]LogModuleManager: Shutting down and abandoning module TextureFormatIntelISPCTexComp (133)
[2019.11.17-21.59.15:690][262]LogModuleManager: Shutting down and abandoning module TextureFormatASTC (131)
[2019.11.17-21.59.15:691][262]LogModuleManager: Shutting down and abandoning module ImageWrapper (130)
[2019.11.17-21.59.15:691][262]LogModuleManager: Shutting down and abandoning module TextureFormatAndroid (127)
[2019.11.17-21.59.15:691][262]LogModuleManager: Shutting down and abandoning module AudioFormatOpus (125)
[2019.11.17-21.59.15:691][262]LogModuleManager: Shutting down and abandoning module AudioFormatOgg (123)
[2019.11.17-21.59.15:691][262]LogModuleManager: Shutting down and abandoning module AudioFormatADPCM (121)
[2019.11.17-21.59.15:691][262]LogModuleManager: Shutting down and abandoning module LuminTargetPlatform (119)
[2019.11.17-21.59.15:728][262]LogModuleManager: Shutting down and abandoning module LinuxTargetPlatform (117)
[2019.11.17-21.59.15:729][262]LogModuleManager: Shutting down and abandoning module LinuxServerTargetPlatform (115)
[2019.11.17-21.59.15:729][262]LogModuleManager: Shutting down and abandoning module LinuxNoEditorTargetPlatform (113)
[2019.11.17-21.59.15:729][262]LogModuleManager: Shutting down and abandoning module LinuxClientTargetPlatform (111)
[2019.11.17-21.59.15:729][262]LogModuleManager: Shutting down and abandoning module TVOSTargetPlatform (109)
[2019.11.17-21.59.15:748][262]LogModuleManager: Shutting down and abandoning module Messaging (107)
[2019.11.17-21.59.15:748][262]LogModuleManager: Shutting down and abandoning module IOSTargetPlatform (105)
[2019.11.17-21.59.15:761][262]LogModuleManager: Shutting down and abandoning module HTML5TargetPlatform (103)
[2019.11.17-21.59.15:762][262]LogModuleManager: Shutting down and abandoning module AndroidTargetPlatform (101)
[2019.11.17-21.59.15:876][262]LogModuleManager: Shutting down and abandoning module WindowsTargetPlatform (99)
[2019.11.17-21.59.15:876][262]LogModuleManager: Shutting down and abandoning module WindowsServerTargetPlatform (97)
[2019.11.17-21.59.15:876][262]LogModuleManager: Shutting down and abandoning module WindowsNoEditorTargetPlatform (95)
[2019.11.17-21.59.15:876][262]LogModuleManager: Shutting down and abandoning module WindowsClientTargetPlatform (93)
[2019.11.17-21.59.15:876][262]LogModuleManager: Shutting down and abandoning module MacTargetPlatform (91)
[2019.11.17-21.59.15:876][262]LogModuleManager: Shutting down and abandoning module MacServerTargetPlatform (89)
[2019.11.17-21.59.15:876][262]LogModuleManager: Shutting down and abandoning module MacNoEditorTargetPlatform (87)
[2019.11.17-21.59.15:876][262]LogModuleManager: Shutting down and abandoning module MacClientTargetPlatform (85)
[2019.11.17-21.59.15:877][262]LogModuleManager: Shutting down and abandoning module AllDesktopTargetPlatform (83)
[2019.11.17-21.59.15:877][262]LogModuleManager: Shutting down and abandoning module InputCore (80)
[2019.11.17-21.59.15:877][262]LogModuleManager: Shutting down and abandoning module Settings (78)
[2019.11.17-21.59.15:877][262]LogModuleManager: Shutting down and abandoning module DirectoryWatcher (76)
[2019.11.17-21.59.15:881][262]LogModuleManager: Shutting down and abandoning module PhysXCooking (74)
[2019.11.17-21.59.15:881][262]LogModuleManager: Shutting down and abandoning module SteamVR (72)
[2019.11.17-21.59.15:881][262]LogHMD: Freeing OpenVRDLLHandle.
[2019.11.17-21.59.15:881][262]LogModuleManager: Shutting down and abandoning module OculusHMD (70)
[2019.11.17-21.59.15:881][262]LogModuleManager: Shutting down and abandoning module ExampleDeviceProfileSelector (68)
[2019.11.17-21.59.15:881][262]LogModuleManager: Shutting down and abandoning module LauncherChunkInstaller (66)
[2019.11.17-21.59.15:881][262]LogModuleManager: Shutting down and abandoning module OnlineBlueprintSupport (64)
[2019.11.17-21.59.15:881][262]LogModuleManager: Shutting down and abandoning module OnlineSubsystem (60)
[2019.11.17-21.59.15:884][262]LogModuleManager: Shutting down and abandoning module XMPP (55)
[2019.11.17-21.59.15:884][262]LogModuleManager: Shutting down and abandoning module WebSockets (54)
[2019.11.17-21.59.15:907][262]LogModuleManager: Shutting down and abandoning module HTTP (51)
[2019.11.17-21.59.15:907][262]LogHttp: Display: Http module shutting down, but needs to wait on 2 outstanding Http requests:
[2019.11.17-21.59.15:907][262]LogHttp: Display: 	verb=[POST] url=[https://datarouter.ol.epicgames.com/datarouter/api/v1/public/data?SessionID=%7B71C2B78D-4D9A-1DAA-6EE6-BABD85DE4580%7D&AppID=UEEditor.Rocket.Release&AppVersion=4.22.3-7053642%2B%2B%2BUE4%2BRelease-4.22&UserID=00819556409e18e3f6717ab01550a1c3%7C4189fef67e57406088c8c78838cc1a4f%7Cb91a0d1d-f291-41b7-8881-48a40c55c360&AppEnvironment=datacollector-binary&UploadType=eteventstream] status=Processing
[2019.11.17-21.59.15:907][262]LogHttp: Display: 	verb=[POST] url=[https://datarouter.ol.epicgames.com/datarouter/api/v1/public/data?SessionID=%7B71C2B78D-4D9A-1DAA-6EE6-BABD85DE4580%7D&AppID=UEEditor.Rocket.Release&AppVersion=4.22.3-7053642%2B%2B%2BUE4%2BRelease-4.22&UserID=00819556409e18e3f6717ab01550a1c3%7C4189fef67e57406088c8c78838cc1a4f%7Cb91a0d1d-f291-41b7-8881-48a40c55c360&AppEnvironment=datacollector-binary&UploadType=eteventstream] status=Processing
[2019.11.17-21.59.15:941][262]LogModuleManager: Shutting down and abandoning module SSL (50)
[2019.11.17-21.59.15:947][262]LogModuleManager: Shutting down and abandoning module WmfMedia (46)
[2019.11.17-21.59.15:953][262]LogModuleManager: Shutting down and abandoning module Media (45)
[2019.11.17-21.59.15:962][262]LogModuleManager: Shutting down and abandoning module MagicLeap (42)
[2019.11.17-21.59.15:962][262]LogModuleManager: Shutting down and abandoning module DatasmithContent (40)
[2019.11.17-21.59.15:963][262]LogModuleManager: Shutting down and abandoning module AnimationModifiers (38)
[2019.11.17-21.59.15:963][262]LogModuleManager: Shutting down and abandoning module PropertyEditor (37)
[2019.11.17-21.59.15:964][262]LogModuleManager: Shutting down and abandoning module AudioEditor (34)
[2019.11.17-21.59.15:964][262]LogModuleManager: Shutting down and abandoning module TextureCompressor (32)
[2019.11.17-21.59.15:965][262]LogModuleManager: Shutting down and abandoning module RenderCore (30)
[2019.11.17-21.59.15:965][262]LogModuleManager: Shutting down and abandoning module Landscape (28)
[2019.11.17-21.59.15:965][262]LogModuleManager: Shutting down and abandoning module SlateRHIRenderer (26)
[2019.11.17-21.59.15:972][262]LogModuleManager: Shutting down and abandoning module OpenGLDrv (24)
[2019.11.17-21.59.15:972][262]LogModuleManager: Shutting down and abandoning module D3D11RHI (22)
[2019.11.17-21.59.15:972][262]LogModuleManager: Shutting down and abandoning module AnimGraphRuntime (20)
[2019.11.17-21.59.15:972][262]LogModuleManager: Shutting down and abandoning module Renderer (18)
[2019.11.17-21.59.15:972][262]LogModuleManager: Shutting down and abandoning module Engine (16)
[2019.11.17-21.59.15:973][262]LogModuleManager: Shutting down and abandoning module CoreUObject (14)
[2019.11.17-21.59.15:973][262]LogModuleManager: Shutting down and abandoning module NetworkFile (12)
[2019.11.17-21.59.15:973][262]LogModuleManager: Shutting down and abandoning module CookedIterativeFile (10)
[2019.11.17-21.59.15:973][262]LogModuleManager: Shutting down and abandoning module StreamingFile (8)
[2019.11.17-21.59.15:973][262]LogModuleManager: Shutting down and abandoning module SandboxFile (6)
[2019.11.17-21.59.15:973][262]LogModuleManager: Shutting down and abandoning module PakFile (4)
[2019.11.17-21.59.15:973][262]LogModuleManager: Shutting down and abandoning module RSA (3)
[2019.11.17-21.59.15:999][262]LogExit: Exiting.
[2019.11.17-21.59.16:026][262]Log file closed, 11/17/19 13:59:16
